"연령별","무기질비료_질소질_지출액","무기질비료_인산질_지출액","무기질비료_가리질_지출액","무기질비료_복합_지출액","무기질비료_토양개량제_지출액","무기질비료_기타_지출액","유기질비료_퇴구비_지출액","유기질비료_계분_지출액","유기질비료_우분_지출액","유기질비료_돈분_지출액","유기질비료_기타_지출액","지역별","규모별","조성비","경영수준별","경지면적_합계_계","경지면적_합계_논","경지면적_합계_밭","경지면적_합계_임지","경지면적_합계_기타","경지면적_자작지_계","경지면적_자작지_논","경지면적_자작지_밭","경지면적_자작지_임지","경지면적_자작지_기타","경지면적_차용지_계","경지면적_차용지_논","경지면적_차용지_밭","경지면적_차용지_임지","경지면적_차용지_기타","재배면적_합계_계","재배면적_합계_논","재배면적_합계_밭","재배면적_합계_임지","재배면적_합계_기타","재배면적_자작지_계","재배면적_자작지_논","재배면적_자작지_밭","재배면적_자작지_임지","재배면적_자작지_기타","재배면적_차용지_계","재배면적_차용지_논","재배면적_차용지_밭","재배면적_차용지_임지","재배면적_차용지_기타","수령","전/겸업별","재배본수_ha당","비료비_ha당","무기질비료_ha당","유기질비료_ha당","무기질비료_질소질_지출액1","무기질비료_인산질_지출액1","무기질비료_가리질_지출액1","무기질비료_복합_지출액1","무기질비료_토양개량제_지출액1","무기질비료_기타_지출액1","유기질비료_퇴구비_지출액1","유기질비료_계분_지출액1","유기질비료_우분_지출액1","유기질비료_돈분_지출액1","유기질비료_기타_지출액1","농약비_ha당","수도광열비_ha당","제재료비_ha당","소농구비_ha당","수선비_ha당","임차료_ha당","위탁영농비_ha당","기타비용_ha당","기계_감가상각비_ha당","시설물_감가상각비_ha당","감가상각비_ha당","자동차비_ha당","자가토지용역비_ha당","임차토지용역비_ha당","토지용역비_ha당","자가노동비_ha당","고용노동비_ha당","급식물비_ha당","노동비_ha당","경영비","고정자본용역비_ha당","유동자본용역비_ha당","자본용역비_ha당","생감 수량_ha당","반건시 수량_ha당","건시 수량_ha당","감말랭이 수량_ha당","건시 환산 소계 수량_ha당","총 생산량(생감 기준)_ha당","생감 기준평가액_ha당","건시 (생감 기준) 소계 평가액_ha당","총 생산액(생감 기준)_ha당","부산물 생산량_ha당","무기질_질소질_수량_ha당","무기질_인산질_수량_ha당","무기질_가리질_수량_ha당","무기질_복합_수량_ha당","무기질_토양개량제_수량_ha당","무기질_기타_수량_ha당","무기질_합계_수량_ha당","유기질_퇴구비_수량_ha당","유기질_계분_수량_ha당","유기질_우분_수량_ha당","유기질_돈분_수량_ha당","유기질_기타_수량_ha당","유기질_합계_수량_ha당","총 노동시간_보통자가_ha당","총 노동시간_보통자가_남_ha당","총 노동시간_보통자가_여_ha당","총 노동시간_보통고용_ha당","총 노동시간_보통고용_남_ha당","총 노동시간_보통고용_여_ha당","총 노동시간_특수자가_ha당","총 노동시간_특수고용_ha당","총 노동시간_합계_ha당","간벌_시간_ha당","건조_시간_ha당","경운_시간_ha당","관수(살수)_시간_ha당","두둑_시간_ha당","멀칭_시간_ha당","배수로 정비 및 관리_시간_ha당","병해충방제_시간_ha당","보식작업_시간_ha당","선별_시간_ha당","수확 및 운반_시간_ha당","시비_시간_ha당","시설물 보수_시간_ha당","식재(조림)_시간_ha당","열매솎기(적과)_시간_ha당","인공교배 또는 수정_시간_ha당","재배지 정리_시간_ha당","전정_시간_ha당","접목 및 관리_시간_ha당","정지_시간_ha당","제초_시간_ha당","종묘 이식_시간_ha당","차광막 설치_시간_ha당","채종_시간_ha당","꽃눈솎기(적뢰)_시간_ha당","출하_시간_ha당","지주세우기_시간_ha당","일반관리_시간_ha당","파종_시간_ha당","표고목 눕히기_시간_ha당","표고목 뒤집기_시간_ha당","표고목 벌채_시간_ha당","표고목 세우기_시간_ha당","표고목 폐기_시간_ha당","버섯발생작업_시간_ha당","재배장 소독_시간_ha당","종균접종_시간_ha당","천공작업_시간_ha당","표고세척_시간_ha당","기타_시간_ha당","내급비","소득","부가가치","직접생산비","간접생산비","생산비 합계_ha당","순수익","가중치"
1,0,0,0,0,0,0,128920,0,0,0,0,36,1,247791,6,0.24,0,0,0.24,0,0.24,0,0,0.24,0,0,0,0,0,0,0.1,0,0,0.1,0,0.1,0,0,0.1,0,0,0,0,0,0,5,2,510,1289200,0,1289200,0,0,0,0,0,0,1289200,0,0,0,0,0,226800,0,0,322800,0,0,0,2278867,61308.68421,2340175.684,1243392.5,245700,0,245700,6186900,0,0,6186900,5670159.184,534491.8783,97512.255,632004.1333,1010,0,0,0,0,1010,2223010,0,2223010,0,0,0,0,0,0,0,0,8850,0,0,0,0,8850,300,260,40,0,0,0,100,0,400,0,0,0,0,0,0,0,0,0,10,60,50,0,0,0,0,20,160,0,0,100,0,0,0,0,0,0,0,0,0,0,0,0,0,0,0,0,0,0,0,7064604.133,-3447149.184,-3447149.184,11857059.18,877704.1333,12734763.32,-10511753.32,98.38888889
1,0,0,0,0,0,0,1706430,0,0,0,0,35,3,255069,6,4.95,2.34,2.61,0,0,4.95,2.34,2.61,0,0,0,0,0,0,0,4.95,2.34,2.61,0,0,4.95,2.34,2.61,0,0,0,0,0,0,0,13.4375,1,424.8484848,344733.3333,0,344733.3333,0,0,0,0,0,0,344733.3333,0,0,0,0,435597.9798,268282.8283,50408.08081,196935.3535,129575.7576,289705.0505,0,208206.0606,1662190.412,161666.6869,1823857.099,468332.8283,2588480.808,0,2588480.808,2902501.414,5619073.131,515558.3838,9037132.929,10429732.49,251854.7831,135470.1878,387324.9709,0,0,3894.949495,191.3131313,15964.72929,15964.72929,0,30253162.01,30253162.01,0,0,0,0,0,0,0,0,4647.676768,0,0,0,0,4647.676768,102.020202,94.54545455,7.474747475,507.4747475,275.7575758,231.7171717,72.72727273,0.808080808,683.030303,0,0,0,0,0,0,0,20.2020202,0,55.95959596,398.5858586,16.56565657,3.838383838,0,0,0,2.424242424,137.1717172,0,0,48.08080808,0,0,0,0,0,0.202020202,0,0,0,0,0,0,0,0,0,0,0,0,0,6053909.593,19823429.52,26072163.69,13507836.3,2975805.779,16483642.08,13769519.93,34.33333333
1,0,0,0,0,0,0,819460,0,0,0,0,36,2,247791,6,2.24,0,0,2.24,0,2.24,0,0,2.24,0,0,0,0,0,0,0.66,0,0,0.66,0,0.66,0,0,0.66,0,0,0,0,0,0,36,2,378.7878788,1241606.061,0,1241606.061,0,0,0,0,0,0,1241606.061,0,0,0,0,473454.5455,477954.5455,353681.8182,0,0,0,0,179196.9697,357120,204649.3062,561769.3062,24867.80303,517000,0,517000,12259260.61,1247457.576,256695.4545,13763413.64,4831487.581,216830.0148,200345.087,417175.1018,4390.909091,0,0,4392.424242,13309.04545,17699.95455,4351390.909,20855274.23,25206665.14,0,0,0,0,0,0,0,0,6166.666667,0,0,0,0,6166.666667,269.6969697,240.9090909,28.78787879,107.5757576,13.63636364,93.93939394,434.8484848,0,812.1212121,0,0,0,0,0,0,0,87.87878788,0,0,142.4242424,25.75757576,0,0,0,0,54.54545455,380.3030303,0,0,121.2121212,0,0,0,0,0,0,0,0,0,0,0,0,0,0,0,0,0,0,0,13426423.21,20375177.56,21646343.09,17323735.69,934175.1018,18257910.79,6948754.35,92.11111111
1,0,0,0,0,0,58970,420040,0,0,0,0,35,1,255069,6,0.27,0.27,0,0,0,0.27,0.27,0,0,0,0,0,0,0,0,0.27,0.27,0,0,0,0.27,0.27,0,0,0,0,0,0,0,0,7,2,444.4444444,1774111.111,218407.4074,1555703.704,0,0,0,0,0,218407.4074,1555703.704,0,0,0,0,343148.1481,406000,798037.037,0,23925.92593,0,0,1242148.148,4524678.673,0,4524678.673,537268.5185,1579740.741,0,1579740.741,3662711.111,0,0,3662711.111,9904386.562,531866.2717,100238.49,632104.7617,559.2592593,0,0,0,0,559.2592593,1222540.741,0,1222540.741,0,0,0,0,0,0,2645.925926,2645.925926,9177.777778,0,0,0,0,9177.777778,74.07407407,74.07407407,0,0,0,0,133.3333333,0,207.4074074,0,0,0,7.407407407,0,0,0,22.22222222,0,0,7.407407407,77.77777778,0,0,0,0,0,40.74074074,0,0,51.85185185,0,0,0,0,0,0,0,0,0,0,0,0,0,0,0,0,0,0,0,5874556.614,-8681845.821,-8681845.821,13567097.67,2211845.502,15778943.18,-14556402.43,66.3
1,0,0,0,0,0,800,0,0,0,0,0,35,1,255069,5,0.17,0,0.17,0,0,0.17,0,0.17,0,0,0,0,0,0,0,0.17,0,0.17,0,0,0.17,0,0.17,0,0,0,0,0,0,0,10,2,705.8823529,4705.882353,4705.882353,0,0,0,0,0,0,4705.882353,0,0,0,0,0,719000,504294.1176,528117.6471,0,0,0,0,99411.76471,9808613.137,0,9808613.137,0,2007176.471,0,2007176.471,8842994.118,0,0,8842994.118,11919211.55,1156234.843,129987.0609,1286221.904,17552.94118,0,0,0,0,17552.94118,46374870.59,0,46374870.59,0,0,0,0,0,0,17.64705882,17.64705882,0,0,0,0,0,0,611.7647059,311.7647059,300,0,0,0,52.94117647,0,664.7058824,0,0,0,205.8823529,0,0,0,64.70588235,0,0,205.8823529,0,0,0,0,0,23.52941176,152.9411765,0,0,11.76470588,0,0,0,0,0,0,0,0,0,0,0,0,0,0,0,0,0,0,0,12136392.49,34455659.04,34455659.04,20762205.67,3293398.375,24055604.04,22319266.55,66.3
1,0,0,0,0,0,8300,0,0,0,0,0,33,1,231595,6,0.35,0,0.35,0,0,0.35,0,0.35,0,0,0,0,0,0,0,0.35,0,0.35,0,0,0.35,0,0.35,0,0,0,0,0,0,0,31,2,142.8571429,23714.28571,23714.28571,0,0,0,0,0,0,23714.28571,0,0,0,0,0,250342.8571,404857.1429,0,0,0,0,0,21714.28571,930219.5238,0,930219.5238,1332207.143,127914.2857,0,127914.2857,6682808.571,0,0,6682808.571,3194650.238,236632.2863,89708.76129,326341.0475,2160,0,0,0,0,2160,3821040,0,3821040,0,0,0,0,0,0,3.142857143,3.142857143,0,0,0,0,0,0,425.7142857,268.5714286,157.1428571,0,0,0,45.71428571,0,471.4285714,0,0,0,0,0,0,0,60,0,140,182.8571429,0,0,0,0,0,0,42.85714286,0,0,45.71428571,0,0,0,0,0,0,0,0,0,0,0,0,0,0,0,0,0,0,0,7137063.905,626389.7619,626389.7619,9877458.81,454255.3333,10331714.14,-6510674.143,53.9375
1,0,0,0,167840,0,0,0,0,0,0,31770,37,1,252733,6,0.33,0,0.33,0,0,0.33,0,0.33,0,0,0,0,0,0,0,0.33,0,0.33,0,0,0.33,0,0.33,0,0,0,0,0,0,0,22.5,2,348.4848485,604878.7879,508606.0606,96272.72727,0,0,0,508606.0606,0,0,0,0,0,0,96272.72727,648363.6364,925000,0,0,0,0,0,48969.69697,133774.8485,47256.86683,181031.7153,271285.6061,1034030.303,0,1034030.303,9287330.303,1471200,0,10758530.3,4403462.443,104487.1558,157776.7705,262263.9262,12981.81818,0,0,0,0,12981.81818,19290981.82,0,19290981.82,0,0,0,0,878.7878788,0,0,878.7878788,0,0,0,0,14890.90909,14890.90909,545.4545455,290.9090909,254.5454545,133.3333333,0,133.3333333,109.0909091,0,787.8787879,0,0,0,0,0,0,0,48.48484848,0,136.3636364,390.9090909,24.24242424,0,0,0,0,0,39.39393939,0,0,148.4848485,0,0,0,0,0,0,0,0,0,0,0,0,0,0,0,0,0,0,0,10583624.53,14887519.38,16358719.38,13690792.75,1296294.229,14987086.97,4303894.843,104.2428571
1,0,0,0,175580,40000,0,93760,0,0,0,3420,37,2,252733,6,0.55,0,0.55,0,0,0.55,0,0.55,0,0,0,0,0,0,0,0.49,0,0.49,0,0,0.49,0,0.49,0,0,0,0,0,0,0,44.66666667,2,214.2857143,638285.7143,439959.1837,198326.5306,0,0,0,358326.5306,81632.65306,0,191346.9388,0,0,0,6979.591837,68346.93878,50510.20408,0,0,0,0,0,227571.4286,1392685.204,234777.3016,1627462.506,0,2574836.735,0,2574836.735,1195367.347,0,0,1195367.347,2864909.791,291761.3895,26487.99184,318249.3814,4334.693878,0,0,0,0,4334.693878,6931175.51,0,6931175.51,0,0,0,0,946.9387755,408.1632653,0,1355.102041,902.0408163,0,0,0,502.0408163,1404.081633,57.14285714,57.14285714,0,0,0,0,18.36734694,0,75.51020408,0,0,0,0,0,0,0,0,0,0,0,36.73469388,0,0,0,0,0,4.081632653,0,0,34.69387755,0,0,0,0,0,0,0,0,0,0,0,0,0,0,0,0,0,0,0,4088453.463,4066265.719,4066265.719,4060277.138,2893086.116,6953363.254,-22187.74418,44.52941176
1,0,0,0,75520,0,0,0,0,0,0,23820,37,3,252733,6,0.21,0,0.21,0,0,0.21,0,0.21,0,0,0,0,0,0,0,0.21,0,0.21,0,0,0.21,0,0.21,0,0,0,0,0,0,0,22.5,2,666.6666667,473047.619,359619.0476,113428.5714,0,0,0,359619.0476,0,0,0,0,0,0,113428.5714,1045809.524,586476.1905,585095.2381,0,0,0,0,482714.2857,8815880.952,3418562.321,12234443.27,493409.5238,2437333.333,0,2437333.333,11192419.05,0,0,11192419.05,16153728.65,3951339.732,174541.5771,4125881.31,12809.52381,2685.714286,0,0,8137.714286,20947.2381,25802380.95,11116117.71,36918498.67,0,0,0,0,619.047619,0,0,619.047619,0,0,0,0,7019.047619,7019.047619,661.9047619,661.9047619,0,0,0,0,57.14285714,0,719.047619,0,0,0,0,0,0,0,28.57142857,0,19.04761905,576.1904762,33.33333333,0,0,0,0,0,33.33333333,0,0,28.57142857,0,0,0,0,0,0,0,0,0,0,0,0,0,0,0,0,0,0,0,17755633.69,20764770.01,20764770.01,27346147.7,6563214.643,33909362.34,3009136.322,35.73333333
2,0,0,0,0,0,0,0,0,0,0,0,35,1,255069,5,0.49,0,0.44,0,0.05,0.49,0,0.44,0,0.05,0,0,0,0,0,0.49,0,0.44,0,0.05,0.49,0,0.44,0,0.05,0,0,0,0,0,40.8,2,291.8367347,0,0,0,0,0,0,0,0,0,0,0,0,0,0,689061.2245,368714.2857,0,117020.4082,0,0,0,181020.4082,263172.9847,123507.9592,386680.9439,253753.7415,2559204.082,0,2559204.082,3357183.673,1050528.571,0,4407712.245,3301848.583,215295.0412,70026.87214,285321.9134,0,0,3642.857143,0,14389.28571,14389.28571,0,27267696.43,27267696.43,0,0,0,0,0,0,0,0,0,0,0,0,0,0,165.3061224,83.67346939,81.63265306,87.75510204,36.73469388,51.02040816,63.26530612,0,316.3265306,0,0,0,0,0,0,0,57.14285714,0,0,173.4693878,0,0,0,0,0,0,30.6122449,0,0,55.10204082,0,0,0,0,0,0,0,0,0,0,0,0,0,0,0,0,0,0,0,6201709.668,23965847.85,25016376.42,6659032.257,2844525.995,9503558.252,17764138.18,66.3
2,0,0,0,0,0,0,0,0,0,0,10320,35,1,255069,6,0.16,0,0.16,0,0,0,0,0,0,0,0.16,0,0.16,0,0,0.16,0,0.16,0,0,0,0,0,0,0,0.16,0,0.16,0,0,13,2,312.5,64500,0,64500,0,0,0,0,0,0,0,0,0,0,64500,535437.5,584562.5,0,0,0,0,0,52812.5,988653.6458,85089.0625,1073742.708,388560.4167,0,1775312.5,1775312.5,8935762.5,0,0,8935762.5,4729997.125,272936.5176,123602.8613,396539.3789,9450,0,0,0,0,9450,25354350,0,25354350,0,0,0,0,0,0,0,0,0,0,0,0,3837.5,3837.5,556.25,287.5,268.75,0,0,0,93.75,0,650,0,0,0,0,0,0,0,50,0,0,218.75,100,0,0,0,0,112.5,125,0,0,43.75,0,0,0,0,0,0,0,0,0,0,0,0,0,0,0,0,0,0,0,9332301.879,20624352.88,22399665.38,11890447.13,2171851.879,14062299,11292051,66.3
2,0,0,0,0,0,0,0,0,0,0,104830,35,3,255069,5,1,0,0,1,0,1,0,0,1,0,0,0,0,0,0,1,0,0,1,0,1,0,0,1,0,0,0,0,0,0,25,2,200,104830,0,104830,0,0,0,0,0,0,0,0,0,0,104830,726090,262150,0,0,0,0,0,101370,664669.75,60018.76,724688.51,124339.3333,853060,0,853060,2190326,1851796,169419,4211541,4227947.875,162611.3356,65682.66915,228294.0047,15120,0,0,0,0,15120,40566960,0,40566960,0,0,0,0,0,0,0,0,0,0,0,0,7371,7371,116,44,72,115,115,0,38,0,269,0,0,0,0,0,0,0,40,0,0,167,34,0,0,0,0,0,0,0,0,28,0,0,0,0,0,0,0,0,0,0,0,0,0,0,0,0,0,0,0,3363483.973,36339012.13,38268423.16,6510077.843,1081354.005,7591431.848,32975528.15,34.33333333
2,0,0,0,0,0,0,0,0,0,0,7940,38,3,238474,6,1.61,0.05,0.14,1.42,0,1.61,0.05,0.14,1.42,0,0,0,0,0,0,1.61,0.05,0.14,1.42,0,1.61,0.05,0.14,1.42,0,0,0,0,0,0,19,2,593.1677019,4931.677019,0,4931.677019,0,0,0,0,0,0,0,0,0,0,4931.677019,635776.3975,171652.1739,2598552.795,0,0,0,0,0,600622.3784,198918.0137,799540.3921,0,144111.8012,0,144111.8012,9576834.161,2080326.087,0,11657160.25,6529253.523,213657.0587,183077.0905,396734.1492,17686.95652,0,0,0,0,17686.95652,24501208.7,0,24501208.7,0,0,0,0,0,0,0,0,0,0,0,0,1831.055901,1831.055901,577.0186335,362.1118012,214.9068323,170.1863354,106.2111801,63.97515528,90.0621118,0,837.2670807,0,0,0,0,0,0,0,38.50931677,0,229.8136646,470.1863354,4.968944099,0,0,0,0,4.968944099,29.19254658,0,0,59.62732919,0,0,0,0,0,0,0,0,0,0,0,0,0,0,0,0,0,0,0,10117680.11,17971955.17,20052281.26,16106087.68,540845.9505,16646933.63,7854275.061,44.66666667
2,0,0,0,0,0,0,0,0,108780,0,4770,37,1,252733,6,0.2,0,0.2,0,0,0.2,0,0.2,0,0,0,0,0,0,0,0.2,0,0.2,0,0,0.2,0,0.2,0,0,0,0,0,0,0,36,1,650,567750,0,567750,0,0,0,0,0,0,0,0,543900,0,23850,1180350,166450,1018650,0,0,0,0,42250,931422.75,560232,1491654.75,0,853100,0,853100,15930915,12660040,0,28590955,17379877.75,481485.8458,383531.8208,865017.6666,11340,0,0,0,0,11340,18722340,0,18722340,0,0,0,0,0,0,0,0,0,0,5645,0,1845,7490,1030,1020,10,830,830,0,20,0,1880,0,0,0,0,0,0,0,40,0,425,1110,85,0,0,0,0,0,165,0,0,55,0,0,0,0,0,0,0,0,0,0,0,0,0,0,0,0,0,0,0,17649032.67,1342462.25,14002502.25,33310792.75,1718117.667,35028910.42,-16306570.42,104.2428571
2,0,0,0,0,0,0,0,0,111100,0,0,38,1,238474,5,0.17,0.17,0,0,0,0.17,0.17,0,0,0,0,0,0,0,0,0.17,0.17,0,0,0,0.17,0.17,0,0,0,0,0,0,0,0,15,1,1470.588235,653529.4118,0,653529.4118,0,0,0,0,0,0,0,0,653529.4118,0,0,812176.4706,33352.94118,0,0,0,0,0,0,118891.7647,213596.1176,332487.8824,3413235.294,1605764.706,0,1605764.706,15391829.41,5565694.118,0,20957523.53,11048950.12,583936.9684,272847.4756,856784.444,15564.70588,0,2517.647059,1005.882353,12992.52941,28557.23529,19284670.59,14824476.06,34109146.65,0,0,0,0,0,0,0,0,0,0,13282.35294,0,0,13282.35294,1229.411765,11.76470588,1217.647059,364.7058824,364.7058824,0,105.8823529,0,1700,0,0,0,0,0,0,0,82.35294118,0,0,882.3529412,47.05882353,0,0,0,0,247.0588235,182.3529412,0,0,258.8235294,0,0,0,0,0,0,0,0,0,0,0,0,0,0,0,0,0,0,0,17854378.56,23060196.53,28625890.65,26440779.53,2462549.15,28903328.68,5205817.968,101.5714286
2,0,0,0,0,0,0,0,0,185160,0,47650,36,3,247791,6,0.71,0.67,0,0,0.04,0.2,0.2,0,0,0,0.51,0.47,0,0,0.04,0.71,0.67,0,0,0.04,0.2,0.2,0,0,0,0.51,0.47,0,0,0.04,30.7,2,638.028169,327901.4085,0,327901.4085,0,0,0,0,0,0,0,0,260788.7324,0,67112.67606,1480718.31,231281.6901,547943.662,0,0,0,0,1546774.648,1115754.014,141185.7494,1256939.764,0,564704.2254,1614943.662,2179647.887,13934311.27,3174322.535,0,17108633.8,10428616.68,250453.0074,258105.5303,508558.5377,9192.957746,0,0,442.2535211,1340.028169,10532.98592,17861916.9,2099824.141,19961741.04,0,0,0,0,0,0,0,0,0,0,15904.22535,0,10381.69014,26285.91549,538.028169,538.028169,0,309.8591549,67.6056338,242.2535211,309.8591549,0,1157.746479,0,0,0,0,0,0,0,57.74647887,0,29.57746479,338.028169,90.14084507,0,0,14.08450704,0,33.8028169,550.7042254,0,0,39.43661972,0,0,0,0,4.225352113,0,0,0,0,0,0,0,0,0,0,0,0,0,0,15007574.03,9533124.363,14322390.56,22747984.28,2688206.425,25436190.71,-5474449.667,24
2,0,0,0,0,0,0,0,0,425870,0,11120,38,1,238474,5,0.4,0.4,0,0,0,0.4,0.4,0,0,0,0,0,0,0,0,0.4,0.4,0,0,0,0.4,0.4,0,0,0,0,0,0,0,0,31,1,500,1092475,0,1092475,0,0,0,0,0,0,0,0,1064675,0,27800,548300,38975,0,0,0,0,0,52800,1770278.5,127089.75,1897368.25,0,2132650,0,2132650,16814202.5,4091947.5,0,20906150,7960339.75,308752.5875,275060.205,583812.7925,14332.5,0,2857.5,1215,14968.575,29301.075,18933232.5,17079144.08,36012376.58,0,0,0,0,0,0,0,0,0,0,11292.5,0,3070,14362.5,1165,742.5,422.5,267.5,267.5,0,50,0,1482.5,0,0,0,0,0,0,0,45,0,0,1107.5,15,0,0,0,0,0,145,0,0,170,0,0,0,0,0,0,0,0,0,0,0,0,0,0,0,0,0,0,0,19530665.29,28052036.83,32143984.33,24774542.25,2716462.793,27491005.04,8521371.532,101.5714286
2,0,0,0,0,0,0,0,0,425870,0,19060,38,1,238474,5,0.17,0.17,0,0,0,0.17,0.17,0,0,0,0,0,0,0,0,0.17,0.17,0,0,0,0.17,0.17,0,0,0,0,0,0,0,0,31,1,823.5294118,2617235.294,0,2617235.294,0,0,0,0,0,0,0,0,2505117.647,0,112117.6471,821647.0588,102176.4706,0,0,0,0,0,99411.76471,252645.8824,301283.1362,553929.0186,0,3345294.118,0,3345294.118,19010647.06,0,0,19010647.06,4432873.607,349904.0352,275211.0794,625115.1147,7411.764706,0,6723.529412,4035.294118,38784.88235,46196.64706,9183176.471,44253550.76,53436727.24,0,0,0,0,0,0,0,0,0,0,26570.58824,0,11564.70588,38135.29412,1282.352941,817.6470588,464.7058824,0,0,0,82.35294118,0,1364.705882,0,0,0,17.64705882,0,0,0,105.8823529,0,0,882.3529412,47.05882353,0,0,0,0,0,147.0588235,0,0,164.7058824,0,0,0,0,0,0,0,0,0,0,0,0,0,0,0,0,0,0,0,22981056.29,49003853.63,49003853.63,23443520.67,3970409.232,27413929.9,26022797.34,101.5714286
2,0,0,0,0,0,0,0,0,44440,0,4530,38,1,238474,5,0.17,0.17,0,0,0,0.17,0.17,0,0,0,0,0,0,0,0,0.17,0.17,0,0,0,0.17,0.17,0,0,0,0,0,0,0,0,15,1,941.1764706,288058.8235,0,288058.8235,0,0,0,0,0,0,0,0,261411.7647,0,26647.05882,786529.4118,102058.8235,0,0,0,0,0,89470.58824,252645.8824,299034.7059,551680.5882,0,2007235.294,0,2007235.294,31844570.59,0,0,31844570.59,2056272.235,379020.0505,402294.8621,781314.9125,8523.529412,0,2100,3782.352941,19755.52941,28279.05882,10560652.94,22541059.06,33101712,0,0,0,0,0,0,0,0,0,0,2658.823529,0,2888.235294,5547.058824,2305.882353,1335.294118,970.5882353,0,0,0,47.05882353,0,2352.941176,0,0,0,0,0,0,0,94.11764706,0,0,1894.117647,35.29411765,0,0,0,0,0,117.6470588,0,0,211.7647059,0,0,0,0,0,0,0,0,0,0,0,0,0,0,0,0,0,0,0,34633120.79,31045439.76,31045439.76,33900842.82,2788550.207,36689393.03,-3587681.03,101.5714286
2,0,0,0,0,0,0,0,0,555480,0,0,36,3,247791,6,1.2,0.78,0,0.36,0.06,0.78,0.78,0,0,0,0.42,0,0,0.36,0.06,1.2,0.78,0,0.36,0.06,0.78,0.78,0,0,0,0.42,0,0,0.36,0.06,24,2,466.6666667,462900,0,462900,0,0,0,0,0,0,0,0,462900,0,0,859458.3333,165325,299258.3333,716791.6667,0,6705458.333,0,2013383.333,2632081.132,93318.64386,2725399.776,0,1322950,946816.6667,2269766.667,5718310.833,3335767.5,0,9054078.333,18478349.94,318016.283,246361.338,564377.621,5250,0,0,0,0,5250,13870500,0,13870500,0,0,0,0,0,0,0,0,0,0,188199.1667,0,0,188199.1667,221.6666667,221.6666667,0,204.1666667,80.83333333,123.3333333,126.6666667,30.83333333,583.3333333,0,0,0,0,0,0,0,35,0,20.83333333,143.3333333,23.33333333,0,0,16.66666667,0,85,210,0,0,26.66666667,0,0,0,0,2.5,0,20,0,0,0,0,0,0,0,0,0,0,0,0,7605638.454,-4607849.942,6380192.558,23249844.11,2834144.288,26083988.4,-12213488.4,24
2,0,0,0,0,0,0,0,0,740640,0,9530,37,2,252733,6,0.68,0,0.68,0,0,0.68,0,0.68,0,0,0,0,0,0,0,0.68,0,0.68,0,0,0.68,0,0.68,0,0,0,0,0,0,0,36,2,300,1103191.176,0,1103191.176,0,0,0,0,0,0,0,0,1089176.471,0,14014.70588,911823.5294,333411.7647,0,0,0,0,0,62117.64706,358956.3971,67451.39319,426407.7902,0,501823.5294,0,501823.5294,6651302.941,3000039.706,0,9651342.647,6089724.614,87128.05498,146551.9242,233679.9792,3705.882353,0,0,0,0,3705.882353,5925705.882,0,5925705.882,0,0,0,0,0,0,0,0,0,0,6642.647059,0,1083.823529,7726.470588,344.1176471,157.3529412,186.7647059,233.8235294,98.52941176,135.2941176,117.6470588,0,695.5882353,0,0,0,0,0,0,0,64.70588235,0,0,423.5294118,60.29411765,0,0,0,0,0,29.41176471,0,0,117.6470588,0,0,0,0,0,0,0,0,0,0,0,0,0,0,0,0,0,0,0,7386806.45,-164018.7314,2836020.974,12741027.55,735503.5086,13476531.06,-7550825.181,44.52941176
2,0,0,0,0,0,0,0,0,925810,0,0,35,1,255069,6,1.77,0.24,0,1,0.53,0.24,0.24,0,0,0,1.53,0,0,1,0.53,0.81,0.11,0,0.66,0.04,0.11,0.11,0,0,0,0.7,0,0,0.66,0.04,31.75,2,185.1851852,1142975.309,0,1142975.309,0,0,0,0,0,0,0,0,1142975.309,0,0,338296.2963,174938.2716,0,35395.06173,6641.975309,0,0,109506.1728,833836.0494,123495.3704,957331.4198,1193930.041,737209.8765,1041493.827,1778703.704,4890896.296,0,0,4890896.296,5255577.374,358824.373,81388.59,440212.963,1400,0,713.5802469,0,2818.641975,4218.641975,1422400,5341326.543,6763726.543,0,0,0,0,0,0,0,0,0,0,27881.48148,0,0,27881.48148,283.9506173,253.0864198,30.86419753,0,0,0,37.03703704,0,320.9876543,0,0,0,0,0,0,0,35.80246914,0,19.75308642,200,29.62962963,0,0,0,0,0,8.641975309,0,0,27.16049383,0,0,0,0,0,0,0,0,0,0,0,0,0,0,0,0,0,0,0,6068319.136,1508149.169,2549642.996,9104979.844,2218916.667,11323896.51,-4560169.967,66.3
2,0,0,0,0,0,0,456800,0,0,0,41990,38,2,238474,6,0.67,0.13,0.54,0,0,0.67,0.13,0.54,0,0,0,0,0,0,0,0.67,0.13,0.54,0,0,0.67,0.13,0.54,0,0,0,0,0,0,0,19.4,2,541.7910448,744462.6866,0,744462.6866,0,0,0,0,0,0,681791.0448,0,0,0,62671.64179,888791.0448,264373.1343,2389611.94,0,0,0,0,0,1065261.816,55476.88531,1120738.701,0,604746.2687,0,604746.2687,17484423.88,493325.3731,0,17977749.25,6139776.88,134800.3653,270519.6049,405319.9703,16925.37313,0,0,0,0,16925.37313,23529089.55,0,23529089.55,0,0,0,0,0,0,0,0,3698.507463,0,0,0,5976.119403,9674.626866,1061.19403,813.4328358,247.761194,32.8358209,32.8358209,0,128.358209,0,1222.38806,0,0,0,0,0,0,0,35.82089552,0,259.7014925,680.5970149,31.34328358,0,0,44.7761194,0,13.43283582,61.19402985,0,0,86.56716418,0,0,0,0,8.955223881,0,0,0,0,0,0,0,0,0,0,0,0,0,0,18494490.12,17389312.67,17882638.05,23624200.76,1010066.239,24634267,-1105177.448,46.47368421
2,0,0,0,0,0,0,80630,0,0,0,0,35,2,255069,6,0.75,0.5,0,0.25,0,0.5,0.5,0,0,0,0.25,0,0,0.25,0,0.75,0.5,0,0.25,0,0.5,0.5,0,0,0,0.25,0,0,0.25,0,11.33333333,2,213.3333333,107506.6667,0,107506.6667,0,0,0,0,0,0,107506.6667,0,0,0,0,302106.6667,107693.3333,0,0,0,0,0,22533.33333,107234.2667,3227.68,110461.9467,0,113746.6667,757466.6667,871213.3333,2788298.667,365150.6667,37648,3191097.333,2032347.694,14372.77245,45330.8886,59703.66105,1344,0,0,0,0,1344,2937984,0,2937984,0,0,0,0,0,0,0,0,472,0,0,0,0,472,137.3333333,60,77.33333333,0,0,0,57.33333333,20,214.6666667,0,0,0,0,0,0,0,36,0,0,0,21.33333333,0,62.66666667,0,0,33.33333333,34.66666667,0,0,26.66666667,0,0,0,0,0,0,0,0,0,0,0,0,0,0,0,0,0,0,0,2995037.58,905636.3056,2032613.053,4096468.28,930916.9944,5027385.274,-2089401.274,34.33333333
2,0,0,0,0,0,122480,0,0,0,0,0,36,3,247791,6,3.38,2.12,0,1.26,0,3.38,2.12,0,1.26,0,0,0,0,0,0,3.38,2.12,0,1.26,0,3.38,2.12,0,1.26,0,0,0,0,0,0,17.45454545,2,324.260355,36236.68639,36236.68639,0,0,0,0,0,0,36236.68639,0,0,0,0,0,631085.7988,472289.9408,14609.46746,0,0,0,0,778541.4201,1466086.648,36884.76331,1502971.411,0,565343.1953,0,565343.1953,2797797.929,0,0,2797797.929,3683525.725,74903.5878,57476.3191,132379.9069,1217.455621,0,0,0,0,1217.455621,2708784.024,0,2708784.024,0,0,0,0,0,0,26.03550296,26.03550296,0,0,0,0,0,0,35.79881657,18.34319527,17.4556213,0,0,0,120.7100592,0,156.5088757,0,0,0,0,0,0,0,33.13609467,0,1.479289941,9.763313609,0,0,0,23.37278107,0,1.183431953,68.93491124,0,0,18.63905325,0,0,0,0,0,0,0,0,0,0,0,0,0,0,0,0,0,0,0,3495521.031,-974741.7014,-974741.7014,6481323.654,697723.1022,7179046.756,-4470262.733,24
2,0,0,0,0,0,12450,0,0,0,0,19850,36,1,247791,6,0.43,0,0.09,0,0.34,0.43,0,0.09,0,0.34,0,0,0,0,0,0.43,0,0.09,0,0.34,0.43,0,0.09,0,0.34,0,0,0,0,0,3,1,365.1162791,75116.27907,28953.48837,46162.7907,0,0,0,0,0,28953.48837,0,0,0,0,46162.7907,863116.2791,84046.51163,0,0,0,0,0,1202325.581,234628.1395,232630.2326,467258.3721,0,1983860.465,0,1983860.465,7767241.86,0,0,7767241.86,2939654.023,45554.57763,121400.9351,166955.5128,5309.302326,0,0,0,0,5309.302326,9673548.837,0,9673548.837,0,0,0,0,0,0,6.976744186,6.976744186,0,0,0,0,11427.90698,11427.90698,558.1395349,193.0232558,365.1162791,0,0,0,58.13953488,0,616.2790698,0,0,0,0,0,0,0,125.5813953,0,0,11.62790698,18.60465116,0,0,137.2093023,0,0,234.8837209,0,0,88.37209302,0,0,0,0,0,0,0,0,0,0,0,0,0,0,0,0,0,0,0,9918057.838,6733894.814,6733894.814,10706895.88,2150815.978,12857711.86,-3184163.024,98.38888889
2,0,0,0,0,0,18690,112510,0,0,0,0,33,1,231595,6,0.26,0,0,0.26,0,0.26,0,0,0.26,0,0,0,0,0,0,0.26,0,0,0.26,0,0.26,0,0,0.26,0,0,0,0,0,0,26,2,192.3076923,504615.3846,71884.61538,432730.7692,0,0,0,0,0,71884.61538,432730.7692,0,0,0,0,761923.0769,899269.2308,0,0,0,0,0,29230.76923,442022.6923,220514.2713,662536.9636,717342.3077,52500,0,52500,11191450,0,0,11191450,3806512.733,349635.1692,162645.8348,512281.004,6784.615385,0,0,0,0,6784.615385,12001984.62,0,12001984.62,0,0,0,0,0,0,16.92307692,16.92307692,1019.230769,0,0,0,0,1019.230769,603.8461538,453.8461538,150,0,0,0,138.4615385,0,742.3076923,0,0,0,0,0,0,0,142.3076923,0,61.53846154,330.7692308,19.23076923,0,0,0,0,0,26.92307692,0,0,161.5384615,0,0,0,0,0,0,0,0,0,0,0,0,0,0,0,0,0,0,0,11756231,8195471.883,8195471.883,14997962.73,564781.004,15562743.74,-3560759.121,53.9375
2,0,0,0,0,0,2080,0,0,648060,0,0,35,1,255069,6,0.47,0.03,0.44,0,0,0.47,0.03,0.44,0,0,0,0,0,0,0,0.47,0.03,0.44,0,0,0.47,0.03,0.44,0,0,0,0,0,0,0,13.14285714,2,240.4255319,1383276.596,4425.531915,1378851.064,0,0,0,0,0,4425.531915,0,0,1378851.064,0,0,871531.9149,470319.1489,0,0,0,0,0,104255.3191,1188123.706,103010.8936,1291134.599,279248.9362,2413978.723,0,2413978.723,3858470.213,1555923.404,0,5414393.617,6210758.918,368977.9141,100161.8856,469139.7997,0,0,2278.723404,0,9000.957447,9000.957447,0,17056814.36,17056814.36,0,0,0,0,0,0,3.191489362,3.191489362,0,0,16817.02128,0,0,16817.02128,178.7234043,114.893617,63.82978723,134.0425532,19.14893617,114.893617,76.59574468,0,389.3617021,0,0,0,0,0,0,0,61.70212766,0,0,174.4680851,40.42553191,0,0,0,0,0,48.93617021,0,0,63.82978723,0,0,0,0,0,0,0,0,0,0,0,0,0,0,0,0,0,0,0,6741588.736,10846055.44,12401978.85,10069229.13,2883118.523,12952347.65,4104466.707,66.3
2,0,0,0,0,0,24920,0,0,0,0,0,36,3,247791,6,0.99,0.23,0.76,0,0,0.99,0.23,0.76,0,0,0,0,0,0,0,0.99,0.23,0.76,0,0,0.99,0.23,0.76,0,0,0,0,0,0,0,22.33333333,2,227.2727273,25171.71717,25171.71717,0,0,0,0,0,0,25171.71717,0,0,0,0,0,486232.3232,338616.1616,0,0,0,297747.4747,0,541848.4848,798485.9091,148783.1871,947269.0962,69077.3569,207212.1212,0,207212.1212,3203059.596,0,0,3203059.596,2953753.615,147275.8795,59446.01045,206721.89,2883.838384,0,0,0,0,2883.838384,5254353.535,0,5254353.535,0,0,0,0,0,0,18.18181818,18.18181818,0,0,0,0,0,0,38.38383838,19.19191919,19.19191919,0,0,0,140.4040404,0,178.7878788,0,0,0,0,0,0,0,24.24242424,0,0,0,0,0,0,30.3030303,0,48.48484848,66.66666667,0,0,9.090909091,0,0,0,0,0,0,0,0,0,0,0,0,0,0,0,0,0,0,0,3616993.607,2300599.921,2598347.395,6156813.211,413934.0112,6570747.222,-1316393.687,24
2,0,0,0,0,0,2700,0,0,0,0,0,36,1,247791,6,0.15,0,0.15,0,0,0.15,0,0.15,0,0,0,0,0,0,0,0.1,0,0.1,0,0,0.1,0,0.1,0,0,0,0,0,0,0,15,2,400,27000,27000,0,0,0,0,0,0,27000,0,0,0,0,0,329300,211200,0,0,107600,0,0,12700,839904.6667,261173.6579,1101078.325,645873.3333,1364900,0,1364900,3875860,1682670,0,5558530,4365212.658,444129.9055,75892.9095,520022.815,8510,0,0,0,0,8510,18730510,0,18730510,0,0,0,0,0,0,15,15,0,0,0,0,0,0,190,100,90,110,110,0,70,0,370,0,0,0,0,0,0,0,50,0,20,280,0,0,0,0,0,0,0,0,0,20,0,0,0,0,0,0,0,0,0,0,0,0,0,0,0,0,0,0,0,5760782.815,14365297.34,16047967.34,8241072.658,1884922.815,10125995.47,8604514.527,98.38888889
2,0,0,0,0,0,39880,0,0,0,0,19060,99,3,239968,6,1.32,0,1.32,0,0,0,0,0,0,0,1.32,0,1.32,0,0,0.83,0,0.83,0,0,0,0,0,0,0,0.83,0,0.83,0,0,45,2,132.5301205,71012.04819,48048.19277,22963.85542,0,0,0,0,0,48048.19277,0,0,0,0,22963.85542,736963.8554,96614.45783,0,0,18144.57831,5759192.771,0,40710.84337,469374.1918,144370.4458,613744.6376,70741.86747,0,1279927.711,1279927.711,2462157.831,2822383.133,238140.9639,5522681.928,11876590.93,239395.3546,148780.6439,388175.9985,0,0,2580.722892,0,10193.85542,10193.85542,0,14811671.93,14811671.93,0,0,0,0,0,0,28.91566265,28.91566265,0,0,0,0,1775.903614,1775.903614,96.38554217,66.26506024,30.12048193,154.2168675,65.06024096,89.15662651,59.03614458,38.55421687,348.1927711,0,0,0,0,0,0,0,67.46987952,0,0,215.6626506,9.638554217,0,0,0,0,0,15.6626506,0,0,30.12048193,0,0,0,9.638554217,0,0,0,0,0,0,0,0,0,0,0,0,0,0,0,2961287.769,2935081.001,12923771.64,13169774.99,1668103.709,14837878.7,-26206.76858,28.5
2,0,0,0,106510,0,3110,0,0,277740,0,0,33,1,231595,6,0.31,0,0.31,0,0,0.31,0,0.31,0,0,0,0,0,0,0,0.31,0,0.31,0,0,0.31,0,0.31,0,0,0,0,0,0,0,19,2,322.5806452,1249548.387,353612.9032,895935.4839,0,0,0,343580.6452,0,10032.25806,0,0,895935.4839,0,0,54000,388548.3871,0,0,0,0,0,27258.06452,96440,0,96440,601641.9355,68774.19355,0,68774.19355,4028306.452,0,0,4028306.452,2649031.774,91163.10122,69834.08468,160997.1859,5690.322581,0,0,0,0,5690.322581,10066180.65,0,10066180.65,0,0,0,0,748.3870968,0,2.258064516,750.6451613,0,0,10929.03226,0,0,10929.03226,193.5483871,193.5483871,0,0,0,0,61.29032258,0,254.8387097,0,0,0,0,0,0,0,22.58064516,0,0,0,145.1612903,0,0,0,0,0,25.80645161,0,0,61.29032258,0,0,0,0,0,0,0,0,0,0,0,0,0,0,0,0,0,0,0,4258077.831,7417148.871,7417148.871,6677338.226,229771.3795,6907109.605,3159071.04,53.9375
2,0,0,0,1484690,800000,0,1237630,0,0,0,0,99,3,239968,6,5.33,0,0.33,5,0,5.33,0,0.33,5,0,0,0,0,0,0,2.33,0,0.33,2,0,2.33,0,0.33,2,0,0,0,0,0,0,19,2,386.2660944,1511725.322,980553.6481,531171.6738,0,0,0,637206.0086,343347.6395,0,531171.6738,0,0,0,0,255330.4721,153446.3519,257133.0472,12304.72103,140871.2446,0,0,129613.7339,443847.4785,41284.65462,485132.1332,515854.9356,776171.6738,0,776171.6738,1719313.305,2292769.528,121186.6953,4133269.528,6063403.584,158353.4758,82274.62712,240628.1029,6857.081545,0,0,275.9656652,836.1759657,7693.257511,8495924.034,1214963.678,9710887.712,0,0,0,0,1242.918455,3433.476395,0,4676.39485,4557.081545,0,0,0,0,4557.081545,105.1502146,85.40772532,19.74248927,145.0643777,145.0643777,0,11.58798283,18.88412017,280.6866953,20.17167382,0,0,0,0,0,0,9.871244635,0,0,172.1030043,50.64377682,0,0,0,0,5.579399142,20.60085837,1.716738197,0,0,0,0,0,0,0,0,0,0,0,0,0,0,0,0,0,0,0,0,0,2788045.683,3647484.129,6009507.751,7834649.489,1016799.777,8851449.266,859438.4464,28.5
2,0,0,0,154920,0,0,0,0,0,0,0,33,1,231595,6,0.16,0,0.16,0,0,0.16,0,0.16,0,0,0,0,0,0,0,0.16,0,0.16,0,0,0.16,0,0.16,0,0,0,0,0,0,0,15,2,437.5,968250,968250,0,0,0,0,968250,0,0,0,0,0,0,0,582437.5,487125,0,0,0,0,0,63375,4388846.927,243826.125,4632673.052,1942801.563,2183875,0,2183875,13681293.75,0,0,13681293.75,8908257.115,964014.1028,191757.1472,1155771.25,3937.5,0,0,0,0,3937.5,6965437.5,0,6965437.5,0,0,0,0,1812.5,0,0,1812.5,0,0,0,0,0,0,787.5,643.75,143.75,0,0,0,125,0,912.5,0,0,0,0,0,0,0,81.25,0,206.25,268.75,50,0,0,0,0,0,150,0,0,156.25,0,0,0,0,0,0,0,0,0,0,0,0,0,0,0,0,0,0,0,17020940,-1942819.615,-1942819.615,22589550.86,3339646.25,25929197.11,-18963759.61,53.9375
2,0,0,0,209150,0,6230,0,237970,0,0,0,35,2,255069,6,0.52,0,0.33,0,0.19,0,0,0,0,0,0.52,0,0.33,0,0.19,0.52,0,0.33,0,0.19,0,0,0,0,0,0.52,0,0.33,0,0.19,86.66666667,2,182.6923077,871826.9231,414192.3077,457634.6154,0,0,0,402211.5385,0,11980.76923,0,457634.6154,0,0,0,611750,228923.0769,0,110269.2308,0,11950326.92,0,113711.5385,422696.3462,57710.36538,480406.7115,0,0,1365596.154,1365596.154,4629573.077,3681655.769,334496.1538,8645725,19817708.32,96421.20063,273770.2722,370191.4728,0,0,2059.615385,0,8135.480769,8135.480769,0,15416736.06,15416736.06,0,0,0,0,1001.923077,0,4.230769231,1006.153846,0,2609.615385,0,0,0,2609.615385,221.1538462,101.9230769,119.2307692,211.5384615,69.23076923,142.3076923,92.30769231,48.07692308,573.0769231,0,0,0,0,0,0,0,96.15384615,0,75,332.6923077,11.53846154,0,0,0,0,15.38461538,0,0,0,42.30769231,0,0,0,0,0,0,0,0,0,0,0,0,0,0,0,0,0,0,0,5186087.706,-4400972.267,12744779.58,23268008.4,1735787.627,25003796.03,-9587059.973,34.33333333
2,0,0,0,222060,0,0,0,0,0,0,23630,37,2,252733,5,0.39,0,0.39,0,0,0.39,0,0.39,0,0,0,0,0,0,0,0.26,0,0.26,0,0,0.26,0,0.26,0,0,0,0,0,0,0,27.5,2,500,944961.5385,854076.9231,90884.61538,0,0,0,854076.9231,0,0,0,0,0,0,90884.61538,1838423.077,555923.0769,2486192.308,0,0,0,0,321692.3077,9727307.676,0,9727307.676,2391139.423,984346.1538,0,984346.1538,15577461.54,0,0,15577461.54,18518372.41,1340192.343,263954.5442,1604146.887,24230.76923,0,0,0,0,24230.76923,40005000,0,40005000,0,0,0,0,4453.846154,0,0,4453.846154,0,0,0,0,6615.384615,6615.384615,984.6153846,484.6153846,500,0,0,0,138.4615385,0,1123.076923,0,0,0,0,0,0,0,146.1538462,0,253.8461538,661.5384615,15.38461538,0,0,0,0,0,0,0,0,46.15384615,0,0,0,0,0,0,0,0,0,0,0,0,0,0,0,0,0,0,0,18165954.58,21486627.59,21486627.59,34095833.95,2588493.041,36684326.99,3320673.013,44.52941176
2,0,0,0,271120,0,0,0,0,444390,0,0,38,1,238474,5,0.47,0.47,0,0,0,0.47,0.47,0,0,0,0,0,0,0,0,0.47,0.47,0,0,0,0.47,0.47,0,0,0,0,0,0,0,0,27.66666667,1,851.0638298,1522361.702,576851.0638,945510.6383,0,0,0,576851.0638,0,0,0,0,945510.6383,0,0,480510.6383,65723.40426,0,0,0,0,0,48531.91489,305206.5248,201901.4468,507107.9716,0,1887574.468,0,1887574.468,17094191.49,2180636.17,0,19274827.66,5043345.801,259425.4023,259912.2571,519337.6594,12331.91489,0,2612.765957,1368.085106,14465.7234,26797.6383,17133319.15,16505390.4,33638709.55,0,0,0,0,1231.914894,0,0,1231.914894,0,0,9610.638298,0,0,9610.638298,1153.191489,774.4680851,378.7234043,142.5531915,142.5531915,0,65.95744681,0,1361.702128,0,0,0,0,0,0,0,82.9787234,0,0,919.1489362,57.44680851,0,0,0,0,0,140.4255319,0,0,161.7021277,0,0,0,0,0,0,0,0,0,0,0,0,0,0,0,0,0,0,0,19501103.62,28595363.75,30775999.92,22137537.29,2406912.127,24544449.42,9094260.135,101.5714286
2,0,0,0,277570,0,0,201580,0,0,0,0,37,2,252733,5,0.17,0,0.17,0,0,0.17,0,0.17,0,0,0,0,0,0,0,0.17,0,0.17,0,0,0.17,0,0.17,0,0,0,0,0,0,0,20,2,176.4705882,2818529.412,1632764.706,1185764.706,0,0,0,1632764.706,0,0,1185764.706,0,0,0,0,431647.0588,746058.8235,5582058.824,0,0,0,0,397529.4118,3574199.02,0,3574199.02,2925629.412,501823.5294,0,501823.5294,29548958.82,0,0,29548958.82,16728384.96,-20786.88706,480226.1056,459439.2185,54105.88235,0,0,0,0,54105.88235,87738988.24,0,87738988.24,0,0,0,0,8517.647059,0,0,8517.647059,5205.882353,0,0,0,0,5205.882353,2200,1105.882353,1094.117647,0,0,0,35.29411765,0,2235.294118,0,0,0,0,0,0,0,70.58823529,0,623.5294118,1517.647059,23.52941176,0,0,0,0,0,0,0,0,0,0,0,0,0,0,0,0,0,0,0,0,0,0,0,0,0,0,0,0,30510221.57,71010603.27,71010603.27,46277343.78,961262.7479,47238606.53,40500381.7,44.52941176
2,0,0,0,278860,0,0,431300,0,0,0,0,36,1,247791,6,0.26,0,0.26,0,0,0.26,0,0.26,0,0,0,0,0,0,0,0.23,0,0.23,0,0,0.23,0,0.23,0,0,0,0,0,0,0,21,2,326.0869565,3087652.174,1212434.783,1875217.391,0,0,0,1212434.783,0,0,1875217.391,0,0,0,0,569521.7391,637913.0435,0,0,0,0,0,440739.1304,1082777.681,150094.3789,1232872.06,1238888.043,1261043.478,0,1261043.478,6120643.478,0,0,6120643.478,7455377.19,409740.299,131906.1052,541646.4042,6026.086957,0,0,0,0,6026.086957,7960460.87,0,7960460.87,0,0,0,0,2517.391304,0,0,2517.391304,15386.95652,0,0,0,0,15386.95652,291.3043478,147.826087,143.4782609,0,0,0,121.7391304,0,413.0434783,0,0,0,0,0,0,0,143.4782609,0,0,152.173913,69.56521739,0,0,0,0,0,0,0,0,47.82608696,0,0,0,0,0,0,0,0,0,0,0,0,0,0,0,0,0,0,0,7923333.361,505083.6791,505083.6791,13576020.67,1802689.882,15378710.55,-7418249.682,98.38888889
2,0,0,0,284030,0,4510,73130,0,0,0,0,33,2,231595,6,2.99,0,0.74,2.25,0,2.99,0,0.74,2.25,0,0,0,0,0,0,0.68,0,0.38,0.3,0,0.68,0,0.38,0.3,0,0,0,0,0,0,22,2,158.8235294,531867.6471,424323.5294,107544.1176,0,0,0,417691.1765,0,6632.352941,107544.1176,0,0,0,0,164147.0588,77102.94118,0,0,308617.6471,0,0,81058.82353,598851.5319,80098.55882,678950.0907,253960.9069,1442691.176,0,1442691.176,3710075,2055388.235,66439.70588,5831902.941,4406374.112,210822.9767,84985.56926,295808.546,4447.058824,0,2625,0,10368.75,14815.80882,7342094.118,15750131.25,23092225.37,0,0,0,0,851.4705882,0,6.617647059,858.0882353,520.5882353,0,0,0,0,520.5882353,254.4117647,142.6470588,111.7647059,52.94117647,52.94117647,0,16.17647059,47.05882353,370.5882353,0,0,0,0,0,0,0,30.88235294,0,77.94117647,204.4117647,25,0,0,0,0,0,0,0,0,32.35294118,0,0,0,0,0,0,0,0,0,0,0,0,0,0,0,0,0,0,0,5491328.666,18685851.26,20764925.25,8159203.056,1738499.722,9897702.779,13194522.59,26.75
2,0,0,0,361490,0,0,562560,0,0,0,0,36,2,247791,6,2.35,0,0.35,2,0,2.35,0,0.35,2,0,0,0,0,0,0,0.5,0,0.2,0.3,0,0.5,0,0.2,0.3,0,0,0,0,0,0,21,2,160,1848100,722980,1125120,0,0,0,722980,0,0,1125120,0,0,0,0,361000,647620,186740,0,21520,0,0,55740,23153.26667,21843.8325,44997.09917,455910.5,129000,0,129000,8619122,495760,0,9114882,4365178.599,80672.68741,148662.5643,229335.2517,3780,0,0,0,0,3780,8739360,0,8739360,0,0,0,0,1158,0,0,1158,10618,0,0,0,0,10618,434,434,0,46,8,38,116,0,596,0,0,0,0,0,0,0,68,0,38,52,72,0,0,0,0,0,294,0,0,56,0,0,0,0,16,0,0,0,0,0,0,0,0,0,0,0,0,0,0,8977457.252,4374181.401,4869941.401,12984300.6,358335.2517,13342635.85,-4603275.851,92.11111111
2,0,0,0,38730,0,0,263700,0,0,0,0,38,1,238474,6,0.13,0,0.13,0,0,0.13,0,0.13,0,0,0,0,0,0,0,0.13,0,0.13,0,0,0.13,0,0.13,0,0,0,0,0,0,0,7,2,592.3076923,2326384.615,297923.0769,2028461.538,0,0,0,297923.0769,0,0,2028461.538,0,0,0,0,714769.2308,163538.4615,69076.92308,0,0,0,0,0,123085.3846,25311.53846,148396.9231,0,918769.2308,0,918769.2308,11436607.69,706015.3846,0,12142623.08,4366655.538,31852.2956,187309.1665,219161.4621,1938.461538,0,0,0,0,1938.461538,2587846.154,0,2587846.154,0,0,0,0,669.2307692,0,0,669.2307692,10207.69231,0,0,0,0,10207.69231,784.6153846,646.1538462,138.4615385,46.15384615,46.15384615,0,15.38461538,0,846.1538462,0,0,0,0,0,0,0,100,0,153.8461538,292.3076923,23.07692308,0,0,0,0,38.46153846,76.92307692,0,0,146.1538462,0,0,0,0,15.38461538,0,0,0,0,0,0,0,0,0,0,0,0,0,0,12574538.39,-1778809.385,-1072794,15803263.23,1137930.693,16941193.92,-14353347.77,101.5714286
2,0,0,0,43900,0,2080,0,0,0,0,0,36,1,247791,6,1,0,0,1,0,1,0,0,1,0,0,0,0,0,0,0.13,0,0,0.13,0,0.13,0,0,0.13,0,0,0,0,0,0,28,2,538.4615385,353692.3077,353692.3077,0,0,0,0,337692.3077,0,16000,0,0,0,0,0,489461.5385,323307.6923,184153.8462,0,165538.4615,0,0,13000,455463.2051,112658.3077,568121.5128,496825.641,209923.0769,0,209923.0769,6141792.308,1059023.077,0,7200815.385,3900915.077,257664.3268,106069.1262,363733.4529,7269.230769,0,0,0,0,7269.230769,12001500,0,12001500,0,0,0,0,223.0769231,0,11.53846154,234.6153846,0,0,0,0,0,0,292.3076923,215.3846154,76.92307692,69.23076923,69.23076923,0,107.6923077,0,469.2307692,0,0,0,0,0,0,0,53.84615385,0,30.76923077,200,23.07692308,0,0,0,0,15.38461538,92.30769231,0,0,53.84615385,0,0,0,0,0,0,0,0,0,0,0,0,0,0,0,0,0,0,0,6715448.838,8100584.923,9159608,10042707.38,573656.5299,10616363.91,1385136.086,98.38888889
2,0,0,0,50350,0,0,365660,0,0,0,0,33,1,231595,6,0.2,0.1,0.1,0,0,0.2,0.1,0.1,0,0,0,0,0,0,0,0.2,0.1,0.1,0,0,0.2,0.1,0.1,0,0,0,0,0,0,0,21.66666667,2,550,2080050,251750,1828300,0,0,0,251750,0,0,1828300,0,0,0,0,357150,708500,0,0,0,0,0,33800,844723,0,844723,279763.5,85300,0,85300,7666385,0,0,7666385,4535581.5,123986.2642,131777.5028,255763.767,3530,0,0,0,0,3530,6244570,0,6244570,0,0,0,0,725,0,0,725,4425,0,0,0,0,4425,180,180,0,0,0,0,260,0,440,0,0,0,0,0,0,0,55,0,0,0,105,0,0,0,0,0,20,0,0,260,0,0,0,0,0,0,0,0,0,0,0,0,0,0,0,0,0,0,0,8007448.767,1708988.5,1708988.5,12201966.5,341063.767,12543030.27,-6298460.267,53.9375
2,0,0,0,503510,0,0,0,0,0,0,71480,35,2,255069,6,0.5,0,0.2,0.3,0,0,0,0,0,0,0.5,0,0.2,0.3,0,0.5,0,0.2,0.3,0,0,0,0,0,0,0.5,0,0.2,0.3,0,36,2,290,1149980,1007020,142960,0,0,0,1007020,0,0,0,0,0,0,142960,455380,272060,0,0,0,0,0,0,1119502.933,363113.6,1482616.533,497357.3333,0,1704280,1704280,4761526,7444762,225894,12432182,13399280.34,543363.6304,173861.6643,717225.2947,10080,0,0,0,0,10080,24968160,0,24968160,0,0,0,0,1738,0,0,1738,0,0,0,0,8844,8844,286,286,0,508,508,0,28,0,822,0,0,0,0,0,0,0,28,0,0,178,84,0,0,0,0,0,532,0,0,0,0,0,0,0,0,0,0,0,0,0,0,0,0,0,0,0,0,0,0,5566869.825,11568879.66,20855697.13,16544644.87,2421505.295,18966150.16,6002009.839,34.33333333
2,0,0,0,555150,0,0,201580,0,0,0,0,37,2,252733,6,0.89,0,0.89,0,0,0.89,0,0.89,0,0,0,0,0,0,0,0.44,0,0.44,0,0,0.44,0,0.44,0,0,0,0,0,0,0,34.125,2,388.6363636,1719840.909,1261704.545,458136.3636,0,0,0,1261704.545,0,0,458136.3636,0,0,0,0,1086386.364,170772.7273,2193931.818,0,0,0,0,422386.3636,799853.9773,260607.805,1060461.782,678214.3939,655295.4545,0,655295.4545,10441265.91,7833379.545,0,18274645.45,15418106.9,384506.5575,289995.7582,674502.3156,21863.63636,0,0,0,0,21863.63636,36096863.64,0,36096863.64,0,0,0,0,6581.818182,0,0,6581.818182,2011.363636,0,0,0,0,2011.363636,695.4545455,311.3636364,384.0909091,606.8181818,295.4545455,311.3636364,84.09090909,0,1386.363636,0,0,0,0,0,0,0,193.1818182,0,229.5454545,738.6363636,170.4545455,0,0,0,0,0,0,0,0,54.54545455,0,0,0,0,0,0,0,0,0,0,0,0,0,0,0,0,0,0,0,11771063.68,20678756.73,28512136.28,25859372.81,1329797.77,27189170.58,8907693.054,44.52941176
2,0,0,0,83270,0,0,0,0,74060,0,8440,37,2,252733,6,0.66,0,0,0,0.66,0.33,0,0,0,0.33,0.33,0,0,0,0.33,0.43,0,0,0,0.43,0.1,0,0,0,0.1,0.33,0,0,0,0.33,46,2,395.3488372,385511.6279,193651.1628,191860.4651,0,0,0,193651.1628,0,0,0,0,172232.5581,0,19627.90698,580395.3488,381302.3256,785930.2326,0,0,0,0,68767.44186,564830.4264,65444.91279,630275.3391,867483.5271,158720.9302,660581.3953,819302.3256,8483060.465,3330955.814,0,11814016.28,7943936.052,219937.6605,170293.4676,390231.128,7441.860465,0,0,862.7906977,2614.255814,10056.11628,10334837.21,3571073.442,13905910.65,0,0,0,0,1009.302326,0,0,1009.302326,0,0,5251.162791,0,1427.906977,6679.069767,567.4418605,279.0697674,288.372093,304.6511628,0,304.6511628,58.13953488,0,930.2325581,0,0,0,2.325581395,0,0,0,62.79069767,0,188.372093,618.6046512,18.60465116,0,0,0,0,0,4.651162791,13.95348837,0,20.93023256,0,0,0,0,0,0,0,0,0,0,0,0,0,0,0,0,0,0,0,9032012.523,5961974.599,9953511.808,15766415.12,1209533.454,16975948.58,-3070037.925,44.52941176
2,0,0,0,877910,0,0,185640,0,407350,0,58060,37,3,252733,6,1.39,0,1.39,0,0,0,0,0,0,0,1.39,0,1.39,0,0,1.39,0,1.39,0,0,0,0,0,0,0,1.39,0,1.39,0,0,43.9,2,176.9784173,1099971.223,631589.9281,468381.295,0,0,0,631589.9281,0,0,133553.9568,0,293057.554,0,41769.78417,663697.8417,198913.6691,859208.6331,0,0,0,1756338.129,30388.48921,462724.1007,247483.6426,710207.7433,805074.2806,0,654589.9281,654589.9281,10295293.53,0,0,10295293.53,7031122.938,377115.965,181081.3099,558197.2749,9427.338129,0,0,0,0,9427.338129,12186647.48,0,12186647.48,0,0,0,0,1666.906475,0,0,1666.906475,764.028777,0,8123.741007,0,3005.035971,11892.80576,633.8129496,325.1798561,308.6330935,0,0,0,106.4748201,0,740.2877698,0,0,0,0,0,0,0,107.9136691,0,51.79856115,200.7194245,111.5107914,0,0,2.877697842,0,0,48.20143885,0,0,88.48920863,0,0,0,0,103.5971223,5.755395683,19.42446043,0,0,0,0,0,0,0,0,0,0,0,0,10853490.8,5155524.544,5810114.473,16671826.53,1212787.203,17884613.74,-5697966.256,35.73333333
2,77220,0,0,11100,0,60210,0,0,0,0,1690,37,1,252733,6,0.36,0,0.36,0,0,0.36,0,0.36,0,0,0,0,0,0,0,0.34,0,0.34,0,0,0.34,0,0.34,0,0,0,0,0,0,0,26,2,500,441823.5294,436852.9412,4970.588235,227117.6471,0,0,32647.05882,0,177088.2353,0,0,0,0,4970.588235,506205.8824,266794.1176,538823.5294,0,0,0,0,521764.7059,765516.2255,0,765516.2255,1462814.706,752705.8824,0,752705.8824,6945588.235,0,0,6945588.235,4756475.696,287713.4687,112035.15,399748.6187,5076.470588,0,0,0,0,5076.470588,10708361.76,0,10708361.76,0,320.5882353,0,0,170.5882353,0,1747.058824,2238.235294,0,0,0,0,361.7647059,361.7647059,382.3529412,144.1176471,238.2352941,0,0,0,111.7647059,0,494.1176471,0,0,0,0,0,0,0,76.47058824,0,70.58823529,238.2352941,20.58823529,0,0,17.64705882,0,0,0,0,0,70.58823529,0,0,0,0,0,0,0,0,0,0,0,0,0,0,0,0,0,0,0,8098042.736,5951886.069,5951886.069,11702063.93,1152454.501,12854518.43,-2146156.668,104.2428571
3,0,0,0,0,0,0,0,0,0,0,0,35,2,255069,6,2.29,0,0,2.29,0,0,0,0,0,0,2.29,0,0,2.29,0,0.66,0,0,0.66,0,0,0,0,0,0,0.66,0,0,0.66,0,10,2,378.7878788,0,0,0,0,0,0,0,0,0,0,0,0,0,0,0,34772.72727,0,0,21196.9697,0,0,0,17449.13889,3209.333333,20658.47222,107390.9722,0,1097454.545,1097454.545,410030.303,248003.0303,22246.9697,680280.303,1792930.271,17092.4925,9296.498864,26388.99137,9.090909091,0,0,0,0,9.090909091,19872.72727,0,19872.72727,0,0,0,0,0,0,0,0,0,0,0,0,0,0,0,0,0,0,0,0,21.21212121,15.15151515,36.36363636,0,0,0,0,0,0,0,0,0,0,0,0,0,0,0,0,0,0,0,0,36.36363636,0,0,0,0,0,0,0,0,0,0,0,0,0,0,0,0,0,0,0,450281.7103,-1773057.544,-419215.4141,1119368.444,1123843.537,2243211.981,-2223339.254,34.33333333
3,0,0,0,0,0,0,0,0,0,0,0,36,3,247791,5,0.6,0.6,0,0,0,0.6,0.6,0,0,0,0,0,0,0,0,0.6,0.6,0,0,0,0.6,0.6,0,0,0,0,0,0,0,0,13.4,2,473.3333333,0,0,0,0,0,0,0,0,0,0,0,0,0,0,790316.6667,241366.6667,64833.33333,0,0,5019116.667,0,98550,3055264.771,153112.8667,3208377.638,861164.4444,2544966.667,0,2544966.667,5697453.333,1703045,0,7400498.333,12234561.42,464181.1914,165418.3823,629599.5737,2100,0,11901.66667,218.3333333,47673.13333,49773.13333,3935400,74703799.93,78639199.93,0,0,0,0,0,0,0,0,0,0,0,0,0,0,306.6666667,221.6666667,85,130,63.33333333,66.66666667,75,0,511.6666667,0,0,0,0,0,0,0,21.66666667,0,26.66666667,263.3333333,0,0,0,61.66666667,0,13.33333333,98.33333333,0,0,23.33333333,0,0,0,0,3.333333333,0,0,0,0,0,0,0,0,0,0,0,0,0,0,8872019.574,66404638.52,73126800.18,17932014.75,3174566.24,21106580.99,57532618.94,24
3,0,0,0,0,0,0,0,0,0,0,0,37,2,252733,5,0.23,0,0.23,0,0,0.23,0,0.23,0,0,0,0,0,0,0,0.1,0,0.1,0,0,0.1,0,0.1,0,0,0,0,0,0,0,16,1,350,0,0,0,0,0,0,0,0,0,0,0,0,0,0,2819500,666000,323200,0,0,0,0,2534300,2228903.667,0,2228903.667,0,938400,0,938400,57635230,7523270,0,65158500,16347906.67,-254044.0932,868743.225,614699.1318,80010,0,0,0,0,80010,114705990,0,114705990,0,0,0,0,0,0,0,0,0,0,0,0,0,0,4700,1000,3700,540,180,360,180,170,5590,0,0,0,0,0,0,80,760,0,0,1610,0,0,0,0,0,0,1070,110,0,1660,0,0,0,0,0,150,150,0,0,0,0,0,0,0,0,0,0,0,0,59188329.13,98358083.33,105881353.3,73983136.67,1553099.132,75536235.8,39169754.2,44.52941176
3,0,0,0,0,0,0,0,0,0,0,0,99,2,239968,6,0.2,0.2,0,0,0,0.2,0.2,0,0,0,0,0,0,0,0,0.2,0.2,0,0,0,0.2,0.2,0,0,0,0,0,0,0,0,19,1,300,0,0,0,0,0,0,0,0,0,0,0,0,0,0,195350,212550,0,0,0,0,0,0,98953,30009.4,128962.4,2486785.5,853050,0,853050,4270980,0,0,4270980,3263615.9,265368.5616,56848.392,322216.9536,3150,0,0,0,0,3150,9361800,0,9361800,0,0,0,0,0,0,0,0,0,0,0,0,0,0,225,150,75,0,0,0,60,0,285,0,0,0,0,0,0,0,30,0,165,20,0,0,0,0,0,0,0,0,0,70,0,0,0,0,0,0,0,0,0,0,0,0,0,0,0,0,0,0,0,5446246.954,6098184.1,6098184.1,7534595.9,1175266.954,8709862.854,651937.1464,28.5
3,0,0,0,0,0,0,0,0,0,0,19850,33,1,231595,6,0.49,0,0,0.49,0,0.49,0,0,0.49,0,0,0,0,0,0,0.49,0,0,0.49,0,0.49,0,0,0.49,0,0,0,0,0,0,26.5,2,448.9795918,40510.20408,0,40510.20408,0,0,0,0,0,0,0,0,0,0,40510.20408,148040.8163,0,0,0,0,0,0,20693.87755,483379.932,311240.1429,794620.0748,951576.5306,113142.8571,0,113142.8571,4537832.653,0,0,4537832.653,2187036.503,485199.1786,57676.99224,542876.1709,5142.857143,0,0,0,0,5142.857143,9097714.286,0,9097714.286,0,0,0,0,0,0,0,0,0,0,0,0,2506.122449,2506.122449,326.5306122,246.9387755,79.59183673,0,0,0,0,0,326.5306122,0,0,0,0,0,0,0,24.48979592,0,16.32653061,87.75510204,42.85714286,0,0,0,0,0,87.75510204,0,0,67.34693878,0,0,0,0,0,0,0,0,0,0,0,0,0,0,0,0,0,0,0,5193851.681,6910677.782,6910677.782,6724869.156,656019.028,7380888.184,1716826.101,53.9375
3,0,0,0,0,0,0,0,0,111100,0,3180,37,1,252733,6,0.13,0,0.06,0.07,0,0.13,0,0.06,0.07,0,0,0,0,0,0,0.11,0,0.04,0.07,0,0.11,0,0.04,0.07,0,0,0,0,0,0,24.33333333,2,272.7272727,1038909.091,0,1038909.091,0,0,0,0,0,0,0,0,1010000,0,28909.09091,2414909.091,1107727.273,0,0,342454.5455,0,0,38363.63636,1826402.159,215783.1388,2042185.298,1808572.727,511818.1818,0,511818.1818,20734363.64,0,0,20734363.64,9045854.661,719427.1065,311972.2364,1031399.343,28181.81818,0,0,0,0,28181.81818,27928181.82,0,27928181.82,0,0,0,0,0,0,0,0,0,0,6163.636364,0,2236.363636,8400,1027.272727,909.0909091,118.1818182,0,0,0,290.9090909,0,1318.181818,0,0,0,0,0,0,0,190.9090909,0,227.2727273,600,36.36363636,0,0,0,0,0,0,0,0,263.6363636,0,0,0,0,0,0,0,0,0,0,0,0,0,0,0,0,0,0,0,22277581.16,18882327.16,18882327.16,29780218.3,1543217.525,31323435.82,-3395254.004,104.2428571
3,0,0,0,0,0,0,0,0,212940,0,9050,38,1,238474,5,0.26,0.26,0,0,0,0.26,0.26,0,0,0,0,0,0,0,0,0.26,0.26,0,0,0,0.26,0.26,0,0,0,0,0,0,0,0,26,1,1615.384615,853807.6923,0,853807.6923,0,0,0,0,0,0,0,0,819000,0,34807.69231,456307.6923,36807.69231,0,0,0,0,0,74730.76923,336862.3077,349882.8219,686745.1296,0,2187307.692,0,2187307.692,28487073.08,0,0,28487073.08,2346872.976,361151.9063,363391.0321,724542.9384,5815.384615,0,3019.230769,988.4615385,14921,20736.38462,8641661.538,17024861,25666522.54,0,0,0,0,0,0,0,0,0,0,8684.615385,0,3780.769231,12465.38462,2003.846154,1276.923077,726.9230769,0,0,0,61.53846154,0,2065.384615,0,0,0,0,0,0,0,42.30769231,0,0,1488.461538,96.15384615,0,0,0,0,0,130.7692308,0,0,307.6923077,0,0,0,0,0,0,0,0,0,0,0,0,0,0,0,0,0,0,0,31398923.71,23319649.56,23319649.56,30833946.05,2911850.631,33745796.68,-8079274.145,101.5714286
3,0,0,0,0,0,0,0,0,255520,0,21840,38,1,238474,6,0.33,0,0.33,0,0,0.33,0,0.33,0,0,0,0,0,0,0,0.33,0,0.33,0,0,0.33,0,0.33,0,0,0,0,0,0,0,23,1,1515.151515,840484.8485,0,840484.8485,0,0,0,0,0,0,0,0,774303.0303,0,66181.81818,707757.5758,55818.18182,0,0,0,0,0,0,1885914.545,197482.8708,2083397.416,2386309.091,1551030.303,0,1551030.303,23664857.58,3105754.545,0,26770612.12,9417995.659,647612.7748,344752.2736,992365.0484,9163.636364,0,3030.30303,736.3636364,14200.87879,23364.51515,12105163.64,16203202.7,28308366.33,0,0,0,0,0,0,0,0,0,0,8212.121212,0,7445.454545,15657.57576,1493.939394,1112.121212,381.8181818,203.030303,203.030303,0,139.3939394,0,1836.363636,0,0,0,0,0,0,0,63.63636364,0,0,1184.848485,51.51515152,0,0,0,0,18.18181818,151.5151515,0,0,366.6666667,0,0,0,0,0,0,0,0,0,0,0,0,0,0,0,0,0,0,0,26208252.93,18890370.67,21996125.22,33082853.23,2543395.351,35626248.59,-7317882.253,101.5714286
3,0,0,0,0,0,0,0,0,277740,0,0,37,3,252733,6,1.25,0,1.25,0,0,1.25,0,1.25,0,0,0,0,0,0,0,1.25,0,1.25,0,0,1.25,0,1.25,0,0,0,0,0,0,0,36,2,176,222192,0,222192,0,0,0,0,0,0,0,0,222192,0,0,350016,301568,462776,0,0,0,0,101376,358366.88,400877.344,759244.224,119365.8,859880,0,859880,10038788.8,0,0,10038788.8,2569271.024,533634.8402,139442.1091,673076.9493,5140.8,0,0,1371.2,4154.736,9295.536,10189065.6,5675369.376,15864434.98,0,0,0,0,0,0,0,0,0,0,9033.6,0,0,9033.6,567.2,301.6,265.6,0,0,0,132,0,699.2,0,0,0,0,0,0,0,31.2,0,118.4,360.8,16.8,0,0,0,0,0,23.2,0,0,148.8,0,0,0,0,0,0,0,0,0,0,0,0,0,0,0,0,0,0,0,11571745.75,13295163.95,13295163.95,12608059.82,1532956.949,14141016.77,1723418.203,35.73333333
3,0,0,0,0,0,0,0,0,425870,0,21840,38,2,238474,6,0.59,0.59,0,0,0,0.59,0.59,0,0,0,0,0,0,0,0,0.59,0.59,0,0,0,0.59,0.59,0,0,0,0,0,0,0,0,21,1,1525.423729,758830.5085,0,758830.5085,0,0,0,0,0,0,0,0,721813.5593,0,37016.94915,716271.1864,93661.01695,0,0,0,0,0,51542.37288,68513.89831,264965.9893,333479.8876,1264466.949,1850728.814,0,1850728.814,14833796.61,7087155.932,107203.3898,22028155.93,10578541.26,416701.1803,287328.8014,704029.9817,6406.779661,0,823.7288136,605.0847458,5087.135593,11493.91525,8463355.932,5804421.712,14267777.64,0,0,0,0,0,0,0,0,0,0,7655.932203,0,4164.40678,11820.33898,1003.389831,667.7966102,335.5932203,432.2033898,432.2033898,0,55.93220339,20.33898305,1511.864407,0,0,0,0,0,0,0,77.96610169,0,0,938.9830508,15.25423729,0,0,0,0,0,240.6779661,0,0,238.9830508,0,0,0,0,0,0,0,0,0,0,0,0,0,0,0,0,0,0,0,17461099.39,3689236.387,10811051.72,25484881.85,2554758.795,28039640.65,-13771863,46.47368421
3,0,0,0,0,0,0,0,0,444390,0,23830,38,2,238474,6,0.82,0.82,0,0,0,0.82,0.82,0,0,0,0,0,0,0,0,0.82,0.82,0,0,0,0.82,0.82,0,0,0,0,0,0,0,0,17,1,853.6585366,571000,0,571000,0,0,0,0,0,0,0,0,541939.0244,0,29060.97561,546987.8049,88134.14634,0,0,0,0,0,49451.21951,120674.7561,88564.2439,209239,758166.1585,1040317.073,0,1040317.073,9759052.439,6668078.049,0,16427130.49,9129530.378,195931.912,214844.8495,410776.7614,6146.341463,0,2264.634146,662.195122,10951.7561,17098.09756,7615317.073,12495953.71,20111270.78,0,0,0,0,0,0,0,0,0,0,5508.536585,0,2996.341463,8504.878049,619.5121951,478.0487805,141.4634146,519.5121951,219.5121951,300,56.09756098,0,1195.121951,0,0,0,0,0,0,0,59.75609756,0,0,781.7073171,35.36585366,0,0,0,0,0,159.7560976,0,0,158.5365854,0,0,0,0,0,0,0,0,0,0,0,0,0,0,0,0,0,0,0,11210146.27,10981740.4,17649818.45,18888582.82,1451093.835,20339676.65,-228405.8712,46.47368421
3,0,0,0,0,0,0,0,0,611030,0,32760,38,3,238474,6,0.9,0.78,0.12,0,0,0.9,0.78,0.12,0,0,0,0,0,0,0,0.9,0.78,0.12,0,0,0.9,0.78,0.12,0,0,0,0,0,0,0,21,1,1511.111111,715322.2222,0,715322.2222,0,0,0,0,0,0,0,0,678922.2222,0,36400,703744.4444,80300,0,0,0,0,0,45988.88889,38052.7037,80267.2386,118319.9423,767526.3889,1554433.333,0,1554433.333,13015455.56,3518310,0,16533765.56,6187985.887,181879.9966,219661.3215,401541.3181,8680,0,1586.666667,1000,9297.333333,17977.33333,10034080,10608257.33,20642337.33,0,0,0,0,0,0,0,0,0,0,7527.777778,0,4094.444444,11622.22222,901.1111111,542.2222222,358.8888889,230,230,0,53.33333333,0,1184.444444,0,0,0,0,0,0,0,67.77777778,0,0,672.2222222,68.88888889,0,0,0,0,21.11111111,216.6666667,0,0,137.7777778,0,0,0,0,0,0,0,0,0,0,0,0,0,0,0,0,0,0,0,14971430.21,14454351.45,17972661.45,19203441.44,1955974.651,21159416.09,-517078.7604,44.66666667
3,0,0,0,0,0,0,0,0,958210,0,0,38,2,238474,6,0.86,0.86,0,0,0,0.86,0.86,0,0,0,0,0,0,0,0,0.86,0.86,0,0,0,0.86,0.86,0,0,0,0,0,0,0,0,15,1,872.0930233,1114197.674,0,1114197.674,0,0,0,0,0,0,0,0,1114197.674,0,0,1299197.674,42418.60465,0,0,0,0,0,48127.90698,149824.6512,105556.2558,255380.907,843386.7248,793546.5116,0,793546.5116,10366686.05,1191743.023,0,11558429.07,5032926.516,172960.9829,170857.8068,343818.7897,4688.372093,0,1760.465116,565.1162791,8666.139535,13354.51163,6582474.419,9888065.209,16470539.63,0,0,0,0,0,0,0,0,0,0,11817.44186,0,0,11817.44186,697.6744186,497.6744186,200,77.90697674,77.90697674,0,41.86046512,0,817.4418605,0,0,0,0,0,0,0,96.51162791,0,0,227.9069767,47.6744186,0,0,0,0,37.20930233,167.4418605,0,0,170.9302326,0,0,0,69.76744186,0,0,0,0,0,0,0,0,0,0,0,0,0,0,0,11504051.35,11437613.11,12629356.14,15399612.56,1137365.301,16536977.86,-66438.23547,46.47368421
3,0,0,0,0,0,0,0,0,999870,0,32760,38,2,238474,6,0.82,0,0.82,0,0,0.82,0,0.82,0,0,0,0,0,0,0,0.82,0,0.82,0,0,0.82,0,0.82,0,0,0,0,0,0,0,18,1,939.0243902,1259304.878,0,1259304.878,0,0,0,0,0,0,0,0,1219353.659,0,39951.21951,823878.0488,58573.17073,0,0,0,0,0,46353.65854,614155.9756,88564.26829,702720.2439,0,1789329.268,0,1789329.268,14464223.17,4589100,0,19053323.17,7718404,145246.4876,258083.4101,403329.8977,5992.682927,0,2437.804878,870.7317073,12267.64634,18260.32927,8413726.829,13997384.48,22411111.3,0,0,0,0,0,0,0,0,0,0,12393.90244,0,4493.902439,16887.80488,975.6097561,660.9756098,314.6341463,300,300,0,57.31707317,0,1332.926829,0,0,0,0,0,0,0,129.2682927,0,0,876.8292683,76.82926829,0,0,0,0,0,140.2439024,0,0,109.7560976,0,0,0,0,0,0,0,0,0,0,0,0,0,0,0,0,0,0,0,16656882.34,14692707.3,19281807.3,22182627.17,2192659.166,24375286.34,-1964175.032,46.47368421
3,0,0,0,0,0,0,0,125250,0,0,0,99,1,239968,5,0.11,0.02,0.07,0.02,0,0.02,0.02,0,0,0,0.09,0,0.07,0.02,0,0.11,0.02,0.07,0.02,0,0.02,0.02,0,0,0,0.09,0,0.07,0.02,0,28.33333333,2,636.3636364,1138636.364,0,1138636.364,0,0,0,0,0,0,0,1138636.364,0,0,0,933545.4545,143000,0,0,39090.90909,0,0,0,359320,1034323.167,1393643.167,3767856.818,62000,621909.0909,683909.0909,3247836.364,0,0,3247836.364,8277649.804,1701936.361,66850.62545,1768786.986,0,0,24018.18182,0,94871.81818,94871.81818,0,137848751.8,137848751.8,0,0,0,0,0,0,0,0,0,6172.727273,0,0,0,6172.727273,109.0909091,36.36363636,72.72727273,0,0,0,100,0,209.0909091,0,0,0,0,0,0,0,63.63636364,0,0,0,72.72727273,0,0,0,0,0,0,0,0,72.72727273,0,0,0,0,0,0,0,0,0,0,0,0,0,0,0,0,0,0,0,5078623.35,129571102,130193011.1,10903577.08,2452696.077,13356273.15,124492478.7,226.1111111
3,0,0,0,0,0,0,0,125250,0,0,0,99,3,239968,6,1.33,0,1,0.33,0,0,0,0,0,0,1.33,0,1,0.33,0,0.99,0,0.66,0.33,0,0,0,0,0,0,0.99,0,0.66,0.33,0,39,2,959.5959596,126515.1515,0,126515.1515,0,0,0,0,0,0,0,126515.1515,0,0,0,1269525.253,54393.93939,0,0,0,14485252.53,0,0,106332.7441,97808.33333,204141.0774,355853.2828,0,4471101.01,4471101.01,2517320.202,3654629.293,257837.3737,6429786.869,25014054.15,173085.4539,271740.5059,444825.9598,0,0,1442.424242,0,5697.575758,5697.575758,0,8278577.576,8278577.576,0,0,0,0,0,0,0,0,0,1370.707071,0,0,0,1370.707071,145.4545455,70.70707071,74.74747475,112.1212121,80.80808081,31.31313131,32.32323232,92.92929293,382.8282828,0,0,0,0,0,0,0,69.6969697,0,0,254.5454545,16.16161616,0,0,0,0,0,0,0,0,42.42424242,0,0,0,0,0,0,0,0,0,0,0,0,0,0,0,0,0,0,0,3067308.92,-16735476.57,6028180.872,23165436.1,4915926.97,28081363.07,-19802785.49,28.5
3,0,0,0,0,0,0,0,275550,0,0,0,99,1,239968,6,0.38,0,0.38,0,0,0.38,0,0.38,0,0,0,0,0,0,0,0.38,0,0.38,0,0,0.38,0,0.38,0,0,0,0,0,0,0,27,2,421.0526316,725131.5789,0,725131.5789,0,0,0,0,0,0,0,725131.5789,0,0,0,183552.6316,44368.42105,0,0,0,0,0,0,311005.9649,214471.5249,525477.4898,100344.2105,1010210.526,0,1010210.526,4823278.947,7922578.947,713344.7368,13459202.63,10184822.58,254374.6302,175108.9014,429483.5317,0,0,1878.947368,0,7421.842105,7421.842105,0,10783936.58,10783936.58,0,0,0,0,0,0,0,0,0,3571.052632,0,0,0,3571.052632,331.5789474,157.8947368,173.6842105,526.3157895,363.1578947,163.1578947,28.94736842,0,886.8421053,0,0,0,0,0,0,0,42.10526316,0,0,742.1052632,52.63157895,0,0,0,0,0,0,0,0,7.894736842,0,0,0,42.10526316,0,0,0,0,0,0,0,0,0,0,0,0,0,0,0,6532916.44,599113.9969,8965094.247,15278044.96,1439694.058,16717739.02,-5933802.443,226.1111111
3,0,0,0,0,0,0,104070,0,0,0,0,35,1,255069,6,0.4,0,0,0.4,0,0.4,0,0,0.4,0,0,0,0,0,0,0.4,0,0,0.4,0,0.4,0,0,0.4,0,0,0,0,0,0,47,2,150,260175,0,260175,0,0,0,0,0,0,260175,0,0,0,0,0,106275,0,0,8075,0,0,0,308789.1667,45389.25,354178.4167,0,85300,0,85300,1936282.5,0,0,1936282.5,983772.4167,85161.46562,28076.31113,113237.7767,0,0,207.5,0,819.625,819.625,0,1553189.375,1553189.375,0,0,0,0,0,0,0,0,1327.5,0,0,0,0,1327.5,87.5,87.5,0,0,0,0,32.5,0,120,0,0,0,0,0,0,0,0,0,0,45,42.5,0,0,0,0,0,0,0,0,32.5,0,0,0,0,0,0,0,0,0,0,0,0,0,0,0,0,0,0,0,2134820.277,569416.9583,569416.9583,2920054.917,198537.7767,3118592.693,-1565403.318,66.3
3,0,0,0,0,0,0,126580,0,0,0,0,36,1,247791,6,0.1,0,0.1,0,0,0.1,0,0.1,0,0,0,0,0,0,0,0.1,0,0.1,0,0,0.1,0,0.1,0,0,0,0,0,0,0,11.5,2,400,1265800,0,1265800,0,0,0,0,0,0,1265800,0,0,0,0,1121700,626200,187000,0,161400,0,0,12700,453065.3333,223039.8,676105.1333,645873.3333,1535600,0,1535600,7918160,1324080,0,9242240,6268649.467,370907.7355,153297.036,524204.7715,4730,0,0,0,0,4730,9635010,0,9635010,0,0,0,0,0,0,0,0,8850,0,0,0,0,8850,330,0,330,120,0,120,230,0,680,0,0,0,0,0,0,0,130,0,10,200,80,0,0,0,0,0,160,0,0,100,0,0,0,0,0,0,0,0,0,0,0,0,0,0,0,0,0,0,0,9977964.772,3366360.533,4690440.533,14186809.47,2059804.772,16246614.24,-6611604.238,98.38888889
3,0,0,0,0,0,0,1500160,0,0,0,0,37,3,252733,5,1.06,0.83,0.23,0,0,1.06,0.83,0.23,0,0,0,0,0,0,0,1.06,0.83,0.23,0,0,1.06,0.83,0.23,0,0,0,0,0,0,0,20.6,2,237.7358491,1415245.283,0,1415245.283,0,0,0,0,0,0,1415245.283,0,0,0,0,882405.6604,745632.0755,0,0,0,0,0,15245.28302,431373.2862,95868.69679,527241.983,112609.1195,1545179.245,0,1545179.245,9086437.736,686605.6604,0,9773043.396,4637718.065,164300.953,155903.5961,320204.5492,21515.09434,0,0,0,0,21515.09434,30207192.45,0,30207192.45,0,0,0,0,0,0,0,0,667.9245283,0,0,0,0,667.9245283,614.1509434,356.6037736,257.5471698,42.45283019,42.45283019,0,45.28301887,0,701.8867925,0,0,0,0,0,0,0,32.0754717,0,62.26415094,429.245283,31.13207547,0,0,0,0,0,43.39622642,0,0,103.7735849,0,0,0,0,0,0,0,0,0,0,0,0,0,0,0,0,0,0,0,10951821.53,25569474.39,26256080.05,13724155.8,1865383.794,15589539.6,14617652.86,35.73333333
3,0,0,0,0,0,0,151890,0,0,0,0,36,1,247791,6,0.11,0,0.11,0,0,0.11,0,0.11,0,0,0,0,0,0,0,0.11,0,0.11,0,0,0.11,0,0.11,0,0,0,0,0,0,0,15,2,490.9090909,1380818.182,0,1380818.182,0,0,0,0,0,0,1380818.182,0,0,0,0,0,52181.81818,0,0,97818.18182,0,0,11545.45455,527749.697,196208.8421,723958.5391,587157.5758,748909.0909,0,748909.0909,7448727.273,0,0,7448727.273,3101270.751,345425.4888,109241.7545,454667.2434,7881.818182,0,0,0,0,7881.818182,14360672.73,0,14360672.73,0,0,0,0,0,0,0,0,9654.545455,0,0,0,0,9654.545455,436.3636364,436.3636364,0,0,0,0,54.54545455,0,490.9090909,0,0,0,0,0,0,0,0,0,0,0,45.45454545,0,0,54.54545455,0,18.18181818,318.1818182,0,0,54.54545455,0,0,0,0,0,0,0,0,0,0,0,0,0,0,0,0,0,0,0,8652303.607,11259401.98,11259401.98,10549998.02,1203576.334,11753574.36,2607098.369,98.38888889
3,0,0,0,0,0,0,2025220,0,0,0,0,35,3,255069,6,2.97,0,0.17,2.8,0,0.57,0,0.17,0.4,0,2.4,0,0,2.4,0,2.97,0,0.17,2.8,0,0.57,0,0.17,0.4,0,2.4,0,0,2.4,0,51.5,2,255.8922559,681892.2559,0,681892.2559,0,0,0,0,0,0,681892.2559,0,0,0,0,18787.87879,128824.9158,0,0,1811.447811,0,0,8531.986532,70533.8945,64666.66667,135200.5612,62797.6431,52848.48485,264599.3266,317447.8114,925415.4882,463961.6162,30423.23232,1419800.337,2031636.013,80755.76605,27454.73318,108210.4992,0,0,769.3602694,0,3038.973064,3038.973064,0,5758853.956,5758853.956,0,0,0,0,0,0,0,0,3575.084175,0,0,0,0,3575.084175,48.82154882,34.68013468,14.14141414,36.02693603,15.15151515,20.87542088,12.79461279,0,97.64309764,0,0,0,0,0,0,0,4.04040404,0,0,64.98316498,19.86531987,0,0,0,0,0,0,0,0,8.754208754,0,0,0,0,0,0,0,0,0,0,0,0,0,0,0,0,0,0,0,1106738.323,3727217.943,4465938.267,2712716.026,425658.3107,3138374.336,2620479.62,34.33333333
3,0,0,0,0,0,0,281280,0,0,0,0,38,1,238474,6,0.33,0,0.33,0,0,0.33,0,0.33,0,0,0,0,0,0,0,0.33,0,0.33,0,0,0.33,0,0.33,0,0,0,0,0,0,0,30,2,333.3333333,852363.6364,0,852363.6364,0,0,0,0,0,0,852363.6364,0,0,0,0,348393.9394,321606.0606,326454.5455,0,0,0,0,33272.72727,686906.8687,583150.124,1270056.993,0,1137393.939,0,1137393.939,8717012.121,509900,0,9226912.121,3900521.902,682395.7724,134974.3868,817370.1593,14890.90909,0,0,0,0,14890.90909,12299890.91,0,12299890.91,0,0,0,0,0,0,0,0,5363.636364,0,0,0,0,5363.636364,500,381.8181818,118.1818182,33.33333333,33.33333333,0,87.87878788,0,621.2121212,0,0,0,0,0,0,0,63.63636364,0,48.48484848,278.7878788,33.33333333,0,0,0,0,24.24242424,75.75757576,0,0,96.96969697,0,0,0,0,0,0,0,0,0,0,0,0,0,0,0,0,0,0,0,10671776.22,8399369.007,8909269.007,12617534.02,1954764.099,14572298.12,-2272407.213,101.5714286
3,0,0,0,0,0,0,323470,0,0,0,0,36,1,247791,6,0.2,0,0.2,0,0,0.2,0,0.2,0,0,0,0,0,0,0,0.2,0,0.2,0,0,0.2,0,0.2,0,0,0,0,0,0,0,18.5,1,360,1617350,0,1617350,0,0,0,0,0,0,1617350,0,0,0,0,947700,981250,365100,0,0,0,0,380150,1395973.083,266283,1662256.083,1899627.083,853100,0,853100,13402535,0,395310,13797845,8101224.167,669120.8971,219786.1493,888907.0464,2520,0,0,2855,8650.65,11170.65,8323560,13555568.55,21879128.55,0,0,0,0,0,0,0,0,13275,0,0,0,0,13275,800,225,575,0,0,0,200,0,1000,5,0,0,0,0,0,0,460,0,0,260,105,0,0,0,0,0,75,0,0,95,0,0,0,0,0,0,0,0,0,0,0,0,0,0,0,0,0,0,0,15539852.05,13777904.38,13777904.38,21899069.17,1742007.046,23641076.21,-1761947.663,98.38888889
3,0,0,0,0,0,0,384420,0,0,0,9530,37,2,252733,5,0.25,0,0.16,0.09,0,0.25,0,0.16,0.09,0,0,0,0,0,0,0.25,0,0.16,0.09,0,0.25,0,0.16,0.09,0,0,0,0,0,0,15,2,640,1575800,0,1575800,0,0,0,0,0,0,1537680,0,0,0,38120,2466800,1000360,871720,382280,193720,0,0,60840,704983.4667,245113.0947,950096.5614,127323.2,1330760,0,1330760,12535584,4746624,0,17282208,12628296.76,329470.8581,289579.7952,619050.6533,9072,0,0,5340,16180.2,25252.2,14977872,22102153.2,37080025.2,0,0,0,0,0,0,0,0,19820,0,0,0,2948,22768,640,244,396,372,72,300,244,68,1324,0,0,0,0,0,0,0,164,0,0,644,220,0,0,0,0,20,52,0,0,224,0,0,0,0,0,0,0,0,0,0,0,0,0,0,0,0,0,0,0,14485394.65,24451728.44,29198352.44,25163880.76,1949810.653,27113691.41,9966333.785,44.52941176
3,0,0,0,0,0,0,393790,0,0,0,35740,38,1,238474,5,0.49,0,0.49,0,0,0.49,0,0.49,0,0,0,0,0,0,0,0.49,0,0.49,0,0,0.49,0,0.49,0,0,0,0,0,0,0,35,2,326.5306122,876591.8367,0,876591.8367,0,0,0,0,0,0,803653.0612,0,0,0,72938.77551,328428.5714,297285.7143,2110714.286,0,0,0,0,31040.81633,780567.6871,1320026.027,2100593.714,0,243714.2857,0,243714.2857,12976589.8,1564089.796,0,14540679.59,7547218.735,1514578.173,220944.6009,1735522.774,32142.85714,0,0,0,0,32142.85714,29071800,0,29071800,0,0,0,0,0,0,0,0,5057.142857,0,0,0,2506.122449,7563.265306,912.244898,626.5306122,285.7142857,104.0816327,104.0816327,0,24.48979592,0,1040.816327,0,0,0,0,0,0,0,30.6122449,0,169.3877551,638.7755102,53.06122449,0,0,0,0,48.97959184,51.02040816,0,0,48.97959184,0,0,0,0,0,0,0,0,0,0,0,0,0,0,0,0,0,0,0,14955826.86,21524581.27,23088671.06,20523808.53,1979237.06,22503045.59,6568754.41,101.5714286
3,0,0,0,0,0,0,427550,0,0,0,0,36,1,247791,6,0.45,0.3,0.15,0,0,0.45,0.3,0.15,0,0,0,0,0,0,0,0.39,0.24,0.15,0,0,0.39,0.24,0.15,0,0,0,0,0,0,0,24.75,2,461.5384615,1096282.051,0,1096282.051,0,0,0,0,0,0,1096282.051,0,0,0,0,393538.4615,984666.6667,798025.641,0,0,0,0,1602923.077,774199.188,324319.6154,1098518.803,83583.97436,594897.4359,0,594897.4359,8687587.179,8946541.026,434407.6923,18068535.9,15472264.14,286721.5877,278769.2573,565490.845,15702.5641,0,0,0,0,15702.5641,17822410.26,0,17822410.26,0,0,0,0,0,0,0,0,54451.28205,0,0,0,0,54451.28205,307.6923077,146.1538462,161.5384615,817.9487179,251.2820513,566.6666667,246.1538462,0,1371.794872,0,0,0,0,0,0,0,110.2564103,0,0,841.025641,130.7692308,0,0,20.51282051,0,10.25641026,115.3846154,0,0,143.5897436,0,0,0,0,0,0,0,0,0,0,0,0,0,0,0,0,0,0,0,10061989.71,2350146.112,11517080.58,24373865.57,1160388.281,25534253.85,-7711843.597,98.38888889
3,0,0,0,0,0,0,431300,0,0,0,0,36,1,247791,5,0.11,0,0.11,0,0,0.11,0,0.11,0,0,0,0,0,0,0,0.1,0,0.1,0,0,0.1,0,0.1,0,0,0,0,0,0,0,17,2,500,4313000,0,4313000,0,0,0,0,0,0,4313000,0,0,0,0,1548500,933700,1616100,0,0,0,0,1182700,2192407,299568.6,2491975.6,303941.6667,853100,0,853100,21956330,5511960,711560,28179850,18292454.38,618929.8894,458952.2775,1077882.167,35280,0,0,0,0,35280,56518560,0,56518560,0,0,0,0,0,0,0,0,35390,0,0,0,0,35390,640,150,490,430,180,250,740,0,1810,0,0,0,0,0,0,0,210,0,0,600,0,0,0,0,0,120,720,0,0,160,0,0,0,0,0,0,0,0,0,0,0,0,0,0,0,0,0,0,0,24456086.06,38226105.62,43880851.73,40817558.27,1930982.167,42748540.43,13770019.57,98.38888889
3,0,0,0,0,0,0,646940,0,0,0,0,38,1,238474,5,0.4,0,0.4,0,0,0.4,0,0.4,0,0,0,0,0,0,0,0.4,0,0.4,0,0,0.4,0,0.4,0,0,0,0,0,0,0,16.66666667,2,987.5,1617350,0,1617350,0,0,0,0,0,0,1617350,0,0,0,0,507825,149150,1837475,0,0,0,0,73925,1229018.333,81275.375,1310293.708,0,1279600,0,1279600,17938182.5,0,0,17938182.5,5734492.708,212392.736,268805.4761,481198.2122,30360,0,0,427.5,1295.325,31655.325,29432200,1477965.825,30910165.83,0,0,0,0,0,0,0,0,13272.5,0,0,0,0,13272.5,1307.5,700,607.5,0,0,0,32.5,0,1340,0,0,0,0,0,0,0,67.5,0,205,967.5,37.5,0,0,0,0,0,17.5,0,0,45,0,0,0,0,0,0,0,0,0,0,0,0,0,0,0,0,0,0,0,19698980.71,25175673.12,25175673.12,23672675.21,1760798.212,25433473.42,5476692.404,101.5714286
3,0,0,0,0,0,0,7310,0,0,0,480,33,1,231595,6,0.4,0,0.4,0,0,0.4,0,0.4,0,0,0,0,0,0,0,0.4,0,0.4,0,0,0.4,0,0.4,0,0,0,0,0,0,0,10,2,100,19475,0,19475,0,0,0,0,0,0,18275,0,0,0,1200,104650,407425,0,0,0,0,0,25350,767587.3958,22507.05,790094.4458,518080.4167,1364900,0,1364900,6692455,0,0,6692455,2096669.863,182853.959,88079.66325,270933.6222,6300,0,0,0,0,6300,11144700,0,11144700,0,0,0,0,0,0,0,0,45,0,0,0,92.5,137.5,417.5,235,182.5,0,0,0,57.5,0,475,0,0,0,0,0,0,0,10,0,162.5,212.5,12.5,0,0,0,0,0,20,0,0,57.5,0,0,0,0,0,0,0,0,0,0,0,0,0,0,0,0,0,0,0,8328288.622,9048030.138,9048030.138,8789124.863,1635833.622,10424958.48,719741.5153,53.9375
3,0,0,0,0,0,0,93760,0,0,0,9530,37,1,252733,5,0.15,0,0.15,0,0,0.15,0,0.15,0,0,0,0,0,0,0,0.15,0,0.15,0,0,0.15,0,0.15,0,0,0,0,0,0,0,56,2,666.6666667,688600,0,688600,0,0,0,0,0,0,625066.6667,0,0,0,63533.33333,1782066.667,817000,0,0,0,0,0,112666.6667,3522942.778,108934.0833,3631876.861,0,727933.3333,0,727933.3333,26626546.67,0,0,26626546.67,7284943.194,562496.6265,364826.592,927323.2185,135240,0,0,0,0,135240,167562360,0,167562360,0,0,0,0,0,0,0,0,14746.66667,0,0,0,4913.333333,19660,1753.333333,906.6666667,846.6666667,0,0,0,186.6666667,0,1940,0,0,0,0,0,0,0,106.6666667,0,0,1433.333333,166.6666667,0,0,0,0,0,46.66666667,0,0,186.6666667,0,0,0,0,0,0,0,0,0,0,0,0,0,0,0,0,0,0,0,28281803.22,160277416.8,160277416.8,33911489.86,1655256.552,35566746.41,131995613.6,104.2428571
3,0,0,0,0,0,10380,604750,0,0,0,0,35,1,255069,5,0.66,0,0.66,0,0,0.66,0,0.66,0,0,0,0,0,0,0,0.66,0,0.66,0,0,0.66,0,0.66,0,0,0,0,0,0,0,25,2,151.5151515,932015.1515,15727.27273,916287.8788,0,0,0,0,0,15727.27273,916287.8788,0,0,0,0,361878.7879,375742.4242,0,0,0,0,0,64000,867673.2576,0,867673.2576,565178.4091,2585030.303,0,2585030.303,5798812.121,9189146.97,1026784.848,16014743.94,13240227.79,150239.1627,215642.8207,365881.9833,30545.45455,0,0,0,0,30545.45455,69368727.27,0,69368727.27,0,0,0,0,0,0,4.545454545,4.545454545,2010.606061,0,0,0,0,2010.606061,248.4848485,153.030303,95.45454545,519.6969697,295.4545455,224.2424242,127.2727273,89.39393939,984.8484848,0,0,0,0,0,0,0,40.90909091,0,0,719.6969697,77.27272727,0,0,0,0,0,127.2727273,0,0,19.6969697,0,0,0,0,0,0,0,0,0,0,0,0,0,0,0,0,0,0,0,9146985.462,56128499.48,65947170.24,19436300.97,2950912.286,22387213.26,46981514.02,66.3
3,0,0,0,0,0,10590,0,0,0,0,19850,36,2,247791,6,0.38,0,0.36,0,0.02,0.21,0,0.21,0,0,0.17,0,0.15,0,0.02,0.38,0,0.36,0,0.02,0.21,0,0.21,0,0,0.17,0,0.15,0,0.02,25.6,1,300,80105.26316,27868.42105,52236.84211,0,0,0,0,0,27868.42105,0,0,0,0,52236.84211,690236.8421,364921.0526,102368.4211,0,0,0,0,1556157.895,8664207.456,41564.2313,8705771.687,2163213.377,1153894.737,1078894.737,2232789.474,11327431.58,0,0,11327431.58,14989460.28,-104594.7583,171572.8358,66978.07752,2321.052632,0,1502.631579,376.3157895,7075.631579,9396.684211,4215031.579,11087514.68,15302546.26,0,0,0,0,0,0,9.736842105,9.736842105,0,0,0,0,12931.57895,12931.57895,497.3684211,394.7368421,102.6315789,0,0,0,228.9473684,0,726.3157895,0,0,0,0,0,0,0,36.84210526,0,26.31578947,76.31578947,57.89473684,0,0,39.47368421,0,0,473.6842105,0,0,15.78947368,0,0,0,0,0,0,0,0,0,0,0,0,0,0,0,0,0,0,0,12548304.39,313085.988,1391980.725,25237997.12,2299767.551,27537764.67,-12235218.41,92.11111111
3,0,0,0,0,0,1071270,0,563620,0,0,0,38,1,238474,6,0.46,0.06,0,0,0.4,0.46,0.06,0,0,0.4,0,0,0,0,0,0.46,0.06,0,0,0.4,0.46,0.06,0,0,0.4,0,0,0,0,0,26,2,282.6086957,3554108.696,2328847.826,1225260.87,0,0,0,0,0,2328847.826,0,1225260.87,0,0,0,768608.6957,561869.5652,653152.1739,0,0,0,0,87217.3913,4740778.949,452576.2391,5193355.188,1787002.355,815956.5217,0,815956.5217,4552436.957,4915236.957,73660.86957,9541334.783,17797266.79,1314369.73,184270.4393,1498640.169,3121.73913,0,2080.434783,621.7391304,10101.58696,13223.32609,9021826.087,11525910.72,20547736.8,0,0,0,0,0,0,19369.56522,19369.56522,0,8852.173913,0,0,0,8852.173913,326.0869565,0,326.0869565,339.1304348,141.3043478,197.826087,54.34782609,8.695652174,728.2608696,0,0,0,0,0,0,0,86.95652174,0,30.43478261,276.0869565,121.7391304,0,0,82.60869565,0,0,0,0,0,93.47826087,0,0,0,0,0,36.95652174,0,0,0,0,0,0,0,0,0,0,0,0,0,6902452.745,2750470.01,7703948.739,22385122.85,2314596.691,24699719.54,-4151982.734,101.5714286
3,0,0,0,0,0,107130,0,0,0,0,10130,38,1,238474,6,0.56,0.56,0,0,0,0.56,0.56,0,0,0,0,0,0,0,0,0.43,0.43,0,0,0,0.43,0.43,0,0,0,0,0,0,0,0,17,2,348.8372093,272697.6744,249139.5349,23558.13953,0,0,0,0,0,249139.5349,0,0,0,0,23558.13953,458116.2791,267581.3953,278372.093,0,100116.2791,0,0,39302.32558,1053672.326,101334,1155006.326,240967.4419,2221930.233,0,2221930.233,8604609.302,0,0,8604609.302,3050633.814,199212.9923,121752.6635,320965.6558,11311.62791,0,0,0,0,11311.62791,15001525.58,0,15001525.58,0,0,0,0,0,0,2072.093023,2072.093023,0,0,0,0,1713.953488,1713.953488,283.7209302,218.6046512,65.11627907,0,0,0,239.5348837,0,523.255814,0,0,0,0,0,0,0,95.34883721,0,9.302325581,39.53488372,6.976744186,0,0,74.41860465,0,0,48.8372093,0,0,202.3255814,0,0,0,0,0,46.51162791,0,0,0,0,0,0,0,0,0,0,0,0,0,11147505.19,11950891.77,11950891.77,11655243.12,2542895.888,14198139,803386.5768,101.5714286
3,0,0,0,0,0,1106980,0,0,0,0,122180,38,2,238474,6,0.93,0.1,0.36,0.47,0,0.93,0.1,0.36,0.47,0,0,0,0,0,0,0.83,0.1,0.36,0.37,0,0.83,0.1,0.36,0.37,0,0,0,0,0,0,26.28571429,2,397.5903614,1480915.663,1333710.843,147204.8193,0,0,0,0,0,1333710.843,0,0,0,0,147204.8193,456024.0964,578626.506,268253.012,0,25927.71084,451132.5301,0,79397.59036,1312981.787,295303.1807,1608284.968,823935.1807,1068879.518,0,1068879.518,6083286.747,0,0,6083286.747,6010971.257,548139.2938,114496.3008,662635.5947,4250.60241,0,257.8313253,137.3493976,1434.60241,5685.204819,10528742.17,1636881.349,12165623.52,0,0,0,0,0,0,11092.77108,11092.77108,0,0,0,0,10716.86747,10716.86747,332.5301205,257.8313253,74.69879518,0,0,0,72.28915663,0,404.8192771,0,0,0,0,0,0,0,37.34939759,0,15.6626506,128.9156627,90.36144578,0,0,21.68674699,0,0,71.08433735,0,0,39.75903614,0,0,0,0,0,0,0,0,0,0,0,0,0,0,0,0,0,0,0,7814801.86,6154652.261,6605784.791,12094258,1731515.113,13825773.12,-1660149.599,46.47368421
3,0,0,0,0,0,142010,4781760,0,0,0,0,36,3,247791,5,3.13,0,3.05,0,0.08,3.13,0,3.05,0,0.08,0,0,0,0,0,3.13,0,3.05,0,0.08,3.13,0,3.05,0,0.08,0,0,0,0,0,24.4,2,376.3578275,1573089.457,45370.60703,1527718.85,0,0,0,0,0,45370.60703,1527718.85,0,0,0,0,838236.4217,697492.0128,25335.46326,0,0,0,0,1338412.141,1113936.02,569941.6697,1683877.689,131092.492,250738.0192,0,250738.0192,3481858.147,357730.0319,0,3839588.179,6893056.709,508855.8106,100992.6671,609848.4777,11912.77955,0,0,0,0,11912.77955,29112113.1,0,29112113.1,0,0,0,0,0,0,32.58785942,32.58785942,3392.332268,0,0,0,0,3392.332268,62.30031949,35.14376997,27.15654952,28.75399361,28.75399361,0,137.6996805,0,228.7539936,0,0,0,0,0,0,0,49.20127796,0,1.277955272,49.20127796,6.709265176,0,0,31.30990415,0,2.555910543,65.81469649,0,0,22.68370607,0,0,0,0,0,0,0,0,0,0,0,0,0,0,0,0,0,0,0,4342444.644,22219056.39,22576786.42,10374914.86,860586.4969,11235501.35,17876611.75,24
3,0,0,0,0,0,20760,438800,8020,0,0,0,33,2,231595,6,0.55,0,0.55,0,0,0.55,0,0.55,0,0,0,0,0,0,0,0.55,0,0.55,0,0,0.55,0,0.55,0,0,0,0,0,0,0,11.25,2,309.0909091,850145.4545,37745.45455,812400,0,0,0,0,0,37745.45455,797818.1818,14581.81818,0,0,0,108581.8182,296290.9091,0,0,0,0,0,15363.63636,788051.4848,409218.8182,1197270.303,1054999.697,2183818.182,0,2183818.182,6373405.455,0,0,6373405.455,3754246.818,493028.6108,92872.01536,585900.6262,2290.909091,0,0,0,0,2290.909091,4052618.182,0,4052618.182,0,0,0,0,0,0,1.818181818,1.818181818,1930.909091,49.09090909,0,0,0,1980,380,272.7272727,107.2727273,0,0,0,58.18181818,0,438.1818182,0,0,0,0,0,0,0,20,0,89.09090909,116.3636364,58.18181818,0,0,0,0,0,96.36363636,0,0,58.18181818,0,0,0,0,0,0,0,0,0,0,0,0,0,0,0,0,0,0,0,9143124.263,298371.3636,298371.3636,10127652.27,2769718.808,12897371.08,-8844752.899,26.75
3,0,0,0,0,0,2080,0,0,0,0,0,35,1,255069,6,0.26,0,0.26,0,0,0.26,0,0.26,0,0,0,0,0,0,0,0.26,0,0.26,0,0,0.26,0,0.26,0,0,0,0,0,0,0,16,2,653.8461538,8000,8000,0,0,0,0,0,0,8000,0,0,0,0,0,475807.6923,21807.69231,0,0,0,0,0,0,105269.2308,0,105269.2308,1261990.385,2362346.154,0,2362346.154,2323419.231,172184.6154,0,2495603.846,2300128.615,117170.9083,36464.81365,153635.7219,0,0,550,0,2172.5,2172.5,0,4116887.5,4116887.5,0,0,0,0,0,0,2.692307692,2.692307692,0,0,0,0,0,0,153.8461538,53.84615385,100,11.53846154,11.53846154,0,23.07692308,0,188.4615385,0,0,0,0,0,0,0,61.53846154,0,7.692307692,19.23076923,0,0,0,0,0,0,0,0,0,100,0,0,0,0,0,0,0,0,0,0,0,0,0,0,0,0,0,0,0,4839401.107,1816758.885,1988943.5,4623547.846,2515981.876,7139529.722,-3022642.222,66.3
3,0,0,0,0,0,2080,126580,0,0,0,0,36,1,247791,6,1.67,0,0.08,1.59,0,1.67,0,0.08,1.59,0,0,0,0,0,0,0.13,0,0.08,0.05,0,0.13,0,0.08,0.05,0,0,0,0,0,0,18.5,2,523.0769231,989692.3077,16000,973692.3077,0,0,0,0,0,16000,973692.3077,0,0,0,0,377769.2308,249692.3077,0,0,82769.23077,0,0,13000,383016.7949,208579.8462,591596.641,496825.641,859615.3846,0,859615.3846,2949723.077,706015.3846,0,3655738.462,3755151.744,337578.3501,65229.23769,402807.5878,2184.615385,0,0,0,0,2184.615385,3606800,0,3606800,0,0,0,0,0,0,11.53846154,11.53846154,6807.692308,0,0,0,0,6807.692308,138.4615385,0,138.4615385,46.15384615,46.15384615,0,76.92307692,0,261.5384615,0,0,0,0,0,0,0,53.84615385,0,7.692307692,84.61538462,30.76923077,0,0,0,0,0,61.53846154,0,0,23.07692308,0,0,0,0,0,0,0,0,0,0,0,0,0,0,0,0,0,0,0,4212146.049,-148351.7436,557663.641,6704874.821,1262422.972,7967297.793,-4360497.793,98.38888889
3,0,0,0,0,0,22520,1833010,0,0,0,0,36,3,247791,6,3.19,0.65,0.54,2,0,3.19,0.65,0.54,2,0,0,0,0,0,0,2.15,0.65,0.18,1.32,0,2.15,0.65,0.18,1.32,0,0,0,0,0,0,14.25,2,533.0232558,863037.2093,10474.4186,852562.7907,0,0,0,0,0,10474.4186,852562.7907,0,0,0,0,423111.6279,239586.0465,0,0,0,0,0,1387786.047,449768.4845,56660.50233,506428.9868,95423.13953,39427.90698,0,39427.90698,2702734.419,125619.0698,0,2828353.488,3888783.126,121948.8327,69763.77419,191712.6069,246.0465116,0,0,0,0,246.0465116,507840,0,507840,0,0,0,0,0,0,7.069767442,7.069767442,1893.023256,0,0,0,0,1893.023256,47.44186047,31.62790698,15.81395349,9.76744186,4.186046512,5.581395349,106.5116279,0,163.7209302,0,0,0,0,0,0,0,39.53488372,0,1.860465116,17.6744186,4.651162791,0,0,18.13953488,0,0,66.97674419,0,0,14.88372093,0,0,0,0,0,0,0,0,0,0,0,0,0,0,0,0,0,0,0,2933874.932,-3380943.126,-3255324.057,6591517.545,231140.5139,6822658.059,-6314818.059,24
3,0,0,0,0,0,3110,139230,0,0,0,0,36,1,247791,6,0.12,0,0.12,0,0,0.12,0,0.12,0,0,0,0,0,0,0,0.12,0,0.12,0,0,0.12,0,0.12,0,0,0,0,0,0,0,18,2,500,1186166.667,25916.66667,1160250,0,0,0,0,0,25916.66667,1160250,0,0,0,0,400000,322416.6667,0,0,269000,0,0,12000,852386.1111,150641,1003027.111,1139776.389,831750,0,831750,8670283.333,0,0,8670283.333,4580177.833,403425.0521,131947.38,535372.4321,4408.333333,0,0,0,0,4408.333333,7278158.333,0,7278158.333,0,0,0,0,0,0,12.5,12.5,8108.333333,0,0,0,0,8108.333333,391.6666667,266.6666667,125,0,0,0,175,0,566.6666667,0,0,0,0,0,0,0,58.33333333,0,16.66666667,125,41.66666667,0,0,16.66666667,0,8.333333333,183.3333333,0,0,116.6666667,0,0,0,0,0,0,0,0,0,0,0,0,0,0,0,0,0,0,0,10037405.77,2697980.5,2697980.5,13250461.17,1367122.432,14617583.6,-7339425.265,98.38888889
3,0,0,0,0,0,31140,0,0,555480,0,0,36,3,247791,6,1.64,0.57,0.74,0,0.33,1.31,0.24,0.74,0,0.33,0.33,0.33,0,0,0,1.64,0.57,0.74,0,0.33,1.31,0.24,0.74,0,0.33,0.33,0.33,0,0,0,28,2,567.0731707,357695.122,18987.80488,338707.3171,0,0,0,0,0,18987.80488,0,0,338707.3171,0,0,366000,113621.9512,0,0,0,5829432.927,0,2173750,1907746.25,68151.76573,1975898.016,166796.5447,1633304.878,461865.8537,2095170.732,4693235.976,1309493.293,0,6002729.268,13002344.71,313886.2568,180345.2356,494231.4925,18101.82927,0,0,0,0,18101.82927,32981532.93,0,32981532.93,0,0,0,0,0,0,12.19512195,12.19512195,0,0,137706.7073,0,0,137706.7073,177.4390244,126.2195122,51.2195122,49.3902439,49.3902439,0,120.1219512,23.17073171,370.1219512,0,0,0,0,0,0,0,25,0,0,0,23.17073171,0,0,34.75609756,0,51.2195122,220.1219512,0,0,15.85365854,0,0,0,0,0,0,0,0,0,0,0,0,0,0,0,0,0,0,0,6820772.346,19979188.22,27579980.29,17233714.83,2589402.224,19823117.05,13158415.87,24
3,0,0,0,0,0,321380,70320,0,0,0,0,38,1,238474,6,0.33,0,0.33,0,0,0.33,0,0.33,0,0,0,0,0,0,0,0.32,0,0.32,0,0,0.32,0,0.32,0,0,0,0,0,0,0,12.25,2,406.25,1224062.5,1004312.5,219750,0,0,0,0,0,1004312.5,219750,0,0,0,0,540656.25,98750,37781.25,0,67250,0,0,79187.5,385987.2917,251981.6667,637968.9583,453320,1066312.5,0,1066312.5,3995296.875,651337.5,0,4646634.375,4028787.958,365828.1555,81336.01078,447164.1663,590.625,0,0,893.75,2708.0625,3298.6875,1609453.125,3089899.313,4699352.438,0,0,0,0,0,0,8353.125,8353.125,1381.25,0,0,0,0,1381.25,159.375,153.125,6.25,62.5,62.5,0,84.375,0,306.25,0,0,0,0,0,0,0,37.5,0,12.5,56.25,59.375,0,0,0,0,0,93.75,0,0,46.875,0,0,0,0,0,0,0,0,0,0,0,0,0,0,0,0,0,0,0,5508773.541,670564.4792,1321901.979,8024084.833,1513476.666,9537561.5,-4838209.062,101.5714286
3,0,0,0,0,0,36950,0,0,0,0,0,36,3,247791,6,0.88,0,0.88,0,0,0.79,0,0.79,0,0,0.09,0,0.09,0,0,0.88,0,0.88,0,0,0.79,0,0.79,0,0,0.09,0,0.09,0,0,26.33333333,2,510.2272727,41988.63636,41988.63636,0,0,0,0,0,0,41988.63636,0,0,0,0,0,1173238.636,135590.9091,0,0,0,543193.1818,0,48000,1332731.444,47260.49701,1379991.941,220184.0909,1876738.636,236704.5455,2113443.182,6311436.364,0,0,6311436.364,4026682.941,208050.6315,100279.3899,308330.0214,3568.181818,0,0,0,0,3568.181818,6501227.273,0,6501227.273,0,0,0,0,0,0,114.7727273,114.7727273,0,0,0,0,0,0,290.9090909,135.2272727,155.6818182,0,0,0,140.9090909,0,431.8181818,0,0,0,0,0,0,0,29.54545455,0,0,0,6.818181818,0,0,22.72727273,0,10.22727273,335.2272727,0,0,27.27272727,0,0,0,0,0,0,0,0,0,0,0,0,0,0,0,0,0,0,0,8496505.021,2474544.332,3254442.059,10101414.76,2421773.203,12523187.96,-6021960.69,24
3,0,0,0,0,0,4670,14060,0,0,0,12150,38,3,238474,6,2.46,0.31,0.05,2.1,0,2.46,0.31,0.05,2.1,0,0,0,0,0,0,2.39,0.31,0.05,2.03,0,2.39,0.31,0.05,2.03,0,0,0,0,0,0,33.81818182,2,272.3849372,12920.50209,1953.974895,10966.5272,0,0,0,0,0,1953.974895,5882.845188,0,0,0,5083.682008,191602.5105,96041.841,236405.8577,0,11255.23013,0,0,27393.30544,245129.1702,150597.5985,395726.7687,196538.2148,123071.1297,0,123071.1297,3778819.247,1296164.854,0,5074984.1,2702523.084,183323.0396,68654.83067,251977.8703,5424.686192,0,358.5774059,418.4100418,2684.16318,8108.849372,9985210.042,3062630.188,13047840.23,0,0,0,0,0,0,1.548117155,1.548117155,36.82008368,0,0,0,369.874477,406.6945607,218.8284519,106.2761506,112.5523013,97.90794979,52.30125523,45.60669456,48.11715481,0,364.8535565,0,0,0,0,0,0,0,37.23849372,0,22.59414226,195.3974895,6.694560669,0,0,2.510460251,0,0,58.9958159,0,0,41.42259414,0,0,0,0,0,0,0,0,0,0,0,0,0,0,0,0,0,0,0,4153868.247,10345317.15,11641482,6481342.331,375049,6856391.331,6191448.899,44.66666667
3,0,0,0,0,0,499930,450050,0,231450,0,33750,38,1,238474,6,0.9,0,0.9,0,0,0.57,0,0.57,0,0,0.33,0,0.33,0,0,0.7,0,0.7,0,0,0.37,0,0.37,0,0,0.33,0,0.33,0,0,18.75,2,178.5714286,1735971.429,714185.7143,1021785.714,0,0,0,0,0,714185.7143,642928.5714,0,330642.8571,0,48214.28571,701628.5714,449385.7143,473685.7143,136528.5714,84542.85714,0,0,82071.42857,262271.7143,85741.07143,348012.7857,2240080.833,706814.2857,1609600,2316414.286,12836574.29,1399081.429,87130,14322785.71,9507626.477,382078.4046,218537.19,600615.5946,10800,0,0,0,0,10800,13381200,0,13381200,0,0,0,0,0,0,5940,5940,4045.714286,0,8065.714286,0,3510,15621.42857,550,437.1428571,112.8571429,112.8571429,77.14285714,35.71428571,264.2857143,0,927.1428571,0,0,0,0,0,0,0,102.8571429,0,4.285714286,238.5714286,120,0,0,0,0,0,185.7142857,0,0,207.1428571,0,0,0,0,0,68.57142857,0,0,0,0,0,0,0,0,0,0,0,0,0,14222571.02,3873573.523,6890818.095,20813167.62,2917029.88,23730197.5,-10348997.5,101.5714286
3,0,0,0,0,0,5820,0,0,0,0,0,36,1,247791,5,0.2,0,0.2,0,0,0.2,0,0.2,0,0,0,0,0,0,0,0.12,0,0.12,0,0,0.12,0,0.12,0,0,0,0,0,0,0,30,2,833.3333333,48500,48500,0,0,0,0,0,0,48500,0,0,0,0,0,918666.6667,527333.3333,648416.6667,0,0,0,0,28166.66667,940403.4722,658100.4386,1598503.911,0,1990500,0,1990500,23356991.67,0,0,23356991.67,4017378.244,659294.3382,310166.1113,969460.4495,12391.66667,0,241.6666667,0,954.5833333,13346.25,23866350,1495832.083,25362182.08,0,0,0,0,0,0,12.5,12.5,0,0,0,0,0,0,1583.333333,775,808.3333333,0,0,0,175,0,1758.333333,0,0,0,0,0,0,0,191.6666667,0,83.33333333,283.3333333,0,0,0,133.3333333,0,100,883.3333333,0,0,83.33333333,0,0,0,0,0,0,0,0,0,0,0,0,0,0,0,0,0,0,0,26316952.12,21344803.84,21344803.84,27374369.91,2959960.449,30334330.36,-4972148.277,98.38888889
3,0,0,0,0,0,67990,3984800,0,0,0,0,36,3,247791,6,1.52,0,1.52,0,0,1.52,0,1.52,0,0,0,0,0,0,0,1.52,0,1.52,0,0,1.52,0,1.52,0,0,0,0,0,0,0,23.14285714,2,500.6578947,2666309.211,44730.26316,2621578.947,0,0,0,0,0,44730.26316,2621578.947,0,0,0,0,705151.3158,443875,0,0,0,0,0,2124440.789,1557153.092,376551.8947,1933704.987,0,204644.7368,0,204644.7368,2606538.816,0,0,2606538.816,8121272.303,293573.5687,103837.7288,397411.2975,4131.578947,0,0,0,0,4131.578947,7527736.842,0,7527736.842,0,0,0,0,0,0,30.06578947,30.06578947,58213.81579,0,0,0,0,58213.81579,46.71052632,23.68421053,23.02631579,0,0,0,103.9473684,0,150.6578947,0,0,0,0,0,0,0,30.92105263,0,0,0,7.894736842,0,0,38.81578947,0,0,59.21052632,0,0,13.81578947,0,0,0,0,0,0,0,0,0,0,0,0,0,0,0,0,0,0,0,3208594.85,-593535.4605,-593535.4605,10727811.12,602056.0343,11329867.15,-3802130.311,24
3,0,0,0,0,0,71420,0,0,0,0,8440,38,1,238474,6,0.17,0,0.17,0,0,0.17,0,0.17,0,0,0,0,0,0,0,0.17,0,0.17,0,0,0.17,0,0.17,0,0,0,0,0,0,0,22,2,335.2941176,469764.7059,420117.6471,49647.05882,0,0,0,0,0,420117.6471,0,0,0,0,49647.05882,369294.1176,10000,142235.2941,0,31647.05882,0,0,0,0,170876.9412,170876.9412,585125.2941,2166764.706,0,2166764.706,2684341.176,6267423.529,0,8951764.706,8284840.941,266855.2322,121192.6765,388047.9087,2782.352941,0,0,1005.882353,3047.823529,5830.176471,7581911.765,3477566.647,11059478.41,0,0,0,0,0,0,3494.117647,3494.117647,0,0,0,0,3611.764706,3611.764706,205.8823529,58.82352941,147.0588235,452.9411765,164.7058824,288.2352941,11.76470588,17.64705882,688.2352941,0,0,0,0,0,0,0,35.29411765,0,0,494.1176471,23.52941176,0,0,0,0,0,105.8823529,0,0,29.41176471,0,0,0,0,0,0,0,0,0,0,0,0,0,0,0,0,0,0,0,5239153.791,2774637.471,9042061,10969182.12,2554812.615,13523994.73,-2464516.32,101.5714286
3,0,0,0,0,0,7470,391920,0,0,0,0,35,2,255069,6,0.67,0,0.67,0,0,0.67,0,0.67,0,0,0,0,0,0,0,0.67,0,0.67,0,0,0.67,0,0.67,0,0,0,0,0,0,0,53.25,2,211.9402985,596104.4776,11149.25373,584955.2239,0,0,0,0,0,11149.25373,584955.2239,0,0,0,0,190761.194,114223.8806,17865.67164,0,0,0,0,100865.6716,240391.0448,144522.7463,384913.791,502615.0498,2419134.328,0,2419134.328,1703595.522,153000,0,1856595.522,2315418.736,245440.1837,34948.45948,280388.6432,1552.238806,0,0,0,0,1552.238806,4631880.597,0,4631880.597,0,0,0,0,0,0,6.71641791,6.71641791,2905.970149,0,0,0,0,2905.970149,59.70149254,40.29850746,19.40298507,10.44776119,10.44776119,0,46.26865672,0,116.4179104,0,0,0,0,0,0,0,22.3880597,0,0,25.37313433,13.43283582,0,0,0,0,0,20.89552239,0,0,34.32835821,0,0,0,0,0,0,0,0,0,0,0,0,0,0,0,0,0,0,0,4403118.494,2316461.861,2469461.861,4019014.259,2699522.972,6718537.23,-2086656.633,34.33333333
3,0,0,0,0,0,8300,0,0,0,0,0,36,1,247791,5,0.22,0,0.22,0,0,0.22,0,0.22,0,0,0,0,0,0,0,0.22,0,0.22,0,0,0.22,0,0.22,0,0,0,0,0,0,0,23,2,909.0909091,37727.27273,37727.27273,0,0,0,0,0,0,37727.27273,0,0,0,0,0,1392818.182,439000,353681.8182,0,0,0,0,11500,924614.3939,31613.13397,956227.5279,621696.2121,1938772.727,0,1938772.727,10640127.27,0,0,10640127.27,4060442.013,216856.6621,156429.4827,373286.1448,10081.81818,0,1559.090909,0,6158.409091,16240.22727,19417581.82,9650227.045,29067808.86,0,0,0,0,0,0,13.63636364,13.63636364,0,0,0,0,0,0,650,331.8181818,318.1818182,0,0,0,118.1818182,0,768.1818182,0,0,0,0,0,0,0,145.4545455,0,72.72727273,204.5454545,0,0,0,45.45454545,0,36.36363636,222.7272727,0,0,31.81818182,0,0,0,0,9.090909091,0,0,0,0,0,0,0,0,0,0,0,0,0,0,12952186.14,25007366.85,25007366.85,14700569.29,2312058.872,17012628.16,12055180.71,98.38888889
3,0,0,0,0,0,8320,0,0,0,0,6750,36,1,247791,6,0.27,0.23,0.04,0,0,0.27,0.23,0.04,0,0,0,0,0,0,0,0.27,0.23,0.04,0,0,0.27,0.23,0.04,0,0,0,0,0,0,0,24.5,2,266.6666667,55814.81481,30814.81481,25000,0,0,0,0,0,30814.81481,0,0,0,0,25000,543629.6296,426481.4815,0,0,0,0,0,1170185.185,3734063.704,638774.3626,4372838.066,253283.642,295555.5556,0,295555.5556,4887433.333,0,0,4887433.333,7070023.819,718642.4827,86065.065,804707.5477,211.1111111,0,0,0,0,211.1111111,384644.4444,0,384644.4444,0,0,0,0,0,0,22.22222222,22.22222222,0,0,0,0,911.1111111,911.1111111,92.59259259,92.59259259,0,0,0,0,181.4814815,0,274.0740741,0,0,0,0,0,0,0,29.62962963,0,0,7.407407407,18.51851852,0,0,59.25925926,0,7.407407407,129.6296296,0,0,22.22222222,0,0,0,0,0,0,0,0,0,0,0,0,0,0,0,0,0,0,0,5987696.437,-6685379.375,-6685379.375,11957457.15,1100263.103,13057720.26,-12673075.81,98.38888889
3,0,0,0,1088090,0,0,0,0,0,0,0,37,3,252733,6,1.68,0.03,1.58,0.07,0,0.43,0.03,0.33,0.07,0,1.25,0,1.25,0,0,1.27,0.02,1.18,0.07,0,0.36,0.02,0.27,0.07,0,0.91,0,0.91,0,0,36.625,2,248.0314961,856763.7795,856763.7795,0,0,0,0,856763.7795,0,0,0,0,0,0,0,494165.3543,253291.3386,1149188.976,0,0,0,0,111086.6142,345084.6457,12008.46457,357093.1102,293714.895,193448.8189,492055.1181,685503.937,6182984.252,0,0,6182984.252,4260092.186,75269.38163,109926.8858,185196.2675,11528.34646,0,0,0,0,11528.34646,17792551.97,0,17792551.97,0,0,0,0,4469.291339,0,0,4469.291339,0,0,0,0,0,0,372.4409449,148.0314961,224.4094488,0,0,0,77.95275591,0,450.3937008,0,0,0,0,0,0,0,148.8188976,0,54.33070866,201.5748031,29.13385827,0,0,0,0,0,0,0,0,16.53543307,0,0,0,0,0,0,0,0,0,0,0,0,0,0,0,0,0,0,0,6561629.338,13532459.78,14024514.9,9951021.32,870700.2045,10821721.52,6970830.444,35.73333333
3,0,0,0,1301370,0,0,0,0,0,0,0,33,2,231595,6,0.53,0,0.53,0,0,0.53,0,0.53,0,0,0,0,0,0,0,0.53,0,0.53,0,0,0.53,0,0.53,0,0,0,0,0,0,0,20,1,433.9622642,2455415.094,2455415.094,0,0,0,0,2455415.094,0,0,0,0,0,0,0,739207.5472,481264.1509,0,0,0,7215301.887,0,20716.98113,1144055.346,0,1144055.346,2606693.396,2189000,0,2189000,8039213.208,740235.8491,85241.50943,8864690.566,15641672.36,-52400.21816,240285.6442,187885.426,11886.79245,0,0,0,0,11886.79245,21027735.85,0,21027735.85,0,0,0,0,5464.150943,0,0,5464.150943,0,0,0,0,0,0,469.8113208,326.4150943,143.3962264,0,0,0,81.13207547,49.05660377,600,0,0,0,0,0,0,0,35.8490566,0,92.45283019,250.9433962,24.52830189,0,0,0,0,0,115.0943396,0,0,81.13207547,0,0,0,0,0,0,0,0,0,0,0,0,0,0,0,0,0,0,0,10494153.04,5386063.493,13348788.33,23758939.97,2376885.426,26135825.39,-5108089.545,26.75
3,0,0,0,131690,0,4160,216590,0,0,0,3420,37,1,252733,6,0.19,0,0.19,0,0,0.06,0,0.06,0,0,0.13,0,0.13,0,0,0.19,0,0.19,0,0,0.06,0,0.06,0,0,0.13,0,0.13,0,0,35.5,2,394.7368421,1872947.368,715000,1157947.368,0,0,0,693105.2632,0,21894.73684,1139947.368,0,0,0,18000,694631.5789,200263.1579,0,0,0,0,0,177842.1053,1254102.632,360463.7953,1614566.427,0,866526.3158,1993315.789,2859842.105,6963147.368,472042.1053,0,7435189.474,7278341.532,405214.4279,126127.6153,531342.0432,21.05263158,0,0,3005.263158,9105.947368,9127,33663.15789,12438724.11,12472387.26,0,0,0,0,1831.578947,0,15.78947368,1847.368421,6521.052632,0,0,0,1294.736842,7815.789474,389.4736842,0,389.4736842,31.57894737,31.57894737,0,142.1052632,0,563.1578947,0,0,0,0,0,0,0,68.42105263,0,0,263.1578947,105.2631579,0,0,0,0,0,31.57894737,0,0,94.73684211,0,0,0,0,0,0,0,0,0,0,0,0,0,0,0,0,0,0,0,8361015.727,5194045.731,7659403.626,12248173.11,3391184.148,15639357.26,-3166969.996,104.2428571
3,0,0,0,153630,0,0,0,0,717500,0,0,37,1,252733,6,0.31,0,0.31,0,0,0.31,0,0.31,0,0,0,0,0,0,0,0.29,0,0.29,0,0,0.29,0,0.29,0,0,0,0,0,0,0,60.14285714,2,320.6896552,3003896.552,529758.6207,2474137.931,0,0,0,529758.6207,0,0,0,0,2474137.931,0,0,549724.1379,264413.7931,230655.1724,0,0,0,507620.6897,145655.1724,1067038.851,204819.7659,1271858.616,0,1288413.793,0,1288413.793,11084603.45,0,0,11084603.45,6226557.134,316178.9265,191806.8129,507985.7394,1955.172414,0,0,3520.689655,10667.68966,12622.86207,3003144.828,14572064.07,17575208.9,0,0,0,0,1396.551724,0,0,1396.551724,0,0,27844.82759,0,0,27844.82759,727.5862069,341.3793103,386.2068966,0,0,0,96.55172414,0,824.137931,0,0,0,0,0,0,0,89.65517241,0,13.79310345,282.7586207,303.4482759,0,0,0,0,0,0,0,0,113.7931034,0,0,0,0,20.68965517,0,0,0,0,0,0,0,0,0,0,0,0,0,0,12881002.98,11348651.76,11348651.76,17311160.58,1796399.533,19107560.11,-1532351.218,104.2428571
3,0,0,0,154920,0,0,0,0,370320,0,6350,37,1,252733,6,0.68,0,0.68,0,0,0.68,0,0.68,0,0,0,0,0,0,0,0.56,0,0.56,0,0,0.56,0,0.56,0,0,0,0,0,0,0,36,2,116.0714286,949267.8571,276642.8571,672625,0,0,0,276642.8571,0,0,0,0,661285.7143,0,11339.28571,685125,293517.8571,0,0,0,0,0,60339.28571,1430458.058,81905.26316,1512363.321,0,609321.4286,0,609321.4286,11414401.79,0,0,11414401.79,3753346.321,248654.5871,162842.2192,411496.8063,20475,0,0,0,0,20475,20659275,0,20659275,0,0,0,0,517.8571429,0,0,517.8571429,0,0,4032.142857,0,876.7857143,4908.928571,721.4285714,383.9285714,337.5,0,0,0,100,0,821.4285714,0,0,0,0,0,0,0,62.5,0,0,537.5,37.5,0,0,0,0,0,89.28571429,0,0,94.64285714,0,0,0,0,0,0,0,0,0,0,0,0,0,0,0,0,0,0,0,12435220.02,16905928.68,16905928.68,15167748.11,1020818.235,16188566.34,4470708.658,104.2428571
3,0,0,0,154920,0,0,0,0,74060,0,3180,37,1,252733,6,0.15,0,0.15,0,0,0.15,0,0.15,0,0,0,0,0,0,0,0.1,0,0.1,0,0,0.1,0,0.1,0,0,0,0,0,0,0,36,2,300,2321600,1549200,772400,0,0,0,1549200,0,0,0,0,740600,0,31800,2137300,687100,1156900,0,0,0,0,42200,1172549,516003.1579,1688552.158,0,409400,0,409400,14932400,15538500,0,30470900,23824885.16,525400.9339,447314.4,972715.3339,14110,0,0,0,0,14110,20967460,0,20967460,0,0,0,0,2900,0,0,2900,0,0,4520,0,2460,6980,1100,0,1100,1020,1020,0,150,0,2270,0,0,0,0,0,0,0,160,0,500,1300,100,0,0,0,0,0,40,0,0,170,0,0,0,0,0,0,0,0,0,0,0,0,0,0,0,0,0,0,0,16314515.33,-2857425.158,12681074.84,38757285.16,1382115.334,40139400.49,-19171940.49,104.2428571
3,0,0,0,167840,0,0,0,0,0,0,31770,37,2,252733,5,0.66,0,0.66,0,0,0.66,0,0.66,0,0,0,0,0,0,0,0.66,0,0.66,0,0,0.66,0,0.66,0,0,0,0,0,0,0,25,2,242.4242424,302439.3939,254303.0303,48136.36364,0,0,0,254303.0303,0,0,0,0,0,0,48136.36364,1297969.697,649484.8485,0,0,0,0,0,24484.84848,63799.64646,81379.14195,145178.7884,135642.803,284348.4848,0,284348.4848,11410060.61,0,0,11410060.61,2807933.379,104187.148,166265.9386,270453.0867,24933.33333,0,0,0,0,24933.33333,37050933.33,0,37050933.33,0,0,0,0,439.3939394,0,0,439.3939394,0,0,0,0,7445.454545,7445.454545,710.6060606,340.9090909,369.6969697,0,0,0,118.1818182,0,828.7878788,0,0,0,0,0,0,0,100,0,50,313.6363636,31.81818182,0,0,30.3030303,0,0,59.09090909,0,0,243.9393939,0,0,0,0,0,0,0,0,0,0,0,0,0,0,0,0,0,0,0,11964862.18,34242999.95,34242999.95,14217993.99,554801.5715,14772795.56,22278137.78,44.52941176
3,0,0,0,167840,0,0,0,0,231450,0,0,37,1,252733,6,0.24,0,0.24,0,0,0.24,0,0.24,0,0,0,0,0,0,0,0.24,0,0.24,0,0,0.24,0,0.24,0,0,0,0,0,0,0,48.33333333,2,312.5,1663708.333,699333.3333,964375,0,0,0,699333.3333,0,0,0,0,964375,0,0,983666.6667,1067583.333,0,0,0,0,0,67333.33333,451605.2778,126081.0764,577686.3542,536501.0417,1492791.667,0,1492791.667,22331729.17,0,0,22331729.17,5149212.063,255339.3524,317285.3531,572624.7055,9920.833333,0,0,0,0,9920.833333,12291912.5,0,12291912.5,0,0,0,0,1208.333333,0,0,1208.333333,0,0,9408.333333,0,0,9408.333333,1504.166667,837.5,666.6666667,0,0,0,120.8333333,0,1625,0,0,0,0,0,0,0,66.66666667,0,162.5,1008.333333,45.83333333,0,0,0,0,0,83.33333333,0,0,258.3333333,0,0,0,0,0,0,0,0,0,0,0,0,0,0,0,0,0,0,0,24397145.54,7142700.438,7142700.438,27480941.23,2065416.372,29546357.6,-17254445.1,104.2428571
3,0,0,0,1936560,0,134940,7969600,0,0,0,0,36,3,247791,6,3.84,0,3.84,0,0,0,0,0,0,0,3.84,0,3.84,0,0,3.84,0,3.84,0,0,0,0,0,0,0,3.84,0,3.84,0,0,23.57142857,2,384.6354167,2614869.792,539453.125,2075416.667,0,0,0,504312.5,0,35140.625,2075416.667,0,0,0,0,698789.0625,613200.5208,0,0,0,614114.5833,0,1429955.729,323000.74,189274.0944,512274.8344,53427.01823,0,854356.7708,854356.7708,1585002.604,178819.7917,4411.979167,1768234.375,7818046.398,111647.6859,94030.84336,205678.5293,4460.15625,0,0,0,0,4460.15625,8126404.688,0,8126404.688,0,0,0,0,565.625,0,24.73958333,590.3645833,4608.59375,0,0,0,0,4608.59375,22.13541667,22.13541667,0,10.41666667,10.41666667,0,64.84375,3.645833333,101.0416667,0,0,0,0,0,0,0,32.29166667,0,0,0,8.854166667,0,0,22.13541667,0,5.208333333,16.14583333,0,0,16.40625,0,0,0,0,0,0,0,0,0,0,0,0,0,0,0,0,0,0,0,1794645.817,308358.2897,1956096.731,8552656.915,1060035.3,9612692.215,-1486287.528,24
3,0,0,0,193660,0,0,0,0,0,0,0,33,1,231595,5,0.2,0,0.2,0,0,0.2,0,0.2,0,0,0,0,0,0,0,0.2,0,0.2,0,0,0.2,0,0.2,0,0,0,0,0,0,0,36,2,200,968300,968300,0,0,0,0,968300,0,0,0,0,0,0,0,108800,425150,0,0,0,0,0,33800,746571,0,746571,186509,85300,0,85300,4633400,0,0,4633400,2700725,84476.03096,74958.8175,159434.8485,17640,0,0,0,0,17640,31205160,0,31205160,0,0,0,0,2895,0,0,2895,0,0,0,0,0,0,125,100,25,0,0,0,150,0,275,0,0,0,0,0,0,0,25,0,0,0,55,0,0,0,0,0,20,0,0,175,0,0,0,0,0,0,0,0,0,0,0,0,0,0,0,0,0,0,0,4878134.848,28504435,28504435,7334125,244734.8485,7578859.848,23626300.15,53.9375
3,0,0,0,232390,0,53040,1655800,0,0,0,0,37,3,252733,5,1.35,0,1.35,0,0,1.35,0,1.35,0,0,0,0,0,0,0,1.35,0,1.35,0,0,1.35,0,1.35,0,0,0,0,0,0,0,26.54545455,2,451.8518519,1437948.148,211429.6296,1226518.519,0,0,0,172140.7407,0,39288.88889,1226518.519,0,0,0,0,802614.8148,275111.1111,2778911.111,0,0,0,0,66955.55556,498555.2593,244368.9726,742924.2319,93331.23457,1201874.074,0,1201874.074,2959391.852,4435082.222,0,7394474.074,10885611.43,303811.9058,154985.58,458797.4858,28093.33333,0,0,3174.074074,9617.444444,37710.77778,46382093.33,13137429.11,59519522.44,0,0,0,0,428.8888889,0,62.22222222,491.1111111,917.7777778,0,0,0,0,917.7777778,100.7407407,83.7037037,17.03703704,266.6666667,139.2592593,127.4074074,80,0,447.4074074,0,0,0,4.444444444,0,0,0,43.7037037,0,0,266.6666667,22.22222222,0,0,0,0,0,34.07407407,41.48148148,0,34.81481481,0,0,0,0,0,0,0,0,0,0,0,0,0,0,0,0,0,0,0,4620063.412,48633911.02,53068993.24,13845003.28,1660671.56,15505674.84,44013847.6,35.73333333
3,0,0,0,237680,0,11630,450050,0,0,0,1690,37,1,252733,6,0.43,0,0.43,0,0,0.43,0,0.43,0,0,0,0,0,0,0,0.35,0,0.35,0,0,0.35,0,0.35,0,0,0,0,0,0,0,29.33333333,2,225.7142857,2003000,712314.2857,1290685.714,0,0,0,679085.7143,0,33228.57143,1285857.143,0,0,0,4828.571429,2631771.429,747971.4286,0,0,0,0,0,74828.57143,1256588.905,1090323.239,2346912.144,511567.1429,1462400,0,1462400,7689114.286,0,0,7689114.286,8568783.715,1256842.724,159732.2314,1416574.955,4231.428571,0,0,0,0,4231.428571,6766054.286,0,6766054.286,0,0,0,0,1657.142857,0,28.57142857,1685.714286,7585.714286,0,0,0,351.4285714,7937.142857,225.7142857,111.4285714,114.2857143,0,0,0,251.4285714,0,477.1428571,0,0,0,0,0,0,0,134.2857143,0,0,0,134.2857143,0,0,0,0,0,82.85714286,0,0,125.7142857,0,0,0,0,0,0,0,0,0,0,0,0,0,0,0,0,0,0,0,10568089.24,-1802729.43,-1802729.43,16257898,2878974.955,19136872.96,-12370818.67,104.2428571
3,0,0,0,258210,0,0,196900,0,0,0,0,38,1,238474,6,0.5,0,0.5,0,0,0.5,0,0.5,0,0,0,0,0,0,0,0.5,0,0.5,0,0,0.5,0,0.5,0,0,0,0,0,0,0,35,2,250,910220,516420,393800,0,0,0,516420,0,0,393800,0,0,0,0,173040,126100,0,191140,0,0,0,20280,960054.1333,806918.8444,1766972.978,0,238860,0,238860,2808486,148720,0,2957206,3574946.978,924193.3719,53192.5299,977385.9018,4626,0,0,0,0,4626,6240474,0,6240474,0,0,0,0,1158,0,0,1158,2124,0,0,0,0,2124,152,152,0,10,10,0,30,0,192,0,0,0,0,0,0,0,22,0,0,0,0,0,0,0,0,48,66,0,0,56,0,0,0,0,0,0,0,0,0,0,0,0,0,0,0,0,0,0,0,4024731.902,2665527.022,2814247.022,6383432.978,1216245.902,7599678.88,-1359204.88,101.5714286
3,0,0,0,258210,0,2080,0,0,0,0,7740,36,1,247791,6,0.12,0,0,0.12,0,0.12,0,0,0.12,0,0,0,0,0,0,0.12,0,0,0.12,0,0.12,0,0,0.12,0,0,0,0,0,0,10,2,608.3333333,2233583.333,2169083.333,64500,0,0,0,2151750,0,17333.33333,0,0,0,0,64500,186083.3333,215000,0,0,179333.3333,0,0,14083.33333,2520614.896,214650.4375,2735265.333,1036160.417,106583.3333,0,106583.3333,6947875,0,0,6947875,6847300.083,767391.6312,118777.8938,886169.525,1575,0,0,0,0,1575,2600325,0,2600325,0,0,0,0,966.6666667,0,12.5,979.1666667,0,0,0,0,2658.333333,2658.333333,383.3333333,341.6666667,41.66666667,0,0,0,75,0,458.3333333,0,0,0,0,0,0,0,16.66666667,0,8.333333333,91.66666667,91.66666667,0,0,0,0,16.66666667,175,0,0,58.33333333,0,0,0,0,0,0,0,0,0,0,0,0,0,0,0,0,0,0,0,7940627.858,-4246975.083,-4246975.083,13795175.08,992752.8583,14787927.94,-12187602.94,98.38888889
3,0,0,0,258210,0,3110,0,0,277740,0,14300,36,1,247791,6,0.76,0,0.76,0,0,0.76,0,0.76,0,0,0,0,0,0,0,0.29,0,0.29,0,0,0.29,0,0.29,0,0,0,0,0,0,0,30,2,206.8965517,1908137.931,901103.4483,1007034.483,0,0,0,890379.3103,0,10724.13793,0,0,957724.1379,0,49310.34483,810896.5517,600965.5172,681103.4483,0,0,0,0,1747793.103,891868.6207,110186.069,1002054.69,131008.6207,470689.6552,0,470689.6552,8359500,2299889.655,525786.2069,11185175.86,9543085.123,225634.4666,205748.9798,431383.4464,17379.31034,0,0,0,0,17379.31034,25113103.45,0,25113103.45,0,0,0,0,1996.551724,0,2.413793103,1998.965517,0,0,4672.413793,0,3389.655172,8062.068966,424.137931,134.4827586,289.6551724,155.1724138,155.1724138,0,165.5172414,0,744.8275862,0,0,0,0,0,0,0,168.9655172,0,0,237.9310345,51.72413793,0,0,41.37931034,0,0,210.3448276,0,0,34.48275862,0,0,0,0,0,0,0,0,0,0,0,0,0,0,0,0,0,0,0,9673914.703,15570018.33,17983352.59,18314926.72,902073.1016,19216999.83,5896103.623,98.38888889
3,0,0,0,284030,0,0,0,0,0,0,0,37,1,252733,6,0.35,0,0.35,0,0,0,0,0,0,0,0.35,0,0.35,0,0,0.35,0,0.35,0,0,0,0,0,0,0,0.35,0,0.35,0,0,36,2,285.7142857,811514.2857,811514.2857,0,0,0,0,811514.2857,0,0,0,0,0,0,0,1333028.571,498028.5714,172571.4286,0,0,0,0,0,439575.619,131048.4211,570624.0401,0,0,2184457.143,2184457.143,13548542.86,0,0,13548542.86,5822957.04,164127.3183,198818.7814,362946.0997,18720,0,0,0,0,18720,26732160,0,26732160,0,0,0,0,1654.285714,0,0,1654.285714,0,0,0,0,0,0,822.8571429,405.7142857,417.1428571,0,0,0,145.7142857,0,968.5714286,0,0,0,0,0,0,0,74.28571429,0,188.5714286,491.4285714,0,0,0,0,0,0,68.57142857,0,0,145.7142857,0,0,0,0,0,0,0,0,0,0,0,0,0,0,0,0,0,0,0,13911488.96,20909202.96,23093660.1,17187042.75,2547403.243,19734446,6997714.003,104.2428571
3,0,0,0,284030,0,0,1068860,0,0,0,0,36,2,247791,6,0.58,0,0.38,0.2,0,0.58,0,0.38,0.2,0,0,0,0,0,0,0.55,0,0.35,0.2,0,0.55,0,0.35,0.2,0,0,0,0,0,0,28,2,310.9090909,2459800,516418.1818,1943381.818,0,0,0,516418.1818,0,0,1943381.818,0,0,0,0,404581.8182,551327.2727,174109.0909,0,0,0,0,153600,832890.8788,209879.6182,1042770.497,414464.0909,1240818.182,0,1240818.182,6715772.727,2571545.455,431250.9091,9718569.091,8139397.356,329744.939,163563.1454,493308.0843,8500,0,0,0,0,8500,11228500,0,11228500,0,0,0,0,1052.727273,0,0,1052.727273,9652.727273,0,0,0,0,9652.727273,269.0909091,150.9090909,118.1818182,245.4545455,65.45454545,180,167.2727273,0,681.8181818,0,0,0,0,0,0,0,89.09090909,0,0,309.0909091,76.36363636,0,0,0,0,0,100,0,0,107.2727273,0,0,0,0,0,0,0,0,0,0,0,0,0,0,0,0,0,0,0,8761741.771,3089102.644,5780056.23,15167012.86,1734126.266,16901139.13,-5672639.127,92.11111111
3,0,0,0,284030,0,360,0,0,0,0,51460,33,1,231595,6,0.8,0.36,0.44,0,0,0.36,0.36,0,0,0,0.44,0,0.44,0,0,0.43,0.06,0.37,0,0,0.06,0.06,0,0,0,0.37,0,0.37,0,0,26.6,2,511.627907,781046.5116,661372.093,119674.4186,0,0,0,660534.8837,0,837.2093023,0,0,0,0,119674.4186,1081953.488,319651.1628,0,0,75093.02326,0,0,106093.0233,448006.7829,8106.72093,456113.5039,187954.6512,158697.6744,863139.5349,1021837.209,5387597.674,142297.6744,0,5529895.349,4244937.574,75074.62775,95908.85058,170983.4783,0,0,1660.465116,0,6558.837209,6558.837209,0,9962873.721,9962873.721,0,0,0,0,1346.511628,0,6.976744186,1353.488372,0,0,0,0,8227.906977,8227.906977,306.9767442,151.1627907,155.8139535,9.302325581,9.302325581,0,74.41860465,0,390.6976744,0,0,0,0,0,0,0,137.2093023,0,0,158.1395349,67.44186047,0,0,0,0,6.976744186,0,0,0,20.93023256,0,0,0,0,0,0,0,0,0,0,0,0,0,0,0,0,0,0,0,5717278.827,5717936.147,6723373.357,8769395.713,1192820.688,9962216.401,657.320119,53.9375
3,0,0,0,284030,0,3950,0,0,0,0,9530,99,2,239968,6,0.23,0,0.16,0.07,0,0.23,0,0.16,0.07,0,0,0,0,0,0,0.23,0,0.16,0.07,0,0.23,0,0.16,0.07,0,0,0,0,0,0,32,2,291.3043478,1293521.739,1252086.957,41434.78261,0,0,0,1234913.043,0,17173.91304,0,0,0,0,41434.78261,465826.087,181173.913,0,0,0,0,0,36521.73913,471021.0145,315750.8696,786771.8841,0,741826.087,0,741826.087,8473617.391,443769.5652,0,8917386.957,3447552.928,423321.0213,132367.3298,555688.3511,0,0,495.6521739,0,1957.826087,1957.826087,0,2844721.304,2844721.304,0,0,0,0,2517.391304,0,9.565217391,2526.956522,0,0,0,0,3204.347826,3204.347826,504.3478261,239.1304348,265.2173913,30.43478261,30.43478261,0,100,0,634.7826087,0,0,0,0,0,0,0,130.4347826,0,0,408.6956522,60.86956522,0,0,0,0,0,0,0,0,34.7826087,0,0,0,0,0,0,0,0,0,0,0,0,0,0,0,0,0,0,0,9771131.829,-602831.6232,-159062.058,11921170.32,1297514.438,13218684.76,-10373963.45,28.5
3,0,0,0,3040400,0,0,0,0,0,0,0,99,2,239968,6,1.55,0,1.55,0,0,1.55,0,1.55,0,0,0,0,0,0,0,1.55,0,1.55,0,0,1.55,0,1.55,0,0,0,0,0,0,0,10.5,1,341.9354839,1961548.387,1961548.387,0,0,0,0,1961548.387,0,0,0,0,0,0,0,155896.7742,5025.806452,0,0,0,0,0,70851.6129,27256.77419,0,27256.77419,256696.7742,1375903.226,0,1375903.226,0,2892494.839,248481.9355,3140976.774,5858220.903,799.4253194,67930.60297,68730.02829,5218.709677,0,0,0,0,5218.709677,9696362.581,0,9696362.581,0,0,0,0,5605.16129,0,0,5605.16129,0,0,0,0,0,0,0,0,0,141.9354839,120.6451613,21.29032258,0,32.90322581,174.8387097,0,0,0,0,0,0,0,32.90322581,0,0,103.8709677,16.77419355,0,0,0,0,0,0,0,0,21.29032258,0,0,0,0,0,0,0,0,0,0,0,0,0,0,0,0,0,0,0,1444633.254,3838141.677,6979118.452,5858220.903,1444633.254,7302854.157,2393508.423,28.5
3,0,0,0,309850,0,0,0,0,148130,0,0,37,1,252733,6,0.1,0,0.1,0,0,0.1,0,0.1,0,0,0,0,0,0,0,0.1,0,0.1,0,0,0.1,0,0.1,0,0,0,0,0,0,0,36,2,1000,4579800,3098500,1481300,0,0,0,3098500,0,0,0,0,1481300,0,0,1953100,602100,2917700,0,0,0,0,84500,622519.3333,248992,871511.3333,0,887200,0,887200,16639740,21861220,0,38500960,33122664.33,276825.9694,590953.644,867779.6134,32760,0,0,0,0,32760,48681360,0,48681360,0,0,0,0,5790,0,0,5790,0,0,9030,0,0,9030,1350,20,1330,1300,1300,0,90,40,2780,0,0,0,0,0,0,0,120,0,660,1740,60,0,0,0,0,0,0,0,0,200,0,0,0,0,0,0,0,0,0,0,0,0,0,0,0,0,0,0,0,18394719.61,15558695.67,37419915.67,49762404.33,1754979.613,51517383.95,-2836023.947,104.2428571
3,0,0,0,309850,0,0,0,0,259230,0,0,37,1,252733,5,0.23,0,0.23,0,0,0.23,0,0.23,0,0,0,0,0,0,0,0.23,0,0.23,0,0,0.23,0,0.23,0,0,0,0,0,0,0,36,2,347.826087,2474260.87,1347173.913,1127086.957,0,0,0,1347173.913,0,0,0,0,1127086.957,0,0,1252086.957,714608.6957,2515086.957,0,0,0,0,73478.26087,513201.4493,0,513201.4493,0,875304.3478,0,875304.3478,30350156.52,0,0,30350156.52,7795456.188,51252.13158,454163.0909,505415.2225,27939.13043,0,0,0,0,27939.13043,50737460.87,0,50737460.87,0,0,0,0,2517.391304,0,0,2517.391304,0,0,6873.913043,0,0,6873.913043,1969.565217,1052.173913,917.3913043,0,0,0,221.7391304,0,2191.304348,0,0,0,0,0,0,0,78.26086957,0,426.0869565,1308.695652,52.17391304,0,0,0,0,0,139.1304348,0,0,186.9565217,0,0,0,0,0,0,0,0,0,0,0,0,0,0,0,0,0,0,0,31730876.09,42942004.68,42942004.68,38145612.71,1380719.57,39526332.28,11211128.59,104.2428571
3,0,0,0,309850,0,0,0,0,370320,0,12710,37,2,252733,5,0.5,0,0.5,0,0,0.5,0,0.5,0,0,0,0,0,0,0,0.456,0,0.456,0,0,0.456,0,0.456,0,0,0,0,0,0,0,36,2,460.5263158,1519473.684,679495.614,839978.0702,0,0,0,679495.614,0,0,0,0,812105.2632,0,27872.80702,1130899.123,472346.4912,3006798.246,0,0,0,0,55570.17544,438688.9254,71667.10526,510356.0307,327208.8816,927872.807,0,927872.807,17369039.47,0,0,17369039.47,7275385.632,152643.0207,286182.6454,438825.6661,33434.21053,0,0,0,0,33434.21053,55199881.58,0,55199881.58,0,0,0,0,1905.701754,0,0,1905.701754,0,0,4951.754386,0,2155.701754,7107.45614,1116.22807,587.7192982,528.5087719,0,0,0,138.1578947,0,1254.385965,0,0,0,0,0,0,0,57.01754386,0,214.9122807,706.1403509,46.05263158,0,0,0,0,0,92.10526316,0,0,138.1578947,0,0,0,0,0,0,0,0,0,0,0,0,0,0,0,0,0,0,0,18735737.95,47924495.95,47924495.95,24644425.11,1366698.473,26011123.58,29188758,44.52941176
3,0,0,0,329210,0,13690,618820,0,0,0,17080,37,1,252733,6,0.56,0,0.56,0,0,0.46,0,0.46,0,0,0.1,0,0.1,0,0,0.5,0,0.5,0,0,0.4,0,0.4,0,0,0.1,0,0.1,0,0,10.8,2,260,1957600,685800,1271800,0,0,0,658420,0,27380,1237640,0,0,0,34160,572560,142000,104680,0,473520,0,92720,33800,1077858.133,690680.1295,1768538.263,359202.3333,1023660,284040,1307700,4390864,787374,0,5178238,6828767.596,435904.7042,103944.6837,539849.3879,898,0,0,856,2593.68,3491.68,1358286,3542966.88,4901252.88,0,0,0,0,1738,0,13.2,1751.2,7078,0,0,0,2456,9534,232,0,232,54,54,0,98,0,384,0,0,0,0,0,0,0,70,0,6,100,88,0,0,0,0,0,26,0,0,82,0,0,0,0,12,0,0,0,0,0,0,0,0,0,0,0,0,0,0,5954373.388,-1927514.716,-856100.7161,10935591.6,1847549.388,12783140.98,-7881888.104,104.2428571
3,0,0,0,362130,0,24080,0,0,0,0,17080,37,1,252733,6,0.8,0,0.8,0,0,0.57,0,0.57,0,0,0.23,0,0.23,0,0,0.52,0,0.52,0,0,0.35,0,0.35,0,0,0.17,0,0.17,0,0,25.45454545,2,263.4615385,775557.6923,742711.5385,32846.15385,0,0,0,696403.8462,0,46307.69231,0,0,0,0,32846.15385,1021692.308,166326.9231,465115.3846,91903.84615,0,0,488423.0769,209576.9231,1030410.256,165385.7794,1195796.036,398523.2372,493750,382365.3846,876115.3846,12758371.15,0,0,12758371.15,5448013.811,260354.725,194120.1528,454474.8778,3780.769231,0,0,0,0,3780.769231,7152711.538,0,7152711.538,0,0,0,0,1838.461538,0,24.42307692,1862.884615,0,0,0,0,2361.538462,2361.538462,792.3076923,601.9230769,190.3846154,0,0,0,92.30769231,0,884.6153846,0,0,0,0,0,0,0,88.46153846,0,34.61538462,148.0769231,75,0,0,46.15384615,0,0,261.5384615,0,0,161.5384615,0,0,0,0,69.23076923,0,0,0,0,0,0,0,0,0,0,0,0,0,0,13706596.03,1704697.727,2087063.112,17824019.58,1330590.262,19154609.84,-12001898.3,104.2428571
3,0,0,0,387310,0,0,0,0,0,0,0,35,1,255069,6,0.4,0,0.4,0,0,0.4,0,0.4,0,0,0,0,0,0,0,0.4,0,0.4,0,0,0.4,0,0.4,0,0,0,0,0,0,0,21.25,2,957.5,968275,968275,0,0,0,0,968275,0,0,0,0,0,0,0,336975,238400,0,0,0,0,0,27450,301947.6667,259594.2289,561541.8956,328117.5,2559225,0,2559225,4732455,0,0,4732455,2715828.396,306253.5944,76588.19325,382841.7877,0,0,1250,0,4937.5,4937.5,0,9356562.5,9356562.5,0,0,0,0,2535,0,0,2535,0,0,0,0,0,0,285,130,155,0,0,0,55,0,340,0,0,0,0,0,0,0,80,0,65,150,15,0,0,0,0,0,0,0,0,30,0,0,0,0,0,0,0,0,0,0,0,0,0,0,0,0,0,0,0,7674521.788,6640734.104,6640734.104,7448283.396,2942066.788,10390350.18,-1033787.683,66.3
3,0,0,0,387310,0,0,0,0,555480,0,47650,37,2,252733,5,0.51,0,0.51,0,0,0.51,0,0.51,0,0,0,0,0,0,0,0.51,0,0.51,0,0,0.51,0,0.51,0,0,0,0,0,0,0,56,2,392.1568627,1942039.216,759431.3725,1182607.843,0,0,0,759431.3725,0,0,0,0,1089176.471,0,93431.37255,1003490.196,439000,2830647.059,0,0,0,0,82823.52941,327350.0327,0,327350.0327,0,930000,0,930000,19691737.25,1169770.588,0,20861507.84,8047853.621,33387.20473,329988.0203,363375.225,31129.41176,0,0,0,0,31129.41176,51394658.82,0,51394658.82,0,0,0,0,1419.607843,0,0,1419.607843,0,0,6643.137255,0,7225.490196,13868.62745,1307.843137,658.8235294,649.0196078,76.47058824,76.47058824,0,135.2941176,0,1519.607843,0,0,0,0,0,0,0,58.82352941,0,323.5294118,801.9607843,80.39215686,0,0,0,0,0,111.7647059,0,0,143.1372549,0,0,0,0,0,0,0,0,0,0,0,0,0,0,0,0,0,0,0,20985112.48,43346805.2,44516575.79,27739590.88,1293375.225,29032966.1,22361692.72,44.52941176
3,0,0,0,387310,0,0,393790,0,0,0,390,38,2,238474,5,0.66,0.18,0.48,0,0,0.66,0.18,0.48,0,0,0,0,0,0,0,0.66,0.18,0.48,0,0,0.66,0.18,0.48,0,0,0,0,0,0,0,14,2,515.1515152,1184075.758,586833.3333,597242.4242,0,0,0,586833.3333,0,0,596651.5152,0,0,0,590.9090909,644469.697,15030.30303,1674045.455,0,0,0,0,0,341327.0202,212188.0303,553515.0505,0,381303.0303,0,381303.0303,6981610.606,10208912.12,0,17190522.73,14518522.38,-27148.12016,251603.9489,224455.8287,38181.81818,0,0,0,0,38181.81818,50438181.82,0,50438181.82,0,0,0,0,1316.666667,0,0,1316.666667,2681.818182,0,0,0,3722.727273,6404.545455,616.6666667,74.24242424,542.4242424,678.7878788,496.969697,181.8181818,0,9.090909091,1304.545455,0,0,0,0,0,0,0,39.39393939,0,304.5454545,745.4545455,37.87878788,0,0,0,0,36.36363636,57.57575758,0,0,83.33333333,0,0,0,0,0,0,0,0,0,0,0,0,0,0,0,0,0,0,0,7587369.465,35919659.43,46128571.56,21500132.99,605758.859,22105891.85,28332289.97,46.47368421
3,0,0,0,400220,0,19200,0,0,0,0,0,36,3,247791,6,0.46,0.22,0,0.24,0,0,0,0,0,0,0.46,0.22,0,0.24,0,0.46,0.22,0,0.24,0,0,0,0,0,0,0.46,0.22,0,0.24,0,26.33333333,2,441.3043478,911782.6087,911782.6087,0,0,0,0,870043.4783,0,41739.13043,0,0,0,0,0,966891.3043,444673.913,130108.6957,103891.3043,0,1766565.217,0,273173.913,314830.7246,105302.1808,420132.9054,445999.4565,0,2778717.391,2778717.391,6763652.174,0,0,6763652.174,8489727.71,199118.2755,138032.9804,337151.2559,2847.826087,0,0,0,0,2847.826087,4468239.13,0,4468239.13,0,0,0,0,1889.130435,0,239.1304348,2128.26087,0,0,0,0,0,0,158.6956522,158.6956522,0,0,0,0,228.2608696,0,386.9565217,0,0,0,0,0,0,0,86.95652174,0,8.695652174,15.2173913,19.56521739,0,0,32.60869565,0,10.86956522,136.9565217,0,0,54.34782609,0,0,0,0,4.347826087,0,17.39130435,0,0,0,0,0,0,0,0,0,0,0,0,7100803.43,-4021488.579,523794.0294,12474662.49,3115868.647,15590531.14,-11122292.01,24
3,0,0,0,41830,0,0,0,0,0,0,1830,36,1,247791,6,0.16,0,0.16,0,0,0.16,0,0.16,0,0,0,0,0,0,0,0.1,0,0.1,0,0,0.1,0,0.1,0,0,0,0,0,0,0,16,2,300,436600,418300,18300,0,0,0,418300,0,0,0,0,0,0,18300,1009800,511500,957600,0,0,0,0,760300,1124888.667,737984.6857,1862873.352,4586737.333,511800,0,511800,3270150,11027870,960050,15258070,22141545.3,1173071.928,230046.5205,1403118.449,12600,0,0,0,0,12600,23927400,0,23927400,0,0,0,0,870,0,0,870,0,0,0,0,2460,2460,180,0,180,460,120,340,70,310,1020,0,0,0,0,0,0,0,170,0,0,300,90,0,0,0,0,0,370,0,0,90,0,0,0,0,0,0,0,0,0,0,0,0,0,0,0,0,0,0,0,5404644.831,1785854.697,13554198.31,25631271.69,1914918.449,27546190.13,-3618790.135,98.38888889
3,0,0,0,41830,0,0,215650,0,0,0,0,36,1,247791,6,1,0,0,1,0,1,0,0,1,0,0,0,0,0,0,0.17,0,0,0.17,0,0.17,0,0,0.17,0,0,0,0,0,0,32,2,411.7647059,1514588.235,246058.8235,1268529.412,0,0,0,246058.8235,0,0,1268529.412,0,0,0,0,763176.4706,857647.0588,0,0,38000,0,0,298176.4706,1889066.275,0,1889066.275,0,602117.6471,0,602117.6471,11654494.12,0,398635.2941,12053129.41,5608445.51,156328.4691,188625.3194,344953.7885,11117.64706,0,0,0,0,11117.64706,24469941.18,0,24469941.18,0,0,0,0,511.7647059,0,0,511.7647059,10411.76471,0,0,0,0,10411.76471,411.7647059,229.4117647,182.3529412,0,0,0,323.5294118,0,735.2941176,0,0,0,0,41.17647059,0,0,117.6470588,0,0,200,123.5294118,0,0,0,0,0,129.4117647,0,0,123.5294118,0,0,0,0,0,0,0,0,0,0,0,0,0,0,0,0,0,0,0,13000200.85,18861495.67,18861495.67,17661574.92,947071.4356,18608646.36,5861294.819,98.38888889
3,0,0,0,41830,0,3110,43130,0,0,0,1830,36,1,247791,5,0.47,0,0.47,0,0,0.47,0,0.47,0,0,0,0,0,0,0,0.13,0,0.13,0,0,0.13,0,0.13,0,0,0,0,0,0,0,19.5,2,738.4615385,691538.4615,345692.3077,345846.1538,0,0,0,321769.2308,0,23923.07692,331769.2308,0,0,0,14076.92308,1333000,1242461.538,0,0,0,0,0,584846.1538,2270789.231,772514.0659,3043303.297,1870402.564,656230.7692,0,656230.7692,19898600,6623938.462,1476992.308,27999530.77,16006156.66,1141704.766,386994.2296,1528698.995,15507.69231,0,0,2853.846154,8647.153846,24154.84615,38412553.85,13550090.08,51962643.92,0,0,0,0,669.2307692,0,5.384615385,674.6153846,5446.153846,0,0,0,1892.307692,7338.461538,884.6153846,738.4615385,146.1538462,661.5384615,0,661.5384615,376.9230769,0,1923.076923,0,0,0,0,0,0,0,261.5384615,0,0,1061.538462,169.2307692,0,0,0,0,0,323.0769231,0,0,107.6923077,0,0,0,0,0,0,0,0,0,0,0,0,0,0,0,0,0,0,0,23191646.89,35956487.27,42949300.91,37012873.78,2184929.764,39197803.55,12764840.37,98.38888889
3,0,0,0,41830,0,3110,86260,0,0,0,1830,36,1,247791,6,0.6,0,0,0.6,0,0.6,0,0,0.6,0,0,0,0,0,0,0.16,0,0,0.16,0,0.16,0,0,0.16,0,0,0,0,0,0,25,2,187.5,831437.5,280875,550562.5,0,0,0,261437.5,0,19437.5,539125,0,0,0,11437.5,1233687.5,914750,598500,0,0,0,0,422375,842030.625,142651.6607,984682.2857,949813.5417,853062.5,0,853062.5,14690581.25,0,0,14690581.25,6183036.827,383464.6184,227099.6747,610564.2931,11812.5,0,0,0,0,11812.5,25999312.5,0,25999312.5,0,0,0,0,543.75,0,4.375,548.125,4425,0,0,0,1537.5,5962.5,737.5,362.5,375,0,0,0,268.75,0,1006.25,0,0,0,0,0,0,0,231.25,0,0,318.75,200,0,0,0,0,0,256.25,0,0,0,0,0,0,0,0,0,0,0,0,0,0,0,0,0,0,0,0,0,0,16154208.04,19816275.67,19816275.67,20873618.08,1463626.793,22337244.87,3662067.629,98.38888889
3,0,0,0,422170,0,179700,0,1628250,0,0,0,33,2,231595,6,1.02,0,1.02,0,0,1.02,0,1.02,0,0,0,0,0,0,0,1,0,1,0,0,1,0,1,0,0,0,0,0,0,0,27,2,564,2230120,601870,1628250,0,0,0,422170,0,179700,0,1628250,0,0,0,721940,122180,0,0,0,2390070,0,64790,1103708.917,196081.3,1299790.217,242461.5,1322250,0,1322250,5741195,1950449,90358,7782002,9276308.721,364762.5002,161729.8893,526492.3895,0,0,3927,0,15511.65,15511.65,0,23562196.35,23562196.35,0,0,0,0,869,0,1494.6,2363.6,0,23753,0,0,0,23753,359,300,59,72,72,0,30,10,471,0,0,0,0,0,0,0,65,0,0,238,91,0,0,0,0,0,13,0,0,64,0,0,0,0,0,0,0,0,0,0,0,0,0,0,0,0,0,0,0,7657382.385,14285887.63,18649319.63,15084948.72,1848742.39,16933691.11,6628505.244,26.75
3,0,0,0,466710,0,0,3797280,0,0,0,0,38,3,238474,6,2,0,0,0,2,2,0,0,0,2,0,0,0,0,0,1.6,0,0,0,1.6,1.6,0,0,0,1.6,0,0,0,0,0,25,2,350,2664993.75,291693.75,2373300,0,0,0,291693.75,0,0,2373300,0,0,0,0,388775,268712.5,156737.5,0,60537.5,0,0,147762.5,334159.4792,930648.058,1264807.537,0,1599493.75,0,1599493.75,7691366.25,580658.75,0,8272025,5771459.037,804180.7718,145308.4566,949489.2284,15511.25,0,0,0,0,15511.25,18815563.13,0,18815563.13,0,0,0,0,633.75,0,0,633.75,16590.625,0,0,0,0,16590.625,481.25,241.875,239.375,40.625,33.125,7.5,73.125,0,595,0,0,0,0,0,0,0,35.625,0,41.25,353.75,55,0,0,0,0,0,50,0,0,59.375,0,0,0,0,0,0,0,0,0,0,0,0,0,0,0,0,0,0,0,10240349.23,13044104.09,13624762.84,13462825.29,2548982.978,16011808.27,2803754.859,44.66666667
3,0,0,0,50350,0,107130,337540,0,0,0,0,38,2,238474,6,0.32,0,0.32,0,0,0.32,0,0.32,0,0,0,0,0,0,0,0.31,0,0.31,0,0,0.31,0,0.31,0,0,0,0,0,0,0,22,2,322.5806452,1596838.71,508000,1088838.71,0,0,0,162419.3548,0,345580.6452,1088838.71,0,0,0,0,595838.7097,360161.2903,57935.48387,0,69419.35484,0,0,81741.93548,448243.6559,80529.21371,528772.8696,0,440322.5806,0,440322.5806,6293135.484,4070822.581,109303.2258,10473261.29,7642937.763,129815.8621,160807.6408,290623.5029,3251.612903,0,0,600,1818,5069.612903,4386425.806,2074338,6460763.806,0,0,0,0,280.6451613,0,2874.193548,3154.83871,6848.387097,0,0,0,0,6848.387097,190.3225806,190.3225806,0,235.483871,206.4516129,29.03225806,180.6451613,0,606.4516129,0,0,0,0,0,0,0,61.29032258,0,0,93.5483871,235.483871,0,0,6.451612903,0,0,74.19354839,0,0,119.3548387,0,0,0,0,0,16.12903226,0,0,0,0,0,0,0,0,0,0,0,0,0,7090451.964,-1182173.957,2931581.453,14002443.64,730946.0835,14733389.73,-8272625.921,46.47368421
3,0,0,0,505450,0,292940,0,0,0,0,99660,38,3,238474,6,1.86,0,0,1.86,0,0,0,0,0,0,1.86,0,0,1.86,0,1.86,0,0,1.86,0,0,0,0,0,0,1.86,0,0,1.86,0,25,2,284.9462366,482822.5806,429241.9355,53580.64516,0,0,0,271747.3118,0,157494.6237,0,0,0,0,53580.64516,538134.4086,99043.01075,263225.8065,0,34715.05376,0,0,68129.03226,309506.3978,17478.57527,326984.9731,0,0,1425322.581,1425322.581,7214334.409,1677474.194,0,8891808.602,5154325.64,14501.79019,126091.2237,140593.0139,16242.47312,0,0,0,0,16242.47312,14934569.35,0,14934569.35,0,0,0,0,669.8924731,0,2295.16129,2965.053763,0,0,0,0,8281.72043,8281.72043,508.0645161,263.4408602,244.6236559,133.3333333,48.38709677,84.94623656,28.49462366,0,669.8924731,0,0,0,0,0,0,0,54.30107527,0,91.39784946,401.0752688,78.49462366,0,0,11.29032258,0,5.913978495,8.064516129,0,0,19.35483871,0,0,0,0,0,0,0,0,0,0,0,0,0,0,0,0,0,0,0,7354927.423,9780243.715,12883040.49,10943337.47,1565915.595,12509253.06,2425316.293,44.66666667
3,0,0,0,516420,0,0,0,0,925810,0,0,38,3,238474,6,1.65,0,1.65,0,0,1.65,0,1.65,0,0,0,0,0,0,0,1.65,0,1.65,0,0,1.65,0,1.65,0,0,0,0,0,0,0,36,2,296.969697,874078.7879,312981.8182,561096.9697,0,0,0,312981.8182,0,0,0,0,561096.9697,0,0,149333.3333,142896.9697,776630.303,0,0,0,0,12800,678146.1717,105143.9677,783290.1394,0,475642.4242,0,475642.4242,4753496.364,498310.9091,0,5251807.273,3475814.442,206677.7184,87571.692,294249.4104,18861.81818,0,0,0,0,18861.81818,17151807.27,0,17151807.27,0,0,0,0,701.8181818,0,0,701.8181818,0,0,68435.75758,0,0,68435.75758,317.5757576,201.2121212,116.3636364,32.72727273,32.72727273,0,24.84848485,0,375.1515152,0,0,0,0,0,0,0,18.78787879,0,39.39393939,203.030303,47.87878788,0,0,0,0,28.48484848,14.54545455,0,0,23.03030303,0,0,0,0,0,0,0,0,0,0,0,0,0,0,0,0,0,0,0,5523388.198,13675992.83,14174303.74,8229310.806,769891.8347,8999202.641,8152604.632,44.66666667
3,0,0,0,568060,0,1870,0,0,0,0,25020,33,3,231595,6,1.96,0.2,0.8,0.96,0,1.96,0.2,0.8,0.96,0,0,0,0,0,0,1.29,0.18,0.73,0.38,0,1.29,0.18,0.73,0.38,0,0,0,0,0,0,18,2,285.2713178,461201.5504,441806.2016,19395.34884,0,0,0,440356.5891,0,1449.612403,0,0,0,0,19395.34884,489728.6822,193713.1783,0,0,126806.2016,0,0,42728.68217,130651.5116,13097.12016,143748.6318,195183.7209,1223379.845,0,1223379.845,6295556.589,1375544.186,0,7671100.775,3260249.833,56179.24249,109171.1407,165350.3832,1953.488372,0,647.2868217,0,2556.782946,4510.271318,4032000,3883753.295,7915753.295,0,0,0,0,897.6744186,0,12.09302326,909.7674419,0,0,0,0,1333.333333,1333.333333,381.3953488,200,181.3953488,89.92248062,89.92248062,0,65.89147287,0,537.2093023,0,0,0,0,0,0,0,109.3023256,0,0,372.8682171,0,0,0,0,0,0,20.93023256,0,0,34.10852713,0,0,0,0,0,0,0,0,0,0,0,0,0,0,0,0,0,0,0,7684286.817,4655503.461,6031047.647,9555806.422,1388730.228,10944536.65,-3028783.356,26.75
3,0,0,0,571940,0,0,0,0,0,0,20250,37,3,252733,6,0.84,0,0.51,0.33,0,0.84,0,0.51,0.33,0,0,0,0,0,0,0.84,0,0.51,0.33,0,0.84,0,0.51,0.33,0,0,0,0,0,0,26,2,261.9047619,704988.0952,680880.9524,24107.14286,0,0,0,680880.9524,0,0,0,0,0,0,24107.14286,1265000,459678.5714,1489178.571,0,0,0,0,35202.38095,395090.6548,102381.6573,497472.312,286572.381,1269452.381,0,1269452.381,6956391.667,2863201.19,0,9819592.857,7854026.503,165206.0886,167349.7318,332555.8204,15750,0,0,0,0,15750,26003250,0,26003250,0,0,0,0,1551.190476,0,0,1551.190476,0,0,0,0,1754.761905,1754.761905,376.1904762,188.0952381,188.0952381,273.8095238,53.57142857,220.2380952,108.3333333,0,758.3333333,0,0,0,0,0,0,0,40.47619048,0,0,478.5714286,86.9047619,0,0,48.80952381,0,0,39.28571429,0,0,64.28571429,0,0,0,0,0,0,0,0,0,0,0,0,0,0,0,0,0,0,0,8558399.868,18149223.5,21012424.69,14810418.17,1602008.201,16412426.37,9590823.63,35.73333333
3,0,0,0,645520,0,4150,0,0,0,0,127070,37,2,252733,5,1.71,1.4,0.14,0.17,0,1.71,1.4,0.14,0.17,0,0,0,0,0,0,1.67,1.36,0.14,0.17,0,1.67,1.36,0.14,0.17,0,0,0,0,0,0,17.33333333,2,290.4191617,465113.7725,389023.9521,76089.82036,0,0,0,386538.9222,0,2485.02994,0,0,0,0,76089.82036,215197.6048,47520.95808,71676.64671,0,0,0,0,177047.9042,1079209.261,35939.37126,1115148.633,0,868383.2335,0,868383.2335,9799699.401,1602080.838,0,11401780.24,3946519.357,54106.40623,150396.7961,204503.2023,16598.8024,2232.335329,0,0,6763.976048,23362.77844,25694946.11,9239591.281,34934537.39,0,0,0,0,4335.329341,0,0.05988024,4335.389222,0,0,0,0,7355.688623,7355.688623,731.7365269,373.0538922,358.6826347,112.5748503,84.43113772,28.14371257,14.37125749,0,858.6826347,0,0,0,0,0,0,0,31.13772455,0,126.9461078,239.5209581,14.97005988,0,0,28.14371257,0,0,68.86227545,0,0,192.2155689,0,0,0,0,156.8862275,0,0,0,0,0,0,0,0,0,0,0,0,0,0,10872585.84,30988018.03,32590098.87,13746218.76,1072886.436,14819105.19,20115432.19,44.52941176
3,0,0,0,710070,0,0,820400,0,0,0,15880,38,3,238474,6,2.64,0,2.64,0,0,2.64,0,2.64,0,0,0,0,0,0,0,2.31,0,2.31,0,0,2.31,0,2.31,0,0,0,0,0,0,0,32,2,359.3073593,669415.5844,307389.6104,362025.974,0,0,0,307389.6104,0,0,355151.5152,0,0,0,6874.458874,113441.5584,139865.8009,1344735.931,0,0,0,0,10969.69697,211145.7792,34582.22727,245728.0065,0,246688.3117,0,246688.3117,4736188.745,1181519.913,0,5917708.658,3944150.491,56573.19004,99583.06734,156156.2574,21000,0,0,0,0,21000,16844181.82,0,16844181.82,0,0,0,0,626.8398268,0,0,626.8398268,1915.151515,0,0,0,425.5411255,2340.692641,322.0779221,215.1515152,106.9264069,88.74458874,53.67965368,35.06493506,18.61471861,0,429.4372294,0,0,0,0,0,0,0,27.27272727,0,87.44588745,198.2683983,31.6017316,0,0,0,0,0,28.13852814,0,0,56.70995671,0,0,0,0,0,0,0,0,0,0,0,0,0,0,0,0,0,0,0,5139033.314,12900031.33,14081551.24,8680339.236,402844.5691,9083183.805,7760998.013,44.66666667
3,0,0,0,71010,36000,8300,210030,0,0,0,0,35,1,255069,6,0.14,0.05,0.09,0,0,0.14,0.05,0.09,0,0,0,0,0,0,0,0.12,0.03,0.09,0,0,0.12,0.03,0.09,0,0,0,0,0,0,0,8.75,2,758.3333333,2711166.667,960916.6667,1750250,0,0,0,591750,300000,69166.66667,1750250,0,0,0,0,678833.3333,301750,0,0,0,0,0,4548333.333,168491.8056,0,168491.8056,656247.2222,909916.6667,0,909916.6667,13862158.33,0,0,13862158.33,9319891.361,98961.62462,270220.9613,369182.5859,6300,33.33333333,0,0,101,6401,12133800,191395,12325195,0,0,0,0,1208.333333,2500,250,3958.333333,10325,0,0,0,0,10325,808.3333333,741.6666667,66.66666667,0,0,0,108.3333333,0,916.6666667,0,0,0,0,0,0,0,150,0,16.66666667,108.3333333,250,0,0,0,0,0,208.3333333,0,0,91.66666667,0,0,0,0,58.33333333,0,33.33333333,0,0,0,0,0,0,0,0,0,0,0,0,15141257.59,3005303.639,3005303.639,23182049.69,1279099.253,24461148.95,-12135953.95,66.3
3,0,0,0,710590,0,0,2419000,0,0,0,77630,37,3,252733,6,1.42,0,1.42,0,0,1.42,0,1.42,0,0,0,0,0,0,0,1.42,0,1.42,0,0,1.42,0,1.42,0,0,0,0,0,0,0,26.66666667,2,267.6056338,2258605.634,500415.493,1758190.141,0,0,0,500415.493,0,0,1703521.127,0,0,0,54669.01408,543711.2676,249478.8732,873760.5634,0,0,0,0,101133.8028,1011810.059,207922.6464,1219732.705,0,216281.6901,0,216281.6901,7387359.155,8621437.324,148740.1408,16157536.62,14200696.24,268397.5818,245238.3551,513635.9369,7542.253521,0,0,0,0,7542.253521,12452260.56,0,12452260.56,0,0,0,0,2610.56338,0,0,2610.56338,7477.464789,0,0,0,3979.577465,11457.04225,469.7183099,230.2816901,239.4366197,611.971831,222.5352113,389.4366197,65.49295775,42.95774648,1190.140845,0,0,0,0,0,0,0,190.8450704,0,174.6478873,703.5211268,88.02816901,0,0,0,0,0,21.83098592,0,0,11.26760563,0,0,0,0,0,0,0,0,0,0,0,0,0,0,0,0,0,0,0,8185913.849,-1748435.68,6953104.717,21656692.47,729917.6271,22386610.09,-9934349.529,35.73333333
3,0,0,0,716530,0,57090,712580,0,0,0,0,35,3,255069,6,1.17,0,1.11,0.06,0,0,0,0,0,0,1.17,0,1.11,0.06,0,1.17,0,1.11,0.06,0,0,0,0,0,0,1.17,0,1.11,0.06,0,64.75,2,193.1623932,1270256.41,661213.6752,609042.735,0,0,0,612418.8034,0,48794.87179,609042.735,0,0,0,0,537589.7436,98102.5641,0,0,0,0,0,0,205230.2528,22759.28205,227989.5349,168265.3846,0,4653179.487,4653179.487,5009957.265,850200,115842.735,5976000,8077458.754,69856.5056,95765.67692,165622.1825,682.0512821,0,1830.769231,59.82905983,7412.820513,8094.871795,1372287.179,14047294.87,15419582.05,0,0,0,0,1732.478632,0,13.67521368,1746.153846,3024.786325,0,0,0,0,3024.786325,326.4957265,176.9230769,149.5726496,72.64957265,30.76923077,41.88034188,35.04273504,0,434.1880342,0,0,0,0,0,0,0,42.73504274,0,169.2307692,174.3589744,13.67521368,0,0,0,0,0,0,0,0,34.18803419,0,0,0,0,0,0,0,0,0,0,0,0,0,0,0,0,0,0,0,5274615.553,7342123.297,12862309.41,8533272.637,4818801.67,13352074.31,2067507.744,34.33333333
3,0,0,0,77460,0,0,0,0,0,0,0,33,1,231595,6,0.47,0,0.47,0,0,0.47,0,0.47,0,0,0,0,0,0,0,0.47,0,0.47,0,0,0.47,0,0.47,0,0,0,0,0,0,0,17,2,357.4468085,164808.5106,164808.5106,0,0,0,0,164808.5106,0,0,0,0,0,0,0,180468.0851,150744.6809,0,0,0,0,0,16170.21277,2347277.66,0,2347277.66,1190482.447,2183829.787,0,2183829.787,4822819.149,261736.1702,21627.65957,5106182.979,4544396.087,277479.5738,68263.24979,345742.8235,4825.531915,0,0,0,0,4825.531915,8536365.957,0,8536365.957,0,0,0,0,308.5106383,0,0,308.5106383,0,0,0,0,0,0,287.2340426,202.1276596,85.10638298,31.91489362,0,31.91489362,42.55319149,0,361.7021277,0,0,0,0,0,0,0,21.27659574,0,87.23404255,146.8085106,10.63829787,0,0,0,0,40.42553191,12.76595745,0,0,42.55319149,0,0,0,0,0,0,0,0,0,0,0,0,0,0,0,0,0,0,0,7372906.099,3991969.871,4254819.362,9387729.574,2529572.611,11917302.19,-3380936.228,53.9375
3,0,0,0,816580,0,0,0,0,0,0,4730,99,3,239968,6,6.6,0,0,6.6,0,6.6,0,0,6.6,0,0,0,0,0,0,1,0,0,1,0,1,0,0,1,0,0,0,0,0,0,6,2,70,821310,816580,4730,0,0,0,816580,0,0,0,0,0,0,4730,18420,10980,0,0,0,0,0,283480,134744.4958,12103.78,146848.2758,138154.75,597140,0,597140,504454,0,0,504454,1659161.026,57309.70488,19909.5246,77219.22948,13,0,0,0,0,13,22048,0,22048,0,0,0,0,1593,0,0,1593,0,0,0,0,344,344,30,30,0,0,0,0,3,0,33,0,0,0,0,0,0,0,3,0,0,0,14,0,0,0,0,0,0,0,0,16,0,0,0,0,0,0,0,0,0,0,0,0,0,0,0,0,0,0,0,1178813.229,-1637113.026,-1637113.026,2163615.026,674359.2295,2837974.255,-2815926.255,28.5
3,0,0,0,90370,0,0,0,0,0,0,19850,38,1,238474,5,0.4,0,0.4,0,0,0.4,0,0.4,0,0,0,0,0,0,0,0.4,0,0.4,0,0,0.4,0,0.4,0,0,0,0,0,0,0,37,2,537.5,275550,225925,49625,0,0,0,225925,0,0,0,0,0,0,49625,510650,320300,0,0,67250,0,0,0,745305,32905.03289,778210.0329,725312.5,618525,0,618525,10839345,2236165,0,13075510,5151911.533,146624.7972,173128.509,319753.3062,35437.5,0,0,0,0,35437.5,47982375,0,47982375,0,0,0,0,1302.5,0,0,1302.5,0,0,0,0,3070,3070,507.5,360,147.5,155,125,30,195,0,857.5,0,0,0,0,0,0,0,62.5,0,165,380,27.5,0,0,0,0,0,62.5,0,0,152.5,0,0,0,0,7.5,0,0,0,0,0,0,0,0,0,0,0,0,0,0,11777623.31,42830463.47,45066628.47,15991256.53,938278.3062,16929534.84,31052840.16,101.5714286
3,0,0,0,929550,0,0,0,0,296260,0,28590,37,3,252733,6,1.47,0,1.47,0,0,1.47,0,1.47,0,0,0,0,0,0,0,1.14,0,1.14,0,0,1.14,0,1.14,0,0,0,0,0,0,0,46,2,131.5789474,1100350.877,815394.7368,284956.1404,0,0,0,815394.7368,0,0,0,0,259877.193,0,25078.94737,646684.2105,269105.2632,1014859.649,0,0,0,0,74105.26316,402012.2807,100585.4686,502597.7493,174511.4035,799184.2105,0,799184.2105,10604528.95,0,0,10604528.95,4034947.416,136878.5155,166572.0557,303450.5712,11163.15789,0,0,0,0,11163.15789,18430373.68,0,18430373.68,0,0,0,0,1524.561404,0,0,1524.561404,0,0,1585.087719,0,1939.473684,3524.561404,677.1929825,348.245614,328.9473684,0,0,0,89.47368421,0,766.6666667,0,0,0,0,0,0,0,42.10526316,0,129.8245614,414.9122807,8.771929825,0,0,0,0,0,85.0877193,0,0,85.96491228,0,0,0,0,0,0,0,0,0,0,0,0,0,0,0,0,0,0,0,11707163.73,14395426.27,14395426.27,14639476.36,1102634.782,15742111.15,2688262.539,35.73333333
3,0,0,0,968280,0,108790,0,0,1666450,0,0,36,3,247791,6,3.45,0,2.6,0.85,0,3.45,0,2.6,0.85,0,0,0,0,0,0,3.45,0,2.6,0.85,0,3.45,0,2.6,0.85,0,0,0,0,0,0,17.65217391,2,388.6956522,795223.1884,312194.2029,483028.9855,0,0,0,280660.8696,0,31533.33333,0,0,483028.9855,0,0,538379.7101,369715.942,0,0,0,0,0,918475.3623,733479.5362,217094.7288,950574.265,68076.28019,264028.9855,0,264028.9855,2118584.928,1197734.783,65476.23188,3381795.942,5109618.178,102896.1984,72943.62026,175839.8187,10442.6087,0,0,0,0,10442.6087,18089650.43,0,18089650.43,0,0,0,0,419.7101449,0,22.60869565,442.3188406,0,0,9819.130435,0,0,9819.130435,55.65217391,31.88405797,23.76811594,26.08695652,26.08695652,0,71.88405797,52.46376812,206.0869565,0,0,0,0,0,0,0,37.39130435,0,0.869565217,38.55072464,17.97101449,0,0,24.34782609,0,0,58.55072464,0,0,28.4057971,0,0,0,0,0,0,0,0,0,0,0,0,0,0,0,0,0,0,0,2600282.316,12980032.26,14201414.69,7270031.69,439868.8042,7709900.494,10379749.94,24
3,0,0,144730,176750,0,1040,262530,0,0,0,1590,37,1,252733,5,0.24,0,0.24,0,0,0.24,0,0.24,0,0,0,0,0,0,0,0.24,0,0.24,0,0,0.24,0,0.24,0,0,0,0,0,0,0,40.33333333,2,395.8333333,2444333.333,1343833.333,1100500,0,0,603041.6667,736458.3333,0,4333.333333,1093875,0,0,0,6625,874291.6667,850208.3333,925708.3333,0,269041.6667,0,0,49250,232687.5694,179167.7632,411855.3326,234863.1944,1244083.333,0,1244083.333,12171591.67,2241070.833,0,14412662.5,8553355.694,210955.6199,240879.7744,451835.3943,40950,0,0,1191.666667,3610.75,44560.75,67608450,4932284.5,72540734.5,0,0,0,2579.166667,1933.333333,0,4.166666667,4516.666667,20275,0,0,0,512.5,20787.5,729.1666667,408.3333333,320.8333333,179.1666667,75,104.1666667,137.5,0,1045.833333,0,0,0,0,0,0,0,95.83333333,0,0,683.3333333,208.3333333,0,0,0,0,0,0,0,0,58.33333333,0,0,0,0,0,0,0,0,0,0,0,0,0,0,0,0,0,0,0,13867510.39,63987378.81,66228449.64,20724947.36,1695918.728,22420866.09,50119868.41,104.2428571
3,172670,63790,0,90370,0,4150,1228630,0,0,0,0,33,2,231595,6,1.45,0,0,1.39,0.06,1.45,0,0,1.39,0.06,0,0,0,0,0,0.68,0,0,0.66,0.02,0.68,0,0,0.66,0.02,0,0,0,0,0,12.2,2,183.8235294,2293544.118,486735.2941,1806808.824,253926.4706,93808.82353,0,132897.0588,0,6102.941176,1806808.824,0,0,0,0,272632.3529,115661.7647,0,0,0,0,0,51191.17647,110625.7475,24029.56618,134655.3137,329133.3333,1317250,0,1317250,4199083.824,0,0,4199083.824,3428413.059,82811.23179,84225.17581,167036.4076,0,0,3150,0,12442.5,12442.5,0,18900157.5,18900157.5,0,229.4117647,139.7058824,0,298.5294118,0,2.205882353,669.8529412,8744.117647,0,0,0,0,8744.117647,300,154.4117647,145.5882353,0,0,0,13.23529412,0,313.2352941,0,0,0,0,0,0,0,19.11764706,2.941176471,0,252.9411765,27.94117647,0,0,0,0,0,0,0,0,10.29411765,0,0,0,0,0,0,0,0,0,0,0,0,0,0,0,0,0,0,0,5683370.231,15471744.44,15471744.44,7627496.882,1484286.408,9111783.29,9788374.21,26.75
4,0,0,0,0,0,0,0,0,0,0,0,35,1,255069,6,0.3,0,0.1,0.2,0,0.1,0,0.1,0,0,0.2,0,0,0.2,0,0.3,0,0.1,0.2,0,0.1,0,0.1,0,0,0.2,0,0,0.2,0,23.5,2,266.6666667,0,0,0,0,0,0,0,0,0,0,0,0,0,0,710633.3333,141700,0,0,0,0,0,84466.66667,390899.5,0,390899.5,437490,568700,1420233.333,1988933.333,5217253.333,0,0,5217253.333,3440491.833,102601.9751,74771.748,177373.7231,9240,0,0,0,0,9240,19071360,0,19071360,0,0,0,0,0,0,0,0,0,0,0,0,0,0,380,183.3333333,196.6666667,0,0,0,16.66666667,0,396.6666667,0,0,0,0,0,0,0,140,0,0,170,0,0,0,0,0,0,36.66666667,0,0,50,0,0,0,0,0,0,0,0,0,0,0,0,0,0,0,0,0,0,0,5963327.056,15630868.17,17051101.5,7237511.833,2166307.056,9403818.89,9667541.11,66.3
4,0,0,0,0,0,0,0,0,0,0,0,35,1,255069,6,0.4,0,0.4,0,0,0.4,0,0.4,0,0,0,0,0,0,0,0.4,0,0.4,0,0,0.4,0,0.4,0,0,0,0,0,0,0,35,2,200,0,0,0,0,0,0,0,0,0,0,0,0,0,0,0,0,0,0,0,0,0,42250,432304.8333,45389.25,477694.0833,0,223900,0,223900,0,688365,0,688365,1463378.083,82351.26843,8876.97225,91228.24068,0,0,592.5,0,2340.375,2340.375,0,4435010.625,4435010.625,0,0,0,0,0,0,0,0,0,0,0,0,0,0,0,0,0,45,45,0,0,0,45,0,0,0,0,0,0,0,0,0,0,45,0,0,0,0,0,0,0,0,0,0,0,0,0,0,0,0,0,0,0,0,0,0,0,0,0,0,0,0,0,315128.2407,2971632.542,3659997.542,1463378.083,315128.2407,1778506.324,2656504.301,66.3
4,0,0,0,0,0,0,0,0,0,0,0,37,1,252733,6,0.1,0,0.1,0,0,0.1,0,0.1,0,0,0,0,0,0,0,0.1,0,0.1,0,0,0.1,0,0.1,0,0,0,0,0,0,0,22,1,300,0,0,0,0,0,0,0,0,0,0,0,0,0,0,273400,170100,0,0,0,0,0,422400,1565006.667,88916.94444,1653923.611,0,946900,0,946900,15429880,2700810,0,18130690,5473366.611,51487.78922,230808.5685,282296.3577,12600,0,0,0,0,12600,17690400,0,17690400,0,0,0,0,0,0,0,0,0,0,0,0,0,0,1210,240,970,210,90,120,80,0,1500,0,0,0,0,0,0,0,170,0,0,380,0,0,0,0,0,0,260,0,0,690,0,0,0,0,0,0,0,0,0,0,0,0,0,0,0,0,0,0,0,16659076.36,12217033.39,14917843.39,20903246.61,1229196.358,22132442.97,-4442042.969,104.2428571
4,0,0,0,0,0,0,0,0,0,0,0,37,1,252733,6,0.59,0,0.59,0,0,0.59,0,0.59,0,0,0,0,0,0,0,0.43,0,0.43,0,0,0.43,0,0.43,0,0,0,0,0,0,0,14.66666667,2,244.1860465,0,0,0,0,0,0,0,0,0,0,0,0,0,0,1149953.488,257046.5116,1435325.581,0,0,0,0,231837.2093,599103.6822,32089.06977,631192.7519,693986.8217,476139.5349,0,476139.5349,10687458.14,0,0,10687458.14,4652075.364,152564.4937,167203.6943,319768.188,14065.11628,0,0,0,0,14065.11628,25542251.16,0,25542251.16,0,0,0,0,0,0,0,0,0,0,0,0,0,0,697.6744186,327.9069767,369.7674419,0,0,0,83.72093023,0,781.3953488,0,0,0,0,0,0,0,113.9534884,0,130.2325581,509.3023256,0,0,0,0,0,0,9.302325581,0,0,18.60465116,0,0,0,0,0,0,0,0,0,0,0,0,0,0,0,0,0,0,0,11483365.86,20890175.8,20890175.8,15339533.5,795907.7228,16135441.23,9406809.936,104.2428571
4,0,0,0,0,0,0,0,0,0,0,0,37,1,252733,6,0.6,0,0.6,0,0,0.6,0,0.6,0,0,0,0,0,0,0,0.43,0,0.43,0,0,0.43,0,0.43,0,0,0,0,0,0,0,30,2,279.0697674,0,0,0,0,0,0,0,0,0,0,0,0,0,0,715651.1628,434930.2326,0,0,0,0,0,0,108892.4806,160001.1016,268893.5822,0,952279.0698,0,952279.0698,5585688.372,440820.9302,0,6026509.302,2113028.908,152293.3386,87201.65198,239494.9906,3179.069767,0,0,0,0,3179.069767,5083332.558,0,5083332.558,0,0,0,0,0,0,0,0,0,0,0,0,0,0,237.2093023,46.51162791,190.6976744,30.23255814,30.23255814,0,148.8372093,0,416.2790698,0,0,0,0,0,0,0,113.9534884,0,0,0,0,0,0,0,0,0,67.44186047,0,0,234.8837209,0,0,0,0,0,0,0,0,0,0,0,0,0,0,0,0,0,0,0,6777462.432,2970303.65,3411124.581,7698717.28,1191774.06,8890491.34,-3807158.782,104.2428571
4,0,0,0,0,0,0,0,0,0,0,0,37,2,252733,5,0.46,0.13,0.33,0,0,0.46,0.13,0.33,0,0,0,0,0,0,0,0.42,0.09,0.33,0,0,0.42,0.09,0.33,0,0,0,0,0,0,0,36,2,369.047619,0,0,0,0,0,0,0,0,0,0,0,0,0,0,1098880.952,202476.1905,4588690.476,0,0,0,0,281595.2381,669010.3175,0,669010.3175,0,853071.4286,0,853071.4286,16104402.38,12572192.86,0,28676595.24,19665579.03,38960.75748,423406.0929,462366.8503,45000,0,0,0,0,45000,66870000,0,66870000,0,0,0,0,0,0,0,0,0,0,0,0,0,0,871.4285714,780.952381,90.47619048,988.0952381,392.8571429,595.2380952,164.2857143,0,2023.809524,0,0,0,0,0,0,0,154.7619048,0,380.952381,1409.52381,0,0,0,0,0,0,0,0,0,78.57142857,0,0,0,0,0,0,0,0,0,0,0,0,0,0,0,0,0,0,0,17419840.66,47204420.97,59776613.83,35769981.41,1315438.279,37085419.69,29784580.31,44.52941176
4,0,0,0,0,0,0,0,0,0,0,0,38,1,238474,6,0.34,0,0.34,0,0,0.34,0,0.34,0,0,0,0,0,0,0,0.34,0,0.34,0,0,0.34,0,0.34,0,0,0,0,0,0,0,26.33333333,2,541.1764706,0,0,0,0,0,0,0,0,0,0,0,0,0,0,467147.0588,145941.1765,0,1405470.588,917911.7647,0,0,0,1762739.706,56209.52012,1818949.226,0,526941.1765,0,526941.1765,15225167.65,4008644.118,0,19233811.76,9002537.932,213252.3244,269368.9306,482621.255,26682.35294,0,0,0,0,26682.35294,27376094.12,0,27376094.12,0,0,0,0,0,0,0,0,0,0,0,0,0,0,979.4117647,711.7647059,267.6470588,273.5294118,232.3529412,41.17647059,79.41176471,0,1332.352941,0,0,0,0,0,0,0,67.64705882,0,311.7647059,632.3529412,0,0,0,0,0,47.05882353,47.05882353,0,0,226.4705882,0,0,0,0,0,0,0,0,0,0,0,0,0,0,0,0,0,0,0,16234730.08,18373556.19,22382200.3,24227705.58,1009562.431,25237268.01,2138826.107,101.5714286
4,0,0,0,0,0,0,0,0,0,0,11120,37,1,252733,5,0.34,0,0.34,0,0,0.24,0,0.24,0,0,0.1,0,0.1,0,0,0.34,0,0.34,0,0,0.24,0,0.24,0,0,0.1,0,0.1,0,0,56,2,411.7647059,32705.88235,0,32705.88235,0,0,0,0,0,0,0,0,0,0,32705.88235,623676.4706,404235.2941,1420970.588,0,0,0,0,49705.88235,578571.0784,292931.9328,871503.0112,0,331147.0588,331382.3529,662529.4118,15143297.06,0,0,15143297.06,3986912.482,265427.8973,214746.2828,480174.1801,38911.76471,0,0,0,0,38911.76471,54398647.06,0,54398647.06,0,0,0,0,0,0,0,0,0,0,0,0,2529.411765,2529.411765,976.4705882,511.7647059,464.7058824,0,0,0,117.6470588,0,1094.117647,0,0,0,0,0,0,0,44.11764706,0,194.1176471,632.3529412,17.64705882,0,0,0,0,0,70.58823529,0,0,135.2941176,0,0,0,0,0,0,0,0,0,0,0,0,0,0,0,0,0,0,0,15954618.3,50411734.58,50743116.93,18798827.19,1142703.592,19941530.78,34457116.28,104.2428571
4,0,0,0,0,0,0,0,0,0,0,13660,99,2,239968,6,0.33,0.33,0,0,0,0.33,0.33,0,0,0,0,0,0,0,0,0.33,0.33,0,0,0,0.33,0.33,0,0,0,0,0,0,0,0,20,1,212.1212121,41393.93939,0,41393.93939,0,0,0,0,0,0,0,0,0,0,41393.93939,0,85878.78788,0,0,0,0,0,0,127598.8636,66020.63636,193619.5,0,827181.8182,0,827181.8182,3249784.848,0,0,3249784.848,560860.2273,93221.62062,41031.24955,134252.8702,1221.212121,0,0,63.63636364,192.8181818,1414.030303,1814721.212,280164.8182,2094886.03,0,0,0,0,0,0,0,0,0,0,0,0,2978.787879,2978.787879,221.2121212,130.3030303,90.90909091,0,0,0,15.15151515,0,236.3636364,0,0,0,0,0,0,0,0,0,30.3030303,118.1818182,36.36363636,0,0,0,0,0,0,0,0,51.51515152,0,0,0,0,0,0,0,0,0,0,0,0,0,0,0,0,0,0,0,4211219.537,1534025.803,1534025.803,3810645.076,961434.6884,4772079.764,-2677193.734,28.5
4,0,0,0,0,0,0,0,0,0,0,15190,38,1,238474,6,0.26,0.26,0,0,0,0.26,0.26,0,0,0,0,0,0,0,0,0.25,0.25,0,0,0,0.25,0.25,0,0,0,0,0,0,0,0,19,2,320,60760,0,60760,0,0,0,0,0,0,0,0,0,0,60760,611680,325840,1056760,0,43040,0,0,67600,2173883.467,675045.44,2848928.907,663142.4,1091880,0,1091880,20833320,0,0,20833320,5916225.307,728593.3744,279437.85,1008031.224,5444,0,1544,572,7831.96,13275.96,10338156,8936266.36,19274422.36,0,0,0,0,0,0,0,0,0,0,0,0,4420,4420,1320,992,328,0,0,0,124,0,1444,0,0,0,0,0,0,0,244,0,32,412,64,0,0,160,0,0,264,0,0,204,0,0,0,0,0,64,0,0,0,0,0,0,0,0,0,0,0,0,0,22933231.22,13358197.05,13358197.05,26749545.31,2099911.224,28849456.53,-9575034.171,101.5714286
4,0,0,0,0,0,0,0,0,0,0,17870,36,1,247791,5,0.33,0,0,0.33,0,0.33,0,0,0.33,0,0,0,0,0,0,0.13,0,0,0.13,0,0.13,0,0,0.13,0,0,0,0,0,0,24,2,384.6153846,137461.5385,0,137461.5385,0,0,0,0,0,0,0,0,0,0,137461.5385,979692.3077,632153.8462,0,0,0,0,0,584846.1538,1447629.872,42429.73626,1490059.608,292250.3205,787384.6154,0,787384.6154,6603415.385,1273153.846,347530.7692,8224100,5693582.841,275019.1317,128282.7842,403301.9159,29076.92308,0,0,0,0,29076.92308,33612923.08,0,33612923.08,0,0,0,0,0,0,0,0,0,0,0,0,9446.153846,9446.153846,169.2307692,169.2307692,0,115.3846154,0,115.3846154,207.6923077,0,492.3076923,0,0,0,0,0,0,0,38.46153846,0,0,284.6153846,30.76923077,0,0,0,0,0,84.61538462,0,0,53.84615385,0,0,0,0,0,0,0,0,0,0,0,0,0,0,0,0,0,0,0,8085458.465,27919340.24,29248668.3,12588354.77,1190686.531,13779041.31,19833881.77,98.38888889
4,0,0,0,0,0,0,0,0,0,0,18270,38,2,238474,6,0.83,0,0,0.83,0,0.83,0,0,0.83,0,0,0,0,0,0,0.83,0,0,0.83,0,0.83,0,0,0.83,0,0,0,0,0,0,36,1,1445.783133,22012.04819,0,22012.04819,0,0,0,0,0,0,0,0,0,0,22012.04819,907771.0843,129072.2892,0,0,0,0,0,46819.27711,256704.3373,70220.36018,326924.6975,0,1233337.349,0,1233337.349,4382980.723,9110601.205,0,13493581.93,10781674.6,92017.84598,177380.968,269398.814,4250.60241,0,1204.819277,515.6626506,6321.493976,10572.09639,5266496.386,7212824.627,12479321.01,0,0,0,0,0,0,0,0,0,0,0,0,5920.481928,5920.481928,228.9156627,218.0722892,10.84337349,689.1566265,373.4939759,315.6626506,55.42168675,0,973.4939759,0,0,0,0,0,0,0,34.93975904,0,0,544.5783133,14.45783133,0,0,0,0,0,238.5542169,0,0,140.9638554,0,0,0,0,0,0,0,0,0,0,0,0,0,0,0,0,0,0,0,5885716.886,1697646.411,10808247.62,15164655.32,1502736.163,16667391.49,-4188070.475,46.47368421
4,0,0,0,0,0,0,0,0,0,0,3180,37,1,252733,5,0.27,0,0.27,0,0,0.27,0,0.27,0,0,0,0,0,0,0,0.27,0,0.27,0,0,0.27,0,0.27,0,0,0,0,0,0,0,30,2,359.2592593,11777.77778,0,11777.77778,0,0,0,0,0,0,0,0,0,0,11777.77778,853481.4815,776888.8889,1075111.111,0,0,0,0,0,168181.4815,204023.1306,372204.6121,0,1263777.778,0,1263777.778,24952400,0,0,24952400,3342196.871,209414.9336,336186.36,545601.2936,38533.33333,0,0,0,0,38533.33333,52901600,0,52901600,0,0,0,0,0,0,0,0,0,0,0,0,274.0740741,274.0740741,1714.814815,896.2962963,818.5185185,0,0,0,129.6296296,0,1844.444444,0,0,0,0,0,0,0,140.7407407,0,181.4814815,1037.037037,59.25925926,0,0,0,0,0,70.37037037,0,0,355.5555556,0,0,0,0,0,0,0,0,0,0,0,0,0,0,0,0,0,0,0,26761779.07,49559403.13,49559403.13,28294596.87,1809379.071,30103975.94,22797624.06,104.2428571
4,0,0,0,0,0,0,0,0,0,0,400,35,2,255069,6,0.8,0,0.5,0.3,0,0.8,0,0.5,0.3,0,0,0,0,0,0,0.8,0,0.5,0.3,0,0.8,0,0.5,0.3,0,0,0,0,0,0,36,2,312.5,500,0,500,0,0,0,0,0,0,0,0,0,0,500,209262.5,216087.5,0,0,4037.5,0,0,63362.5,368266.75,0,368266.75,155424.1667,1834087.5,0,1834087.5,3605806.25,2769552.5,423548.75,6798907.5,4225558.415,64901.47346,88599.71363,153501.1871,9450,0,0,0,0,9450,23407650,0,23407650,0,0,0,0,0,0,0,0,0,0,0,0,31.25,31.25,225,103.75,121.25,240,101.25,138.75,37.5,0,502.5,0,0,0,0,0,0,0,36.25,0,0,391.25,1.25,0,0,0,0,22.5,25,0,0,26.25,0,0,0,0,0,0,0,0,0,0,0,0,0,0,0,0,0,0,0,5832947.689,19182091.58,22135640.08,8070917.417,1987588.687,10058506.1,13349143.9,34.33333333
4,0,0,0,0,0,0,0,0,0,0,4770,37,1,252733,6,0.27,0,0.27,0,0,0.27,0,0.27,0,0,0,0,0,0,0,0.27,0,0.27,0,0,0.27,0,0.27,0,0,0,0,0,0,0,25,2,325.9259259,17666.66667,0,17666.66667,0,0,0,0,0,0,0,0,0,0,17666.66667,337777.7778,459740.7407,0,0,0,0,0,0,76854.25926,204023.1306,280877.3899,221047.5309,947814.8148,0,947814.8148,15282307.41,0,0,15282307.41,1569843.106,229332.4781,195584.535,424917.0131,9333.333333,0,0,0,0,9333.333333,13869333.33,0,13869333.33,0,0,0,0,0,0,0,0,0,0,0,0,274.0740741,274.0740741,1096.296296,592.5925926,503.7037037,0,0,0,37.03703704,0,1133.333333,0,0,0,0,0,0,0,44.44444444,0,144.4444444,844.4444444,44.44444444,0,0,0,0,0,0,0,0,55.55555556,0,0,0,0,0,0,0,0,0,0,0,0,0,0,0,0,0,0,0,16655039.24,12299490.23,12299490.23,16852150.51,1372731.828,18224882.34,-4355549.008,104.2428571
4,0,0,0,0,0,0,0,0,0,0,4770,38,1,238474,5,0.17,0,0.17,0,0,0,0,0,0,0,0.17,0,0.17,0,0,0.17,0,0.17,0,0,0,0,0,0,0,0.17,0,0.17,0,0,19,1,1000,28058.82353,0,28058.82353,0,0,0,0,0,0,0,0,0,0,28058.82353,693294.1176,91705.88235,0,0,0,0,0,94411.76471,363280.3922,779439.1641,1142719.556,0,0,6310294.118,6310294.118,34650594.12,0,0,34650594.12,8598958.262,843795.9428,432030.4862,1275826.429,17788.23529,0,0,2517.647059,7628.470588,25416.70588,23498258.82,8704084.941,32202343.76,0,0,0,0,0,0,0,0,0,0,0,0,7223.529412,7223.529412,2576.470588,1335.294118,1241.176471,0,0,0,47.05882353,0,2623.529412,0,0,0,0,0,0,0,129.4117647,0,0,1894.117647,94.11764706,0,0,70.58823529,0,0,282.3529412,0,0,152.9411765,0,0,0,0,0,0,0,0,0,0,0,0,0,0,0,0,0,0,0,35926420.55,23603385.5,29913679.62,36939258.26,7586120.547,44525378.81,-12323035.04,101.5714286
4,0,0,0,0,0,0,0,0,0,0,680,99,2,239968,6,0.33,0.33,0,0,0,0.33,0.33,0,0,0,0,0,0,0,0,0.33,0.33,0,0,0,0.33,0.33,0,0,0,0,0,0,0,0,20,1,454.5454545,2060.606061,0,2060.606061,0,0,0,0,0,0,0,0,0,0,2060.606061,0,107363.6364,0,0,0,0,0,0,92721.9697,257978.7879,350700.7576,452142.7273,620424.2424,0,620424.2424,3384615.152,0,0,3384615.152,1152235.727,347120.3734,42452.57864,389572.9521,1603.030303,0,12.12121212,9.090909091,75.42424242,1678.454545,2382103.03,109591.4242,2491694.455,0,0,0,0,0,0,0,0,0,0,0,0,1487.878788,1487.878788,215.1515152,133.3333333,81.81818182,0,0,0,24.24242424,0,239.3939394,0,0,0,0,0,0,0,0,0,15.15151515,154.5454545,24.24242424,0,0,0,0,0,21.21212121,0,0,24.24242424,0,0,0,0,0,0,0,0,0,0,0,0,0,0,0,0,0,0,0,4394612.346,1339458.727,1339458.727,4536850.879,1009997.194,5546848.073,-3055153.619,28.5
4,0,0,0,0,0,0,0,0,0,0,6830,99,1,239968,6,0.16,0.16,0,0,0,0.16,0.16,0,0,0,0,0,0,0,0,0.16,0.16,0,0,0,0.16,0.16,0,0,0,0,0,0,0,0,17,1,312.5,42687.5,0,42687.5,0,0,0,0,0,0,0,0,0,0,42687.5,209312.5,177125,0,0,0,0,0,0,243873.4375,28133.8125,272007.25,1036160.625,1066312.5,0,1066312.5,8783293.75,0,0,8783293.75,1977260.875,175831.7304,111930.8878,287762.6182,1812.5,0,0,0,0,1812.5,2693375,0,2693375,0,0,0,0,0,0,0,0,0,0,0,0,4606.25,4606.25,606.25,325,281.25,0,0,0,43.75,0,650,0,0,0,0,0,0,0,12.5,0,25,218.75,75,0,0,0,0,0,81.25,0,0,237.5,0,0,0,0,0,0,0,0,0,0,0,0,0,0,0,0,0,0,0,10137368.87,716114.125,716114.125,10760554.63,1354075.118,12114629.74,-9421254.743,226.1111111
4,0,0,0,0,0,0,0,0,0,0,6840,99,2,239968,6,0.2,0,0.2,0,0,0.2,0,0.2,0,0,0,0,0,0,0,0.2,0,0.2,0,0,0.2,0,0.2,0,0,0,0,0,0,0,18,1,350,34200,0,34200,0,0,0,0,0,0,0,0,0,0,34200,0,141700,0,0,0,0,0,0,182466.75,643818.2979,826285.0479,0,682450,0,682450,4146385,0,0,4146385,1242153.048,708084.8879,52515.76275,760600.6506,630,0,0,0,0,630,936180,0,936180,0,0,0,0,0,0,0,0,0,0,0,0,1290,1290,230,220,10,0,0,0,40,0,270,0,0,0,0,0,0,0,0,0,10,40,105,0,0,0,0,0,45,0,0,70,0,0,0,0,0,0,0,0,0,0,0,0,0,0,0,0,0,0,0,5589435.651,-305973.0479,-305973.0479,5388538.048,1443050.651,6831588.698,-5895408.698,28.5
4,0,0,0,0,0,0,0,0,0,0,7510,99,2,239968,6,0.26,0.26,0,0,0,0.26,0.26,0,0,0,0,0,0,0,0,0.26,0.26,0,0,0,0.26,0.26,0,0,0,0,0,0,0,0,26,1,192.3076923,28884.61538,0,28884.61538,0,0,0,0,0,0,0,0,0,0,28884.61538,64384.61538,54500,0,0,0,0,0,0,269920.6731,229199.2946,499119.9677,0,1181153.846,0,1181153.846,5028076.923,0,0,5028076.923,886857.1984,273897.0664,62886.53077,336783.5972,1019.230769,0,0,92.30769231,279.6923077,1298.923077,1514576.923,406392.9231,1920969.846,0,0,0,0,0,0,0,0,0,0,0,0,3776.923077,3776.923077,361.5384615,211.5384615,150,0,0,0,11.53846154,0,373.0769231,0,0,0,0,0,0,0,26.92307692,0,15.38461538,196.1538462,92.30769231,0,0,0,0,0,0,0,0,42.30769231,0,0,0,0,0,0,0,0,0,0,0,0,0,0,0,0,0,0,0,6546014.366,1034112.648,1034112.648,5914934.122,1517937.443,7432871.565,-5511901.719,28.5
4,0,0,0,0,0,0,0,0,1110970,0,3180,37,2,252733,5,0.52,0,0.52,0,0,0.52,0,0.52,0,0,0,0,0,0,0,0.52,0,0.52,0,0,0.52,0,0.52,0,0,0,0,0,0,0,36,1,384.6153846,2142596.154,0,2142596.154,0,0,0,0,0,0,0,0,2136480.769,0,6115.384615,985211.5385,204365.3846,1569846.154,0,0,0,0,48730.76923,530273.6538,347310.0455,877583.6994,0,413403.8462,0,413403.8462,14586232.69,0,0,14586232.69,6081066.699,348622.4025,237374.3397,585996.7423,18415.38462,0,0,0,0,18415.38462,29796092.31,0,29796092.31,0,0,0,0,0,0,0,0,0,0,13028.84615,0,944.2307692,13973.07692,1055.769231,515.3846154,540.3846154,0,0,0,42.30769231,0,1098.076923,0,0,0,0,0,0,0,46.15384615,0,251.9230769,661.5384615,71.15384615,0,0,0,0,0,0,0,0,67.30769231,0,0,0,0,0,0,0,0,0,0,0,0,0,0,0,0,0,0,0,15585633.28,23715025.61,23715025.61,20667299.39,999400.5884,21666699.98,8129392.328,44.52941176
4,0,0,0,0,0,0,0,0,148130,0,0,37,1,252733,5,0.1,0,0.1,0,0,0.1,0,0.1,0,0,0,0,0,0,0,0.1,0,0.1,0,0,0.1,0,0.1,0,0,0,0,0,0,0,46,1,300,1481300,0,1481300,0,0,0,0,0,0,0,0,1481300,0,0,2279600,871300,1070800,0,0,0,0,42200,1297051,688004.2105,1985055.211,1193658,307200,0,307200,32015530,0,0,32015530,9176646.211,781697.3953,458792.8695,1240490.265,15120,0,0,0,0,15120,31767120,0,31767120,0,0,0,0,0,0,0,0,0,0,9030,0,0,9030,2030,1060,970,0,0,0,270,0,2300,0,0,0,0,0,0,0,120,0,490,1290,80,0,0,0,0,0,0,0,0,320,0,0,0,0,0,0,0,0,0,0,0,0,0,0,0,0,0,0,0,33563220.26,22590473.79,22590473.79,41192176.21,1547690.265,42739866.48,-10972746.48,104.2428571
4,0,0,0,0,0,0,0,0,148130,0,3180,37,1,252733,6,0.28,0,0.28,0,0,0.28,0,0.28,0,0,0,0,0,0,0,0.28,0,0.28,0,0,0.28,0,0.28,0,0,0,0,0,0,0,28,1,335.7142857,540392.8571,0,540392.8571,0,0,0,0,0,0,0,0,529035.7143,0,11357.14286,821107.1429,144178.5714,984321.4286,0,0,0,0,30178.57143,1349398.393,552860.9492,1902259.342,0,329000,0,329000,10103003.57,0,0,10103003.57,4675170.914,339923.6387,153371.663,493295.3018,10800,0,0,0,0,10800,21405600,0,21405600,0,0,0,0,0,0,0,0,0,0,3225,0,878.5714286,4103.571429,728.5714286,396.4285714,332.1428571,0,0,0,21.42857143,0,750,0,0,0,0,0,0,0,42.85714286,0,175,460.7142857,21.42857143,0,0,0,0,0,0,0,0,50,0,0,0,0,0,0,0,0,0,0,0,0,0,0,0,0,0,0,0,10925298.87,16730429.09,16730429.09,14778174.48,822295.3018,15600469.79,5805130.213,104.2428571
4,0,0,0,0,0,0,0,0,166650,0,0,36,1,247791,6,0.4,0.2,0.2,0,0,0.4,0.2,0.2,0,0,0,0,0,0,0,0.1,0.08,0.02,0,0,0.1,0.08,0.02,0,0,0,0,0,0,0,12,2,650,1666500,0,1666500,0,0,0,0,0,0,0,0,1666500,0,0,1657100,1236300,598500,0,0,0,0,67600,2201727.833,493937.0789,2695664.912,0,2132700,0,2132700,26005990,3686340,0,29692330,11855795.91,762378.4279,424257.7095,1186636.137,8820,0,0,0,0,8820,18204480,0,18204480,0,0,0,0,0,0,0,0,0,0,11290,0,0,11290,960,960,0,280,140,140,600,0,1840,0,0,0,0,0,0,0,420,0,200,520,90,0,0,0,0,30,130,0,0,450,0,0,0,0,0,0,0,0,0,0,0,0,0,0,0,0,0,0,0,29325326.14,6348684.088,10035024.09,37861785.91,3319336.137,41181122.05,-22976642.05,98.38888889
4,0,0,0,0,0,0,0,0,185160,0,0,37,1,252733,6,0.24,0,0.24,0,0,0.24,0,0.24,0,0,0,0,0,0,0,0.21,0,0.21,0,0,0.21,0,0.21,0,0,0,0,0,0,0,46,2,238.0952381,881714.2857,0,881714.2857,0,0,0,0,0,0,0,0,881714.2857,0,0,1610428.571,377809.5238,838476.1905,0,0,0,0,28142.85714,3261141.587,414986.9048,3676128.492,0,389857.1429,0,389857.1429,5685638.095,7616566.667,0,13302204.76,15281999.59,690877.5402,207021.1307,897898.6709,9600,0,0,0,0,9600,15849600,0,15849600,0,0,0,0,0,0,0,0,0,0,5376.190476,0,0,5376.190476,452.3809524,0,452.3809524,480.952381,23.80952381,457.1428571,38.0952381,76.19047619,1047.619048,0,0,0,0,0,0,0,66.66666667,0,204.7619048,600,23.80952381,0,0,0,0,0,0,0,0,152.3809524,0,0,0,0,0,0,0,0,0,0,0,0,0,0,0,0,0,0,0,6973393.909,567600.4127,8184167.079,20967637.68,1287755.814,22255393.5,-6405793.496,104.2428571
4,0,0,0,0,0,0,0,0,212940,0,0,38,1,238474,6,0.33,0.33,0,0,0,0.33,0.33,0,0,0,0,0,0,0,0,0.33,0.33,0,0,0,0.33,0.33,0,0,0,0,0,0,0,0,26,1,818.1818182,645272.7273,0,645272.7273,0,0,0,0,0,0,0,0,645272.7273,0,0,1038696.97,30060.60606,0,0,0,0,0,58878.78788,263493.6364,192560.2424,456053.8788,732638.8889,2068030.303,0,2068030.303,27226706.06,3615654.545,0,30842360.61,6815730.404,323030.4304,396275.5268,719305.9572,11378.78788,0,1645.454545,1427.272727,10824.18182,22202.9697,13153878.79,12350391.45,25504270.24,0,0,0,0,0,0,0,0,0,0,6842.424242,0,0,6842.424242,2015.151515,1212.121212,803.030303,236.3636364,236.3636364,0,12.12121212,0,2263.636364,0,0,0,0,0,0,0,163.6363636,0,0,1539.393939,63.63636364,0,0,0,0,0,378.7878788,0,0,118.1818182,0,0,0,0,0,0,0,0,0,0,0,0,0,0,0,0,0,0,0,30014042.32,18688539.84,22304194.38,34042436.46,2787336.26,36829772.72,-11325502.48,101.5714286
4,0,0,0,0,0,0,0,0,462900,0,0,99,2,239968,6,1.52,0,0,1.52,0,1.52,0,0,1.52,0,0,0,0,0,0,0.86,0,0,0.86,0,0.86,0,0,0.86,0,0,0,0,0,0,18,2,302.3255814,538255.814,0,538255.814,0,0,0,0,0,0,0,0,538255.814,0,0,313104.6512,77279.06977,0,0,0,0,0,117872.093,211517.4903,78815.34884,290332.8391,64258.04264,277744.186,0,277744.186,3486403.488,1317589.535,144466.2791,4948459.302,2998282.762,118708.8377,72838.8968,191547.7345,0,0,2656.976744,0,10495.05814,10495.05814,0,15249319.48,15249319.48,0,0,0,0,0,0,0,0,0,0,6565.116279,0,0,6565.116279,200,91.86046512,108.1395349,124.4186047,52.3255814,72.09302326,46.51162791,0,370.9302326,0,0,0,0,0,0,0,45.34883721,0,0,265.1162791,29.06976744,0,0,0,0,0,0,0,0,31.39534884,0,0,0,0,0,0,0,0,0,0,0,0,0,0,0,0,0,0,0,4060538.971,12251036.71,13608248.97,6589529.812,469291.9206,7058821.733,8190497.744,28.5
4,0,0,0,0,0,0,0,0,592520,0,9530,37,1,252733,5,0.56,0,0.56,0,0,0.56,0,0.56,0,0,0,0,0,0,0,0.26,0,0.26,0,0,0.26,0,0.26,0,0,0,0,0,0,0,46,2,500,2315576.923,0,2315576.923,0,0,0,0,0,0,0,0,2278923.077,0,36653.84615,1565807.692,544923.0769,4004846.154,0,0,0,0,81230.76923,450980.2564,297712.5759,748692.8323,0,446230.7692,0,446230.7692,35001876.92,9935792.308,0,44937669.23,19449602.76,314755.774,649418.1542,964173.9282,44100,0,0,0,0,44100,87406200,0,87406200,0,0,0,0,0,0,0,0,0,0,13896.15385,0,2834.615385,16730.76923,2388.461538,1276.923077,1111.538462,653.8461538,653.8461538,0,173.0769231,0,3215.384615,0,0,0,0,0,0,0,76.92307692,0,634.6153846,2084.615385,123.0769231,0,0,0,0,0,123.0769231,0,0,173.0769231,0,0,0,0,0,0,0,0,0,0,0,0,0,0,0,0,0,0,0,36412281.62,67956597.24,77892389.55,54451479.68,1410404.697,55861884.38,31544315.62,104.2428571
4,0,0,0,0,0,0,0,75150,0,0,0,38,2,238474,6,0.62,0,0.62,0,0,0.62,0,0.62,0,0,0,0,0,0,0,0.62,0,0.62,0,0,0.62,0,0.62,0,0,0,0,0,0,0,31.66666667,2,282.2580645,121209.6774,0,121209.6774,0,0,0,0,0,0,0,121209.6774,0,0,0,134822.5806,237451.6129,946064.5161,0,0,0,0,24532.25806,87067.25806,361332.5316,448399.7897,0,220145.1613,0,220145.1613,11530816.13,47974.19355,0,11578790.32,2198928.628,391057.4986,158470.8823,549528.3808,21541.93548,0,0,0,0,21541.93548,13686445.16,0,13686445.16,0,0,0,0,0,0,0,0,0,1312.903226,0,0,0,1312.903226,783.8709677,491.9354839,291.9354839,3.225806452,3.225806452,0,51.61290323,0,838.7096774,0,0,0,0,0,0,0,48.38709677,0,138.7096774,475.8064516,0,0,0,0,0,51.61290323,72.58064516,0,0,51.61290323,0,0,0,0,0,0,0,0,0,0,0,0,0,0,0,0,0,0,0,12300489.67,11487516.53,11535490.73,13729744.76,769673.5421,14499418.3,-812973.1382,46.47368421
4,0,0,0,0,0,0,112510,0,0,0,0,38,1,238474,6,0.12,0,0.12,0,0,0.12,0,0.12,0,0,0,0,0,0,0,0.12,0,0.12,0,0,0.12,0,0.12,0,0,0,0,0,0,0,35,2,375,937583.3333,0,937583.3333,0,0,0,0,0,0,937583.3333,0,0,0,0,544166.6667,654166.6667,2244416.667,0,0,0,0,105583.3333,411720.5556,257765.6134,669486.169,0,227416.6667,0,227416.6667,10313333.33,1837391.667,0,12150725,7231268.502,293002.5369,202135.1963,495137.7331,10500,0,0,0,0,10500,10405500,0,10405500,0,0,0,0,0,0,0,0,5900,0,0,0,0,5900,658.3333333,575,83.33333333,125,125,0,41.66666667,0,825,0,0,0,0,0,0,0,150,0,0,266.6666667,91.66666667,0,0,0,0,0,166.6666667,0,0,150,0,0,0,0,0,0,0,0,0,0,0,0,0,0,0,0,0,0,0,11035887.73,3174231.498,5011623.164,17544601.84,722554.3998,18267156.24,-7861656.235,101.5714286
4,0,0,0,0,0,0,112510,0,0,0,3570,38,1,238474,6,0.13,0,0.13,0,0,0.13,0,0.13,0,0,0,0,0,0,0,0.13,0,0.13,0,0,0.13,0,0.13,0,0,0,0,0,0,0,35,2,269.2307692,892923.0769,0,892923.0769,0,0,0,0,0,0,865461.5385,0,0,0,27461.53846,543153.8462,942923.0769,5156538.462,0,0,0,0,65000,618659.359,262507.2543,881166.6132,0,288692.3077,0,288692.3077,1270992.308,21105376.92,0,22376369.23,29825556,330800.805,364219.4285,695020.2334,36830.76923,0,0,0,0,36830.76923,27223753.85,0,27223753.85,0,0,0,0,0,0,0,0,5446.153846,0,0,0,1892.307692,7338.461538,7.692307692,0,7.692307692,1407.692308,1407.692308,0,61.53846154,0,1476.923077,0,0,0,0,0,0,0,161.5384615,0,330.7692308,692.3076923,84.61538462,0,0,0,0,61.53846154,76.92307692,0,0,69.23076923,0,0,0,0,0,0,0,0,0,0,0,0,0,0,0,0,0,0,0,2254704.849,-2601802.152,18503574.77,31096548.31,983712.5411,32080260.85,-4856507.001,101.5714286
4,0,0,0,0,0,0,140640,0,0,0,0,37,1,252733,6,0.31,0.31,0,0,0,0.31,0.31,0,0,0,0,0,0,0,0,0.31,0.31,0,0,0,0.31,0.31,0,0,0,0,0,0,0,0,21,2,645.1612903,453677.4194,0,453677.4194,0,0,0,0,0,0,453677.4194,0,0,0,0,1094354.839,160000,502000,0,0,0,0,40838.70968,272750.1075,408363.7895,681113.897,0,1238322.581,0,1238322.581,8831554.839,1083577.419,0,9915132.258,4268295.284,423700.0616,147816.9392,571517.0008,7803.225806,0,0,0,0,7803.225806,10415577.42,0,10415577.42,0,0,0,0,0,0,0,0,14270.96774,0,0,0,0,14270.96774,648.3870968,341.9354839,306.4516129,87.09677419,87.09677419,0,32.25806452,0,767.7419355,0,0,0,19.35483871,0,0,0,83.87096774,0,0,87.09677419,232.2580645,0,0,0,0,0,180.6451613,0,0,112.9032258,51.61290323,0,0,0,0,0,0,0,0,0,0,0,0,0,0,0,0,0,0,10641394.42,6147282.135,7230859.555,13099850.12,1809839.581,14909689.7,-4494112.285,104.2428571
4,0,0,0,0,0,0,154700,0,0,0,0,37,1,252733,6,0.24,0,0.24,0,0,0.24,0,0.24,0,0,0,0,0,0,0,0.24,0,0.24,0,0,0.24,0,0.24,0,0,0,0,0,0,0,13.2,1,179.1666667,644583.3333,0,644583.3333,0,0,0,0,0,0,644583.3333,0,0,0,0,341875,91416.66667,0,0,0,0,0,422375,1588869.167,1210378.333,2799247.5,0,2040250,0,2040250,2012504.167,2294550,0,4307054.167,6846780.5,1257919.881,70558.74563,1328478.627,4725,0,0,0,0,4725,5202225,0,5202225,0,0,0,0,0,0,0,0,3687.5,0,0,0,0,3687.5,70.83333333,33.33333333,37.5,150,150,0,58.33333333,0,279.1666667,0,0,0,0,0,0,0,50,0,0,150,33.33333333,0,0,0,0,0,0,0,0,45.83333333,0,0,0,0,0,0,0,0,0,0,0,0,0,0,0,0,0,0,0,5381232.793,-1644555.5,649994.5,8859284.667,3368728.627,12228013.29,-7025788.293,104.2428571
4,0,0,0,0,0,0,173460,0,0,0,0,35,2,255069,6,0.47,0,0,0.47,0,0.47,0,0,0.47,0,0,0,0,0,0,0.47,0,0,0.47,0,0.47,0,0,0.47,0,0,0,0,0,0,18,2,404.2553191,369063.8298,0,369063.8298,0,0,0,0,0,0,369063.8298,0,0,0,0,0,90446.80851,0,0,9148.93617,0,0,35957.44681,130129.8227,77258.19149,207388.0142,396827.6596,471893.617,0,471893.617,575787.234,1347717.021,0,1923504.255,2711618.716,147294.1884,29501.67351,176795.8619,0,0,151.0638298,0,596.7021277,596.7021277,0,1130750.532,1130750.532,0,0,0,0,0,0,0,0,1882.978723,0,0,0,0,1882.978723,0,0,0,91.4893617,91.4893617,0,29.78723404,0,121.2765957,0,0,0,0,0,0,0,0,0,0,19.14893617,72.34042553,0,0,0,0,0,0,0,0,29.78723404,0,0,0,0,0,0,0,0,0,0,0,0,0,0,0,0,0,0,0,1224476.713,-1580868.184,-233151.1631,3287405.95,648689.4789,3936095.429,-2805344.897,34.33333333
4,0,0,0,0,0,0,178140,0,0,0,0,35,1,255069,6,0.31,0,0.22,0,0.09,0.31,0,0.22,0,0.09,0,0,0,0,0,0.2,0,0.19,0,0.01,0.2,0,0.19,0,0.01,0,0,0,0,0,16.6,2,495,890700,0,890700,0,0,0,0,0,0,890700,0,0,0,0,344450,85000,0,0,0,0,0,84500,274753.75,172001.1132,446754.8632,0,1651100,0,1651100,3391630,0,0,3391630,2106473.863,206973.9748,58274.802,265248.7768,0,0,180,0,711,711,0,1347345,1347345,0,0,0,0,0,0,0,0,8850,0,0,0,0,8850,210,180,30,0,0,0,20,0,230,0,0,0,0,0,0,0,50,0,0,25,35,0,0,0,0,0,0,0,0,120,0,0,0,0,0,0,0,0,0,0,0,0,0,0,0,0,0,0,0,5307978.777,-759128.8632,-759128.8632,5498103.863,1916348.777,7414452.64,-6067107.64,66.3
4,0,0,0,0,0,0,192210,0,0,0,0,38,1,238474,6,0.32,0.16,0.16,0,0,0.32,0.16,0.16,0,0,0,0,0,0,0,0.32,0.16,0.16,0,0,0.32,0.16,0.16,0,0,0,0,0,0,0,35,2,359.375,600656.25,0,600656.25,0,0,0,0,0,0,600656.25,0,0,0,0,145125,342781.25,2038718.75,0,0,0,0,26406.25,184659.6875,970492.4753,1155152.163,0,213250,0,213250,9400125,2760462.5,0,12160587.5,7307776.163,864787.3046,186068.4413,1050855.746,9056.25,0,0,0,0,9056.25,12976031.25,0,12976031.25,0,0,0,0,0,0,0,0,3318.75,0,0,0,0,3318.75,621.875,500,121.875,184.375,184.375,0,31.25,0,837.5,0,0,0,0,0,0,0,18.75,0,131.25,459.375,84.375,0,0,0,0,0,50,0,0,93.75,0,0,0,0,0,0,0,0,0,0,0,0,0,0,0,0,0,0,0,10664230.75,5668255.087,8428717.587,16707901.16,1264105.746,17972006.91,-4995975.659,101.5714286
4,0,0,0,0,0,0,249400,93940,0,0,0,35,1,255069,6,0.26,0,0.26,0,0,0.26,0,0.26,0,0,0,0,0,0,0,0.26,0,0.26,0,0,0.26,0,0.26,0,0,0,0,0,0,0,30,2,669.2307692,1320538.462,0,1320538.462,0,0,0,0,0,0,959230.7692,361307.6923,0,0,0,494038.4615,158076.9231,0,330807.6923,41384.61538,11031076.92,0,65000,324716.7308,74484.76923,399201.5,0,2263923.077,0,2263923.077,4885826.923,5161461.538,0,10047288.46,19256655.12,118478.4654,285381.7702,403860.2356,0,0,2196.153846,0,8674.807692,8674.807692,0,16438760.58,16438760.58,0,0,0,0,0,0,0,0,4765.384615,3130.769231,0,0,0,7896.153846,238.4615385,92.30769231,146.1538462,269.2307692,173.0769231,96.15384615,100,38.46153846,646.1538462,0,0,0,0,0,0,0,150,0,0,338.4615385,50,0,0,0,0,0,0,0,0,107.6923077,0,0,0,0,0,0,0,0,0,0,0,0,0,0,0,0,0,0,0,7553610.236,-2817894.538,13374643.92,24142482.04,2667783.312,26810265.35,-10371504.77,66.3
4,0,0,0,0,0,0,281280,0,0,0,7150,38,3,238474,6,1.33,0,0.83,0.5,0,1.33,0,0.83,0.5,0,0,0,0,0,0,1.33,0,0.83,0.5,0,1.33,0,0.83,0.5,0,0,0,0,0,0,35,2,819.5488722,216864.6617,0,216864.6617,0,0,0,0,0,0,211488.7218,0,0,0,5375.93985,128180.4511,183360.9023,1620060.15,0,0,0,0,17781.95489,350686.604,386775.0376,737461.6416,0,179578.9474,0,179578.9474,3172857.143,1103750.376,0,4276607.519,4245934.138,373929.4078,78280.69602,452210.1038,7673.684211,0,0,0,0,7673.684211,3685357.895,0,3685357.895,0,0,0,0,0,0,0,0,1330.827068,0,0,0,369.1729323,1700,201.5037594,172.1804511,29.32330827,73.68421053,73.68421053,0,15.03759398,0,290.2255639,0,0,0,0,0,0,0,22.55639098,0,25.56390977,139.8496241,47.36842105,0,0,0,0,0,15.03759398,0,0,39.84962406,0,0,0,0,0,0,0,0,0,0,0,0,0,0,0,0,0,0,0,3804646.194,-560576.2431,543174.1328,7418791.281,631789.0512,8050580.332,-4365222.437,44.66666667
4,0,0,0,0,0,0,323470,0,0,0,0,36,1,247791,6,0.46,0,0,0.46,0,0.46,0,0,0.46,0,0,0,0,0,0,0.38,0,0,0.38,0,0.38,0,0,0.38,0,0,0,0,0,0,26,2,342.1052632,851236.8421,0,851236.8421,0,0,0,0,0,0,851236.8421,0,0,0,0,596368.4211,330000,0,0,0,0,0,5113105.263,889638.7281,100606.9398,990245.6679,299941.2281,898000,0,898000,5366400,5102971.053,118892.1053,10588263.16,13589609.75,225788.5578,212369.5303,438158.0881,9947.368421,0,0,0,0,9947.368421,14781789.47,0,14781789.47,0,0,0,0,0,0,0,0,6986.842105,0,0,0,0,6986.842105,221.0526316,68.42105263,152.6315789,47.36842105,0,47.36842105,139.4736842,218.4210526,626.3157895,0,0,0,2.631578947,0,0,0,144.7368421,0,0,102.6315789,21.05263158,0,0,21.05263158,0,0,250,0,0,84.21052632,0,0,0,0,0,0,0,0,0,0,0,0,0,0,0,0,0,0,0,6763499.915,1192179.72,6353101.051,19016951.58,1336158.088,20353109.67,-5571320.195,98.38888889
4,0,0,0,0,0,0,328160,0,0,0,0,38,2,238474,5,0.48,0.39,0.09,0,0,0.48,0.39,0.09,0,0,0,0,0,0,0,0.38,0.29,0.09,0,0,0.38,0.29,0.09,0,0,0,0,0,0,0,17.33333333,2,1484.210526,863578.9474,0,863578.9474,0,0,0,0,0,0,863578.9474,0,0,0,0,828236.8421,371447.3684,1951500,0,0,0,0,155605.2632,1278966.447,85553.02632,1364519.474,0,2534473.684,0,2534473.684,27230700,2497168.421,0,29727868.42,8270530.316,118225.5409,411863.5776,530089.1185,40121.05263,0,0,0,0,40121.05263,59637126.32,0,59637126.32,0,0,0,0,0,0,0,0,4657.894737,0,0,0,0,4657.894737,1894.736842,1110.526316,784.2105263,226.3157895,0,226.3157895,97.36842105,0,2218.421053,0,0,0,0,0,0,0,115.7894737,0,344.7368421,1357.894737,52.63157895,0,0,26.31578947,0,0,184.2105263,0,0,136.8421053,0,0,0,0,0,0,0,0,0,0,0,0,0,0,0,0,0,0,0,30295262.8,51366596,53863764.42,35501230.32,3064562.803,38565793.12,21071333.2,46.47368421
4,0,0,0,0,0,0,36290,0,0,0,4050,37,1,252733,6,0.2,0,0.2,0,0,0.2,0,0.2,0,0,0,0,0,0,0,0.18,0,0.18,0,0,0.18,0,0.18,0,0,0,0,0,0,0,32.25,2,672.2222222,224111.1111,0,224111.1111,0,0,0,0,0,0,201611.1111,0,0,0,22500,267277.7778,23611.11111,430277.7778,0,0,1327833.333,0,140777.7778,628808.3333,0,628808.3333,0,663500,0,663500,6852272.222,3586561.111,0,10438833.33,6881991.333,31153.48763,156160.575,187314.0626,4200,0,0,0,0,4200,6589800,0,6589800,0,0,0,0,0,0,0,0,883.3333333,0,0,0,1638.888889,2522.222222,566.6666667,0,566.6666667,261.1111111,116.6666667,144.4444444,38.88888889,11.11111111,877.7777778,0,0,0,0,0,0,0,44.44444444,0,150,377.7777778,66.66666667,0,0,0,0,0,0,0,0,238.8888889,0,0,0,0,0,0,0,0,0,0,0,0,0,0,0,0,0,0,0,7703086.285,-292191.3333,4622203.111,13734263.56,850814.0626,14585077.62,-7995277.618,104.2428571
4,0,0,0,0,0,0,375040,0,0,0,0,35,1,255069,6,0.33,0,0.33,0,0,0.33,0,0.33,0,0,0,0,0,0,0,0.33,0,0.33,0,0,0.33,0,0.33,0,0,0,0,0,0,0,20,2,545.4545455,1136484.848,0,1136484.848,0,0,0,0,0,0,1136484.848,0,0,0,0,575030.303,837393.9394,0,0,9787.878788,0,0,102393.9394,2384571.061,54562.54545,2439133.606,1758333.333,2585030.303,0,2585030.303,21166036.36,36592909.09,2532739.394,60291684.85,45311141.11,537043.002,764876.2255,1301919.227,15272.72727,0,0,0,0,15272.72727,34684363.64,0,34684363.64,0,0,0,0,0,0,0,0,4290.909091,0,0,0,0,4290.909091,1145.454545,718.1818182,427.2727273,2309.090909,1003.030303,1306.060606,293.9393939,106.0606061,3854.545455,0,0,0,0,0,0,0,36.36363636,0,0,3039.393939,103.030303,0,0,0,0,18.18181818,366.6666667,0,0,196.969697,0,0,0,0,0,93.93939394,0,0,0,0,0,0,0,0,0,0,0,0,0,25981120.12,-10626777.47,27570736.79,67405311.7,3886949.53,71292261.23,-36607897.59,66.3
4,0,0,0,0,0,0,403170,0,0,0,16880,37,3,252733,6,0.85,0,0.85,0,0,0.85,0,0.85,0,0,0,0,0,0,0,0.85,0,0.85,0,0,0.85,0,0.85,0,0,0,0,0,0,0,42.66666667,2,211.7647059,494176.4706,0,494176.4706,0,0,0,0,0,0,474317.6471,0,0,0,19858.82353,800376.4706,141705.8824,1513905.882,0,0,0,0,79505.88235,461598.3333,0,461598.3333,0,180635.2941,0,180635.2941,13807150.59,791844.7059,0,14598995.29,4535846.627,45869.88142,214188.2905,260058.1719,14823.52941,0,0,0,0,14823.52941,24473647.06,0,24473647.06,0,0,0,0,0,0,0,0,2082.352941,0,0,0,1444.705882,3527.058824,891.7647059,392.9411765,498.8235294,51.76470588,51.76470588,0,121.1764706,0,1064.705882,0,0,0,0,0,0,0,163.5294118,0,243.5294118,545.8823529,29.41176471,0,0,0,0,0,0,0,0,82.35294118,0,0,0,0,0,0,0,0,0,0,0,0,0,0,0,0,0,0,0,14247844.05,19937800.43,20729645.14,18342997.22,440693.466,18783690.68,5689956.377,35.73333333
4,0,0,0,0,0,0,403170,0,786940,0,0,37,2,252733,6,0.31,0,0.29,0,0.02,0.31,0,0.29,0,0.02,0,0,0,0,0,0.25,0,0.23,0,0.02,0.25,0,0.23,0,0.02,0,0,0,0,0,36,2,340,4760440,0,4760440,0,0,0,0,0,0,1612680,0,3147760,0,0,497120,243800,2585640,0,0,0,0,135160,1572804.667,0,1572804.667,0,648320,0,648320,19623288,8908380,0,28531668,18956077.67,98237.043,446559.0102,544796.0532,25200,0,0,0,0,25200,33289200,0,33289200,0,0,0,0,0,0,0,0,7080,0,9032,0,0,16112,1128,1128,0,608,516,92,128,0,1864,0,0,0,0,0,0,0,64,0,480,1108,84,0,0,0,0,0,64,0,0,64,0,0,0,0,0,0,0,0,0,0,0,0,0,0,0,0,0,0,0,20816404.05,14333122.33,23241502.33,38579365.67,1193116.053,39772481.72,-6483281.72,44.52941176
4,0,0,0,0,0,0,403170,0,786940,0,0,37,2,252733,6,0.34,0.34,0,0,0,0.34,0.34,0,0,0,0,0,0,0,0,0.23,0.23,0,0,0,0.23,0.23,0,0,0,0,0,0,0,0,47.25,2,456.5217391,5174391.304,0,5174391.304,0,0,0,0,0,0,1752913.043,0,3421478.261,0,0,2188695.652,234173.913,2797434.783,0,0,0,0,330565.2174,1254442.029,0,1254442.029,0,537826.087,0,537826.087,32570395.65,18366069.57,1473217.391,52409682.61,31129700.81,76244.79357,767089.5633,843334.3568,31500,0,0,0,0,31500,48132000,0,48132000,0,0,0,0,0,0,0,0,7695.652174,0,9817.391304,0,0,17513.04348,2408.695652,1047.826087,1360.869565,1895.652174,291.3043478,1604.347826,86.95652174,0,4391.304348,0,0,0,0,0,0,0,339.1304348,0,643.4782609,3004.347826,143.4782609,0,0,0,0,0,0,0,0,260.8695652,0,0,0,0,0,0,0,0,0,0,0,0,0,0,0,0,0,0,0,34893578.14,17002299.19,35899564.1,64642118.51,1381160.444,66023278.95,-17891278.95,44.52941176
4,0,0,0,0,0,0,421920,0,0,0,0,38,1,238474,6,0.39,0,0.39,0,0,0.39,0,0.39,0,0,0,0,0,0,0,0.39,0,0.39,0,0,0.39,0,0.39,0,0,0,0,0,0,0,30,2,423.0769231,1081846.154,0,1081846.154,0,0,0,0,0,0,1081846.154,0,0,0,0,350615.3846,409153.8462,3790666.667,857692.3077,0,0,0,26000,118765,914895.9758,1033660.976,0,218743.5897,0,218743.5897,11592869.23,4205292.308,0,15798161.54,11993401.64,962720.2473,271116.7512,1233836.998,13246.15385,0,0,0,0,13246.15385,15740792.31,0,15740792.31,0,0,0,0,0,0,0,0,6807.692308,0,0,0,0,6807.692308,692.3076923,679.4871795,12.82051282,312.8205128,182.0512821,130.7692308,64.1025641,0,1069.230769,0,0,0,0,0,0,0,23.07692308,0,184.6153846,638.4615385,53.84615385,0,0,0,0,0,41.02564103,0,0,128.2051282,0,0,0,0,0,0,0,0,0,0,0,0,0,0,0,0,0,0,0,13045449.82,3747390.665,7952682.973,23586270.87,1452580.588,25038851.46,-9298059.154,101.5714286
4,0,0,0,0,0,0,478180,0,0,0,10130,38,2,238474,6,0.66,0,0,0.66,0,0.66,0,0,0.66,0,0,0,0,0,0,0.66,0,0,0.66,0,0.66,0,0,0.66,0,0,0,0,0,0,53.5,2,166.6666667,739863.6364,0,739863.6364,0,0,0,0,0,0,724515.1515,0,0,0,15348.48485,320575.7576,283818.1818,118166.6667,0,58696.9697,0,0,51196.9697,989532.0455,652226.625,1641758.67,0,542848.4848,0,542848.4848,12821193.94,0,0,12821193.94,3452550.852,673229.6898,174881.1723,848110.862,3580.30303,0,0,130.3030303,394.8181818,3975.121212,7686910.606,450487.5455,8137398.152,0,0,0,0,0,0,0,0,4557.575758,0,0,0,1116.666667,5674.242424,500,371.2121212,128.7878788,0,0,0,304.5454545,0,804.5454545,0,0,0,0,0,0,0,80.3030303,0,12.12121212,136.3636364,25.75757576,0,0,48.48484848,0,0,209.0909091,0,0,268.1818182,0,0,0,0,0,24.24242424,0,0,0,0,0,0,0,0,0,0,0,0,0,14212153.29,4684847.299,4684847.299,16273744.79,1390959.347,17664704.14,-9527305.987,46.47368421
4,0,0,0,0,0,0,492240,0,0,0,0,38,1,238474,6,0.33,0,0.33,0,0,0.33,0,0.33,0,0,0,0,0,0,0,0.33,0,0.33,0,0,0.33,0,0.33,0,0,0,0,0,0,0,35,2,363.6363636,1491636.364,0,1491636.364,0,0,0,0,0,0,1491636.364,0,0,0,0,308666.6667,447848.4848,5450181.818,0,0,0,0,33272.72727,881497.8283,183390.7071,1064888.535,0,206818.1818,0,206818.1818,2936424.242,4830196.97,0,7766621.212,13865165.57,248335.0963,188303.4614,436638.5577,15654.54545,0,0,0,0,15654.54545,15005836.36,0,15005836.36,0,0,0,0,0,0,0,0,8045.454545,0,0,0,0,8045.454545,203.030303,0,203.030303,321.2121212,321.2121212,0,39.39393939,0,563.6363636,0,0,0,0,0,0,0,45.45454545,0,75.75757576,318.1818182,33.33333333,0,0,0,0,45.45454545,0,0,0,45.45454545,0,0,0,0,0,0,0,0,0,0,0,0,0,0,0,0,0,0,0,3579880.982,1140670.798,5970867.768,16801589.81,643456.7395,17445046.55,-2439210.184,101.5714286
4,0,0,0,0,0,0,506300,0,0,0,0,38,1,238474,6,0.46,0.16,0.3,0,0,0.46,0.16,0.3,0,0,0,0,0,0,0,0.46,0.16,0.3,0,0,0.46,0.16,0.3,0,0,0,0,0,0,0,35,2,347.826087,1100652.174,0,1100652.174,0,0,0,0,0,0,1100652.174,0,0,0,0,297152.1739,358586.9565,2498195.652,0,0,0,0,31217.3913,194671.3768,1448940.963,1643612.339,0,259630.4348,0,259630.4348,5060573.913,7046543.478,0,12107117.39,13214434.17,1627955.816,199173.9991,1827129.816,37389.13043,0,0,0,0,37389.13043,29511939.13,0,29511939.13,0,0,0,0,0,0,0,0,6923.913043,0,0,0,0,6923.913043,426.0869565,0,426.0869565,502.173913,384.7826087,117.3913043,23.91304348,0,952.173913,0,0,0,0,0,0,0,17.39130435,0,239.1304348,532.6086957,34.7826087,0,0,0,0,50,36.95652174,0,0,41.30434783,0,0,0,0,0,0,0,0,0,0,0,0,0,0,0,0,0,0,0,7147334.163,16297504.96,23344048.44,18275008.08,2086760.25,20361768.33,9150170.801,101.5714286
4,0,0,0,0,0,0,65630,0,0,0,37330,38,1,238474,5,0.13,0,0.13,0,0,0.13,0,0.13,0,0,0,0,0,0,0,0.13,0,0.13,0,0,0.13,0,0.13,0,0,0,0,0,0,0,35,2,615.3846154,792000,0,792000,0,0,0,0,0,0,504846.1538,0,0,0,287153.8462,601461.5385,1061769.231,2071769.231,0,0,0,0,65000,503133.5897,2347047.596,2850181.186,0,131230.7692,0,131230.7692,18025484.62,2198369.231,0,20223853.85,9879024.417,2537990.135,301512.6242,2839502.759,79476.92308,0,0,0,0,79476.92308,61319353.85,0,61319353.85,0,0,0,0,0,0,0,0,2723.076923,0,0,0,18900,21623.07692,1176.923077,976.9230769,200,146.1538462,146.1538462,0,61.53846154,0,1384.615385,0,0,0,0,0,0,0,61.53846154,0,92.30769231,661.5384615,246.1538462,0,0,0,0,0,123.0769231,0,0,200,0,0,0,0,0,0,0,0,0,0,0,0,0,0,0,0,0,0,0,20996218.14,51440329.43,53638698.66,27904509.03,2970733.529,30875242.56,30444111.29,101.5714286
4,0,0,0,0,0,0,703200,0,0,0,0,38,2,238474,5,0.9,0,0.9,0,0,0.9,0,0.9,0,0,0,0,0,0,0,0.9,0,0.9,0,0,0.9,0,0.9,0,0,0,0,0,0,0,25,2,255.5555556,781333.3333,0,781333.3333,0,0,0,0,0,0,781333.3333,0,0,0,0,361344.4444,205000,1369955.556,0,0,0,0,18777.77778,110727.7407,142891.9213,253619.662,0,189566.6667,0,189566.6667,7067815.556,2274445.556,0,9342261.111,5502950.329,159104.1446,146755.8675,305860.0121,23730,0,0,0,0,23730,27734490,0,27734490,0,0,0,0,0,0,0,0,4915.555556,0,0,0,0,4915.555556,507.7777778,263.3333333,244.4444444,152.2222222,152.2222222,0,23.33333333,0,683.3333333,0,0,0,0,0,0,0,47.77777778,0,134.4444444,386.6666667,34.44444444,0,0,0,0,16.66666667,44.44444444,0,0,18.88888889,0,0,0,0,0,0,0,0,0,0,0,0,0,0,0,0,0,0,0,7563242.234,22231539.67,24505985.23,12570765.88,495426.6787,13066192.56,14668297.44,46.47368421
4,0,0,0,0,0,0,797900,0,0,0,0,35,1,255069,6,0.49,0,0.49,0,0,0.49,0,0.49,0,0,0,0,0,0,0,0.49,0,0.49,0,0,0.49,0,0.49,0,0,0,0,0,0,0,13.66666667,2,346.9387755,1628367.347,0,1628367.347,0,0,0,0,0,0,1628367.347,0,0,0,0,68346.93878,57836.73469,0,0,0,0,0,51714.28571,344452.7211,197612.7347,542065.4558,0,365632.6531,0,365632.6531,1848675.51,1031934.694,0,2880610.204,3635334.456,262037.925,56945.53745,318983.4625,0,0,242.8571429,0,959.2857143,959.2857143,0,1817846.429,1817846.429,0,0,0,0,0,0,0,0,8306.122449,0,0,0,0,8306.122449,120.4081633,71.42857143,48.97959184,69.3877551,69.3877551,0,12.24489796,0,202.0408163,0,0,0,0,0,0,0,26.53061224,0,0,71.42857143,104.0816327,0,0,0,0,0,0,0,0,0,0,0,0,0,0,0,0,0,0,0,0,0,0,0,0,0,0,0,0,2533291.626,-1817488.027,-785553.3333,5484009.966,684616.1155,6168626.082,-4350779.653,66.3
4,0,0,0,0,0,119380,0,0,0,0,69890,37,3,252733,5,1.15,0,1.15,0,0,0.89,0,0.89,0,0,0.26,0,0.26,0,0,0.4,0,0.4,0,0,0.22,0,0.22,0,0,0.18,0,0.18,0,0,29.33333333,2,775,473175,298450,174725,0,0,0,0,0,298450,0,0,0,0,174725,2918825,322400,4505375,0,0,0,0,285100,957107.625,129574.1263,1086681.751,0,575800,355050,930850,32769912.5,8093127.5,734152.5,41597192.5,18437869.79,179454.9871,608740.1201,788195.1072,44100,0,0,0,0,44100,72809100,0,72809100,0,0,0,0,0,0,2970,2970,0,0,0,0,13512.5,13512.5,2187.5,1065,1122.5,622.5,392.5,230,225,0,3035,0,0,0,0,0,0,0,175,0,370,1912.5,122.5,0,0,0,0,0,170,0,0,285,0,0,0,0,0,0,0,0,0,0,0,0,0,0,0,0,0,0,0,34722657.57,54371230.21,62964810.25,51441482.25,1719045.107,53160527.36,19648572.64,35.73333333
4,0,0,0,0,0,127060,0,0,0,0,0,99,2,239968,5,0.52,0,0.45,0.07,0,0.52,0,0.45,0.07,0,0,0,0,0,0,0.52,0,0.45,0.07,0,0.52,0,0.45,0.07,0,0,0,0,0,0,29.11111111,2,442.3076923,244346.1538,244346.1538,0,0,0,0,0,0,244346.1538,0,0,0,0,0,2136903.846,158846.1538,0,0,0,0,0,286519.2308,566833.734,223454.4808,790288.2147,92988.78205,447846.1538,0,447846.1538,7259434.615,10570173.08,890540.3846,18720148.08,15047984.84,355522.9525,261793.1761,617316.1285,7269.230769,982.6923077,6865.384615,26.92307692,30177.40385,37446.63462,14265865.38,43847767.79,58113633.17,0,0,0,0,0,0,69.23076923,69.23076923,0,0,0,0,0,0,434.6153846,169.2307692,265.3846154,938.4615385,465.3846154,473.0769231,92.30769231,0,1465.384615,0,0,0,0,0,0,0,88.46153846,0,0,1269.230769,0,0,0,0,0,0,0,0,0,107.6923077,0,0,0,0,0,0,0,0,0,0,0,0,0,0,0,0,0,0,0,8687185.902,43065648.33,54163772.79,22670008.46,1065162.282,23735170.74,34378462.43,28.5
4,0,0,0,0,0,150520,645070,0,0,0,23630,37,1,252733,6,0.73,0,0.73,0,0,0.73,0,0.73,0,0,0,0,0,0,0,0.43,0,0.43,0,0,0.43,0,0.43,0,0,0,0,0,0,0,23.33333333,2,302.3255814,1905162.791,350046.5116,1555116.279,0,0,0,0,0,350046.5116,1500162.791,0,0,0,54953.48837,754744.186,270255.814,599930.2326,0,0,0,0,220023.2558,845189.4186,34115.88372,879305.3023,867483.5271,555488.3721,0,555488.3721,13218018.6,241837.2093,26265.11628,13486120.93,5991947.231,197505.8119,209420.2821,406926.094,5948.837209,0,0,0,0,5948.837209,7370609.302,0,7370609.302,0,0,0,0,0,0,3453.488372,3453.488372,6586.046512,0,0,0,3997.674419,10583.72093,697.6744186,697.6744186,0,23.25581395,0,23.25581395,134.8837209,0,855.8139535,0,0,0,0,0,0,0,113.9534884,0,176.744186,409.3023256,111.627907,0,0,0,0,0,0,0,0,44.18604651,0,0,0,0,0,0,0,0,0,0,0,0,0,0,0,0,0,0,0,14206226.27,1378662.071,1620971.194,19235759.04,962414.4661,20198173.5,-12827564.2,104.2428571
4,0,0,0,0,0,1660,0,0,0,0,35740,36,2,247791,6,0.99,0,0,0.99,0,0.99,0,0,0.99,0,0,0,0,0,0,0.99,0,0,0.99,0,0.99,0,0,0.99,0,0,0,0,0,0,41,2,202.020202,37777.77778,1676.767677,36101.0101,0,0,0,0,0,1676.767677,0,0,0,0,36101.0101,454606.0606,105131.3131,157191.9192,0,0,0,0,5969.69697,270425.0842,73259.74216,343684.8263,195719.1919,861676.7677,0,861676.7677,5132418.182,556763.6364,0,5689181.818,2104635.422,123221.6855,78365.78182,201587.4673,2977.777778,0,57.57575758,29.29292929,316.1818182,3293.959596,5735200,495456.9091,6230656.909,0,0,0,0,0,0,1.515151515,1.515151515,0,0,0,0,7445.454545,7445.454545,315.1515152,241.4141414,73.73737374,43.43434343,18.18181818,25.25252525,36.36363636,0,394.9494949,0,0,0,0,0,0,0,33.33333333,0,13.13131313,160.6060606,15.15151515,0,0,38.38383838,0,5.050505051,114.1414141,0,0,13.13131313,0,0,0,0,2.02020202,0,0,0,0,0,0,0,0,0,0,0,0,0,0,6195682.417,4126021.487,4682785.123,7237053.604,1063264.235,8300317.839,-2069660.93,92.11111111
4,0,0,0,0,0,18880,0,0,0,0,0,36,1,247791,6,0.52,0.14,0.38,0,0,0.52,0.14,0.38,0,0,0,0,0,0,0,0.52,0.14,0.38,0,0,0.52,0.14,0.38,0,0,0,0,0,0,0,25.2,2,440.3846154,36307.69231,36307.69231,0,0,0,0,0,0,36307.69231,0,0,0,0,0,576307.6923,412865.3846,0,0,82769.23077,0,0,629519.2308,252376.7308,24997.75709,277374.4879,0,148826.9231,0,148826.9231,4195259.615,0,0,4195259.615,2262934.719,47138.04589,72086.30048,119224.3464,3263.461538,0,0,0,0,3263.461538,5946026.923,0,5946026.923,0,0,0,0,0,0,25.96153846,25.96153846,0,0,0,0,0,0,130.7692308,130.7692308,0,0,0,0,117.3076923,0,248.0769231,0,0,0,0,0,0,0,63.46153846,0,0,0,0,0,0,48.07692308,0,0,78.84615385,0,0,57.69230769,0,0,0,0,0,0,0,0,0,0,0,0,0,0,0,0,0,0,0,4463310.885,3683092.204,3683092.204,6458194.334,268051.2694,6726245.603,-780218.6804,98.38888889
4,0,0,0,0,0,2080,0,0,0,0,71480,36,2,247791,6,0.96,0,0.96,0,0,0.96,0,0.96,0,0,0,0,0,0,0,0.96,0,0.96,0,0,0.96,0,0.96,0,0,0,0,0,0,0,20,2,145.8333333,76625,2166.666667,74458.33333,0,0,0,0,0,2166.666667,0,0,0,0,74458.33333,394041.6667,106291.6667,22447.91667,0,0,0,0,954770.8333,210523.3681,58395.4386,268918.8067,0,2043791.667,0,2043791.667,4118986.458,0,0,4118986.458,2070886.89,76640.46719,68928.93703,145569.4042,2378.125,0,0,0,0,2378.125,4332943.75,0,4332943.75,0,0,0,0,0,0,0.416666667,0.416666667,0,0,0,0,15355.20833,15355.20833,238.5416667,164.5833333,73.95833333,0,0,0,48.95833333,0,287.5,0,0,0,0,0,0,0,111.4583333,0,0,0,73.95833333,0,0,5.208333333,0,12.5,56.25,0,0,28.125,0,0,0,0,0,0,0,0,0,0,0,0,0,0,0,0,0,0,0,6308347.529,2262056.86,2262056.86,6189873.348,2189361.071,8379234.419,-4046290.669,92.11111111
4,0,0,0,0,0,2600,0,0,0,0,20850,99,1,239968,6,0.4,0,0.4,0,0,0.2,0,0.2,0,0,0.2,0,0.2,0,0,0.32,0,0.32,0,0,0.2,0,0.2,0,0,0.12,0,0.12,0,0,34.66666667,2,321.875,73281.25,8125,65156.25,0,0,0,0,0,8125,0,0,0,0,65156.25,633093.75,71281.25,0,0,0,0,0,26406.25,945667.9948,0,945667.9948,0,1066343.75,591750,1658093.75,7633396.875,3103400,282368.75,11019165.63,5766465.311,89253.28737,143652.2217,232905.5091,0,0,2678.125,0,10578.59375,10578.59375,0,15370696.72,15370696.72,0,0,0,0,0,0,6.875,6.875,0,0,0,0,5375,5375,475,290.625,184.375,206.25,206.25,0,62.5,0,743.75,0,0,0,0,0,0,0,103.125,0,0,546.875,46.875,0,0,0,0,0,25,0,0,21.875,0,0,0,0,0,0,0,0,0,0,0,0,0,0,0,0,0,0,0,9133398.068,9604231.408,13380998.22,13008864.12,1890999.259,14899863.38,470833.3399,226.1111111
4,0,0,0,0,0,285670,0,0,0,0,24270,38,1,238474,6,0.33,0.2,0,0.13,0,0.33,0.2,0,0.13,0,0,0,0,0,0,0.3,0.17,0,0.13,0,0.3,0.17,0,0.13,0,0,0,0,0,0,36,2,283.3333333,1033133.333,952233.3333,80900,0,0,0,0,0,952233.3333,0,0,0,0,80900,1224133.333,315500,161200,0,35866.66667,0,0,84466.66667,1574363.611,145245.3,1719608.911,621696,1137433.333,0,1137433.333,14328043.33,4503376.667,0,18831420,9937455.578,225685.9259,263481.498,489167.4239,2520,0,0,0,0,2520,4785480,0,4785480,0,0,0,0,0,0,7920,7920,0,0,0,0,6550,6550,753.3333333,580,173.3333333,300,300,0,193.3333333,0,1246.666667,0,0,0,0,0,0,0,216.6666667,0,23.33333333,120,156.6666667,0,0,146.6666667,0,0,113.3333333,0,0,470,0,0,0,0,0,0,0,0,0,0,0,0,0,0,0,0,0,0,0,15954644.09,-5151975.578,-648598.9111,24265498.91,1626600.757,25892099.67,-21106619.67,101.5714286
4,0,0,0,0,0,29070,0,0,0,0,0,99,1,239968,6,0.42,0,0,0.42,0,0.42,0,0,0.42,0,0,0,0,0,0,0.42,0,0,0.42,0,0.42,0,0,0.42,0,0,0,0,0,0,27.8,2,171.4285714,69214.28571,69214.28571,0,0,0,0,0,0,69214.28571,0,0,0,0,0,651095.2381,149428.5714,0,0,38428.57143,0,0,52285.71429,330979.7024,121037.8571,452017.5595,394727.9762,97476.19048,0,97476.19048,4396764.286,1919478.571,182864.2857,6499107.143,4022216.145,234935.9404,90633.64821,325569.5886,0,0,1700,0,6715,6715,0,9756895,9756895,0,0,0,0,0,0,21.42857143,21.42857143,0,0,0,0,0,0,164.2857143,73.80952381,90.47619048,128.5714286,128.5714286,0,119.047619,0,411.9047619,0,0,0,0,0,0,0,92.85714286,0,0,211.9047619,0,0,0,0,0,0,30.95238095,0,0,76.19047619,0,0,0,0,0,0,0,0,0,0,0,0,0,0,0,0,0,0,0,4947102.694,5734678.855,7709729.083,8546273.06,423045.7791,8969318.839,787576.1614,226.1111111
4,0,0,0,0,0,32180,0,422720,0,0,0,36,1,247791,6,0.26,0,0.26,0,0,0.26,0,0.26,0,0,0,0,0,0,0,0.26,0,0.26,0,0,0.26,0,0.26,0,0,0,0,0,0,0,18,2,519.2307692,1749615.385,123769.2308,1625846.154,0,0,0,0,0,123769.2308,0,1625846.154,0,0,0,1207500,470346.1538,0,0,0,0,0,1320769.231,4479232.853,225181.7874,4704414.64,467600.641,2034192.308,0,2034192.308,7867930.769,0,0,7867930.769,10168037.05,672861.1386,153286.3627,826147.5013,6584.615385,0,0,0,0,6584.615385,11997169.23,0,11997169.23,0,0,0,0,0,0,1723.076923,1723.076923,0,7830.769231,0,0,0,7830.769231,357.6923077,123.0769231,234.6153846,0,0,0,188.4615385,0,546.1538462,0,0,0,0,0,0,0,69.23076923,0,0,0,176.9230769,0,0,0,0,23.07692308,230.7692308,0,0,46.15384615,0,0,0,0,0,0,0,0,0,0,0,0,0,0,0,0,0,0,0,10728270.58,1829132.18,1829132.18,18035967.82,2860339.809,20896307.63,-8899138.398,98.38888889
4,0,0,0,0,0,46070,0,0,925810,0,0,36,3,247791,6,1.37,0.35,0.89,0.13,0,1.37,0.35,0.89,0.13,0,0,0,0,0,0,1.37,0.35,0.89,0.13,0,1.37,0.35,0.89,0.13,0,0,0,0,0,0,18.375,2,397.080292,709401.4599,33627.73723,675773.7226,0,0,0,0,0,33627.73723,0,0,675773.7226,0,0,589883.2117,420160.5839,0,0,0,0,0,1677218.978,1271784.696,309720.2993,1581504.995,249586.0706,67875.91241,0,67875.91241,1440880.292,674497.0803,0,2115377.372,6150043.38,225797.0764,66971.30551,292768.3819,2083.941606,0,0,0,0,2083.941606,3796941.606,0,3796941.606,0,0,0,0,0,0,23.79562044,23.79562044,0,0,16484.67153,0,0,16484.67153,26.27737226,7.299270073,18.97810219,24.08759124,24.08759124,0,58.39416058,21.16788321,129.9270073,0,0,0,0,0,0,0,36.49635036,0,0,0,15.32846715,0,0,35.03649635,0,0,21.16788321,0,0,21.89781022,0,0,0,0,0,0,0,0,0,0,0,0,0,0,0,0,0,0,0,1801524.586,-2353101.774,-1678604.693,7590923.672,360644.2943,7951567.966,-4154626.36,24
4,0,0,0,0,0,4770,90010,0,0,0,0,36,3,247791,6,0.156,0.156,0,0,0,0.156,0.156,0,0,0,0,0,0,0,0,0.143,0.143,0,0,0,0.143,0.143,0,0,0,0,0,0,0,0,25,2,447.5524476,662797.2028,33356.64336,629440.5594,0,0,0,0,0,33356.64336,629440.5594,0,0,0,0,809860.1399,679790.2098,563006.993,0,0,0,0,6503.496503,2186656.294,185004.5823,2371660.876,1449175.699,906783.2168,0,906783.2168,6367580.42,0,0,6367580.42,6790585.617,586679.4865,110437.8923,697117.3788,16874.12587,0,202.7972028,0,801.048951,17675.17483,21463888.11,1255243.706,22719131.82,0,0,0,0,0,0,9.79020979,9.79020979,3713.286713,0,0,0,0,3713.286713,321.6783217,321.6783217,0,0,0,0,76.92307692,0,398.6013986,0,0,0,0,0,0,0,76.92307692,0,13.98601399,251.7482517,20.97902098,0,0,0,0,0,34.96503497,0,0,0,0,0,0,0,0,0,0,0,0,0,0,0,0,0,0,0,0,0,0,7971481.015,15928546.2,15928546.2,13158166.04,1603900.596,14762066.63,7957065.186,24
4,0,0,0,0,0,49830,277530,0,0,0,27640,35,2,255069,5,1.03,0,1.03,0,0,0.63,0,0.63,0,0,0.4,0,0.4,0,0,1.03,0,1.03,0,0,0.63,0,0.63,0,0,0.4,0,0.4,0,0,16.6,2,368.9320388,344660.1942,48378.64078,296281.5534,0,0,0,0,0,48378.64078,269446.6019,0,0,0,26834.95146,1096776.699,365951.4563,0,0,0,0,0,65611.65049,399409.8058,0,399409.8058,181076.699,844796.1165,919242.7184,1764038.835,7824546.602,2443745.631,328969.9029,10597262.14,6149835.234,66042.88781,151513.685,217556.5728,19083.49515,0,0,0,0,19083.49515,42537110.68,0,42537110.68,0,0,0,0,0,0,1730.097087,1730.097087,1374.757282,0,0,0,1908.737864,3283.495146,489.3203883,246.6019417,242.7184466,223.3009709,43.68932039,179.6116505,78.6407767,0,791.2621359,0,0,0,0,0,0,0,71.84466019,0,0,473.7864078,32.03883495,0,57.2815534,0,0,24.27184466,50.48543689,0,0,81.55339806,0,0,0,0,0,0,0,0,0,0,0,0,0,0,0,0,0,0,0,9137577.815,36387275.45,39828555.17,13305817.64,1981595.408,15287413.05,27249697.63,34.33333333
4,0,0,0,0,0,54810,570060,0,0,0,0,35,1,255069,6,0.65,0,0.42,0.23,0,0.65,0,0.42,0.23,0,0,0,0,0,0,0.58,0,0.35,0.23,0,0.58,0,0.35,0.23,0,0,0,0,0,0,23,2,250,1077362.069,94500,982862.069,0,0,0,0,0,94500,982862.069,0,0,0,0,203517.2414,36637.93103,0,0,11137.93103,0,0,131086.2069,258333.908,0,258333.908,0,2353275.862,0,2353275.862,2627881.034,1407786.207,0,4035667.241,3380930.494,13816.85236,66769.21474,80586.0671,0,0,246.5517241,0,973.8793103,973.8793103,0,1845501.293,1845501.293,0,0,0,0,0,0,1539.655172,1539.655172,4882.758621,0,0,0,0,4882.758621,146.5517241,86.20689655,60.34482759,127.5862069,0,127.5862069,34.48275862,0,308.6206897,0,0,0,0,0,0,0,36.20689655,0,8.620689655,215.5172414,24.13793103,0,0,0,0,0,0,0,0,24.13793103,0,0,0,0,0,0,0,0,0,0,0,0,0,0,0,0,0,0,0,5061742.964,-1535429.201,-127642.9943,6008811.529,2433861.929,8442673.458,-6597172.165,66.3
4,0,0,0,0,0,6230,0,250500,203680,0,0,36,1,247791,6,0.61,0.35,0.15,0,0.11,0.61,0.35,0.15,0,0.11,0,0,0,0,0,0.61,0.35,0.15,0,0.11,0.61,0.35,0.15,0,0.11,0,0,0,0,0,30,1,434.4262295,754770.4918,10213.11475,744557.377,0,0,0,0,0,10213.11475,0,410655.7377,333901.6393,0,0,542557.377,62721.31148,0,0,0,0,0,1684016.393,58536.88525,0,58536.88525,0,2041754.098,0,2041754.098,8092568.852,1059286.885,0,9151855.738,4409680.344,617.2747746,148180.4439,148797.7187,7019.672131,0,0,0,0,7019.672131,12789842.62,0,12789842.62,0,0,0,0,0,0,3.606557377,3.606557377,0,4450.819672,2036.065574,0,0,6486.885246,355.7377049,252.4590164,103.2786885,55.73770492,31.14754098,24.59016393,172.1311475,9.836065574,593.442623,0,0,0,0,0,0,0,70.49180328,0,0,0,72.13114754,0,0,9.836065574,0,13.1147541,403.2786885,0,0,24.59016393,0,0,0,0,0,0,0,0,0,0,0,0,0,0,0,0,0,0,0,10283120.67,8380162.279,9439449.164,12502249.2,2190551.817,14692801.01,-1902958.391,98.38888889
4,0,0,0,0,0,6240,717260,0,0,0,0,36,3,247791,6,0.27,0,0.08,0,0.19,0.27,0,0.08,0,0.19,0,0,0,0,0,0.27,0,0.08,0,0.19,0.27,0,0.08,0,0.19,0,0,0,0,0,15,2,385.1851852,2679629.63,23111.11111,2656518.519,0,0,0,0,0,23111.11111,2656518.519,0,0,0,0,469222.2222,409444.4444,0,0,0,0,0,1264333.333,13592987.41,1094720,14687707.41,1013134.568,105333.3333,0,105333.3333,3821170.37,0,0,3821170.37,20771262.6,2712360.328,105022.17,2817382.498,770.3703704,0,0,0,0,770.3703704,1695585.185,0,1695585.185,0,0,0,0,0,0,16.66666667,16.66666667,5900,0,0,0,0,5900,125.9259259,125.9259259,0,0,0,0,100,0,225.9259259,0,0,0,0,0,0,0,25.92592593,0,7.407407407,33.33333333,74.07407407,0,0,59.25925926,0,0,0,0,0,25.92592593,0,0,0,0,0,0,0,0,0,0,0,0,0,0,0,0,0,0,0,6743886.201,-19075677.42,-19075677.42,24592432.98,2922715.831,27515148.81,-25819563.62,24
4,0,0,0,0,0,719580,0,0,0,0,79220,37,2,252733,6,3.19,0,1.25,1.94,0,2.81,0,0.87,1.94,0,0.38,0,0.38,0,0,1.54,0,1.02,0.52,0,1.16,0,0.64,0.52,0,0.38,0,0.38,0,0,46.16666667,2,229.8701299,518701.2987,467259.7403,51441.55844,0,0,0,0,0,467259.7403,0,0,0,0,51441.55844,287746.7532,128837.6623,0,0,0,0,0,65824.67532,114383.3874,45718.0417,160101.4291,199158.2251,281396.1039,368883.1169,650279.2208,3996692.208,0,0,3996692.208,1981986.161,79840.94443,60723.30156,140564.246,5113.636364,0,0,0,0,5113.636364,8442613.636,0,8442613.636,0,0,0,0,0,0,4628.571429,4628.571429,0,0,0,0,3828.571429,3828.571429,198.7012987,157.1428571,41.55844156,0,0,0,59.74025974,0,258.4415584,0,0,0,0,0,0,0,31.16883117,0,41.55844156,128.5714286,28.57142857,0,0,0,0,0,15.58441558,0,0,12.98701299,0,0,0,0,0,0,0,0,0,0,0,0,0,0,0,0,0,0,0,4418652.558,6460627.476,6829510.593,5609795.252,790843.4668,6400638.718,2041974.918,44.52941176
4,0,0,0,0,0,72660,80630,0,0,0,3380,37,2,252733,6,0.46,0,0.36,0.1,0,0.46,0,0.36,0.1,0,0,0,0,0,0,0.46,0,0.36,0.1,0,0.46,0,0.36,0.1,0,0,0,0,0,0,42.66666667,1,304.3478261,340586.9565,157956.5217,182630.4348,0,0,0,0,0,157956.5217,175282.6087,0,0,0,7347.826087,174934.7826,104695.6522,0,0,0,0,0,91826.08696,588773.5507,0,588773.5507,973090.2174,500717.3913,0,500717.3913,1941358.696,0,0,1941358.696,2526640.246,154680.9457,32238.83641,186919.7821,2739.130435,0,0,0,0,2739.130435,5089304.348,0,5089304.348,0,0,0,0,0,0,3228.26087,3228.26087,769.5652174,0,0,0,534.7826087,1304.347826,104.3478261,58.69565217,45.65217391,0,0,0,28.26086957,0,132.6086957,0,0,0,0,0,0,0,13.04347826,0,0,93.47826087,6.52173913,0,0,0,0,0,0,0,0,19.56521739,0,0,0,0,0,0,0,0,0,0,0,0,0,0,0,0,0,0,0,2628995.869,2562664.101,2562664.101,4467998.942,687637.1734,5155636.115,-66331.76757,44.52941176
4,0,0,0,0,0,7380,0,0,277740,0,107220,36,3,247791,6,0.36,0,0.36,0,0,0.36,0,0.36,0,0,0,0,0,0,0,0.36,0,0.36,0,0,0.36,0,0.36,0,0,0,0,0,0,0,14,2,372.2222222,1089833.333,20500,1069333.333,0,0,0,0,0,20500,0,0,771500,0,297833.3333,421666.6667,387555.5556,0,0,0,663916.6667,0,715694.4444,1993192.407,152557.9167,2145750.324,0,68833.33333,0,68833.33333,3542055.556,506152.7778,0,4048208.333,6178360.769,189524.9131,89021.53125,278546.4443,788.8888889,0,0,0,0,788.8888889,1517822.222,0,1517822.222,0,0,0,0,0,0,14.44444444,14.44444444,0,0,6272.222222,0,6825,13097.22222,205.5555556,11.11111111,194.4444444,30.55555556,30.55555556,0,69.44444444,5.555555556,311.1111111,0,0,0,0,0,0,0,30.55555556,0,5.555555556,16.66666667,72.22222222,0,0,38.88888889,0,5.555555556,97.22222222,0,0,44.44444444,0,0,0,0,0,0,0,0,0,0,0,0,0,0,0,0,0,0,0,3889435.333,-4660538.546,-3490469.102,9720416.324,347379.7777,10067796.1,-8549973.88,24
4,0,0,0,0,0,8300,0,0,0,0,0,33,1,231595,6,0.4,0,0.4,0,0,0.4,0,0.4,0,0,0,0,0,0,0,0.4,0,0.4,0,0,0.4,0,0.4,0,0,0,0,0,0,0,35,2,250,20750,20750,0,0,0,0,0,0,20750,0,0,0,0,0,200925,177125,0,0,0,0,0,23225,893032.2917,250078.125,1143110.417,777120.625,2183825,0,2183825,9202322.5,3844252.5,254130,13300705,6492984.488,464693.5737,166731.1695,631424.7432,14175,0,0,0,0,14175,25075575,0,25075575,0,0,0,0,0,0,0.25,0.25,0,0,0,0,0,0,632.5,395,237.5,385,0,385,32.5,0,1050,0,0,0,0,0,0,0,30,0,205,652.5,0,0,0,0,0,0,117.5,0,0,45,0,0,0,0,0,0,0,0,0,0,0,0,0,0,0,0,0,0,0,12196821.3,18582590.51,22501723.96,15874556.04,2815249.743,18689805.78,6385769.215,53.9375
4,0,0,0,0,60000,4150,0,0,92580,0,2730,37,1,252733,5,0.33,0,0.33,0,0,0.33,0,0.33,0,0,0,0,0,0,0,0.18,0,0.18,0,0,0.18,0,0.18,0,0,0,0,0,0,0,24.66666667,2,333.3333333,885888.8889,356388.8889,529500,0,0,0,0,333333.3333,23055.55556,0,0,514333.3333,0,15166.66667,1018722.222,234722.2222,4139777.778,0,0,0,9161388.889,211166.6667,675409.4444,207038.3772,882447.8216,218745.1389,1303388.889,0,1303388.889,28207966.67,21605366.67,0,49813333.33,38610959.29,283726.4056,795399.75,1079126.156,35422.22222,0,0,0,0,35422.22222,64185066.67,0,64185066.67,0,0,0,0,0,1666.666667,10,1676.666667,0,0,47050,0,1094.444444,48144.44444,1966.666667,955.5555556,1011.111111,1683.333333,711.1111111,972.2222222,150,0,3800,0,0,0,0,0,0,0,116.6666667,0,300,1388.888889,288.8888889,0,0,0,0,0,0,0,0,800,0,0,0,0,905.5555556,0,0,0,0,0,0,0,0,0,0,0,0,0,0,30590481.71,25574107.37,47179474.04,66818925.96,2382515.044,69201441.01,-5016374.338,104.2428571
4,0,0,0,103280,0,0,0,0,0,0,3180,37,1,252733,5,0.34,0,0.34,0,0,0.34,0,0.34,0,0,0,0,0,0,0,0.34,0,0.34,0,0,0.34,0,0.34,0,0,0,0,0,0,0,25,2,352.9411765,313117.6471,303764.7059,9352.941176,0,0,0,303764.7059,0,0,0,0,0,0,9352.941176,1173617.647,1073235.294,0,0,762823.5294,0,0,47529.41176,129097.598,150692.1536,279789.7516,0,853029.4118,0,853029.4118,16530994.12,0,0,16530994.12,3902846.281,175652.6165,241801.0094,417453.6259,26164.70588,0,0,0,0,26164.70588,38880752.94,0,38880752.94,0,0,0,0,682.3529412,0,0,682.3529412,0,0,0,0,14452.94118,14452.94118,1076.470588,555.8823529,520.5882353,0,0,0,126.4705882,0,1202.941176,0,0,0,0,0,0,0,152.9411765,0,144.1176471,588.2352941,47.05882353,0,0,0,0,0,29.41176471,0,0,241.1764706,0,0,0,0,0,0,0,0,0,0,0,0,0,0,0,0,0,0,0,17801477.16,34977906.66,34977906.66,20433840.4,1270483.038,21704323.44,17176429.5,104.2428571
4,0,0,0,11100,0,0,201580,0,0,0,0,37,1,252733,6,0.1,0,0,0,0.1,0.1,0,0,0,0.1,0,0,0,0,0,0.1,0,0,0,0.1,0.1,0,0,0,0.1,0,0,0,0,0,110,2,600,2126800,111000,2015800,0,0,0,111000,0,0,2015800,0,0,0,0,460300,212400,140700,0,0,0,0,295700,2374030.5,0,2374030.5,0,1023600,0,1023600,4950740,0,0,4950740,5862663.5,149632.1361,99467.676,249099.8121,950,0,0,0,0,950,1568450,0,1568450,0,0,0,0,580,0,0,580,8850,0,0,0,0,8850,240,20,220,0,0,0,120,0,360,0,0,0,0,0,0,0,160,0,20,100,40,0,0,0,0,0,0,0,0,40,0,0,0,0,0,0,0,0,0,0,0,0,0,0,0,0,0,0,0,6223439.812,-4294213.5,-4294213.5,10813403.5,1272699.812,12086103.31,-10517653.31,104.2428571
4,0,0,0,1110290,0,0,241900,0,0,0,43580,37,3,252733,5,0.61,0,0.61,0,0,0.61,0,0.61,0,0,0,0,0,0,0,0.41,0,0.41,0,0,0.41,0,0.41,0,0,0,0,0,0,0,46,2,292.6829268,3404317.073,2708024.39,696292.6829,0,0,0,2708024.39,0,0,590000,0,0,0,106292.6829,1296536.585,383658.5366,2823268.293,0,0,0,0,274024.3902,750543.2927,0,750543.2927,727839.8374,1248390.244,0,1248390.244,21341773.17,4097363.415,0,25439136.59,14010284.42,152307.6146,408494.4388,560802.0534,27719.5122,0,0,0,0,27719.5122,45764914.63,0,45764914.63,0,0,0,0,14126.82927,0,0,14126.82927,2590.243902,0,0,0,8090.243902,10680.4878,1363.414634,607.3170732,756.097561,319.5121951,134.1463415,185.3658537,200,0,1882.926829,0,0,0,0,0,0,0,217.0731707,0,297.5609756,1046.341463,160.9756098,0,0,0,0,0,80.48780488,0,0,80.48780488,0,0,0,0,0,0,0,0,0,0,0,0,0,0,0,0,0,0,0,23150965.47,31754630.21,35851993.63,35352057.59,1809192.297,37161249.89,8603664.743,35.73333333
4,0,0,0,111030,0,0,161270,0,0,0,0,37,1,252733,6,0.22,0,0.22,0,0,0.22,0,0.22,0,0,0,0,0,0,0,0.22,0,0.22,0,0,0.22,0,0.22,0,0,0,0,0,0,0,36,1,318.1818182,1237727.273,504681.8182,733045.4545,0,0,0,504681.8182,0,0,733045.4545,0,0,0,0,414727.2727,103090.9091,0,0,0,0,0,184318.1818,633145.8333,0,633145.8333,1243392.424,620454.5455,0,620454.5455,3234704.545,0,0,3234704.545,4069134.894,182015.7926,62871.00341,244886.7961,1186.363636,0,0,0,0,1186.363636,1896995.455,0,1896995.455,0,0,0,0,2631.818182,0,0,2631.818182,3218.181818,0,0,0,0,3218.181818,218.1818182,95.45454545,122.7272727,0,0,0,27.27272727,0,245.4545455,0,0,0,0,0,0,0,59.09090909,0,0,0,72.72727273,0,0,0,0,0,0,0,0,113.6363636,0,0,0,0,0,0,0,0,0,0,0,0,0,0,0,0,0,0,0,4100045.887,-2172139.439,-2172139.439,7303839.439,865341.3415,8169180.781,-6272185.326,104.2428571
4,0,0,0,1174850,0,0,0,0,1388710,0,79420,37,3,252733,6,1.98,0,1.98,0,0,1.98,0,1.98,0,0,0,0,0,0,0,1.98,0,1.98,0,0,1.98,0,1.98,0,0,0,0,0,0,0,38.33333333,2,358.5858586,1334838.384,593358.5859,741479.798,0,0,0,593358.5859,0,0,0,0,701368.6869,0,40111.11111,711979.798,169510.101,0,0,0,0,0,8161.616162,490116.4057,134164.7621,624281.1678,56936.53199,861681.8182,0,861681.8182,2072133.838,51548.9899,0,2123682.828,3209989.589,199622.9279,52830.29864,252453.2266,11505.05051,0,0,0,0,11505.05051,18396575.76,0,18396575.76,0,0,0,0,1023.737374,0,0,1023.737374,0,0,5703.030303,0,6204.040404,11907.07071,135.8585859,60.1010101,75.75757576,3.535353535,3.535353535,0,20.70707071,0,160.1010101,0,0,0,0,0,0,0,21.21212121,0,0,0,41.41414141,0,0,23.73737374,0,0,55.55555556,0,0,18.18181818,0,0,0,0,0,0,0,0,0,0,0,0,0,0,0,0,0,0,0,3186268.883,15186586.17,15238135.16,5282123.427,1114135.045,6396258.472,12000317.29,35.73333333
4,0,0,0,123940,0,0,258780,0,0,0,18270,36,1,247791,6,0.19,0,0.19,0,0,0.19,0,0.19,0,0,0,0,0,0,0,0.19,0,0.19,0,0,0.19,0,0.19,0,0,0,0,0,0,0,21,1,526.3157895,2110473.684,652315.7895,1458157.895,0,0,0,652315.7895,0,0,1362000,0,0,0,96157.89474,1057315.789,517473.6842,0,0,0,0,0,666947.3684,261331.3158,279296.9173,540628.2331,0,718421.0526,0,718421.0526,7732410.526,7592621.053,416115.7895,15741147.37,12939410.88,316806.9506,244134.2984,560941.2491,11936.84211,0,1505.263158,0,5945.789474,17882.63158,19707726.32,9317052.105,29024778.42,0,0,0,0,1221.052632,0,0,1221.052632,11178.94737,0,0,0,12931.57895,24110.52632,357.8947368,100,257.8947368,394.7368421,268.4210526,126.3157895,178.9473684,115.7894737,1047.368421,0,0,0,0,0,0,0,152.6315789,0,0,289.4736842,215.7894737,0,0,63.15789474,0,0,115.7894737,0,0,189.4736842,0,0,0,0,0,21.05263158,0,0,0,0,0,0,0,0,0,0,0,0,0,9221728.553,16085367.54,23884148.66,20881777.13,1279362.302,22161139.43,6863638.992,98.38888889
4,0,0,0,129100,0,0,712580,0,0,0,35740,36,2,247791,6,0.66,0,0.66,0,0,0.66,0,0.66,0,0,0,0,0,0,0,0.66,0,0.66,0,0,0.66,0,0.66,0,0,0,0,0,0,0,21,1,151.5151515,1329424.242,195606.0606,1133818.182,0,0,0,195606.0606,0,0,1079666.667,0,0,0,54151.51515,348893.9394,385484.8485,0,0,0,0,0,102393.9394,146207.096,0,146207.096,138154.5455,206803.0303,0,206803.0303,2542039.394,5127215.152,359375.7576,8028630.303,8065822.381,33422.78099,123867.1514,157289.9324,6033.333333,0,0,0,0,6033.333333,4983533.333,0,4983533.333,0,0,0,0,439.3939394,0,0,439.3939394,5362.121212,0,0,0,3722.727273,9084.848485,83.33333333,43.93939394,39.39393939,348.4848485,162.1212121,186.3636364,75.75757576,22.72727273,530.3030303,0,0,0,0,0,0,0,65.15151515,0,0,375.7575758,25.75757576,0,0,0,0,0,22.72727273,0,0,40.90909091,0,0,0,0,0,0,0,0,0,0,0,0,0,0,0,0,0,0,0,3025250.496,-3082289.047,2285183.722,10726979.91,364092.9627,11091072.88,-6107539.543,92.11111111
4,0,0,0,129110,0,0,0,0,0,0,23910,99,2,239968,6,0.56,0.56,0,0,0,0.56,0.56,0,0,0,0,0,0,0,0,0.45,0.45,0,0,0,0.45,0.45,0,0,0,0,0,0,0,0,20,1,444.4444444,340044.4444,286911.1111,53133.33333,0,0,0,286911.1111,0,0,0,0,0,0,53133.33333,62000,94466.66667,0,0,0,0,0,0,11852.59259,80691.88889,92544.48148,331571.3333,758266.6667,0,758266.6667,6400864.444,0,0,6400864.444,1160594.926,134837.6639,83803.113,218640.7769,1680,0,140,6.666666667,573.2,2253.2,2496480,832859.6,3329339.6,0,0,0,0,644.4444444,0,0,644.4444444,0,0,0,0,3822.222222,3822.222222,442.2222222,317.7777778,124.4444444,0,0,0,15.55555556,0,457.7777778,0,0,0,0,0,0,0,15.55555556,0,13.33333333,168.8888889,108.8888889,0,0,0,0,0,28.88888889,0,0,122.2222222,0,0,0,0,0,0,0,0,0,0,0,0,0,0,0,0,0,0,0,7377771.888,2168744.674,2168744.674,7561459.37,976907.4435,8538366.814,-5209027.214,28.5
4,0,0,0,139430,0,0,172520,0,0,0,0,36,1,247791,6,0.6,0,0.6,0,0,0.6,0,0.6,0,0,0,0,0,0,0,0.14,0,0.14,0,0,0.14,0,0.14,0,0,0,0,0,0,0,36,2,285.7142857,2228214.286,995928.5714,1232285.714,0,0,0,995928.5714,0,0,1232285.714,0,0,0,0,911571.4286,600642.8571,0,0,0,0,0,482714.2857,626400.9524,189345,815745.9524,0,975000,0,975000,17593307.14,2306550,564728.5714,20464585.71,7658686.294,282560.343,299955.9021,582516.2452,11742.85714,0,0,0,0,11742.85714,21395485.71,0,21395485.71,0,0,0,0,2071.428571,0,0,2071.428571,10114.28571,0,0,0,0,10114.28571,978.5714286,407.1428571,571.4285714,264.2857143,0,264.2857143,285.7142857,0,1528.571429,0,0,0,0,0,0,0,135.7142857,0,0,514.2857143,221.4285714,0,0,0,0,57.14285714,264.2857143,0,0,335.7142857,0,0,0,0,0,0,0,0,0,0,0,0,0,0,0,0,0,0,0,19650095.48,13736799.42,16108805.9,25751265.52,1557516.245,27308781.77,-5913296.055,98.38888889
4,0,0,0,14200,0,0,0,50100,0,0,0,33,1,231595,6,0.16,0,0.16,0,0,0.09,0,0.09,0,0,0.07,0,0.07,0,0,0.14,0,0.14,0,0,0.07,0,0.07,0,0,0.07,0,0.07,0,0,27.66666667,2,164.2857143,459285.7143,101428.5714,357857.1429,0,0,0,101428.5714,0,0,0,357857.1429,0,0,0,416214.2857,318857.1429,0,0,123000,0,0,90500,1349852.738,151729.5,1501582.238,213152.8571,609428.5714,676285.7143,1285714.286,5966671.429,937350,0,6904021.429,4967822.952,341765.578,100989.3246,442754.9026,0,0,407.1428571,0,1608.214286,1608.214286,0,2442877.5,2442877.5,0,0,0,0,207.1428571,0,0,207.1428571,0,3878.571429,0,0,0,3878.571429,328.5714286,185.7142857,142.8571429,64.28571429,64.28571429,0,85.71428571,0,478.5714286,0,0,0,0,0,0,0,142.8571429,0,0,121.4285714,142.8571429,0,0,0,0,0,14.28571429,0,0,57.14285714,0,0,0,0,0,0,0,0,0,0,0,0,0,0,0,0,0,0,0,7018854.903,-2524945.452,-911309.7381,10258208.67,1728469.188,11986677.85,-9543800.355,53.9375
4,0,0,0,142010,0,0,0,0,0,0,0,36,2,247791,6,1.03,0,1.03,0,0,1.03,0,1.03,0,0,0,0,0,0,0,0.53,0,0.53,0,0,0.53,0,0.53,0,0,0,0,0,0,0,19.71428571,2,232.0754717,267943.3962,267943.3962,0,0,0,0,267943.3962,0,0,0,0,0,0,0,302000,243301.8868,361377.3585,0,0,0,0,127509.434,337483.9308,189484.5283,526968.4591,942320,894886.7925,0,894886.7925,3224792.453,3618679.245,319658.4906,7163130.189,6806919.249,319229.0691,102852.9365,422082.0056,4279.245283,0,0,0,0,4279.245283,5156490.566,0,5156490.566,0,0,0,0,547.1698113,0,0,547.1698113,0,0,0,0,0,0,171.6981132,83.01886792,88.67924528,275.4716981,135.8490566,139.6226415,52.83018868,0,500,0,0,0,0,0,0,0,52.83018868,0,0,341.509434,49.05660377,0,0,0,0,0,56.60377358,0,0,0,0,0,0,0,0,0,0,0,0,0,0,0,0,0,0,0,0,0,0,4692391.272,-1650428.683,2137279.031,10182341.72,1316968.798,11499310.52,-6342819.955,92.11111111
4,0,0,0,153630,0,0,562560,0,0,0,0,37,1,252733,6,0.33,0,0.33,0,0,0.33,0,0.33,0,0,0,0,0,0,0,0.33,0,0.33,0,0,0.33,0,0.33,0,0,0,0,0,0,0,36,1,142.4242424,2170272.727,465545.4545,1704727.273,0,0,0,465545.4545,0,0,1704727.273,0,0,0,0,331424.2424,61393.93939,291090.9091,0,0,0,0,0,943211.1111,0,943211.1111,0,1292515.152,0,1292515.152,7132660.606,0,0,7132660.606,4050125.929,35570.61,121340.1355,156910.7455,3054.545455,0,0,0,0,3054.545455,5043054.545,0,5043054.545,0,0,0,0,1227.272727,0,0,1227.272727,16087.87879,0,0,0,0,16087.87879,469.6969697,393.9393939,75.75757576,0,0,0,24.24242424,0,493.9393939,0,0,0,0,0,0,0,24.24242424,0,0,233.3333333,112.1212121,0,0,90.90909091,0,0,0,0,0,33.33333333,0,0,0,0,0,0,0,0,0,0,0,0,0,0,0,0,0,0,0,8582086.503,992928.6162,992928.6162,11182786.54,1449425.897,12632212.43,-7589157.887,104.2428571
4,0,0,0,154920,0,0,0,0,370320,0,15880,37,2,252733,6,0.87,0,0.87,0,0,0.87,0,0.87,0,0,0,0,0,0,0,0.52,0,0.52,0,0,0.52,0,0.52,0,0,0,0,0,0,0,36,2,288.4615385,1040615.385,297923.0769,742692.3077,0,0,0,297923.0769,0,0,0,0,712153.8462,0,30538.46154,1222403.846,306557.6923,783615.3846,0,0,0,0,81230.76923,843711.274,264617.1053,1108328.379,0,918692.3077,0,918692.3077,10994300,2574492.308,52130.76923,13620923.08,7379867.863,339284.9817,207222.4558,546507.4375,8723.076923,0,0,0,0,8723.076923,14401800,0,14401800,0,0,0,0,557.6923077,0,0,557.6923077,0,0,4342.307692,0,2361.538462,6703.846154,759.6153846,350,409.6153846,138.4615385,138.4615385,0,59.61538462,30.76923077,988.4615385,0,0,0,0,0,0,0,75,0,188.4615385,530.7692308,30.76923077,0,0,0,0,0,73.07692308,0,0,90.38461538,0,0,0,0,0,0,0,0,0,0,0,0,0,0,0,0,0,0,0,12501739.42,7021932.137,9606315.544,18416407.53,1465199.745,19881607.28,-5479807.278,44.52941176
4,0,0,0,154920,0,0,0,0,370320,0,6350,37,1,252733,6,0.53,0,0.53,0,0,0.53,0,0.53,0,0,0,0,0,0,0,0.4,0,0.4,0,0,0.4,0,0.4,0,0,0,0,0,0,0,33.5,2,312.5,1328975,387300,941675,0,0,0,387300,0,0,0,0,925800,0,15875,528750,294000,652225,0,0,0,0,42250,703705,172001.0526,875706.0526,0,818950,0,818950,12463665,1201445,0,13665110,5176084.053,199634.4386,200612.4165,400246.8551,10080,0,0,0,0,10080,16642080,0,16642080,0,0,0,0,725,0,0,725,0,0,5645,0,1227.5,6872.5,825,392.5,432.5,87.5,70,17.5,90,0,1002.5,0,0,0,0,0,0,0,47.5,0,245,482.5,70,0,0,0,0,0,62.5,0,0,95,0,0,0,0,0,0,0,0,0,0,0,0,0,0,0,0,0,0,0,13682861.86,11465995.95,12667440.95,17639749.05,1219196.855,18858945.91,-2216865.908,104.2428571
4,0,0,0,164610,0,0,0,0,0,0,0,37,1,252733,6,0.84,0,0.84,0,0,0.84,0,0.84,0,0,0,0,0,0,0,0.47,0,0.47,0,0,0.47,0,0.47,0,0,0,0,0,0,0,19.66666667,2,361.7021277,350234.0426,350234.0426,0,0,0,0,350234.0426,0,0,0,0,0,0,0,1003382.979,204021.2766,1427382.979,0,732723.4043,0,3066021.277,143787.234,1140241.418,310749.6147,1450991.033,0,2541042.553,0,2541042.553,12888885.11,0,0,12888885.11,8631277.225,372816.306,240769.7253,613586.0314,12251.06383,0,0,0,0,12251.06383,20529600,0,20529600,0,0,0,0,923.4042553,0,0,923.4042553,0,0,0,0,0,0,853.1914894,440.4255319,412.7659574,0,0,0,89.36170213,0,942.5531915,0,0,0,0,0,0,0,127.6595745,0,59.57446809,410.6382979,12.76595745,0,0,17.0212766,0,0,14.89361702,0,0,63.82978723,0,0,0,0,236.1702128,0,0,0,0,0,0,0,0,0,0,0,0,0,0,16043513.69,11898322.78,11898322.78,21520162.33,3154628.585,24674790.92,-4145190.916,104.2428571
4,0,0,0,166540,0,0,0,0,0,0,3380,37,1,252733,6,0.13,0,0.13,0,0,0.13,0,0.13,0,0,0,0,0,0,0,0.12,0,0.12,0,0,0.12,0,0.12,0,0,0,0,0,0,0,31,2,333.3333333,1416000,1387833.333,28166.66667,0,0,0,1387833.333,0,0,0,0,0,0,28166.66667,0,0,0,0,0,0,0,77416.66667,879840.8333,0,879840.8333,0,355500,0,355500,882416.6667,619666.6667,0,1502083.333,3245657.167,16730.93779,36395.325,53126.26279,8083.333333,0,0,0,0,8083.333333,12925250,0,12925250,0,0,0,0,7241.666667,0,0,7241.666667,0,0,0,0,2050,2050,83.33333333,0,83.33333333,41.66666667,41.66666667,0,0,0,125,0,0,0,0,0,0,0,0,0,0,0,83.33333333,0,0,0,0,0,0,0,0,41.66666667,0,0,0,0,0,0,0,0,0,0,0,0,0,0,0,0,0,0,0,1291042.929,9679592.833,10299259.5,4128073.833,408626.2628,4536700.096,8388549.904,104.2428571
4,0,0,0,166540,0,0,0,0,0,0,8930,37,1,252733,6,0.41,0,0.41,0,0,0.41,0,0.41,0,0,0,0,0,0,0,0.24,0,0.24,0,0,0.24,0,0.24,0,0,0,0,0,0,0,41,2,187.5,731125,693916.6667,37208.33333,0,0,0,693916.6667,0,0,0,0,0,0,37208.33333,251125,23583.33333,269375,0,0,3983416.667,0,105583.3333,872681.3194,0,872681.3194,0,227458.3333,0,227458.3333,3431733.333,2562691.667,0,5994425,9052314.319,36600.45278,138007.395,174607.8478,2625,0,0,0,0,2625,4333875,0,4333875,0,0,0,0,3620.833333,0,0,3620.833333,0,0,0,0,3070.833333,3070.833333,270.8333333,0,270.8333333,125,75,50,25,54.16666667,475,0,0,0,0,0,0,0,54.16666667,0,79.16666667,187.5,70.83333333,0,0,0,0,0,0,0,0,83.33333333,0,0,0,0,0,0,0,0,0,0,0,0,0,0,0,0,0,0,0,3833799.514,-4718439.319,1827669.014,12484047.65,402066.1811,12886113.83,-8552238.834,104.2428571
4,0,0,0,166540,0,0,0,0,0,0,8930,37,2,252733,6,0.53,0.26,0.27,0,0,0.53,0.26,0.27,0,0,0,0,0,0,0,0.53,0.26,0.27,0,0,0.53,0.26,0.27,0,0,0,0,0,0,0,35.57142857,2,349.0566038,331075.4717,314226.4151,16849.0566,0,0,0,314226.4151,0,0,0,0,0,0,16849.0566,484905.6604,78905.66038,363641.5094,0,0,0,0,79698.11321,668049.717,14387.54717,682437.2642,0,474811.3208,0,474811.3208,3256116.981,2328390.566,0,5584507.547,4601787.245,68956.03905,84111.21764,153067.2567,3566.037736,0,0,0,0,3566.037736,5887528.302,0,5887528.302,0,0,0,0,1639.622642,0,0,1639.622642,0,0,0,0,1390.566038,1390.566038,164.1509434,49.05660377,115.0943396,181.1320755,77.35849057,103.7735849,67.9245283,0,413.2075472,0,0,0,0,0,0,0,116.9811321,0,41.50943396,150.9433962,58.49056604,0,0,0,0,0,0,0,0,45.28301887,0,0,0,0,0,0,0,0,0,0,0,0,0,0,0,0,0,0,0,3883995.559,1285741.057,3614131.623,7857904.226,627878.5774,8485782.804,-2598254.502,44.52941176
4,0,0,0,166550,0,5760,90010,0,0,0,1270,37,1,252733,6,0.24,0,0.24,0,0,0.24,0,0.24,0,0,0,0,0,0,0,0.24,0,0.24,0,0,0.24,0,0.24,0,0,0,0,0,0,0,66,1,500,1098291.667,717958.3333,380333.3333,0,0,0,693958.3333,0,24000,375041.6667,0,0,0,5291.666667,1461541.667,99166.66667,1326750,0,0,0,0,52791.66667,0,163401,163401,0,1155208.333,0,1155208.333,21791895.83,5775408.333,0,27567304.17,10230084,191385.0553,384011.0269,575396.0821,14962.5,0,0,0,0,14962.5,24703087.5,0,24703087.5,0,0,0,0,1812.5,0,21656.25,23468.75,2212.5,0,0,0,408.3333333,2620.833333,1654.166667,816.6666667,837.5,341.6666667,237.5,104.1666667,8.333333333,75,2079.166667,0,0,0,0,0,0,0,112.5,0,0,1683.333333,154.1666667,0,0,0,0,0,0,0,0,129.1666667,0,0,0,0,0,0,0,0,0,0,0,0,0,0,0,0,0,0,0,23522500.25,14473003.5,20248411.83,32021979.83,1730604.415,33752584.25,-9049496.749,104.2428571
4,0,0,0,167840,0,0,0,0,0,0,11120,37,1,252733,6,0.17,0,0,0.17,0,0.17,0,0,0.17,0,0,0,0,0,0,0.17,0,0,0.17,0,0.17,0,0,0.17,0,0,0,0,0,0,32.5,2,264.7058824,1052705.882,987294.1176,65411.76471,0,0,0,987294.1176,0,0,0,0,0,0,65411.76471,929176.4706,1057823.529,0,0,0,0,0,0,330917.402,441431.9281,772349.3301,0,1003705.882,0,1003705.882,23620476.47,5993664.706,0,29614141.18,10058452.92,406626.5109,396744.2418,803370.7527,11488.23529,0,0,0,0,11488.23529,17071517.65,0,17071517.65,0,0,0,0,1705.882353,0,0,1705.882353,0,0,0,0,10117.64706,10117.64706,1605.882353,982.3529412,623.5294118,370.5882353,370.5882353,0,117.6470588,0,2094.117647,0,0,0,0,0,0,0,217.6470588,0,152.9411765,564.7058824,123.5294118,0,0,0,0,0,88.23529412,0,0,947.0588235,0,0,0,0,0,0,0,0,0,0,0,0,0,0,0,0,0,0,0,25427553.11,7013064.729,13006729.43,33678929.39,1807076.635,35486006.02,-18414488.38,104.2428571
4,0,0,0,167840,0,0,0,0,0,0,15880,37,1,252733,6,0.43,0,0.43,0,0,0.43,0,0.43,0,0,0,0,0,0,0,0.33,0,0.33,0,0,0.33,0,0.33,0,0,0,0,0,0,0,35,2,227.2727273,556727.2727,508606.0606,48121.21212,0,0,0,508606.0606,0,0,0,0,0,0,48121.21212,845424.2424,774909.0909,0,0,244575.7576,0,0,0,136990.5556,243909.6044,380900.1599,0,1551000,0,1551000,12152660.61,2173172.727,0,14325833.33,5228442.251,232712.9851,203481.7568,436194.7419,11836.36364,0,0,0,0,11836.36364,17588836.36,0,17588836.36,0,0,0,0,439.3939394,0,0,439.3939394,0,0,0,0,372.7272727,372.7272727,772.7272727,421.2121212,351.5151515,209.0909091,21.21212121,187.8787879,103.030303,0,1084.848485,0,0,0,0,0,0,0,139.3939394,0,78.78787879,481.8181818,24.24242424,0,0,0,0,0,42.42424242,0,0,318.1818182,0,0,0,0,0,0,0,0,0,0,0,0,0,0,0,0,0,0,0,14139855.35,12360394.11,14533566.84,17381102.86,1987194.742,19368297.6,-1779461.235,104.2428571
4,0,0,0,167840,0,0,0,0,0,0,3180,37,1,252733,6,0.33,0,0.33,0,0,0.33,0,0.33,0,0,0,0,0,0,0,0.33,0,0.33,0,0,0.33,0,0.33,0,0,0,0,0,0,0,35,2,212.1212121,518242.4242,508606.0606,9636.363636,0,0,0,508606.0606,0,0,0,0,0,0,9636.363636,723818.1818,894666.6667,0,0,0,0,0,0,247134.0909,678545.4293,925679.5202,0,827181.8182,0,827181.8182,15615351.52,1873400,0,17488751.52,5188539.793,604002.4377,238449.5673,842452.005,10118.18182,0,0,0,0,10118.18182,15035618.18,0,15035618.18,0,0,0,0,878.7878788,0,0,878.7878788,0,0,0,0,745.4545455,745.4545455,963.6363636,536.3636364,427.2727273,127.2727273,127.2727273,0,145.4545455,0,1236.363636,0,0,0,0,0,0,0,115.1515152,0,100,654.5454545,24.24242424,0,0,0,0,0,78.78787879,0,0,263.6363636,0,0,0,0,0,0,0,0,0,0,0,0,0,0,0,0,0,0,0,17284985.34,9847078.389,11720478.39,20803891.31,1669633.823,22473525.13,-7437906.949,104.2428571
4,0,0,0,170420,0,3740,366600,0,0,0,0,36,3,247791,6,5.95,0,0,5.95,0,5.95,0,0,5.95,0,0,0,0,0,0,1.16,0,0,1.16,0,1.16,0,0,1.16,0,0,0,0,0,0,23,2,137.9310345,466172.4138,150137.931,316034.4828,0,0,0,146913.7931,0,3224.137931,316034.4828,0,0,0,0,233982.7586,255189.6552,0,0,0,0,0,58258.62069,143949.7989,47550.5665,191500.3654,11790.73276,294155.1724,0,294155.1724,3196423.276,463322.4138,126577.5862,3786323.276,1944032.635,64000.48298,58319.1097,122319.5927,2172.413793,0,0,49.13793103,148.887931,2321.301724,3958137.931,233307.3879,4191445.319,0,0,0,0,300,0,0.603448276,300.6034483,2593.103448,0,0,0,0,2593.103448,131.0344828,27.5862069,103.4482759,31.03448276,31.03448276,0,87.06896552,0,249.137931,0,0,0,0,0,0,0,49.13793103,0,0,60.34482759,30.17241379,0,0,0,0,0,81.03448276,0,0,28.44827586,0,0,0,0,0,0,0,0,0,0,0,0,0,0,0,0,0,0,0,3723450.953,2247412.684,2726759.773,5251008.822,416474.7651,5667483.587,-1476038.268,24
4,0,0,0,184870,0,0,0,0,0,0,0,99,1,239968,6,0.43,0,0.26,0.17,0,0.23,0,0.23,0,0,0.2,0,0.03,0.17,0,0.43,0,0.26,0.17,0,0.23,0,0.23,0,0,0.2,0,0.03,0.17,0,65.25,2,146.5116279,429930.2326,429930.2326,0,0,0,0,429930.2326,0,0,0,0,0,0,0,454232.5581,46465.11628,0,0,0,0,0,39302.32558,1440475.736,424245.1946,1864720.931,120483.7209,595186.0465,1981720.93,2576906.977,2672281.395,4014234.884,288934.8837,6975451.163,9364520.101,475251.7723,96536.38395,571788.1563,0,3320.930233,0,0,10062.4186,10062.4186,0,14620694.23,14620694.23,0,0,0,0,944.1860465,0,0,944.1860465,0,0,0,0,0,0,206.9767442,32.55813953,174.4186047,253.4883721,167.4418605,86.04651163,13.95348837,20.93023256,495.3488372,0,0,0,0,0,0,0,58.13953488,0,0,409.3023256,11.62790698,0,0,0,0,0,0,0,0,16.27906977,0,0,0,0,0,0,0,0,0,0,0,0,0,0,0,0,0,0,0,3954729.08,5256174.132,11425591.35,10170554.05,3148695.133,13319249.18,1301445.052,226.1111111
4,0,0,0,193390,0,0,117200,0,0,0,0,37,1,252733,6,0.29,0.14,0.15,0,0,0.29,0.14,0.15,0,0,0,0,0,0,0,0.22,0.07,0.15,0,0,0.22,0.07,0.15,0,0,0,0,0,0,0,18.5,2,545.4545455,1411772.727,879045.4545,532727.2727,0,0,0,879045.4545,0,0,532727.2727,0,0,0,0,2128409.091,660181.8182,306909.0909,0,0,0,0,76772.72727,363809.697,156364.7129,520174.4099,180857.197,1725454.545,0,1725454.545,20058463.64,0,0,20058463.64,5537810.061,210197.4259,299406.4855,509603.9114,2863.636364,0,0,0,0,2863.636364,4727863.636,0,4727863.636,0,0,0,0,2109.090909,0,0,2109.090909,4022.727273,0,0,0,0,4022.727273,1209.090909,622.7272727,586.3636364,0,0,0,236.3636364,0,1445.454545,0,0,0,0,0,0,0,200,0,0,550,81.81818182,0,0,268.1818182,0,0,186.3636364,0,0,159.0909091,0,0,0,0,0,0,0,0,0,0,0,0,0,0,0,0,0,0,0,22293522.09,-809946.425,-809946.425,25596273.7,2235058.457,27831332.15,-23103468.52,104.2428571
4,0,0,0,206570,0,11620,618820,0,0,0,13660,37,2,252733,6,0.69,0,0.69,0,0,0.62,0,0.62,0,0,0.07,0,0.07,0,0,0.66,0,0.66,0,0,0.59,0,0.59,0,0,0.07,0,0.07,0,0,51,2,306.0606061,1288893.939,330590.9091,958303.0303,0,0,0,312984.8485,0,17606.06061,937606.0606,0,0,0,20696.9697,493484.8485,117848.4848,2389893.939,0,73378.78788,0,19608530.3,190151.5152,824291.6414,104243.1818,928534.8232,376785.6061,1167151.515,156363.6364,1323515.152,16683393.94,4334150,0,21017543.94,30210748.88,166582.6754,548933.668,715516.3433,20124.24242,0,0,0,0,20124.24242,36805210.61,0,36805210.61,0,0,0,0,351.5151515,0,13.63636364,365.1515152,5362.121212,0,0,0,1489.393939,6851.515152,1175.757576,668.1818182,507.5757576,283.3333333,283.3333333,0,50,0,1509.090909,0,0,0,0,0,0,0,27.27272727,0,183.3333333,756.0606061,50,0,0,24.24242424,0,45.45454545,19.6969697,0,0,19.6969697,0,0,0,0,383.3333333,0,0,0,0,0,0,0,0,0,0,0,0,0,0,18566061.8,6594461.722,11084975.36,46737779.19,2039031.495,48776810.68,-11971600.08,44.52941176
4,0,0,0,213020,0,0,0,275550,0,0,0,99,1,239968,6,0.53,0,0,0.53,0,0,0,0,0,0,0.53,0,0,0.53,0,0.42,0,0,0.42,0,0,0,0,0,0,0.42,0,0,0.42,0,17,2,204.7619048,1163261.905,507190.4762,656071.4286,0,0,0,507190.4762,0,0,0,656071.4286,0,0,0,225880.9524,20595.2381,0,0,0,0,0,0,195834.5238,130993.3333,326827.8571,0,0,428309.5238,428309.5238,3216909.524,1286011.905,0,4502921.429,3690855.381,176066.0984,71838.81321,247904.9116,0,0,680.952381,0,2689.761905,2689.761905,0,3908224.048,3908224.048,0,0,0,0,1033.333333,0,0,1033.333333,0,6464.285714,0,0,0,6464.285714,233.3333333,166.6666667,66.66666667,0,0,0,0,64.28571429,297.6190476,0,0,0,0,0,0,0,9.523809524,0,0,138.0952381,95.23809524,0,0,0,0,0,0,0,0,54.76190476,0,0,0,0,0,0,0,0,0,0,0,0,0,0,0,0,0,0,0,3464814.435,217368.6667,1931690.095,6479455.381,676214.4354,7155669.816,-3247445.769,226.1111111
4,0,0,0,219480,0,22120,0,0,0,0,10250,37,1,252733,6,0.53,0,0.53,0,0,0.46,0,0.46,0,0,0.07,0,0.07,0,0,0.48,0,0.48,0,0,0.46,0,0.46,0,0,0.02,0,0.02,0,0,33.85714286,2,245.8333333,524687.5,503333.3333,21354.16667,0,0,0,457250,0,46083.33333,0,0,0,0,21354.16667,479000,278729.1667,1631166.667,0,269041.6667,0,3974437.5,158395.8333,1375624.514,497688.4594,1873312.973,293578.8194,2486333.333,118354.1667,2604687.5,21857377.08,0,0,21857377.08,9853437.293,461469.7185,354449.9503,815919.6688,13939.58333,0,0,0,0,13939.58333,27825625,0,27825625,0,0,0,0,1206.25,0,23.33333333,1229.583333,0,0,0,0,1535.416667,1535.416667,1447.916667,754.1666667,693.75,0,0,0,145.8333333,0,1593.75,0,0,0,0,0,0,0,68.75,0,95.83333333,739.5833333,106.25,0,0,25,0,0,83.33333333,0,0,106.25,0,0,0,0,368.75,0,0,0,0,0,0,0,0,0,0,0,0,0,0,25159630.09,17972187.71,18090541.87,31592460.21,3420607.169,35013067.38,-7187442.378,104.2428571
4,0,0,0,221420,0,18680,0,0,0,0,8440,37,1,252733,5,0.42,0,0.42,0,0,0.42,0,0.42,0,0,0,0,0,0,0,0.42,0,0.42,0,0,0.42,0,0.42,0,0,0,0,0,0,0,36,2,619.047619,591761.9048,571666.6667,20095.2381,0,0,0,527190.4762,0,44476.19048,0,0,0,0,20095.2381,1622404.762,551619.0476,460309.5238,0,0,2276261.905,0,56309.52381,303175.7143,103200.6316,406376.3459,284203.9683,1320214.286,0,1320214.286,16731483.33,0,0,16731483.33,6501979.981,171044.4471,270825.3225,441869.7696,16800,0,0,0,0,16800,27736800,0,27736800,0,0,0,0,1380.952381,0,9.523809524,1390.47619,0,0,0,0,1461.904762,1461.904762,1011.904762,497.6190476,514.2857143,0,0,0,190.4761905,0,1202.380952,0,0,0,0,0,0,0,119.047619,0,0,747.6190476,140.4761905,0,0,0,0,11.9047619,80.95238095,0,0,102.3809524,0,0,0,0,0,0,0,0,0,0,0,0,0,0,0,0,0,0,0,18493567.39,21234820.02,23511081.92,23233463.31,1762084.055,24995547.37,2741252.631,104.2428571
4,0,0,0,222060,0,0,806340,0,0,0,12710,37,1,252733,5,0.4,0.22,0.18,0,0,0.4,0.22,0.18,0,0,0,0,0,0,0,0.2,0.11,0.09,0,0,0.2,0.11,0.09,0,0,0,0,0,0,0,36,2,300,5205550,1110300,4095250,0,0,0,1110300,0,0,4031700,0,0,0,63550,1610100,386200,4503850,0,0,0,0,422400,1400927.583,145245.6,1546173.183,238732,554500,0,554500,40111405,4283160,0,44394565,18448898.18,304421.7474,686750.3798,991172.1271,44100,0,0,2140,6484.2,50584.2,65532600,8857417.2,74390017.2,0,0,0,0,5790,0,0,5790,17695,0,0,0,4915,22610,2845,1340,1505,280,280,0,160,0,3285,0,0,0,0,0,0,0,280,0,760,1830,310,0,0,0,0,0,0,0,0,105,0,0,0,0,0,0,0,0,0,0,0,0,0,0,0,0,0,0,0,41657077.13,55941119.02,60224279.02,58560303.18,1545672.127,60105975.31,14284041.89,104.2428571
4,0,0,0,232390,0,0,0,0,148130,0,0,37,2,252733,6,0.93,0,0.93,0,0,0.93,0,0.93,0,0,0,0,0,0,0,0.67,0,0.67,0,0,0.67,0,0.67,0,0,0,0,0,0,0,36,2,134.3283582,567940.2985,346850.7463,221089.5522,0,0,0,346850.7463,0,0,0,0,221089.5522,0,0,730537.3134,285522.3881,1003910.448,0,0,0,0,50432.83582,50760.199,128359.0927,179119.2917,0,916716.4179,0,916716.4179,12773552.24,0,0,12773552.24,3070195.575,105675.6269,187254.5306,292930.1575,11095.52239,0,0,0,0,11095.52239,18318707.46,0,18318707.46,0,0,0,0,647.761194,0,0,647.761194,0,0,1347.761194,0,0,1347.761194,825.3731343,428.358209,397.0149254,0,0,0,98.50746269,0,923.880597,0,0,0,0,0,0,0,41.79104478,0,195.5223881,0,534.3283582,0,0,0,0,0,55.2238806,0,0,97.01492537,0,0,0,0,0,0,0,0,0,0,0,0,0,0,0,0,0,0,0,13983198.81,15248511.89,15248511.89,15843747.81,1209646.575,17053394.39,1265313.073,44.52941176
4,0,0,0,251750,0,0,0,0,0,0,19060,37,2,252733,6,0.82,0,0.82,0,0,0.82,0,0.82,0,0,0,0,0,0,0,0.82,0,0.82,0,0,0.82,0,0.82,0,0,0,0,0,0,0,23,2,336.5853659,330256.0976,307012.1951,23243.90244,0,0,0,307012.1951,0,0,0,0,0,0,23243.90244,767902.439,641670.7317,0,291378.0488,0,0,0,19707.31707,15158.84146,89496.5552,104655.3967,181959.8577,832256.0976,0,832256.0976,9463108.537,231162.1951,0,9694270.732,2821425.084,114198.2264,142704.0022,256902.2286,10909.7561,0,0,0,0,10909.7561,16211897.56,0,16211897.56,0,0,0,0,529.2682927,0,0,529.2682927,0,0,0,0,3595.121951,3595.121951,617.0731707,296.3414634,320.7317073,15.85365854,15.85365854,0,79.26829268,0,712.195122,0,0,0,0,0,0,0,63.41463415,0,64.63414634,263.4146341,40.24390244,0,0,19.51219512,0,0,63.41463415,0,0,197.5609756,0,0,0,0,0,0,0,0,0,0,0,0,0,0,0,0,0,0,0,10552266.86,13390472.48,13621634.67,12284533.62,1089158.326,13373691.95,2838205.615,44.52941176
4,0,0,0,251750,0,0,0,0,0,0,31770,37,1,252733,6,0.33,0,0.33,0,0,0.33,0,0.33,0,0,0,0,0,0,0,0.33,0,0.33,0,0,0.33,0,0.33,0,0,0,0,0,0,0,23.33333333,2,303.030303,859151.5152,762878.7879,96272.72727,0,0,0,762878.7879,0,0,0,0,0,0,96272.72727,760242.4242,577363.6364,0,0,244575.7576,0,0,48969.69697,172718.2323,388788.2323,561506.4646,0,465363.6364,0,465363.6364,6182236.364,706957.5758,0,6889193.939,4011500.071,363297.1508,113960.8882,477258.039,5521.212121,0,0,0,0,5521.212121,8828418.182,0,8828418.182,0,0,0,0,1315.151515,0,0,1315.151515,0,0,0,0,14890.90909,14890.90909,333.3333333,75.75757576,257.5757576,48.48484848,48.48484848,0,121.2121212,0,503.030303,0,0,0,0,0,0,0,124.2424242,0,0,0,57.57575758,0,0,48.48484848,0,0,78.78787879,0,0,193.9393939,0,0,0,0,0,0,0,0,0,0,0,0,0,0,0,0,0,0,0,7124858.039,4816918.111,5523875.687,10193736.43,942621.6754,11136358.11,-2307939.928,104.2428571
4,0,0,0,251750,0,0,0,0,648060,0,0,37,1,252733,6,0.42,0,0.42,0,0,0.42,0,0.42,0,0,0,0,0,0,0,0.42,0,0.42,0,0,0.42,0,0.42,0,0,0,0,0,0,0,25,2,357.1428571,2142404.762,599404.7619,1543000,0,0,0,599404.7619,0,0,0,0,1543000,0,0,893452.381,534095.2381,0,227547.619,166547.619,0,0,38476.19048,103945.9524,201729.6825,305675.6349,284203.9683,617428.5714,0,617428.5714,5710338.095,0,0,5710338.095,4845136.413,247778.4322,118011.2721,365789.7044,5423.809524,0,0,0,0,5423.809524,8672671.429,0,8672671.429,0,0,0,0,1033.333333,0,0,1033.333333,0,0,18819.04762,0,0,18819.04762,302.3809524,90.47619048,211.9047619,0,0,0,111.9047619,0,414.2857143,0,0,0,0,0,0,0,152.3809524,0,0,0,116.6666667,0,0,0,0,0,61.9047619,0,0,83.33333333,0,0,0,0,0,0,0,0,0,0,0,0,0,0,0,0,0,0,0,6693556.371,3827535.016,3827535.016,10555474.51,983218.2758,11538692.78,-2866021.355,104.2428571
4,0,0,0,254330,0,0,564440,0,0,0,3910,38,1,238474,6,0.27,0,0.27,0,0,0.27,0,0.27,0,0,0,0,0,0,0,0.27,0,0.27,0,0,0.27,0,0.27,0,0,0,0,0,0,0,23,2,388.8888889,3046962.963,941962.963,2105000,0,0,0,941962.963,0,0,2090518.519,0,0,0,14481.48148,330666.6667,283481.4815,0,0,0,0,0,0,2068991.667,24374.09844,2093365.765,0,568740.7407,0,568740.7407,6418192.593,4385603.704,0,10803796.3,10378554.58,-26713.64182,175748.625,149034.9832,21000,0,0,0,0,21000,28791000,0,28791000,0,0,0,0,2144.444444,0,0,2144.444444,9177.777778,0,0,0,911.1111111,10088.88889,400,0,400,333.3333333,174.0740741,159.2592593,103.7037037,0,837.037037,0,0,0,0,0,0,0,37.03703704,0,166.6666667,507.4074074,22.22222222,0,0,0,0,0,25.92592593,0,0,66.66666667,0,0,0,0,11.11111111,0,0,0,0,0,0,0,0,0,0,0,0,0,0,7135968.317,18412445.42,22798049.12,16796747.17,717775.7239,17514522.9,11276477.1,101.5714286
4,0,0,0,258200,0,0,0,0,0,0,0,33,1,231595,6,0.44,0,0.44,0,0,0.44,0,0.44,0,0,0,0,0,0,0,0.44,0,0.44,0,0,0.44,0,0.44,0,0,0,0,0,0,0,29.33333333,1,56.81818182,586818.1818,586818.1818,0,0,0,0,586818.1818,0,0,0,0,0,0,0,55795.45455,96613.63636,0,0,0,0,0,17272.72727,96656.13636,0,96656.13636,1059709.659,87227.27273,0,87227.27273,3333540.909,0,0,3333540.909,2144460.795,151462.7506,49693.99705,201156.7477,572.7272727,0,0,0,0,572.7272727,1013154.545,0,1013154.545,0,0,0,0,988.6363636,0,0,988.6363636,0,0,0,0,0,0,197.7272727,156.8181818,40.90909091,0,0,0,27.27272727,0,225,0,0,0,0,0,0,0,11.36363636,0,36.36363636,72.72727273,50,0,0,0,0,0,27.27272727,0,0,27.27272727,0,0,0,0,0,0,0,0,0,0,0,0,0,0,0,0,0,0,0,3621924.93,-1131306.25,-1131306.25,5478001.705,288384.0204,5766385.725,-4753231.18,53.9375
4,0,0,0,258210,0,0,328160,0,0,0,0,38,2,238474,6,1.33,0,1.33,0,0,1.33,0,1.33,0,0,0,0,0,0,0,0.67,0,0.67,0,0,0.67,0,0.67,0,0,0,0,0,0,0,33.33333333,2,365.6716418,875179.1045,385388.0597,489791.0448,0,0,0,385388.0597,0,0,489791.0448,0,0,0,0,341925.3731,183388.0597,0,0,0,0,0,31522.38806,840058.607,85810.36692,925868.9739,0,254656.7164,0,254656.7164,2877229.851,879440.2985,0,3756670.149,3475798.198,170400.4885,63042.52366,233443.0121,10358.20896,0,0,0,0,10358.20896,13973223.88,0,13973223.88,0,0,0,0,864.1791045,0,0,864.1791045,2641.791045,0,0,0,0,2641.791045,168.6567164,147.761194,20.89552239,59.70149254,59.70149254,0,25.37313433,0,253.7313433,0,0,0,0,0,0,0,55.2238806,0,0,0,46.26865672,0,0,0,0,47.76119403,56.71641791,0,0,47.76119403,0,0,0,0,0,0,0,0,0,0,0,0,0,0,0,0,0,0,0,3365329.579,10497425.68,11376865.98,6353028.049,488099.7285,6841127.777,7132096.104,46.47368421
4,0,0,0,264660,0,0,0,0,0,0,0,37,1,252733,6,0.37,0,0.37,0,0,0.37,0,0.37,0,0,0,0,0,0,0,0.37,0,0.37,0,0,0.37,0,0.37,0,0,0,0,0,0,0,36,2,297.2972973,715297.2973,715297.2973,0,0,0,0,715297.2973,0,0,0,0,0,0,0,1908837.838,637621.6216,1641054.054,0,0,0,0,61648.64865,1011130.18,92973.54196,1104103.722,296801.3514,1095189.189,0,1095189.189,17980216.22,2166045.946,0,20146262.16,8784143.479,231366.514,305095.2677,536461.7817,18048.64865,0,0,0,0,18048.64865,23484697.3,0,23484697.3,0,0,0,0,1567.567568,0,0,1567.567568,0,0,0,0,0,0,1194.594595,567.5675676,627.027027,172.972973,72.97297297,100,132.4324324,0,1500,0,0,0,0,0,0,0,116.2162162,0,0,1132.432432,59.45945946,0,0,0,0,0,91.89189189,0,0,100,0,0,0,0,0,0,0,0,0,0,0,0,0,0,0,0,0,0,0,19611867.19,14700553.82,16866599.76,26764359.7,1631650.971,28396010.67,-4911313.369,104.2428571
4,0,0,0,264660,0,9550,435430,0,0,0,23360,37,2,252733,5,0.71,0.14,0.55,0,0.02,0.67,0.14,0.51,0,0.02,0.04,0,0.04,0,0,0.64,0.14,0.48,0,0.02,0.6,0.14,0.44,0,0.02,0.04,0,0.04,0,0,49.18181818,2,389.0625,1145312.5,428453.125,716859.375,0,0,0,413531.25,0,14921.875,680359.375,0,0,0,36500,530171.875,417828.125,709187.5,0,0,0,0,221765.625,1328301.335,68083.75,1396385.085,466272.3958,530515.625,66578.125,597093.75,22341285.94,199050,0,22540335.94,5405284.23,256294.3413,310609.909,566904.2503,21164.0625,0,0,0,0,21164.0625,30329085.94,0,30329085.94,0,0,0,0,996.875,0,139.21875,1136.09375,2959.375,0,0,0,2726.5625,5685.9375,1445.3125,787.5,657.8125,15.625,6.25,9.375,160.9375,0,1621.875,0,0,0,4.6875,0,0,0,98.4375,0,384.375,890.625,62.5,0,0,0,0,6.25,73.4375,6.25,0,95.3125,0,0,0,0,0,0,0,0,0,0,0,0,0,0,0,0,0,0,0,23438705.81,24923801.71,25189429.83,27679992.04,1163998,28843990.04,1485095.894,44.52941176
4,0,0,0,274350,0,0,0,0,0,0,10250,37,1,252733,6,0.49,0,0.49,0,0,0,0,0,0,0,0.49,0,0.49,0,0,0.41,0,0.41,0,0,0,0,0,0,0,0.41,0,0.41,0,0,41.57142857,2,348.7804878,694146.3415,669146.3415,25000,0,0,0,669146.3415,0,0,0,0,0,0,25000,320536.5854,118121.9512,0,0,0,0,0,247268.2927,939308.7398,59042.92683,998351.6667,0,0,1440975.61,1440975.61,2216573.171,752509.7561,0,2969082.927,4824643.203,66148.15059,52842.24659,118990.3972,6970.731707,0,0,0,0,6970.731707,11146200,0,11146200,0,0,0,0,1765.853659,0,0,1765.853659,0,0,0,0,1797.560976,1797.560976,70.73170732,0,70.73170732,51.2195122,51.2195122,0,75.6097561,0,197.5609756,0,0,0,0,0,0,0,34.14634146,0,0,0,31.70731707,0,0,0,0,0,0,0,0,131.7073171,0,0,0,0,0,0,0,0,0,0,0,0,0,0,0,0,0,0,0,2335563.568,6321556.797,8515042.163,5600240.764,1559966.007,7160206.771,3985993.229,104.2428571
4,0,0,0,277570,0,0,0,0,0,0,20250,37,2,252733,6,0.33,0,0.33,0,0,0.33,0,0.33,0,0,0,0,0,0,0,0.3,0,0.3,0,0,0.3,0,0.3,0,0,0,0,0,0,0,46,2,166.6666667,992733.3333,925233.3333,67500,0,0,0,925233.3333,0,0,0,0,0,0,67500,598100,80333.33333,644433.3333,0,0,0,0,281600,1432783.167,0,1432783.167,0,568700,0,568700,7246946.667,3502703.333,0,10749650,7785419.5,88429.07106,162164.2275,250593.2986,6300,0,0,0,0,6300,9361800,0,9361800,0,0,0,0,4826.666667,0,0,4826.666667,0,0,0,0,4913.333333,4913.333333,590,0,590,210,210,0,43.33333333,16.66666667,860,0,0,0,0,0,0,0,123.3333333,0,123.3333333,370,83.33333333,0,0,0,0,0,0,0,0,160,0,0,0,0,0,0,0,0,0,0,0,0,0,0,0,0,0,0,0,8066239.965,1576380.5,5079083.833,15032366.17,819293.2986,15851659.47,-6489859.465,44.52941176
4,0,0,0,282090,0,0,745390,0,0,0,0,38,1,238474,6,0.23,0.06,0.17,0,0,0.23,0.06,0.17,0,0,0,0,0,0,0,0.23,0.06,0.17,0,0,0.23,0.06,0.17,0,0,0,0,0,0,0,27.6,2,391.3043478,4467304.348,1226478.261,3240826.087,0,0,0,1226478.261,0,0,3240826.087,0,0,0,0,549565.2174,33869.56522,0,0,0,0,0,0,424737.8261,0,424737.8261,0,945869.5652,0,945869.5652,10672778.26,3905369.565,0,14578147.83,9619320.522,33330.12828,238490.9765,271821.1048,8217.391304,0,0,0,0,8217.391304,11537217.39,0,11537217.39,0,0,0,0,2521.73913,0,0,2521.73913,15391.30435,0,0,0,0,15391.30435,708.6956522,708.6956522,0,273.9130435,221.7391304,52.17391304,0,0,982.6086957,0,0,0,0,0,0,0,69.56521739,0,200,334.7826087,113.0434783,0,0,0,0,43.47826087,65.2173913,0,0,156.5217391,0,0,0,0,0,0,0,0,0,0,0,0,0,0,0,0,0,0,0,11890468.93,1917896.87,5823266.435,20292098.78,1217690.67,21509789.45,-9972572.061,101.5714286
4,0,0,0,284030,0,15160,0,0,0,0,17870,33,2,231595,6,0.78,0,0.78,0,0,0.78,0,0.78,0,0,0,0,0,0,0,0.26,0,0.26,0,0,0.26,0,0.26,0,0,0,0,0,0,0,25.375,2,273.0769231,1219461.538,1150730.769,68730.76923,0,0,0,1092423.077,0,58307.69231,0,0,0,0,68730.76923,738846.1538,801192.3077,0,0,1386653.846,0,0,150269.2308,746739.1026,277572.4038,1024311.506,322803.8462,3117076.923,0,3117076.923,14684134.62,3179007.692,0,17863142.31,9054141.122,438225.3161,269238.7194,707464.0355,0,0,1923.076923,0,7596.153846,7596.153846,0,11538557.69,11538557.69,0,0,0,0,2226.923077,0,484.6153846,2711.538462,0,0,0,0,4723.076923,4723.076923,823.0769231,392.3076923,430.7692308,234.6153846,138.4615385,96.15384615,219.2307692,0,1276.923077,0,0,0,0,0,0,0,303.8461538,0,0,480.7692308,188.4615385,0,0,0,0,0,76.92307692,0,0,226.9230769,0,0,0,0,0,0,0,0,0,0,0,0,0,0,0,0,0,0,0,18508675.57,2484416.571,5663424.263,23738275.74,3824540.959,27562816.7,-16024259,26.75
4,0,0,0,284030,0,4150,412540,0,0,0,0,35,1,255069,6,0.49,0.49,0,0,0,0.49,0.49,0,0,0,0,0,0,0,0,0.44,0.44,0,0,0,0.44,0.44,0,0,0,0,0,0,0,0,39.75,2,179.5454545,1592545.455,654954.5455,937590.9091,0,0,0,645522.7273,0,9431.818182,937590.9091,0,0,0,0,502272.7273,254454.5455,0,0,0,0,0,163181.8182,830510.6629,24757.77273,855268.4356,298288.6364,2384727.273,0,2384727.273,3914425,1028984.091,0,4943409.091,4950064.708,209063.7899,90588.74318,299652.5331,0,0,650,0,2567.5,2567.5,0,4865412.5,4865412.5,0,0,0,0,1315.909091,0,3.409090909,1319.318182,8043.181818,0,0,0,0,8043.181818,163.6363636,163.6363636,0,77.27272727,43.18181818,34.09090909,75,0,315.9090909,0,0,0,0,0,0,0,70.45454545,0,25,122.7272727,54.54545455,0,0,0,0,0,0,0,0,43.18181818,0,0,0,0,0,0,0,0,0,0,0,0,0,0,0,0,0,0,0,6598804.806,-84652.20833,944331.8826,8864489.708,2684379.806,11548869.51,-6683457.014,66.3
4,0,0,0,284030,0,6220,0,0,0,0,0,99,1,239968,6,0.4,0,0.4,0,0,0.4,0,0.4,0,0,0,0,0,0,0,0.4,0,0.4,0,0,0.4,0,0.4,0,0,0,0,0,0,0,30,2,250,725625,725625,0,0,0,0,710075,0,15550,0,0,0,0,0,161825,132825,0,0,72625,0,0,63350,303175.5,145245.45,448420.95,880736.875,2104225,0,2104225,9894292.5,344182.5,0,10238475,3069558.325,299253.8965,138445.9088,437699.8052,0,0,2142.5,0,8462.875,8462.875,0,12296557.38,12296557.38,0,0,0,0,1447.5,0,3.5,1451,0,0,0,0,0,0,605,340,265,22.5,22.5,0,95,0,722.5,0,0,0,0,0,0,37.5,55,0,0,505,15,0,0,0,0,0,40,0,0,70,0,0,0,0,0,0,0,0,0,0,0,0,0,0,0,0,0,0,0,12436217.31,9226999.05,9571181.55,12963850.83,2541924.805,15505775.63,-3209218.255,226.1111111
4,0,0,0,305980,0,4150,773520,0,0,0,13660,37,2,252733,6,0.64,0,0.64,0,0,0.64,0,0.64,0,0,0,0,0,0,0,0.57,0,0.57,0,0,0.57,0,0.57,0,0,0,0,0,0,0,28.16666667,2,345.6140351,1925105.263,544087.7193,1381017.544,0,0,0,536807.0175,0,7280.701754,1357052.632,0,0,0,23964.91228,598929.8246,176596.4912,1389947.368,0,0,0,3132087.719,237140.3509,713230.9942,297285.9064,1010516.901,327208.7719,1143403.509,0,1143403.509,22502008.77,4562263.158,0,27064271.93,13612528.85,303558.6662,419467.5592,723026.2254,11870.17544,0,0,1878.947368,5693.210526,17563.38596,23386228.07,7776925.579,31163153.65,0,0,0,0,1321.052632,0,5.263157895,1326.315789,7761.403509,0,0,0,1724.561404,9485.964912,1540.350877,985.9649123,554.3859649,298.245614,298.245614,0,82.45614035,0,1921.052632,0,0,0,0,0,0,0,68.42105263,0,84.21052632,1098.245614,75.43859649,0,0,96.49122807,0,0,200,0,0,129.8245614,0,0,0,0,168.4210526,0,0,0,0,0,0,0,0,0,0,0,0,0,0,24368438.51,17550624.8,22112887.96,36114537.62,1866429.734,37980967.35,-6817813.705,44.52941176
4,0,0,0,307270,160000,0,309410,0,0,0,0,37,1,252733,6,0.69,0,0.69,0,0,0.51,0,0.51,0,0,0.18,0,0.18,0,0,0.48,0,0.48,0,0,0.3,0,0.3,0,0,0.18,0,0.18,0,0,38,2,222.9166667,1618083.333,973479.1667,644604.1667,0,0,0,640145.8333,333333.3333,0,644604.1667,0,0,0,0,470875,296645.8333,1864395.833,0,0,0,3938729.167,140812.5,1455560.694,148642.885,1604203.579,0,817520.8333,522729.1667,1340250,21361556.25,5288754.167,0,26650310.42,15997961.58,218608.4167,425005.2028,643613.6195,15933.33333,0,0,0,0,15933.33333,25553195.83,0,25553195.83,0,0,0,0,1689.583333,1666.666667,0,3356.25,3687.5,0,0,0,0,3687.5,1414.583333,716.6666667,697.9166667,347.9166667,347.9166667,0,145.8333333,0,1908.333333,0,0,0,0,0,0,0,135.4166667,0,145.8333333,947.9166667,89.58333333,0,0,0,0,0,0,0,0,108.3333333,0,0,0,0,481.25,0,0,0,0,0,0,0,0,0,0,0,0,0,0,22822690.7,9555234.254,15366717.59,36836788.66,1983863.62,38820652.28,-13267456.45,104.2428571
4,0,0,0,309850,0,0,0,0,185160,0,9530,37,1,252733,6,0.35,0,0.35,0,0,0.35,0,0.35,0,0,0,0,0,0,0,0.35,0,0.35,0,0,0.35,0,0.35,0,0,0,0,0,0,0,46,2,242.8571429,1441542.857,885285.7143,556257.1429,0,0,0,885285.7143,0,0,0,0,529028.5714,0,27228.57143,618628.5714,295514.2857,862714.2857,0,0,0,0,72400,563694.381,196572.6316,760267.0125,0,633714.2857,0,633714.2857,12823717.14,677008.5714,0,13500725.71,4980808.584,193639.0282,204017.0374,397656.0656,9360,0,0,0,0,9360,10820160,0,10820160,0,0,0,0,1654.285714,0,0,1654.285714,0,0,3225.714286,0,2105.714286,5331.428571,865.7142857,411.4285714,454.2857143,45.71428571,45.71428571,0,80,0,991.4285714,0,0,0,0,0,0,0,48.57142857,0,188.5714286,614.2857143,28.57142857,0,0,0,0,0,0,0,0,111.4285714,0,0,0,0,0,0,0,0,0,0,0,0,0,0,0,0,0,0,0,13855087.49,5839351.416,6516359.987,17804525.73,1031370.351,18835896.08,-8015736.078,104.2428571
4,0,0,0,327920,0,0,646940,0,0,0,0,38,1,238474,6,0.4,0.1,0.3,0,0,0.4,0.1,0.3,0,0,0,0,0,0,0,0.4,0.1,0.3,0,0,0.4,0.1,0.3,0,0,0,0,0,0,0,26,2,525,2437150,819800,1617350,0,0,0,819800,0,0,1617350,0,0,0,0,715750,262225,3419025,0,0,0,0,0,198958.4167,39815.06579,238773.4825,0,426575,0,426575,13067662.5,6817932.5,0,19885595,14129329.98,54783.03353,324644.9018,379427.9353,16852.5,0,0,0,0,16852.5,23325277.5,0,23325277.5,0,0,0,0,1447.5,0,0,1447.5,8847.5,0,0,0,0,8847.5,840,412.5,427.5,517.5,267.5,250,112.5,0,1470,0,0,0,0,0,0,0,65,0,382.5,792.5,105,0,0,0,0,30,0,0,0,82.5,0,0,0,0,12.5,0,0,0,0,0,0,0,0,0,0,0,0,0,0,13873665.44,9195947.518,16013880.02,27196992.48,806002.9353,28002995.42,-4677717.918,101.5714286
4,0,0,0,329210,0,6230,0,0,0,0,10250,37,1,252733,6,0.46,0,0.46,0,0,0.46,0,0.46,0,0,0,0,0,0,0,0.39,0,0.39,0,0,0.39,0,0.39,0,0,0,0,0,0,0,43,2,269.2307692,886384.6154,860102.5641,26282.05128,0,0,0,844128.2051,0,15974.35897,0,0,0,0,26282.05128,652538.4615,461230.7692,766102.5641,122538.4615,0,0,1625615.385,136461.5385,870399.4017,308720.0742,1179119.476,0,1292717.949,0,1292717.949,25587058.97,0,0,25587058.97,6082724.271,348331.7084,367390.8588,715722.5672,20192.30769,0,0,0,0,20192.30769,25691884.62,0,25691884.62,0,0,0,0,2228.205128,0,11.53846154,2239.74359,0,0,0,0,1889.74359,1889.74359,1600,846.1538462,753.8461538,0,0,0,235.8974359,0,1835.897436,0,0,0,0,0,0,0,84.61538462,0,200,705.1282051,110.2564103,0,0,20.51282051,0,0,51.28205128,0,0,228.2051282,0,0,0,0,435.8974359,0,0,0,0,0,0,0,0,0,0,0,0,0,0,27595499.49,19609160.34,19609160.34,31669783.25,2008440.516,33678223.76,-7986339.146,104.2428571
4,0,0,0,335670,0,0,0,0,0,0,14300,37,1,252733,5,0.33,0,0.33,0,0,0.33,0,0.33,0,0,0,0,0,0,0,0.33,0,0.33,0,0,0.33,0,0.33,0,0,0,0,0,0,0,27.5,2,242.4242424,1060515.152,1017181.818,43333.33333,0,0,0,1017181.818,0,0,0,0,0,0,43333.33333,817818.1818,940757.5758,0,0,0,0,0,0,135765.6566,104243.1419,240008.7985,0,775484.8485,0,775484.8485,15422069.7,0,0,15422069.7,3311832.708,111756.2409,221630.1014,333386.3423,21190.90909,0,0,0,0,21190.90909,31489690.91,0,31489690.91,0,0,0,0,1754.545455,0,0,1754.545455,0,0,0,0,6700,6700,939.3939394,496.969697,442.4242424,0,0,0,160.6060606,0,1100,0,0,0,0,0,0,0,148.4848485,0,124.2424242,490.9090909,100,0,0,0,0,0,21.21212121,0,0,215.1515152,0,0,0,0,0,0,0,0,0,0,0,0,0,0,0,0,0,0,0,16530940.89,28177858.2,28177858.2,18733902.4,1108871.191,19842773.6,11646917.31,104.2428571
4,0,0,0,335670,0,0,0,0,0,0,14300,37,2,252733,5,0.66,0,0.66,0,0,0.66,0,0.66,0,0,0,0,0,0,0,0.66,0,0.66,0,0,0.66,0,0.66,0,0,0,0,0,0,0,21.25,2,189.3939394,530257.5758,508590.9091,21666.66667,0,0,0,508590.9091,0,0,0,0,0,0,21666.66667,759651.5152,463333.3333,0,0,0,0,0,0,200381.7929,320933.649,521315.4419,18085.68182,775515.1515,0,775515.1515,5972415.152,154646.9697,0,6127062.121,2700023.518,336056.6375,95745.70023,431802.3377,15777.27273,0,0,0,0,15777.27273,25227859.09,0,25227859.09,0,0,0,0,1096.969697,0,0,1096.969697,0,0,0,0,3350,3350,333.3333333,122.7272727,210.6060606,10.60606061,10.60606061,0,100,0,443.9393939,0,0,0,0,0,0,0,106.0606061,0,0,0,24.24242424,0,0,46.96969697,0,0,69.6969697,0,0,196.969697,0,0,0,0,0,0,0,0,0,0,0,0,0,0,0,0,0,0,0,7179732.641,22527835.57,22682482.54,8672438.669,1207317.489,9879756.158,15348102.93,44.52941176
4,0,0,0,335670,0,0,0,0,0,0,39710,37,3,252733,6,0.99,0,0.99,0,0,0.99,0,0.99,0,0,0,0,0,0,0,0.99,0,0.99,0,0,0.99,0,0.99,0,0,0,0,0,0,0,33,2,342.4242424,379171.7172,339060.6061,40111.11111,0,0,0,339060.6061,0,0,0,0,0,0,40111.11111,775010.101,355909.0909,0,0,92404.0404,0,0,16323.23232,73599.27609,76536.01382,150135.2899,180857.0707,861686.8687,0,861686.8687,5625711.111,344681.8182,0,5970392.929,2547225.361,103332.8812,92208.915,195541.7962,9203.030303,0,0,0,0,9203.030303,14715645.45,0,14715645.45,0,0,0,0,584.8484848,0,0,584.8484848,0,0,0,0,6204.040404,6204.040404,290.9090909,94.94949495,195.959596,23.23232323,23.23232323,0,111.1111111,0,425.2525253,0,0,0,0,0,0,0,128.2828283,0,0,0,21.21212121,0,0,47.47474747,0,0,46.46464646,0,0,181.8181818,0,0,0,0,0,0,0,0,0,0,0,0,0,0,0,0,0,0,0,6682939.776,12168420.09,12513101.91,8172936.472,1057228.665,9230165.137,5485480.318,35.73333333
4,0,0,0,335670,0,0,0,0,925810,0,0,37,2,252733,6,0.67,0,0.67,0,0,0.67,0,0.67,0,0,0,0,0,0,0,0.67,0,0.67,0,0,0.67,0,0.67,0,0,0,0,0,0,0,25,2,268.6567164,1882805.97,501000,1381805.97,0,0,0,501000,0,0,0,0,1381805.97,0,0,814865.6716,427343.2836,0,0,0,0,0,24119.40299,68378.00995,102687.2742,171065.2841,0,840328.3582,0,840328.3582,5831976.119,152338.806,0,5984314.925,3725271.418,97680.16026,110971.4084,208651.5687,14571.64179,0,0,0,0,14571.64179,23300055.22,0,23300055.22,0,0,0,0,864.1791045,0,0,864.1791045,0,0,16853.73134,0,0,16853.73134,316.4179104,113.4328358,202.9850746,10.44776119,10.44776119,0,104.4776119,0,431.3432836,0,0,0,0,0,0,0,97.01492537,0,0,0,49.25373134,0,0,0,0,0,68.65671642,0,0,216.4179104,0,0,0,0,0,0,0,0,0,0,0,0,0,0,0,0,0,0,0,6880956.046,19574783.81,19727122.61,9557247.538,1048979.927,10606227.46,12693827.76,44.52941176
4,0,0,0,335680,0,0,0,0,0,0,19060,37,1,252733,6,0.51,0,0.51,0,0,0.51,0,0.51,0,0,0,0,0,0,0,0.34,0,0.34,0,0,0.34,0,0.34,0,0,0,0,0,0,0,20,2,223.5294118,1043352.941,987294.1176,56058.82353,0,0,0,987294.1176,0,0,0,0,0,0,56058.82353,970764.7059,745617.6471,0,0,0,0,0,0,111461.6422,202354.3344,313815.9765,0,802882.3529,0,802882.3529,17399238.24,300197.0588,0,17699435.29,3626481.329,189764.8842,248578.9226,438343.8069,6967.647059,0,0,0,0,6967.647059,10353923.53,0,10353923.53,0,0,0,0,1705.882353,0,0,1705.882353,0,0,0,0,8673.529412,8673.529412,1152.941176,558.8235294,594.1176471,20.58823529,20.58823529,0,129.4117647,0,1302.941176,0,0,0,0,0,0,0,161.7647059,0,114.7058824,608.8235294,23.52941176,0,0,58.82352941,0,0,94.11764706,0,0,241.1764706,0,0,0,0,0,0,0,0,0,0,0,0,0,0,0,0,0,0,0,18640464.4,6727442.2,7027639.259,21025719.56,1241226.16,22266945.72,-11913022.2,104.2428571
4,0,0,0,33570,0,0,0,0,0,0,3180,37,1,252733,6,0.2,0,0.2,0,0,0.2,0,0.2,0,0,0,0,0,0,0,0.2,0,0.2,0,0,0.2,0,0.2,0,0,0,0,0,0,0,22.5,2,375,183750,167850,15900,0,0,0,167850,0,0,0,0,0,0,15900,586550,786750,0,0,484300,0,0,0,135754.9167,181556.8056,317311.7222,0,1279600,0,1279600,17061000,0,0,17061000,2611394.722,170340.7126,232093.5525,402434.2651,2835,0,0,0,0,2835,4212810,0,4212810,0,0,0,0,290,0,0,290,0,0,0,0,2455,2455,1140,615,525,0,0,0,105,0,1245,0,0,0,0,0,0,0,120,0,130,650,30,0,0,40,0,0,35,0,0,240,0,0,0,0,0,0,0,0,0,0,0,0,0,0,0,0,0,0,0,18743034.27,1601415.278,1601415.278,19672394.72,1682034.265,21354428.99,-17141618.99,104.2428571
4,0,0,0,344060,0,0,450050,0,0,0,0,37,1,252733,6,0.32,0,0.32,0,0,0.32,0,0.32,0,0,0,0,0,0,0,0.3,0,0.3,0,0,0.3,0,0.3,0,0,0,0,0,0,0,56,2,666.6666667,2647033.333,1146866.667,1500166.667,0,0,0,1146866.667,0,0,1500166.667,0,0,0,0,1233333.333,336266.6667,841933.3333,0,0,0,0,33800,59288,0,59288,0,1350666.667,0,1350666.667,29964213.33,2854593.333,0,32818806.67,8258981,5723.49807,460620.756,466344.2541,10920,0,0,0,0,10920,18028920,0,18028920,0,0,0,0,2896.666667,0,0,2896.666667,8850,0,0,0,0,8850,2153.333333,843.3333333,1310,193.3333333,193.3333333,0,140,0,2486.666667,0,0,0,0,0,0,0,150,0,0,1920,116.6666667,0,0,120,0,0,0,0,0,180,0,0,0,0,0,0,0,0,0,0,0,0,0,0,0,0,0,0,0,31781224.25,9769939,12624532.33,38223194.33,1817010.921,40040205.25,-22011285.25,104.2428571
4,0,0,0,348580,0,0,0,0,0,0,0,37,2,252733,6,0.49,0,0.49,0,0,0.42,0,0.42,0,0,0.07,0,0.07,0,0,0.43,0,0.43,0,0,0.4,0,0.4,0,0,0.03,0,0.03,0,0,29,2,269.7674419,810651.1628,810651.1628,0,0,0,0,810651.1628,0,0,0,0,0,0,0,475651.1628,217488.3721,684976.7442,0,350372.093,0,0,0,287821.2791,53333.65973,341154.9388,18506.27907,482465.1163,84232.55814,566697.6744,9459397.674,0,0,9459397.674,3235766.311,477163.5558,145782.2271,622945.7829,8204.651163,0,0,0,0,8204.651163,12675600,0,12675600,0,0,0,0,1818.604651,0,0,1818.604651,0,0,0,0,0,0,595.3488372,293.0232558,302.3255814,0,0,0,90.69767442,0,686.0465116,0,0,0,0,0,0,0,102.3255814,0,0,476.744186,37.20930233,0,0,0,0,25.58139535,0,0,0,44.18604651,0,0,0,0,0,0,0,0,0,0,0,0,0,0,0,0,0,0,0,10564808.57,9439833.689,9524066.247,12610931.43,1189643.457,13800574.88,-1124974.885,44.52941176
4,0,0,0,348580,0,0,177210,0,0,0,0,36,1,247791,6,0.85,0,0.85,0,0,0.85,0,0.85,0,0,0,0,0,0,0,0.14,0,0.14,0,0,0.14,0,0.14,0,0,0,0,0,0,0,5.5,2,464.2857143,3755642.857,2489857.143,1265785.714,0,0,0,2489857.143,0,0,1265785.714,0,0,0,0,139500,131642.8571,42785.71429,0,76857.14286,0,0,9071.428571,1342679.167,66570.85714,1409250.024,483541.6667,792142.8571,0,792142.8571,7888764.286,0,0,7888764.286,6296082.69,308360.7402,146337.8111,454698.5513,942.8571429,0,0,0,0,942.8571429,2218542.857,0,2218542.857,0,0,0,0,2071.428571,0,0,2071.428571,8850,0,0,0,0,8850,471.4285714,364.2857143,107.1428571,0,0,0,71.42857143,0,542.8571429,0,0,0,0,0,0,0,28.57142857,0,7.142857143,57.14285714,71.42857143,0,0,57.14285714,0,28.57142857,178.5714286,71.42857143,0,42.85714286,0,0,0,0,0,0,0,0,0,0,0,0,0,0,0,0,0,0,0,9135605.694,-4077539.833,-4077539.833,14184846.98,1246841.408,15431688.38,-13213145.53,98.38888889
4,0,0,0,348580,0,0,656320,0,0,0,19460,38,3,238474,6,2.71,0.66,0.89,1.16,0,2.71,0.66,0.89,1.16,0,0,0,0,0,0,1.88,0.66,0.89,0.33,0,1.88,0.66,0.89,0.33,0,0,0,0,0,0,29,2,257.9787234,544872.3404,185414.8936,359457.4468,0,0,0,185414.8936,0,0,349106.383,0,0,0,10351.06383,227691.4894,128143.617,1169978.723,0,0,0,0,8989.361702,315508.5106,794820.4956,1110329.006,0,217792.5532,0,217792.5532,4296063.298,1185318.617,0,5481381.915,4613797.155,854503.9279,91866.84798,946370.7759,15884.04255,455.8510638,0,0,1381.228723,17265.27128,15074090.43,1575981.973,16650072.4,0,0,0,0,462.2340426,0,0,462.2340426,1882.446809,0,0,0,653.1914894,2535.638298,289.3617021,207.4468085,81.91489362,80.31914894,76.06382979,4.255319149,15.42553191,0,385.106383,0,0,0,0,0,0,0,27.12765957,0,59.57446809,169.6808511,38.82978723,0,0,0,0,21.27659574,39.36170213,0,0,29.25531915,0,0,0,0,0,0,0,0,0,0,0,0,0,0,0,0,0,0,0,5460226.627,12036275.24,13221593.86,8909860.453,1164163.329,10074023.78,6576048.617,44.66666667
4,0,0,0,351160,0,0,0,0,0,0,20250,37,2,252733,5,0.51,0.05,0.46,0,0,0.51,0.05,0.46,0,0,0,0,0,0,0,0.21,0.03,0.18,0,0,0.21,0.03,0.18,0,0,0,0,0,0,0,19.33333333,2,380.952381,1768619.048,1672190.476,96428.57143,0,0,0,1672190.476,0,0,0,0,0,0,96428.57143,720142.8571,229428.5714,2972380.952,0,0,0,0,209190.4762,1153830.952,0,1153830.952,0,731238.0952,0,731238.0952,38870680.95,0,0,38870680.95,7306325.857,80998.33805,543960.8807,624959.2188,29100,0,0,0,0,29100,45657900,0,45657900,0,0,0,0,11033.33333,0,0,11033.33333,0,0,0,0,7019.047619,7019.047619,2733.333333,1709.52381,1023.809524,0,0,0,80.95238095,0,2814.285714,0,0,0,0,0,0,0,119.047619,0,938.0952381,1547.619048,152.3809524,0,0,0,0,0,0,0,0,57.14285714,0,0,0,0,0,0,0,0,0,0,0,0,0,0,0,0,0,0,0,40226878.27,38351574.14,38351574.14,46177006.81,1356197.314,47533204.12,-1875304.124,44.52941176
4,0,0,0,38090,0,0,60480,0,0,0,1010,37,1,252733,5,0.3,0,0.3,0,0,0.13,0,0.13,0,0,0.17,0,0.17,0,0,0.12,0,0.12,0,0,0.05,0,0.05,0,0,0.07,0,0.07,0,0,66,2,325,829833.3333,317416.6667,512416.6667,0,0,0,317416.6667,0,0,504000,0,0,0,8416.666667,1030000,413250,2344083.333,0,0,0,0,211166.6667,1423240.278,0,1423240.278,2590400,639750,789000,1428750,21173350,4505550,0,25678900,14389256.61,492124.6884,370662.885,862787.5734,23366.66667,0,0,0,0,23366.66667,38187866.67,0,38187866.67,0,0,0,0,1208.333333,0,0,1208.333333,2208.333333,0,0,0,616.6666667,2825,1283.333333,1283.333333,0,408.3333333,0,408.3333333,91.66666667,0,1783.333333,0,0,0,8.333333333,0,0,0,66.66666667,0,716.6666667,666.6666667,241.6666667,0,0,0,0,0,58.33333333,0,0,25,0,0,0,0,0,0,0,0,0,0,0,0,0,0,0,0,0,0,0,22675887.57,23798610.06,29093160.06,34773606.61,2291537.573,37065144.18,1122722.482,104.2428571
4,0,0,0,38730,0,0,0,0,0,0,7150,36,1,247791,6,0.41,0,0.41,0,0,0.41,0,0.41,0,0,0,0,0,0,0,0.41,0,0.41,0,0,0.41,0,0.41,0,0,0,0,0,0,0,26,1,121.9512195,111902.439,94463.41463,17439.02439,0,0,0,94463.41463,0,0,0,0,0,0,17439.02439,165268.2927,257804.878,0,0,0,0,0,82414.63415,70829.5122,77936.4878,148766,555988.4146,2080634.146,0,2080634.146,2486019.512,658734.1463,137741.4634,3282495.122,2257522.623,171326.1859,47383.6072,218709.7931,3258.536585,0,0,0,0,3258.536585,2691551.22,0,2691551.22,0,0,0,0,212.195122,0,0,212.195122,0,0,0,0,1197.560976,1197.560976,73.17073171,21.95121951,51.2195122,51.2195122,21.95121951,29.26829268,82.92682927,0,207.3170732,0,0,0,0,0,0,0,29.26829268,0,0,92.68292683,26.82926829,0,0,0,0,0,24.3902439,0,0,34.14634146,0,0,0,0,0,0,0,0,0,0,0,0,0,0,0,0,0,0,0,4894252.097,434028.5965,1121615.561,4852430.78,2299343.939,7151774.72,-4460223.5,98.38888889
4,0,0,0,38730,0,25120,0,0,277740,0,0,36,1,247791,6,0.33,0.33,0,0,0,0,0,0,0,0,0.33,0.33,0,0,0,0.33,0.33,0,0,0,0,0,0,0,0,0.33,0.33,0,0,0,20,2,590.9090909,1035121.212,193484.8485,841636.3636,0,0,0,117363.6364,0,76121.21212,0,0,841636.3636,0,0,545757.5758,233151.5152,0,0,0,0,0,0,840877.9798,37172.74482,878050.7246,0,0,2869151.515,2869151.515,8996200,710642.4242,0,9706842.424,6519665.967,-74289.20164,139978.6036,65689.40199,9515.151515,0,0,0,0,9515.151515,17336606.06,0,17336606.06,0,0,0,0,263.6363636,0,26.66666667,290.3030303,0,0,3421.212121,0,0,3421.212121,460.6060606,218.1818182,242.4242424,0,0,0,169.6969697,21.21212121,651.5151515,0,0,0,0,0,0,0,148.4848485,0,0,0,45.45454545,0,0,48.48484848,0,48.48484848,324.2424242,0,0,36.36363636,0,0,0,0,0,0,0,0,0,0,0,0,0,0,0,0,0,0,0,9061889.402,10816940.09,14396734.03,12646714.45,2934840.917,15581555.37,1755050.692,98.38888889
4,0,0,0,387310,0,40820,0,0,1203550,0,0,36,3,247791,6,0.74,0.74,0,0,0,0.74,0.74,0,0,0,0,0,0,0,0,0.74,0.74,0,0,0,0.74,0.74,0,0,0,0,0,0,0,0,18,1,483.7837838,2204972.973,578554.0541,1626418.919,0,0,0,523391.8919,0,55162.16216,0,0,1626418.919,0,0,943527.027,539472.973,66729.72973,0,0,0,0,1839094.595,1669133.153,449227.9872,2118361.14,415864.527,204270.2703,0,204270.2703,4493909.459,186044.5946,0,4679954.054,8561858.559,448124.803,124826.0789,572950.8819,1702.702703,0,0,0,0,1702.702703,4217594.595,0,4217594.595,0,0,0,0,586.4864865,0,51.62162162,638.1081081,0,0,39674.32432,0,0,39674.32432,124.3243243,77.02702703,47.2972973,12.16216216,12.16216216,0,147.2972973,0,283.7837838,0,0,0,0,0,0,0,43.24324324,0,5.405405405,40.54054054,63.51351351,0,0,27.02702703,0,0,55.40540541,0,0,48.64864865,0,0,0,0,0,0,0,0,0,0,0,0,0,0,0,0,0,0,0,5271130.612,-4344263.965,-4158219.37,13055768.02,777221.1522,13832989.17,-9615394.576,24
4,0,0,0,393510,0,0,675070,0,0,0,7780,38,2,238474,6,0.6,0.37,0.23,0,0,0.6,0.37,0.23,0,0,0,0,0,0,0,0.6,0.37,0.23,0,0,0.6,0.37,0.23,0,0,0,0,0,0,0,36,2,483.3333333,1793933.333,655850,1138083.333,0,0,0,655850,0,0,1125116.667,0,0,0,12966.66667,708966.6667,261216.6667,0,876083.3333,1255550,0,0,0,1215273.889,43873.37719,1259147.266,0,272950,0,272950,8280460,6411461.667,0,14691921.67,12804832.93,123563.1652,237990.2108,361553.3759,15750,0,0,0,0,15750,21593250,0,21593250,0,0,0,0,1158.333333,0,0,1158.333333,5308.333333,0,0,0,818.3333333,6126.666667,405,405,0,465,310,155,111.6666667,0,981.6666667,0,0,0,0,0,0,0,53.33333333,0,218.3333333,446.6666667,15,0,0,0,0,48.33333333,63.33333333,0,0,136.6666667,0,0,0,0,0,0,0,0,0,0,0,0,0,0,0,0,0,0,0,8914963.376,8788417.067,15199878.73,21085292.93,634503.3759,21719796.31,-126546.3087,46.47368421
4,0,0,0,397770,0,9550,234400,0,0,0,0,37,1,252733,5,0.19,0,0.19,0,0,0.19,0,0.19,0,0,0,0,0,0,0,0.19,0,0.19,0,0,0.19,0,0.19,0,0,0,0,0,0,0,21,2,526.3157895,3377473.684,2143789.474,1233684.211,0,0,0,2093526.316,0,50263.15789,1233684.211,0,0,0,0,2437684.211,1327526.316,822210.5263,0,849631.5789,0,0,400157.8947,2019037.632,152889.8246,2171927.456,1015655.789,1346947.368,0,1346947.368,21820821.05,9787089.474,0,31607910.53,22442089.93,225251.8172,495994.5261,721246.3432,68968.42105,0,0,752.6315789,2280.473684,71248.89474,113866863.2,3115127.053,116981990.2,0,0,0,0,3357.894737,0,78.94736842,3436.842105,9315.789474,0,0,0,0,9315.789474,1252.631579,515.7894737,736.8421053,705.2631579,705.2631579,0,326.3157895,0,2284.210526,0,0,0,42.10526316,0,0,0,489.4736842,0,0,1110.526316,326.3157895,0,0,0,0,0,205.2631579,0,0,110.5263158,0,0,0,0,0,0,0,0,0,0,0,0,0,0,0,0,0,0,0,23889014.76,94539900.28,104326989.8,44262910.98,2068193.712,46331104.69,70650885.52,104.2428571
4,0,0,0,406300,0,15250,42190,0,138870,0,0,33,1,231595,6,0.71,0.29,0.31,0.11,0,0.71,0.29,0.31,0.11,0,0,0,0,0,0,0.44,0.17,0.22,0.05,0,0.44,0.17,0.22,0.05,0,0,0,0,0,0,20.55555556,1,177.2727273,1369568.182,958068.1818,411500,0,0,0,923409.0909,0,34659.09091,95886.36364,0,315613.6364,0,0,384545.4545,238340.9091,0,0,0,0,0,11522.72727,349446.2311,44563.90909,394010.1402,25432.95455,1289272.727,0,1289272.727,5853013.636,4041647.727,25668.18182,9920329.545,6707147.713,91933.1317,144880.3278,236813.4595,0,0,2109.090909,0,8330.909091,8330.909091,0,12654650.91,12654650.91,0,0,0,0,1975,0,287.9545455,2262.954545,9050,0,38495.45455,0,0,47545.45455,431.8181818,215.9090909,215.9090909,268.1818182,184.0909091,84.09090909,13.63636364,27.27272727,740.9090909,0,0,0,0,0,0,0,65.90909091,0,0,381.8181818,202.2727273,0,0,0,0,0,0,0,0,90.90909091,0,0,0,0,0,0,0,0,0,0,0,0,0,0,0,0,0,0,0,7394283.387,5947503.196,9999635.542,12575344.91,1526086.187,14101431.1,-1446780.191,53.9375
4,0,0,0,426040,0,0,731330,0,0,0,0,38,3,238474,6,1.98,1.32,0.66,0,0,1.98,1.32,0.66,0,0,0,0,0,0,0,1.65,0.99,0.66,0,0,1.65,0.99,0.66,0,0,0,0,0,0,0,35,2,339.3939394,701436.3636,258206.0606,443230.303,0,0,0,258206.0606,0,0,443230.303,0,0,0,0,187042.4242,131315.1515,0,0,0,0,0,20478.78788,44404.46465,507380.8114,551785.2761,0,155096.9697,0,155096.9697,2762168.485,81120,0,2843288.485,1911652.003,529698.2319,47185.26873,576883.5006,4673.333333,0,0,0,0,4673.333333,6304326.667,0,6304326.667,0,0,0,0,526.6666667,0,0,526.6666667,2466.666667,0,0,0,0,2466.666667,150.9090909,100.6060606,50.3030303,5.454545455,5.454545455,0,39.39393939,0,195.7575758,0,0,0,0,0,0,0,45.45454545,0,0,0,28.48484848,0,0,0,0,0,53.93939394,0,0,67.87878788,0,0,0,0,0,0,0,0,0,0,0,0,0,0,0,0,0,0,0,3494148.955,4392674.663,4473794.663,4673820.488,731980.4703,5405800.959,898525.7081,44.66666667
4,0,0,0,438950,0,0,609440,0,0,0,0,36,3,247791,6,3.22,0,0.22,3,0,3.22,0,0.22,3,0,0,0,0,0,0,1.22,0,0.22,1,0,1.22,0,0.22,1,0,0,0,0,0,0,29,2,344.2622951,859336.0656,359795.082,499540.9836,0,0,0,359795.082,0,0,499540.9836,0,0,0,0,384680.3279,275975.4098,27967.21311,0,17639.34426,0,0,6926.229508,37491.46175,30284.2541,67775.71585,0,279688.5246,0,279688.5246,4905104.098,0,0,4905104.098,1888091.306,34675.26368,78703.18857,113378.4522,568.0327869,0,0,0,0,568.0327869,1313291.803,0,1313291.803,0,0,0,0,949.1803279,0,0,949.1803279,5802.459016,0,0,0,0,5802.459016,228.6885246,97.54098361,131.147541,0,0,0,105.7377049,0,334.4262295,0,0,0,0,0,0,0,69.67213115,0,13.1147541,52.45901639,27.04918033,0,0,0,0,0,63.1147541,0,0,73.7704918,0,0,0,0,35.24590164,0,0,0,0,0,0,0,0,0,0,0,0,0,0,5298171.075,-574799.5027,-574799.5027,6793195.404,393066.9768,7186262.381,-5872970.578,24
4,0,0,0,444110,0,0,1773940,0,166650,0,29180,37,1,252733,5,0.49,0,0.49,0,0,0.49,0,0.49,0,0,0,0,0,0,0,0.4,0,0.4,0,0,0.4,0,0.4,0,0,0,0,0,0,0,34,2,412.5,6034700,1110275,4924425,0,0,0,1110275,0,0,4434850,0,416625,0,72950,986400,145300,3405775,0,0,0,0,211200,1562720.792,82262.5,1644983.292,182364,1279625,0,1279625,13682947.5,0,0,13682947.5,12863455.29,193601.8869,297265.8184,490867.7052,32257.5,0,0,0,0,32257.5,48984457.5,0,48984457.5,0,0,0,0,5792.5,0,0,5792.5,19467.5,0,2822.5,0,5527.5,27817.5,962.5,530,432.5,0,0,0,50,0,1012.5,0,0,0,0,0,0,0,97.5,0,210,595,105,0,0,0,0,0,0,0,0,5,0,0,0,0,0,0,0,0,0,0,0,0,0,0,0,0,0,0,0,15453440.21,36121002.21,36121002.21,26546402.79,1770492.705,28316895.5,20667562,104.2428571
4,0,0,0,464770,0,0,0,0,1110970,0,9530,37,1,252733,6,1.2,0,1.2,0,0,1.2,0,1.2,0,0,0,0,0,0,0,0.48,0,0.48,0,0,0.48,0,0.48,0,0,0,0,0,0,0,22.2,2,468.75,3302645.833,968270.8333,2334375,0,0,0,968270.8333,0,0,0,0,2314520.833,0,19854.16667,935937.5,402979.1667,639645.8333,0,0,0,0,88000,1148810.243,143334.3202,1292144.563,0,902833.3333,0,902833.3333,14590533.33,0,0,14590533.33,6914085.897,262180.9715,242510.8613,504691.8327,8137.5,0,0,0,0,8137.5,20156587.5,0,20156587.5,0,0,0,0,1810.416667,0,0,1810.416667,0,0,14114.58333,0,1535.416667,15650,954.1666667,466.6666667,487.5,0,0,0,112.5,0,1066.666667,0,0,0,0,0,0,0,72.91666667,0,204.1666667,581.25,77.08333333,0,0,0,0,0,25,0,0,106.25,0,0,0,0,0,0,0,0,0,0,0,0,0,0,0,0,0,0,0,15998058.5,13242501.6,13242501.6,21504619.23,1407525.166,22912144.4,-2755556.896,104.2428571
4,0,0,0,46480,0,0,0,0,111100,0,1590,37,1,252733,6,0.44,0,0.44,0,0,0.44,0,0.44,0,0,0,0,0,0,0,0.27,0,0.27,0,0,0.27,0,0.27,0,0,0,0,0,0,0,16,2,259.2592593,589518.5185,172148.1481,417370.3704,0,0,0,172148.1481,0,0,0,0,411481.4815,0,5888.888889,1235000,621851.8519,342259.2593,0,0,0,0,31296.2963,1569176.157,169877.5828,1739053.74,0,808814.8148,0,808814.8148,20870818.52,0,0,20870818.52,4811712.666,388156.9325,287842.545,675999.4775,8400,0,0,0,0,8400,11516400,0,11516400,0,0,0,0,322.2222222,0,0,322.2222222,0,0,2511.111111,0,455.5555556,2966.666667,1285.185185,655.5555556,629.6296296,0,0,0,207.4074074,0,1492.592593,0,0,0,0,0,0,0,100,0,303.7037037,796.2962963,37.03703704,0,0,0,0,0,74.07407407,0,0,181.4814815,0,0,0,0,0,0,0,0,0,0,0,0,0,0,0,0,0,0,0,22355632.81,6704687.334,6704687.334,25682531.18,1484814.292,27167345.48,-15650945.48,104.2428571
4,0,0,0,46480,0,0,140640,0,0,0,0,35,1,255069,6,0.35,0,0.35,0,0,0,0,0,0,0,0.35,0,0.35,0,0,0.35,0,0.35,0,0,0,0,0,0,0,0.35,0,0.35,0,0,21,2,257.1428571,534628.5714,132800,401828.5714,0,0,0,132800,0,0,401828.5714,0,0,0,0,662514.2857,291514.2857,0,0,0,0,0,48285.71429,305581.5238,0,305581.5238,177627.619,0,1893657.143,1893657.143,5399291.429,0,0,5399291.429,4168878.143,60029.37251,84275.24657,144304.6191,7200,0,0,0,0,7200,14860800,0,14860800,0,0,0,0,248.5714286,0,0,248.5714286,2528.571429,0,0,0,0,2528.571429,322.8571429,214.2857143,108.5714286,0,0,0,54.28571429,0,377.1428571,0,0,0,0,0,0,0,71.42857143,0,0,100,48.57142857,0,0,22.85714286,0,5.714285714,74.28571429,0,0,54.28571429,0,0,0,0,0,0,0,0,0,0,0,0,0,0,0,0,0,0,0,5543596.048,10691921.86,12585579,7674512.429,2037961.762,9712474.191,5148325.809,66.3
4,0,0,0,493820,0,0,0,0,0,0,17080,37,2,252733,6,0.66,0,0.66,0,0,0.66,0,0.66,0,0,0,0,0,0,0,0.57,0,0.57,0,0,0.57,0,0.57,0,0,0,0,0,0,0,33.83333333,2,296.4912281,896315.7895,866350.8772,29964.91228,0,0,0,866350.8772,0,0,0,0,0,0,29964.91228,424421.0526,99666.66667,104596.4912,0,0,0,172807.0175,266771.9298,492291.2281,266707.9766,758999.2047,0,1293087.719,0,1293087.719,5883975.439,0,0,5883975.439,2976311.152,295857.0244,95359.93579,391216.9602,884.2105263,0,0,596.4912281,1807.368421,2691.578947,1382021.053,2468865.263,3850886.316,0,0,0,0,2285.964912,0,0,2285.964912,0,0,0,0,2154.385965,2154.385965,359.6491228,149.122807,210.5263158,0,0,0,68.42105263,0,428.0701754,0,0,0,0,0,0,0,42.10526316,0,14.03508772,212.2807018,28.07017544,0,0,0,0,0,19.29824561,0,0,84.21052632,0,0,0,0,28.07017544,0,0,0,0,0,0,0,0,0,0,0,0,0,0,7568280.118,874575.1637,874575.1637,8860286.591,1684304.679,10544591.27,-6693704.954,44.52941176
4,0,0,0,499630,0,12460,131260,0,0,0,49040,38,2,238474,6,0.67,0.54,0.13,0,0,0.67,0.54,0.13,0,0,0,0,0,0,0,0.67,0.54,0.13,0,0,0.67,0.54,0.13,0,0,0,0,0,0,0,34.5,2,395.5223881,1033417.91,764313.4328,269104.4776,0,0,0,745716.4179,0,18597.01493,195910.4478,0,0,0,73194.02985,771746.2687,241104.4776,2706761.194,0,0,0,0,0,743692.7861,84551.15868,828243.9447,0,320865.6716,0,320865.6716,3205176.119,9111585.075,0,12316761.19,14931332.87,14828.15108,207397.9612,222226.1123,18900,0,0,0,0,18900,25280301.49,0,25280301.49,0,0,0,0,1297.014925,0,5.970149254,1302.985075,1056.716418,0,0,0,4767.164179,5823.880597,134.3283582,0,134.3283582,683.5820896,400,283.5820896,89.55223881,0,907.4626866,0,0,0,0,0,0,0,53.73134328,0,271.641791,425.3731343,31.34328358,0,0,0,0,19.40298507,37.31343284,0,0,65.67164179,0,0,0,0,2.985074627,0,0,0,0,0,0,0,0,0,0,0,0,0,0,3748267.903,10348968.62,19460553.7,18136508.99,543091.7839,18679600.77,6600700.719,46.47368421
4,0,0,0,522870,0,6230,1209500,0,0,0,0,36,3,247791,6,2.49,0,0,2.49,0,2.49,0,0,2.49,0,0,0,0,0,0,1,0,0,1,0,1,0,0,1,0,0,0,0,0,0,31,2,400,1738600,529100,1209500,0,0,0,522870,0,6230,1209500,0,0,0,0,107160,168270,0,0,59180,0,0,12670,266155.1667,177358.5126,443513.6793,129174.6667,682450,0,682450,3303886,0,0,3303886,2906359.346,98007.0134,65485.6569,163492.6703,126,0,0,0,0,126,229572,0,229572,0,0,0,0,434,0,4.5,438.5,3893,0,0,0,0,3893,50,44,6,0,0,0,134,0,184,0,0,0,0,0,0,0,13,0,0,13,33,0,0,0,0,48,21,0,0,56,0,0,0,0,0,0,0,0,0,0,0,0,0,0,0,0,0,0,0,4149828.67,-2676787.346,-2676787.346,6210245.346,845942.6703,7056188.016,-6826616.016,24
4,0,0,0,53580,0,0,0,0,0,0,0,37,1,252733,5,0.63,0.63,0,0,0,0.63,0.63,0,0,0,0,0,0,0,0,0.63,0.63,0,0,0,0.63,0.63,0,0,0,0,0,0,0,0,23.5,2,1293.650794,85047.61905,85047.61905,0,0,0,0,85047.61905,0,0,0,0,0,0,0,1458555.556,378984.127,1127047.619,0,0,0,0,33507.93651,1691793.571,571153.0117,2262946.583,236836.9048,1220000,0,1220000,11962620.63,0,0,11962620.63,5835659.345,719216.6939,182806.0264,902022.7203,26911.11111,0,0,0,0,26911.11111,40557049.21,0,40557049.21,0,0,0,0,230.1587302,0,0,230.1587302,0,0,0,0,0,0,752.3809524,371.4285714,380.952381,0,0,0,112.6984127,0,865.0793651,0,0,0,0,0,0,0,66.66666667,0,0,614.2857143,19.04761905,0,0,93.65079365,0,0,0,0,0,71.42857143,0,0,0,0,0,0,0,0,0,0,0,0,0,0,0,0,0,0,0,14084643.36,34721389.86,34721389.86,17798279.98,2122022.72,19920302.7,20636746.51,104.2428571
4,0,0,0,54220,0,0,403170,0,0,0,0,36,1,247791,6,0.38,0,0.38,0,0,0.38,0,0.38,0,0,0,0,0,0,0,0.19,0,0.19,0,0,0.19,0,0.19,0,0,0,0,0,0,0,21,2,526.3157895,2407315.789,285368.4211,2121947.368,0,0,0,285368.4211,0,0,2121947.368,0,0,0,0,715526.3158,846368.4211,0,0,0,0,0,177842.1053,917505.7895,312332.1203,1229837.91,1999607.456,493894.7368,0,493894.7368,22050352.63,1800284.211,404226.3158,24254863.16,9455084.857,506727.81,345083.2768,851811.0869,19894.73684,0,0,0,0,19894.73684,22998315.79,0,22998315.79,0,0,0,0,457.8947368,0,0,457.8947368,9315.789474,0,0,0,0,9315.789474,1057.894737,915.7894737,142.1052632,163.1578947,0,163.1578947,363.1578947,0,1584.210526,0,0,0,0,0,0,0,157.8947368,0,0,394.7368421,168.4210526,0,0,0,0,0,657.8947368,0,0,205.2631579,0,0,0,0,0,0,0,0,0,0,0,0,0,0,0,0,0,0,0,23769773.12,13543230.93,15374026.79,31879152.16,1345705.824,33224857.98,-10226542.19,98.38888889
4,0,0,0,55510,0,0,40320,0,0,0,1690,37,2,252733,6,0.15,0,0.15,0,0,0.15,0,0.15,0,0,0,0,0,0,0,0.15,0,0.15,0,0,0.15,0,0.15,0,0,0,0,0,0,0,16,2,333.3333333,650133.3333,370066.6667,280066.6667,0,0,0,370066.6667,0,0,268800,0,0,0,11266.66667,608200,141666.6667,1292866.667,0,0,0,0,197133.3333,914579.4444,0,914579.4444,0,568733.3333,0,568733.3333,11499000,2544040,0,14043040,6601352.444,26943.03743,205736.436,232679.4734,12600,0,0,0,0,12600,20802600,0,20802600,0,0,0,0,1933.333333,0,0,1933.333333,1180,0,0,0,820,2000,866.6666667,0,866.6666667,166.6666667,166.6666667,0,106.6666667,0,1140,0,0,0,0,0,0,0,206.6666667,0,160,633.3333333,66.66666667,0,0,0,0,0,0,0,0,73.33333333,0,0,0,0,0,0,0,0,0,0,0,0,0,0,0,0,0,0,0,12300412.81,14201247.56,16745287.56,18100352.44,801412.8068,18901765.25,1900834.749,44.52941176
4,0,0,0,5810,0,0,0,0,0,0,1020,99,1,239968,6,0.13,0,0.13,0,0,0.13,0,0.13,0,0,0,0,0,0,0,0.13,0,0.13,0,0,0.13,0,0.13,0,0,0,0,0,0,0,17,1,1153.846154,52538.46154,44692.30769,7846.153846,0,0,0,44692.30769,0,0,0,0,0,0,7846.153846,0,0,0,0,0,0,0,0,278558.4615,673287.4038,951845.8654,0,1312384.615,0,1312384.615,13101084.62,0,0,13101084.62,1244352.327,660354.3984,159816.5204,820170.9188,1015.384615,0,161.5384615,0,638.0769231,1653.461538,1508861.538,927125.7692,2435987.308,0,0,0,0,107.6923077,0,0,107.6923077,0,0,0,0,569.2307692,569.2307692,1007.692308,523.0769231,484.6153846,0,0,0,0,0,1007.692308,0,0,0,0,0,0,0,0,0,30.76923077,200,207.6923077,0,0,0,0,223.0769231,84.61538462,0,0,261.5384615,0,0,0,0,0,0,0,0,0,0,0,0,0,0,0,0,0,0,0,15233640.15,1191634.981,1191634.981,14345436.94,2132555.534,16477992.48,-14042005.17,226.1111111
4,0,0,0,58100,0,0,0,0,0,0,0,36,1,247791,6,0.22,0,0.22,0,0,0.22,0,0.22,0,0,0,0,0,0,0,0.22,0,0.22,0,0,0.22,0,0.22,0,0,0,0,0,0,0,5.333333333,2,504.5454545,264090.9091,264090.9091,0,0,0,0,264090.9091,0,0,0,0,0,0,0,0,102409.0909,0,1520454.545,97818.18182,0,0,11500,312298.6364,39815.07177,352113.7081,0,192318.1818,0,192318.1818,2182472.727,1810131.818,0,3992604.545,4406309.254,78073.1936,72764.85886,150838.0525,113.6363636,0,0,0,0,113.6363636,207045.4545,0,207045.4545,0,0,0,0,395.4545455,0,0,395.4545455,0,0,0,0,0,0,90.90909091,81.81818182,9.090909091,131.8181818,104.5454545,27.27272727,45.45454545,0,268.1818182,0,0,0,0,0,0,0,0,0,0,18.18181818,18.18181818,0,0,0,0,18.18181818,168.1818182,0,0,45.45454545,0,0,0,0,0,0,0,0,0,0,0,0,0,0,0,0,0,0,0,2525628.962,-4199263.799,-2389131.981,6588781.981,343156.2343,6931938.215,-6724892.761,98.38888889
4,0,0,0,671340,0,0,0,0,0,0,31770,37,3,252733,6,1.15,0,1.15,0,0,1.15,0,1.15,0,0,0,0,0,0,0,1.15,0,1.15,0,0,1.15,0,1.15,0,0,0,0,0,0,0,31.75,2,332.173913,611400,583773.913,27626.08696,0,0,0,583773.913,0,0,0,0,0,0,27626.08696,724539.1304,302573.913,0,0,0,0,0,0,1037299.261,34898.78719,1072198.048,0,890156.5217,0,890156.5217,3167897.391,661192.1739,0,3829089.565,3624636.265,153673.8303,66431.3717,220105.202,10187.82609,0,0,0,0,10187.82609,16290333.91,0,16290333.91,0,0,0,0,1006.956522,0,0,1006.956522,0,0,0,0,4273.043478,4273.043478,189.5652174,45.2173913,144.3478261,47.82608696,38.26086957,9.565217391,50.43478261,0,287.826087,0,0,0,0,0,0,0,35.65217391,0,0,0,21.73913043,0,0,42.60869565,0,0,51.30434783,0,0,136.5217391,0,0,0,0,0,0,0,0,0,0,0,0,0,0,0,0,0,0,0,4278159.115,12665697.65,13326889.82,6792533.657,1110261.724,7902795.38,8387538.533,35.73333333
4,0,0,0,69720,0,0,107820,0,0,0,0,36,1,247791,6,0.17,0,0.17,0,0,0.17,0,0.17,0,0,0,0,0,0,0,0.1,0,0.1,0,0,0.1,0,0.1,0,0,0,0,0,0,0,21,2,300,1775400,697200,1078200,0,0,0,697200,0,0,1078200,0,0,0,0,1448800,1662000,0,0,0,0,0,675800,2301634.5,599137.2143,2900771.714,5636712,682500,0,682500,18732920,0,508260,19241180,14347274.71,1342036.578,301358.637,1643395.215,15120,0,0,0,0,15120,14983920,0,14983920,0,0,0,0,1450,0,0,1450,8850,0,0,0,0,8850,910,340,570,0,0,0,390,0,1300,0,0,0,0,0,0,0,320,0,0,380,170,0,0,0,0,0,360,0,0,70,0,0,0,0,0,0,0,0,0,0,0,0,0,0,0,0,0,0,0,21567075.22,636645.2857,636645.2857,33588454.71,2325895.215,35914349.93,-20930429.93,98.38888889
4,0,0,0,69720,0,0,126580,0,0,0,0,36,1,247791,5,0.14,0,0.14,0,0,0.14,0,0.14,0,0,0,0,0,0,0,0.14,0,0.14,0,0,0.14,0,0.14,0,0,0,0,0,0,0,26,2,428.5714286,1402142.857,498000,904142.8571,0,0,0,498000,0,0,904142.8571,0,0,0,0,430571.4286,220142.8571,0,0,76857.14286,0,0,12071.42857,251993.8095,102235.5,354229.3095,195390,1169857.143,0,1169857.143,3291871.429,3670221.429,0,6962092.857,6609417.452,162925.9014,110612.1246,273538.026,5400,0,4078.571429,0,16110.35714,21510.35714,8915400,25244929.64,34160329.64,0,0,0,0,414.2857143,0,0,414.2857143,6321.428571,0,0,0,0,6321.428571,114.2857143,0,114.2857143,285.7142857,121.4285714,164.2857143,107.1428571,0,507.1428571,0,0,0,0,0,0,0,71.42857143,0,21.42857143,321.4285714,57.14285714,0,0,0,0,0,0,0,0,35.71428571,0,0,0,0,0,0,0,0,0,0,0,0,0,0,0,0,0,0,0,4735266.597,27550912.19,31221133.62,9901288.881,1443395.169,11344684.05,22815645.59,98.38888889
4,0,0,0,71010,0,0,412540,0,0,0,0,33,1,231595,6,1.01,0,0.94,0.07,0,1.01,0,0.94,0.07,0,0,0,0,0,0,0.45,0,0.42,0.03,0,0.45,0,0.42,0.03,0,0,0,0,0,0,26.9,2,304.4444444,1074555.556,157800,916755.5556,0,0,0,157800,0,0,916755.5556,0,0,0,0,820511.1111,248800,0,0,1769711.111,0,0,76200,211493.6296,242075.7778,453569.4074,583320,1268311.111,0,1268311.111,6963471.111,3650120,0,10613591.11,8908382.185,385315.003,177430.932,562745.935,0,0,2380,0,9401,9401,0,14280119,14280119,0,0,0,0,322.2222222,0,0,322.2222222,4326.666667,0,0,0,0,4326.666667,415.5555556,291.1111111,124.4444444,284.4444444,120,164.4444444,66.66666667,0,766.6666667,0,0,0,0,0,0,0,160,0,0,380,73.33333333,0,0,0,0,0,15.55555556,0,0,137.7777778,0,0,0,0,0,0,0,0,0,0,0,0,0,0,0,0,0,0,0,8794528.157,5371736.815,9021856.815,15871853.3,1831057.046,17702910.34,-3422791.342,53.9375
4,0,0,0,755260,0,0,0,0,0,0,31770,37,2,252733,6,0.76,0,0.76,0,0,0.76,0,0.76,0,0,0,0,0,0,0,0.76,0,0.76,0,0,0.76,0,0.76,0,0,0,0,0,0,0,25,2,328.9473684,1035565.789,993763.1579,41802.63158,0,0,0,993763.1579,0,0,0,0,0,0,41802.63158,740105.2632,392118.4211,0,0,84960.52632,0,0,0,122865.7237,56579.34557,179445.0693,0,763276.3158,0,763276.3158,5922286.842,556380.2632,0,6478667.105,3241308.332,63524.06605,106086.7178,169610.7839,8563.157895,0,0,0,0,8563.157895,13692489.47,0,13692489.47,0,0,0,0,171.0526316,0,0,171.0526316,0,0,0,0,6465.789474,6465.789474,306.5789474,115.7894737,190.7894737,38.15789474,38.15789474,0,113.1578947,0,457.8947368,0,0,0,0,0,0,0,86.84210526,0,0,0,34.21052632,0,0,51.31578947,0,0,52.63157895,0,0,232.8947368,0,0,0,0,0,0,0,0,0,0,0,0,0,0,0,0,0,0,0,6855173.942,10451181.14,11007561.4,9163595.175,932887.0997,10096482.27,3596007.199,44.52941176
4,0,0,0,77330,0,10380,350660,0,0,0,0,33,1,231595,5,0.92,0,0.71,0.17,0.04,0.92,0,0.71,0.17,0.04,0,0,0,0,0,0.14,0,0.09,0.03,0.02,0.14,0,0.09,0.03,0.02,0,0,0,0,0,27.2,2,421.4285714,3131214.286,626500,2504714.286,0,0,0,552357.1429,0,74142.85714,2504714.286,0,0,0,0,1123428.571,1042500,0,0,461285.7143,0,0,60357.14286,908082.9762,113848.3158,1021931.292,0,3229571.429,0,3229571.429,18735792.86,6846042.857,0,25581835.71,13918354.86,228812.068,381517.5504,610329.6183,0,0,6628.571429,0,26182.85714,26182.85714,0,39771760,39771760,0,0,0,0,1035.714286,0,20.71428571,1056.428571,12135.71429,0,0,0,0,12135.71429,1100,492.8571429,607.1428571,471.4285714,385.7142857,85.71428571,242.8571429,0,1814.285714,0,0,0,0,0,0,0,521.4285714,0,0,1085.714286,85.71428571,0,0,0,0,0,0,0,0,121.4285714,0,0,0,0,0,0,0,0,0,0,0,0,0,0,0,0,0,0,0,22575693.9,25853405.14,32699447.99,32654147.72,3839901.047,36494048.77,3277711.233,53.9375
4,0,0,0,806900,240000,0,464110,0,0,0,0,37,1,252733,6,0.26,0,0.26,0,0,0.26,0,0.26,0,0,0,0,0,0,0,0.26,0,0.26,0,0,0.26,0,0.26,0,0,0,0,0,0,0,30,2,261.5384615,5811576.923,4026538.462,1785038.462,0,0,0,3103461.538,923076.9231,0,1785038.462,0,0,0,0,1092538.462,599846.1538,1192384.615,91884.61538,0,0,2557000,194961.5385,1688455.256,117607.6923,1806062.949,0,524923.0769,0,524923.0769,25213580.77,0,0,25213580.77,13598988.26,216669.7339,446558.3429,663228.0768,9838.461538,0,0,0,0,9838.461538,17044700,0,17044700,0,0,0,0,7796.153846,4615.384615,0,12411.53846,10211.53846,0,0,0,0,10211.53846,1357.692308,819.2307692,538.4615385,0,0,0,365.3846154,0,1723.076923,0,0,0,0,0,0,0,134.6153846,0,111.5384615,430.7692308,303.8461538,0,0,30.76923077,0,0,76.92307692,0,0,303.8461538,0,0,0,0,330.7692308,0,0,0,0,0,0,0,0,0,0,0,0,0,0,26401731.92,3445711.744,3445711.744,38812569.03,1188151.154,40000720.18,-22956020.18,104.2428571
4,0,0,0,813350,0,0,0,0,407350,0,0,38,1,238474,6,0.43,0.43,0,0,0,0.43,0.43,0,0,0,0,0,0,0,0,0.43,0.43,0,0,0,0.43,0.43,0,0,0,0,0,0,0,0,33,1,1395.348837,2838837.209,1891511.628,947325.5814,0,0,0,1891511.628,0,0,0,0,947325.5814,0,0,383511.6279,27674.4186,0,0,0,0,0,51069.76744,579713.7209,123260.0771,702973.798,0,1428348.837,0,1428348.837,20263523.26,6189948.837,0,26453472.09,10432489.66,182952.5873,361517.9662,544470.5535,8204.651163,0,3320.930233,995.3488372,16133.5814,24338.23256,10165562.79,18408416.37,28573979.16,0,0,0,0,4041.860465,0,0,4041.860465,0,0,10504.65116,0,0,10504.65116,1439.534884,1058.139535,381.3953488,404.6511628,404.6511628,0,11.62790698,0,1855.813953,0,0,0,0,0,0,0,53.48837209,0,0,1186.046512,146.5116279,0,0,0,0,13.95348837,190.6976744,0,0,265.1162791,0,0,0,0,0,0,0,0,0,0,0,0,0,0,0,0,0,0,0,22236342.65,18141489.5,24331438.34,30696012.91,1972819.391,32668832.31,-4094853.142,101.5714286
4,0,0,0,819810,0,0,0,0,0,0,116750,38,3,238474,6,0.73,0,0.73,0,0,0.73,0,0.73,0,0,0,0,0,0,0,0.73,0,0.73,0,0,0.73,0,0.73,0,0,0,0,0,0,0,32,2,538.3561644,1282958.904,1123027.397,159931.5068,0,0,0,1123027.397,0,0,0,0,0,0,159931.5068,1147671.233,240712.3288,1020767.123,0,0,0,0,0,593352.1461,21816.47441,615168.6205,0,280452.0548,0,280452.0548,6725419.178,7852134.247,0,14577553.42,12397886.46,41119.49734,221976.4056,263095.903,21747.94521,0,0,0,0,21747.94521,28729035.62,0,28729035.62,0,0,0,0,1983.561644,0,0,1983.561644,0,0,0,0,10097.26027,10097.26027,390.4109589,71.23287671,319.1780822,572.6027397,386.3013699,186.3013699,110.9589041,0,1073.972603,0,0,0,0,0,0,0,50.68493151,0,326.0273973,494.5205479,0,0,0,13.69863014,0,10.95890411,91.78082192,0,0,83.56164384,0,0,0,0,2.739726027,0,0,0,0,0,0,0,0,0,0,0,0,0,0,7268967.136,16331149.16,24183283.41,19123305.63,543547.9578,19666853.59,9062182.024,44.66666667
4,0,0,0,83920,0,0,0,0,0,0,3180,37,1,252733,5,0.1,0,0.1,0,0,0,0,0,0,0,0.1,0,0.1,0,0,0.1,0,0.1,0,0,0,0,0,0,0,0.1,0,0.1,0,0,35,2,400,871000,839200,31800,0,0,0,839200,0,0,0,0,0,0,31800,1124400,2380600,0,0,0,0,0,0,204812.0833,22933.42105,227745.5044,0,0,1609600,1609600,30590420,0,0,30590420,6466078.504,47457.62356,424842.003,472299.6266,32380,0,0,0,0,32380,48116680,0,48116680,0,0,0,0,1450,0,0,1450,0,0,0,0,4910,4910,1700,880,820,0,0,0,430,0,2130,0,0,0,0,0,0,0,270,0,330,880,40,0,0,0,0,0,70,0,0,540,0,0,0,0,0,0,0,0,0,0,0,0,0,0,0,0,0,0,0,31062719.63,41650601.5,43260201.5,35446898.5,2081899.627,37528798.13,10587881.87,104.2428571
4,0,0,0,83920,0,0,0,0,0,0,950,37,1,252733,5,0.2,0,0.2,0,0,0.2,0,0.2,0,0,0,0,0,0,0,0.2,0,0.2,0,0,0.2,0,0.2,0,0,0,0,0,0,0,40,2,215,424350,419600,4750,0,0,0,419600,0,0,0,0,0,0,4750,1045000,1639950,0,0,134500,0,0,80800,200870.5833,455586.4667,656457.05,447621.25,3071000,0,3071000,20582760,0,0,20582760,4681411.3,605163.6731,290474.424,895638.0971,28665,0,0,0,0,28665,42596190,0,42596190,0,0,0,0,725,0,0,725,0,0,0,0,7370,7370,1185,680,505,0,0,0,250,0,1435,0,0,0,0,0,0,0,250,0,130,575,40,0,0,0,0,0,130,0,0,310,0,0,0,0,0,0,0,0,0,0,0,0,0,0,0,0,0,0,0,24549398.1,37914778.7,37914778.7,25264171.3,3966638.097,29230809.4,13365380.6,104.2428571
4,0,0,0,881130,0,0,1101680,0,185160,0,59560,38,3,238474,6,3.03,0.54,0.55,1.94,0,3.03,0.54,0.55,1.94,0,0,0,0,0,0,3.03,0.54,0.55,1.94,0,3.03,0.54,0.55,1.94,0,0,0,0,0,0,18.26315789,1,342.9042904,735158.4158,290801.9802,444356.4356,0,0,0,290801.9802,0,0,363590.7591,0,61108.91089,0,19656.76568,392881.1881,340567.6568,131438.9439,160861.3861,443970.297,0,0,134468.6469,224676.3201,58103.9736,282780.2937,410360.5611,1754970.297,0,1754970.297,6910637.294,3202204.62,301935.9736,10414777.89,6568773.237,87479.46845,154962.6117,242442.0802,11643.56436,0,0,1018.151815,3085,14728.56436,13230000,3519985,16749985,0,0,0,0,621.1221122,0,0,621.1221122,2044.224422,0,745.2145215,0,4054.125413,6843.564356,494.0594059,281.8481848,212.2112211,288.1188119,88.77887789,199.339934,18.15181518,0,800.330033,0,0,0,0,0,0,0,37.29372937,1.650165017,80.85808581,524.4224422,35.64356436,0,0,10.56105611,0,10.89108911,65.67656766,0,0,31.68316832,1.650165017,0,0,0,0,0,0,0,0,0,0,0,0,0,0,0,0,0,0,9114378.418,10181211.76,13479023.61,13685739.28,1997412.377,15683151.65,1066833.346,44.66666667
4,0,0,0,88440,0,0,0,0,0,0,950,37,1,252733,6,0.17,0,0.17,0,0,0,0,0,0,0,0.17,0,0.17,0,0,0.17,0,0.17,0,0,0,0,0,0,0,0.17,0,0.17,0,0,36,1,235.2941176,525823.5294,520235.2941,5588.235294,0,0,0,520235.2941,0,0,0,0,0,0,5588.235294,1974647.059,183352.9412,0,0,0,0,0,24823.52941,3253026.471,227835.817,3480862.288,0,0,2367058.824,2367058.824,3052452.941,1452923.529,0,4505376.471,10262224.7,-283828.2206,87650.38588,-196177.8347,12141.17647,0,0,0,0,12141.17647,19413741.18,0,19413741.18,0,0,0,0,1364.705882,0,0,1364.705882,0,0,0,0,435.2941176,435.2941176,211.7647059,64.70588235,147.0588235,47.05882353,47.05882353,0,29.41176471,52.94117647,341.1764706,0,0,0,0,0,0,0,70.58823529,0,0,0,94.11764706,0,0,0,0,0,0,0,0,176.4705882,0,0,0,0,0,0,0,0,0,0,0,0,0,0,0,0,0,0,0,2856275.106,9151516.477,12971498.83,10947618.82,2170880.989,13118499.81,6295241.371,104.2428571
4,0,0,0,99410,0,0,225020,0,0,0,0,33,1,231595,6,0.56,0.56,0,0,0,0.56,0.56,0,0,0,0,0,0,0,0,0.34,0.34,0,0,0,0.34,0.34,0,0,0,0,0,0,0,0,19,2,132.3529412,954205.8824,292382.3529,661823.5294,0,0,0,292382.3529,0,0,661823.5294,0,0,0,0,265441.1765,195882.3529,0,0,221558.8235,0,0,50382.35294,328837.549,192236.5588,521074.1078,237707.3529,1129058.824,0,1129058.824,3757747.059,0,0,3757747.059,2677847.049,298533.4401,66159.39441,364692.8345,517.6470588,0,314.7058824,0,1243.088235,1760.735294,641364.7059,1888251.029,2529615.735,0,0,0,0,597.0588235,0,0,597.0588235,3123.529412,0,0,0,0,3123.529412,182.3529412,182.3529412,0,0,0,0,52.94117647,0,235.2941176,0,0,0,0,0,0,0,52.94117647,0,0,64.70588235,23.52941176,0,0,0,0,0,0,0,0,94.11764706,0,0,0,0,0,0,0,0,0,0,0,0,0,0,0,0,0,0,0,5251498.717,-148231.3137,-148231.3137,6435594.108,1493751.658,7929345.766,-5399730.031,53.9375
4,15350,0,0,0,0,0,0,0,0,0,0,38,1,238474,6,0.17,0,0.13,0.04,0,0,0,0,0,0,0.17,0,0.13,0.04,0,0.17,0,0.13,0.04,0,0,0,0,0,0,0.17,0,0.13,0.04,0,49.33333333,2,688.2352941,90294.11765,90294.11765,0,90294.11765,0,0,0,0,0,0,0,0,0,0,719176.4706,140000,459176.4706,0,0,0,0,0,858672.549,0,858672.549,0,0,1893647.059,1893647.059,5723382.353,6552470.588,0,12275852.94,10951911.25,74735.62676,166266.675,241002.3018,2370.588235,0,758.8235294,0,2997.352941,5367.941176,4501747.059,3419979.706,7921726.765,0,182.3529412,0,0,0,0,0,182.3529412,0,0,0,0,0,0,435.2941176,23.52941176,411.7647059,505.8823529,235.2941176,270.5882353,47.05882353,0,988.2352941,0,0,0,0,0,0,0,111.7647059,0,29.41176471,435.2941176,5.882352941,0,0,23.52941176,0,0,76.47058824,0,0,264.7058824,0,0,0,0,0,41.17647059,0,0,0,0,0,0,0,0,0,0,0,0,0,5964384.655,-3030184.49,5415933.157,14781646.55,2134649.361,16916295.91,-8994569.145,101.5714286
4,163080,0,0,0,0,642760,1687680,0,0,0,0,38,2,238474,6,1.53,0.4,0.61,0.43,0.09,1.53,0.4,0.61,0.43,0.09,0,0,0,0,0,1.53,0.4,0.61,0.43,0.09,1.53,0.4,0.61,0.43,0.09,0,0,0,0,0,57,2,279.7385621,1629751.634,526692.8105,1103058.824,106588.2353,0,0,0,0,420104.5752,1103058.824,0,0,0,0,281045.7516,300091.5033,0,0,3516.339869,0,0,53830.06536,1098652.941,180036.9743,1278689.915,307010.6754,107549.0196,0,107549.0196,2422628.758,503209.8039,0,2925838.562,4595619.689,265005.4294,63107.99735,328113.4268,7897.385621,0,279.7385621,0,1104.96732,9002.352941,10296712.42,1260767.712,11557480.13,0,203.9215686,0,0,0,0,3494.117647,3698.039216,6939.869281,0,0,0,0,6939.869281,172.5490196,80.39215686,92.15686275,37.90849673,21.56862745,16.33986928,14.37908497,0,224.8366013,0,0,0,0,0,0,0,28.10457516,0,0,39.21568627,18.30065359,0,0,20.26143791,0,0,116.9934641,0,0,1.960784314,0,0,0,0,0,0,0,0,0,0,0,0,0,0,0,0,0,0,0,2858291.205,6961860.442,7465070.246,7018248.447,435662.4464,7453910.893,4103569.237,46.47368421
4,174110,0,0,0,0,6450,0,0,0,0,15490,36,2,247791,6,0.24,0,0.24,0,0,0.24,0,0.24,0,0,0,0,0,0,0,0.24,0,0.24,0,0,0.24,0,0.24,0,0,0,0,0,0,0,36,2,475,816875,752333.3333,64541.66667,725458.3333,0,0,0,0,26875,0,0,0,0,64541.66667,798291.6667,271625,0,0,0,0,0,2294958.333,1180799.444,119200.739,1300000.183,0,2040250,0,2040250,7403600,669295.8333,0,8072895.833,6398837.017,246567.2137,148893.9469,395461.1606,6662.5,0,0,0,0,6662.5,12139075,0,12139075,0,1458.333333,0,0,0,0,7.916666667,1466.25,0,0,0,0,13308.33333,13308.33333,475,237.5,237.5,37.5,37.5,0,75,0,587.5,0,0,0,0,0,0,0,416.6666667,0,0,0,70.83333333,0,0,83.33333333,0,0,0,0,0,16.66666667,0,0,0,0,0,0,0,0,0,0,0,0,0,0,0,0,0,0,0,9839311.161,5740237.983,6409533.817,13802437.02,2435711.161,16238148.18,-4099073.177,92.11111111
4,38370,0,0,0,0,0,0,0,0,0,16880,38,2,238474,6,0.47,0,0.31,0.16,0,0.47,0,0.31,0.16,0,0,0,0,0,0,0.47,0,0.31,0.16,0,0.47,0,0.31,0.16,0,0,0,0,0,0,35.33333333,2,308.5106383,117553.1915,81638.29787,35914.89362,81638.29787,0,0,0,0,0,0,0,0,0,35914.89362,886851.0638,254468.0851,257234.0426,305021.2766,45787.23404,0,0,0,946379.9645,1077141.87,2023521.835,0,2092723.404,0,2092723.404,6108565.957,8501125.532,108140.4255,14717831.91,12692961.29,987650.9085,201504.6737,1189155.582,4825.531915,0,121.2765957,0,479.0425532,5304.574468,11952842.55,546587.5532,12499430.11,0,165.9574468,0,0,0,0,0,165.9574468,0,0,0,0,2612.765957,2612.765957,257.4468085,59.57446809,197.8723404,506.3829787,336.1702128,170.212766,159.5744681,76.59574468,1000,0,0,0,0,0,0,0,108.5106383,0,29.78723404,457.4468085,27.65957447,0,0,65.95744681,0,0,129.787234,0,0,180.8510638,0,0,0,0,0,0,0,0,0,0,0,0,0,0,0,0,0,0,0,9435660.336,-193531.1877,8370519.378,18846742.64,3281878.986,22128621.63,-9629191.523,46.47368421
4,398110,0,0,0,0,714180,1125120,0,0,0,0,38,2,238474,6,0.59,0.13,0.2,0.26,0,0.59,0.13,0.2,0.26,0,0,0,0,0,0,0.5,0.11,0.13,0.26,0,0.5,0.11,0.13,0.26,0,0,0,0,0,0,28.5,2,480,4474820,2224580,2250240,796220,0,0,0,0,1428360,2250240,0,0,0,0,457660,260480,0,0,43040,0,0,50680,914861.1667,280202.615,1195063.782,331571,2456800,0,2456800,13066268,0,0,13066268,7051788.782,396187.353,222988.3182,619175.6712,9224,0,572,0,2259.4,11483.4,12276856,2577975.4,14854831.4,0,1556,0,0,0,0,11880,13436,14156,0,0,0,0,14156,754,608,146,0,0,0,126,0,880,0,0,0,0,0,0,0,40,0,12,172,204,0,0,80,0,0,264,0,0,108,0,0,0,0,0,0,0,0,0,0,0,0,0,0,0,0,0,0,0,16142243.67,7803042.618,7803042.618,20118056.78,3075975.671,23194032.45,-8339201.053,46.47368421
4,8870,0,0,426940,0,8300,511930,0,0,0,0,33,2,231595,6,3.25,0.24,0.36,1.65,1,3.25,0.24,0.36,1.65,1,0,0,0,0,0,0.59,0.05,0.36,0.08,0.1,0.59,0.05,0.36,0.08,0.1,0,0,0,0,0,39.5,2,159.3220339,1620406.78,752728.8136,867677.9661,15033.89831,0,0,723627.1186,0,14067.79661,867677.9661,0,0,0,0,682220.339,138101.6949,0,0,468779.661,4050966.102,0,50118.64407,332536.8079,14746.41793,347283.2258,0,1518169.492,0,1518169.492,1572071.186,3524994.915,105289.8305,5202355.932,11187282,57459.52275,148387.3322,205846.855,0,0,1815.254237,0,7170.254237,7170.254237,0,10891616.19,10891616.19,0,27.11864407,0,0,1522.033898,0,2.542372881,1551.694915,4200,0,0,0,0,4200,94.91525424,28.81355932,66.10169492,186.440678,103.3898305,83.05084746,22.03389831,44.06779661,347.4576271,0,0,0,0,0,0,0,83.05084746,0,0,189.8305085,61.01694915,0,0,0,0,0,0,0,0,13.55932203,0,0,0,0,0,0,0,0,0,0,0,0,0,0,0,0,0,0,0,3328561.726,-295665.8124,7353110.842,12791827.38,1724016.346,14515843.72,-3624227.538,26.75
