"연령별","무기질비료_질소질_지출액1","무기질비료_인산질_지출액1","무기질비료_가리질_지출액1","무기질비료_복합_지출액1","무기질비료_토양개량제_지출액1","무기질비료_기타_지출액1","유기질비료_퇴구비_지출액1","유기질비료_계분_지출액1","유기질비료_우분_지출액1","유기질비료_돈분_지출액1","유기질비료_기타_지출액1","지역별","규모별","조성비","경영수준별","경지면적_합계_계","경지면적_합계_논","경지면적_합계_밭","경지면적_합계_임지","경지면적_합계_기타","경지면적_자작지_계","경지면적_자작지_논","경지면적_자작지_밭","경지면적_자작지_임지","경지면적_자작지_기타","경지면적_차용지_계","경지면적_차용지_논","경지면적_차용지_밭","경지면적_차용지_임지","경지면적_차용지_기타","재배면적_합계_계","재배면적_합계_논","재배면적_합계_밭","재배면적_합계_임지","재배면적_합계_기타","재배면적_자작지_계","재배면적_자작지_논","재배면적_자작지_밭","재배면적_자작지_임지","재배면적_자작지_기타","재배면적_차용지_계","재배면적_차용지_논","재배면적_차용지_밭","재배면적_차용지_임지","재배면적_차용지_기타","수령","전/겸업별","재배본수_ha당","비료비_ha당","무기질비료_ha당","유기질비료_ha당","무기질비료_질소질_지출액2","무기질비료_인산질_지출액2","무기질비료_가리질_지출액2","무기질비료_복합_지출액2","무기질비료_토양개량제_지출액2","무기질비료_기타_지출액2","유기질비료_퇴구비_지출액2","유기질비료_계분_지출액2","유기질비료_우분_지출액2","유기질비료_돈분_지출액2","유기질비료_기타_지출액2","농약비_ha당","수도광열비_ha당","제재료비_ha당","소농구비_ha당","수선비_ha당","임차료_ha당","위탁영농비_ha당","기타비용_ha당","기계_감가상각비_ha당","시설물_감가상각비_ha당","감가상각비_ha당","자동차비_ha당","자가토지용역비_ha당","임차토지용역비_ha당","토지용역비_ha당","자가노동비_ha당","고용노동비_ha당","급식물비_ha당","노동비_ha당","경영비","고정자본용역비_ha당","유동자본용역비_ha당","자본용역비_ha당","생감 수량_ha당","반건시 수량_ha당","건시 수량_ha당","감말랭이 수량_ha당","건시 환산 소계 수량_ha당","총 생산량(생감 기준)_ha당","생감 기준평가액_ha당","건시 (생감 기준) 소계 평가액_ha당","총 생산액(생감 기준)_ha당","부산물 생산량_ha당","무기질_질소질_수량_ha당","무기질_인산질_수량_ha당","무기질_가리질_수량_ha당","무기질_복합_수량_ha당","무기질_토양개량제_수량_ha당","무기질_기타_수량_ha당","무기질_합계_수량_ha당","유기질_퇴구비_수량_ha당","유기질_계분_수량_ha당","유기질_우분_수량_ha당","유기질_돈분_수량_ha당","유기질_기타_수량_ha당","유기질_합계_수량_ha당","총 노동시간_보통자가_ha당","총 노동시간_보통자가_남_ha당","총 노동시간_보통자가_여_ha당","총 노동시간_보통고용_ha당","총 노동시간_보통고용_남_ha당","총 노동시간_보통고용_여_ha당","총 노동시간_특수자가_ha당","총 노동시간_특수고용_ha당","총 노동시간_합계_ha당","간벌_시간_ha당","건조_시간_ha당","경운_시간_ha당","관수(살수)_시간_ha당","두둑_시간_ha당","멀칭_시간_ha당","배수로 정비 및 관리_시간_ha당","병해충방제_시간_ha당","보식작업_시간_ha당","선별_시간_ha당","수확 및 운반_시간_ha당","시비_시간_ha당","시설물 보수_시간_ha당","식재(조림)_시간_ha당","열매솎기(적과)_시간_ha당","인공교배 또는 수정_시간_ha당","재배지 정리_시간_ha당","전정_시간_ha당","접목 및 관리_시간_ha당","정지_시간_ha당","제초_시간_ha당","종묘 이식_시간_ha당","차광막 설치_시간_ha당","채종_시간_ha당","꽃눈솎기(적뢰)_시간_ha당","출하_시간_ha당","지주세우기_시간_ha당","일반관리_시간_ha당","파종_시간_ha당","표고목 눕히기_시간_ha당","표고목 뒤집기_시간_ha당","표고목 벌채_시간_ha당","표고목 세우기_시간_ha당","표고목 폐기_시간_ha당","버섯발생작업_시간_ha당","재배장 소독_시간_ha당","종균접종_시간_ha당","천공작업_시간_ha당","표고세척_시간_ha당","기타_시간_ha당","내급비","소득","부가가치","직접생산비","간접생산비","생산비 합계_ha당","순수익","가중치"
1,0,0,0,0,0,0,0,0,0,0,0,35,3,258895,5,4.95,2.34,2.61,0,0,4.95,2.34,2.61,0,0,0,0,0,0,0,4.95,2.34,2.61,0,0,4.95,2.34,2.61,0,0,0,0,0,0,0,14.4375,1,418.787878787879,0,0,0,0,0,0,0,0,0,0,0,0,0,0,197816.161616162,428593.939393939,30303.0303030303,13458.5858585859,160707.070707071,0,0,157967.676767677,1609292.92929293,129292.929292929,1738585.85858586,269360.269360269,9640404.04040404,0,9640404.04040404,3140755.55555556,2823247.07070707,591062.626262626,6555065.25252525,6358732.63334954,214663.209845118,81788.4504684747,296451.660313593,509.090909090909,0,5333.33333333333,727.272727272727,23270.303030303,23779.3939393939,509090.909090909,59894593.9393939,60403684.8484848,0,0,0,0,0,0,0,0,0,0,0,0,0,0,92.1212121212121,81.2121212121212,10.9090909090909,201.818181818182,103.838383838384,97.979797979798,75.5555555555556,0,369.494949494949,0,0,0,0,0,0,0,20.4040404040404,0,35.1515151515151,120.40404040404,0,0,0,0,0,0,75.959595959596,0,0,60.4040404040404,0,0,0,0,57.1717171717172,0,0,0,0,0,0,0,0,0,0,0,0,0,0,13388875.9124859,54044952.2151353,57147997.2558923,9810752.84511784,9936855.70071763,19747608.5458355,40656076.3026494,27.6
1,0,0,0,0,0,0,0,0,0,0,800000,36,2,251508,6,2.24,0,0,2.24,0,2.24,0,0,2.24,0,0,0,0,0,0,0.66,0,0,0.66,0,0.66,0,0,0.66,0,0,0,0,0,0,37,2,378.787878787879,1212121.21212121,0,1212121.21212121,0,0,0,0,0,0,0,0,0,0,1212121.21212121,673333.333333333,419924.242424242,371212.121212121,0,18181.8181818182,0,0,0,339244.444444444,163668.421052632,502912.865497076,24000,606060.606060606,0,606060.606060606,9068169.6969697,4902748.48484848,0,13970918.1818182,8375942.07761829,156570.060768385,180683.587844545,337253.64861293,6212.12121212121,0,0,0,0,6212.12121212121,9318181.81818182,0,9318181.81818182,0,0,0,0,0,0,0,0,0,0,0,0,6060.60606060606,6060.60606060606,324.242424242424,324.242424242424,0,296.969696969697,236.363636363636,60.6060606060606,172.727272727273,24.2424242424242,818.181818181818,0,0,0,0,0,0,0,87.8787878787879,0,0,181.818181818182,48.4848484848485,0,0,0,0,0,333.333333333333,0,0,166.666666666667,0,0,0,0,0,0,0,0,0,0,0,0,0,0,0,0,0,0,0,10011483.9516432,942239.74056353,5844988.22541201,17444111.774588,943314.254673536,18387426.0292615,-9069244.2110797,55.2666666666667
1,0,0,0,0,0,0,180000,0,0,0,0,36,1,251508,6,0.24,0,0,0.24,0,0.24,0,0,0.24,0,0,0,0,0,0,0.1,0,0,0.1,0,0.1,0,0,0.1,0,0,0,0,0,0,6,2,510,1800000,0,1800000,0,0,0,0,0,0,1800000,0,0,0,0,0,158600,0,0,310000,0,0,0,1183600,217031.578947368,1400631.57894737,1200000,288000,0,288000,13401200,982500,0,14383700,6103239.57894737,514688.982830842,180538.408295,695227.391125842,3000,0,0,0,0,3000,4500000,0,4500000,0,0,0,0,0,0,0,0,10000,0,0,0,0,10000,790,390,400,60,60,0,100,0,950,0,0,0,0,0,0,0,0,0,0,700,50,0,0,0,0,0,100,0,0,100,0,0,0,0,0,0,0,0,0,0,0,0,0,0,0,0,0,0,0,14384427.3911258,-1603239.57894737,-620739.578947369,19504439.5789474,983227.391125842,20487666.9700732,-15987666.9700732,90.8205128205128
1,0,0,0,100000,0,0,0,0,0,0,320000,37,1,256777,6,0.33,0,0.33,0,0,0.33,0,0.33,0,0,0,0,0,0,0,0.33,0,0.33,0,0,0.33,0,0.33,0,0,0,0,0,0,0,23.5,2,348.484848484848,1272727.27272727,303030.303030303,969696.969696969,0,0,0,303030.303030303,0,0,0,0,0,0,969696.969696969,1061515.15151515,703757.575757576,1181818.18181818,0,45454.5454545454,0,0,85242.4242424242,119660.606060606,37789.8564593301,157450.462519936,261818.181818182,1212121.21212121,0,1212121.21212121,11337054.5454545,0,0,11337054.5454545,5026560.79585327,80578.733858807,170079.140005151,250657.873863958,8000,0,0,0,0,8000,8000000,0,8000000,0,0,0,0,606.060606060606,0,0,606.060606060606,0,0,0,0,4848.48484848485,4848.48484848485,563.636363636364,242.424242424242,321.212121212121,0,0,0,157.575757575758,0,721.212121212121,0,0,0,0,0,0,0,109.090909090909,0,96.969696969697,242.424242424242,24.2424242424242,0,0,0,0,0,48.4848484848485,0,0,200,0,0,0,0,0,0,0,0,0,0,0,0,0,0,0,0,0,0,0,12799833.6314397,2973439.20414673,2973439.20414673,16363615.3413078,1462779.08598517,17826394.427293,-9826394.42729298,96.0131578947368
1,0,0,0,156000,0,0,0,0,0,0,100000,37,1,256777,6,0.21,0,0.21,0,0,0.21,0,0.21,0,0,0,0,0,0,0,0.21,0,0.21,0,0,0.21,0,0.21,0,0,0,0,0,0,0,23.5,2,666.666666666667,1219047.61904762,742857.142857143,476190.476190476,0,0,0,742857.142857143,0,0,0,0,0,0,476190.476190476,193190.476190476,411428.571428571,404761.904761905,0,2857142.85714286,47619.0476190476,0,333333.333333333,8374603.17460317,2733994.98746867,11108598.1620718,476190.476190476,2857142.85714286,0,2857142.85714286,21389695.2380952,6190476.19047619,0,27580171.4285714,23498565.6382623,2872834.3798134,358280.703428095,3231115.08324149,41428.5714285714,0,0,0,0,41428.5714285714,47380952.3809524,0,47380952.3809524,0,0,0,0,1142.85714285714,0,0,1142.85714285714,0,0,0,0,952.380952380952,952.380952380952,1300,919.047619047619,380.952380952381,380.952380952381,380.952380952381,0,76.1904761904762,0,1757.14285714286,0,0,0,0,0,0,0,28.5714285714286,0,190.47619047619,1428.57142857143,14.2857142857143,0,0,0,0,0,47.6190476190476,0,0,47.6190476190476,0,0,0,0,0,0,0,0,0,0,0,0,0,0,0,0,0,0,0,27477953.1784796,23882386.74269,30120481.9807853,44888260.8763576,6088257.94038435,50976518.8167419,-3595566.43578953,96.0131578947368
1,10800,0,0,0,0,0,0,0,96000,0,0,35,1,258895,6,0.17,0,0.17,0,0,0.17,0,0.17,0,0,0,0,0,0,0,0.17,0,0.17,0,0,0.17,0,0.17,0,0,0,0,0,0,0,11,2,705.882352941176,628235.294117647,63529.4117647059,564705.882352941,63529.4117647059,0,0,0,0,0,0,0,564705.882352941,0,0,1032352.94117647,382352.941176471,0,0,0,0,0,0,9317647.05882353,0,9317647.05882353,0,2352941.17647059,0,2352941.17647059,7809082.35294118,0,0,7809082.35294118,11619483.2352941,959881.426352941,106812.190897647,1066693.61725059,4941.17647058824,0,0,0,0,4941.17647058824,9882352.94117647,0,9882352.94117647,0,117.647058823529,0,0,0,0,0,117.647058823529,0,0,1411.76470588235,0,0,1411.76470588235,494.117647058823,211.764705882353,282.352941176471,0,0,0,41.1764705882353,0,535.294117647059,0,0,0,0,0,0,0,29.4117647058824,0,0,376.470588235294,117.647058823529,0,0,0,0,0,0,0,0,11.7647058823529,0,0,0,0,0,0,0,0,0,0,0,0,0,0,0,0,0,0,0,11228717.1466624,-1737130.29411765,-1737130.29411765,19428565.5882353,3419634.79372118,22848200.3819565,-12965847.44078,94.7142857142857
2,0,0,0,0,0,0,0,0,0,0,0,33,1,235300,6,0.35,0,0.35,0,0,0.35,0,0.35,0,0,0,0,0,0,0,0.35,0,0.35,0,0,0.35,0,0.35,0,0,0,0,0,0,0,32,2,142.857142857143,0,0,0,0,0,0,0,0,0,0,0,0,0,0,318857.142857143,171428.571428571,0,0,0,0,0,248571.428571429,497942.857142857,0,497942.857142857,1748571.42857143,150000,0,150000,8362325.71428571,0,0,8362325.71428571,3220671.42857143,188392.564197143,98671.8391231429,287064.403320286,514.285714285714,0,200,0,790,1304.28571428571,771428.571428571,1975000,2746428.57142857,0,0,0,0,0,0,0,0,0,0,0,0,0,0,302.857142857143,188.571428571429,114.285714285714,0,0,0,171.428571428571,0,474.285714285714,0,0,0,0,0,0,0,37.1428571428571,0,0,200,0,0,0,0,0,14.2857142857143,42.8571428571429,0,0,180,0,0,0,0,0,0,0,0,0,0,0,0,0,0,0,0,0,0,0,8799390.117606,-474242.857142857,-474242.857142857,11582997.1428571,437064.403320286,12020061.5461774,-9273632.97474886,66.3846153846154
2,0,0,0,0,0,0,0,0,0,0,0,35,1,258895,6,0.16,0,0.16,0,0,0,0,0,0,0,0.16,0,0.16,0,0,0.16,0,0.16,0,0,0,0,0,0,0,0.16,0,0.16,0,0,14,2,312.5,0,0,0,0,0,0,0,0,0,0,0,0,0,0,212500,75000,0,0,0,0,0,1875000,939166.666666667,68050,1007216.66666667,375000,0,2187500,2187500,8400300,0,0,8400300,5991111.66666667,216603.337714167,114518.18062,331121.518334167,25,0,0,0,0,25,50000,0,50000,0,0,0,0,0,0,0,0,0,0,0,0,0,0,150,150,0,0,0,0,262.5,0,412.5,0,0,0,0,0,0,0,12.5,0,0,150,0,0,0,0,0,0,250,0,0,0,0,0,0,0,0,0,0,0,0,0,0,0,0,0,0,0,0,0,0,8731421.51833417,-5941111.66666667,-3753611.66666667,12203911.6666667,2518621.51833417,14722533.1850008,-14672533.1850008,94.7142857142857
2,0,0,0,0,0,0,0,0,0,0,0,35,2,258895,5,0.5,0,0.5,0,0,0,0,0,0,0,0.5,0,0.5,0,0,0.5,0,0.5,0,0,0,0,0,0,0,0.5,0,0.5,0,0,37,2,290,0,0,0,0,0,0,0,0,0,0,0,0,0,0,1488000,182000,0,0,0,0,0,0,1108266.66666667,145200,1253466.66666667,240000,0,1800000,1800000,11187216,0,0,11187216,5222361.66666667,298727.499327333,139393.4358464,438120.935173733,16800,0,0,0,0,16800,33600000,0,33600000,0,0,0,0,0,0,0,0,0,0,0,0,0,0,256,240,16,0,0,0,312,0,568,0,0,0,0,0,0,0,68,0,0,240,0,0,0,0,0,0,260,0,0,0,0,0,0,0,0,0,0,0,0,0,0,0,0,0,0,0,0,0,0,11625336.9351737,28377638.3333333,30177638.3333333,14609577.6666667,2238120.93517373,16847698.6018404,16752301.3981596,39.1428571428571
2,0,0,0,0,0,0,0,0,0,0,0,37,1,256777,5,0.17,0,0.17,0,0,0.17,0,0.17,0,0,0,0,0,0,0,0.17,0,0.17,0,0,0.17,0,0.17,0,0,0,0,0,0,0,21,2,176.470588235294,0,0,0,0,0,0,0,0,0,0,0,0,0,0,289117.647058823,400000,30823529.4117647,0,0,0,0,58823.5294117647,3395294.11764706,0,3395294.11764706,2823529.41176471,588235.294117647,0,588235.294117647,23084135.2941176,0,0,23084135.2941176,38047071.1176471,-56904.6321294118,592556.949514412,535652.317385,67647.0588235294,0,0,0,0,67647.0588235294,67647058.8235294,0,67647058.8235294,0,0,0,0,0,0,0,0,0,0,0,0,0,0,1376.47058823529,1176.47058823529,200,0,0,0,64.7058823529412,0,1441.17647058824,0,0,0,0,0,0,0,129.411764705882,0,588.235294117647,588.235294117647,0,0,0,0,0,0,0,0,0,135.294117647059,0,0,0,0,0,0,0,0,0,0,0,0,0,0,0,0,0,0,0,24208022.9056203,29599987.7058824,29599987.7058824,61131206.4117647,1123887.61150265,62255094.0232673,5391964.80026206,96.0131578947368
2,0,0,0,0,0,0,0,0,0,0,0,38,3,242051,6,1.61,0.05,0.14,1.42,0,1.61,0.05,0.14,1.42,0,0,0,0,0,0,1.61,0.05,0.14,1.42,0,1.61,0.05,0.14,1.42,0,0,0,0,0,0,20,2,593.167701863354,0,0,0,0,0,0,0,0,0,0,0,0,0,0,929627.329192547,59627.3291925466,5372670.80745342,0,0,0,0,0,570559.00621118,159084.66819222,729643.6744034,0,168944.099378882,0,168944.099378882,8025910.55900621,2427055.90062112,0,10452966.4596273,9760676.04086303,147986.133721935,182301.173043727,330287.306765662,18633.5403726708,0,0,0,0,18633.5403726708,20186335.4037267,0,20186335.4037267,0,0,0,0,0,0,0,0,0,0,0,0,0,0,453.416149068323,246.583850931677,206.832298136646,155.27950310559,130.434782608696,24.8447204968944,67.0807453416149,0,675.776397515528,0,0,0,0,0,0,0,39.1304347826087,0,236.024844720497,298.136645962733,0,0,0,0,0,0,37.2670807453416,0,0,65.2173913043478,0,0,0,0,0,0,0,0,0,0,0,0,0,0,0,0,0,0,0,8525141.96515075,10425659.3628637,12852715.2634848,17786586.5998692,499231.406144544,18285818.0060138,1900517.39771292,48.7272727272727
2,0,0,0,0,0,0,0,0,0,0,80000,37,1,256777,5,0.39,0,0.39,0,0,0.39,0,0.39,0,0,0,0,0,0,0,0.26,0,0.26,0,0,0.26,0,0.26,0,0,0,0,0,0,0,28.5,2,500,307692.307692308,0,307692.307692308,0,0,0,0,0,0,0,0,0,0,307692.307692308,654000,778846.153846154,15115384.6153846,0,0,0,0,576923.076923077,9237948.71794872,0,9237948.71794872,2307692.30769231,1153846.15384615,0,1153846.15384615,25439134.6153846,6298076.92307692,0,31737211.5384615,35533341.1025641,1076596.4163359,533084.555979808,1609680.9723157,69230.7692307692,0,0,0,0,69230.7692307692,103846153.846154,0,103846153.846154,0,0,0,0,0,0,0,0,0,0,0,0,769.230769230769,769.230769230769,1238.46153846154,926.923076923077,311.538461538462,384.615384615385,384.615384615385,0,284.615384615385,0,1907.69230769231,0,0,0,0,0,0,0,180.769230769231,0,807.692307692308,807.692307692308,7.69230769230769,0,0,0,0,0,0,0,0,103.846153846154,0,0,0,0,0,0,0,0,0,0,0,0,0,0,0,0,0,0,0,28202661.7415465,68312812.7435897,74610889.6666667,60972475.7179487,2763527.12616186,63736002.8441106,40110151.0020433,96.0131578947368
2,0,0,0,0,0,0,0,0,200000,0,0,38,1,242051,6,0.17,0.17,0,0,0,0.17,0.17,0,0,0,0,0,0,0,0,0.17,0.17,0,0,0,0.17,0.17,0,0,0,0,0,0,0,0,16,1,1470.58823529412,1176470.58823529,0,1176470.58823529,0,0,0,0,0,0,0,0,1176470.58823529,0,0,1621764.70588235,42647.0588235294,0,0,0,0,0,247058.823529412,112941.176470588,170823.529411765,283764.705882353,3294117.64705882,1882352.94117647,0,1882352.94117647,13078600,4042870.58823529,0,17121470.5882353,10950745.1176471,442755.63936,219103.369058824,661859.008418823,9764.70588235294,0,676.470588235294,705.882352941176,4810.88235294118,14575.5882352941,9764705.88235294,13695488.2352941,23460194.1176471,0,0,0,0,0,0,0,0,0,0,9411.76470588235,0,0,9411.76470588235,741.176470588235,35.2941176470588,705.882352941176,247.058823529412,247.058823529412,0,188.235294117647,0,1176.47058823529,0,0,0,0,0,0,0,94.1176470588235,0,0,541.176470588235,35.2941176470588,0,0,0,0,0,282.352941176471,0,0,223.529411764706,0,0,0,0,0,0,0,0,0,0,0,0,0,0,0,0,0,0,0,15622811.9495953,12509449,16552319.5882353,24029345.1176471,2544211.94959529,26573557.0672424,-3113362.94959529,104.558823529412
2,0,0,0,0,0,0,0,0,2000000,0,0,36,3,251508,6,1.17,0.75,0,0.36,0.06,0.75,0.75,0,0,0,0.42,0,0,0.36,0.06,1.17,0.75,0,0.36,0.06,0.75,0.75,0,0,0,0.42,0,0,0.36,0.06,25,2,478.632478632479,1709401.70940171,0,1709401.70940171,0,0,0,0,0,0,0,0,1709401.70940171,0,0,847435.897435897,117094.017094017,688034.188034188,0,0,914529.914529915,0,2012820.51282051,2160113.96011396,76545.2091767881,2236659.16929075,0,1982905.98290598,1085470.08547009,3068376.06837607,5018449.57264957,5427350.42735043,0,10445800,15290303.9214275,220813.675422042,181436.272975983,402249.948398025,10256.4102564103,0,0,0,0,10256.4102564103,15384615.3846154,0,15384615.3846154,0,0,0,0,0,0,0,0,0,0,170940.170940171,0,0,170940.170940171,188.034188034188,188.034188034188,0,377.777777777778,145.299145299145,232.478632478633,86.3247863247863,17.0940170940171,669.230769230769,0,0,0,0,0,0,0,16.2393162393162,0,59.8290598290598,273.504273504273,17.0940170940171,0,0,0,0,68.3760683760684,184.615384615385,0,0,25.6410256410256,0,0,0,0,0,17.0940170940171,6.83760683760684,0,0,0,0,0,0,0,0,0,0,0,0,7403605.50395358,94311.4631878845,7521661.89053831,19223283.408607,3470626.01677409,22693909.4253811,-7309294.04076569,42
2,0,0,0,0,0,0,0,0,210000,0,0,36,2,251508,6,0.63,0.47,0,0,0.16,0.2,0.2,0,0,0,0.43,0.27,0,0,0.16,0.63,0.47,0,0,0.16,0.2,0.2,0,0,0,0.43,0.27,0,0,0.16,31.7,2,719.047619047619,333333.333333333,0,333333.333333333,0,0,0,0,0,0,0,0,333333.333333333,0,0,200634.920634921,214126.984126984,0,0,0,0,0,298412.698412698,1079153.43915344,113884.711779449,1193038.15093289,0,968253.968253968,2104761.9047619,3073015.87301587,14440820.6349206,1238095.23809524,0,15678915.8730159,5833911.23029797,192726.411587524,181331.191044524,374057.602632048,13684.126984127,0,0,0,0,13684.126984127,20526190.4761905,0,20526190.4761905,0,0,0,0,0,0,0,0,0,0,19047.619047619,0,0,19047.619047619,179.365079365079,179.365079365079,0,114.285714285714,38.0952380952381,76.1904761904762,512.698412698413,0,806.349206349206,0,0,0,0,0,0,0,49.2063492063492,0,0,0,50.7936507936508,0,0,166.666666666667,0,76.1904761904762,380.952380952381,0,0,82.5396825396825,0,0,0,0,0,0,0,0,0,0,0,0,0,0,0,0,0,0,0,15783132.2058067,14692279.2458925,18035136.3887497,18169969.9604567,3447073.47564792,21617043.4361046,-1090852.95991414,55.2666666666667
2,0,0,0,0,0,0,0,0,26000,0,24800,38,1,242051,5,0.17,0.17,0,0,0,0.17,0.17,0,0,0,0,0,0,0,0,0.17,0.17,0,0,0,0.17,0.17,0,0,0,0,0,0,0,0,32,1,823.529411764706,298823.529411765,0,298823.529411765,0,0,0,0,0,0,0,0,152941.176470588,0,145882.352941176,1370588.23529412,155294.117647059,0,0,0,0,0,0,240000,240951.083591331,480951.083591331,0,3921529.41176471,0,3921529.41176471,18304270.5882353,5779411.76470588,0,24083682.3529412,8327119.73065015,247842.390711678,280889.677311176,528732.068022854,9411.76470588235,0,6235.29411764706,1000,27659.4117647059,37071.1764705882,9411764.70588235,71511929.4117647,80923694.1176471,0,0,0,0,0,0,0,0,0,0,1176.47058823529,0,470.588235294118,1647.05882352941,1176.47058823529,658.823529411765,517.647058823529,352.941176470588,352.941176470588,0,58.8235294117647,0,1588.23529411765,0,0,0,0,0,0,0,94.1176470588235,0,0,1294.11764705882,23.5294117647059,0,0,0,0,0,117.647058823529,0,0,58.8235294117647,0,0,0,0,0,0,0,0,0,0,0,0,0,0,0,0,0,0,0,22754532.0680229,72596574.3869969,78375986.1517028,26631390.3188854,4450261.47978756,31081651.798673,49842042.3189741,104.558823529412
2,0,0,0,0,0,0,0,0,432000,0,290000,38,1,242051,6,0.4,0.4,0,0,0,0.4,0.4,0,0,0,0,0,0,0,0,0.4,0.4,0,0,0,0.4,0.4,0,0,0,0,0,0,0,0,32,1,500,1805000,0,1805000,0,0,0,0,0,0,0,0,1080000,0,725000,881250,36325,0,0,0,0,0,0,1681666.66666667,101640,1783306.66666667,0,2500000,0,2500000,16016335,13609850,0,29626185,18357782.6666667,228443.467540333,350713.933854,579157.401394333,16250,0,0,0,0,16250,16250000,0,16250000,0,0,0,0,0,0,0,0,0,0,9000,0,2500,11500,1040,640,400,975,400,575,37.5,0,2052.5,0,0,0,0,0,0,0,50,0,0,1775,20,0,0,0,0,20,150,0,0,37.5,0,0,0,0,0,0,0,0,0,0,0,0,0,0,0,0,0,0,0,19095492.4013943,-2107782.66666666,11502067.3333333,34374117.6666667,3079157.40139433,37453275.068061,-21203275.068061,104.558823529412
2,0,0,0,0,0,0,0,0,690000,0,480000,37,2,256777,6,0.68,0,0.68,0,0,0.68,0,0.68,0,0,0,0,0,0,0,0.68,0,0.68,0,0,0.68,0,0.68,0,0,0,0,0,0,0,37,2,300,1720588.23529412,0,1720588.23529412,0,0,0,0,0,0,0,0,1014705.88235294,0,705882.352941176,185514.705882353,230882.352941176,0,0,0,0,0,0,340988.235294118,53944.2724458204,394932.507739938,0,588235.294117647,0,588235.294117647,12565076.4705882,2933441.17647059,0,15498517.6470588,5722135.97832817,62653.3569597028,191197.950462206,253851.307421909,10147.0588235294,0,0,0,0,10147.0588235294,10147058.8235294,0,10147058.8235294,0,0,0,0,0,0,0,0,0,0,8823.5294117647,0,1764.70588235294,10588.2352941176,661.764705882353,411.764705882353,250,235.294117647059,14.7058823529412,220.588235294118,126.470588235294,0,1023.52941176471,0,0,0,0,0,0,0,100,0,338.235294117647,382.352941176471,29.4117647058824,0,0,0,0,0,44.1176470588235,0,0,129.411764705882,0,0,0,0,0,0,0,0,0,0,0,0,0,0,0,0,0,0,0,13407163.0721278,4424922.84520124,7358364.02167183,18287212.4489164,842086.601539556,19129299.050456,-8982240.22692655,68.8181818181818
2,0,0,0,0,0,0,0,0,75000,0,114000,38,1,242051,6,0.17,0.17,0,0,0,0.17,0.17,0,0,0,0,0,0,0,0,0.17,0.17,0,0,0,0.17,0.17,0,0,0,0,0,0,0,0,16,1,941.176470588235,1111764.70588235,0,1111764.70588235,0,0,0,0,0,0,0,0,441176.470588235,0,670588.235294118,305941.176470588,62588.2352941177,0,0,0,0,0,0,240000,239152.941176471,479152.941176471,0,2352941.17647059,0,2352941.17647059,24360635.2941176,0,0,24360635.2941176,2201498.05882353,270635.134545882,280158.312357059,550793.446902941,7352.94117647059,0,1411.76470588235,341.176470588235,6610.23529411765,13963.1764705882,7352941.17647059,17331924.7058824,24684865.8823529,0,0,0,0,0,0,0,0,0,0,3529.41176470588,0,2352.94117647059,5882.35294117647,1535.29411764706,888.235294117647,647.058823529412,0,0,0,94.1176470588235,0,1629.41176470588,0,0,0,0,0,0,0,117.647058823529,0,0,1117.64705882353,35.2941176470588,0,0,0,0,0,147.058823529412,0,0,211.764705882353,0,0,0,0,0,0,0,0,0,0,0,0,0,0,0,0,0,0,0,27264369.9174912,22483367.8235294,22483367.8235294,26562133.3529412,2903734.62337353,29465867.9763147,-4781002.09396176,104.558823529412
2,0,0,0,0,0,0,107000,0,120000,0,470000,33,1,235300,6,0.26,0,0,0.26,0,0.26,0,0,0.26,0,0,0,0,0,0,0.26,0,0,0.26,0,0.26,0,0,0.26,0,0,0,0,0,0,27,2,192.307692307692,2680769.23076923,0,2680769.23076923,0,0,0,0,0,0,411538.461538462,0,461538.461538462,0,1807692.30769231,792692.307692308,250000,0,0,0,0,0,334615.384615385,419897.435897436,176356.275303644,596253.71120108,692307.692307692,61538.4615384615,0,61538.4615384615,21108980.7692308,769230.769230769,34615.3846153846,21912826.9230769,6352386.16142935,267725.279407071,281567.449683654,549292.729090725,5769.23076923077,0,1923.07692307692,0,7596.15384615385,13365.3846153846,8653846.15384615,18990384.6153846,27644230.7692308,0,0,0,0,0,0,0,0,769.230769230769,0,7692.30769230769,0,3846.15384615385,12307.6923076923,896.153846153846,742.307692307692,153.846153846154,0,0,0,326.923076923077,0,1223.07692307692,0,0,0,0,0,0,0,38.4615384615385,0,0,384.615384615385,230.769230769231,0,0,0,0,57.6923076923077,153.846153846154,0,0,357.692307692308,0,0,0,0,0,0,0,0,0,0,0,0,0,0,0,0,0,0,0,21753210.2788625,21291844.6078014,22062292.4426451,27494765.2496626,610831.190629187,28105596.4402918,-461365.671061035,66.3846153846154
2,0,0,0,0,0,0,126000,0,0,0,0,36,1,251508,6,1,0,0,1,0,1,0,0,1,0,0,0,0,0,0,0.13,0,0,0.13,0,0.13,0,0,0.13,0,0,0,0,0,0,29,2,538.461538461538,969230.769230769,0,969230.769230769,0,0,0,0,0,0,969230.769230769,0,0,0,0,1138461.53846154,169692.307692308,0,0,76923.0769230769,0,0,0,432666.666666667,90098.4615384615,522765.128205128,479487.17948718,246153.846153846,0,246153.846153846,11003353.8461538,0,0,11003353.8461538,3608068,199479.719350379,144819.091218462,344298.810568841,8461.53846153846,0,0,0,0,8461.53846153846,12692307.6923077,0,12692307.6923077,0,0,0,0,0,0,0,0,5384.61538461538,0,0,0,0,5384.61538461538,630.769230769231,315.384615384615,315.384615384615,0,0,0,92.3076923076923,0,723.076923076923,0,0,0,0,0,0,0,69.2307692307692,0,15.3846153846154,492.307692307692,23.0769230769231,0,0,0,0,15.3846153846154,76.9230769230769,0,0,23.0769230769231,0,0,0,0,7.69230769230769,0,0,0,0,0,0,0,0,0,0,0,0,0,0,11593806.5028765,9084239.69230769,9084239.69230769,14611421.8461538,590452.656722687,15201874.5028765,-2509566.81056884,90.8205128205128
2,0,0,0,0,0,0,190000,0,0,0,220000,35,1,258895,6,0.47,0.03,0.44,0,0,0.47,0.03,0.44,0,0,0,0,0,0,0,0.47,0.03,0.44,0,0,0.47,0.03,0.44,0,0,0,0,0,0,0,14.8571428571429,2,185.106382978723,872340.425531915,0,872340.425531915,0,0,0,0,0,0,404255.319148936,0,0,0,468085.106382979,1113191.4893617,179787.234042553,0,17021.2765957447,0,0,0,0,182836.879432624,61787.2340425532,244624.113475177,269503.546099291,3085106.38297872,0,3085106.38297872,7368957.44680851,2133242.55319149,0,9502200,5088605.63829787,113087.267358723,126679.697704468,239766.965063191,765.957446808511,0,1417.02127659574,0,5597.23404255319,6363.1914893617,1531914.89361702,13993085.106383,15525000,0,0,0,0,0,0,0,0,2127.65957446809,0,0,0,851.063829787234,2978.72340425532,359.574468085106,25.531914893617,334.042553191489,165.957446808511,46.8085106382979,119.148936170213,129.787234042553,0,655.31914893617,0,0,0,0,0,0,0,76.5957446808511,0,34.0425531914894,161.702127659574,29.7872340425532,0,0,0,0,0,68.0851063829787,0,0,200,0,0,0,0,85.1063829787234,0,0,0,0,0,0,0,0,0,0,0,0,0,0,10693830.7948504,10436394.3617021,12569636.9148936,12457563.0851064,3324873.34804191,15782436.4331483,-257436.433148297,94.7142857142857
2,0,0,0,0,0,0,238000,0,0,0,0,38,1,242051,6,0.13,0,0.13,0,0,0.13,0,0.13,0,0,0,0,0,0,0,0.13,0,0.13,0,0,0.13,0,0.13,0,0,0,0,0,0,0,8,2,592.307692307692,1830769.23076923,0,1830769.23076923,0,0,0,0,0,0,1830769.23076923,0,0,0,0,319230.769230769,84615.3846153846,669230.769230769,0,0,0,0,0,116923.076923077,20242.9149797571,137165.991902834,0,1076923.07692308,0,1076923.07692308,13558984.6153846,0,0,13558984.6153846,3283063.14574899,23557.018037247,178484.249209231,202041.267246478,4615.38461538462,0,0,0,0,4615.38461538462,4615384.61538462,0,4615384.61538462,0,0,0,0,0,0,0,0,10769.2307692308,0,0,0,0,10769.2307692308,815.384615384615,430.769230769231,384.615384615385,0,0,0,84.6153846153846,0,900,0,0,0,0,0,0,0,53.8461538461538,0,153.846153846154,492.307692307692,38.4615384615385,0,0,0,0,0,53.8461538461538,0,0,107.692307692308,0,0,0,0,0,0,0,0,0,0,0,0,0,0,0,0,0,0,0,14837948.9595542,1332321.46963563,1332321.46963563,16842047.7611336,1278964.34416955,18121012.1053032,-13505627.4899185,104.558823529412
2,0,0,0,0,0,0,460000,0,0,0,0,36,1,251508,5,0.26,0,0.26,0,0,0.26,0,0.26,0,0,0,0,0,0,0,0.23,0,0.23,0,0,0.23,0,0.23,0,0,0,0,0,0,0,22,2,326.086956521739,2000000,0,2000000,0,0,0,0,0,0,2000000,0,0,0,0,1030434.7826087,780869.565217391,0,0,0,0,0,347826.086956522,1028579.71014493,120038.01242236,1148617.72256729,1195652.17391304,1478260.86956522,0,1478260.86956522,21114665.2173913,0,0,21114665.2173913,6754908.33126294,322750.20293253,274009.646632391,596759.849564921,24695.652173913,0,0,869.565217391304,2634.78260869565,27330.4347826087,37043478.2608696,8642086.95652174,45685565.2173913,0,0,0,0,0,0,0,0,17391.3043478261,0,0,0,0,17391.3043478261,1113.04347826087,656.521739130435,456.521739130435,0,0,0,226.086956521739,0,1339.13043478261,0,0,0,0,0,0,0,108.695652173913,0,0,695.652173913043,34.7826086956522,0,0,0,0,130.434782608696,208.695652173913,0,0,160.869565217391,0,0,0,0,0,0,0,0,0,0,0,0,0,0,0,0,0,0,0,23189685.9365214,38930656.8861284,38930656.8861284,27869573.5486542,2075020.71913014,29944594.2677844,15740970.9496069,90.8205128205128
2,0,0,0,0,0,0,960000,0,0,0,385000,38,2,242051,6,0.67,0.13,0.54,0,0,0.67,0.13,0.54,0,0,0,0,0,0,0,0.67,0.13,0.54,0,0,0.67,0.13,0.54,0,0,0,0,0,0,0,20.4,2,541.791044776119,2007462.68656716,0,2007462.68656716,0,0,0,0,0,0,1432835.82089552,0,0,0,574626.865671642,772238.805970149,114925.373134328,5755223.88059701,0,0,0,0,0,1011940.29850746,44367.6355066771,1056307.93401414,0,708955.223880597,0,708955.223880597,13948985.0746269,4695701.49253731,0,18644686.5671642,14643911.1728201,96653.6589311862,295917.820464179,392571.479395365,19402.9850746269,0,0,0,0,19402.9850746269,21268656.7164179,0,21268656.7164179,0,0,0,0,0,0,0,0,8955.22388059701,0,0,0,1492.53731343284,10447.7611940299,713.432835820895,534.328358208955,179.10447761194,358.208955223881,298.507462686567,59.7014925373134,137.313432835821,0,1208.9552238806,0,0,0,0,0,0,0,47.7611940298507,0,358.208955223881,617.910447761194,29.8507462686567,0,0,0,0,0,59.7014925373134,0,0,95.5223880597015,0,0,0,0,0,0,0,0,0,0,0,0,0,0,0,0,0,0,0,15050511.7779028,6624745.5435978,11320447.0361351,28592896.247447,1101526.70327596,29694422.9507229,-8425766.23430503,49.0555555555556
2,0,0,0,0,0,28000,0,0,525000,0,0,36,2,251508,6,0.56,0,0.22,0,0.34,0.56,0,0.22,0,0.34,0,0,0,0,0,0.56,0,0.22,0,0.34,0.56,0,0.22,0,0.34,0,0,0,0,0,4,1,280.357142857143,987500,50000,937500,0,0,0,0,0,50000,0,0,937500,0,0,990178.571428571,26785.7142857143,0,0,0,0,0,1117142.85714286,171142.857142857,128571.428571429,299714.285714286,0,2982142.85714286,0,2982142.85714286,2799889.28571429,0,0,2799889.28571429,3672829.42857143,23297.7765657143,64198.7917548214,87496.5683205357,3078.57142857143,0,0,0,0,3078.57142857143,4617857.14285714,0,4617857.14285714,0,0,0,0,0,0,178570.535714286,178570.535714286,0,0,5357.14285714286,0,0,5357.14285714286,164.285714285714,82.1428571428571,82.1428571428571,0,0,0,26.7857142857143,0,191.071428571429,0,0,0,0,0,0,0,39.2857142857143,0,0,0,21.4285714285714,0,0,23.2142857142857,0,7.14285714285714,85.7142857142857,0,0,14.2857142857143,0,0,0,0,0,0,0,0,0,0,0,0,0,0,0,0,0,0,0,5869528.71117768,945027.714285715,945027.714285715,6472718.71428571,3069639.42546339,9542358.13974911,-4924500.99689196,55.2666666666667
2,0,0,0,0,0,290000,64500,0,0,0,595000,37,1,256777,6,0.66,0,0,0,0.66,0.33,0,0,0,0.33,0.33,0,0,0,0.33,0.43,0,0,0,0.43,0.1,0,0,0,0.1,0.33,0,0,0,0.33,47,2,395.348837209302,2208139.53488372,674418.604651163,1533720.93023256,0,0,0,0,0,674418.604651163,150000,0,0,0,1383720.93023256,1266279.06976744,203488.372093023,2437209.30232558,0,0,0,0,34883.7209302326,536558.139534884,52339.5348837209,588897.674418605,837209.302325581,186046.511627907,697674.418604651,883720.930232558,9677432.55813953,6599048.8372093,0,16276481.3953488,15129607.2325581,169302.172661279,243140.062019884,412442.234681163,10465.1162790698,0,0,716.279069767442,2170.32558139535,12635.4418604651,10465116.2790698,7118667.90697674,17583784.1860465,0,0,0,0,0,0,930.232558139535,930.232558139535,697.674418604651,0,0,0,3255.81395348837,3953.48837209302,639.53488372093,202.325581395349,437.209302325581,544.186046511628,0,544.186046511628,48.8372093023256,0,1232.55813953488,0,0,0,2.32558139534884,0,0,0,113.953488372093,0,465.116279069767,511.627906976744,34.8837209302326,0,0,0,0,0,104.651162790698,0,0,0,0,0,0,0,0,0,0,0,0,0,0,0,0,0,0,0,0,0,0,10275921.3044486,2454176.95348837,9750900.20930232,24109365.372093,1296163.16491372,25405528.5370067,-7821744.35096023,96.0131578947368
2,0,0,0,0,0,500000,0,0,0,0,0,36,3,251508,6,3.38,2.12,0,1.26,0,2.23,2.12,0,0.11,0,1.15,0,0,1.15,0,2.38,2.12,0,0.26,0,2.23,2.12,0,0.11,0,0.15,0,0,0.15,0,18.4545454545455,2,460.504201680672,210084.033613445,210084.033613445,0,0,0,0,0,0,210084.033613445,0,0,0,0,0,232394.957983193,751806.722689076,0,0,0,0,0,1575630.25210084,1989075.6302521,41892.9677134012,2030968.5979655,0,647058.823529412,294117.647058824,941176.470588235,3806026.8907563,0,0,3806026.8907563,5346510.21141088,65908.0222716644,71294.0708771429,137202.093148807,13932.3529411765,0,0,0,0,13932.3529411765,20982563.0252101,0,20982563.0252101,0,0,0,0,0,0,21.0084033613445,21.0084033613445,0,0,0,0,0,0,28.1512605042017,10.9243697478992,17.2268907563025,0,0,0,150.840336134454,0,178.991596638655,0,0,0,0,0,0,0,100,0,0.840336134453782,26.890756302521,0,0,0,0,0,0,21.0084033613445,0,0,29.8319327731092,0,0,0,0,0.420168067226891,0,0,0,0,0,0,0,0,0,0,0,0,0,0,4590287.80743452,15636052.8137992,15930170.460858,8858419.45510836,1078378.56373704,9936798.0188454,11045765.0063647,42
2,0,0,0,0,0,60000,0,0,0,0,913000,36,2,251508,6,0.99,0.23,0.76,0,0,0.99,0.23,0.76,0,0,0,0,0,0,0,0.99,0.23,0.76,0,0,0.99,0.23,0.76,0,0,0,0,0,0,0,23.3333333333333,2,227.272727272727,982828.282828283,60606.0606060606,922222.222222222,0,0,0,0,0,60606.0606060606,0,0,0,0,922222.222222222,1300303.03030303,383181.818181818,0,0,0,27272.7272727273,0,646464.646464646,785925.925925926,118989.261031366,904915.186957292,66666.6666666667,242892.929292929,0,242892.929292929,4549465.65656566,0,0,4549465.65656566,4563140.35867446,107312.145668995,85535.3728935859,192847.518562581,3571.71717171717,0,0,0,0,3571.71717171717,5357575.75757576,0,5357575.75757576,0,0,0,0,0,0,6.06060606060606,6.06060606060606,0,0,0,0,2222.22222222222,2222.22222222222,89.8989898989899,37.3737373737374,52.5252525252525,0,0,0,146.464646464646,0,236.363636363636,0,0,0,0,0,0,0,48.4848484848485,0,4.04040404040404,64.6464646464647,16.1616161616162,0,0,0,0,9.09090909090909,80.8080808080808,0,0,12.1212121212121,0,0,0,0,1.01010101010101,0,0,0,0,0,0,0,0,0,0,0,0,0,0,4985206.10442117,794435.398901294,821708.126174022,9112606.01524012,435740.44785551,9548346.46309563,-4190770.70551987,55.2666666666667
2,0,0,0,117600,0,0,0,0,0,0,0,37,1,256777,6,0.2,0,0.2,0,0,0.2,0,0.2,0,0,0,0,0,0,0,0.2,0,0.2,0,0,0.2,0,0.2,0,0,0,0,0,0,0,37,1,650,588000,588000,0,0,0,0,588000,0,0,0,0,0,0,0,302500,557000,1447000,0,0,0,0,0,884800,392040,1276840,0,1000000,0,1000000,21262340,1117515,0,22379855,5545632,335061.9738488,274015.71088575,609077.68473455,7650,0,0,0,0,7650,11475000,0,11475000,0,0,0,0,1400,0,0,1400,0,0,0,0,0,0,990,970,20,70,70,0,230,0,1290,0,0,0,0,0,0,0,140,0,300,600,15,0,0,0,0,0,40,0,0,195,0,0,0,0,0,0,0,0,0,0,0,0,0,0,0,0,0,0,0,22871417.6847345,5929368,7046883,26807972,1609077.68473455,28417049.6847345,-16942049.6847345,96.0131578947368
2,0,0,0,1320000,0,500000,0,0,0,0,0,99,3,243327,6,5.33,0,0.33,5,0,5.33,0,0.33,5,0,0,0,0,0,0,2.33,0,0.33,2,0,2.33,0,0.33,2,0,0,0,0,0,0,20,2,278.969957081545,781115.879828326,781115.879828326,0,0,0,0,566523.605150215,0,214592.274678112,0,0,0,0,0,60085.8369098712,32317.5965665236,0,12875.5364806867,3004.29184549356,0,0,1586909.87124464,421630.901287554,33017.3932685792,454648.294556133,387696.709585122,909871.244635193,0,909871.244635193,1409630.04291845,2081545.06437768,68669.5278969957,3559844.63519313,5684468.9480437,134440.905394868,65441.8651985837,199882.770593452,4560.51502145923,0,0,111.587982832618,338.111587982833,4898.62660944206,5654935.6223176,1109006.00858369,6763941.63090129,0,0,0,0,1030.04291845494,0,858.369098712446,1888.41201716738,0,0,0,0,0,0,78.9699570815451,55.793991416309,23.175965665236,140.772532188841,92.7038626609442,48.068669527897,10.3004291845494,20.6008583690987,250.643776824034,0,0,0,0,0,0,0,6.86695278969957,0,70.3862660944206,103.004291845494,20.6008583690987,0,0,0,0,0,36.0515021459227,0,0,13.7339055793991,0,0,0,0,0,0,0,0,0,0,0,0,0,0,0,0,0,0,0,2547110.71939487,1079472.68285758,3201960.6138845,7121825.65220992,1109754.01522864,8231579.66743857,-1467638.03653728,79.8
2,0,0,0,220000,0,96000,0,0,0,0,400000,99,2,243327,6,1.32,0,1.32,0,0,0,0,0,0,0,1.32,0,1.32,0,0,0.83,0,0.83,0,0,0,0,0,0,0,0.83,0,0.83,0,0,46,2,132.530120481928,862650.602409638,380722.891566265,481927.710843373,0,0,0,265060.240963855,0,115662.65060241,0,0,0,0,481927.710843373,906024.096385542,137469.879518072,0,0,27710.843373494,795180.722891566,0,39759.0361445783,444915.662650602,115460.240963855,560375.903614458,68273.0923694779,0,1351807.22891566,1351807.22891566,3614226.5060241,5325301.20481928,461445.78313253,9400973.4939759,10592764.1305595,178098.207158056,131940.372552048,310038.579710104,8433.73493975904,1204.81927710843,0,0,3650.60240963855,12084.3373493976,12650602.4096386,10951807.2289157,23602409.6385542,0,0,0,0,481.927710843373,0,9.63855421686747,491.566265060241,0,0,0,0,1204.81927710843,1204.81927710843,128.915662650602,80.722891566265,48.1927710843373,212.048192771084,96.3855421686747,115.66265060241,77.1084337349398,86.7469879518072,504.819277108434,0,0,0,0,0,0,0,77.1084337349398,0,0,298.795180722892,20.4819277108434,0,0,0,0,0,40.9638554216867,0,0,67.4698795180723,0,0,0,0,0,0,0,0,0,0,0,0,0,0,0,0,0,0,0,4110826.34874899,13009645.5079947,20756819.184739,13041744.6706827,1661845.80862577,14703590.4793085,8898819.15924572,79.8
2,0,0,0,260000,0,54000,0,0,0,0,0,37,1,256777,6,0.55,0,0.55,0,0,0.55,0,0.55,0,0,0,0,0,0,0,0.49,0,0.49,0,0,0.49,0,0.49,0,0,0,0,0,0,0,45.6666666666667,2,214.285714285714,640816.326530612,640816.326530612,0,0,0,0,530612.244897959,0,110204.081632653,0,0,0,0,0,559183.673469388,52469.387755102,0,0,0,0,0,171428.571428571,1323951.02040816,204948.943788042,1528899.9641962,293877.551020408,3018367.34693878,0,3018367.34693878,5497638.7755102,584755.102040816,0,6082393.87755102,4088207.5764411,256913.017889733,81380.5888917347,338293.606781468,1877.55102040816,0,0,0,0,1877.55102040816,1877551.02040816,0,1877551.02040816,0,0,0,0,1061.22448979592,0,8.16326530612245,1069.38775510204,0,0,0,0,0,0,302.040816326531,142.857142857143,159.183673469388,40.8163265306122,20.4081632653061,20.4081632653061,57.1428571428571,0,400,0,0,0,0,0,0,0,44.8979591836735,0,0,212.244897959184,30.6122448979592,0,0,0,0,20.4081632653061,40.8163265306122,0,0,51.0204081632653,0,0,0,0,0,0,0,0,0,0,0,0,0,0,0,0,0,0,0,8854299.72923045,-2210656.55603294,-1625901.45399212,9585846.3519513,3356660.95372024,12942507.3056715,-11064956.2852634,96.0131578947368
2,0,0,0,4300,0,0,18000,0,0,0,17200,36,1,251508,6,0.15,0,0.15,0,0,0.15,0,0.15,0,0,0,0,0,0,0,0.12,0,0.12,0,0,0.12,0,0.12,0,0,0,0,0,0,0,16,2,791.666666666667,329166.666666667,35833.3333333333,293333.333333333,0,0,0,35833.3333333333,0,0,150000,0,0,0,143333.333333333,291666.666666667,89750,0,0,83333.3333333333,0,0,0,664888.888888889,174061.403508772,838950.292397661,519444.444444444,1500000,0,1500000,9844108.33333333,0,0,9844108.33333333,2403819.40350877,280633.066979825,115333.74374125,395966.810721074,5000,0,0,0,0,5000,7500000,0,7500000,0,0,0,0,83.3333333333333,0,0,83.3333333333333,833.333333333333,0,0,0,333.333333333333,1166.66666666667,650,258.333333333333,391.666666666667,0,0,0,41.6666666666667,0,691.666666666667,0,0,0,0,0,0,0,16.6666666666667,0,0,533.333333333333,116.666666666667,0,0,0,0,0,0,0,0,25,0,0,0,0,0,0,0,0,0,0,0,0,0,0,0,0,0,0,0,11740075.1440544,5096180.59649123,5096180.59649123,12247927.7368421,1895966.81072107,14143894.5475632,-6643894.54756318,90.8205128205128
2,0,0,0,550000,0,90000,0,660000,0,0,665000,33,2,235300,6,2.99,0,0.74,2.25,0,2.99,0,0.74,2.25,0,0,0,0,0,0,0.68,0,0.38,0.3,0,0.68,0,0.38,0.3,0,0,0,0,0,0,23,2,158.823529411765,2889705.88235294,941176.470588235,1948529.41176471,0,0,0,808823.529411765,0,132352.941176471,0,970588.235294118,0,0,977941.176470588,489705.882352941,148088.235294118,0,0,575588.235294118,29411.7647058824,0,0,767553.921568628,64129.4117647059,831683.333333333,833333.333333333,1691176.47058824,0,1691176.47058824,3822414.70588235,4094117.64705882,198529.411764706,8115061.76470588,10229605.8789928,268300.510109939,132783.778006324,401084.288116262,0,0,1588.23529411765,0,6273.52941176471,6273.52941176471,0,15683823.5294118,15683823.5294118,0,0,0,0,1470.58823529412,0,8.82352941176471,1479.41176470588,0,13235.2941176471,0,0,2352.94117647059,15588.2352941176,179.411764705882,94.1176470588235,85.2941176470588,170.588235294118,170.588235294118,0,55.8823529411765,47.0588235294118,452.941176470588,0,0,0,0,0,0,0,47.0588235294118,0,0,252.941176470588,70.5882352941177,0,0,0,0,0,0,2.94117647058824,0,79.4117647058824,0,0,0,0,0,0,0,0,0,0,0,0,0,0,0,0,0,0,0,6010533.31108421,5454217.65041892,9680418.62745098,14147878.4313726,2092260.7587045,16240139.190077,-556315.660665283,23.7777777777778
2,0,0,0,72500,0,0,88000,0,0,0,0,36,2,251508,6,2.35,0,0.35,2,0,2.35,0,0.35,2,0,0,0,0,0,0,0.5,0,0.2,0.3,0,0.5,0,0.2,0.3,0,0,0,0,0,0,22,2,160,321000,145000,176000,0,0,0,145000,0,0,176000,0,0,0,0,1093000,695600,772000,0,20000,0,0,108000,34826.6666666667,17469.6,52296.2666666667,440000,151200,0,151200,14091546,0,0,14091546,3753404.26666667,65905.0881955573,185404.6395309,251309.727726457,6000,0,0,420,1272.6,7272.6,11850000,4174128,16024128,0,0,0,0,200,0,0,200,1600,0,0,0,0,1600,678,678,0,0,0,0,152,0,830,0,0,0,0,0,0,0,60,0,30,156,88,0,0,0,0,32,300,0,0,104,0,0,0,0,60,0,0,0,0,0,0,0,0,0,0,0,0,0,0,14494055.7277265,12270723.7333333,12270723.7333333,17844950.2666667,402509.727726457,18247459.9943931,-2223331.99439312,55.2666666666667
2,0,0,0,900000,0,0,660000,0,0,0,516000,37,3,256777,6,1.49,0,1.49,0,0,0,0,0,0,0,1.49,0,1.49,0,0,1.49,0,1.49,0,0,0,0,0,0,0,1.49,0,1.49,0,0,43.6363636363636,2,185.234899328859,1393288.59060403,604026.845637584,789261.744966443,0,0,0,604026.845637584,0,0,442953.020134228,0,0,0,346308.724832215,1175637.58389262,243630.872483221,2509865.77181208,25503.355704698,26845.6375838926,0,3146979.86577181,0,448719.463087248,184641.469445426,633360.932532674,724832.214765101,0,695302.013422819,695302.013422819,10694697.9865772,1378075.83892617,201342.281879195,12274116.1073825,12233082.377086,264203.466151537,225461.519973792,489664.986125328,9097.31543624161,0,0,0,0,9097.31543624161,13645973.1543624,0,13645973.1543624,0,0,0,0,1208.05369127517,0,0,1208.05369127517,2684.56375838926,0,0,0,805.369127516778,3489.93288590604,522.147651006711,278.523489932886,243.624161073825,171.812080536913,107.38255033557,64.4295302013423,142.953020134228,0,836.912751677852,0,0,0,0,0,0,0,112.751677852349,0,285.906040268456,150.335570469799,40.2684563758389,0,0,5.36912751677852,0,2.01342281879195,10.738255033557,0,0,115.436241610738,0,0,0,0,114.093959731544,0,0,0,0,0,0,0,0,0,0,0,0,0,0,11362722.5549948,1412890.77727641,3509251.32921229,22410837.9325327,1184966.99954815,23595804.9320808,-9949831.7777184,44.6666666666667
3,0,0,0,0,0,0,0,0,0,0,0,35,1,258895,6,0.4,0,0,0.4,0,0.4,0,0,0.4,0,0,0,0,0,0,0.4,0,0,0.4,0,0.4,0,0,0.4,0,0,0,0,0,0,48,2,150,0,0,0,0,0,0,0,0,0,0,0,0,0,0,0,0,0,0,0,0,0,0,293333.333333333,36300,329633.333333333,0,100000,0,100000,4011420,1750000,190000,5951420,2396239.80029807,63415.8826508333,64523.212643,127939.095293833,3125,0,1000,0,3950,7075,6250000,9875000,16125000,0,0,0,0,0,0,0,0,0,0,0,0,0,0,280,140,140,140,140,0,0,0,420,0,0,0,0,0,0,0,0,0,0,420,0,0,0,0,0,0,0,0,0,0,0,0,0,0,0,0,0,0,0,0,0,0,0,0,0,0,0,0,0,4371647.62832909,13728760.1997019,15536471.6666667,6539948.33333333,227939.095293833,6767887.42862717,9357112.57137283,94.7142857142857
3,0,0,0,0,0,0,0,0,0,0,0,35,2,258895,5,0.52,0,0.33,0,0.19,0,0,0,0,0,0.52,0,0.33,0,0.19,0.52,0,0.33,0,0.19,0,0,0,0,0,0.52,0,0.33,0,0.19,51,2,548.076923076923,0,0,0,0,0,0,0,0,0,0,0,0,0,0,1031730.76923077,292307.692307692,0,0,0,1384615.38461538,0,0,401538.461538462,46153.8461538461,447692.307692308,0,0,1442307.69230769,1442307.69230769,8307175,2884615.38461538,557692.307692308,11749482.6923077,7885906.00535271,71104.5445384615,156750.056002212,227854.600540673,1442.30769230769,0,4807.69230769231,0,18990.3846153846,20432.6923076923,2884615.38461538,47475961.5384615,50360576.9230769,0,0,0,0,0,0,0,0,0,0,0,0,0,0,328.846153846154,165.384615384615,163.461538461538,153.846153846154,61.5384615384615,92.3076923076923,161.538461538462,30.7692307692308,675,0,0,0,0,0,0,0,82.6923076923077,0,61.5384615384615,307.692307692308,0,0,0,0,0,0,38.4615384615385,0,0,126.923076923077,0,0,0,0,57.6923076923077,0,0,0,0,0,0,0,0,0,0,0,0,0,0,8948980.1336495,42474670.9177242,48329951.1538462,15164723.8461538,1670162.29284837,16834886.1390022,33525690.7840747,39.1428571428571
3,0,0,0,0,0,0,0,0,0,0,0,35,2,258895,6,2.29,0,0,2.29,0,0,0,0,0,0,2.29,0,0,2.29,0,0.66,0,0,0.66,0,0,0,0,0,0,0.66,0,0,0.66,0,11,2,333.333333333333,0,0,0,0,0,0,0,0,0,0,0,0,0,0,0,9090.90909090909,0,0,0,0,0,1566893.93939394,16575.7575757576,2826.40692640693,19402.1645021645,75757.5757575758,0,1159090.90909091,1159090.90909091,1211657.57575758,0,0,1211657.57575758,3089130.4978355,14259.2769402294,30222.6434887879,44481.9204290173,37.8787878787879,0,0,0,0,37.8787878787879,75757.5757575758,0,75757.5757575758,0,0,0,0,0,0,0,0,0,0,0,0,0,0,74.2424242424242,0,74.2424242424242,0,0,0,13.6363636363636,0,87.8787878787879,0,0,0,0,0,0,0,0,0,0,60.6060606060606,0,0,0,0,0,0,0,0,0,27.2727272727273,0,0,0,0,0,0,0,0,0,0,0,0,0,0,0,0,0,0,0,1256139.49618659,-3013372.92207792,-1854282.01298701,3141697.16450216,1203572.82951993,4345269.99402209,-4269512.41826451,39.1428571428571
3,0,0,0,0,0,0,0,0,0,0,0,35,3,258895,6,1,0,0,1,0,1,0,0,1,0,0,0,0,0,0,1,0,0,1,0,1,0,0,1,0,0,0,0,0,0,26,2,200,0,0,0,0,0,0,0,0,0,0,0,0,0,0,641000,162000,0,0,0,0,0,300000,631400,48000,679400,180000,11000000,0,11000000,6506808,1080000,130000,7716808,3319800.80639447,131360.467062,95621.2714032,226981.7384652,5200,0,0,0,0,5200,10400000,0,10400000,0,0,0,0,0,0,0,0,0,0,0,0,0,0,128,56,72,72,72,0,208,0,408,0,0,0,0,0,0,0,64,0,0,184,0,0,0,0,0,0,160,0,0,0,0,0,0,0,0,0,0,0,0,0,0,0,0,0,0,0,0,0,0,17845283.9320707,7080199.19360553,8178705,9938103,11226981.7384652,21165084.7384652,-10765084.7384652,27.6
3,0,0,0,0,0,0,0,0,0,0,0,36,1,251508,6,0.11,0,0.11,0,0,0.11,0,0.11,0,0,0,0,0,0,0,0.1,0,0.1,0,0,0.1,0,0.1,0,0,0,0,0,0,0,18,2,500,0,0,0,0,0,0,0,0,0,0,0,0,0,0,1687000,756000,850000,0,0,0,0,0,2082666.66666667,239580,2322246.66666667,293333.333333333,1000000,0,1000000,33659310,10478960,800000,44938270,16828977.6913993,460831.3803225,522906.5483955,983737.928718,36000,0,0,0,0,36000,36000000,0,36000000,0,0,0,0,0,0,0,0,0,0,0,0,0,0,1640,930,710,720,400,320,450,0,2810,0,0,0,0,0,0,0,160,0,0,1360,0,0,0,100,0,240,400,0,0,470,0,0,0,0,0,80,0,0,0,0,0,0,0,0,0,0,0,0,0,36253118.2373187,19171022.3086007,29839912,51098358,1983737.928718,53082095.928718,-17082095.928718,90.8205128205128
3,0,0,0,0,0,0,0,0,0,0,0,37,3,256777,6,1.42,0,1.42,0,0,1.42,0,1.42,0,0,0,0,0,0,0,1.42,0,1.42,0,0,1.42,0,1.42,0,0,0,0,0,0,0,27.6666666666667,2,267.605633802817,0,0,0,0,0,0,0,0,0,0,0,0,0,0,194845.070422535,67605.6338028169,3413380.28169014,0,0,0,0,14084.5070422535,961164.319248826,166286.137879911,1127450.45712874,0,253521.126760563,0,253521.126760563,11209121.1267606,8921802.81690141,76760.5633802817,20207684.5070423,14029965.1996036,193411.45908597,259089.41504,452500.87412597,14084.5070422535,0,0,0,0,14084.5070422535,14084507.0422535,0,14084507.0422535,0,0,0,0,0,0,0,0,0,0,0,0,0,0,626.760563380282,436.619718309859,190.140845070423,621.12676056338,339.43661971831,281.69014084507,77.4647887323944,31.6901408450704,1357.04225352113,0,0,0,0,0,0,0,166.901408450704,0,563.380281690141,612.676056338028,0,0,0,0,0,0,0,0,0,14.0845070422535,0,0,0,0,0,0,0,0,0,0,0,0,0,0,0,0,0,0,0,11957884.2584117,54541.8426499329,9010364.09216704,25281827.4571287,706022.000886533,25987849.4580153,-11903342.4157618,44.6666666666667
3,0,0,0,0,0,0,0,0,0,0,0,38,1,242051,5,0.17,0,0.17,0,0,0.17,0,0.17,0,0,0,0,0,0,0,0.17,0,0.17,0,0,0.17,0,0.17,0,0,0,0,0,0,0,23,2,335.294117647059,0,0,0,0,0,0,0,0,0,0,0,0,0,0,617647.058823529,29411.7647058823,564705.882352941,0,0,0,0,0,0,136658.823529412,136658.823529412,564705.882352941,2540000,0,2540000,6311064.70588235,2435235.29411765,0,8746300,4590415.70588235,197237.419143529,107961.852218529,305199.271362059,17647.0588235294,0,0,0,0,17647.0588235294,42352941.1764706,0,42352941.1764706,0,0,0,0,0,0,0,0,0,0,0,0,0,0,441.176470588235,88.2352941176471,352.941176470588,135.294117647059,47.0588235294118,88.2352941176471,23.5294117647059,11.7647058823529,611.764705882353,0,0,0,0,0,0,0,11.7647058823529,0,0,564.705882352941,0,0,0,0,0,0,0,0,0,35.2941176470588,0,0,0,0,0,0,0,0,0,0,0,0,0,0,0,0,0,0,0,9156263.97724441,37762525.4705882,40197760.7647059,10901480.4117647,2845199.27136206,13746679.6831268,28606261.4933438,104.558823529412
3,0,0,0,0,0,0,0,0,0,0,0,38,1,242051,5,0.33,0,0.33,0,0,0.33,0,0.33,0,0,0,0,0,0,0,0.32,0,0.32,0,0,0.32,0,0.32,0,0,0,0,0,0,0,13.25,2,406.25,0,0,0,0,0,0,0,0,0,0,0,0,0,0,1118750,116562.5,287500,0,46875,0,0,312500,366666.666666667,685522.222222222,1052188.88888889,437500,1250000,0,1250000,4211850,1228125,0,5439975,4842052.38888889,722534.5003445,79384.323068125,801918.823412625,2343.75,0,0,2500,7575,9918.75,5062500,24846000,29908500,0,0,0,0,0,0,0,0,0,0,0,0,0,0,131.25,131.25,0,75,75,0,93.75,0,300,0,0,0,0,0,0,0,81.25,0,0,150,0,0,0,0,0,25,0,0,0,43.75,0,0,0,0,0,0,0,0,0,0,0,0,0,0,0,0,0,0,0,6263768.82341262,25066447.6111111,26294572.6111111,9053902.38888889,2051918.82341262,11105821.2123015,18802678.7876985,104.558823529412
3,0,0,0,0,0,0,0,0,0,0,0,38,2,242051,6,0.93,0.1,0.36,0.47,0,0.93,0.1,0.36,0.47,0,0,0,0,0,0,0.83,0.1,0.36,0.37,0,0.83,0.1,0.36,0.37,0,0,0,0,0,0,27.2857142857143,2,421.686746987952,0,0,0,0,0,0,0,0,0,0,0,0,0,0,1209638.55421687,594457.831325301,2795180.72289157,0,24096.3855421687,0,0,389578.313253012,1247261.04417671,236168.674698795,1483429.7188755,730923.694779116,1253012.04819277,0,1253012.04819277,8087448.19277108,0,0,8087448.19277108,7469356.22088353,413730.670057189,142029.95166,555760.621717189,15807.2289156626,0,301.204819277108,0,1189.75903614458,16996.9879518072,23710843.373494,2974397.59036145,26685240.9638554,0,0,0,0,0,0,0,0,0,0,0,0,0,0,286.746987951807,286.746987951807,0,0,0,0,151.807228915663,0,438.55421686747,0,0,0,0,0,0,0,65.0602409638554,0,0,192.771084337349,4.81927710843373,0,0,7.2289156626506,0,0,67.4698795180723,0,0,101.204819277108,0,0,0,0,0,0,0,0,0,0,0,0,0,0,0,0,0,0,0,9896220.86268104,19215884.7429719,19215884.7429719,15556804.4136546,1808772.66990996,17365577.0835646,9319663.88029084,49.0555555555556
3,0,0,0,0,0,0,0,0,0,0,1600000,37,3,256777,6,1.06,0.83,0.23,0,0,1.06,0.83,0.23,0,0,0,0,0,0,0,1.06,0.83,0.23,0,0,1.06,0.83,0.23,0,0,0,0,0,0,0,22.4,2,237.735849056604,1509433.96226415,0,1509433.96226415,0,0,0,0,0,0,0,0,0,0,1509433.96226415,909339.622641509,438613.20754717,754716.981132075,0,47169.8113207547,0,0,43518.8679245283,183366.037735849,76670.9831181728,260037.020854022,108679.245283019,1811320.75471698,0,1811320.75471698,6180839.62264151,0,0,6180839.62264151,4328285.71896723,105138.567108486,107154.879691038,212293.446799524,10400.9433962264,0,0,0,0,10400.9433962264,19292452.8301887,0,19292452.8301887,0,0,0,0,0,0,0,0,0,0,0,0,7547.16981132075,7547.16981132075,346.22641509434,158.490566037736,187.735849056604,0,0,0,59.4339622641509,0,405.660377358491,0,0,0,0,0,0,0,28.3018867924528,0,60.377358490566,211.320754716981,15.0943396226415,0,0,0,0,0,15.0943396226415,0,0,75.4716981132075,0,0,0,0,0,0,0,0,0,0,0,0,0,0,0,0,0,0,0,8204453.82415801,14964167.1112214,14964167.1112214,10509125.3416087,2023614.2015165,12532739.5431252,6759713.28706343,44.6666666666667
3,0,0,0,0,0,0,0,0,0,0,1700000,37,3,256777,6,1.68,0.03,1.58,0.07,0,0.43,0.03,0.33,0.07,0,1.25,0,1.25,0,0,1.27,0.02,1.18,0.07,0,0.36,0.02,0.27,0.07,0,0.91,0,0.91,0,0,37.625,2,248.031496062992,1338582.67716535,0,1338582.67716535,0,0,0,0,0,0,0,0,0,0,1338582.67716535,1373228.34645669,118897.637795276,5157480.31496063,29921.2598425197,0,0,0,11811.0236220472,327811.023622047,9603.77952755905,337414.803149606,226771.653543307,226771.653543307,519685.039370079,746456.692913386,7253045.66929134,0,0,7253045.66929134,9370569.75590551,52552.8137049764,165692.578407244,218245.39211222,19685.0393700787,0,0,125.984251968504,381.732283464567,20066.7716535433,19685039.3700787,1252081.88976378,20937121.2598425,0,0,0,0,0,0,0,0,0,0,0,0,3149.6062992126,3149.6062992126,356.692913385827,278.740157480315,77.9527559055118,0,0,0,77.9527559055118,0,434.645669291339,0,0,0,0,0,0,0,149.606299212598,0,125.984251968504,125.984251968504,26.7716535433071,0,0,0,0,0,0,0,0,6.2992125984252,0,0,0,0,0,0,0,0,0,0,0,0,0,0,0,0,0,0,0,7698062.71494687,11566551.503937,12086236.5433071,16103930.3858268,964702.085025606,17068632.4708524,3868488.78899014,44.6666666666667
3,0,0,0,0,0,0,0,0,0,0,400000,38,2,242051,6,0.5,0,0.5,0,0,0.5,0,0.5,0,0,0,0,0,0,0,0.5,0,0.5,0,0,0.5,0,0.5,0,0,0,0,0,0,0,36,2,250,800000,0,800000,0,0,0,0,0,0,0,0,0,0,800000,702000,160900,0,0,0,0,0,0,912000,645333.333333333,1557333.33333333,0,280000,0,280000,4958734,129152,0,5087886,3591436.33333333,659943.281777778,73189.6590369,733132.940814678,4560,0,0,0,0,4560,4560000,0,4560000,0,0,0,0,0,0,0,0,0,0,0,0,2000,2000,220,220,0,8,8,0,66,0,294,0,0,0,0,0,0,0,84,0,0,0,40,0,0,0,0,0,110,0,0,60,0,0,0,0,0,0,0,0,0,0,0,0,0,0,0,0,0,0,0,5971866.94081468,968563.666666667,1097715.66666667,8550170.33333333,1013132.94081468,9563303.27414801,-5003303.27414801,49.0555555555556
3,0,0,0,0,0,0,0,0,0,0,430000,36,3,251508,6,3.45,0,2.6,0.85,0,3.45,0,2.6,0.85,0,0,0,0,0,0,3.45,0,2.6,0.85,0,3.45,0,2.6,0.85,0,0,0,0,0,0,18.6521739130435,2,456.231884057971,124637.68115942,0,124637.68115942,0,0,0,0,0,0,0,0,0,0,124637.68115942,1305043.47826087,498400,0,0,0,0,0,1115942.02898551,385877.874396135,173621.60488177,559499.479277905,36135.2657004831,351252.173913044,0,351252.173913044,3661603.47826087,649275.362318841,0,4310878.84057971,4540441.29570303,82481.6548517709,79739.2735825507,162220.928434322,5242.31884057971,0,0,0,0,5242.31884057971,8298260.86956522,0,8298260.86956522,0,0,0,0,0,0,0,0,0,0,0,0,289.855072463768,289.855072463768,67.2463768115942,50.4347826086957,16.8115942028986,37.1014492753623,18.5507246376812,18.5507246376812,118.260869565217,0,222.608695652174,0,0,0,0,0,0,0,60.2898550724638,0,1.73913043478261,55.6521739130435,7.2463768115942,0,0,5.79710144927536,0,3.47826086956522,30.4347826086957,0,0,57.9710144927536,0,0,0,0,0,0,0,0,0,0,0,0,0,0,0,0,0,0,0,4175076.58060823,3757819.57386219,4407094.93618103,8202044.7739639,513473.102347365,8715517.87631126,-417257.006746043,42
3,0,0,0,0,0,0,0,0,0,0,60200,99,1,243327,6,0.13,0,0.13,0,0,0.13,0,0.13,0,0,0,0,0,0,0,0.13,0,0.13,0,0,0.13,0,0.13,0,0,0,0,0,0,0,19,2,276.923076923077,463076.923076923,0,463076.923076923,0,0,0,0,0,0,0,0,0,0,463076.923076923,230769.230769231,384615.384615385,0,0,0,0,0,0,287179.487179487,1005073.6497545,1292253.13693399,0,1538461.53846154,0,1538461.53846154,24512323.0769231,0,0,24512323.0769231,2614041.67539553,1036518.46199864,277446.330025385,1313964.79202402,1923.07692307692,0,0,0,0,1923.07692307692,2884615.38461538,0,2884615.38461538,0,0,0,0,0,0,0,0,0,0,0,0,1076.92307692308,1076.92307692308,561.538461538462,230.769230769231,330.769230769231,0,0,0,738.461538461538,0,1300,0,0,0,0,0,0,0,30.7692307692308,0,23.0769230769231,492.307692307692,46.1538461538462,0,0,0,0,0,0,0,0,707.692307692308,0,0,0,0,0,0,0,0,0,0,0,0,0,0,0,0,0,0,0,27364749.4074086,270573.709219858,270573.709219858,27126364.7523186,2852426.33048556,29978791.0828042,-27094175.6981888,81.4
3,0,0,0,0,0,0,0,0,0,0,97000,37,1,256777,5,0.23,0,0.23,0,0,0.23,0,0.23,0,0,0,0,0,0,0,0.23,0,0.23,0,0,0.23,0,0.23,0,0,0,0,0,0,0,17,2,152.173913043478,421739.130434783,0,421739.130434783,0,0,0,0,0,0,0,0,0,0,421739.130434783,1665217.39130435,213043.47826087,869565.217391304,0,0,0,0,0,920579.710144928,0,920579.710144928,0,521739.130434783,0,521739.130434783,22013147.826087,3772173.91304348,0,25785321.7391304,8119095.84057971,-101035.37897971,313918.750172174,212883.371192464,61739.1304347826,0,0,0,0,61739.1304347826,61739130.4347826,0,61739130.4347826,0,0,0,0,0,0,0,0,0,0,0,0,1304.34782608696,1304.34782608696,1704.34782608696,34.7826086956522,1669.5652173913,208.695652173913,139.130434782609,69.5652173913043,69.5652173913043,34.7826086956522,2017.39130434783,0,0,0,0,0,0,0,208.695652173913,0,0,660.869565217391,104.347826086957,0,0,0,0,0,486.95652173913,0,0,382.608695652174,0,0,0,0,0,173.913043478261,0,0,0,0,0,0,0,0,0,0,0,0,0,22747770.3277142,53620034.5942029,57392208.5072464,30132243.6666667,734622.501627246,30866866.1682939,30872264.2664887,96.0131578947368
3,0,0,0,0,0,0,0,0,1080000,0,0,38,2,242051,5,0.86,0.86,0,0,0,0.86,0.86,0,0,0,0,0,0,0,0,0.86,0.86,0,0,0,0.86,0.86,0,0,0,0,0,0,0,0,16,1,872.093023255814,1255813.95348837,0,1255813.95348837,0,0,0,0,0,0,0,0,1255813.95348837,0,0,903488.372093023,41860.4651162791,0,0,0,0,0,0,142325.581395349,84418.6046511628,226744.186046512,813953.488372093,930232.558139535,0,930232.558139535,10774788.372093,1332697.6744186,0,12107486.0465116,4816609.13953488,122721.931109302,155129.36266593,277851.293775233,5581.39534883721,0,3488.37209302326,959.302325581395,16685.7558139535,22267.1511627907,5581395.34883721,43981604.6511628,49563000,0,0,0,0,0,0,0,0,0,0,10465.1162790698,0,0,10465.1162790698,679.06976744186,483.720930232558,195.348837209302,93.0232558139535,46.5116279069767,46.5116279069767,34.8837209302326,0,806.976744186047,0,0,0,0,0,0,0,79.0697674418605,0,0,372.093023255814,37.2093023255814,0,0,0,0,0,209.302325581395,0,0,109.302325581395,0,0,0,0,0,0,0,0,0,0,0,0,0,0,0,0,0,0,0,11982872.2240078,44746390.8604651,46079088.5348837,15591397.5116279,1208083.85191477,16799481.3635427,32763518.6364573,49.0555555555556
3,0,0,0,0,0,0,0,0,150000,0,0,36,1,251508,6,0.33,0,0.33,0,0,0.33,0,0.33,0,0,0,0,0,0,0,0.33,0,0.33,0,0,0.33,0,0.33,0,0,0,0,0,0,0,24,2,606.060606060606,454545.454545455,0,454545.454545455,0,0,0,0,0,0,0,0,454545.454545455,0,0,780303.03030303,180909.090909091,439393.939393939,0,0,0,0,10606.0606060606,714000,23223.5087719298,737223.50877193,400000,3030303.03030303,0,3030303.03030303,8672248.48484848,0,0,8672248.48484848,3254489.08452951,129188.788703989,114249.37340697,243438.162110959,5454.54545454545,0,60.6060606060606,0,239.393939393939,5693.93939393939,8181818.18181818,598484.848484849,8780303.03030303,0,0,0,0,0,0,0,0,0,0,15151.5151515152,0,0,15151.5151515152,496.969696969697,254.545454545455,242.424242424242,0,0,0,81.8181818181818,0,578.787878787879,0,0,0,0,0,0,0,39.3939393939394,0,9.09090909090909,193.939393939394,24.2424242424242,0,0,30.3030303030303,0,12.1212121212121,218.181818181818,0,0,48.4848484848485,0,0,0,0,3.03030303030303,0,0,0,0,0,0,0,0,0,0,0,0,0,0,11945989.6772625,5525813.94577352,5525813.94577352,11926737.569378,3273741.19241399,15200478.761792,-6420175.73148895,90.8205128205128
3,0,0,0,0,0,0,0,0,200000,0,232000,38,1,242051,5,0.26,0.26,0,0,0,0.26,0.26,0,0,0,0,0,0,0,0,0.26,0.26,0,0,0,0.26,0.26,0,0,0,0,0,0,0,0,27,1,1653.84615384615,1661538.46153846,0,1661538.46153846,0,0,0,0,0,0,0,0,769230.769230769,0,892307.692307692,190269.230769231,44846.1538461538,0,0,0,0,0,0,320000,279818.623481781,599818.623481781,0,2561538.46153846,0,2561538.46153846,28726134.6153846,0,0,28726134.6153846,2738523.46963563,258346.051821085,332001.554524038,590347.606345123,6615.38461538462,0,6923.07692307692,1423.07692307692,31658.0769230769,38273.4615384615,6615384.61538462,82508492.3076923,89123876.9230769,0,0,0,0,0,0,0,0,0,0,6153.84615384615,0,3076.92307692308,9230.76923076923,1788.46153846154,1096.15384615385,692.307692307692,0,0,0,115.384615384615,0,1903.84615384615,0,0,0,0,0,0,0,92.3076923076923,0,0,1307.69230769231,76.9230769230769,0,0,0,0,0,173.076923076923,0,0,253.846153846154,0,0,0,0,0,0,0,0,0,0,0,0,0,0,0,0,0,0,0,31878020.6832682,86385353.4534413,86385353.4534413,31464658.0850202,3151886.06788358,34616544.1529038,54507332.7701731,104.558823529412
3,0,0,0,0,0,0,0,0,288000,0,560000,38,1,242051,5,0.33,0,0.33,0,0,0.33,0,0.33,0,0,0,0,0,0,0,0.33,0,0.33,0,0,0.33,0,0.33,0,0,0,0,0,0,0,24,1,1515.15151515152,2569696.96969697,0,2569696.96969697,0,0,0,0,0,0,0,0,872727.272727273,0,1696969.6969697,1276969.6969697,44242.4242424242,0,0,0,0,0,209090.909090909,1791515.15151515,157936.842105263,1949451.99362041,2303030.3030303,1818181.81818182,0,1818181.81818182,20066566.6666667,3225378.78787879,0,23291945.4545455,11819912.0845295,495834.7724929,296973.885437273,792808.657930172,8484.84848484848,0,3030.30303030303,3030.30303030303,21151.5151515152,29636.3636363636,8484848.48484848,60040606.0606061,68525454.5454545,0,0,0,0,0,0,0,0,0,0,7272.72727272727,0,6060.60606060606,13333.3333333333,1000,975.757575757576,24.2424242424242,196.969696969697,196.969696969697,0,181.818181818182,0,1378.78787878788,0,0,0,0,0,0,0,72.7272727272727,0,0,696.969696969697,54.5454545454545,0,0,0,0,0,184.848484848485,0,0,369.69696969697,0,0,0,0,0,0,0,0,0,0,0,0,0,0,0,0,0,0,0,22677557.1427787,56705542.460925,59930921.2488038,31886478.7511962,2610990.47611199,34497469.2273082,34027985.3181464,104.558823529412
3,0,0,0,0,0,0,0,0,500000,0,590000,38,2,242051,5,0.82,0.82,0,0,0,0.82,0.82,0,0,0,0,0,0,0,0,0.82,0.82,0,0,0,0.82,0.82,0,0,0,0,0,0,0,0,18,1,853.658536585366,1329268.29268293,0,1329268.29268293,0,0,0,0,0,0,0,0,609756.097560976,0,719512.195121951,1125000,76390.243902439,0,0,0,0,0,0,114634.146341463,70829.2682926829,185463.414634146,731707.317073171,1219512.19512195,0,1219512.19512195,8315536.58536585,7387219.51219512,0,15702756.097561,11077099.7804878,148300.76202,197680.299768293,345981.061788293,5731.70731707317,0,3585.36585365854,963.414634146341,17081.3414634146,22813.0487804878,5731707.31707317,44980287.804878,50711995.1219512,0,0,0,0,0,0,0,0,0,0,4878.0487804878,0,2439.0243902439,7317.07317073171,465.853658536585,465.853658536585,0,548.780487804878,280.487804878049,268.292682926829,42.6829268292683,0,1057.31707317073,0,0,0,0,0,0,0,43.9024390243902,0,0,658.536585365854,36.5853658536585,0,0,0,0,0,207.317073170732,0,0,110.975609756098,0,0,0,0,0,0,0,0,0,0,0,0,0,0,0,0,0,0,0,9881029.8422761,39634895.3414634,47022114.8536585,19392636.3658537,1565493.25691024,20958129.6227639,29753865.4991873,49.0555555555556
3,0,0,0,0,0,0,0,0,500000,0,600000,38,2,242051,5,0.59,0.59,0,0,0,0.59,0.59,0,0,0,0,0,0,0,0,0.59,0.59,0,0,0,0.59,0.59,0,0,0,0,0,0,0,0,22,1,1525.42372881356,1864406.77966102,0,1864406.77966102,0,0,0,0,0,0,0,0,847457.627118644,0,1016949.15254237,1224440.6779661,50847.4576271186,0,0,0,0,0,0,65084.7457627119,211906.512042819,276991.257805531,1220338.98305085,2169491.52542373,0,2169491.52542373,13705776.2711864,6883661.01694915,0,20589437.2881356,11762737.1730598,308812.572889948,257262.946152881,566075.51904283,5084.74576271186,0,4491.52542372881,440.677966101695,19076.7796610169,24161.5254237288,5084745.76271186,48733447.4576271,53818193.220339,0,0,0,0,0,0,0,0,0,0,6779.66101694915,0,3389.83050847458,10169.4915254237,884.745762711864,603.389830508475,281.35593220339,457.627118644068,322.033898305085,135.593220338983,27.1186440677966,0,1369.49152542373,0,0,0,0,0,0,0,61.0169491525424,0,0,949.152542372881,33.8983050847458,0,0,0,0,0,203.389830508475,0,0,122.033898305085,0,0,0,0,0,0,0,0,0,0,0,0,0,0,0,0,0,0,0,16441343.315653,42055456.0472792,48939117.0642284,25468513.4442462,2735567.04446656,28204080.4887128,25614112.7316262,49.0555555555556
3,0,0,0,0,0,0,0,0,69000,0,80000,37,1,256777,6,0.13,0,0.06,0.07,0,0.13,0,0.06,0.07,0,0,0,0,0,0,0.11,0,0.04,0.07,0,0.11,0,0.04,0.07,0,0,0,0,0,0,25.3333333333333,2,272.727272727273,1354545.45454545,0,1354545.45454545,0,0,0,0,0,0,0,0,627272.727272727,0,727272.727272727,294545.454545455,890909.090909091,0,0,0,0,0,0,1734981.81818182,172572.631578947,1907554.44976077,1745454.54545455,600000,0,600000,24870600,13024090.9090909,0,37894690.9090909,19473876.9043062,571812.419926094,438378.766694545,1010191.18662064,19090.9090909091,0,0,0,0,19090.9090909091,19090909.0909091,0,19090909.0909091,0,0,0,0,0,0,0,0,0,0,5454.54545454545,0,1818.18181818182,7272.72727272727,1254.54545454545,618.181818181818,636.363636363636,909.090909090909,454.545454545455,454.545454545455,318.181818181818,0,2481.81818181818,0,0,0,0,0,0,0,200,0,0,1818.18181818182,72.7272727272727,0,0,0,0,0,90.9090909090909,0,0,300,0,0,0,0,0,0,0,0,0,0,0,0,0,0,0,0,0,0,0,26480791.1866206,-382967.813397128,12641123.0956938,44344476.9043062,1610191.18662064,45954668.0909269,-26863759.0000178,96.0131578947368
3,0,0,0,0,0,0,0,0,720000,0,870000,38,2,242051,5,0.92,0.8,0.12,0,0,0.92,0.8,0.12,0,0,0,0,0,0,0,0.92,0.8,0.12,0,0,0.92,0.8,0.12,0,0,0,0,0,0,0,22,1,1478.26086956522,1728260.86956522,0,1728260.86956522,0,0,0,0,0,0,0,0,782608.695652174,0,945652.173913043,1112097.82608696,63304.347826087,0,0,0,0,0,0,35362.3188405797,62798.1693363844,98160.4881769641,724637.68115942,1782608.69565217,0,1782608.69565217,13379617.3913043,4627434.7826087,0,18007052.173913,8595946.99542334,136378.147084748,226706.65563663,363084.802721378,4293.47826086957,0,4478.26086956522,1016.30434782609,20768.5326086957,25062.0108695652,4293478.26086957,54323265.2173913,58616743.4782609,0,0,0,0,0,0,0,0,0,0,6521.73913043478,0,3260.86956521739,9782.60869565217,873.913043478261,484.782608695652,389.130434782609,304.347826086957,217.391304347826,86.9565217391304,54.3478260869565,0,1232.60869565217,0,0,0,0,0,0,0,65.2173913043478,0,0,608.695652173913,43.4782608695652,0,0,0,0,13.0434782608696,391.304347826087,0,0,110.869565217391,0,0,0,0,0,0,0,0,0,0,0,0,0,0,0,0,0,0,0,15525310.8896779,50020796.4828375,54648231.2654462,21975564.3867277,2145693.49837355,24121257.8851012,34495485.5931596,49.0555555555556
3,0,0,0,0,0,0,0,38000,0,0,72000,99,1,243327,6,0.2,0.2,0,0,0,0.2,0.2,0,0,0,0,0,0,0,0,0.2,0.2,0,0,0,0.2,0.2,0,0,0,0,0,0,0,0,20,1,300,550000,0,550000,0,0,0,0,0,0,0,190000,0,0,360000,0,75000,0,0,0,0,0,0,302666.666666667,24000,326666.666666667,1600000,1000000,0,1000000,6361700,0,0,6361700,2794993.66666667,189387.724413333,75747.356055,265135.080468333,50,0,75,0,296.25,346.25,75000,740625,815625,0,0,0,0,0,0,0,0,0,1000,0,0,600,1600,450,20,430,0,0,0,40,0,490,0,0,0,0,0,0,0,0,0,0,300,100,0,0,0,0,10,0,0,0,80,0,0,0,0,0,0,0,0,0,0,0,0,0,0,0,0,0,0,0,7626835.08046833,-1979368.66666667,-1979368.66666667,9156693.66666667,1265135.08046833,10421828.747135,-9606203.747135,81.4
3,0,0,0,0,0,0,1440000,0,0,0,0,36,3,251508,6,3.19,0.65,0.54,2,0,3.19,0.65,0.54,2,0,0,0,0,0,0,2.15,0.65,0.18,1.32,0,2.15,0.65,0.18,1.32,0,0,0,0,0,0,15.25,2,533.023255813953,669767.441860465,0,669767.441860465,0,0,0,0,0,0,669767.441860465,0,0,0,0,971441.860465116,353139.534883721,0,0,0,0,0,1469767.44186047,435007.751937984,45314.2325581395,480321.984496124,92093.023255814,46223.2558139535,0,46223.2558139535,2769243.72093023,319847.441860465,0,3089091.1627907,4607886.72868217,94170.2468858226,71047.5814620465,165217.828347869,1488.37209302326,0,0,0,0,1488.37209302326,2976744.18604651,0,2976744.18604651,0,0,0,0,0,0,0,0,3720.93023255814,0,0,0,0,3720.93023255814,46.5116279069767,19.5348837209302,26.9767441860465,22.3255813953488,11.1627906976744,11.1627906976744,94.4186046511628,0,163.255813953488,0,0,0,0,0,0,0,36.2790697674419,0,0,52.093023255814,13.953488372093,0,0,0,0,2.7906976744186,32.5581395348837,0,0,25.5813953488372,0,0,0,0,0,0,0,0,0,0,0,0,0,0,0,0,0,0,0,2980684.80509206,-1631142.54263566,-1311295.10077519,7377130.4496124,211441.084161823,7588571.53377423,-4611827.34772771,42
3,0,0,0,0,0,0,177000,0,0,0,0,33,2,235300,6,0.53,0,0.53,0,0,0.53,0,0.53,0,0,0,0,0,0,0,0.53,0,0.53,0,0,0.53,0,0.53,0,0,0,0,0,0,0,21,1,433.962264150943,333962.264150943,0,333962.264150943,0,0,0,0,0,0,333962.264150943,0,0,0,0,113396.226415094,141509.433962264,0,0,0,0,0,179245.283018868,1086792.45283019,0,1086792.45283019,1257861.63522013,2566037.73584906,0,2566037.73584906,10024418.8679245,301886.79245283,37735.8490566038,10364041.509434,3651057.28553515,-81332.8309433962,120690.925187358,39358.0942439623,19811.320754717,0,0,0,0,19811.320754717,19811320.754717,0,19811320.754717,0,0,0,0,0,0,0,0,943.396226415094,0,0,0,0,943.396226415094,422.641509433962,309.433962264151,113.207547169811,30.188679245283,0,30.188679245283,160.377358490566,0,613.207547169811,0,0,0,0,0,0,0,15.0943396226415,0,37.7358490566038,218.867924528302,94.3396226415094,0,0,0,0,33.9622641509434,52.8301886792453,0,0,160.377358490566,0,0,0,0,0,0,0,0,0,0,0,0,0,0,0,0,0,0,0,12666447.3495893,16160263.4691818,16463253.4591195,13712108.8050314,2605395.83009302,16317504.6351245,3493816.11959252,23.7777777777778
3,0,0,0,0,0,0,2960000,0,0,0,0,38,3,242051,6,2.27,0,0,0,2.27,2.27,0,0,0,2.27,0,0,0,0,0,1.6,0,0,0,1.6,1.6,0,0,0,1.6,0,0,0,0,0,26,2,350,1850000,0,1850000,0,0,0,0,0,0,1850000,0,0,0,0,730562.5,152000,361875,0,0,0,0,0,317433.333333333,687894.736842105,1005328.07017544,0,1875000,0,1875000,5438653.75,853670,0,6292323.75,5195486.57017544,565924.269804632,101767.980106062,667692.249910694,7150,0,0,0,0,7150,7150000,0,7150000,0,0,0,0,0,0,0,0,10000,0,0,0,0,10000,236.875,164.375,72.5,59.375,34.375,25,83.75,0,380,0,0,0,0,0,0,0,60,0,75,140,21.25,0,0,20,0,0,11.25,0,0,52.5,0,0,0,0,0,0,0,0,0,0,0,0,0,0,0,0,0,0,0,7981345.99991069,1954513.42982456,2808183.42982456,10634140.3201754,2542692.24991069,13176832.5700861,-6026832.57008613,48.7272727272727
3,0,0,0,0,0,0,30000,0,0,0,172000,99,1,243327,6,0.13,0,0.13,0,0,0.13,0,0.13,0,0,0,0,0,0,0,0.13,0,0.13,0,0,0.13,0,0.13,0,0,0,0,0,0,0,18,1,346.153846153846,1553846.15384615,0,1553846.15384615,0,0,0,0,0,0,230769.230769231,0,0,0,1323076.92307692,0,230769.230769231,0,0,0,0,0,0,176923.076923077,981996.726677578,1158919.80360065,0,1538461.53846154,0,1538461.53846154,17909092.3076923,0,0,17909092.3076923,3186862.18821604,1004638.3920311,213512.286002308,1218150.6780334,1384.61538461538,0,0,0,0,1384.61538461538,1769230.76923077,0,1769230.76923077,0,0,0,0,0,0,0,0,1538.46153846154,0,0,0,3076.92307692308,4615.38461538462,1138.46153846154,476.923076923077,661.538461538462,0,0,0,92.3076923076923,0,1230.76923076923,0,0,0,0,0,0,0,0,0,30.7692307692308,984.615384615385,92.3076923076923,0,0,0,0,30.7692307692308,0,0,0,92.3076923076923,0,0,0,0,0,0,0,0,0,0,0,0,0,0,0,0,0,0,0,20665704.5241873,-1417631.41898527,-1417631.41898527,21095954.4959083,2756612.21649494,23852566.7124033,-22083335.9431725,81.4
3,0,0,0,0,0,0,330600,400000,0,0,0,35,1,258895,6,0.3,0,0.3,0,0,0.3,0,0.3,0,0,0,0,0,0,0,0.3,0,0.3,0,0,0.3,0,0.3,0,0,0,0,0,0,0,24.3333333333333,2,683.333333333333,2435333.33333333,0,2435333.33333333,0,0,0,0,0,0,1102000,1333333.33333333,0,0,0,997666.666666667,183333.333333333,0,0,0,0,0,0,382444.444444444,175368.421052632,557812.865497076,422222.222222222,3500000,0,3500000,9111710,0,0,9111710,4855263.42105263,224313.231288304,137992.991004833,362306.222293137,600,0,1500,0,5925,6525,1200000,14812500,16012500,0,0,0,0,0,0,0,0,5800,13333.3333333333,0,0,0,19133.3333333333,463.333333333333,180,283.333333333333,0,0,0,126.666666666667,0,590,0,0,0,0,0,0,0,180,0,20,213.333333333333,53.3333333333333,0,0,0,0,0,0,0,0,106.666666666667,0,0,0,0,16.6666666666667,0,0,0,0,0,0,0,0,0,0,0,0,0,0,12974016.2222931,11157236.5789474,11157236.5789474,13966973.4210526,3862306.22229314,17829279.6433458,-1816779.64334577,94.7142857142857
3,0,0,0,0,0,0,350000,0,0,0,0,36,1,251508,6,0.12,0,0.12,0,0,0.12,0,0.12,0,0,0,0,0,0,0,0.12,0,0.12,0,0,0.12,0,0.12,0,0,0,0,0,0,0,19,2,500,2916666.66666667,0,2916666.66666667,0,0,0,0,0,0,2916666.66666667,0,0,0,0,591666.666666667,186000,0,0,175000,0,0,25000,809722.222222222,120475.087719298,930197.30994152,1100000,975000,0,975000,12848033.3333333,0,0,12848033.3333333,6176038.64327485,316930.455703722,181514.879571667,498445.335275388,1250,0,0,0,0,1250,1875000,0,1875000,0,0,0,0,0,0,0,0,12833.3333333333,0,0,0,0,12833.3333333333,750,350,400,0,0,0,108.333333333333,0,858.333333333333,0,0,0,0,0,0,0,41.6666666666667,0,0,533.333333333333,133.333333333333,0,0,0,0,0,83.3333333333333,0,0,66.6666666666667,0,0,0,0,0,0,0,0,0,0,0,0,0,0,0,0,0,0,0,14321478.6686087,-4301038.64327485,-4301038.64327485,19024071.9766082,1473445.33527539,20497517.3118836,-18622517.3118836,90.8205128205128
3,0,0,0,0,0,0,438000,0,0,0,0,36,1,251508,6,0.45,0.3,0.15,0,0,0.45,0.3,0.15,0,0,0,0,0,0,0,0.39,0.24,0.15,0,0,0.39,0.24,0.15,0,0,0,0,0,0,0,25.75,2,461.538461538462,1123076.92307692,0,1123076.92307692,0,0,0,0,0,0,1123076.92307692,0,0,0,0,1002820.51282051,671153.846153846,410256.41025641,0,38461.5384615385,0,0,0,735446.837606837,259374.358974359,994821.196581196,80666.6666666667,697435.897435897,0,697435.897435897,15565979.4871795,4397087.17948718,0,19963066.6666667,8969852.27350427,-1109575.09587485,251622.075707436,-857953.020167419,7743.58974358974,0,0,0,0,7743.58974358974,11615384.6153846,0,11615384.6153846,0,0,0,0,0,0,0,0,256407.692307692,0,0,0,0,256407.692307692,533.333333333333,210.25641025641,323.076923076923,348.717948717949,102.564102564103,246.153846153846,369.230769230769,0,1251.28205128205,0,0,0,0,0,0,0,225.641025641026,0,0,487.179487179487,123.076923076923,0,0,41.025641025641,0,41.025641025641,117.948717948718,0,0,215.384615384615,0,0,0,0,0,0,0,0,0,0,0,0,0,0,0,0,0,0,0,15405462.364448,2645532.34188034,7042619.52136752,24535831.7606838,-160517.122731521,24375314.6379522,-12759930.0225676,90.8205128205128
3,0,0,0,0,0,0,494000,0,0,0,0,35,1,258895,5,0.46,0,0.44,0,0.02,0.46,0,0.44,0,0.02,0,0,0,0,0,0.46,0,0.44,0,0.02,0.46,0,0.44,0,0.02,0,0,0,0,0,31,2,254.347826086956,1073913.04347826,0,1073913.04347826,0,0,0,0,0,0,1073913.04347826,0,0,0,0,111543.47826087,427173.913043478,0,0,0,0,0,0,269782.608695652,105217.391304348,375000,260869.565217391,3043478.26086956,0,3043478.26086956,8026136.95652174,3695652.17391304,0,11721789.1304348,6203047.17391304,172993.845472826,144567.109879239,317560.955352065,391.304347826087,0,5380.4347826087,0,21252.7173913043,21644.0217391304,782608.695652174,53131793.4782609,53914402.173913,0,0,0,0,0,0,0,0,5652.17391304348,0,0,0,0,5652.17391304348,291.304347826087,186.95652173913,104.347826086957,273.913043478261,117.391304347826,156.521739130435,165.217391304348,0,730.434782608696,0,0,0,0,0,0,0,91.3043478260869,0,34.7826086956522,404.347826086956,34.7826086956522,0,0,0,0,0,0,0,0,82.6086956521739,0,0,0,0,82.6086956521739,0,0,0,0,0,0,0,0,0,0,0,0,0,0,11387176.1727434,47711355,51407007.173913,14229184.1304348,3361039.21622163,17590223.3466564,36324178.8272566,94.7142857142857
3,0,0,0,0,0,0,600000,0,0,0,0,37,3,256777,5,1.25,0,1.25,0,0,1.25,0,1.25,0,0,0,0,0,0,0,1.25,0,1.25,0,0,1.25,0,1.25,0,0,0,0,0,0,0,37,2,176,480000,0,480000,0,0,0,0,0,0,480000,0,0,0,0,623360,234400,912480,0,0,0,0,0,340428.8,320601.6,661030.4,115200,1008000,0,1008000,8584118.4,1179000,0,9763118.4,4462247.4,385403.012497792,130244.62709736,515647.639595152,16000,0,1600,800,8744,24744,24000000,23750720,47750720,0,0,0,0,0,0,0,0,16000,0,0,0,0,16000,347.2,230.4,116.8,72,72,0,152,0,571.2,0,0,0,0,0,0,0,60.8,0,168,176,28.8,0,0,0,0,0,16,0,0,121.6,0,0,0,0,0,0,0,0,0,0,0,0,0,0,0,0,0,0,0,10107766.0395952,43288472.6,44467472.6,13046365.8,1523647.63959515,14570013.4395952,33180706.5604048,44.6666666666667
3,0,0,0,0,0,0,680000,0,0,0,0,33,2,235300,6,0.55,0,0.55,0,0,0.55,0,0.55,0,0,0,0,0,0,0,0.55,0,0.55,0,0,0.55,0,0.55,0,0,0,0,0,0,0,12.25,2,309.090909090909,1236363.63636364,0,1236363.63636364,0,0,0,0,0,0,1236363.63636364,0,0,0,0,100000,154545.454545455,0,0,0,0,0,147272.727272727,748606.060606061,327272.727272727,1075878.78787879,1018181.81818182,2560000,0,2560000,10496003.6363636,0,0,10496003.6363636,3967542.42424242,339936.059038788,131554.591733273,471490.650772061,1818.18181818182,0,636.363636363636,0,2513.63636363636,4331.81818181818,2727272.72727273,6284090.90909091,9011363.63636363,0,0,0,0,0,0,0,0,3636.36363636364,0,0,0,0,3636.36363636364,505.454545454545,287.272727272727,218.181818181818,0,0,0,145.454545454545,0,650.909090909091,0,0,0,0,0,0,0,14.5454545454545,0,36.3636363636364,254.545454545455,145.454545454545,0,0,0,0,27.2727272727273,27.2727272727273,0,0,145.454545454545,0,0,0,0,0,0,0,0,0,0,0,0,0,0,0,0,0,0,0,13527494.2871357,5043821.21212121,5043821.21212121,14463546.0606061,3031490.65077206,17495036.7113781,-8483673.07501449,23.7777777777778
3,0,0,0,0,0,10000,0,0,0,0,30000,36,1,251508,6,0.1,0,0.1,0,0,0.1,0,0.1,0,0,0,0,0,0,0,0.1,0,0.1,0,0,0.1,0,0.1,0,0,0,0,0,0,0,12.5,2,400,400000,100000,300000,0,0,0,0,0,100000,0,0,0,0,300000,186000,350200,0,0,100000,0,0,30000,430386.666666667,178376,608762.666666667,623333.333333333,1800000,0,1800000,13554340,1718920,0,15273260,4268724,280012.093787067,177146.706509,457158.800296067,3900,0,0,0,0,3900,8154000,0,8154000,0,0,0,0,0,0,10,10,0,0,0,0,600,600,850,0,850,140,0,140,140,0,1130,0,0,0,0,0,0,0,100,0,0,940,40,0,0,0,0,0,0,0,0,40,0,0,0,0,10,0,0,0,0,0,0,0,0,0,0,0,0,0,0,15811498.8002961,3885276,5604196,17823064,2257158.80029607,20080222.8002961,-11926222.8002961,90.8205128205128
3,0,0,0,0,0,10000,0,0,0,0,675000,35,2,258895,6,0.66,0,0.66,0,0,0.66,0,0.66,0,0,0,0,0,0,0,0.66,0,0.66,0,0,0.66,0,0.66,0,0,0,0,0,0,0,26,2,151.515151515152,1037878.78787879,15151.5151515152,1022727.27272727,0,0,0,0,0,15151.5151515152,0,0,0,0,1022727.27272727,1512121.21212121,272727.272727273,0,0,0,0,0,22727.2727272727,824242.424242424,0,824242.424242424,545454.545454545,3030303.03030303,0,3030303.03030303,7339406.06060606,9517187.87878788,606060.606060606,17462654.5454545,14333414.5920594,123870.779272727,220173.410925455,344044.190198182,15151.5151515152,0,0,0,0,15151.5151515152,22727272.7272727,0,22727272.7272727,0,0,0,0,0,0,0.757575757575758,0.757575757575758,0,0,0,0,2272.72727272727,2272.72727272727,169.69696969697,84.8484848484848,84.8484848484848,630.30303030303,448.484848484848,181.818181818182,218.181818181818,0,1018.18181818182,0,0,0,0,0,0,0,60.6060606060606,0,0,545.454545454545,48.4848484848485,0,0,0,0,0,363.636363636364,0,0,0,0,0,0,0,0,0,0,0,0,0,0,0,0,0,0,0,0,0,0,10977633.6890478,8393858.13521329,18253226.2121212,21936701.0606061,3374347.22050121,25311048.2811073,-2583775.55383454,39.1428571428571
3,0,0,0,0,0,10000,288000,0,0,0,0,36,1,251508,6,0.12,0,0.12,0,0,0.12,0,0.12,0,0,0,0,0,0,0,0.12,0,0.12,0,0,0.12,0,0.12,0,0,0,0,0,0,0,16,2,450,2483333.33333333,83333.3333333333,2400000,0,0,0,0,0,83333.3333333333,2400000,0,0,0,0,1000000,130416.666666667,0,0,0,0,0,25000,459555.555555556,143841.403508772,603396.959064327,519444.444444444,805000,0,805000,13328325,0,0,13328325,5013099.40350877,242461.260568916,183951.08867375,426412.349242666,1250,0,0,0,0,1250,1875000,0,1875000,0,0,0,0,0,0,8.33333333333333,8.33333333333333,13333.3333333333,0,0,0,0,13333.3333333333,841.666666666667,475,366.666666666667,0,0,0,50,0,891.666666666667,0,0,0,0,0,0,0,50,0,8.33333333333333,533.333333333333,50,0,0,0,0,0,241.666666666667,0,0,0,0,0,0,0,8.33333333333333,0,0,0,0,0,0,0,0,0,0,0,0,0,0,14559737.3492427,-3138099.40350877,-3138099.40350877,18341424.4035088,1231412.34924267,19572836.7527514,-17697836.7527514,90.8205128205128
3,0,0,0,0,0,120000,418000,0,0,0,0,35,2,258895,6,0.67,0,0.67,0,0,0.67,0,0.67,0,0,0,0,0,0,0,0.67,0,0.67,0,0,0.67,0,0.67,0,0,0,0,0,0,0,54.25,2,167.164179104478,802985.074626866,179104.47761194,623880.597014925,0,0,0,0,0,179104.47761194,623880.597014925,0,0,0,0,1033134.32835821,240298.507462687,0,20149.2537313433,14925.3731343284,0,0,0,224477.611940298,101134.328358209,325611.940298507,291044.776119403,3059701.49253731,0,3059701.49253731,6407302.98507463,4418214.92537313,38805.9701492537,10864323.880597,7421097.04644028,146580.467251642,140679.260067239,287259.727318881,3673.13432835821,0,0,0,0,3673.13432835821,7002238.80597015,0,7002238.80597015,0,0,0,0,0,0,11.1940298507463,11.1940298507463,3283.58208955224,0,0,0,0,3283.58208955224,344.776119402985,267.164179104478,77.6119402985075,474.626865671642,265.671641791045,208.955223880597,50.7462686567164,0,870.149253731343,0,0,0,0,0,0,0,67.1641791044776,0,235.820895522388,465.671641791045,22.3880597014925,0,0,0,0,0,47.7611940298507,0,0,31.3432835820896,0,0,0,0,0,0,0,0,0,0,0,0,0,0,0,0,0,0,0,9777232.30774427,-418858.24047013,4015194.55223881,13851368.1343284,3346961.21985619,17198329.3541846,-10196090.5482144,39.1428571428571
3,0,0,0,0,0,182000,0,0,0,0,3250000,37,3,256777,6,2,1.85,0.15,0,0,2,1.85,0.15,0,0,0,0,0,0,0,1.83,1.68,0.15,0,0,1.83,1.68,0.15,0,0,0,0,0,0,0,18.0769230769231,2,281.420765027322,1875409.83606557,99453.5519125683,1775956.284153,0,0,0,0,0,99453.5519125683,0,0,0,0,1775956.284153,155737.704918033,26612.0218579235,0,0,0,0,0,0,960036.429872495,52459.0163934426,1012495.44626594,0,983606.557377049,0,983606.557377049,6190231.69398907,787431.693989071,0,6977663.38797814,4114463.70309654,54356.9129165756,97958.8932347541,152315.80615133,10928.9617486339,0,0,0,0,10928.9617486339,10928961.7486339,0,10928961.7486339,0,0,0,0,0,0,1.2568306010929,1.2568306010929,0,0,0,0,5464.48087431694,5464.48087431694,426.229508196721,227.322404371585,198.907103825137,48.0874316939891,48.0874316939891,0,8.7431693989071,0,483.060109289617,0,0,0,0,0,0,0,17.4863387978142,0,21.8579234972678,144.262295081967,17.4863387978142,0,0,0,0,0,222.950819672131,0,0,48.0874316939891,0,0,0,0,10.9289617486339,0,0,0,0,0,0,0,0,0,0,0,0,0,0,7326154.05751745,6814498.04553734,7601929.73952641,10304695.3970856,1135922.36352838,11440617.760614,-511656.011980109,44.6666666666667
3,0,0,0,0,0,20000,0,0,0,0,0,36,1,251508,6,0.27,0.23,0.04,0,0,0.27,0.23,0.04,0,0,0,0,0,0,0,0.27,0.23,0.04,0,0,0.27,0.23,0.04,0,0,0,0,0,0,0,25.5,2,266.666666666667,74074.0740740741,74074.0740740741,0,0,0,0,0,0,74074.0740740741,0,0,0,0,0,1207407.40740741,487888.888888889,0,0,0,0,0,1548148.14814815,3547160.49382716,510860.116959064,4058020.61078623,244444.444444444,346488.888888889,0,346488.888888889,2020455.55555556,0,0,2020455.55555556,7871491.57374919,515468.727993558,57872.4466201852,573341.174613743,5429.62962962963,0,0,0,0,5429.62962962963,8144444.44444444,0,8144444.44444444,0,0,0,0,0,0,7.40740740740741,7.40740740740741,0,0,0,0,0,0,11.1111111111111,11.1111111111111,0,0,0,0,81.4814814814815,0,92.5925925925926,0,0,0,0,0,0,0,25.9259259259259,0,0,0,0,0,0,11.1111111111111,0,0,37.037037037037,0,0,18.5185185185185,0,0,0,0,0,0,0,0,0,0,0,0,0,0,0,0,0,0,0,2940285.61905819,272952.870695256,272952.870695256,9891947.12930474,919830.063502632,10811777.1928074,-2667332.74836293,90.8205128205128
3,0,0,0,0,0,200000,560000,0,1200000,0,0,36,3,251508,6,1.52,0,1.52,0,0,1.52,0,1.52,0,0,0,0,0,0,0,1.52,0,1.52,0,0,1.52,0,1.52,0,0,0,0,0,0,0,24.1428571428571,2,500.657894736842,1289473.68421053,131578.947368421,1157894.73684211,0,0,0,0,0,131578.947368421,368421.052631579,0,789473.684210526,0,0,188421.052631579,616717.105263158,0,0,0,32894.7368421053,0,1937500,1479210.52631579,301147.368421053,1780357.89473684,0,239897.368421053,0,239897.368421053,4164259.86842105,434210.526315789,0,4598470.39473684,6531083,202545.485613053,93926.3851317434,296471.870744796,10605.9210526316,0,0,0,0,10605.9210526316,18375986.8421053,0,18375986.8421053,0,0,0,0,0,0,13.1578947368421,13.1578947368421,5263.15789473684,0,7894.73684210526,0,0,13157.8947368421,134.210526315789,63.8157894736842,70.3947368421053,31.5789473684211,31.5789473684211,0,102.631578947368,0,268.421052631579,0,0,0,0,0,0,0,87.5,0,3.94736842105263,42.1052631578947,44.7368421052632,0,0,6.57894736842105,0,4.60526315789474,65.7894736842105,0,0,13.1578947368421,0,0,0,0,0,0,0,0,0,0,0,0,0,0,0,0,0,0,0,4700629.1075869,11844903.8421053,12312009.1052632,10695342.8684211,536369.239165849,11231712.1075869,7144274.73451836,42
3,0,0,0,0,0,22000,0,0,0,0,0,35,1,258895,5,1.76,0.24,0,0.99,0.53,0.24,0.24,0,0,0,1.52,0,0,0.99,0.53,0.48,0.11,0,0.33,0.04,0.11,0.11,0,0,0,0.37,0,0,0.33,0.04,32.75,2,233.333333333333,45833.3333333333,45833.3333333333,0,0,0,0,0,0,45833.3333333333,0,0,0,0,0,1232291.66666667,288541.666666667,0,0,15625,0,0,0,703333.333333333,100000,803333.333333333,1166666.66666667,1458333.33333333,3019925,4478258.33333333,7544306.25,3246766.66666667,302083.333333333,11093156.25,10168767.7291141,303493.922333333,137422.769905729,440916.692239063,937.5,0,3645.83333333333,0,14401.0416666667,15338.5416666667,1875000,36002604.1666667,37877604.1666667,0,0,0,0,0,0,2.08333333333333,2.08333333333333,0,0,0,0,0,0,341.666666666667,270.833333333333,70.8333333333333,216.666666666667,100,116.666666666667,100,0,658.333333333333,0,0,0,0,0,0,0,91.6666666666667,0,66.6666666666667,408.333333333333,0,0,0,0,0,0,8.33333333333333,0,0,33.3333333333333,0,0,0,0,50,0,0,0,0,0,0,0,0,0,0,0,0,0,0,9654750.21312495,27708836.4375526,34066417.5,14904342.9166667,4919175.0255724,19823517.9422391,18054086.2244276,94.7142857142857
3,0,0,0,0,0,22000,0,0,0,0,86000,99,1,243327,6,0.13,0,0.13,0,0,0.13,0,0.13,0,0,0,0,0,0,0,0.13,0,0.13,0,0,0.13,0,0.13,0,0,0,0,0,0,0,20,2,269.230769230769,830769.230769231,169230.769230769,661538.461538462,0,0,0,0,0,169230.769230769,0,0,0,0,661538.461538462,76923.0769230769,192307.692307692,0,0,0,0,0,0,287179.487179487,92307.6923076923,379487.179487179,0,1538461.53846154,0,1538461.53846154,11251246.1538462,0,0,11251246.1538462,1722814.17948718,105347.479076923,133907.887863846,239255.366940769,1192.30769230769,0,269.230769230769,0,1063.46153846154,2255.76923076923,1788461.53846154,2658653.84615385,4447115.38461538,0,0,0,0,0,0,7.69230769230769,7.69230769230769,0,0,0,0,1538.46153846154,1538.46153846154,653.846153846154,307.692307692308,346.153846153846,0,0,0,92.3076923076923,0,746.153846153846,0,0,0,0,0,0,0,30.7692307692308,0,7.69230769230769,492.307692307692,61.5384615384615,0,0,0,0,0,0,0,0,153.846153846154,0,0,0,0,0,0,0,0,0,0,0,0,0,0,0,0,0,0,0,13028963.0592485,2724301.2051282,2724301.2051282,12974060.3333333,1777716.90540231,14751777.2387356,-10304661.8541203,81.4
3,0,0,0,0,0,320000,0,0,1500000,0,0,36,3,251508,6,1.44,0.57,0.52,0,0.35,1.11,0.24,0.52,0,0.35,0.33,0.33,0,0,0,1.44,0.57,0.52,0,0.35,1.11,0.24,0.52,0,0.35,0.33,0.33,0,0,0,29,2,647.222222222222,1263888.88888889,222222.222222222,1041666.66666667,0,0,0,0,0,222222.222222222,0,0,1041666.66666667,0,0,747222.222222222,92708.3333333333,0,0,0,0,0,3388888.88888889,1991458.33333333,32885.8187134503,2024344.15204678,229166.666666667,2222222.22222222,694444.444444444,2916666.66666667,5842969.44444444,1666666.66666667,27777.7777777778,7537413.88888889,10365003.1818852,252392.572744369,141268.024590556,393660.597334925,12571.5277777778,0,0,0,0,12571.5277777778,18857291.6666667,0,18857291.6666667,0,0,0,0,0,0,69459.7916666667,69459.7916666667,0,0,69444.4444444445,0,0,69444.4444444445,65.2777777777778,15.9722222222222,49.3055555555556,0,0,0,222.916666666667,27.7777777777778,315.972222222222,0,0,0,0,0,0,0,18.0555555555556,0,0,0,27.7777777777778,0,0,10.4166666666667,0,21.5277777777778,232.638888888889,0,0,5.55555555555556,0,0,0,0,0,0,0,0,0,0,0,0,0,0,0,0,0,0,0,8480465.12305211,8492288.48478151,10859564.5146199,15535141.0409357,3310327.26400159,18845468.3049373,11823.361729402,42
3,0,0,0,0,0,45000,0,0,0,0,0,35,3,258895,5,2.97,0,0.17,2.8,0,0.97,0,0.17,0.8,0,2,0,0,2,0,2.97,0,0.17,2.8,0,0.97,0,0.17,0.8,0,2,0,0,2,0,52.5,2,255.892255892256,15151.5151515152,15151.5151515152,0,0,0,0,0,0,15151.5151515152,0,0,0,0,0,51515.1515151515,158249.158249158,0,0,1683.50168350168,0,0,10101.0101010101,67003.367003367,51717.1717171717,118720.538720539,60606.0606060606,102356.902356902,235690.235690236,338047.138047138,2107364.30976431,808080.808080808,0,2915445.11784512,1718692.97979798,57463.4706224467,34174.4577672727,91637.9283897194,5050.50505050505,0,1683.50168350168,0,6649.83164983165,11700.3367003367,10101010.1010101,16624579.1245791,26725589.2255892,0,0,0,0,0,0,1.01010101010101,1.01010101010101,0,0,0,0,0,0,53.1986531986532,12.7946127946128,40.4040404040404,43.0976430976431,43.0976430976431,0,61.952861952862,0,158.249158249158,0,0,0,0,0,0,0,5.38720538720539,0,0,129.292929292929,0,0,0,0,0,0,0,0,0,23.5690235690236,0,0,0,0,0,0,0,0,0,0,0,0,0,0,0,0,0,0,0,2301359.14051093,25006896.2457912,26050667.2895623,3590367.05387205,429685.066436857,4020052.12030891,22705537.1052803,27.6
3,0,0,0,0,0,8000,0,300000,0,0,0,99,1,243327,6,0.38,0,0.38,0,0,0.38,0,0.38,0,0,0,0,0,0,0,0.38,0,0.38,0,0,0.38,0,0.38,0,0,0,0,0,0,0,28,2,421.052631578947,810526.315789474,21052.6315789474,789473.684210526,0,0,0,0,0,21052.6315789474,0,789473.684210526,0,0,0,455263.157894737,31578.9473684211,0,0,0,0,0,57894.7368421053,295438.596491228,171523.545706371,466962.142197599,96842.1052631579,1184210.52631579,0,1184210.52631579,8547842.10526316,8114863.15789474,757894.736842105,17420600,10646358.017254,184784.722212742,203561.336805789,388346.059018532,15789.4736842105,0,0,0,0,15789.4736842105,15789473.6842105,0,15789473.6842105,0,0,0,0,0,0,1.31578947368421,1.31578947368421,0,7894.73684210526,0,0,0,7894.73684210526,536.842105263158,273.684210526316,263.157894736842,515.789473684211,452.631578947368,63.1578947368421,42.1052631578947,0,1094.73684210526,0,0,0,0,0,0,0,42.1052631578947,0,0,905.263157894737,94.7368421052632,0,0,0,0,0,31.5789473684211,0,0,21.0526315789474,0,0,0,0,0,0,0,0,0,0,0,0,0,0,0,0,0,0,0,10509192.9734358,5143115.66695654,13627079.278855,19582994.4053555,1572556.58533432,21155550.9906898,-5366077.30647929,81.4
3,0,0,0,0,0,80000,0,0,1551000,0,325000,36,2,251508,6,0.76,0,0.76,0,0,0.73,0,0.73,0,0,0.03,0,0.03,0,0,0.76,0,0.76,0,0,0.73,0,0.73,0,0,0.03,0,0.03,0,0,27.3333333333333,2,594.736842105263,2573684.21052632,105263.157894737,2468421.05263158,0,0,0,0,0,105263.157894737,0,0,2040789.47368421,0,427631.578947368,219447.368421053,178684.210526316,0,0,0,0,0,1726315.78947368,2316429.8245614,129007.451523546,2445437.27608495,492105.263157895,2952631.57894737,263157.894736842,3215789.47368421,8436671.05263158,0,0,8436671.05263158,8150340.01292705,342041.214689634,142402.932950658,484444.147640292,9642.1052631579,0,0,0,0,9642.1052631579,14463157.8947368,0,14463157.8947368,0,0,0,0,0,0,10.5263157894737,10.5263157894737,0,0,12368.4210526316,0,1315.78947368421,13684.2105263158,238.157894736842,40.7894736842105,197.368421052632,0,0,0,248.684210526316,0,486.842105263158,0,0,0,0,0,0,0,43.4210526315789,0,0,0,42.1052631578947,0,0,26.3157894736842,0,35.5263157894737,313.157894736842,0,0,26.3157894736842,0,0,0,0,0,0,0,0,0,0,0,0,0,0,0,0,0,0,0,11873746.7792192,6312817.88180979,6575975.77654663,16323853.1708218,3700233.6213245,20024086.7921463,-5560928.89740945,55.2666666666667
3,0,0,0,0,0,94500,1850000,0,0,0,0,38,3,242051,6,1.86,0,0,1.86,0,0,0,0,0,0,1.86,0,0,1.86,0,1.86,0,0,1.86,0,0,0,0,0,0,1.86,0,0,1.86,0,26,2,284.94623655914,1045430.10752688,50806.4516129032,994623.655913978,0,0,0,0,0,50806.4516129032,994623.655913978,0,0,0,0,797634.408602151,108655.913978495,784301.075268817,0,0,0,0,0,294014.336917563,13978.4946236559,307992.831541219,0,0,1505376.34408602,1505376.34408602,4592073.11827957,1232387.09677419,0,5824460.21505376,6023828.77777778,6769.50294462366,92809.7466443011,99579.2495889247,14013.4408602151,0,0,0,0,14013.4408602151,14013440.8602151,0,14013440.8602151,0,0,0,0,0,0,5.64516129032258,5.64516129032258,5376.34408602151,0,0,0,0,5376.34408602151,241.397849462366,154.838709677419,86.5591397849462,86.0215053763441,43.010752688172,43.010752688172,46.2365591397849,0,373.655913978495,0,0,0,0,0,0,0,37.6344086021505,0,66.6666666666667,206.451612903226,25.8064516129032,0,0,0,0,0,6.45161290322581,0,0,30.6451612903226,0,0,0,0,0,0,0,0,0,0,0,0,0,0,0,0,0,0,0,4691652.3678685,7989612.08243727,10727375.5232975,9110525.55197133,1604955.59367495,10715481.1456463,3297959.71456878,48.7272727272727
3,0,0,0,100000,0,0,0,0,0,0,800000,37,2,256777,5,0.66,0,0.66,0,0,0.66,0,0.66,0,0,0,0,0,0,0,0.66,0,0.66,0,0,0.66,0,0.66,0,0,0,0,0,0,0,26,2,242.424242424242,1363636.36363636,151515.151515152,1212121.21212121,0,0,0,151515.151515152,0,0,0,0,0,0,1212121.21212121,1244848.48484848,1044128.78787879,454545.454545455,0,0,0,0,56257.5757575758,60606.0606060606,65082.947368421,125689.007974482,130909.090909091,333333.333333333,0,333333.333333333,11362209.0909091,0,0,11362209.0909091,4676791.76555024,77743.2875523376,168323.400494621,246066.688046959,15431.8181818182,0,0,0,0,15431.8181818182,29727272.7272727,0,29727272.7272727,0,0,0,0,303.030303030303,0,0,303.030303030303,0,0,0,0,6060.60606060606,6060.60606060606,590.909090909091,312.121212121212,278.787878787879,0,0,0,133.333333333333,0,724.242424242424,0,0,0,0,0,0,0,96.969696969697,0,90.9090909090909,287.878787878788,48.4848484848485,0,0,0,0,0,48.4848484848485,0,0,151.515151515152,0,0,0,0,0,0,0,0,0,0,0,0,0,0,0,0,0,0,0,11941609.1122894,25050480.9617225,25050480.9617225,16039000.8564593,579400.021380292,16618400.8778396,13108871.8494331,68.8181818181818
3,0,0,0,100000,0,0,0,0,500000,0,0,37,1,256777,6,0.24,0,0.24,0,0,0.24,0,0.24,0,0,0,0,0,0,0,0.24,0,0.24,0,0,0.24,0,0.24,0,0,0,0,0,0,0,49.3333333333333,2,312.5,2500000,416666.666666667,2083333.33333333,0,0,0,416666.666666667,0,0,0,0,2083333.33333333,0,0,181000,1334929.16666667,1000000,0,0,0,0,33333.3333333333,429000,10083.3333333333,439083.333333333,517777.777777778,1750000,0,1750000,12181133.3333333,0,0,12181133.3333333,6262900.61111111,132152.606196111,186805.920986458,318958.527182569,6425,0,0,0,0,6425,6425000,0,6425000,0,0,0,0,833.333333333333,0,0,833.333333333333,0,0,83333.3333333333,0,0,83333.3333333333,695.833333333333,291.666666666667,404.166666666667,0,0,0,116.666666666667,0,812.5,0,0,0,0,0,0,0,58.3333333333333,0,133.333333333333,333.333333333333,50,0,0,0,0,0,66.6666666666667,0,0,170.833333333333,0,0,0,0,0,0,0,0,0,0,0,0,0,0,0,0,0,0,0,14250091.8605159,162099.388888889,162099.388888889,18444033.9444444,2068958.52718257,20512992.471627,-14087992.471627,96.0131578947368
3,0,0,0,105000,0,15000,23000,0,0,0,80000,36,1,251508,6,0.47,0,0.47,0,0,0.47,0,0.47,0,0,0,0,0,0,0,0.13,0,0.13,0,0,0.13,0,0.13,0,0,0,0,0,0,0,20.5,2,738.461538461538,1715384.61538462,923076.923076923,792307.692307692,0,0,0,807692.307692308,0,115384.615384615,176923.076923077,0,0,0,615384.615384615,251615.384615385,1193076.92307692,0,0,46153.8461538461,0,0,0,2157128.20512821,617818.021978022,2774946.22710623,1805128.20512821,769230.769230769,0,769230.769230769,27712476.9230769,4553784.61538462,0,32266261.5384615,12591597.8168498,867584.536578813,384580.346227692,1252164.88280651,4923.07692307692,0,0,2307.69230769231,6992.30769230769,11915.3846153846,4923076.92307692,22934769.2307692,27857846.1538462,0,0,0,0,1538.46153846154,0,3.84615384615385,1542.30769230769,769.230769230769,0,0,0,3076.92307692308,3846.15384615385,830.769230769231,423.076923076923,407.692307692308,361.538461538462,176.923076923077,184.615384615385,707.692307692308,0,1900,0,0,0,0,0,0,0,500,0,0,676.923076923077,276.923076923077,0,0,0,0,0,76.9230769230769,0,0,369.230769230769,0,0,0,0,0,0,0,0,0,0,0,0,0,0,0,0,0,0,0,29733872.5751142,15266248.3369963,19820032.952381,40304074.7399267,2021395.65203727,42325470.391964,-14467624.2381179,90.8205128205128
3,0,0,0,110000,0,0,630000,0,0,0,686000,38,2,242051,5,0.66,0.18,0.48,0,0,0.66,0.18,0.48,0,0,0,0,0,0,0,0.66,0.18,0.48,0,0,0.66,0.18,0.48,0,0,0,0,0,0,0,15,2,515.151515151515,2160606.06060606,166666.666666667,1993939.39393939,0,0,0,166666.666666667,0,0,954545.454545454,0,0,0,1039393.93939394,881060.606060606,0,9848484.84848485,0,0,0,0,0,324242.424242424,169696.96969697,493939.393939394,0,454545.454545455,0,454545.454545455,7362813.63636364,4849090.90909091,0,12211904.5454545,18475232.8181818,-28736.9431969697,272147.70608947,243410.7628925,45227.2727272727,0,0,0,0,45227.2727272727,45227272.7272727,0,45227272.7272727,0,0,0,0,303.030303030303,0,0,303.030303030303,4545.45454545455,0,0,0,2121.21212121212,6666.66666666667,609.090909090909,22.7272727272727,586.363636363636,403.030303030303,350,53.030303030303,0,0,1012.12121212121,0,0,0,0,0,0,0,45.4545454545455,0,15.1515151515152,651.515151515152,24.2424242424242,0,0,0,0,0,54.5454545454545,0,0,221.212121212121,0,0,0,0,0,0,0,0,0,0,0,0,0,0,0,0,0,0,0,8060769.85380159,26752039.9090909,31601130.8181818,25838046.4545455,697956.217437955,26536002.6719834,18691270.0552893,49.0555555555556
3,0,0,0,110000,400000,20000,0,680000,0,0,0,33,2,235300,5,1.45,0,0,1.39,0.06,1.45,0,0,1.39,0.06,0,0,0,0,0,0.68,0,0,0.66,0.02,0.68,0,0,0.66,0.02,0,0,0,0,0,13.2,2,183.823529411765,1779411.76470588,779411.764705882,1000000,0,0,0,161764.705882353,588235.294117647,29411.7647058823,0,1000000,0,0,0,462941.176470588,68088.2352941176,0,0,0,0,0,0,207049.019607843,19217.6470588235,226266.666666667,317647.058823529,1544117.64705882,0,1544117.64705882,4155825,2230729.41176471,88235.294117647,6474789.70588235,5351203.60266498,78682.9007317843,95246.3983956618,173929.299127446,0,0,4632.35294117647,0,18297.7941176471,18297.7941176471,0,45744485.2941176,45744485.2941176,0,0,0,0,294.117647058824,2941.17647058824,1.47058823529412,3236.76470588235,0,5000,0,0,0,5000,251.470588235294,113.235294117647,138.235294117647,141.176470588235,70.5882352941176,70.5882352941176,29.4117647058824,0,422.058823529412,0,0,0,0,0,0,0,58.8235294117647,0,0,329.411764705882,30.8823529411765,0,0,0,0,0,0,0,0,2.94117647058824,0,0,0,0,0,0,0,0,0,0,0,0,0,0,0,0,0,0,0,5931287.95136443,40393281.6914527,42654830.3921569,9564444.60784314,1718046.94618627,11282491.5540294,34461993.7400882,23.7777777777778
3,0,0,0,120000,0,0,0,0,250000,0,0,37,1,256777,5,0.31,0,0.31,0,0,0.31,0,0.31,0,0,0,0,0,0,0,0.29,0,0.29,0,0,0.29,0,0.29,0,0,0,0,0,0,0,61.1428571428571,2,320.689655172414,1275862.06896552,413793.103448276,862068.965517241,0,0,0,413793.103448276,0,0,0,0,862068.965517241,0,0,218689.655172414,187931.034482759,1689655.17241379,0,103448.275862069,0,1372413.79310345,234482.75862069,1013627.5862069,163804.573502722,1177432.15970962,0,1510344.82758621,0,1510344.82758621,20388779.3103448,0,0,20388779.3103448,6516691.91833031,218543.084031495,276150.50841,494693.592441495,16620.6896551724,0,0,3448.27586206897,10448.275862069,27068.9655172414,16620689.6551724,34270344.8275862,50891034.4827586,0,0,0,0,827.586206896552,0,0,827.586206896552,0,0,6034.48275862069,0,0,6034.48275862069,1213.79310344828,544.827586206897,668.965517241379,0,0,0,151.724137931035,0,1365.51724137931,0,0,0,0,0,0,0,220.689655172414,0,206.896551724138,620.689655172414,96.551724137931,0,0,0,0,0,0,0,0,82.7586206896552,0,0,0,0,137.931034482759,0,0,0,0,0,0,0,0,0,0,0,0,0,0,22393817.7303725,44374342.5644283,44374342.5644283,26905471.2286751,2005038.4200277,28910509.6487028,21980524.8340558,96.0131578947368
3,0,0,0,168000,0,0,0,0,0,0,800000,37,1,256777,6,0.35,0,0.35,0,0,0,0,0,0,0,0.35,0,0.35,0,0,0.35,0,0.35,0,0,0,0,0,0,0,0.35,0,0.35,0,0,37,2,285.714285714286,2765714.28571429,480000,2285714.28571429,0,0,0,480000,0,0,0,0,0,0,2285714.28571429,292000,525000,0,0,0,0,0,0,417572.571428571,104806.015037594,522378.586466165,0,0,2307142.85714286,2307142.85714286,16834300,3859542.85714286,0,20693842.8571429,10528555.5864662,121240.837041275,263197.935747857,384438.772789132,17428.5714285714,0,0,0,0,17428.5714285714,17428571.4285714,0,17428571.4285714,0,0,0,0,1142.85714285714,0,0,1142.85714285714,0,0,0,0,5714.28571428571,5714.28571428571,714.285714285714,545.714285714286,168.571428571429,257.142857142857,171.428571428571,85.7142857142857,265.714285714286,0,1237.14285714286,0,0,0,0,0,0,0,211.428571428571,0,0,714.285714285714,57.1428571428571,0,0,0,0,0,42.8571428571429,0,0,211.428571428571,0,0,0,0,0,0,0,0,0,0,0,0,0,0,0,0,0,0,0,17218738.7727891,6900015.84210526,13066701.556391,25055712.7293233,2691581.62993199,27747294.3592553,-10318722.9306839,96.0131578947368
3,0,0,0,168000,0,0,0,0,92000,0,0,37,1,256777,6,0.1,0,0.1,0,0,0.1,0,0.1,0,0,0,0,0,0,0,0.1,0,0.1,0,0,0.1,0,0.1,0,0,0,0,0,0,0,37,2,1000,2600000,1680000,920000,0,0,0,1680000,0,0,0,0,920000,0,0,269500,655000,0,0,0,0,0,0,591360,199131.428571429,790491.428571429,0,1040000,0,1040000,13413810,9357620,0,22771430,13929388.4285714,204406.660093257,285091.2694845,489497.929577757,30800,0,0,0,0,30800,30800000,0,30800000,0,0,0,0,4000,0,0,4000,0,0,8000,0,0,8000,740,0,740,630,430,200,200,0,1570,0,0,0,0,0,0,0,240,0,0,900,100,0,0,0,0,0,80,0,0,250,0,0,0,0,0,0,0,0,0,0,0,0,0,0,0,0,0,0,0,14943307.9295778,16870611.5714286,26228231.5714286,27343198.4285714,1529497.92957776,28872696.3581492,1927303.64185081,96.0131578947368
3,0,0,0,168000,0,0,100000,0,0,0,0,37,1,256777,5,0.15,0,0.15,0,0,0.15,0,0.15,0,0,0,0,0,0,0,0.15,0,0.15,0,0,0.15,0,0.15,0,0,0,0,0,0,0,57,2,666.666666666667,1786666.66666667,1120000,666666.666666667,0,0,0,1120000,0,0,666666.666666667,0,0,0,0,328333.333333333,1006666.66666667,0,0,0,0,0,0,3346602.66666667,87120,3433722.66666667,0,853333.333333333,0,853333.333333333,16652046.6666667,5458333.33333333,0,22110380,12270499.6666667,449108.140829973,273557.018743667,722665.15957364,154000,0,0,0,0,154000,154000000,0,154000000,0,0,0,0,2666.66666666667,0,0,2666.66666666667,20000,0,0,0,0,20000,846.666666666667,406.666666666667,440,333.333333333333,333.333333333333,0,213.333333333333,0,1393.33333333333,0,0,0,0,0,0,0,180,0,0,866.666666666667,93.3333333333333,0,0,0,0,0,53.3333333333333,0,0,200,0,0,0,0,0,0,0,0,0,0,0,0,0,0,0,0,0,0,0,18228045.1595736,141729500.333333,147187833.666667,28922546.3333333,1575998.49290697,30498544.8262403,123501455.17376,96.0131578947368
3,0,0,0,212000,0,0,0,0,500000,0,0,38,1,242051,5,0.47,0.47,0,0,0,0.47,0.47,0,0,0,0,0,0,0,0,0.47,0.47,0,0,0,0.47,0.47,0,0,0,0,0,0,0,0,28.6666666666667,1,851.063829787234,1514893.61702128,451063.829787234,1063829.78723404,0,0,0,451063.829787234,0,0,0,0,1063829.78723404,0,0,795191.489361702,36170.2127659574,0,0,0,0,0,0,289929.078014184,161470.638297872,451399.716312057,0,2212765.95744681,0,2212765.95744681,17296144.6808511,9580148.93617021,0,26876293.6170213,12619854.9716312,184852.636075347,316820.64767383,501673.283749177,4255.31914893617,0,5659.57446808511,1170.21276595745,25901.0638297872,30156.3829787234,4255319.14893617,67518340.4255319,71773659.5744681,0,0,0,0,851.063829787234,0,0,851.063829787234,0,0,8510.63829787234,0,0,8510.63829787234,1072.34042553191,731.914893617021,340.425531914894,659.574468085106,361.702127659574,297.872340425532,63.8297872340425,0,1795.74468085106,0,0,0,0,0,0,0,76.5957446808511,0,0,1340.42553191489,63.8297872340425,0,0,0,0,0,191.489361702128,0,0,123.404255319149,0,0,0,0,0,0,0,0,0,0,0,0,0,0,0,0,0,0,0,20010583.9220471,59153804.6028369,68733953.5390071,29915999.6524823,2714439.24119599,32630438.8936783,39143220.6807898,104.558823529412
3,0,0,0,216000,0,0,0,0,0,0,0,36,1,251508,5,0.2,0,0.2,0,0,0.2,0,0.2,0,0,0,0,0,0,0,0.2,0,0.2,0,0,0.2,0,0.2,0,0,0,0,0,0,0,19.5,1,360,1080000,1080000,0,0,0,0,1080000,0,0,0,0,0,0,0,184590,995000,275000,0,0,0,0,0,1326100,212960,1539060,1833333.33333333,1000000,0,1000000,17548730,0,0,17548730,6158491.33333333,507726.0700655,217736.326278,725462.3963435,15000,0,0,2500,7575,22575,22500000,24846000,47346000,0,0,0,0,2000,0,0,2000,0,0,0,0,0,0,835,415,420,0,0,0,255,0,1090,0,0,0,0,0,0,0,230,0,0,360,40,0,0,90,0,60,160,0,0,150,0,0,0,0,0,0,0,0,0,0,0,0,0,0,0,0,0,0,0,19274192.3963435,41187508.6666667,41187508.6666667,23707221.3333333,1725462.3963435,25432683.7296768,21913316.2703232,90.8205128205128
3,0,0,0,220000,0,8000,0,0,210000,0,300000,33,1,235300,5,0.47,0,0.47,0,0,0.47,0,0.47,0,0,0,0,0,0,0,0.47,0,0.47,0,0,0.47,0,0.47,0,0,0,0,0,0,0,18,2,357.446808510638,1570212.76595745,485106.382978723,1085106.38297872,0,0,0,468085.106382979,0,17021.2765957447,0,0,446808.510638298,0,638297.872340426,353191.489361702,106382.978723404,0,0,0,0,0,172340.425531915,2229787.23404255,0,2229787.23404255,1489361.70212766,2560000,0,2560000,13374882.9787234,0,0,13374882.9787234,6156576.59574468,188598.575319149,168880.497386702,357479.072705851,11914.8936170213,0,4042.55319148936,0,15968.085106383,27882.9787234043,17872340.4255319,39920212.7659575,57792553.1914894,0,0,0,0,851.063829787234,0,1.06382978723404,852.127659574468,0,0,7446.8085106383,0,1276.59574468085,8723.40425531915,768.085106382979,448.936170212766,319.148936170213,0,0,0,95.7446808510638,0,863.829787234043,0,0,0,0,0,0,0,21.2765957446809,0,42.5531914893617,574.468085106383,65.9574468085106,0,0,0,0,31.9148936170213,31.9148936170213,0,0,95.7446808510638,0,0,0,0,0,0,0,0,0,0,0,0,0,0,0,0,0,0,0,16292362.0514293,51635976.5957447,51635976.5957447,19531459.5744681,2917479.07270585,22448938.6471739,35343614.5443154,66.3846153846154
3,0,0,0,226800,0,0,0,0,161000,0,480000,37,3,256777,6,1.47,0,1.47,0,0,1.47,0,1.47,0,0,0,0,0,0,0,1.14,0,1.14,0,0,1.14,0,1.14,0,0,0,0,0,0,0,47,2,131.578947368421,761228.070175439,198947.368421053,562280.701754386,0,0,0,198947.368421053,0,0,0,0,141228.070175439,0,421052.631578947,1020614.03508772,158070.175438596,2473684.21052632,0,0,0,0,0,385527.01754386,80443.2132963989,465970.230840258,168421.052631579,936842.105263158,0,936842.105263158,8333088.59649123,574561.403508772,0,8907650,5879326.17820868,102500.306537021,144424.292021623,246924.598558644,15877.1929824561,0,0,0,0,15877.1929824561,15877192.9824561,0,15877192.9824561,0,0,0,0,473.684210526316,0,0,473.684210526316,0,0,1228.0701754386,0,1052.63157894737,2280.70175438596,418.421052631579,276.315789473684,142.105263157895,35.0877192982456,35.0877192982456,0,95.6140350877193,0,549.122807017544,0,0,0,0,0,0,0,71.9298245614035,0,166.666666666667,166.666666666667,26.3157894736842,0,0,0,0,0,43.859649122807,0,0,73.6842105263158,0,0,0,0,0,0,0,0,0,0,0,0,0,0,0,0,0,0,0,9516855.30031303,9997866.80424746,10572428.2077562,14212414.7746999,1183766.7038218,15396181.4785217,481011.503934432,44.6666666666667
3,0,0,0,252000,0,0,0,0,11500,0,40000,37,1,256777,5,0.23,0,0.23,0,0,0.23,0,0.23,0,0,0,0,0,0,0,0.23,0,0.23,0,0,0.23,0,0.23,0,0,0,0,0,0,0,37,2,347.826086956522,1319565.2173913,1095652.17391304,223913.043478261,0,0,0,1095652.17391304,0,0,0,0,50000,0,173913.043478261,1183913.04347826,767391.304347826,1086956.52173913,0,0,0,0,0,619742.608695652,0,619742.608695652,0,1026086.95652174,0,1026086.95652174,20368191.3043478,7830956.52173913,0,28199147.826087,13065302.2173913,51651.5966085565,352971.316224348,404622.912832904,48260.8695652174,0,0,0,0,48260.8695652174,72391304.3478261,0,72391304.3478261,0,0,0,0,2608.69565217391,0,0,2608.69565217391,0,0,434.782608695652,0,434.782608695652,869.565217391304,747.826086956522,643.478260869565,104.347826086957,521.739130434783,347.826086956522,173.913043478261,382.608695652174,0,1652.17391304348,0,0,0,0,0,0,0,139.130434782609,0,521.739130434783,608.695652173913,69.5652173913043,0,0,0,0,0,0,0,0,313.04347826087,0,0,0,0,0,0,0,0,0,0,0,0,0,0,0,0,0,0,0,21798901.1737025,59326002.1304348,67156958.6521739,33433493.5217391,1430709.86935464,34864203.3910938,37527100.9567323,96.0131578947368
3,0,0,0,286000,0,228000,10000,0,0,0,254000,37,2,256777,6,0.84,0,0.51,0.33,0,0.84,0,0.51,0.33,0,0,0,0,0,0,0.84,0,0.51,0.33,0,0.84,0,0.51,0.33,0,0,0,0,0,0,27,2,261.904761904762,926190.476190476,611904.761904762,314285.714285714,0,0,0,340476.19047619,0,271428.571428571,11904.7619047619,0,0,0,302380.952380952,261904.761904762,423214.285714286,3654761.9047619,0,0,0,0,23809.5238095238,375314.285714286,81879.6992481203,457193.984962406,276571.428571429,1488095.23809524,0,1488095.23809524,7011407.14285714,6428571.42857143,0,13439978.5714286,12708994.7944862,126287.86607806,203062.58150631,329350.44758437,29833.3333333333,0,0,0,0,29833.3333333333,29833333.3333333,0,29833333.3333333,0,0,0,0,714.285714285714,0,360.714285714286,1075,119.047619047619,0,0,0,1190.47619047619,1309.52380952381,242.857142857143,207.142857142857,35.7142857142857,380.952380952381,190.47619047619,190.47619047619,140.47619047619,0,764.285714285714,0,0,0,0,0,0,0,57.1428571428571,0,71.4285714285714,523.809523809524,47.6190476190476,0,0,0,0,9.52380952380952,0,0,0,54.7619047619048,0,0,0,0,0,0,0,0,0,0,0,0,0,0,0,0,0,0,0,8828852.82853675,17124338.5388471,23552909.9674185,19720401.9373434,1817445.68567961,21537847.623023,8295485.71031037,68.8181818181818
3,0,0,0,30000,0,20000,114000,0,0,0,0,35,1,258895,6,0.38,0,0.38,0,0,0,0,0,0,0,0.38,0,0.38,0,0,0.18,0,0.18,0,0,0,0,0,0,0,0.18,0,0.18,0,0,17,2,305.555555555556,911111.111111111,277777.777777778,633333.333333333,0,0,0,166666.666666667,0,111111.111111111,633333.333333333,0,0,0,0,800000,22222.2222222222,0,0,0,0,0,0,260000,0,260000,0,0,3188888.88888889,3188888.88888889,6341061.11111111,1959877.77777778,111111.111111111,8412050,7427228.6827732,13942.3619,109992.695215833,123935.057115833,300,0,1000,0,3950,4250,600000,9875000,10475000,0,0,0,0,333.333333333333,0,6.11111111111111,339.444444444444,3333.33333333333,0,0,0,0,3333.33333333333,450,33.3333333333333,416.666666666667,127.777777777778,105.555555555556,22.2222222222222,33.3333333333333,0,611.111111111111,0,0,0,0,0,0,0,100,0,22.2222222222222,288.888888888889,22.2222222222222,0,0,0,0,0,55.5555555555556,0,0,11.1111111111111,0,0,0,0,111.111111111111,0,0,0,0,0,0,0,0,0,0,0,0,0,0,6549873.59656485,3047771.3172268,8222771.66666667,10664278.3333333,3312823.94600472,13977102.2793381,-3502102.27933805,94.7142857142857
3,0,0,0,320000,0,40000,0,0,0,0,77400,37,1,256777,6,0.32,0,0.32,0,0,0.06,0,0.06,0,0,0.26,0,0.26,0,0,0.32,0,0.32,0,0,0.06,0,0.06,0,0,0.26,0,0.26,0,0,38,2,312.5,1366875,1125000,241875,0,0,0,1000000,0,125000,0,0,0,0,241875,1139375,72687.5,0,331250,0,0,0,187500,707350,171166.666666667,878516.666666667,0,603125,2437500,3040625,9023418.75,3466300,0,12489718.75,10136781.1666667,173088.550428083,168993.202970313,342081.753398396,15812.5,0,0,0,0,15812.5,15812500,0,15812500,0,0,0,0,1687.5,0,9.375,1696.875,0,0,0,0,562.5,562.5,618.75,9.375,609.375,212.5,212.5,0,65.625,0,896.875,0,0,0,0,0,0,0,56.25,0,0,706.25,75,0,0,0,0,0,25,0,0,34.375,0,0,0,0,0,0,0,0,0,0,0,0,0,0,0,0,0,0,0,9968625.5033984,5675718.83333333,11579518.8333333,16722699.9166667,3382706.7533984,20105406.6700651,-4292906.67006506,96.0131578947368
3,0,0,0,327000,0,100000,0,320000,0,0,0,33,3,235300,6,2.04,0.2,0.88,0.96,0,2.04,0.2,0.88,0.96,0,0,0,0,0,0,1.37,0.18,0.81,0.38,0,1.37,0.18,0.81,0.38,0,0,0,0,0,0,18.2,2,234.306569343066,545255.474452555,311678.832116788,233576.642335766,0,0,0,238686.131386861,0,72992.700729927,0,233576.642335766,0,0,0,396496.350364964,69708.0291970803,0,0,109489.051094891,0,0,0,116864.233576642,9862.77372262774,126727.00729927,177372.262773723,1386861.31386861,0,1386861.31386861,3980566.42335766,382481.751824818,0,4363048.17518248,2042829.9270073,42350.1628666861,59455.5769455474,101805.739812234,1167.88321167883,0,262.773722627737,0,1037.95620437956,2205.83941605839,2335766.42335766,2594890.51094891,4930656.93430657,0,0,0,0,437.956204379562,0,145.985401459854,583.941605839416,0,1167.88321167883,0,0,0,1167.88321167883,223.357664233577,131.386861313869,91.970802919708,23.3576642335766,23.3576642335766,0,33.5766423357664,0,280.29197080292,0,0,0,0,0,0,0,67.1532846715329,0,0,140.14598540146,23.3576642335766,0,0,0,0,0,23.3576642335766,0,0,26.2773722627737,0,0,0,0,0,0,0,0,0,0,0,0,0,0,0,0,0,0,0,5469233.47703851,2887827.00729927,3270308.75912409,6023396.35036496,1488667.05368085,7512063.40404581,-2581406.46973924,23.7777777777778
3,0,0,0,330000,0,0,0,0,0,0,425000,38,1,242051,6,0.4,0,0.4,0,0,0.4,0,0.4,0,0,0,0,0,0,0,0.4,0,0.4,0,0,0.4,0,0.4,0,0,0,0,0,0,0,17.6666666666667,2,987.5,1887500,825000,1062500,0,0,0,825000,0,0,0,0,0,0,1062500,1105250,294500,371250,0,0,0,0,0,1167500,65000,1232500,0,1500000,0,1500000,14470535,121080,0,14591615,5254131,156950.953166667,197861.35928975,354812.312456417,18750,0,0,250,757.5,19507.5,18750000,2484600,21234600,0,0,0,0,1500,0,0,1500,0,0,0,0,2500,2500,795,612.5,182.5,7.5,7.5,0,102.5,0,905,0,0,0,0,0,0,0,100,0,250,375,35,0,0,0,0,0,12.5,0,0,132.5,0,0,0,0,0,0,0,0,0,0,0,0,0,0,0,0,0,0,0,16325347.3124564,15980469,16101549,19724666,1854812.31245642,21579478.3124564,-344878.312456418,104.558823529412
3,0,0,0,33600,0,0,0,0,0,0,126000,37,2,256777,6,0.5,0,0.5,0,0,0.5,0,0.5,0,0,0,0,0,0,0,0.5,0,0.5,0,0,0.5,0,0.5,0,0,0,0,0,0,0,37,2,420,319200,67200,252000,0,0,0,67200,0,0,0,0,0,0,252000,189300,459000,5652000,0,0,0,0,0,380057.6,52272,432329.6,288000,992000,0,992000,17654744,6876720,0,24531464,14473326.6,107750.385554672,337727.8488506,445478.234405272,30160,0,0,0,0,30160,30160000,0,30160000,0,0,0,0,160,0,0,160,0,0,0,0,600,600,860,562,298,480,240,240,218,0,1558,0,0,0,0,0,0,0,120,0,520,640,64,0,0,0,0,0,30,0,0,184,0,0,0,0,0,0,0,0,0,0,0,0,0,0,0,0,0,0,0,19092222.2344053,15686673.4,22563393.4,32128070.6,1437478.23440527,33565548.8344053,-3405548.83440527,68.8181818181818
3,0,0,0,34800,0,69890,0,0,0,0,73200,33,1,235300,5,0.43,0.36,0.07,0,0,0.36,0.36,0,0,0,0.07,0,0.07,0,0,0.13,0.06,0.07,0,0,0.06,0.06,0,0,0,0.07,0,0.07,0,0,15.6666666666667,2,1369.23076923077,1368384.61538462,805307.692307692,563076.923076923,0,0,0,267692.307692308,0,537615.384615385,0,0,0,0,563076.923076923,919961.538461538,579230.769230769,0,0,0,0,0,0,1407692.30769231,21444.9230769231,1429137.23076923,600000,615384.615384615,323076.923076923,938461.538461538,16508392.3076923,1412676.92307692,0,17921069.2307692,6867768,200936.014701729,225383.225573846,426319.240275575,0,0,10384.6153846154,0,41019.2307692308,41019.2307692308,0,102548076.923077,102548076.923077,0,0,0,0,473.076923076923,0,42.3076923076923,515.384615384615,0,0,0,0,1353.84615384615,1353.84615384615,900,376.923076923077,523.076923076923,92.3076923076923,92.3076923076923,0,184.615384615385,0,1176.92307692308,0,0,0,0,0,0,0,246.153846153846,0,0,553.846153846154,269.230769230769,0,0,0,0,0,0,0,0,107.692307692308,0,0,0,0,0,0,0,0,0,0,0,0,0,0,0,0,0,0,0,17550096.1633525,95680308.9230769,97416062.7692308,23053083.3846154,1364780.77873711,24417864.1633525,78130212.7597244,66.3846153846154
3,0,0,0,363000,0,0,0,80000,0,0,0,99,1,243327,6,0.23,0,0.16,0.07,0,0.23,0,0.16,0.07,0,0,0,0,0,0,0.23,0,0.16,0.07,0,0.23,0,0.16,0.07,0,0,0,0,0,0,33,2,291.304347826087,1926086.95652174,1578260.86956522,347826.086956522,0,0,0,1578260.86956522,0,0,0,347826.086956522,0,0,0,65217.3913043478,13043.4782608696,0,0,0,0,0,47826.0869565217,447443.47826087,252521.739130435,699965.217391304,0,869565.217391304,0,869565.217391304,7921721.73913043,0,0,7921721.73913043,2995466.13043478,305430.888379826,108133.485797391,413564.374177217,6956.52173913043,869.565217391304,0,0,2634.78260869565,9591.30434782609,10434782.6086957,7904347.82608696,18339130.4347826,0,0,0,0,2869.5652173913,0,0,2869.5652173913,0,2782.60869565217,0,0,0,2782.60869565217,521.739130434783,295.652173913043,226.086956521739,0,0,0,17.3913043478261,0,539.130434782609,0,0,0,0,0,0,0,34.7826086956522,0,0,417.391304347826,69.5652173913043,0,0,0,0,17.3913043478261,0,0,0,0,0,0,0,0,0,0,0,0,0,0,0,0,0,0,0,0,0,0,0,9204851.33069896,15343664.3043478,15343664.3043478,10917187.8695652,1283129.59156852,12200317.4611337,6138812.97364887,81.4
3,0,0,0,390000,0,0,750000,0,0,0,0,38,1,242051,5,0.46,0.06,0,0,0.4,0.46,0.06,0,0,0.4,0,0,0,0,0,0.46,0.06,0,0,0.4,0.46,0.06,0,0,0.4,0,0,0,0,0,27,2,282.608695652174,2478260.86956522,847826.086956522,1630434.7826087,0,0,0,847826.086956522,0,0,1630434.7826087,0,0,0,0,978260.869565217,331521.739130435,739130.434782609,0,0,0,0,160869.565217391,4398608.69565217,361947.826086956,4760556.52173913,1724637.68115942,956521.739130435,0,956521.739130435,10078434.7826087,6037317.39130435,84782.6086956522,16200534.7826087,17484367.5138433,980347.848465739,226466.654501957,1206814.5029677,21739.1304347826,0,1739.13043478261,1086.95652173913,10163.0434782609,31902.1739130435,32608695.6521739,27976521.7391304,60585217.3913043,0,0,0,0,1304.34782608696,0,0,1304.34782608696,10869.5652173913,0,0,0,0,10869.5652173913,704.347826086957,269.565217391304,434.782608695652,371.739130434783,191.304347826087,180.434782608696,21.7391304347826,26.0869565217391,1123.91304347826,0,0,0,0,0,0,0,41.304347826087,0,0,713.04347826087,34.7826086956522,0,0,91.304347826087,0,60.8695652173913,52.1739130434783,0,0,78.2608695652174,0,0,0,0,0,26.0869565217391,26.0869565217391,0,0,0,0,0,0,0,0,0,0,0,0,12294792.192023,43100849.8774611,49169928.7101449,27615823.4637681,2163336.24209813,29779159.7058662,30806057.6854381,104.558823529412
3,0,0,0,400000,0,0,0,0,1000000,0,0,38,3,242051,6,1.65,0,1.65,0,0,1.65,0,1.65,0,0,0,0,0,0,0,1.65,0,1.65,0,0,1.65,0,1.65,0,0,0,0,0,0,0,37,2,296.969696969697,848484.848484849,242424.242424242,606060.606060606,0,0,0,242424.242424242,0,0,0,0,606060.606060606,0,0,428787.878787879,125181.818181818,5152727.27272727,0,0,0,0,0,644202.02020202,92888.8888888889,737090.909090909,0,557575.757575758,0,557575.757575758,4414869.6969697,782530.303030303,0,5197400,8316854.03030303,154806.49669899,127417.378669091,282223.875368081,22727.2727272727,0,0,0,0,22727.2727272727,22727272.7272727,0,22727272.7272727,0,0,0,0,484.848484848485,0,0,484.848484848485,0,0,3030.30303030303,0,0,3030.30303030303,266.060606060606,184.242424242424,81.8181818181818,48.4848484848485,48.4848484848485,0,21.2121212121212,0,335.757575757576,0,0,0,0,0,0,0,85.4545454545455,0,0,172.121212121212,21.2121212121212,0,0,0,0,0,27.2727272727273,0,0,29.6969696969697,0,0,0,0,0,0,0,0,0,0,0,0,0,0,0,0,0,0,0,5254669.32991354,14410418.6969697,15192949,12731723.7272727,839799.632943838,13571523.3602166,9155749.36705616,48.7272727272727
3,0,0,0,430000,0,0,215000,0,0,0,255000,37,1,256777,6,0.89,0,0.89,0,0,0.89,0,0.89,0,0,0,0,0,0,0,0.44,0,0.44,0,0,0.44,0,0.44,0,0,0,0,0,0,0,35.125,2,388.636363636364,2045454.54545455,977272.727272727,1068181.81818182,0,0,0,977272.727272727,0,0,488636.363636364,0,0,0,579545.454545454,1029818.18181818,254545.454545455,5954545.45454545,0,0,0,0,27272.7272727273,759818.181818182,208421.052631579,968239.234449761,654545.454545454,795454.545454545,0,795454.545454545,15870402.2727273,18490395.4545455,0,34360797.7272727,29681593.507177,285922.633662201,473481.245061704,759403.878723905,22727.2727272727,0,0,0,0,22727.2727272727,22727272.7272727,0,22727272.7272727,0,0,0,0,4545.45454545455,0,0,4545.45454545455,2272.72727272727,0,0,0,1363.63636363636,3636.36363636364,925,163.636363636364,761.363636363636,1293.18181818182,652.272727272727,640.909090909091,177.272727272727,0,2395.45454545455,0,0,0,20.4545454545455,0,0,0,309.090909090909,0,795.454545454545,1090.90909090909,90.9090909090909,0,0,0,0,0,0,0,0,88.6363636363636,0,0,0,0,0,0,0,0,0,0,0,0,0,0,0,0,0,0,0,17425260.6969057,-6954320.77990431,11536074.6746411,45551995.7799043,1554858.42417845,47106854.2040828,-24379581.47681,96.0131578947368
3,0,0,0,522800,0,0,0,0,0,0,602000,37,2,256777,6,0.8,0,0.8,0,0,0.57,0,0.57,0,0,0.23,0,0.23,0,0,0.52,0,0.52,0,0,0.35,0,0.35,0,0,0.17,0,0.17,0,0,26.0909090909091,2,263.461538461538,2163076.92307692,1005384.61538462,1157692.30769231,0,0,0,1005384.61538462,0,0,0,0,0,0,1157692.30769231,229461.538461538,213019.230769231,2691923.07692308,0,288461.538461538,0,1396153.84615385,276923.076923077,979753.846153846,132267.206477733,1112021.05263158,384615.384615385,578846.153846154,403846.153846154,982692.307692308,23232513.4615385,1574519.23076923,0,24807032.6923077,10990798.0526316,193396.319888421,347648.911831827,541045.231720248,28000,0,0,0,0,28000,28000000,0,28000000,0,0,0,0,2115.38461538462,0,0,2115.38461538462,0,0,0,0,2692.30769230769,2692.30769230769,1326.92307692308,850,476.923076923077,96.1538461538461,96.1538461538461,0,161.538461538462,0,1584.61538461538,19.2307692307692,0,0,0,0,0,0,184.615384615385,0,369.230769230769,526.923076923077,69.2307692307692,0,0,0,0,9.61538461538461,61.5384615384615,0,0,98.0769230769231,0,0,0,0,246.153846153846,0,0,0,0,0,0,0,0,0,0,0,0,0,0,24352404.8471049,17009201.9473684,18987567.3319838,33819465.3603239,1523737.53941256,35343202.8997364,-7343202.89973644,68.8181818181818
3,0,0,0,534000,0,60000,810000,0,0,0,0,35,3,258895,5,1.17,0,1.11,0.06,0,0,0,0,0,0,1.17,0,1.11,0.06,0,1.17,0,1.11,0.06,0,0,0,0,0,0,1.17,0,1.11,0.06,0,65.75,2,193.162393162393,1200000,507692.307692308,692307.692307692,0,0,0,456410.256410256,0,51282.0512820513,692307.692307692,0,0,0,0,634188.034188034,88888.8888888889,0,0,8547.00854700855,1846153.84615385,0,0,194957.264957265,18201.7094017094,213158.974358974,162393.162393162,0,4957264.95726496,4957264.95726496,5061492.30769231,2155747.00854701,248717.948717949,7465957.26495726,11599527.4713043,54058.6290524217,121900.640026068,175959.26907849,102.564102564103,52.991452991453,4082.05128205128,874.358974358974,18933.9743589744,19036.5384615385,205128.205128205,49429655.1794872,49634783.3846154,0,0,0,0,1025.64102564103,0,2.56410256410256,1028.20512820513,4102.5641025641,0,0,0,0,4102.5641025641,282.051282051282,142.735042735043,139.316239316239,92.3076923076923,42.7350427350427,49.5726495726496,46.1538461538462,41.025641025641,461.538461538462,0,0,0,0,0,0,0,39.3162393162393,0,56.4102564102564,246.153846153846,17.0940170940171,0,0,0,0,0,0,0,0,34.1880341880342,0,0,0,0,68.3760683760684,0,0,0,0,0,0,0,0,0,0,0,0,0,0,5411878.93452632,38035255.9133111,47068712.3162393,11878182.1794872,5133224.22634345,17011406.4058306,32623376.9787848,27.6
3,0,0,0,54000,0,0,0,0,0,0,160000,36,1,251508,6,0.16,0,0.16,0,0,0.16,0,0.16,0,0,0,0,0,0,0,0.1,0,0.1,0,0,0.1,0,0.1,0,0,0,0,0,0,0,16,2,320,2140000,540000,1600000,0,0,0,540000,0,0,0,0,0,0,1600000,184250,1717500,550000,0,0,0,0,0,1080320,590203.428571429,1670523.42857143,4426666.66666667,600000,0,600000,19432020,8584320,400000,28416340,19647329.7146359,915368.348529219,357862.1589485,1273230.50747772,6000,0,0,0,0,6000,9000000,0,9000000,0,0,0,0,1000,0,0,1000,0,0,0,0,8000,8000,1130,240,890,250,250,0,220,310,1910,0,0,0,0,0,0,0,170,0,0,640,60,0,0,300,0,0,480,0,0,260,0,0,0,0,0,0,0,0,0,0,0,0,0,0,0,0,0,0,0,21582688.8880799,-10647329.7146359,-1940448.0952381,39356788.0952381,1873230.50747772,41230018.6027158,-32230018.6027158,90.8205128205128
3,0,0,0,54000,0,0,92000,0,0,0,80000,36,1,251508,6,0.6,0,0,0.6,0,0.6,0,0,0.6,0,0,0,0,0,0,0.16,0,0,0.16,0,0.16,0,0,0.16,0,0,0,0,0,0,26,2,187.5,1412500,337500,1075000,0,0,0,337500,0,0,575000,0,0,0,500000,206406.25,920312.5,2000000,0,0,0,0,0,799883.333333333,79860.1857142857,879743.519047619,916666.666666667,1000000,0,1000000,18084456.25,2865300,0,20949756.25,9452436.93571429,276366.705403562,276342.54580875,552709.251212312,12500,0,0,0,0,12500,19500000,0,19500000,0,0,0,0,625,0,0,625,5000,0,0,0,2500,7500,881.25,500,381.25,200,100,100,243.75,0,1325,0,0,0,0,0,0,0,200,0,0,600,93.75,0,0,0,0,212.5,75,0,0,143.75,0,0,0,0,0,0,0,0,0,0,0,0,0,0,0,0,0,0,0,19637165.5012123,10047563.0642857,12912863.0642857,27536893.1857143,1552709.25121231,29089602.4369266,-9589602.4369266,90.8205128205128
3,0,0,0,55000,0,0,0,0,0,0,0,99,1,243327,5,0.11,0.02,0.07,0.02,0,0.02,0.02,0,0,0,0.09,0,0.07,0.02,0,0.11,0.02,0.07,0.02,0,0.02,0.02,0,0,0,0.09,0,0.07,0.02,0,29.3333333333333,2,636.363636363636,500000,500000,0,0,0,0,500000,0,0,0,0,0,0,0,476363.636363636,219090.909090909,0,0,0,0,0,109090.909090909,341333.333333333,827200,1168533.33333333,3636363.63636364,2727272.72727273,9090909.09090909,11818181.8181818,18731727.2727273,3272727.27272727,327272.727272727,22331727.2727273,18765081.1312259,1285070.42028315,256256.196213636,1541326.61649679,23636.3636363636,3636.36363636364,0,0,11018.1818181818,34654.5454545454,23636363.6363636,33054545.4545454,56690909.0909091,0,0,0,0,909.090909090909,0,0,909.090909090909,0,0,0,0,0,0,1054.54545454545,481.818181818182,572.727272727273,218.181818181818,145.454545454545,72.7272727272727,172.727272727273,0,1445.45454545455,0,0,0,0,0,0,0,272.727272727273,0,0,1090.90909090909,45.4545454545454,0,0,0,0,0,0,0,0,36.3636363636364,0,0,0,0,0,0,0,0,0,0,0,0,0,0,0,0,0,0,0,23278924.0004224,37925827.9596832,50338139.6666667,28684496.6969697,13359508.4346786,42044005.1316483,14646903.9592608,81.4
3,0,0,0,55000,0,0,153000,0,0,0,0,35,1,258895,6,0.14,0.05,0.09,0,0,0.14,0.05,0.09,0,0,0,0,0,0,0,0.12,0.03,0.09,0,0,0.12,0.03,0.09,0,0,0,0,0,0,0,9.5,2,758.333333333333,1733333.33333333,458333.333333333,1275000,0,0,0,458333.333333333,0,0,1275000,0,0,0,0,558333.333333333,59583.3333333333,0,0,0,0,0,5416666.66666667,154222.222222222,0,154222.222222222,500000,1066666.66666667,0,1066666.66666667,11486066.6666667,0,0,11486066.6666667,8681033.88888889,83460.5274847222,208744.948405833,292205.475890556,500,0,0,0,0,500,750000,0,750000,0,0,0,0,833.333333333333,0,0,833.333333333333,7500,0,0,0,0,7500,716.666666666667,600,116.666666666667,0,0,0,25,0,741.666666666667,0,0,0,0,0,0,0,33.3333333333333,0,8.33333333333333,200,75,0,0,0,0,0,233.333333333333,0,0,183.333333333333,0,0,0,0,8.33333333333333,0,0,0,0,0,0,0,0,0,0,0,0,0,0,12844938.8092239,-7931033.88888889,-7931033.88888889,20167100.5555556,1358872.14255722,21525972.6981128,-20775972.6981128,94.7142857142857
3,0,0,0,550000,0,172400,0,0,0,0,447500,33,2,235300,6,0.72,0,0.72,0,0,0.05,0,0.05,0,0,0.67,0,0.67,0,0,0.72,0,0.72,0,0,0.05,0,0.05,0,0,0.67,0,0.67,0,0,17,2,197.222222222222,1624861.11111111,1003333.33333333,621527.777777778,0,0,0,763888.888888889,0,239444.444444444,0,0,0,0,621527.777777778,516111.111111111,144444.444444444,0,0,34722.2222222222,0,0,0,119444.444444444,450000,569444.444444444,1055555.55555556,69444.4444444445,2916666.66666667,2986111.11111111,5107733.33333333,0,0,5107733.33333333,7097105.55555556,515416.332486458,80530.3908780556,595946.723364514,0,0,1250,0,4937.5,4937.5,0,12343750,12343750,0,0,0,0,138.888888888889,0,139004.166666667,139143.055555556,0,0,0,0,138.888888888889,138.888888888889,311.111111111111,150,161.111111111111,0,0,0,33.3333333333333,0,344.444444444444,0,0,0,0,0,0,0,66.6666666666667,0,0,200,44.4444444444444,0,0,0,0,0,0,0,0,33.3333333333333,0,0,0,0,0,0,0,0,0,0,0,0,0,0,0,0,0,0,0,5773124.50114229,5246644.44444444,8163311.11111111,9288172.22222222,3582057.83447563,12870230.0566978,-526480.056697849,23.7777777777778
3,0,0,0,56500,0,105000,33000,0,0,0,43000,37,2,256777,6,0.56,0,0.56,0,0,0.46,0,0.46,0,0,0.1,0,0.1,0,0,0.5,0,0.5,0,0,0.4,0,0.4,0,0,0.1,0,0.1,0,0,17,2,260,475000,323000,152000,0,0,0,113000,0,210000,66000,0,0,0,86000,1583400,145040,2197600,0,0,0,658000,130000,1023904,552371.368421053,1576275.36842105,346666.666666667,1200000,300000,1500000,14410976,2227000,0,16637976,9895759.03508772,308741.925802284,236640.8680164,545382.793818683,18920,0,0,0,0,18920,27380000,0,27380000,0,0,0,0,220,0,13,233,400,0,0,0,200,600,820,538,282,136,136,0,106,0,1062,0,0,0,0,0,0,0,68,0,64,544,100,0,0,28,0,12,82,0,0,80,0,0,0,0,52,32,0,0,0,0,0,0,0,0,0,0,0,0,0,16156358.7938187,17484240.9649123,20011240.9649123,24006735.0350877,2045382.79381868,26052117.8289064,1327882.1710936,68.8181818181818
3,0,0,0,65000,0,0,237000,0,0,0,289000,38,1,242051,6,0.32,0,0.32,0,0,0.32,0,0.32,0,0,0,0,0,0,0,0.31,0,0.31,0,0,0.31,0,0.31,0,0,0,0,0,0,0,23,2,322.58064516129,1906451.61290323,209677.419354839,1696774.19354839,0,0,0,209677.419354839,0,0,764516.129032258,0,0,0,932258.064516129,1216129.03225806,279677.419354839,0,0,80645.1612903226,0,0,209677.419354839,425806.451612903,64403.2258064516,490209.677419355,0,516129.032258065,0,516129.032258065,9099677.41935484,3722387.09677419,0,12822064.516129,8147228.41935484,98683.0648106989,179046.002712903,277729.067523602,9677.41935483871,0,0,225.806451612903,684.193548387097,10361.6129032258,14516129.0322581,2244154.83870968,16760283.8709677,0,0,0,0,322.58064516129,0,0,322.58064516129,5096.77419354839,0,0,0,2193.54838709677,7290.32258064516,154.838709677419,154.838709677419,0,258.064516129032,141.935483870968,116.129032258065,293.548387096774,0,706.451612903226,0,0,0,0,0,0,0,106.451612903226,0,0,309.677419354839,103.225806451613,0,0,0,0,0,0,0,0,187.096774193548,0,0,0,0,0,0,0,0,0,0,0,0,0,0,0,0,0,0,0,9893535.51913651,8613055.4516129,12335442.5483871,17246905.8387097,793858.099781667,18040763.9384913,-1280480.0675236,104.558823529412
3,0,0,0,66000,0,0,144000,0,46800,0,235000,36,1,251508,6,0.76,0,0.76,0,0,0.76,0,0.76,0,0,0,0,0,0,0,0.29,0,0.29,0,0,0.29,0,0.29,0,0,0,0,0,0,0,31,2,206.896551724138,1695862.06896552,227586.206896552,1468275.86206897,0,0,0,227586.206896552,0,0,496551.724137931,0,161379.310344828,0,810344.827586207,1444310.34482759,375862.068965517,0,0,0,0,0,0,847227.586206896,88121.3793103448,935348.965517241,126436.781609195,551724.137931034,0,551724.137931034,8719855.17241379,0,0,8719855.17241379,4829328.22988506,166902.8142464,132657.23308,299560.0473264,4827.58620689655,0,0,0,0,4827.58620689655,7241379.31034483,0,7241379.31034483,0,0,0,0,413.793103448276,0,0,413.793103448276,4137.93103448276,0,1379.31034482759,0,3793.10344827586,9310.34482758621,448.275862068965,213.793103448276,234.48275862069,0,0,0,106.896551724138,0,555.172413793103,0,0,0,0,0,0,0,141.379310344828,0,0,275.862068965517,41.3793103448276,0,0,68.9655172413793,0,0,0,0,0,27.5862068965517,0,0,0,0,0,0,0,0,0,0,0,0,0,0,0,0,0,0,0,9571139.35767123,2412051.08045977,2412051.08045977,13549183.4022988,851284.185257434,14400467.5875563,-7159088.27721146,90.8205128205128
3,0,0,0,660000,0,0,0,0,0,0,480000,38,3,242051,6,2.64,0,2.64,0,0,2.64,0,2.64,0,0,0,0,0,0,0,2.31,0,2.31,0,0,2.31,0,2.31,0,0,0,0,0,0,0,33,2,341.991341991342,493506.493506494,285714.285714286,207792.207792208,0,0,0,285714.285714286,0,0,0,0,0,0,207792.207792208,403030.303030303,87965.367965368,3683982.68398268,0,0,0,0,0,200577.200577201,27657.1428571429,228234.343434343,0,302164.502164502,0,302164.502164502,3021149.78354978,718785.714285714,0,3739935.4978355,5857555.90620491,40825.8053489177,91161.150447684,131986.955796602,12121.2121212121,0,0,0,0,12121.2121212121,12121212.1212121,0,12121212.1212121,0,0,0,0,519.480519480519,0,0,519.480519480519,0,0,0,0,519.480519480519,519.480519480519,183.116883116883,135.497835497835,47.6190476190476,45.021645021645,45.021645021645,0,12.5541125541126,0,240.692640692641,0,0,0,0,0,0,0,56.2770562770563,0,0,86.5800865800866,28.1385281385281,0,0,0,0,0,25.974025974026,0,0,43.7229437229437,0,0,0,0,0,0,0,0,0,0,0,0,0,0,0,0,0,0,0,3455301.24151089,6263656.21500722,6982441.92929293,8878705.68975469,434151.457961104,9312857.14771579,2808354.97349633,48.7272727272727
3,0,0,0,700000,0,180000,0,0,0,0,5848000,36,3,251508,6,3.13,0,3.05,0,0.08,3.13,0,3.05,0,0.08,0,0,0,0,0,3.13,0,3.05,0,0.08,3.13,0,3.05,0,0.08,0,0,0,0,0,25.4,2,376.357827476038,2149520.76677316,281150.159744409,1868370.60702875,0,0,0,223642.172523962,0,57507.9872204473,0,0,0,0,1868370.60702875,1632140.57507987,657060.702875399,0,0,0,34504.7923322684,0,1549520.76677316,1100777.4227902,377477.114511518,1478254.53730172,84345.0479233227,241022.364217252,0,241022.364217252,4147199.04153355,1341853.03514377,0,5489052.07667732,9178708.22420268,295514.136746783,124806.903006214,420321.039752997,14129.0734824281,0,0,0,0,14129.0734824281,25985942.4920128,0,25985942.4920128,0,0,0,0,319.488817891374,0,5.75079872204473,325.239616613419,0,0,0,0,4345.04792332268,4345.04792332268,46.6453674121406,25.8785942492013,20.7667731629393,102.23642172524,51.1182108626198,51.1182108626198,153.993610223642,0,302.875399361022,0,0,0,0,0,0,0,73.8019169329074,0,6.38977635782748,122.683706070288,11.1821086261981,0,0,6.38977635782748,0,7.02875399361023,57.5079872204473,0,0,17.2523961661342,0,0,0,0,0.638977635782748,0,0,0,0,0,0,0,0,0,0,0,0,0,0,4808542.4455038,16807234.2678101,18183592.0952861,13325907.2657362,661343.403970249,13987250.6697065,11998691.8223063,42
3,0,0,0,700000,0,300000,2500000,0,0,0,0,36,3,251508,6,3.84,0,3.84,0,0,0,0,0,0,0,3.84,0,3.84,0,0,3.84,0,3.84,0,0,0,0,0,0,0,3.84,0,3.84,0,0,24.5714285714286,2,384.635416666667,911458.333333333,260416.666666667,651041.666666667,0,0,0,182291.666666667,0,78125,651041.666666667,0,0,0,0,1338020.83333333,428898.4375,0,0,9375,78385.4166666667,0,2049479.16666667,313020.833333333,161589.112625313,474609.945958647,51562.5,0,902343.75,902343.75,2372614.84375,253166.666666667,0,2625781.51041667,6748808.05012531,88849.3928464989,80677.0401932682,169526.433039767,8418.75,0,0,0,0,8418.75,12628125,0,12628125,0,0,0,0,260.416666666667,0,7.8125,268.229166666667,3906.25,0,0,0,0,3906.25,13.8020833333333,13.8020833333333,0,14.5833333333333,14.5833333333333,0,95.3125,2.08333333333333,125.78125,0,0,0,0,0,0,0,51.0416666666667,0,0,0,17.7083333333333,0,0,6.51041666666667,0,2.08333333333333,32.8125,0,0,15.625,0,0,0,0,0,0,0,0,0,0,0,0,0,0,0,0,0,0,0,2542141.27678977,5879316.94987469,7113212.78320802,8219079.14387531,1071870.18303977,9290949.32691508,3337175.67308492,42
3,0,0,0,80000,0,125000,0,360000,0,0,0,36,1,251508,5,0.46,0.22,0,0.24,0,0,0,0,0,0,0.46,0.22,0,0.24,0,0.46,0.22,0,0.24,0,0,0,0,0,0,0.46,0.22,0,0.24,0,27.3333333333333,2,397.826086956522,1228260.86956522,445652.173913044,782608.695652174,0,0,0,173913.043478261,0,271739.130434783,0,782608.695652174,0,0,0,1297826.08695652,392717.391304348,315217.391304348,0,86956.5217391304,332608.695652174,0,2017043.47826087,292695.652173913,116500.57208238,409196.224256293,286956.52173913,0,2934782.60869565,2934782.60869565,8261986.95652174,996626.086956522,0,9258613.04347826,10549699.8764302,173103.150144611,161857.632556087,334960.782700698,869.565217391304,0,6521.73913043478,0,25760.8695652174,26630.4347826087,1826086.95652174,64402173.9130435,66228260.8695652,0,0,0,0,217.391304347826,0,217.391304347826,434.782608695652,0,8695.65217391304,0,0,0,8695.65217391304,160.869565217391,160.869565217391,0,69.5652173913044,34.7826086956522,34.7826086956522,252.173913043478,0,482.608695652174,0,0,0,0,0,0,0,67.3913043478261,0,4.34782608695652,121.739130434783,52.1739130434783,0,0,43.4782608695652,0,36.9565217391304,43.4782608695652,0,0,113.04347826087,0,0,0,0,0,0,0,0,0,0,0,0,0,0,0,0,0,0,0,8596947.73922244,55678560.993135,59942578.3844394,15876904.2242563,3269743.39139635,19146647.6156526,47081613.2539126,90.8205128205128
3,0,0,0,84000,0,0,0,0,230000,0,160000,37,1,256777,6,0.68,0,0.68,0,0,0.68,0,0.68,0,0,0,0,0,0,0,0.38,0,0.38,0,0,0.38,0,0.38,0,0,0,0,0,0,0,37,2,171.052631578947,1247368.42105263,221052.631578947,1026315.78947368,0,0,0,221052.631578947,0,0,0,0,605263.157894737,0,421052.631578947,1548684.21052632,297368.421052632,0,0,0,0,0,0,2002526.31578947,96531.8559556787,2099058.17174515,0,1052631.57894737,0,1052631.57894737,12467405.2631579,4524157.89473684,0,16991563.1578947,9973414.11911357,288846.139216133,217754.369066053,506600.508282186,26473.6842105263,0,0,0,0,26473.6842105263,26473684.2105263,0,26473684.2105263,0,0,0,0,526.315789473684,0,0,526.315789473684,0,0,5263.15789473684,0,1052.63157894737,6315.78947368421,623.684210526316,486.842105263158,136.842105263158,315.789473684211,157.894736842105,157.894736842105,131.578947368421,0,1071.05263157895,0,0,0,0,0,0,0,110.526315789474,0,0,736.842105263158,52.6315789473684,0,0,0,0,0,39.4736842105263,0,0,131.578947368421,0,0,0,0,0,0,0,0,0,0,0,0,0,0,0,0,0,0,0,14026637.3503874,16500270.0914127,21024427.9861496,22440819.3822715,1559232.08722955,24000051.469501,2473632.74102529,96.0131578947368
3,0,0,0,84000,24000,0,160000,0,0,0,25000,37,1,256777,6,0.24,0,0.24,0,0,0.24,0,0.24,0,0,0,0,0,0,0,0.24,0,0.24,0,0,0.24,0,0.24,0,0,0,0,0,0,0,41.3333333333333,2,395.833333333333,1220833.33333333,450000,770833.333333333,0,0,0,350000,100000,0,666666.666666667,0,0,0,104166.666666667,340625,531250,0,0,0,0,0,20833.3333333333,179373.333333333,143289.473684211,322662.807017544,226666.666666667,1458333.33333333,0,1458333.33333333,13050525,4775500,0,17826025,7695148.14035088,160217.643119991,216177.802951667,376395.446071658,16916.6666666667,0,0,0,0,16916.6666666667,16916666.6666667,0,16916666.6666667,0,0,0,0,666.666666666667,166.666666666667,0,833.333333333333,8333.33333333333,0,0,0,416.666666666667,8750,704.166666666667,325,379.166666666667,333.333333333333,166.666666666667,166.666666666667,141.666666666667,0,1179.16666666667,0,0,0,0,0,0,0,125,0,166.666666666667,666.666666666667,141.666666666667,0,0,0,0,25,0,0,0,54.1666666666667,0,0,0,0,0,0,0,0,0,0,0,0,0,0,0,0,0,0,0,14885253.779405,9221518.52631579,13997018.5263158,20745673.1403509,1834728.77940499,22580401.9197559,-5663735.2530892,96.0131578947368
3,0,0,0,8600,0,0,0,0,0,0,200000,36,1,251508,6,1.67,0,0.08,1.59,0,1.67,0,0.08,1.59,0,0,0,0,0,0,0.13,0,0.08,0.05,0,0.13,0,0.08,0.05,0,0,0,0,0,0,19.5,2,523.076923076923,1604615.38461538,66153.8461538462,1538461.53846154,0,0,0,66153.8461538462,0,0,0,0,0,0,1538461.53846154,469230.769230769,115000,0,0,76923.0769230769,0,0,23076.9230769231,363846.153846154,162770.769230769,526616.923076923,479487.17948718,1007692.30769231,0,1007692.30769231,9314284.61538462,0,0,9314284.61538462,3546458.25641026,256119.527940595,125797.082704231,381916.610644826,3846.15384615385,0,0,0,0,3846.15384615385,5769230.76923077,0,5769230.76923077,0,0,0,0,153.846153846154,0,0,153.846153846154,0,0,0,0,15384.6153846154,15384.6153846154,592.307692307692,223.076923076923,369.230769230769,0,0,0,53.8461538461538,0,646.153846153846,0,0,0,0,0,0,0,30.7692307692308,0,15.3846153846154,492.307692307692,76.9230769230769,0,0,0,0,0,0,0,0,23.0769230769231,0,0,0,0,7.69230769230769,0,0,0,0,0,0,0,0,0,0,0,0,0,0,10703893.5337218,2222772.51282051,2222772.51282051,12860742.8717949,1389608.91833713,14250351.790132,-8481121.02090124,90.8205128205128
3,0,0,0,880000,0,0,0,690000,0,0,0,99,2,243327,5,1.33,0,1,0.33,0,0,0,0,0,0,1.33,0,1,0.33,0,0.99,0,0.66,0.33,0,0,0,0,0,0,0.99,0,0.66,0.33,0,40,2,949.49494949495,1585858.58585859,888888.888888889,696969.696969697,0,0,0,888888.888888889,0,0,0,696969.696969697,0,0,0,1544444.44444444,52525.2525252525,0,0,3030.30303030303,2333333.33333333,0,0,101010.101010101,78222.2222222222,179232.323232323,343434.343434343,0,4722222.22222222,4722222.22222222,3511729.29292929,4151515.15151515,303030.303030303,7966274.74747475,15323087.7469153,129713.004971717,146204.709686667,275917.714658384,18181.8181818182,4040.40404040404,0,0,12242.4242424242,30424.2424242424,27272727.2727273,36727272.7272727,64000000,0,0,0,0,1616.16161616162,0,0,1616.16161616162,0,6060.60606060606,0,0,0,6060.60606060606,171.717171717172,72.7272727272727,98.989898989899,155.555555555556,113.131313131313,42.4242424242424,50.5050505050505,80.8080808080808,458.585858585859,0,0,0,0,0,0,0,103.030303030303,0,0,258.585858585859,48.4848484848485,0,0,0,0,0,0,0,0,48.4848484848485,0,0,0,0,0,0,0,0,0,0,0,0,0,0,0,0,0,0,0,3926512.52329861,48676912.2530847,60048147.7474747,14251460.3333333,4998139.93688061,19249600.2702139,44750399.7297861,79.8
3,300000,0,0,300000,0,264000,0,0,0,0,0,37,3,256777,5,1.35,0,1.35,0,0,1.35,0,1.35,0,0,0,0,0,0,0,1.35,0,1.35,0,0,1.35,0,1.35,0,0,0,0,0,0,0,27.5454545454545,2,451.851851851852,640000,640000,0,222222.222222222,0,0,222222.222222222,0,195555.555555556,0,0,0,0,0,1047259.25925926,292962.962962963,9734074.07407407,0,0,0,0,22222.2222222222,473600,195434.105263158,669034.105263158,90074.0740740741,1408888.88888889,0,1408888.88888889,10366887.4074074,3469985.18518519,0,13836872.5925926,16222388.8830409,222920.418706278,277257.755739778,500178.174446056,41296.2962962963,0,0,1851.85185185185,5611.11111111111,46907.4074074074,41296296.2962963,18404444.4444444,59700740.7407407,0,370.37037037037,0,0,370.37037037037,0,7.03703703703704,747.777777777778,0,0,0,0,0,0,521.481481481481,254.814814814815,266.666666666667,237.037037037037,118.518518518519,118.518518518519,134.814814814815,14.8148148148148,908.148148148148,0,0,0,0,0,0,0,63.7037037037037,0,0,462.222222222222,28.1481481481481,0,0,80,0,0,85.9259259259259,0,0,69.6296296296296,0,0,0,0,118.518518518519,0,0,0,0,0,0,0,0,0,0,0,0,0,0,12275954.4707424,43478351.8576998,46948337.042885,26589276.2904483,1909067.06333494,28498343.3537833,31202397.3869574,44.6666666666667
3,60000,0,0,213000,0,0,75000,0,0,0,162000,37,1,256777,6,0.43,0,0.43,0,0,0.43,0,0.43,0,0,0,0,0,0,0,0.35,0,0.35,0,0,0.35,0,0.35,0,0,0,0,0,0,0,30.3333333333333,2,225.714285714286,1457142.85714286,780000,677142.857142857,171428.571428571,0,0,608571.428571429,0,0,214285.714285714,0,0,0,462857.142857143,1377142.85714286,634285.714285714,6660000,0,0,0,0,28571.4285714286,1193691.42857143,871986.045112782,2065677.47368421,493714.285714286,1714285.71428571,0,1714285.71428571,17475168.5714286,9823885.71428571,0,27299054.2857143,22797197.3308271,920216.41182258,406086.979753857,1326303.39157644,22857.1428571429,0,0,0,0,22857.1428571429,22857142.8571429,0,22857142.8571429,0,285.714285714286,0,0,1142.85714285714,0,0,1428.57142857143,1714.28571428571,0,0,0,1714.28571428571,3428.57142857143,917.142857142857,717.142857142857,200,685.714285714286,342.857142857143,342.857142857143,151.428571428571,0,1754.28571428571,0,0,0,0,0,0,0,108.571428571429,0,285.714285714286,1114.28571428571,82.8571428571429,0,0,0,0,74.2857142857143,0,0,0,88.5714285714286,0,0,0,0,0,0,0,0,0,0,0,0,0,0,0,0,0,0,0,20515757.6772907,59945.5263157896,9883831.2406015,40272365.9022556,3040589.10586215,43312955.0081178,-20455812.1509749,96.0131578947368
3,70000,0,0,330000,0,167680,500000,0,0,0,0,33,3,235300,6,1.02,0,1.02,0,0,1.02,0,1.02,0,0,0,0,0,0,0,1,0,1,0,0,1,0,1,0,0,0,0,0,0,0,28,2,554,1067680,567680,500000,70000,0,0,330000,0,167680,500000,0,0,0,0,786125,190000,0,0,0,0,0,0,1369450.66666667,156816,1526266.66666667,234000,1550000,0,1550000,6213924,1998544,230000,8442468,6093887.28445562,313459.8127574,113688.50167045,427148.31442785,0,0,3000,0,11850,11850,0,29625000,29625000,0,140,0,0,600,0,9,749,2500,0,0,0,0,2500,294,206,88,272,240,32,80,0,646,0,0,0,0,0,0,0,114,0,0,400,44,0,0,0,0,0,0,0,0,88,0,0,0,0,0,0,0,0,0,0,0,0,0,0,0,0,0,0,0,8365100.6966389,23531112.7155444,25585628.3333333,12481839.6666667,1977148.31442785,14458987.9810945,15166012.0189055,23.7777777777778
4,0,0,0,0,0,0,0,0,0,0,0,35,1,258895,6,0.3,0,0.3,0,0,0.1,0,0.1,0,0,0.2,0,0.2,0,0,0.3,0,0.3,0,0,0.1,0,0.1,0,0,0.2,0,0.2,0,0,24.5,2,266.666666666667,0,0,0,0,0,0,0,0,0,0,0,0,0,0,270666.666666667,83333.3333333333,0,0,0,0,0,66666.6666666667,371333.333333333,0,371333.333333333,422222.222222222,666666.666666667,1333333.33333333,2000000,10802373.3333333,3056666.66666667,0,13859040,5863117.22222222,85566.3975344444,154815.581782667,240381.979317111,5333.33333333333,0,0,0,0,5333.33333333333,8000000,0,8000000,0,0,0,0,0,0,0,0,0,0,0,0,0,0,453.333333333333,253.333333333333,200,186.666666666667,186.666666666667,0,186.666666666667,0,826.666666666667,0,0,0,0,0,0,0,53.3333333333333,0,0,560,0,0,0,26.6666666666667,0,0,186.666666666667,0,0,0,0,0,0,0,0,0,0,0,0,0,0,0,0,0,0,0,0,0,0,11709421.9793171,2136882.77777778,6526882.77777778,15332157.2222222,2240381.97931711,17572539.2015393,-9572539.20153933,94.7142857142857
4,0,0,0,0,0,0,0,0,0,0,0,35,1,258895,6,0.47,0,0,0.47,0,0.47,0,0,0.47,0,0,0,0,0,0,0.47,0,0,0.47,0,0.47,0,0,0.47,0,0,0,0,0,0,19,2,404.255319148936,0,0,0,0,0,0,0,0,0,0,0,0,0,0,0,95744.6808510638,0,0,8510.63829787234,0,0,53191.4893617021,123617.021276596,61787.2340425532,185404.255319149,382978.723404255,553191.489361702,0,553191.489361702,1156289.36170213,975531.914893617,0,2131821.27659574,1960256.70212766,111439.70563617,24819.4433348936,136259.148971064,797.872340425532,0,212.765957446809,0,840.425531914894,1638.29787234043,1595744.68085106,2101063.82978723,3696808.5106383,0,0,0,0,0,0,0,0,0,0,0,0,0,0,0,0,0,59.5744680851064,59.5744680851064,0,51.063829787234,0,110.63829787234,0,0,0,0,0,0,0,0,0,0,59.5744680851064,0,0,0,0,0,0,0,0,0,51.063829787234,0,0,0,0,0,0,0,0,0,0,0,0,0,0,0,0,0,0,0,1845740.00003489,1736551.80851064,2712083.72340426,3116546.06382979,689450.638332766,3805996.70216255,-109188.191524255,94.7142857142857
4,0,0,0,0,0,0,0,0,0,0,0,35,1,258895,6,0.49,0.49,0,0,0,0.49,0.49,0,0,0,0,0,0,0,0,0.44,0.44,0,0,0,0.44,0.44,0,0,0,0,0,0,0,0,18.25,2,163.636363636364,0,0,0,0,0,0,0,0,0,0,0,0,0,0,915909.090909091,368181.818181818,0,10227.2727272727,0,818181.818181818,0,0,788939.393939394,19800,808739.393939394,287878.787878788,2909090.90909091,0,2909090.90909091,6540604.54545454,3204854.54545454,227272.727272727,9972731.81818182,6747607.77043163,171345.799542788,131023.853541591,302369.653084379,818.181818181818,0,2250,0,8887.5,9705.68181818182,1636363.63636364,22218750,23855113.6363636,0,0,0,0,0,0,0,0,0,0,0,0,0,0,202.272727272727,202.272727272727,0,172.727272727273,136.363636363636,36.3636363636364,143.181818181818,18.1818181818182,536.363636363636,0,0,0,0,0,0,0,72.7272727272727,0,27.2727272727273,281.818181818182,0,0,0,0,0,0,0,0,0,104.545454545455,0,0,0,0,50,0,0,0,0,0,0,0,0,0,0,0,0,0,0,9904597.79174366,17107505.865932,21205282.2727273,13440745,3211460.56217529,16652205.5621753,7202908.07418835,94.7142857142857
4,0,0,0,0,0,0,0,0,0,0,0,36,1,251508,6,0.41,0,0.41,0,0,0.41,0,0.41,0,0,0,0,0,0,0,0.41,0,0.41,0,0,0.41,0,0.41,0,0,0,0,0,0,0,27,1,121.951219512195,0,0,0,0,0,0,0,0,0,0,0,0,0,0,475000,173170.731707317,109756.097560976,0,0,0,0,0,67284.5528455285,62329.756097561,129614.308943089,536585.365853659,2439024.3902439,0,2439024.3902439,5051395.12195122,0,0,5051395.12195122,1675634.50406504,130996.488720182,62982.635332439,193979.124052621,1219.51219512195,0,0,0,0,1219.51219512195,1829268.29268293,0,1829268.29268293,0,0,0,0,0,0,0,0,0,0,0,0,0,0,282.926829268293,141.463414634146,141.463414634146,0,0,0,48.780487804878,0,331.707317073171,0,0,0,0,0,0,0,68.2926829268293,0,0,156.09756097561,0,0,0,19.5121951219512,0,0,73.1707317073171,0,0,14.6341463414634,0,0,0,0,0,0,0,0,0,0,0,0,0,0,0,0,0,0,0,7684398.63624774,153633.788617886,153633.788617886,6727029.62601626,2633003.51429652,9360033.14031278,-7530764.84762986,90.8205128205128
4,0,0,0,0,0,0,0,0,0,0,0,36,2,251508,6,0.99,0,0,0.99,0,0.99,0,0,0.99,0,0,0,0,0,0,0.99,0,0,0.99,0,0.99,0,0,0.99,0,0,0,0,0,0,42,2,202.020202020202,0,0,0,0,0,0,0,0,0,0,0,0,0,0,523636.363636364,59090.9090909091,219696.96969697,0,0,30303.0303030303,0,2525.25252525253,242383.838383838,86893.567251462,329277.4056353,125925.925925926,1010101.01010101,0,1010101.01010101,1993683.83838384,555830.303030303,0,2549514.14141414,2097794.15984405,106256.513632398,36696.4555316667,142952.969164064,1363.63636363636,0,151.515151515152,0,598.484848484849,1962.12121212121,2727272.72727273,1496212.12121212,4223484.84848485,0,0,0,0,0,0,0,0,0,0,0,0,0,0,89.8989898989899,89.8989898989899,0,38.3838383838384,22.2222222222222,16.1616161616162,25.2525252525253,0,153.535353535354,0,0,0,0,0,0,0,23.2323232323232,0,0,62.6262626262626,0,0,0,21.2121212121212,0,4.04040404040404,30.3030303030303,0,0,12.1212121212121,0,0,0,0,0,0,0,0,0,0,0,0,0,0,0,0,0,0,0,3146737.81764891,2125690.68864079,2711824.02197413,4091477.99822789,1153053.97926507,5244531.97749297,-1021047.12900812,55.2666666666667
4,0,0,0,0,0,0,0,0,0,0,0,37,1,256777,6,0.1,0,0.1,0,0,0.1,0,0.1,0,0,0,0,0,0,0,0.1,0,0.1,0,0,0.1,0,0.1,0,0,0,0,0,0,0,23,1,300,0,0,0,0,0,0,0,0,0,0,0,0,0,0,290000,89000,0,0,0,0,0,0,1486666.66666667,71111.1111111111,1557777.77777778,0,1500000,0,1500000,23163180,13753440,0,36916620,15946994.7777778,25815.1732777778,404346.058573,430161.231850778,6000,0,0,0,0,6000,6000000,0,6000000,0,0,0,0,0,0,0,0,0,0,0,0,0,0,1840,180,1660,960,480,480,40,0,2840,0,0,0,0,0,0,0,80,0,0,1440,0,0,0,0,0,0,600,0,0,720,0,0,0,0,0,0,0,0,0,0,0,0,0,0,0,0,0,0,0,25093341.2318508,-9946994.77777778,3806445.22222222,39110174.7777778,1930161.23185078,41040336.0096286,-35040336.0096286,96.0131578947368
4,0,0,0,0,0,0,0,0,0,0,0,37,1,256777,6,0.49,0,0.49,0,0,0.49,0,0.49,0,0,0,0,0,0,0,0.4,0,0.4,0,0,0.4,0,0.4,0,0,0,0,0,0,0,35,2,412.5,0,0,0,0,0,0,0,0,0,0,0,0,0,0,1387500,80000,7717000,45000,0,0,0,0,1817833.33333333,100789.473684211,1918622.80701754,176000,1500000,0,1500000,17603370,0,0,17603370,11580899.8070175,224776.363117763,290912.5850355,515688.948153263,29750,0,0,0,0,29750,29750000,0,29750000,0,0,0,0,0,0,0,0,0,0,0,0,0,0,935,620,315,0,0,0,160,0,1095,0,0,0,0,0,0,0,165,0,440,400,0,0,0,0,0,0,65,0,0,25,0,0,0,0,0,0,0,0,0,0,0,0,0,0,0,0,0,0,0,19619058.9481533,18169100.1929825,18169100.1929825,29184269.8070175,2015688.94815326,31199958.7551708,-1449958.75517081,96.0131578947368
4,0,0,0,0,0,0,0,0,0,0,0,38,3,242051,6,2.46,0.31,0.05,2.1,0,2.46,0.31,0.05,2.1,0,0,0,0,0,0,2.39,0.31,0.05,2.03,0,2.39,0.31,0.05,2.03,0,0,0,0,0,0,36.6363636363636,2,272.384937238494,0,0,0,0,0,0,0,0,0,0,0,0,0,0,409623.430962343,63263.5983263598,368200.836820084,0,10460.2510460251,0,0,62761.5062761506,232859.135285913,120440.431622991,353299.566908904,211994.421199442,144276.150627615,0,144276.150627615,3138167.78242678,1190717.15481172,0,4328884.93723849,2912371.76635102,135069.644830037,56844.880308682,191914.525138719,9303.34728033473,0,418.410041841004,0,1652.71966527197,10956.0669456067,14442050.209205,4131799.16317992,18573849.3723849,0,0,0,0,0,0,0,0,0,0,0,0,0,0,153.138075313808,100.418410041841,52.7196652719665,79.0794979079498,55.6485355648536,23.4309623430962,38.0753138075314,0,270.292887029289,0,0,0,0,0,0,0,37.6569037656904,0,0,143.933054393305,0,0,0,0,0,0,47.2803347280335,0,0,41.4225941422594,0,0,0,0,0,0,0,0,0,0,0,0,0,0,0,0,0,0,0,3474358.45819311,15661477.6060339,16852194.7608456,6050539.5487778,336190.675766334,6386730.22454414,12187119.1478408,48.7272727272727
4,0,0,0,0,0,0,0,0,0,0,0,99,1,243327,6,0.13,0,0.13,0,0,0.13,0,0.13,0,0,0,0,0,0,0,0.13,0,0.13,0,0,0.13,0,0.13,0,0,0,0,0,0,0,18,1,1153.84615384615,0,0,0,0,0,0,0,0,0,0,0,0,0,0,538461.538461538,76923.0769230769,0,0,0,0,0,0,223589.743589744,458265.139116203,681854.882705947,0,1538461.53846154,0,1538461.53846154,28608823.0769231,0,0,28608823.0769231,1540566.49809056,477645.221244081,316838.631327308,794483.852571388,4615.38461538462,0,0,461.538461538462,1398.46153846154,6013.84615384615,6923076.92307692,4586953.84615385,11510030.7692308,0,0,0,0,0,0,0,0,0,0,0,0,0,0,2000,861.538461538462,1138.46153846154,0,0,0,46.1538461538462,0,2046.15384615385,0,0,0,0,0,0,0,276.923076923077,0,46.1538461538462,984.615384615385,0,0,0,46.1538461538462,0,46.1538461538462,246.153846153846,61.5384615384615,0,153.846153846154,0,0,0,0,0,0,184.615384615385,0,0,0,0,0,0,0,0,0,0,0,0,30941768.467956,9969464.27114021,9969464.27114021,30149389.5750136,2332945.39103293,32482334.9660466,-20972304.1968158,81.4
4,0,0,0,0,0,0,0,0,0,0,0,99,1,243327,6,0.16,0,0.16,0,0,0.16,0,0.16,0,0,0,0,0,0,0,0.16,0,0.16,0,0,0.16,0,0.16,0,0,0,0,0,0,0,20,2,237.5,0,0,0,0,0,0,0,0,0,0,0,0,0,0,0,156250,0,0,0,0,0,0,35000,812872.340425532,847872.340425532,1041666.66666667,1125000,0,1125000,11767487.5,0,0,11767487.5,2289116.0070922,939944.912014184,129272.988666875,1069217.90068106,812.5,106.25,0,0,321.9375,1134.4375,1218750,965812.5,2184562.5,0,0,0,0,0,0,0,0,0,0,0,0,0,0,731.25,200,531.25,0,0,0,87.5,0,818.75,0,0,0,0,0,0,0,0,0,31.25,650,0,0,0,0,0,0,0,0,0,137.5,0,0,0,0,0,0,0,0,0,0,0,0,0,0,0,0,0,0,0,13961705.4006811,-104553.507092198,-104553.507092198,14056603.5070922,2194217.90068106,16250821.4077733,-14066258.9077733,81.4
4,0,0,0,0,0,0,0,0,0,0,0,99,1,243327,6,0.16,0.16,0,0,0,0.16,0.16,0,0,0,0,0,0,0,0,0.16,0.16,0,0,0,0.16,0.16,0,0,0,0,0,0,0,0,18,1,312.5,0,0,0,0,0,0,0,0,0,0,0,0,0,0,400000,187500,0,0,0,0,0,0,231666.666666667,22500,254166.666666667,1000000,1250000,0,1250000,21225962.5,0,0,21225962.5,2084993.66666667,144605.9277,236493.925713125,381099.853413125,3750,0,137.5,175,1073.375,4823.375,7206250,3097032.5,10303282.5,0,0,0,0,0,0,0,0,0,0,0,0,0,0,1437.5,662.5,775,0,0,0,43.75,0,1481.25,0,0,0,0,0,0,0,87.5,0,112.5,1112.5,0,0,0,0,0,0,50,0,0,118.75,0,0,0,0,0,0,0,0,0,0,0,0,0,0,0,0,0,0,0,22857062.3534131,8218288.83333333,8218288.83333333,23310956.1666667,1631099.85341313,24942056.0200798,-14638773.5200798,81.4
4,0,0,0,0,0,0,0,0,0,0,1140000,38,2,242051,5,0.83,0,0,0.83,0,0.83,0,0,0.83,0,0,0,0,0,0,0.83,0,0,0.83,0,0.83,0,0,0.83,0,0,0,0,0,0,37,1,144.578313253012,1373493.97590361,0,1373493.97590361,0,0,0,0,0,0,0,0,0,0,1373493.97590361,1375301.20481928,69879.5180722892,0,0,0,0,0,0,243855.421686747,56158.731769182,300014.153455929,0,1445783.13253012,0,1445783.13253012,7651339.75903615,9451872.28915663,0,17103212.0481928,12812612.1414077,65844.5995173636,215986.123450482,281830.722967846,4457.8313253012,0,2843.3734939759,1036.14457831325,14370.843373494,18828.6746987952,4457831.3253012,38375932.5301205,42833763.8554217,0,0,0,0,0,0,0,0,0,0,0,0,4819.27710843374,4819.27710843374,404.819277108434,404.819277108434,0,643.373493975904,414.457831325301,228.915662650602,54.2168674698795,0,1102.40963855422,0,0,0,0,0,0,0,62.6506024096386,0,0,602.409638554217,21.6867469879518,0,0,0,0,0,265.060240963855,0,0,150.602409638554,0,0,0,0,0,0,0,0,0,0,0,0,0,0,0,0,0,0,0,9378953.61453411,30021151.714014,39473024.0031706,20463951.9004439,1727613.85549797,22191565.7559418,20642198.0994798,49.0555555555556
4,0,0,0,0,0,0,0,0,0,0,120000,99,1,243327,6,0.2,0,0.2,0,0,0.2,0,0.2,0,0,0,0,0,0,0,0.2,0,0.2,0,0,0.2,0,0.2,0,0,0,0,0,0,0,19,2,350,600000,0,600000,0,0,0,0,0,0,0,0,0,0,600000,0,0,0,0,0,0,0,0,173333.333333333,514893.617021277,688226.95035461,0,1000000,0,1000000,9957115,0,0,9957115,1531553.95035461,507067.968839007,114456.54583975,621524.514678757,1900,0,0,100,303,2203,3978000,993840,4971840,0,0,0,0,0,0,0,0,0,0,0,0,1000,1000,715,295,420,0,0,0,0,0,715,0,0,0,0,0,0,0,0,0,40,640,20,0,0,0,0,0,0,0,0,15,0,0,0,0,0,0,0,0,0,0,0,0,0,0,0,0,0,0,0,11578639.5146788,3440286.04964539,3440286.04964539,11488668.9503546,1621524.51467876,13110193.4650334,-8138353.46503337,81.4
4,0,0,0,0,0,0,0,0,0,0,120000,99,1,243327,6,0.33,0.33,0,0,0,0.33,0.33,0,0,0,0,0,0,0,0,0.33,0.33,0,0,0,0.33,0.33,0,0,0,0,0,0,0,0,21,1,454.545454545455,363636.363636364,0,363636.363636364,0,0,0,0,0,0,0,0,0,0,363636.363636364,0,45454.5454545455,0,0,0,0,0,0,90505.0505050505,206318.504190845,296823.554695895,436363.636363636,909090.909090909,0,909090.909090909,4269496.96969697,0,0,4269496.96969697,1385605.10015044,255720.11821225,50723.6122760606,306443.730488311,1333.33333333333,0,0,0,0,1333.33333333333,2000000,0,2000000,0,0,0,0,0,0,0,0,0,0,0,0,606.060606060606,606.060606060606,263.636363636364,121.212121212121,142.424242424242,0,0,0,24.2424242424242,0,287.878787878788,0,0,0,0,0,0,0,0,0,30.3030303030303,212.121212121212,12.1212121212121,0,0,0,0,9.09090909090909,0,0,0,24.2424242424242,0,0,0,0,0,0,0,0,0,0,0,0,0,0,0,0,0,0,0,5485031.60927619,614394.89984956,614394.89984956,5655102.06984741,1215534.63957922,6870636.70942663,-4870636.70942663,81.4
4,0,0,0,0,0,0,0,0,0,0,160000,37,1,256777,6,0.27,0,0.27,0,0,0.27,0,0.27,0,0,0,0,0,0,0,0.27,0,0.27,0,0,0.27,0,0.27,0,0,0,0,0,0,0,31,2,359.259259259259,592592.592592593,0,592592.592592593,0,0,0,0,0,0,0,0,0,0,592592.592592593,1401111.11111111,903685.185185185,2592592.59259259,0,0,0,0,92592.5925925926,159762.962962963,163165.068226121,322928.031189084,0,1481481.48148148,0,1481481.48148148,11849933.3333333,485185.185185185,0,12335118.5185185,6647464.29044834,151442.436336561,194257.351896481,345699.788233043,15303.7037037037,0,0,0,0,15303.7037037037,15303703.7037037,0,15303703.7037037,0,0,0,0,0,0,0,0,0,0,0,0,2962.96296296296,2962.96296296296,655.555555555556,266.666666666667,388.888888888889,29.6296296296296,29.6296296296296,0,122.222222222222,0,807.407407407407,0,0,0,0,0,0,0,133.333333333333,0,177.777777777778,370.37037037037,14.8148148148148,0,0,0,0,0,0,0,0,111.111111111111,0,0,0,0,0,0,0,0,0,0,0,0,0,0,0,0,0,0,0,13677114.6030479,8656239.41325536,9141424.59844055,18497397.6237817,1827181.26971452,20324578.8934962,-5020875.18979249,96.0131578947368
4,0,0,0,0,0,0,0,0,0,0,170000,37,1,256777,5,0.59,0,0.59,0,0,0.59,0,0.59,0,0,0,0,0,0,0,0.43,0,0.43,0,0,0.43,0,0.43,0,0,0,0,0,0,0,15.6666666666667,2,244.186046511628,395348.837209302,0,395348.837209302,0,0,0,0,0,0,0,0,0,0,395348.837209302,1517674.41860465,130232.558139535,6093023.25581395,0,0,0,0,27906.976744186,569116.279069767,25663.2558139535,594779.534883721,669767.441860465,558139.534883721,0,558139.534883721,14118130.2325581,0,0,14118130.2325581,9685510.02325581,117452.586651628,241577.074286977,359029.660938605,23255.8139534884,0,0,0,0,23255.8139534884,34883720.9302326,0,34883720.9302326,0,0,0,0,0,0,0,0,0,0,0,0,930.232558139535,930.232558139535,790.697674418605,725.581395348837,65.1162790697674,0,0,0,65.1162790697674,0,855.813953488372,0,0,0,0,0,0,0,130.232558139535,0,348.837209302326,372.093023255814,4.65116279069767,0,0,0,0,0,0,0,0,0,0,0,0,0,0,0,0,0,0,0,0,0,0,0,0,0,0,0,0,15035299.4283805,25198210.9069767,25198210.9069767,23803640.255814,917169.195822326,24720809.4516363,10162911.4785963,96.0131578947368
4,0,0,0,0,0,0,0,0,0,0,255000,38,1,242051,5,0.26,0.26,0,0,0,0.26,0.26,0,0,0,0,0,0,0,0,0.25,0.25,0,0,0,0.25,0.25,0,0,0,0,0,0,0,0,20,2,320,1020000,0,1020000,0,0,0,0,0,0,0,0,0,0,1020000,1404000,185600,1368000,0,20000,0,0,160000,2052266.66666667,539867.428571429,2592134.0952381,640000,1280000,0,1280000,11646120,0,0,11646120,7631785.0952381,514275.948420145,171338.400938,685614.349358145,12000,0,2200,0,8690,20690,24000000,21725000,45725000,0,0,0,0,0,0,0,0,0,0,0,0,2400,2400,692,480,212,0,0,0,56,0,748,0,0,0,0,0,0,0,104,0,0,320,32,0,0,0,0,0,160,0,0,4,0,0,0,0,0,128,0,0,0,0,0,0,0,0,0,0,0,0,0,13611734.3493581,38093214.9047619,38093214.9047619,19277905.0952381,1965614.34935814,21243519.4445962,24481480.5554038,104.558823529412
4,0,0,0,0,0,0,0,0,0,0,320000,35,2,258895,6,0.8,0,0.5,0.3,0,0.8,0,0.5,0.3,0,0,0,0,0,0,0.8,0,0.5,0.3,0,0.8,0,0.5,0.3,0,0,0,0,0,0,37,2,287.5,400000,0,400000,0,0,0,0,0,0,0,0,0,0,400000,636250,156250,0,0,0,0,0,375000,349833.333333333,0,349833.333333333,150000,2125000,0,2125000,7616220,2475000,375000,10466220,4893201.85090603,54226.3194166667,130465.380438,184691.699854667,7500,0,0,0,0,7500,11250000,0,11250000,0,0,0,0,0,0,0,0,0,0,0,0,1000,1000,250,130,120,210,150,60,177.5,0,637.5,0,0,0,0,0,0,0,47.5,0,0,410,30,0,0,0,0,0,150,0,0,0,0,0,0,0,0,0,0,0,0,0,0,0,0,0,0,0,0,0,0,10208938.182282,6356798.14909397,8923771.66666667,12792448.3333333,2309691.69985467,15102140.033188,-3852140.033188,39.1428571428571
4,0,0,0,0,0,0,0,0,0,0,320000,37,1,256777,6,0.33,0,0.33,0,0,0.33,0,0.33,0,0,0,0,0,0,0,0.33,0,0.33,0,0,0.33,0,0.33,0,0,0,0,0,0,0,36,2,212.121212121212,969696.96969697,0,969696.96969697,0,0,0,0,0,0,0,0,0,0,969696.96969697,1222121.21212121,792696.96969697,1666666.66666667,0,0,0,0,33333.3333333333,234763.636363636,542666.666666667,777430.303030303,0,969696.96969697,0,969696.96969697,11109072.7272727,1389236.36363636,0,12498309.0909091,7107958.81818182,432267.887098788,186290.166447879,618558.053546667,8142.42424242424,0,0,0,0,8142.42424242424,8142424.24242424,0,8142424.24242424,0,0,0,0,0,0,0,0,0,0,0,0,4848.48484848485,4848.48484848485,578.787878787879,218.181818181818,360.606060606061,96.969696969697,48.4848484848485,48.4848484848485,142.424242424242,0,818.181818181818,0,0,0,0,0,0,0,133.333333333333,0,145.454545454545,339.393939393939,48.4848484848485,0,0,0,0,0,0,0,0,151.515151515152,0,0,0,0,0,0,0,0,0,0,0,0,0,0,0,0,0,0,0,12697327.7505164,1034465.42424242,2423701.78787879,18217031.5454545,1588255.02324364,19805286.5686982,-11662862.3262739,96.0131578947368
4,0,0,0,0,0,0,0,0,0,0,425000,38,1,242051,6,0.33,0.2,0,0.13,0,0.33,0.2,0,0.13,0,0,0,0,0,0,0.3,0.17,0,0.13,0,0.3,0.17,0,0.13,0,0,0,0,0,0,37,2,283.333333333333,1416666.66666667,0,1416666.66666667,0,0,0,0,0,0,0,0,0,0,1416666.66666667,202666.666666667,238000,800000,0,33333.3333333333,0,0,133333.333333333,1495555.55555556,116160,1611715.55555556,600000,1333333.33333333,0,1333333.33333333,12043316.6666667,3681900,0,15725216.6666667,8959666.55555556,147360.458487733,201104.114874167,348464.5733619,8333.33333333333,0,0,666.666666666667,2020,10353.3333333333,13000000,6625600,19625600,0,0,0,0,0,0,0,0,0,0,0,0,3333.33333333333,3333.33333333333,550,256.666666666667,293.333333333333,233.333333333333,206.666666666667,26.6666666666667,193.333333333333,0,976.666666666667,0,0,0,0,0,0,0,133.333333333333,0,0,266.666666666667,46.6666666666667,0,0,50,0,0,133.333333333333,0,0,346.666666666667,0,0,0,0,0,0,0,0,0,0,0,0,0,0,0,0,0,0,0,13725114.5733619,10665933.4444444,14347833.4444444,21002983.2222222,1681797.90669523,22684781.1289175,-3059181.12891746,104.558823529412
4,0,0,0,0,0,0,0,0,0,0,43000,99,1,243327,6,0.16,0.16,0,0,0,0.16,0.16,0,0,0,0,0,0,0,0,0.16,0.16,0,0,0,0.16,0.16,0,0,0,0,0,0,0,0,8,1,218.75,268750,0,268750,0,0,0,0,0,0,0,0,0,0,268750,0,62500,0,0,0,0,0,0,253333.333333333,797872.340425532,1051205.67375887,0,1250000,0,1250000,13294843.75,0,0,13294843.75,1625782.67375887,814999.701460106,147729.339304687,962729.040764794,2187.5,0,187.5,0,740.625,2928.125,3281250,1851562.5,5132812.5,0,0,0,0,0,0,0,0,0,0,0,0,625,625,875,356.25,518.75,0,0,0,50,0,925,0,0,0,0,0,0,0,0,0,37.5,800,37.5,0,0,0,0,0,0,0,0,50,0,0,0,0,0,0,0,0,0,0,0,0,0,0,0,0,0,0,0,15507572.7907648,3507029.82624113,3507029.82624113,14920626.4237589,2212729.04076479,17133355.4645237,-12000542.9645237,81.4
4,0,0,0,0,0,0,0,0,0,0,58000,38,1,242051,6,0.17,0,0.17,0,0,0,0,0,0,0,0.17,0,0.17,0,0,0.17,0,0.17,0,0,0,0,0,0,0,0.17,0,0.17,0,0,20,1,1000,341176.470588235,0,341176.470588235,0,0,0,0,0,0,0,0,0,0,341176.470588235,1265764.70588235,28235.2941176471,0,0,0,0,0,0,345098.039215686,695281.73374613,1040379.77296182,0,0,6664705.88235294,6664705.88235294,25014588.2352941,0,0,25014588.2352941,9582313.12590299,590475.329218576,288927.421523529,879402.750742105,8823.5294117647,0,1058.82352941176,352.941176470588,5251.76470588235,14075.2941176471,8823529.41176471,13963552.9411765,22787082.3529412,0,0,0,0,0,0,0,0,0,0,0,0,1176.47058823529,1176.47058823529,1588.23529411765,858.823529411765,729.411764705882,0,0,0,117.647058823529,0,1705.88235294118,0,0,0,0,0,0,0,141.176470588235,0,0,823.529411764706,141.176470588235,0,0,0,0,0,352.941176470588,0,0,247.058823529412,0,0,0,0,0,0,0,0,0,0,0,0,0,0,0,0,0,0,0,25893990.9860362,13204769.2270382,19869475.1093911,27932195.4788442,7544108.63309505,35476304.1119392,-12689221.758998,104.558823529412
4,0,0,0,0,0,0,0,0,0,0,60000,36,3,251508,6,5.95,0,0,5.95,0,5.95,0,0,5.95,0,0,0,0,0,0,1.16,0,0,1.16,0,1.16,0,0,1.16,0,0,0,0,0,0,24,2,137.931034482759,51724.1379310345,0,51724.1379310345,0,0,0,0,0,0,0,0,0,0,51724.1379310345,389482.75862069,200862.068965517,64655.1724137931,0,0,0,0,331896.551724138,136744.827586207,38028.5714285714,174773.399014778,11379.3103448276,344827.586206897,0,344827.586206897,3308592.24137931,1073025.86206897,0,4381618.10344828,2549307.26108374,47099.2444408571,58764.33191125,105863.576352107,5172.41379310345,0,0,0,0,5172.41379310345,7758620.68965517,0,7758620.68965517,0,0,0,0,0,0,0,0,0,0,0,0,224.137931034483,224.137931034483,119.827586206897,53.448275862069,66.3793103448276,81.0344827586207,25.8620689655172,55.1724137931035,73.2758620689655,0,274.137931034483,0,0,0,0,0,0,0,50,0,0,131.034482758621,12.9310344827586,0,0,24.1379310344828,0,0,20.6896551724138,0,0,35.3448275862069,0,0,0,0,0,0,0,0,0,0,0,0,0,0,0,0,0,0,0,3759283.40393831,5209313.42857143,6282339.29064039,5857899.50246305,450691.162559004,6308590.66502206,1450030.02463312,42
4,0,0,0,0,0,0,0,0,0,0,60000,37,1,256777,6,0.27,0,0.27,0,0,0.27,0,0.27,0,0,0,0,0,0,0,0.27,0,0.27,0,0,0.27,0,0.27,0,0,0,0,0,0,0,26,2,325.925925925926,222222.222222222,0,222222.222222222,0,0,0,0,0,0,0,0,0,0,222222.222222222,864814.814814815,713444.444444444,555555.555555556,0,0,0,0,70851.8518518519,73007.4074074074,163167.438596491,236174.846003899,213333.333333333,1111111.11111111,0,1111111.11111111,8930892.59259259,970370.37037037,0,9901262.96296296,4103544.43859649,168808.450606037,133657.50752463,302465.958130667,3366.66666666667,0,0,0,0,3366.66666666667,3366666.66666667,0,3366666.66666667,0,0,0,0,0,0,0,0,0,0,0,0,1111.11111111111,1111.11111111111,503.703703703704,188.888888888889,314.814814814815,59.2592592592593,59.2592592592593,0,88.8888888888889,0,651.851851851852,0,0,0,0,0,0,0,74.0740740740741,0,177.777777777778,288.888888888889,7.40740740740741,0,0,0,0,0,0,0,0,103.703703703704,0,0,0,0,0,0,0,0,0,0,0,0,0,0,0,0,0,0,0,10344469.6618344,-736877.771929825,233492.598440546,13034437.0311891,1413577.06924178,14448014.1004309,-11081347.4337642,96.0131578947368
4,0,0,0,0,0,0,0,0,0,0,60800,38,1,242051,5,0.13,0.13,0,0,0,0.13,0.13,0,0,0,0,0,0,0,0,0.13,0.13,0,0,0,0.13,0.13,0,0,0,0,0,0,0,0,36,2,615.384615384615,467692.307692308,0,467692.307692308,0,0,0,0,0,0,0,0,0,0,467692.307692308,892769.230769231,807692.307692308,0,0,0,0,0,0,477948.717948718,1877051.28205128,2355000,0,153846.153846154,0,153846.153846154,18645553.8461538,2242046.15384615,0,20887600,7007251,1811082.75998013,249962.413686154,2061045.17366628,42307.6923076923,0,0,0,0,42307.6923076923,42307692.3076923,0,42307692.3076923,0,0,0,0,0,0,0,0,0,0,0,0,1169.23076923077,1169.23076923077,823.076923076923,515.384615384615,307.692307692308,138.461538461538,138.461538461538,0,292.307692307692,0,1253.84615384615,0,0,0,0,0,0,0,484.615384615385,0,0,569.230769230769,76.9230769230769,0,0,0,0,0,0,0,0,123.076923076923,0,0,0,0,0,0,0,0,0,0,0,0,0,0,0,0,0,0,0,20860445.1736663,35300441.3076923,37542487.4615385,25652804.8461538,2214891.32751244,27867696.1736663,14439996.134026,104.558823529412
4,0,0,0,0,0,0,0,0,0,0,86000,99,1,243327,6,0.19,0,0.19,0,0,0.19,0,0.19,0,0,0,0,0,0,0,0.19,0,0.19,0,0,0.19,0,0.19,0,0,0,0,0,0,0,12,2,184.210526315789,452631.578947368,0,452631.578947368,0,0,0,0,0,0,0,0,0,0,452631.578947368,0,0,0,0,0,0,0,0,21052.6315789474,671892.497200448,692945.128779395,0,1315789.47368421,0,1315789.47368421,9068284.21052632,0,0,9068284.21052632,1388903.70772676,667007.931321389,103222.436668947,770230.367990336,4736.84210526316,5.26315789473684,0,0,15.9473684210526,4752.78947368421,7105263.15789474,47842.1052631579,7153105.26315789,0,0,0,0,0,0,0,0,0,0,0,0,1052.63157894737,1052.63157894737,663.157894736842,263.157894736842,400,0,0,0,0,0,663.157894736842,0,0,0,0,0,0,0,0,0,52.6315789473684,336.842105263158,63.1578947368421,0,0,0,0,21.0526315789474,0,0,0,189.473684210526,0,0,0,0,0,0,0,0,0,0,0,0,0,0,0,0,0,0,0,11154304.0522009,5764201.55543113,5764201.55543113,10457187.9182531,2086019.84167455,12543207.7599276,-5390102.49676973,81.4
4,0,0,0,0,0,0,0,0,110000,0,0,36,1,251508,6,0.4,0.2,0.2,0,0,0.4,0.2,0.2,0,0,0,0,0,0,0,0.1,0.08,0.02,0,0,0.1,0.08,0.02,0,0,0,0,0,0,0,12.5,2,650,1100000,0,1100000,0,0,0,0,0,0,0,0,1100000,0,0,199570,1194000,1872000,0,0,0,0,32000,1309160,56626.3157894737,1365786.31578947,0,2500000,0,2500000,32095680,3930000,0,36025680,9944864.31578947,159032.568987105,438254.7283625,597287.297349605,8700,0,600,0,2370,11070,13572000,5925000,19497000,0,0,0,0,0,0,0,0,0,0,10000,0,0,10000,940,940,0,240,240,0,760,0,1940,0,0,0,0,0,0,0,440,0,0,480,80,0,0,80,0,30,270,0,0,560,0,0,0,0,0,0,0,0,0,0,0,0,0,0,0,0,0,0,0,35192967.2973496,9552135.68421053,13482135.6842105,42040544.3157895,3097287.29734961,45137831.6131391,-25640831.6131391,90.8205128205128
4,0,0,0,0,0,0,0,0,23000,0,0,37,1,256777,6,0.28,0,0.28,0,0,0.28,0,0.28,0,0,0,0,0,0,0,0.28,0,0.28,0,0,0.28,0,0.28,0,0,0,0,0,0,0,29,1,335.714285714286,82142.8571428571,0,82142.8571428571,0,0,0,0,0,0,0,0,82142.8571428571,0,0,969642.857142857,224642.857142857,3113928.57142857,0,0,0,0,0,1281851.42857143,442150.37593985,1724001.80451128,0,385714.285714286,0,385714.285714286,16006492.8571429,8186571.42857143,0,24193064.2857143,14557707.3759398,213341.52634031,309891.450931071,523232.977271381,17321.4285714286,0,0,0,0,17321.4285714286,17321428.5714286,0,17321428.5714286,0,0,0,0,0,0,0,0,0,0,714.285714285714,0,0,714.285714285714,1007.14285714286,517.857142857143,489.285714285714,571.428571428571,285.714285714286,285.714285714286,71.4285714285714,0,1650,0,0,0,0,0,0,0,85.7142857142857,0,571.428571428571,857.142857142857,14.2857142857143,0,0,0,0,0,35.7142857142857,0,0,85.7142857142857,0,0,0,0,0,0,0,0,0,0,0,0,0,0,0,0,0,0,0,16915440.1201285,2763721.19548872,10950292.6240602,30564200.2330827,908947.262985667,31473147.4960684,-14151718.9246398,96.0131578947368
4,0,0,0,0,0,0,0,0,2355000,0,0,99,3,243327,6,1.55,0,1.55,0,0,1.55,0,1.55,0,0,0,0,0,0,0,1.55,0,1.55,0,0,1.55,0,1.55,0,0,0,0,0,0,0,11.5,1,322.58064516129,1519354.83870968,0,1519354.83870968,0,0,0,0,0,0,0,0,1519354.83870968,0,0,100645.161290323,6193.54838709677,0,0,14838.7096774194,0,0,90322.5806451613,25892.4731182796,0,25892.4731182796,0,1612903.22580645,0,1612903.22580645,0,3529032.25806452,114193.548387097,3643225.80645161,5643800.11827957,432.173815913979,58269.3222516129,58701.4960675269,6683.87096774194,0,0,0,0,6683.87096774194,6683870.96774194,0,6683870.96774194,0,0,0,0,0,0,0,0,0,0,3870.96774193548,0,0,3870.96774193548,0,0,0,154.838709677419,154.838709677419,0,0,30.9677419354839,185.806451612903,0,0,0,0,0,0,0,20.6451612903226,0,0,82.5806451612903,15.4838709677419,0,0,15.4838709677419,0,0,30.9677419354839,0,0,20.6451612903226,0,0,0,0,0,0,0,0,0,0,0,0,0,0,0,0,0,0,0,1671604.72187398,1040070.84946237,4683296.65591398,5643800.11827957,1671604.72187398,7315404.84015355,-631533.872411613,79.8
4,0,0,0,0,0,0,0,0,264000,0,0,38,1,242051,5,0.33,0.33,0,0,0,0.33,0.33,0,0,0,0,0,0,0,0,0.33,0.33,0,0,0,0.33,0.33,0,0,0,0,0,0,0,0,27,1,818.181818181818,800000,0,800000,0,0,0,0,0,0,0,0,800000,0,0,1438484.84848485,110606.060606061,0,0,0,0,0,0,250303.03030303,154000,404303.03030303,707070.707070707,2424242.42424242,0,2424242.42424242,26408200,8434818.18181818,0,34843018.1818182,12137333.8282828,238473.415251111,403223.829525454,641697.244776566,6363.63636363636,0,5878.78787878788,1212.12121212121,26893.9393939394,33257.5757575758,6363636.36363636,70099575.7575758,76463212.1212121,0,0,0,0,0,0,0,0,0,0,6666.66666666667,0,0,6666.66666666667,1745.45454545455,903.030303030303,842.424242424242,575.757575757576,333.333333333333,242.424242424242,90.9090909090909,0,2412.12121212121,0,0,0,0,0,0,0,145.454545454545,0,0,1545.45454545455,60.6060606060606,0,0,0,0,24.2424242424242,545.454545454545,0,0,90.9090909090909,0,0,0,0,0,0,0,0,0,0,0,0,0,0,0,0,0,0,0,29474139.669019,64325878.2929293,72760696.4747475,38545533.8282828,3065939.66901899,41611473.4973018,34851738.6239103,104.558823529412
4,0,0,0,0,0,0,0,0,368000,0,240000,37,1,256777,5,0.56,0,0.56,0,0,0.56,0,0.56,0,0,0,0,0,0,0,0.26,0,0.26,0,0,0.26,0,0.26,0,0,0,0,0,0,0,47,2,500,2338461.53846154,0,2338461.53846154,0,0,0,0,0,0,0,0,1415384.61538462,0,923076.923076923,189038.461538462,480769.230769231,1522307.69230769,0,0,0,0,0,428406.153846154,238095.546558704,666501.700404858,0,523076.923076923,0,523076.923076923,19776446.1538462,6540923.07692308,0,26317369.2307692,11994778.7004049,227291.065926789,334442.635418846,561733.701345635,71538.4615384615,0,0,0,0,71538.4615384615,107307692.307692,0,107307692.307692,0,0,0,0,0,0,0,0,0,0,12307.6923076923,0,2307.69230769231,14615.3846153846,984.615384615385,665.384615384615,319.230769230769,400,400,0,226.923076923077,0,1611.53846153846,0,0,0,0,0,0,0,130.769230769231,0,576.923076923077,576.923076923077,61.5384615384615,0,0,0,0,0,57.6923076923077,0,0,207.692307692308,0,0,0,0,0,0,0,0,0,0,0,0,0,0,0,0,0,0,0,20861256.7782687,95312913.6072875,101853836.684211,31771224.854251,1084810.62442256,32856035.4786736,74451656.8290187,96.0131578947368
4,0,0,0,0,0,0,0,0,420000,0,0,36,2,251508,6,0.6,0.6,0,0,0,0.6,0.6,0,0,0,0,0,0,0,0,0.6,0.6,0,0,0,0.6,0.6,0,0,0,0,0,0,0,0,14.4,2,473.333333333333,700000,0,700000,0,0,0,0,0,0,0,0,700000,0,0,1083000,193666.666666667,241666.666666667,0,0,826666.666666667,0,1090616.66666667,3185084.44444444,148564.98245614,3333649.42690058,831111.111111111,2933333.33333333,0,2933333.33333333,7777173.33333333,1391680,0,9168853.33333333,9943565.20467836,365322.338129618,144242.4071755,509564.745305118,3333.33333333333,0,2003.33333333333,76.6666666666667,8145.46666666667,11478.8,5100000,20544860.6666667,25644860.6666667,0,0,0,0,0,0,0,0,0,0,7000,0,0,7000,310,146.666666666667,163.333333333333,100,40,60,155,0,565,0,0,0,0,0,0,0,35,0,0,206.666666666667,6.66666666666667,0,0,36.6666666666667,0,26.6666666666667,233.333333333333,0,0,20,0,0,0,0,0,0,0,0,0,0,0,0,0,0,0,0,0,0,0,11220071.4119718,15701295.4619883,17919642.128655,17720738.5380117,3442898.07863845,21163636.6166501,4481224.05001652,55.2666666666667
4,0,0,0,0,0,0,0,0,69000,0,0,37,1,256777,6,0.1,0,0.1,0,0,0.1,0,0.1,0,0,0,0,0,0,0,0.1,0,0.1,0,0,0.1,0,0.1,0,0,0,0,0,0,0,47,1,300,690000,0,690000,0,0,0,0,0,0,0,0,690000,0,0,259000,515000,997000,0,0,0,0,0,1232128,550231.578947368,1782359.57894737,1152000,360000,0,360000,23959480,4912500,0,28871980,10564636.5789474,569452.839319175,339701.202617,909154.041936175,5400,0,0,0,0,5400,5400000,0,5400000,0,0,0,0,0,0,0,0,0,0,6000,0,0,6000,1440,760,680,300,300,0,150,0,1890,0,0,0,0,0,0,0,200,0,400,1000,80,0,0,0,0,0,50,0,0,160,0,0,0,0,0,0,0,0,0,0,0,0,0,0,0,0,0,0,0,25228634.0419362,-5164636.57894737,-252136.578947369,34524116.5789474,1269154.04193617,35793270.6208835,-30393270.6208835,96.0131578947368
4,0,0,0,0,0,0,0,0,960000,0,712500,38,2,242051,5,0.82,0,0.82,0,0,0.82,0,0.82,0,0,0,0,0,0,0,0.82,0,0.82,0,0,0.82,0,0.82,0,0,0,0,0,0,0,19,1,939.024390243903,2039634.14634146,0,2039634.14634146,0,0,0,0,0,0,0,0,1170731.70731707,0,868902.43902439,1194390.24390244,53048.7804878049,0,0,0,0,0,0,583414.634146342,70829.2682926829,654243.902439025,0,2097560.97560976,0,2097560.97560976,12088273.1707317,4942097.56097561,0,17030370.7317073,9125465.63414634,105253.911365854,220274.615684878,325528.527050732,3902.43902439024,0,3292.68292682927,585.365853658537,14779.756097561,18682.1951219512,3902439.02439024,38332843.902439,42235282.9268293,0,0,0,0,0,0,0,0,0,0,9756.09756097561,0,3048.78048780488,12804.8780487805,768.292682926829,504.878048780488,263.414634146342,329.268292682927,219.512195121951,109.756097560976,36.5853658536585,0,1134.14634146341,0,0,0,0,0,0,0,87.8048780487805,0,0,768.292682926829,36.5853658536585,0,0,0,0,0,146.341463414634,0,0,95.1219512195122,0,0,0,0,0,0,0,0,0,0,0,0,0,0,0,0,0,0,0,14511362.6733922,33109817.2926829,38051914.8536585,21213738.8048781,2423089.50266049,23636828.3075385,18598454.6192907,49.0555555555556
4,0,0,0,0,0,0,0,111000,0,0,0,99,1,243327,6,0.19,0,0.19,0,0,0.19,0,0.19,0,0,0,0,0,0,0,0.19,0,0.19,0,0,0.19,0,0.19,0,0,0,0,0,0,0,30,2,210.526315789474,584210.526315789,0,584210.526315789,0,0,0,0,0,0,0,584210.526315789,0,0,0,336842.105263158,105263.157894737,0,0,0,0,0,0,58947.3684210526,55401.6620498615,114349.030470914,0,1578947.36842105,0,1578947.36842105,6187115.78947368,0,0,6187115.78947368,1383991.8199446,49911.2325983379,78205.5004778947,128116.733076233,263.157894736842,0,0,0,0,263.157894736842,394736.842105263,0,394736.842105263,0,0,0,0,0,0,0,0,0,3157.89473684211,0,0,0,3157.89473684211,368.421052631579,136.842105263158,231.578947368421,0,0,0,52.6315789473684,0,421.052631578947,0,0,0,0,0,0,0,0,0,5.26315789473684,210.526315789474,42.1052631578947,0,0,0,0,26.3157894736842,0,0,0,136.842105263158,0,0,0,0,0,0,0,0,0,0,0,0,0,0,0,0,0,0,0,7894179.89097097,-989254.977839335,-989254.977839335,7571107.60941828,1707064.10149729,9278171.71091557,-8883434.86881031,81.4
4,0,0,0,0,0,0,0,1140000,0,0,704000,35,3,258895,6,1.06,0,1.06,0,0,0.66,0,0.66,0,0,0.4,0,0.4,0,0,1.06,0,1.06,0,0,0.66,0,0.66,0,0,0.4,0,0.4,0,0,17.6,2,358.490566037736,1739622.64150943,0,1739622.64150943,0,0,0,0,0,0,0,1075471.69811321,0,0,664150.943396226,1597113.20754717,198113.20754717,0,0,0,0,0,0,614465.408805031,0,614465.408805031,283018.867924528,962264.150943396,943396.226415094,1905660.37735849,10601947.1698113,2283018.86792453,264150.943396226,13149116.9811321,7964446.93386672,75421.0633018868,180881.720393019,256302.783694906,11320.7547169811,0,0,0,0,11320.7547169811,22641509.4339623,0,22641509.4339623,0,0,0,0,0,0,0,0,0,11320.7547169811,0,0,1509.43396226415,12830.1886792453,271.698113207547,166.037735849057,105.660377358491,173.584905660377,105.660377358491,67.9245283018868,294.339622641509,0,739.622641509434,0,0,0,0,0,0,0,166.037735849057,0,0,256.603773584906,98.1132075471698,0,0,0,0,0,203.77358490566,0,0,15.0943396226415,0,0,0,0,0,0,0,0,0,0,0,0,0,0,0,0,0,0,0,12037861.5416521,14677062.5000955,17950281.1006289,17840345.3144654,2161963.1610534,20002308.4755188,2639200.95844346,27.6
4,0,0,0,0,0,0,105000,0,10000,0,0,38,1,242051,5,0.48,0.39,0.09,0,0,0.48,0.39,0.09,0,0,0,0,0,0,0,0.38,0.29,0.09,0,0,0.38,0.29,0.09,0,0,0,0,0,0,0,18.3333333333333,2,1484.21052631579,302631.578947368,0,302631.578947368,0,0,0,0,0,0,276315.789473684,0,26315.7894736842,0,0,256763.157894737,372105.263157895,2653947.36842105,0,0,0,0,0,1214947.36842105,68421.0526315789,1283368.42105263,0,2971052.63157895,0,2971052.63157895,21272147.3684211,0,0,21272147.3684211,5110866.78947368,75728.735045614,269497.341978684,345226.077024298,31263.1578947368,0,0,0,0,31263.1578947368,31263157.8947368,0,31263157.8947368,0,0,0,0,0,0,0,0,1578.94736842105,0,263.157894736842,0,0,1842.10526315789,1250,889.473684210526,360.526315789474,0,0,0,110.526315789474,0,1360.52631578947,0,0,0,0,0,0,0,178.947368421053,0,331.578947368421,618.421052631579,52.6315789473684,0,0,0,0,0,34.2105263157895,0,0,144.736842105263,0,0,0,0,0,0,0,0,0,0,0,0,0,0,0,0,0,0,0,24588426.0770243,26152291.1052632,26152291.1052632,26383014.1578947,3316278.70860325,29699292.866498,1563865.02823886,104.558823529412
4,0,0,0,0,0,0,224000,0,0,0,1200000,38,1,242051,6,0.49,0,0.49,0,0,0.49,0,0.49,0,0,0,0,0,0,0,0.49,0,0.49,0,0,0.49,0,0.49,0,0,0,0,0,0,0,43,2,297.959183673469,2906122.44897959,0,2906122.44897959,0,0,0,0,0,0,457142.857142857,0,0,0,2448979.59183673,1048979.59183673,140816.326530612,1382653.06122449,0,0,0,0,0,741496.598639456,1055690.70294785,1797187.3015873,0,285714.285714286,0,285714.285714286,5324434.69387755,1208391.83673469,0,6532826.53061225,8726201.56689342,1085075.71925076,130223.372684184,1215299.09193495,10204.0816326531,0,0,0,0,10204.0816326531,10204081.6326531,0,10204081.6326531,0,0,0,0,0,0,0,0,2857.14285714286,0,0,0,6122.44897959184,8979.59183673469,312.244897959184,222.448979591837,89.7959183673469,75.5102040816327,75.5102040816327,0,30.6122448979592,0,418.367346938776,0,0,0,0,0,0,0,81.6326530612245,0,0,183.673469387755,40.8163265306122,0,0,0,0,0,30.6122448979592,0,0,81.6326530612245,0,0,0,0,0,0,0,0,0,0,0,0,0,0,0,0,0,0,0,6825448.07152678,1477880.06575964,2686271.90249433,14050636.260771,1501013.37764923,15551649.6384202,-5347568.00576714,104.558823529412
4,0,0,0,0,0,0,308000,0,0,0,686000,38,1,242051,6,0.4,0,0.4,0,0,0.4,0,0.4,0,0,0,0,0,0,0,0.4,0,0.4,0,0,0.4,0,0.4,0,0,0,0,0,0,0,37,2,537.5,2485000,0,2485000,0,0,0,0,0,0,770000,0,0,0,1715000,919000,127500,3900000,0,0,0,0,0,708000,26315.7894736842,734315.789473684,700000,725000,0,725000,17201675,1842025,0,19043700,10949891.7894737,114405.199214737,287034.85208,401440.051294737,25000,0,0,0,0,25000,25000000,0,25000000,0,0,0,0,0,0,0,0,3500,0,0,0,3500,7000,885,607.5,277.5,125,75,50,175,0,1185,0,0,0,0,0,0,0,62.5,0,375,500,25,0,0,0,0,0,75,0,0,147.5,0,0,0,0,0,0,0,0,0,0,0,0,0,0,0,0,0,0,0,18328115.0512947,14050108.2105263,15892133.2105263,28151566.7894737,1126440.05129474,29278006.8407684,-4278006.84076842,104.558823529412
4,0,0,0,0,0,0,320000,0,0,0,0,36,1,251508,6,0.22,0,0.22,0,0,0.22,0,0.22,0,0,0,0,0,0,0,0.22,0,0.22,0,0,0.22,0,0.22,0,0,0,0,0,0,0,6.33333333333333,2,504.545454545455,1454545.45454545,0,1454545.45454545,0,0,0,0,0,0,1454545.45454545,0,0,0,0,0,113272.727272727,0,0,140909.090909091,0,0,31363.6363636364,296666.666666667,31842.1052631579,328508.771929824,0,225454.545454545,0,225454.545454545,7987236.36363636,943272.727272727,0,8930509.09090909,3263380.40829346,60560.6960824561,115686.91049,176247.606572456,1022.72727272727,0,0,0,0,1022.72727272727,1632272.72727273,0,1632272.72727273,0,0,0,0,0,0,0,0,9090.90909090909,0,0,0,0,9090.90909090909,331.818181818182,136.363636363636,195.454545454545,59.0909090909091,59.0909090909091,0,150,0,540.909090909091,0,0,0,0,0,0,0,0,0,0,327.272727272727,40.9090909090909,0,0,0,0,18.1818181818182,63.6363636363636,0,0,86.3636363636363,0,0,0,0,4.54545454545454,0,0,0,0,0,0,0,0,0,0,0,0,0,0,8388938.51566336,-1631107.68102073,-687834.953748006,11250616.7719298,401702.152027001,11652318.9239568,-10020046.1966841,90.8205128205128
4,0,0,0,0,0,0,320000,0,0,0,0,36,1,251508,6,0.33,0,0,0.33,0,0.33,0,0,0.33,0,0,0,0,0,0,0.13,0,0,0.13,0,0.13,0,0,0.13,0,0,0,0,0,0,25,2,384.615384615385,2461538.46153846,0,2461538.46153846,0,0,0,0,0,0,2461538.46153846,0,0,0,0,1593076.92307692,1090384.61538462,653846.153846154,0,0,0,0,0,1375169.23076923,33933.1868131868,1409102.41758242,282051.282051282,923076.923076923,0,923076.923076923,15251492.3076923,3804769.23076923,0,19056261.5384615,11546277.0842491,226958.165302782,269470.378312308,496428.543615089,15384.6153846154,0,0,0,0,15384.6153846154,23076923.0769231,0,23076923.0769231,0,0,0,0,0,0,0,0,12307.6923076923,0,0,0,0,12307.6923076923,430.769230769231,338.461538461538,92.3076923076923,292.307692307692,61.5384615384615,230.769230769231,384.615384615385,0,1107.69230769231,0,0,0,0,0,0,0,246.153846153846,0,0,461.538461538462,46.1538461538462,0,0,92.3076923076923,0,0,76.9230769230769,0,0,184.615384615385,0,0,0,0,0,0,0,0,0,0,0,0,0,0,0,0,0,0,0,16670997.7743843,11530645.992674,15335415.2234432,26797769.3919414,1419505.46669201,28217274.8586334,-5140351.78171033,90.8205128205128
4,0,0,0,0,0,0,350000,0,0,0,0,38,3,242051,5,1.07,0.44,0.1,0.53,0,1.07,0.44,0.1,0.53,0,0,0,0,0,0,1.07,0.44,0.1,0.53,0,1.07,0.44,0.1,0.53,0,0,0,0,0,0,18.1,2,293.457943925234,327102.803738318,0,327102.803738318,0,0,0,0,0,0,327102.803738318,0,0,0,0,1162121.4953271,312149.53271028,2714018.69158879,0,0,0,0,0,604386.292834891,131588.785046729,735975.07788162,1121495.3271028,2272897.19626168,0,2272897.19626168,11058581.3084112,3925233.64485981,429906.542056075,15413721.4953271,10652767.9992008,166947.413801371,216064.479000748,383011.892802118,23364.4859813084,0,0,2242.99065420561,6796.26168224299,30160.7476635514,23364485.9813084,22291738.317757,45656224.2990654,0,0,0,0,0,0,0,0,1869.15887850467,0,0,0,0,1869.15887850467,606.542056074766,422.429906542056,184.11214953271,299.065420560748,149.532710280374,149.532710280374,95.3271028037383,0,1000.93457943925,0,0,0,0,0,0,0,134.579439252336,0,112.14953271028,448.598130841121,168.224299065421,0,0,11.214953271028,0,0,9.34579439252336,0,0,99.0654205607477,0,0,0,0,0,0,17.7570093457944,0,0,0,0,0,0,0,0,0,0,0,0,14031776.513539,35003456.2998646,39041310.3707165,22028635.423676,2655909.0890638,24684544.5127398,20971679.7863256,48.7272727272727
4,0,0,0,0,0,0,360000,0,0,0,0,36,1,251508,6,0.27,0,0.08,0,0.19,0.27,0,0.08,0,0.19,0,0,0,0,0,0.27,0,0.08,0,0.19,0.27,0,0.08,0,0.19,0,0,0,0,0,16,2,385.185185185185,1333333.33333333,0,1333333.33333333,0,0,0,0,0,0,1333333.33333333,0,0,0,0,716666.666666667,464111.111111111,0,0,0,0,0,1511111.11111111,12912592.5925926,875502.222222222,13788094.8148148,977777.777777778,123466.666666667,0,123466.666666667,4087229.62962963,0,0,4087229.62962963,19042602.8148148,2026617.02927493,87952.3636196296,2114569.39289456,5159.25925925926,0,0,0,0,5159.25925925926,7738888.88888889,0,7738888.88888889,0,0,0,0,0,0,0,0,7407.40740740741,0,0,0,0,7407.40740740741,107.407407407407,107.407407407407,0,0,0,0,103.703703703704,0,211.111111111111,0,0,0,0,0,0,0,14.8148148148148,0,0,88.8888888888889,18.5185185185185,0,0,0,0,0,55.5555555555556,0,0,33.3333333333333,0,0,0,0,0,0,0,0,0,0,0,0,0,0,0,0,0,0,0,6325265.68919086,-11303713.9259259,-11303713.9259259,23129832.4444444,2238036.05956123,25367868.5040057,-17628979.6151168,90.8205128205128
4,0,0,0,0,0,0,43000,0,0,0,85000,37,1,256777,5,0.34,0.34,0,0,0,0.34,0.34,0,0,0,0,0,0,0,0,0.23,0.23,0,0,0,0.23,0.23,0,0,0,0,0,0,0,0,48.25,2,456.521739130435,556521.739130435,0,556521.739130435,0,0,0,0,0,0,186956.52173913,0,0,0,369565.217391304,620652.173913044,132608.695652174,11391304.3478261,0,0,0,0,0,1191652.17391304,0,1191652.17391304,0,695652.173913044,0,695652.173913044,7004200,19897095.6521739,782608.695652174,27683904.3478261,34625455.280593,55800.3698713043,437839.940974783,493640.310846087,69565.2173913044,0,0,0,0,69565.2173913044,69565217.3913044,0,69565217.3913044,0,0,0,0,0,0,0,0,869.565217391304,0,0,0,869.565217391304,1739.13043478261,486.95652173913,52.1739130434783,434.782608695652,1130.4347826087,695.652173913043,434.782608695652,47.8260869565217,0,1665.21739130435,0,0,0,0,0,0,0,504.347826086957,0,330.434782608696,608.695652173913,95.6521739130435,0,0,0,0,0,0,0,0,126.086956521739,0,0,0,0,0,0,0,0,0,0,0,0,0,0,0,0,0,0,0,8397257.682427,34939762.1107114,55415701.2608696,41833420.4782609,1189292.48475913,43022712.96302,26542504.4282844,96.0131578947368
4,0,0,0,0,0,0,480000,0,0,0,400000,38,1,242051,6,0.33,0,0.33,0,0,0.33,0,0.33,0,0,0,0,0,0,0,0.33,0,0.33,0,0,0.33,0,0.33,0,0,0,0,0,0,0,31,2,333.333333333333,2666666.66666667,0,2666666.66666667,0,0,0,0,0,0,1454545.45454545,0,0,0,1212121.21212121,1081818.18181818,291666.666666667,0,0,0,0,0,0,652525.252525252,466374.269005848,1118899.5215311,0,1333333.33333333,0,1333333.33333333,8958909.09090909,1328109.09090909,0,10287018.1818182,6729211.12759171,492121.784835752,155330.159345152,647451.944180904,4545.45454545455,0,0,0,0,4545.45454545455,4545454.54545454,0,4545454.54545454,0,0,0,0,0,0,0,0,9090.90909090909,0,0,0,3030.30303030303,12121.2121212121,506.060606060606,384.848484848485,121.212121212121,81.8181818181818,81.8181818181818,0,57.5757575757576,0,645.454545454545,0,0,0,0,0,0,0,112.121212121212,0,0,330.30303030303,45.4545454545455,0,0,0,0,0,75.7575757575758,0,0,81.8181818181818,0,0,0,0,0,0,0,0,0,0,0,0,0,0,0,0,0,0,0,10939694.3684233,-2183756.58213716,-855647.491228071,15688120.2185008,1980785.27751424,17668905.496015,-13123450.9505605,104.558823529412
4,0,0,0,0,0,0,570000,0,0,0,0,35,1,258895,6,0.26,0,0.26,0,0,0.26,0,0.26,0,0,0,0,0,0,0,0.26,0,0.26,0,0,0.26,0,0.26,0,0,0,0,0,0,0,30,2,669.230769230769,2192307.69230769,0,2192307.69230769,0,0,0,0,0,0,2192307.69230769,0,0,0,0,697115.384615385,105769.230769231,0,17307.6923076923,0,1384615.38461538,0,0,308461.538461538,59569.2307692308,368030.769230769,0,2653846.15384615,0,2653846.15384615,8753676.92307692,3539323.07692308,0,12293000,8563364.23076923,86781.7372330769,180948.389459615,267730.126692692,2884.61538461538,0,2596.15384615385,0,10254.8076923077,13139.4230769231,5769230.76923077,25637019.2307692,31406250,0,0,0,0,0,0,0,0,11538.4615384615,0,0,0,0,11538.4615384615,500,223.076923076923,276.923076923077,138.461538461538,107.692307692308,30.7692307692308,76.9230769230769,46.1538461538462,761.538461538462,0,0,0,0,0,0,0,111.538461538462,0,46.1538461538462,369.230769230769,46.1538461538462,0,0,0,0,0,0,0,0,50,0,0,0,0,138.461538461538,0,0,0,0,0,0,0,0,0,0,0,0,0,0,11675253.2036158,22842885.7692308,27766824.2307692,17317041.1538462,2921576.28053885,20238617.434385,11167632.565615,94.7142857142857
4,0,0,0,0,0,0,585000,0,0,0,0,36,1,251508,6,0.46,0,0,0.46,0,0.46,0,0,0.46,0,0,0,0,0,0,0.38,0,0,0.38,0,0.38,0,0,0.38,0,0,0,0,0,0,27,2,342.105263157895,1539473.68421053,0,1539473.68421053,0,0,0,0,0,0,1539473.68421053,0,0,0,0,679736.842105263,388157.894736842,144736.842105263,0,10526.3157894737,0,0,526315.789473684,960898.245614035,80460.4511278195,1041358.69674185,289473.684210526,1052631.57894737,0,1052631.57894737,6447073.68421052,6648000,157894.736842105,13252968.4210526,11599446.4591172,183981.787308408,179341.661318947,363323.448627355,11052.6315789474,0,0,0,0,11052.6315789474,16578947.368421,0,16578947.368421,0,0,0,0,0,0,0,0,6842.10526315789,0,0,0,0,6842.10526315789,260.526315789474,107.894736842105,152.631578947368,484.210526315789,252.631578947368,231.578947368421,126.315789473684,0,871.052631578947,0,0,0,0,0,0,0,55.2631578947368,0,0,463.157894736842,21.0526315789474,0,0,47.3684210526316,0,57.8947368421053,168.421052631579,0,0,57.8947368421053,0,0,0,0,0,0,0,0,0,0,0,0,0,0,0,0,0,0,0,7940764.73888355,4979500.90930382,11707659.6190476,18124256.1704261,1415955.02757472,19540211.1980008,-2961263.82957974,90.8205128205128
4,0,0,0,0,0,0,64000,0,0,0,0,38,1,242051,6,0.13,0.13,0,0,0,0.13,0.13,0,0,0,0,0,0,0,0,0.13,0.13,0,0,0,0.13,0.13,0,0,0,0,0,0,0,0,36,2,269.230769230769,492307.692307692,0,492307.692307692,0,0,0,0,0,0,492307.692307692,0,0,0,0,1033076.92307692,765384.615384615,2484615.38461538,0,0,0,0,0,587692.307692308,209940.170940171,797632.478632479,0,338461.538461538,0,338461.538461538,6738984.61538462,12499761.5384615,0,19238746.1538462,18314829.6324786,242483.611856966,260352.800854231,502836.412711196,30461.5384615385,0,0,0,0,30461.5384615385,30461538.4615385,0,30461538.4615385,0,0,0,0,0,0,0,0,3076.92307692308,0,0,0,0,3076.92307692308,307.692307692308,0,307.692307692308,776.923076923077,776.923076923077,0,130.769230769231,0,1215.38461538462,0,0,0,0,0,0,0,230.769230769231,0,153.846153846154,615.384615384615,76.9230769230769,0,0,0,0,0,0,0,0,138.461538461538,0,0,0,0,0,0,0,0,0,0,0,0,0,0,0,0,0,0,0,7580282.56655735,12146708.8290598,24646470.3675214,25053814.2478632,841297.951172735,25895112.199036,4566426.26250248,104.558823529412
4,0,0,0,0,0,0,64500,0,0,0,127500,37,1,256777,6,0.2,0,0.2,0,0,0.2,0,0.2,0,0,0,0,0,0,0,0.18,0,0.18,0,0,0.18,0,0.18,0,0,0,0,0,0,0,33.25,2,672.222222222222,1066666.66666667,0,1066666.66666667,0,0,0,0,0,0,358333.333333333,0,0,0,708333.333333333,798888.888888889,36111.1111111111,2544444.44444444,0,0,0,0,0,597333.333333333,0,597333.333333333,0,833333.333333333,0,833333.333333333,14129300,6367333.33333333,0,20496633.3333333,11667554.7777778,22920.6936533333,270420.505306111,293341.198959444,10000,0,0,0,0,10000,10000000,0,10000000,0,0,0,0,0,0,0,0,1666.66666666667,0,0,0,1666.66666666667,3333.33333333333,1077.77777777778,0,1077.77777777778,444.444444444444,222.222222222222,222.222222222222,50,0,1572.22222222222,0,0,0,0,0,0,0,72.2222222222222,0,666.666666666667,444.444444444444,55.5555555555556,0,0,0,0,0,0,0,0,333.333333333333,0,0,0,0,0,0,0,0,0,0,0,0,0,0,0,0,0,0,0,15255974.5322928,-1667554.77777778,4699778.55555556,25796854.7777778,1126674.53229278,26923529.3100706,-16923529.3100706,96.0131578947368
4,0,0,0,0,0,0,69630,0,0,0,103200,37,1,256777,6,0.69,0,0.69,0,0,0.51,0,0.51,0,0,0.18,0,0.18,0,0,0.48,0,0.48,0,0,0.3,0,0.3,0,0,0.18,0,0.18,0,0,39,2,222.916666666667,360062.5,0,360062.5,0,0,0,0,0,0,145062.5,0,0,0,215000,1388125,259562.5,3948750,166666.666666667,229166.666666667,0,4735416.66666667,125000,1382700,121000,1503700,0,958333.333333333,552083.333333333,1510416.66666667,27827004.1666667,4617916.66666667,0,32444920.8333333,18143227,157369.982939167,473321.186990208,630691.169929375,14500,0,0,0,0,14500,14500000,0,14500000,0,0,0,0,0,0,0,0,879.166666666667,0,0,0,500,1379.16666666667,1658.33333333333,850,808.333333333333,285.416666666667,285.416666666667,0,181.25,0,2125,0,0,0,0,0,0,0,125,0,387.5,1066.66666666667,91.6666666666667,0,0,0,0,2.08333333333333,16.6666666666667,0,0,118.75,0,0,0,0,316.666666666667,0,0,0,0,0,0,0,0,0,0,0,0,0,0,29416028.6699294,-3643227,1526773,45418147.8333333,2141107.83659604,47559255.6699294,-33059255.6699294,96.0131578947368
4,0,0,0,0,0,0,76000,0,0,0,0,36,1,251508,5,0.156,0.156,0,0,0,0.156,0.156,0,0,0,0,0,0,0,0,0.143,0.143,0,0,0,0.143,0.143,0,0,0,0,0,0,0,0,26,2,447.552447552448,531468.531468531,0,531468.531468531,0,0,0,0,0,0,531468.531468531,0,0,0,0,681538.461538462,862937.062937063,881118.881118881,0,0,0,0,88111.8881118881,1439254.07925408,147957.305852043,1587211.38510612,932400.932400932,279720.27972028,0,279720.27972028,21520006.993007,0,0,21520006.993007,5816295.14268188,391955.077305901,266327.103459091,658282.180764992,14440.5594405594,349.65034965035,384.615384615385,265.734265734266,3383.84615384615,17824.4055944056,21660839.1608392,9617372.02797203,31278211.1888112,0,0,0,0,0,0,0,0,2797.2027972028,0,0,0,0,2797.2027972028,1195.8041958042,1195.8041958042,0,0,0,0,90.9090909090909,0,1286.71328671329,0,0,0,0,0,0,0,90.9090909090909,0,125.874125874126,937.062937062937,27.972027972028,0,0,0,0,0,83.9160839160839,0,0,0,0,0,0,0,20.979020979021,0,0,0,0,0,0,0,0,0,0,0,0,0,0,22458009.4534923,25461916.0461293,25461916.0461293,27336302.1356889,938002.460485272,28274304.5961741,3003906.59263704,90.8205128205128
4,0,0,0,0,0,0,832000,0,0,0,0,38,1,242051,6,0.46,0.16,0.3,0,0,0.46,0.16,0.3,0,0,0,0,0,0,0,0.46,0.16,0.3,0,0,0.46,0.16,0.3,0,0,0,0,0,0,0,36,2,347.826086956522,1808695.65217391,0,1808695.65217391,0,0,0,0,0,0,1808695.65217391,0,0,0,0,993478.260869565,203913.043478261,2010869.56521739,0,0,0,0,0,184927.536231884,1158790.47178538,1343718.00801727,0,304347.826086957,0,304347.826086957,3389002.17391304,2378626.08695652,0,5767628.26086957,8981351.61671292,1159108.9160748,116922.69360837,1276031.60968317,11956.5217391304,0,0,0,0,11956.5217391304,11956521.7391304,0,11956521.7391304,0,0,0,0,0,0,0,0,11304.347826087,0,0,0,0,11304.347826087,178.260869565217,19.5652173913043,158.695652173913,147.826086956522,147.826086956522,0,52.1739130434783,0,378.260869565217,0,0,0,0,0,0,0,106.521739130435,0,0,152.173913043478,32.6086956521739,0,0,0,0,0,21.7391304347826,0,0,65.2173913043478,0,0,0,0,0,0,0,0,0,0,0,0,0,0,0,0,0,0,0,4969381.60968317,2975170.12241752,5353796.20937404,12370353.790626,1580379.43577013,13950733.2263961,-1994211.48726566,104.558823529412
4,0,0,0,0,0,0,912000,0,0,0,0,35,1,258895,6,0.33,0,0.33,0,0,0.33,0,0.33,0,0,0,0,0,0,0,0.33,0,0.33,0,0,0.33,0,0.33,0,0,0,0,0,0,0,21,2,545.454545454545,2763636.36363636,0,2763636.36363636,0,0,0,0,0,0,2763636.36363636,0,0,0,0,1039393.93939394,363636.363636364,0,0,15151.5151515152,0,0,0,4537939.39393939,43636.3636363636,4581575.75757576,1696969.6969697,3030303.03030303,0,3030303.03030303,28059200,0,0,28059200,10719258.6363636,631229.248410909,349545.834770909,980775.083181818,9090.90909090909,0,0,0,0,9090.90909090909,30545454.5454545,0,30545454.5454545,0,0,0,0,0,0,0,0,14545.4545454545,0,0,0,0,14545.4545454545,1139.39393939394,1042.42424242424,96.969696969697,0,0,0,460.606060606061,0,1600,0,0,0,0,0,0,0,72.7272727272727,0,0,121.212121212121,145.454545454545,0,0,484.848484848485,0,0,727.272727272727,0,0,48.4848484848485,0,0,0,0,0,0,0,0,0,0,0,0,0,0,0,0,0,0,0,32070278.1134849,19826195.9090909,19826195.9090909,38778458.6363636,4011078.11348485,42789536.7498485,-12244082.2043939,94.7142857142857
4,0,0,0,0,0,0,960000,0,0,0,2880000,38,3,242051,6,2.71,0.66,0.89,1.16,0,2.71,0.66,0.89,1.16,0,0,0,0,0,0,1.88,0.66,0.89,0.33,0,1.88,0.66,0.89,0.33,0,0,0,0,0,0,30,2,257.978723404255,2042553.19148936,0,2042553.19148936,0,0,0,0,0,0,510638.29787234,0,0,0,1531914.89361702,686702.127659574,128031.914893617,797872.340425532,0,0,0,0,0,299716.312056738,300905.85106383,600622.163120567,0,255319.14893617,0,255319.14893617,3404295.21276596,619460.106382979,0,4023755.31914894,5117292.84397163,296265.416742862,83252.107656383,379517.524399245,11702.1276595745,0,0,0,0,11702.1276595745,11702127.6595745,0,11702127.6595745,0,0,0,0,0,0,0,0,3191.48936170213,0,0,0,3829.78723404255,7021.27659574468,175,127.127659574468,47.8723404255319,38.8297872340425,38.8297872340425,0,34.5744680851064,0,248.404255319149,0,0,0,0,0,0,0,57.4468085106383,0,18.6170212765957,95.2127659574468,29.2553191489362,0,0,0,0,0,0,0,0,47.8723404255319,0,0,0,0,0,0,0,0,0,0,0,0,0,0,0,0,0,0,0,4039131.88610137,6584834.81560284,7204294.92198582,8521588.05673759,634836.673335415,9156424.730073,2545702.92950146,48.7272727272727
4,0,0,0,0,0,10000,0,0,175000,0,0,36,1,251508,5,0.2,0,0.2,0,0,0.2,0,0.2,0,0,0,0,0,0,0,0.1,0,0.1,0,0,0.1,0,0.1,0,0,0,0,0,0,0,31,2,1000,1850000,100000,1750000,0,0,0,0,0,100000,0,0,1750000,0,0,1260000,726000,2170000,0,0,0,0,40000,1072000,315789.473684211,1387789.47368421,0,3000000,0,3000000,32893870,0,0,32893870,7685297.47368421,320984.737257895,422172.4415855,743157.178843395,22450,0,0,0,0,22450,33675000,0,33675000,0,0,0,0,0,0,5,5,0,0,10000,0,0,10000,1870,990,880,0,0,0,310,0,2180,0,0,0,0,0,0,0,100,0,90,720,120,0,0,120,0,50,740,0,0,240,0,0,0,0,0,0,0,0,0,0,0,0,0,0,0,0,0,0,0,36637027.1788434,25989702.5263158,25989702.5263158,40579167.4736842,3743157.1788434,44322324.6525276,-10647324.6525276,90.8205128205128
4,0,0,0,0,0,10000,180000,0,0,0,0,36,1,251508,6,0.85,0,0.85,0,0,0.85,0,0.85,0,0,0,0,0,0,0,0.14,0,0.14,0,0,0.14,0,0.14,0,0,0,0,0,0,0,6.5,2,464.285714285714,1357142.85714286,71428.5714285714,1285714.28571429,0,0,0,0,0,71428.5714285714,1285714.28571429,0,0,0,0,1107142.85714286,198928.571428571,0,0,71428.5714285714,0,0,28571.4285714286,1275476.19047619,53240,1328716.19047619,603809.523809524,928571.428571429,0,928571.428571429,10278728.5714286,0,0,10278728.5714286,4947248,260902.479657571,141396.179777143,402298.659434714,5357.14285714286,0,0,0,0,5357.14285714286,10714285.7142857,0,10714285.7142857,0,0,0,0,0,0,7.14285714285714,7.14285714285714,7142.85714285714,0,0,0,0,7142.85714285714,585.714285714286,271.428571428571,314.285714285714,0,0,0,92.8571428571428,0,678.571428571429,0,0,0,0,0,0,0,71.4285714285714,0,0,457.142857142857,42.8571428571429,0,0,0,0,0,71.4285714285714,0,0,21.4285714285714,0,0,0,0,14.2857142857143,0,0,0,0,0,0,0,0,0,0,0,0,0,0,11609598.6594347,5767037.71428571,5767037.71428571,15225976.5714286,1330870.08800614,16556846.6594347,-5842560.945149,90.8205128205128
4,0,0,0,0,0,11000,640000,0,0,0,1600000,38,2,242051,6,0.9,0,0.9,0,0,0.9,0,0.9,0,0,0,0,0,0,0,0.9,0,0.9,0,0,0.9,0,0.9,0,0,0,0,0,0,0,26,2,255.555555555556,2501111.11111111,12222.2222222222,2488888.88888889,0,0,0,0,0,12222.2222222222,711111.111111111,0,0,0,1777777.77777778,690000,138888.888888889,3436666.66666667,0,0,0,0,0,105185.185185185,114277.777777778,219462.962962963,0,222222.222222222,0,222222.222222222,2677667.77777778,1428760,0,4106427.77777778,8656940.62962963,113946.2835825,117882.284383611,231828.567966111,19444.4444444444,0,0,0,0,19444.4444444444,19444444.4444444,0,19444444.4444444,0,0,0,0,0,0,0.555555555555556,0.555555555555556,4444.44444444444,0,0,0,4444.44444444444,8888.88888888889,147.777777777778,60,87.7777777777778,88.8888888888889,88.8888888888889,0,28.8888888888889,0,265.555555555556,0,0,0,0,0,0,0,80,0,0,115.555555555556,28.8888888888889,0,0,0,0,0,0,0,0,41.1111111111111,0,0,0,0,0,0,0,0,0,0,0,0,0,0,0,0,0,0,0,3131718.56796611,10787503.8148148,12216263.8148148,11334608.4074074,454050.790188333,11788659.1975957,7655785.2468487,49.0555555555556
4,0,0,0,0,0,111000,0,25200,0,0,0,33,1,235300,5,0.1,0,0.1,0,0,0.1,0,0.1,0,0,0,0,0,0,0,0.1,0,0.1,0,0,0.1,0,0.1,0,0,0,0,0,0,0,20,2,500,1362000,1110000,252000,0,0,0,0,0,1110000,0,252000,0,0,0,320900,200000,0,0,0,0,0,2110000,756000,0,756000,840000,108600,0,108600,38632780,2000000,100000,40732780,7829122.1342965,118390.818,484900.168572,603290.986572,27800,0,9300,0,36735,64535,41700000,91837500,133537500,0,0,0,0,0,0,654,654,0,2400,0,0,0,2400,2260,1560,700,80,80,0,210,0,2550,0,0,0,0,0,0,0,460,0,200,1280,100,0,0,0,0,150,150,0,0,210,0,0,0,0,0,0,0,0,0,0,0,0,0,0,0,0,0,0,0,39439748.8522755,125708377.865704,127713300,46556980,711890.986572,47268870.986572,86268629.013428,66.3846153846154
4,0,0,0,0,0,140000,60000,800000,0,0,0,99,2,243327,6,0.89,0,0.82,0.07,0,0.82,0,0.75,0.07,0,0.07,0,0.07,0,0,0.89,0,0.82,0.07,0,0.82,0,0.75,0.07,0,0.07,0,0.07,0,0,31.3,2,303.370786516854,1123595.50561798,157303.370786517,966292.134831461,0,0,0,0,0,157303.370786517,67415.7303370786,898876.404494382,0,0,0,968314.606741573,60674.1573033708,0,0,0,0,0,33707.8651685393,314606.741573034,104413.483146067,419020.224719101,52434.4569288389,2662921.34831461,561797.752808989,3224719.1011236,2880332.58426966,2456683.14606742,242696.629213483,5579712.35955056,6031270.4660153,153822.116321139,84196.3026265168,238018.418947655,6067.41573033708,1460.67415730337,0,0,4425.84269662921,10493.2584269663,9101123.59550562,13277528.0898876,22378651.6853933,0,0,0,0,0,0,8.98876404494382,8.98876404494382,3370.78651685393,6741.57303370786,0,0,0,10112.3595505618,148.314606741573,44.9438202247191,103.370786516854,179.775280898876,98.876404494382,80.8988764044944,40.4494382022472,0,368.539325842697,0,0,0,0,0,0,0,62.9213483146067,0,0,251.685393258427,26.9662921348315,0,0,0,0,8.98876404494382,0,0,0,17.9775280898876,0,0,0,0,0,0,0,0,0,0,0,0,0,0,0,0,0,0,0,5912253.23008591,16347381.219378,19477577.8689139,8480786.17602996,3462737.52007125,11943523.6961012,10435127.989292,79.8
4,0,0,0,0,0,20000,43000,0,0,0,85000,37,1,256777,6,0.3,0,0.3,0,0,0.13,0,0.13,0,0,0.17,0,0.17,0,0,0.12,0,0.12,0,0,0.05,0,0.05,0,0,0.07,0,0.07,0,0,67,2,325,1233333.33333333,166666.666666667,1066666.66666667,0,0,0,0,0,166666.666666667,358333.333333333,0,0,0,708333.333333333,1440000,300000,4366666.66666667,0,0,0,0,0,1352000,0,1352000,2100000,750000,833333.333333333,1583333.33333333,20465233.3333333,4092666.66666667,0,24557900,15974777,322268.04625,345825.867535,668093.913785,25000,0,0,0,0,25000,25000000,0,25000000,0,0,0,0,0,0,166.666666666667,166.666666666667,1666.66666666667,0,0,0,1666.66666666667,3333.33333333333,1008.33333333333,1008.33333333333,0,333.333333333333,0,333.333333333333,175,0,1516.66666666667,0,0,0,0,0,0,0,133.333333333333,0,666.666666666667,666.666666666667,8.33333333333333,0,0,0,0,0,0,0,0,41.6666666666667,0,0,0,0,0,0,0,0,0,0,0,0,0,0,0,0,0,0,0,21883327.2471183,9025223,13951223,35606677,2251427.24711833,37858104.2471183,-12858104.2471183,96.0131578947368
4,0,0,0,0,0,21000,0,0,140000,0,0,36,1,251508,5,0.38,0,0.36,0,0.02,0.17,0,0.15,0,0.02,0.21,0,0.21,0,0,0.38,0,0.36,0,0.02,0.17,0,0.15,0,0.02,0.21,0,0.21,0,0,23.8,1,321.052631578947,423684.210526316,55263.1578947368,368421.052631579,0,0,0,0,0,55263.1578947368,0,0,368421.052631579,0,0,1118421.05263158,265000,1717105.26315789,0,0,0,0,1668421.05263158,8638421.05263158,33240.9972299169,8671662.0498615,0,1426315.78947368,1684210.52631579,3110526.31578947,10789510.5263158,5263157.89473684,0,16052668.4210526,21063170.0498615,121200.387049631,230334.106745,351534.493794631,14473.6842105263,0,3157.89473684211,2105.26315789474,18852.6315789474,33326.3157894737,21710526.3157895,26561052.6315789,48271578.9473684,0,0,0,0,0,0,2.10526315789474,2.10526315789474,0,0,2105.26315789474,0,0,2105.26315789474,305.263157894737,305.263157894737,0,421.052631578947,0,421.052631578947,257.894736842105,0,984.210526315789,0,0,0,0,0,0,0,36.8421052631579,0,21.0526315789474,636.842105263158,26.3157894736842,0,0,39.4736842105263,0,21.0526315789474,157.894736842105,0,0,42.1052631578947,0,0,0,0,2.63157894736842,0,0,0,0,0,0,0,0,0,0,0,0,0,0,12567360.8095841,27208408.8975069,34155777.3185595,30168470.0498615,3462060.8095841,33630530.8594456,14641048.0879228,90.8205128205128
4,0,0,0,0,0,30000,40290,0,0,0,0,36,3,251508,6,1.37,0.35,0.89,0.13,0,1.37,0.35,0.89,0.13,0,0,0,0,0,0,1.37,0.35,0.89,0.13,0,1.37,0.35,0.89,0.13,0,0,0,0,0,0,19.375,2,397.080291970803,51306.5693430657,21897.8102189781,29408.7591240876,0,0,0,0,0,21897.8102189781,29408.7591240876,0,0,0,0,1637372.26277372,491562.04379562,0,0,0,0,0,2113138.68613139,1208126.52068127,247699.124087591,1455825.64476886,240875.912408759,87195.6204379562,0,87195.6204379562,2231810.2189781,1082067.15328467,0,3313877.37226277,7323656.27250608,157249.599631651,82475.2171418248,239724.816773475,4719.70802919708,0,0,0,0,4719.70802919708,7079562.04379562,0,7079562.04379562,0,0,0,0,0,0,2.18978102189781,2.18978102189781,74.4525547445255,0,0,0,0,74.4525547445255,1.45985401459854,0,1.45985401459854,17.5182481751825,17.5182481751825,0,97.8102189781022,40.8759124087591,157.664233576642,0,0,0,0,0,0,0,85.4014598540146,0,0,0,17.5182481751825,0,0,0,0,5.83941605839416,35.036496350365,0,0,13.8686131386861,0,0,0,0,0,0,0,0,0,0,0,0,0,0,0,0,0,0,0,2558730.65618953,-244094.228710463,837972.924574208,9555466.49148419,326920.437211432,9882386.92869562,-2802824.8849,42
4,0,0,0,0,0,30000,570000,0,0,0,0,35,2,258895,6,0.65,0,0.42,0.23,0,0.65,0,0.42,0.23,0,0,0,0,0,0,0.58,0,0.35,0.23,0,0.58,0,0.35,0.23,0,0,0,0,0,0,24,2,250,1034482.75862069,51724.1379310345,982758.620689655,0,0,0,0,0,51724.1379310345,982758.620689655,0,0,0,0,570689.655172414,41379.3103448276,0,0,0,0,0,0,245402.298850575,0,245402.298850575,0,1827586.20689655,0,1827586.20689655,3863724.13793103,0,0,3863724.13793103,2150849.02298851,10226.0436666667,59740.4823,69966.5259666667,62.0689655172414,0,117.241379310345,0,463.103448275862,525.172413793103,124137.931034483,1157758.62068966,1281896.55172414,0,0,0,0,0,0,2.58620689655172,2.58620689655172,5172.41379310345,0,0,0,0,5172.41379310345,186.206896551724,101.724137931034,84.4827586206897,0,0,0,53.448275862069,0,239.655172413793,0,0,0,0,0,0,0,56.8965517241379,0,12.0689655172414,110.344827586207,13.7931034482759,0,0,0,0,0,20.6896551724138,0,0,22.4137931034483,0,0,0,0,3.44827586206897,0,0,0,0,0,0,0,0,0,0,0,0,0,0,5761276.87079425,-868952.471264368,-868952.471264368,6014573.16091954,1897552.73286322,7912125.89378276,-6630229.34205862,39.1428571428571
4,0,0,0,0,0,32000,0,0,525000,0,0,36,1,251508,6,0.26,0,0.26,0,0,0.26,0,0.26,0,0,0,0,0,0,0,0.26,0,0.26,0,0,0.26,0,0.26,0,0,0,0,0,0,0,19,2,519.230769230769,2142307.69230769,123076.923076923,2019230.76923077,0,0,0,0,0,123076.923076923,0,0,2019230.76923077,0,0,382307.692307692,484807.692307692,57692.3076923077,0,0,0,0,134615.384615385,4195858.97435897,180089.149797571,4375948.12415655,676923.076923077,2961538.46153846,0,2961538.46153846,20240319.2307692,0,0,20240319.2307692,8506109.97031039,533413.434111296,254150.5013825,787563.935493796,9946.15384615385,0,0,0,0,9946.15384615385,14919230.7692308,0,14919230.7692308,0,0,0,0,0,0,7.69230769230769,7.69230769230769,0,0,11538.4615384615,0,0,11538.4615384615,1034.61538461538,600,434.615384615385,0,0,0,273.076923076923,0,1307.69230769231,0,0,0,0,0,0,0,96.1538461538461,0,0,0,107.692307692308,0,0,61.5384615384615,0,30.7692307692308,769.230769230769,0,0,161.538461538462,0,0,0,0,0,19.2307692307692,61.5384615384615,0,0,0,0,0,0,0,0,0,0,0,0,23989421.6278015,6413120.79892038,6413120.79892038,28746429.2010796,3749102.39703226,32495531.5981119,-17576300.8288811,90.8205128205128
4,0,0,0,0,0,357000,86000,0,0,0,85000,37,1,256777,6,0.46,0,0.36,0.1,0,0.46,0,0.36,0.1,0,0,0,0,0,0,0.43,0,0.33,0.1,0,0.43,0,0.33,0.1,0,0,0,0,0,0,43.6666666666667,2,325.581395348837,1227906.97674419,830232.558139535,397674.418604651,0,0,0,0,0,830232.558139535,200000,0,0,0,197674.418604651,151162.790697674,155813.953488372,186046.511627907,0,0,0,0,0,598325.581395349,0,598325.581395349,1004651.1627907,627906.976744186,0,627906.976744186,6009139.53488372,0,0,6009139.53488372,3580683.97674419,128882.30791814,83806.710894186,212689.018812326,10813.9534883721,0,0,381.395348837209,1155.62790697674,11969.5813953488,21453488.372093,3790459.53488372,25243947.9069767,0,0,0,0,0,0,2326.74418604651,2326.74418604651,930.232558139535,0,0,0,465.116279069767,1395.3488372093,216.279069767442,216.279069767442,0,0,0,0,109.302325581395,0,325.581395348837,0,0,0,0,0,0,0,23.2558139534884,0,23.2558139534884,186.046511627907,6.97674418604651,0,0,0,0,0,0,0,0,86.046511627907,0,0,0,0,0,0,0,0,0,0,0,0,0,0,0,0,0,0,0,6849735.53044023,21663263.9302326,21663263.9302326,9589823.51162791,840595.995556512,10430419.5071844,14813528.3997923,96.0131578947368
4,0,0,0,0,0,54000,129000,0,0,0,0,37,1,256777,5,0.4,0.22,0.18,0,0,0.4,0.22,0.18,0,0,0,0,0,0,0,0.2,0.11,0.09,0,0,0.2,0.11,0.09,0,0,0,0,0,0,0,37,2,300,915000,270000,645000,0,0,0,0,0,270000,645000,0,0,0,0,246800,105000,10390000,0,0,0,0,0,1386800,116160,1502960,230400,650000,0,650000,21505860,7040600,0,28546460,20687537,228623.1642752,435869.673779,664492.8380542,41000,0,0,2000,6060,47060,41000000,19876800,60876800,0,0,0,0,0,0,10,10,3000,0,0,0,0,3000,1090,800,290,480,280,200,220,0,1790,0,0,0,0,0,0,0,390,0,300,940,80,0,0,0,0,0,0,0,0,80,0,0,0,0,0,0,0,0,0,0,0,0,0,0,0,0,0,0,0,22820352.8380542,40189263,47229863,42193397,1314492.8380542,43507889.8380542,17368910.1619458,96.0131578947368
4,0,0,0,0,0,55000,0,0,0,0,0,36,1,251508,6,0.33,0.33,0,0,0,0,0,0,0,0,0.33,0.33,0,0,0,0.33,0.33,0,0,0,0,0,0,0,0,0.33,0.33,0,0,0,21,2,590.909090909091,166666.666666667,166666.666666667,0,0,0,0,0,0,166666.666666667,0,0,0,0,0,1671212.12121212,233939.393939394,0,0,0,0,0,1757575.75757576,599272.727272727,23349.2822966507,622622.009569378,0,0,3030303.03030303,3030303.03030303,9237787.87878788,0,0,9237787.87878788,7733826.97926635,-20051.1942049123,141669.811759091,121618.617554179,9142.42424242424,0,0,0,0,9142.42424242424,13713636.3636364,0,13713636.3636364,0,0,0,0,0,0,10.6060606060606,10.6060606060606,0,0,0,0,0,0,354.545454545455,139.393939393939,215.151515151515,0,0,0,206.060606060606,0,560.606060606061,0,0,0,0,0,0,0,109.090909090909,0,0,0,0,0,0,48.4848484848485,0,69.6969696969697,278.787878787879,0,0,54.5454545454545,0,0,0,0,0,0,0,0,0,0,0,0,0,0,0,0,0,0,0,9359406.49634206,5979809.38437002,9010112.41467305,13941311.8277512,3151921.64785721,17093233.4756084,-3379597.11197204,90.8205128205128
4,0,0,0,0,0,56000,0,0,0,0,0,36,2,251508,6,0.96,0,0.96,0,0,0.96,0,0.96,0,0,0,0,0,0,0,0.96,0,0.96,0,0,0.96,0,0.96,0,0,0,0,0,0,0,21,2,145.833333333333,58333.3333333333,58333.3333333333,0,0,0,0,0,0,58333.3333333333,0,0,0,0,0,668750,64583.3333333333,0,0,0,0,0,892708.333333333,206311.111111111,39769.4627192982,246080.573830409,0,3020833.33333333,0,3020833.33333333,2517128.125,0,0,2517128.125,2181963.57383041,48612.9882802502,45551.2263551563,94164.2146354064,2693.75,0,0,0,0,2693.75,4040625,0,4040625,0,0,0,0,0,0,3.02083333333333,3.02083333333333,0,0,0,0,0,0,55.2083333333333,29.1666666666667,26.0416666666667,0,0,0,78.125,0,133.333333333333,0,0,0,0,0,0,0,25,0,0,0,0,0,0,8.33333333333333,0,22.9166666666667,57.2916666666667,0,0,19.7916666666667,0,0,0,0,0,0,0,0,0,0,0,0,0,0,0,0,0,0,0,5632125.67296874,1858661.42616959,1858661.42616959,4699091.69883041,3114997.54796874,7814089.24679915,-3773464.24679915,55.2666666666667
4,0,0,0,0,0,560000,0,0,0,0,1700000,37,3,256777,6,1.15,0,1.15,0,0,0.89,0,0.89,0,0,0.26,0,0.26,0,0,1,0,1,0,0,0.82,0,0.82,0,0,0.18,0,0.18,0,0,30.3333333333333,2,310,2260000,560000,1700000,0,0,0,0,0,560000,0,0,0,0,1700000,1239800,70000,5240000,0,0,0,0,0,363680,41450.7789473684,405130.778947368,0,270000,150000,420000,17784828,3275000,0,21059828,12896707.7789474,51585.6721203419,323836.0524062,375421.724526542,20000,0,0,0,0,20000,20000000,0,20000000,0,0,0,0,0,0,1600,1600,0,0,0,0,4000,4000,1065,982,83,200,200,0,41,0,1306,0,0,0,0,0,0,0,72,0,440,570,44,0,0,100,0,0,40,0,0,40,0,0,0,0,0,0,0,0,0,0,0,0,0,0,0,0,0,0,0,18430249.7245265,7103292.22105263,10528292.2210526,30531535.7789474,795421.724526542,31326957.5034739,-11326957.5034739,44.6666666666667
4,0,0,0,0,0,60000,79000,0,50000,0,43000,36,1,251508,6,0.36,0,0.36,0,0,0.36,0,0.36,0,0,0,0,0,0,0,0.36,0,0.36,0,0,0.36,0,0.36,0,0,0,0,0,0,0,15,2,372.222222222222,644444.444444444,166666.666666667,477777.777777778,0,0,0,0,0,166666.666666667,219444.444444444,0,138888.888888889,0,119444.444444444,1578611.11111111,638138.888888889,0,19444.4444444444,0,0,0,22222.2222222222,1893425.92592593,122008.333333333,2015434.25925926,0,80666.6666666667,0,80666.6666666667,4516350,637666.666666667,0,5154016.66666667,5807470.03703704,140137.027677981,87349.8489594444,227486.876637426,4788.88888888889,0,0,0,0,4788.88888888889,7183333.33333333,0,7183333.33333333,0,0,0,0,0,0,16.6666666666667,16.6666666666667,555.555555555556,0,1388.88888888889,0,277.777777777778,2222.22222222222,180.555555555556,0,180.555555555556,41.6666666666667,41.6666666666667,0,108.333333333333,0,330.555555555556,0,0,0,0,0,0,0,50,0,0,0,75,0,0,13.8888888888889,0,8.33333333333333,125,0,0,58.3333333333333,0,0,0,0,0,0,0,0,0,0,0,0,0,0,0,0,0,0,0,4824503.54330409,1375863.2962963,2013529.96296296,10323820.037037,308153.543304093,10631973.5803411,-3448640.2470078,90.8205128205128
4,0,0,0,0,0,72000,0,0,280000,0,120000,36,1,251508,6,0.24,0,0.24,0,0,0.24,0,0.24,0,0,0,0,0,0,0,0.24,0,0.24,0,0,0.24,0,0.24,0,0,0,0,0,0,0,37,2,475,1966666.66666667,300000,1666666.66666667,0,0,0,0,0,300000,0,0,1166666.66666667,0,500000,807083.333333333,325833.333333333,775000,0,0,0,0,2060833.33333333,1228583.33333333,95330.7894736842,1323914.12280702,0,3004166.66666667,0,3004166.66666667,21120495.8333333,0,0,21120495.8333333,7510838.78947369,188809.52955011,293330.733755625,482140.263305735,7333.33333333333,0,416.666666666667,583.333333333333,3413.33333333333,10746.6666666667,7333333.33333333,9911983.33333333,17245316.6666667,0,0,0,0,0,0,1260,1260,0,0,6666.66666666667,0,1666.66666666667,8333.33333333333,862.5,491.666666666667,370.833333333333,0,0,0,391.666666666667,0,1254.16666666667,0,0,0,0,0,0,0,204.166666666667,0,25,279.166666666667,75,0,0,62.5,0,41.6666666666667,429.166666666667,0,0,137.5,0,0,0,0,0,0,0,0,0,0,0,0,0,0,0,0,0,0,0,24606802.7633057,9734477.87719298,9734477.87719298,28631334.622807,3486306.9299724,32117641.5527794,-14872324.8861128,90.8205128205128
4,0,0,0,0,0,72500,37500,0,0,0,82500,37,1,256777,6,0.33,0,0.33,0,0,0.33,0,0.33,0,0,0,0,0,0,0,0.3,0,0.3,0,0,0.3,0,0.3,0,0,0,0,0,0,0,47,2,166.666666666667,641666.666666667,241666.666666667,400000,0,0,0,0,0,241666.666666667,125000,0,0,0,275000,201000,54333.3333333333,3056666.66666667,0,0,0,0,0,1361066.66666667,0,1361066.66666667,0,666666.666666667,0,666666.666666667,15589460,8554813.33333333,50000,24194273.3333333,14144039.6964996,63512.4094746667,305170.113701,368682.523175667,17666.6666666667,0,0,0,0,17666.6666666667,17666666.6666667,0,17666666.6666667,0,0,0,0,0,0,333.333333333333,333.333333333333,666.666666666667,0,0,0,666.666666666667,1333.33333333333,1286.66666666667,0,1286.66666666667,466.666666666667,466.666666666667,0,0,43.3333333333333,1796.66666666667,0,0,0,0,0,0,0,160,0,666.666666666667,800,140,0,0,0,0,0,0,0,0,30,0,0,0,0,0,0,0,0,0,0,0,0,0,0,0,0,0,0,0,16657093.1600094,3522626.97016712,12095156.3333333,29765783.6666667,1035349.18984233,30801132.856509,-13134466.1898423,96.0131578947368
4,0,0,0,0,0,72500,64500,0,0,0,255000,37,1,256777,6,0.73,0,0.73,0,0,0.73,0,0.73,0,0,0,0,0,0,0,0.43,0,0.43,0,0,0.43,0,0.43,0,0,0,0,0,0,0,24.3333333333333,2,302.325581395349,911627.906976744,168604.651162791,743023.255813953,0,0,0,0,0,168604.651162791,150000,0,0,0,593023.255813953,1189534.88372093,162790.697674419,251162.790697674,0,0,0,0,34883.7209302326,802883.720930232,27284.0930232558,830167.813953488,837209.302325581,837209.302325581,0,837209.302325581,6877879.06976744,0,0,6877879.06976744,4474154.11627907,152855.107022411,102213.765116744,255068.872139155,1860.46511627907,0,0,0,0,1860.46511627907,2790697.6744186,0,2790697.6744186,0,0,0,0,0,0,232.558139534884,232.558139534884,697.674418604651,0,0,0,1395.3488372093,2093.02325581395,162.790697674419,162.790697674419,0,0,0,0,190.697674418605,0,353.488372093023,0,0,0,2.32558139534884,0,0,0,116.279069767442,0,23.2558139534884,55.8139534883721,81.3953488372093,0,0,0,0,0,0,0,0,74.4186046511628,0,0,0,0,0,0,0,0,0,0,0,0,0,0,0,0,0,0,0,7970157.24423218,-1683456.44186046,-1683456.44186046,11352033.1860465,1092278.17446474,12444311.3605112,-9653613.68609264,96.0131578947368
4,0,0,0,0,0,84000,0,0,0,0,0,99,1,243327,6,0.16,0,0.16,0,0,0.16,0,0.16,0,0,0,0,0,0,0,0.16,0,0.16,0,0,0.16,0,0.16,0,0,0,0,0,0,0,12,1,231.25,525000,525000,0,0,0,0,0,0,525000,0,0,0,0,0,62500,0,0,0,0,0,0,0,228333.333333333,531914.893617021,760248.226950355,0,1875000,0,1875000,13817968.75,0,0,13817968.75,1591075.22695035,521800.617821986,156179.050273437,677979.668095423,1875,0,0,0,0,1875,2812500,0,2812500,0,0,0,0,0,0,875,875,0,0,0,0,0,0,925,656.25,268.75,0,0,0,0,0,925,0,0,0,0,0,0,0,0,0,31.25,550,25,0,0,0,0,6.25,100,0,0,150,0,0,0,0,0,62.5,0,0,0,0,0,0,0,0,0,0,0,0,0,16370948.4180954,1221424.77304965,1221424.77304965,15409043.9769504,2552979.66809542,17962023.6450458,-15149523.6450458,81.4
4,0,0,0,0,0,84000,0,0,175000,0,0,36,2,251508,6,0.61,0.35,0.15,0,0.11,0.61,0.35,0.15,0,0.11,0,0,0,0,0,0.61,0.35,0.15,0,0.11,0.61,0.35,0.15,0,0.11,0,0,0,0,0,31,2,418.032786885246,424590.163934426,137704.918032787,286885.245901639,0,0,0,0,0,137704.918032787,0,0,286885.245901639,0,0,1198360.6557377,55327.868852459,778688.524590164,0,0,147540.983606557,0,2519672.13114754,68721.3114754098,0,68721.3114754098,0,2983606.55737705,0,2983606.55737705,4767472.13114754,5410270.49180328,0,10177742.6229508,10854680.1311475,3163.91338754098,165898.092959754,169062.006347295,6918.03278688525,0,0,131.147540983607,397.377049180328,7315.40983606557,10377049.1803279,1303396.72131148,11680445.9016393,0,0,0,0,0,0,6.55737704918033,6.55737704918033,0,0,1639.34426229508,0,0,1639.34426229508,296.72131147541,73.7704918032787,222.950819672131,114.754098360656,73.7704918032787,40.9836065573771,42.6229508196721,209.83606557377,663.934426229508,0,0,0,0,0,0,0,55.7377049180328,0,32.7868852459016,124.590163934426,81.9672131147541,0,0,73.7704918032787,0,52.4590163934426,219.672131147541,0,0,18.0327868852459,0,0,0,0,0,4.91803278688525,0,0,0,0,0,0,0,0,0,0,0,0,0,7920140.69487189,825765.770491805,6383577.24590164,15622152.2622951,3152668.56372434,18774820.8260194,-7094374.92438008,55.2666666666667
4,0,0,0,0,0,90000,0,0,0,0,946000,36,2,251508,6,0.52,0.14,0.38,0,0,0.52,0.14,0.38,0,0,0,0,0,0,0,0.52,0.14,0.38,0,0,0.52,0.14,0.38,0,0,0,0,0,0,0,26.2,2,436.538461538462,1992307.69230769,173076.923076923,1819230.76923077,0,0,0,0,0,173076.923076923,0,0,0,0,1819230.76923077,1524230.76923077,327307.692307692,0,0,0,0,0,875000,239743.58974359,19991.9433198381,259735.533063428,0,174461.538461538,0,174461.538461538,4697201.92307692,275509.615384615,0,4972711.53846154,5505599.3022942,34978.5641055676,105072.476454808,140051.040560375,307.692307692308,0,0,0,0,307.692307692308,461538.461538462,0,461538.461538462,0,0,0,0,0,0,16.3461538461538,16.3461538461538,0,0,0,0,4230.76923076923,4230.76923076923,167.307692307692,32.6923076923077,134.615384615385,19.2307692307692,9.61538461538461,9.61538461538461,115.384615384615,0,301.923076923077,0,0,0,0,0,0,0,153.846153846154,0,0,96.1538461538461,38.4615384615385,0,0,0,0,0,0,0,0,13.4615384615385,0,0,0,0,0,0,0,0,0,0,0,0,0,0,0,0,0,0,0,5011714.50209884,-5044060.84075573,-4768551.22537112,10202801.2253711,314512.579021914,10517313.804393,-10055775.3428546,55.2666666666667
4,0,0,0,0,0,90000,180000,0,1200000,0,0,36,2,251508,6,0.74,0.74,0,0,0,0.74,0.74,0,0,0,0,0,0,0,0,0.74,0.74,0,0,0,0.74,0.74,0,0,0,0,0,0,0,0,19,2,483.783783783784,1986486.48648649,121621.621621622,1864864.86486486,0,0,0,0,0,121621.621621622,243243.243243243,0,1621621.62162162,0,0,266459.459459459,585391.891891892,0,0,0,0,0,2331081.08108108,1585585.58558559,359269.985775249,1944855.57136083,481621.621621622,239459.459459459,0,239459.459459459,7183278.37837838,1125506.75675676,0,8308785.13513513,8972910.86865813,322224.349619687,146125.970982635,468350.320602322,11416.2162162162,0,0,0,0,11416.2162162162,20502702.7027027,0,20502702.7027027,0,0,0,0,0,0,12.1621621621622,12.1621621621622,1351.35135135135,0,13513.5135135135,0,0,14864.8648648649,177.027027027027,102.702702702703,74.3243243243243,71.6216216216216,71.6216216216216,0,204.054054054054,0,452.702702702703,0,0,0,0,0,0,0,94.5945945945946,0,20.2702702702703,129.72972972973,41.8918918918919,0,0,9.45945945945946,0,4.05405405405405,60.8108108108108,0,0,89.1891891891892,0,0,0,0,2.7027027027027,0,0,0,0,0,0,0,0,0,0,0,0,0,0,7891088.15844016,11529791.8340446,12655298.5908013,16156189.2470365,707809.780061782,16863999.0270983,3638703.67560441,55.2666666666667
4,0,0,0,0,2000,0,109000,0,0,0,21600,37,1,256777,6,0.42,0,0.42,0,0,0.42,0,0.42,0,0,0,0,0,0,0,0.42,0,0.42,0,0,0.42,0,0.42,0,0,0,0,0,0,0,37,2,619.047619047619,315714.285714286,4761.90476190476,310952.380952381,0,0,0,0,4761.90476190476,0,259523.809523809,0,0,0,51428.5714285714,1229047.61904762,467857.142857143,3834285.71428571,0,0,0,0,23809.5238095238,288000,82534.7368421053,370534.736842105,274285.714285714,1547619.04761905,0,1547619.04761905,14511380.952381,4366171.42857143,0,18877552.3809524,11138483.1654135,128791.610317823,268312.045306667,397103.655624489,14285.7142857143,0,0,0,0,14285.7142857143,21428571.4285714,0,21428571.4285714,0,0,0,0,0,9.52380952380952,0,9.52380952380952,2500,0,0,0,190.47619047619,2690.47619047619,704.761904761905,533.333333333333,171.428571428571,304.761904761905,152.380952380952,152.380952380952,169.047619047619,0,1178.57142857143,0,0,0,0,0,0,0,85.7142857142857,0,0,661.904761904762,133.333333333333,0,0,0,0,0,57.1428571428571,0,0,88.0952380952381,0,0,0,0,152.380952380952,0,0,0,0,0,0,0,0,0,0,0,0,0,0,16456103.6556245,10290088.2631579,14656259.6917293,25649864.1177945,1944722.70324354,27594586.821038,-6166015.3924666,96.0131578947368
4,0,0,0,100000,0,0,0,0,0,0,360000,37,1,256777,6,0.33,0,0.33,0,0,0.33,0,0.33,0,0,0,0,0,0,0,0.33,0,0.33,0,0,0.33,0,0.33,0,0,0,0,0,0,0,28.5,2,242.424242424242,1393939.39393939,303030.303030303,1090909.09090909,0,0,0,303030.303030303,0,0,0,0,0,0,1090909.09090909,1090606.06060606,924181.818181818,1212121.21212121,0,145454.545454545,0,0,21212.1212121212,128969.696969697,83368.4210526316,212338.118022329,0,909090.909090909,0,909090.909090909,14865321.2121212,1515151.51515152,0,16380472.7272727,6771781.78468899,81550.8843834769,229495.915786061,311046.800169537,8200,0,0,0,0,8200,8200000,0,8200000,0,0,0,0,606.060606060606,0,0,606.060606060606,0,0,0,0,5454.54545454545,5454.54545454545,693.939393939394,248.484848484848,445.454545454545,121.212121212121,48.4848484848485,72.7272727272727,245.454545454545,0,1060.60606060606,0,0,0,0,0,0,0,109.090909090909,0,96.969696969697,363.636363636364,60.6060606060606,0,0,0,0,0,48.4848484848485,0,0,381.818181818182,0,0,0,0,0,0,0,0,0,0,0,0,0,0,0,0,0,0,0,16085458.9213817,1428218.21531101,2943369.73046252,21637102.9968102,1220137.70926045,22857240.7060707,-14657240.7060707,96.0131578947368
4,0,0,0,100000,0,0,0,0,0,0,800000,37,1,256777,6,0.34,0,0.34,0,0,0.34,0,0.34,0,0,0,0,0,0,0,0.34,0,0.34,0,0,0.34,0,0.34,0,0,0,0,0,0,0,27,2,352.941176470588,2647058.82352941,294117.647058823,2352941.17647059,0,0,0,294117.647058823,0,0,0,0,0,0,2352941.17647059,887352.94117647,736852.94117647,352941.176470588,0,200000,0,0,94500,122635.294117647,120516,243151.294117647,0,1000000,0,1000000,18873511.7647059,2022564.70588235,0,20896076.4705882,7441198.88235294,127119.556943433,279874.835096765,406994.392040198,9367.64705882353,0,0,0,0,9367.64705882353,9367647.05882353,0,9367647.05882353,0,0,0,0,588.235294117647,0,0,588.235294117647,0,0,0,0,11764.7058823529,11764.7058823529,961.764705882353,376.470588235294,585.294117647059,141.176470588235,70.5882352941176,70.5882352941176,255.882352941176,0,1358.82352941176,0,0,0,0,0,0,0,170.588235294118,0,188.235294117647,564.705882352941,47.0588235294118,0,0,0,0,0,94.1176470588235,0,0,294.117647058823,0,0,0,0,0,0,0,0,0,0,0,0,0,0,0,0,0,0,0,20280506.1567461,1926448.17647059,3949012.88235294,26314710.6470588,1406994.3920402,27721705.039099,-18354057.9802755,96.0131578947368
4,0,0,0,10800,0,0,46000,0,0,0,0,36,1,251508,6,0.38,0,0.38,0,0,0.38,0,0.38,0,0,0,0,0,0,0,0.19,0,0.19,0,0,0.19,0,0.19,0,0,0,0,0,0,0,22,2,526.315789473684,298947.368421053,56842.1052631579,242105.263157895,0,0,0,56842.1052631579,0,0,242105.263157895,0,0,0,0,185805.263157895,1004210.52631579,0,0,0,0,0,0,248252.631578947,223367.819548872,471620.45112782,0,842105.263157895,0,842105.263157895,19621489.4736842,7036884.21052632,0,26658373.6842105,9248975.81954887,226762.288470226,305163.574474211,531925.862944436,15789.4736842105,0,0,0,0,15789.4736842105,23684210.5263158,0,23684210.5263158,0,0,0,0,105.263157894737,0,0,105.263157894737,0,0,0,0,0,0,515.789473684211,152.631578947368,363.157894736842,378.947368421053,326.315789473684,52.6315789473684,563.157894736842,0,1457.89473684211,0,0,0,0,0,0,0,252.631578947368,0,0,652.631578947368,42.1052631578947,0,0,52.6315789473684,0,0,242.105263157895,0,0,215.789473684211,0,0,0,0,0,0,0,0,0,0,0,0,0,0,0,0,0,0,0,20995520.5997865,14435234.7067669,21472118.9172932,28870465.2932331,1374031.12610233,30244496.4193354,-6560285.89301962,90.8205128205128
4,0,0,0,109000,0,0,0,0,0,0,35000,37,1,256777,6,0.33,0,0.33,0,0,0.33,0,0.33,0,0,0,0,0,0,0,0.33,0,0.33,0,0,0.33,0,0.33,0,0,0,0,0,0,0,37,1,142.424242424242,436363.636363636,330303.03030303,106060.606060606,0,0,0,330303.03030303,0,0,0,0,0,0,106060.606060606,536363.636363636,40909.0909090909,396969.696969697,0,0,0,0,0,896000,0,896000,0,1515151.51515152,0,1515151.51515152,4327690.90909091,0,0,4327690.90909091,2563383.06060606,20437.4958545455,62212.6073415151,82650.1031960606,2121.21212121212,0,0,0,0,2121.21212121212,3181818.18181818,0,3181818.18181818,0,0,0,0,606.060606060606,0,0,606.060606060606,0,0,0,0,424.242424242424,424.242424242424,275.757575757576,154.545454545455,121.212121212121,0,0,0,15.1515151515152,0,290.909090909091,0,0,0,0,0,0,0,27.2727272727273,0,0,212.121212121212,30.3030303030303,0,0,0,0,0,0,0,0,21.2121212121212,0,0,0,0,0,0,0,0,0,0,0,0,0,0,0,0,0,0,0,5925492.52743848,618435.121212121,618435.121212121,6891073.96969697,1597801.61834758,8488875.58804454,-5307057.40622636,96.0131578947368
4,0,0,0,110000,0,67950,0,560000,0,0,0,33,2,235300,6,3.25,0.24,0.36,1.65,1,3.25,0.24,0.36,1.65,1,0,0,0,0,0,0.59,0.05,0.36,0.08,0.1,0.59,0.05,0.36,0.08,0.1,0,0,0,0,0,40.5,2,159.322033898305,1250762.71186441,301610.169491525,949152.542372881,0,0,0,186440.677966102,0,115169.491525424,0,949152.542372881,0,0,0,1311355.93220339,83898.3050847457,0,0,0,847457.627118644,0,0,315891.525423729,11793.4522747547,327684.977698483,0,1779661.01694915,0,1779661.01694915,3686922.0338983,4387206.77966102,169491.525423729,8243620.33898305,8535762.25959428,45185.939578624,127249.475087966,172435.41466659,0,0,2288.13559322034,0,9038.13559322034,9038.13559322034,0,22595338.9830508,22595338.9830508,0,0,0,0,338.983050847458,0,5.93220338983051,344.915254237288,0,4745.76271186441,0,0,0,4745.76271186441,264.406779661017,54.2372881355932,210.169491525424,210.169491525424,155.93220338983,54.2372881355932,13.5593220338983,40.6779661016949,528.813559322034,0,0,0,0,0,0,0,88.135593220339,0,0,264.406779661017,81.3559322033898,0,0,0,0,0,0,0,0,94.9152542372881,0,0,0,0,0,0,0,0,0,0,0,0,0,0,0,0,0,0,0,5716414.06497418,14059576.7234566,19386337.0561998,12300079.8929527,1952096.43161574,14252176.3245685,8343162.65848238,23.7777777777778
4,0,0,0,110000,0,80000,0,0,0,0,400000,99,1,243327,6,0.42,0,0,0.42,0,0.42,0,0,0.42,0,0,0,0,0,0,0.42,0,0,0.42,0,0.42,0,0,0.42,0,0,0,0,0,0,28.8,2,171.428571428571,1404761.9047619,452380.952380952,952380.952380952,0,0,0,261904.761904762,0,190476.19047619,0,0,0,0,952380.952380952,1612857.14285714,122380.952380952,0,0,28571.4285714286,1619047.61904762,0,66666.6666666667,314412.698412698,96800,411212.698412698,380952.380952381,1142857.14285714,0,1142857.14285714,5969990.47619048,2785714.28571429,204761.904761905,8960466.66666667,8740639.10964722,177966.958213651,149774.710150952,327741.668364603,10000,1904.7619047619,0,0,5771.42857142857,15771.4285714286,15000000,17314285.7142857,32314285.7142857,0,0,0,0,476.190476190476,0,5.71428571428571,481.904761904762,0,0,0,0,2380.95238095238,2380.95238095238,278.571428571429,126.190476190476,152.380952380952,114.285714285714,76.1904761904762,38.0952380952381,92.8571428571428,38.0952380952381,523.809523809524,0,0,0,0,0,0,0,114.285714285714,0,0,285.714285714286,45.2380952380952,0,0,0,0,19.047619047619,0,0,0,59.5238095238095,0,0,0,0,0,0,0,0,0,0,0,0,0,0,0,0,0,0,0,7580204.16189198,23573646.6046385,28043555.5396825,14850244.4603175,1470598.81122175,16320843.2715392,15993442.4427465,81.4
4,0,0,0,120000,0,0,0,0,0,0,360000,99,1,243327,6,0.56,0.56,0,0,0,0.56,0.56,0,0,0,0,0,0,0,0,0.45,0.45,0,0,0,0.45,0.45,0,0,0,0,0,0,0,0,21,2,444.444444444444,1066666.66666667,266666.666666667,800000,0,0,0,266666.666666667,0,0,0,0,0,0,800000,66666.6666666667,66666.6666666667,0,0,0,0,0,0,11259.2592592593,64533.3333333333,75792.5925925926,320000,888888.888888889,0,888888.888888889,8179075.55555556,0,0,8179075.55555556,1839119.59259259,101358.666158519,101684.654496889,203043.320655407,1822.22222222222,0,911.111111111111,22.2222222222222,3666.22222222222,5488.44444444445,3511111.11111111,9218075.55555556,12729186.6666667,0,0,0,0,444.444444444444,0,0,444.444444444444,0,0,0,0,1333.33333333333,1333.33333333333,515.555555555556,266.666666666667,248.888888888889,0,0,0,35.5555555555556,0,551.111111111111,0,0,0,0,0,0,0,17.7777777777778,0,53.3333333333333,408.888888888889,35.5555555555556,0,0,0,0,0,17.7777777777778,0,0,17.7777777777778,0,0,0,0,0,0,0,0,0,0,0,0,0,0,0,0,0,0,0,9271007.76509985,10890067.0740741,10890067.0740741,10018195.1481481,1091932.2095443,11110127.3576924,1619059.30897423,81.4
4,0,0,0,120000,0,0,0,57000,0,0,0,99,1,243327,6,0.33,0.33,0,0,0,0.33,0.33,0,0,0,0,0,0,0,0,0.33,0.33,0,0,0,0.33,0.33,0,0,0,0,0,0,0,0,21,1,212.121212121212,536363.636363636,363636.363636364,172727.272727273,0,0,0,363636.363636364,0,0,0,172727.272727273,0,0,0,0,0,0,0,0,0,0,0,121212.121212121,52800,174012.121212121,0,909090.909090909,0,909090.909090909,6216860.60606061,0,0,6216860.60606061,953702.757575758,67964.6086101818,73216.0936078788,141180.702218061,2424.24242424242,6.06060606060606,0,0,18.3636363636364,2442.60606060606,3636363.63636364,55090.9090909091,3691454.54545455,0,0,0,0,606.060606060606,0,0,606.060606060606,0,909.090909090909,0,0,0,909.090909090909,424.242424242424,266.666666666667,157.575757575758,0,0,0,0,0,424.242424242424,0,0,0,0,0,0,0,0,0,36.3636363636364,254.545454545455,60.6060606060606,0,0,0,0,0,0,0,0,72.7272727272727,0,0,0,0,0,0,0,0,0,0,0,0,0,0,0,0,0,0,0,7267132.21736958,2737751.78787879,2737751.78787879,7170563.36363636,1050271.61130897,8220834.97494533,-4529380.42949079,81.4
4,0,0,0,120000,0,0,112500,0,0,0,60000,38,1,242051,6,0.27,0,0.27,0,0,0.27,0,0.27,0,0,0,0,0,0,0,0.27,0,0.27,0,0,0.27,0,0.27,0,0,0,0,0,0,0,24,2,388.888888888889,1083333.33333333,444444.444444444,638888.888888889,0,0,0,444444.444444444,0,0,416666.666666667,0,0,0,222222.222222222,484074.074074074,111111.111111111,3277777.77777778,0,0,0,0,0,1965432.09876543,19493.1773879142,1984925.27615335,0,703703.703703704,0,703703.703703704,9825718.51851852,7295255.55555556,0,17120974.0740741,14478528.1280052,-43306.0163807667,239354.038310926,196048.021930159,14814.8148148148,0,0,0,0,14814.8148148148,14814814.8148148,0,14814814.8148148,0,0,0,0,740.740740740741,0,0,740.740740740741,1851.85185185185,0,0,0,444.444444444444,2296.2962962963,703.703703703704,37.037037037037,666.666666666667,496.296296296296,318.518518518518,177.777777777778,48.1481481481481,0,1248.14814814815,0,0,0,0,0,0,0,51.8518518518518,0,444.444444444444,574.074074074074,11.1111111111111,0,0,0,0,37.037037037037,59.2592592592593,0,0,70.3703703703704,0,0,0,0,0,0,0,0,0,0,0,0,0,0,0,0,0,0,0,10725470.2441524,336286.686809616,7631542.24236517,24304246.6465237,899751.725633863,25203998.3721576,-10389183.5573428,104.558823529412
4,0,0,0,120000,0,0,450000,0,0,0,1450000,38,2,242051,5,0.73,0,0.73,0,0,0.73,0,0.73,0,0,0,0,0,0,0,0.73,0,0.73,0,0,0.73,0,0.73,0,0,0,0,0,0,0,33,2,538.356164383562,2767123.28767123,164383.561643836,2602739.7260274,0,0,0,164383.561643836,0,0,616438.356164384,0,0,0,1986301.36986301,863835.616438356,101369.863013699,11849315.0684932,0,0,0,0,0,563652.96803653,17447.7289113194,581100.696947849,0,328767.123287671,0,328767.123287671,16457594.5205479,6221054.79452055,0,22678649.3150685,22625850.3270848,27223.9381299207,414804.707237123,442028.645367044,73287.6712328767,0,0,0,0,73287.6712328767,93835616.4383562,0,93835616.4383562,0,0,0,0,273.972602739726,0,0,273.972602739726,2739.72602739726,0,0,0,4109.58904109589,6849.31506849315,979.452054794521,589.041095890411,390.41095890411,435.616438356164,238.356164383562,197.260273972603,90.4109589041096,0,1505.47945205479,0,0,0,0,0,0,0,36.986301369863,0,726.027397260274,605.479452054794,10.958904109589,0,0,0,0,0,54.7945205479452,0,0,71.2328767123288,0,0,0,0,0,0,0,0,0,0,0,0,0,0,0,0,0,0,0,17228390.2892027,71209766.1112713,77430820.9057919,39083444.8476328,770795.768654715,39854240.6162875,53981375.8220687,49.0555555555556
4,0,0,0,12900,0,0,64500,0,0,0,743700,37,2,256777,6,0.71,0.14,0.55,0,0.02,0.67,0.14,0.51,0,0.02,0.04,0,0.04,0,0,0.64,0.14,0.48,0,0.02,0.6,0.14,0.44,0,0.02,0.04,0,0.04,0,0,50.1818181818182,2,409.375,1282968.75,20156.25,1262812.5,0,0,0,20156.25,0,0,100781.25,0,0,0,1162031.25,1306312.5,378906.25,3070312.5,0,0,0,0,15625,1261812.5,54450,1316262.5,450000,621875,70312.5,692187.5,18274078.125,7820898.4375,0,26094976.5625,15968375.4375,197860.451301562,348549.306955078,546409.758256641,20312.5,0,0,0,0,20312.5,20312500,0,20312500,0,0,0,0,93.75,0,0,93.75,468.75,0,0,0,3687.5,4156.25,759.375,675,84.375,567.1875,489.0625,78.125,279.6875,0,1606.25,0,0,0,9.375,0,0,0,128.125,0,484.375,578.125,81.25,0,0,9.375,0,56.25,67.1875,0,0,192.1875,0,0,0,0,0,0,0,0,0,0,0,0,0,0,0,0,0,0,0,19442362.8832566,4344124.5625,12235335.5,34172141.0625,1238597.25825664,35410738.3207566,-15098238.3207566,68.8181818181818
4,0,0,0,129600,0,0,1260000,0,0,0,0,36,2,251508,6,0.66,0,0.66,0,0,0.66,0,0.66,0,0,0,0,0,0,0,0.66,0,0.66,0,0,0.66,0,0.66,0,0,0,0,0,0,0,22,1,151.515151515152,2105454.54545455,196363.636363636,1909090.90909091,0,0,0,196363.636363636,0,0,1909090.90909091,0,0,0,0,504090.909090909,328787.878787879,227272.727272727,0,0,0,0,0,138888.888888889,0,138888.888888889,133333.333333333,242424.242424242,0,242424.242424242,7735213.63636364,2244468.18181818,0,9979681.81818182,5933804.46464646,27170.3795277778,142516.610331061,169686.989858838,6060.60606060606,0,0,0,0,6060.60606060606,9090909.09090909,0,9090909.09090909,0,0,0,0,363.636363636364,0,0,363.636363636364,9090.90909090909,0,0,0,0,9090.90909090909,353.030303030303,198.484848484848,154.545454545455,190.909090909091,45.4545454545455,145.454545454545,121.212121212121,0,665.151515151515,0,0,0,0,0,0,0,96.969696969697,0,0,266.666666666667,87.8787878787879,0,0,69.6969696969697,0,0,60.6060606060606,0,0,83.3333333333333,0,0,0,0,0,0,0,0,0,0,0,0,0,0,0,0,0,0,0,8147324.86864672,3157104.62626263,5401572.80808081,13669018.1010101,412111.232283081,14081129.3332932,-4990220.24238409,55.2666666666667
4,0,0,0,130000,0,0,0,0,0,0,160000,37,1,256777,6,0.33,0,0.33,0,0,0.33,0,0.33,0,0,0,0,0,0,0,0.33,0,0.33,0,0,0.33,0,0.33,0,0,0,0,0,0,0,24.3333333333333,2,303.030303030303,878787.878787879,393939.393939394,484848.484848485,0,0,0,393939.393939394,0,0,0,0,0,0,484848.484848485,1190606.06060606,416303.03030303,0,0,227272.727272727,0,0,24242.4242424242,164072.727272727,310933.333333333,475006.060606061,0,545454.545454545,0,545454.545454545,4402333.33333333,0,0,4402333.33333333,3468995.18181818,260541.118545697,77404.4529772727,337945.57152297,8145.45454545455,0,0,0,0,8145.45454545455,8145454.54545454,0,8145454.54545454,0,0,0,0,606.060606060606,0,0,606.060606060606,0,0,0,0,2424.24242424242,2424.24242424242,154.545454545455,48.4848484848485,106.060606060606,0,0,0,106.060606060606,0,260.606060606061,0,0,0,0,0,0,0,90.9090909090909,0,0,0,0,0,0,0,0,0,48.4848484848485,0,0,121.212121212121,0,0,0,0,0,0,0,0,0,0,0,0,0,0,0,0,0,0,0,5285733.45031085,4676459.36363636,4676459.36363636,7871328.51515151,883400.116977515,8754728.63212903,-609274.086674485,96.0131578947368
4,0,0,0,130000,0,0,0,0,0,0,320000,37,1,256777,6,0.51,0,0.51,0,0,0.51,0,0.51,0,0,0,0,0,0,0,0.34,0,0.34,0,0,0.34,0,0.34,0,0,0,0,0,0,0,21,2,223.529411764706,1323529.41176471,382352.941176471,941176.470588235,0,0,0,382352.941176471,0,0,0,0,0,0,941176.470588235,1449117.64705882,719941.176470588,1147058.82352941,0,147058.823529412,0,0,44117.6470588235,105882.352941176,161832.817337461,267715.170278638,0,941176.470588235,0,941176.470588235,9818158.82352941,385294.117647059,0,10203452.9411765,5740609.81733746,136265.741059913,162996.363497353,299262.104557266,4741.17647058824,0,0,0,0,4741.17647058824,4741176.47058824,0,4741176.47058824,0,0,0,0,588.235294117647,0,0,588.235294117647,0,0,0,0,4705.88235294118,4705.88235294118,479.411764705882,152.941176470588,326.470588235294,23.5294117647059,23.5294117647059,0,150,0,652.941176470588,0,0,0,0,0,0,0,152.941176470588,0,94.1176470588235,235.294117647059,23.5294117647059,0,0,0,0,0,0,0,0,147.058823529412,0,0,0,0,0,0,0,0,0,0,0,0,0,0,0,0,0,0,0,11058597.3986749,-999433.346749226,-614139.229102167,15558768.6408669,1240438.5751455,16799207.2160124,-12058030.7454241,96.0131578947368
4,0,0,0,134500,12000,18000,0,0,0,0,500000,37,1,256777,6,0.24,0,0.24,0,0,0.24,0,0.24,0,0,0,0,0,0,0,0.24,0,0.24,0,0,0.24,0,0.24,0,0,0,0,0,0,0,67,2,500,2768750,685416.666666667,2083333.33333333,0,0,0,560416.666666667,50000,75000,0,0,0,0,2083333.33333333,323333.333333333,130833.333333333,0,0,0,0,0,20833.3333333333,0,130680,130680,0,1354166.66666667,0,1354166.66666667,13917925,17906600,0,31824525,21537807,135303.141501,380197.96365375,515501.10515475,20833.3333333333,0,0,0,0,20833.3333333333,31250000,0,31250000,0,0,0,0,1333.33333333333,83.3333333333333,2.08333333333333,1418.75,0,0,0,0,8333.33333333333,8333.33333333333,954.166666666667,470.833333333333,483.333333333333,1133.33333333333,600,533.333333333333,12.5,83.3333333333333,2183.33333333333,0,0,0,0,0,0,0,66.6666666666667,0,166.666666666667,1816.66666666667,91.6666666666667,0,0,0,0,0,0,0,0,41.6666666666667,0,0,0,0,0,0,0,0,0,0,0,0,0,0,0,0,0,0,0,15787592.7718214,9712193,27618793,35455732,1869667.77182142,37325399.7718214,-6075399.77182142,96.0131578947368
4,0,0,0,140000,0,4770,75000,0,0,0,0,33,1,235300,6,0.41,0,0.41,0,0,0.41,0,0.41,0,0,0,0,0,0,0,0.4,0,0.4,0,0,0.4,0,0.4,0,0,0,0,0,0,0,15,2,325,549425,361925,187500,0,0,0,350000,0,11925,187500,0,0,0,0,68500,50000,0,0,0,0,0,200000,296000,0,296000,0,101375,0,101375,6670040,0,0,6670040,1399225,15546.9261,81723.97824225,97270.90434225,450,0,150,0,592.5,1042.5,675000,1481250,2156250,0,0,0,0,1000,0,0.75,1000.75,1500,0,0,0,0,1500,332.5,225,107.5,0,0,0,75,0,407.5,0,0,0,0,0,0,0,25,0,15,160,45,0,0,0,0,37.5,37.5,0,0,87.5,0,0,0,0,0,0,0,0,0,0,0,0,0,0,0,0,0,0,0,6868685.90434225,757025,757025,8069265,198645.90434225,8267910.90434225,-6111660.90434225,66.3846153846154
4,0,0,0,14300,0,40500,0,32000,0,0,0,33,1,235300,5,1.12,0,0.91,0.17,0.04,0.92,0,0.71,0.17,0.04,0.2,0,0.2,0,0,0.16,0,0.11,0.03,0.02,0.14,0,0.09,0.03,0.02,0.02,0,0.02,0,0,27.6666666666667,2,387.5,542500,342500,200000,0,0,0,89375,0,253125,0,200000,0,0,0,230125,293750,0,0,1468750,0,0,0,754800,79668.9473684211,834468.947368421,0,3312500,625000,3937500,17025068.75,2865300,0,19890368.75,7095193.94736842,152035.461657663,243129.354314688,395164.815972351,0,0,4500,0,17775,17775,0,44437500,44437500,0,0,0,0,162.5,0,17.5,180,0,1000,0,0,0,1000,925,475,450,200,100,100,175,0,1300,0,0,0,0,0,0,0,350,0,0,700,125,0,0,0,0,0,0,0,0,125,0,0,0,0,0,0,0,0,0,0,0,0,0,0,0,0,0,0,0,20732733.5659724,37342306.0526316,40832606.0526316,23495262.6973684,4332664.81597235,27827927.5133408,16609572.4866592,66.3846153846154
4,0,0,0,150000,0,0,0,0,0,0,320000,38,2,242051,6,1.33,0,1.33,0,0,1.33,0,1.33,0,0,0,0,0,0,0,0.67,0,0.67,0,0,0.67,0,0.67,0,0,0,0,0,0,0,34.3333333333333,2,365.671641791045,701492.537313433,223880.597014925,477611.940298508,0,0,0,223880.597014925,0,0,0,0,0,0,477611.940298508,1013134.32835821,207761.194029851,1938805.97014925,0,0,0,0,0,798009.950248756,68626.8656716418,866636.815920398,0,298507.462686567,0,298507.462686567,4605407.46268657,1756316.41791045,0,6361723.88059702,6726198.26368159,125385.386708408,110833.297963806,236218.684672214,16417.9104477612,0,0,0,0,16417.9104477612,16417910.4477612,0,16417910.4477612,0,0,0,0,447.761194029851,0,0,447.761194029851,0,0,0,0,1194.02985074627,1194.02985074627,241.791044776119,177.611940298507,64.1791044776119,110.44776119403,110.44776119403,0,43.2835820895522,0,395.522388059702,0,0,0,0,0,0,0,153.731343283582,0,0,134.328358208955,29.8507462686567,0,0,0,0,0,22.3880597014925,0,0,55.2238805970149,0,0,0,0,0,0,0,0,0,0,0,0,0,0,0,0,0,0,0,5140133.61004535,9691712.1840796,11448028.6019901,11331605.7263682,534726.147358781,11866331.8737269,4551578.57403425,49.0555555555556
4,0,0,0,150000,0,0,66000,0,0,0,172000,37,1,256777,6,0.26,0,0.26,0,0,0.26,0,0.26,0,0,0,0,0,0,0,0.26,0,0.26,0,0,0.26,0,0.26,0,0,0,0,0,0,0,26.1666666666667,2,261.538461538462,1492307.69230769,576923.076923077,915384.615384615,0,0,0,576923.076923077,0,0,253846.153846154,0,0,0,661538.461538462,323653.846153846,443807.692307692,1668461.53846154,615384.615384615,1134615.38461538,0,2180769.23076923,153846.153846154,1603938.46153846,94056.6801619433,1697995.1417004,0,615384.615384615,0,615384.615384615,29870184.6153846,3463942.30769231,0,33334126.9230769,13431560.6032389,154026.406813215,448269.410659423,602295.817472638,17500,0,0,0,0,17500,17500000,0,17500000,0,0,0,0,1153.84615384615,0,0,1153.84615384615,1538.46153846154,0,0,0,1538.46153846154,3076.92307692308,1511.53846153846,1123.07692307692,388.461538461538,211.538461538462,211.538461538462,0,303.846153846154,0,2026.92307692308,0,0,0,0,0,0,0,161.538461538462,0,596.153846153846,596.153846153846,53.8461538461538,0,0,30.7692307692308,0,15.3846153846154,84.6153846153846,0,0,315.384615384615,0,0,0,0,173.076923076923,0,0,0,0,0,0,0,0,0,0,0,0,0,0,31087865.0482419,4068439.39676113,7532381.70445344,43301745.2186235,1217680.43285725,44519425.6514807,-27019425.6514807,96.0131578947368
4,0,0,0,150000,0,20000,0,0,0,0,258000,37,1,256777,6,0.34,0,0.34,0,0,0.27,0,0.27,0,0,0.07,0,0.07,0,0,0.29,0,0.29,0,0,0.27,0,0.27,0,0,0.02,0,0.02,0,0,33.2,2,234.48275862069,1475862.06896552,586206.896551724,889655.172413793,0,0,0,517241.379310345,0,68965.5172413793,0,0,0,0,889655.172413793,641379.310344827,307793.103448276,3501724.13793103,275862.068965517,172413.793103448,0,4259310.34482759,179310.344827586,2473268.96551724,658802.177858439,3132071.14337568,468965.517241379,2837931.03448276,206896.551724138,3044827.5862069,33571537.9310345,1738482.75862069,0,35310020.6896552,16616848.1433757,632195.033253895,500056.75041,1132251.78366389,12172.4137931034,0,0,0,0,12172.4137931034,15672413.7931034,0,15672413.7931034,0,0,0,0,1034.48275862069,0,3.44827586206897,1037.93103448276,0,0,0,0,2068.96551724138,2068.96551724138,1989.65517241379,1231.03448275862,758.620689655172,106.896551724138,106.896551724138,0,200,0,2296.55172413793,0,0,0,0,0,0,0,124.137931034483,0,282.758620689655,1055.1724137931,68.9655172413793,0,0,0,0,65.5172413793103,75.8620689655172,0,0,131.034482758621,0,0,0,0,493.103448275862,0,0,0,0,0,0,0,0,0,0,0,0,0,0,37541720.7491811,-944434.350272231,1000944.9600726,49981489.522686,4177079.36987079,54158568.8925568,-38486155.0994534,96.0131578947368
4,0,0,0,165000,0,0,0,200000,450000,0,0,33,2,235300,6,1.04,0.29,0.31,0.44,0,1.04,0.29,0.31,0.44,0,0,0,0,0,0,0.67,0.17,0.22,0.28,0,0.67,0.17,0.22,0.28,0,0,0,0,0,0,20.2,2,123.880597014925,1216417.91044776,246268.656716418,970149.253731343,0,0,0,246268.656716418,0,0,0,298507.462686567,671641.791044776,0,0,520298.507462686,111791.044776119,0,0,223880.597014925,0,0,0,298905.472636816,23405.3731343284,322310.845771144,17910.447761194,1731343.28358209,0,1731343.28358209,9115331.34328358,1615594.02985075,7462.68656716418,10738388.0597015,4264626.92755491,53210.0242244378,138889.950914925,192099.975139363,0,0,1008.9552238806,0,3985.37313432836,3985.37313432836,0,9963432.83582089,9963432.83582089,0,0,0,0,164.179104477612,0,0,164.179104477612,0,1492.53731343284,2238.80597014925,0,0,3731.34328358209,492.537313432836,268.65671641791,223.880597014925,107.462686567164,83.5820895522388,23.8805970149254,98.5074626865671,0,698.507462686567,0,0,0,0,0,0,0,197.014925373134,0,0,191.044776119403,107.462686567164,0,0,0,0,0,0,0,0,202.985074626866,0,0,0,0,0,0,0,0,0,0,0,0,0,0,0,0,0,0,0,11045113.7441019,5698805.90826598,7315523.48258706,13386297.4129353,1923443.25872145,15309740.6716568,-5346307.83583588,23.7777777777778
4,0,0,0,165000,0,0,640000,0,0,0,0,38,3,242051,6,1.98,0.66,1.32,0,0,1.98,0.66,1.32,0,0,0,0,0,0,0,1.98,0.66,1.32,0,0,1.98,0.66,1.32,0,0,0,0,0,0,0,36,2,282.828282828283,406565.656565657,83333.3333333333,323232.323232323,0,0,0,83333.3333333333,0,0,323232.323232323,0,0,0,0,358333.333333333,73232.3232323232,533939.393939394,0,0,0,0,0,35151.5151515152,338148.148148148,373299.663299663,0,151515.151515152,0,151515.151515152,2095427.77777778,73381.8181818182,0,2168809.5959596,2060803.18855219,313851.640501515,38388.9849373485,352240.625438864,3619.19191919192,0,0,0,0,3619.19191919192,3619191.91919192,0,3619191.91919192,0,0,0,0,151.515151515152,0,0,151.515151515152,2020.20202020202,0,0,0,0,2020.20202020202,111.111111111111,103.535353535354,7.57575757575758,4.54545454545455,4.54545454545455,0,16.6666666666667,0,132.323232323232,0,0,0,0,0,0,0,59.0909090909091,0,0,0,15.1515151515152,0,0,0,0,0,35.3535353535354,0,0,22.7272727272727,0,0,0,0,0,0,0,0,0,0,0,0,0,0,0,0,0,0,0,2599183.55473179,1558388.73063973,1631770.54882155,4156230.96632997,503755.776954015,4659986.74328398,-1040794.82409206,48.7272727272727
4,0,0,0,165000,0,0,86000,0,0,0,0,36,1,251508,6,0.38,0,0.38,0,0,0.38,0,0.38,0,0,0,0,0,0,0,0.19,0,0.19,0,0,0.19,0,0.19,0,0,0,0,0,0,0,22,2,526.315789473684,1321052.63157895,868421.052631579,452631.578947368,0,0,0,868421.052631579,0,0,452631.578947368,0,0,0,0,184000,1072631.57894737,289473.684210526,0,0,0,0,0,871578.947368421,249787.669172932,1121366.61654135,1929824.56140351,578947.368421053,0,578947.368421053,25130373.6842105,0,0,25130373.6842105,6169857.0726817,372838.298261173,303539.438242895,676377.736504068,8421.05263157895,0,0,210.526315789474,637.894736842105,9058.94736842105,12631578.9473684,2092294.7368421,14723873.6842105,0,0,0,0,1578.94736842105,0,0,1578.94736842105,10526.3157894737,0,0,0,0,10526.3157894737,1084.21052631579,710.526315789474,373.684210526316,0,0,0,415.789473684211,0,1500,0,0,0,0,0,0,0,221.052631578947,0,0,421.052631578947,105.263157894737,0,0,0,0,0,447.368421052632,0,0,305.263157894737,0,0,0,0,0,0,0,0,0,0,0,0,0,0,0,0,0,0,0,26385698.7891356,8554016.61152882,8554016.61152882,31300230.7568922,1255325.10492512,32555555.8618174,-17831682.1776068,90.8205128205128
4,0,0,0,165000,0,16000,0,0,0,0,0,99,1,243327,6,0.53,0,0,0.53,0,0,0,0,0,0,0.53,0,0,0.53,0,0.42,0,0,0.42,0,0,0,0,0,0,0.42,0,0,0.42,0,18,2,204.761904761905,430952.380952381,430952.380952381,0,0,0,0,392857.142857143,0,38095.2380952381,0,0,0,0,0,466666.666666667,14285.7142857143,0,0,0,0,0,71428.5714285714,186031.746031746,104761.904761905,290793.650793651,0,0,452380.952380952,452380.952380952,3147445.23809524,238095.238095238,0,3385540.47619048,2207930.17460317,127154.312993651,47365.8007370238,174520.113730675,119.047619047619,0,0,0,0,119.047619047619,178571.428571429,0,178571.428571429,0,0,0,0,714.285714285714,0,2.38095238095238,716.666666666667,0,0,0,0,0,0,204.761904761905,97.6190476190476,107.142857142857,0,0,0,11.9047619047619,11.9047619047619,228.571428571429,0,0,0,0,0,0,0,47.6190476190476,0,0,152.380952380952,19.047619047619,0,0,0,0,0,0,0,0,9.52380952380952,0,0,0,0,0,0,0,0,0,0,0,0,0,0,0,0,0,0,0,3321965.35182591,-2029358.74603175,-1338882.55555556,4902994.46031746,626901.066111627,5529895.52642909,-5351324.09785766,81.4
4,0,0,0,168000,0,0,0,0,0,0,0,37,1,256777,6,1.28,0,1.28,0,0,1.28,0,1.28,0,0,0,0,0,0,0,0.47,0,0.47,0,0,0.47,0,0.47,0,0,0,0,0,0,0,23.2,2,478.723404255319,357446.808510638,357446.808510638,0,0,0,0,357446.808510638,0,0,0,0,0,0,0,1417021.27659574,346808.510638298,4082553.19148936,0,0,0,0,0,1114525.95744681,117070.548712206,1231596.50615901,0,1080851.06382979,0,1080851.06382979,17374900,5486744.68085106,0,22861644.6808511,13178947.9742441,205696.04530727,315117.701266915,520813.746574185,21489.3617021277,0,0,0,0,21489.3617021277,32234042.5531915,0,32234042.5531915,0,0,0,0,851.063829787234,0,0,851.063829787234,0,0,0,0,0,0,876.595744680851,580.851063829787,295.744680851064,382.978723404255,191.489361702128,191.489361702128,191.489361702128,0,1451.06382978723,0,0,0,0,0,0,0,123.404255319149,0,510.63829787234,595.744680851064,12.7659574468085,0,0,0,0,0,42.5531914893617,0,0,165.957446808511,0,0,0,0,0,0,0,0,0,0,0,0,0,0,0,0,0,0,0,18976564.810404,19055094.5789474,24541839.2597984,30553847.9742441,1601664.81040397,32155512.7846481,78529.7685433999,96.0131578947368
4,0,0,0,168000,0,0,0,0,345000,0,800000,37,2,256777,6,0.51,0,0.51,0,0,0.51,0,0.51,0,0,0,0,0,0,0,0.51,0,0.51,0,0,0.51,0,0.51,0,0,0,0,0,0,0,57,2,392.156862745098,2574509.80392157,329411.764705882,2245098.03921569,0,0,0,329411.764705882,0,0,0,0,676470.588235294,0,1568627.45098039,197862.745098039,357843.137254902,5591176.47058824,0,0,0,0,0,310964.705882353,0,310964.705882353,0,1090196.07843137,0,1090196.07843137,17659562.745098,2568627.45098039,0,20228190.1960784,11857761.3137255,27085.2477741176,313861.239516765,340946.487290882,29607.8431372549,0,0,0,0,29607.8431372549,29607843.1372549,0,29607843.1372549,0,0,0,0,784.313725490196,0,0,784.313725490196,0,0,5882.35294117647,0,3921.56862745098,9803.92156862745,890.196078431372,558.823529411765,331.372549019608,156.862745098039,156.862745098039,0,203.921568627451,0,1250.98039215686,0,0,0,0,0,0,0,137.254901960784,0,411.764705882353,411.764705882353,58.8235294117647,0,0,0,0,0,39.2156862745098,0,0,192.156862745098,0,0,0,0,0,0,0,0,0,0,0,0,0,0,0,0,0,0,0,19090705.3108203,17750081.8235294,20318709.2745098,29517324.0588235,1431142.56572225,30948466.6245458,-1340623.48729088,68.8181818181818
4,0,0,0,168000,0,0,0,0,414000,0,480000,37,2,256777,6,0.87,0,0.87,0,0,0.87,0,0.87,0,0,0,0,0,0,0,0.52,0,0.52,0,0,0.52,0,0.52,0,0,0,0,0,0,0,37,2,288.461538461538,2042307.69230769,323076.923076923,1719230.76923077,0,0,0,323076.923076923,0,0,0,0,796153.846153846,0,923076.923076923,1187500,335096.153846154,1288461.53846154,0,0,0,0,0,893784.615384615,211627.530364372,1105412.14574899,0,1076923.07692308,0,1076923.07692308,9866015.38461538,11807282.6923077,42307.6923076923,21715605.7692308,18045885.8090646,258697.437159449,288051.486110096,546748.923269546,6884.61538461538,0,0,0,0,6884.61538461538,6884615.38461538,0,6884615.38461538,0,0,0,0,769.230769230769,0,0,769.230769230769,0,0,6923.07692307692,0,2307.69230769231,9230.76923076923,557.692307692308,15.3846153846154,542.307692307692,798.076923076923,413.461538461538,384.615384615385,132.692307692308,30.7692307692308,1519.23076923077,0,0,0,0,0,0,0,107.692307692308,0,500,692.307692307692,69.2307692307692,0,0,0,0,0,0,0,0,150,0,0,0,0,0,0,0,0,0,0,0,0,0,0,0,0,0,0,0,11508946.4907232,-11161270.4244492,669060.854251012,27931160.2995951,1623672.00019262,29554832.2997878,-22670216.9151724,68.8181818181818
4,0,0,0,17200,0,0,0,0,0,0,42500,37,1,256777,6,0.1,0,0,0,0.1,0.1,0,0,0,0.1,0,0,0,0,0,0.1,0,0,0,0.1,0.1,0,0,0,0.1,0,0,0,0,0,111,2,600,597000,172000,425000,0,0,0,172000,0,0,0,0,0,0,425000,1335000,95000,545000,0,0,0,0,0,2255200,0,2255200,0,1200000,0,1200000,11430080,4306820,0,15736900,9390797,115516.479752,198498.685685,314015.165437,5000,0,0,0,0,5000,11400000,0,11400000,0,0,0,0,800,0,0,800,0,0,0,0,1000,1000,870,70,800,300,170,130,40,0,1210,0,0,0,0,0,0,0,140,0,160,600,160,0,0,0,0,0,50,0,0,100,0,0,0,0,0,0,0,0,0,0,0,0,0,0,0,0,0,0,0,12944095.165437,2009203,6316023,20820877,1514015.165437,22334892.165437,-10934892.165437,96.0131578947368
4,0,0,0,17200,0,0,387000,0,0,0,0,37,1,256777,6,0.15,0,0.15,0,0,0.15,0,0.15,0,0,0,0,0,0,0,0.15,0,0.15,0,0,0.15,0,0.15,0,0,0,0,0,0,0,17,1,333.333333333333,2694666.66666667,114666.666666667,2580000,0,0,0,114666.666666667,0,0,2580000,0,0,0,0,1773333.33333333,53333.3333333333,2620000,0,0,0,0,0,868800,0,868800,0,666666.666666667,0,666666.666666667,7568526.66666667,5589653.33333333,180000,13338180,13933028.4665098,18047.444256,222031.715730333,240079.159986333,13333.3333333333,0,0,0,0,13333.3333333333,13333333.3333333,0,13333333.3333333,0,0,0,0,533.333333333333,0,0,533.333333333333,12000,0,0,0,0,12000,486.666666666667,0,486.666666666667,266.666666666667,160,106.666666666667,73.3333333333333,73.3333333333333,900,0,0,0,0,0,0,0,153.333333333333,0,133.333333333333,480,86.6666666666667,0,0,0,0,0,0,0,0,46.6666666666667,0,0,0,0,0,0,0,0,0,0,0,0,0,0,0,0,0,0,0,8578807.69347653,-599695.133176472,5066423,21605090.3333333,906745.826653,22511836.1599863,-9178502.826653,96.0131578947368
4,0,0,0,172000,0,72000,200000,0,0,0,50000,37,1,256777,6,0.32,0,0.32,0,0,0.32,0,0.32,0,0,0,0,0,0,0,0.3,0,0.3,0,0,0.3,0,0.3,0,0,0,0,0,0,0,57,2,666.666666666667,1646666.66666667,813333.333333333,833333.333333333,0,0,0,573333.333333333,0,240000,666666.666666667,0,0,0,166666.666666667,913333.333333333,571666.666666667,7770000,0,0,0,0,33333.3333333333,56320,0,56320,0,1666666.66666667,0,1666666.66666667,21546820,9054523.33333333,0,30601343.3333333,20302620.3333333,4723.8370048,450322.496699833,455046.333704633,33333.3333333333,0,0,0,0,33333.3333333333,33333333.3333333,0,33333333.3333333,0,0,0,0,600,0,6.66666666666667,606.666666666667,6666.66666666667,0,0,0,666.666666666667,7333.33333333333,1253.33333333333,566.666666666667,686.666666666667,623.333333333333,356.666666666667,266.666666666667,170,0,2046.66666666667,0,0,0,0,0,0,0,100,0,233.333333333333,1533.33333333333,103.333333333333,0,0,0,0,0,0,0,0,76.6666666666667,0,0,0,0,0,0,0,0,0,0,0,0,0,0,0,0,0,0,0,23668533.0003713,13030713,22085236.3333333,41849440.3333333,2121713.0003713,43971153.3337046,-10637820.0003713,96.0131578947368
4,0,0,0,18500,0,10000,33000,0,0,0,129000,37,2,256777,6,0.64,0,0.64,0,0,0.64,0,0.64,0,0,0,0,0,0,0,0.57,0,0.57,0,0,0.57,0,0.57,0,0,0,0,0,0,0,29.1666666666667,2,345.614035087719,334210.526315789,50000,284210.526315789,0,0,0,32456.1403508772,0,17543.8596491228,57894.7368421053,0,0,0,226315.789473684,1127368.42105263,126701.754385965,2462807.01754386,0,52631.5789473684,0,3192982.45614035,350877.192982456,677529.824561403,237754.385964912,915284.210526316,315789.473684211,1428070.1754386,0,1428070.1754386,19806642.1052632,4366666.66666667,0,24173308.7719298,13502096.2982456,219639.808082807,344990.92734193,564630.735424737,17052.6315789474,0,0,877.19298245614,2657.8947368421,19710.5263157895,25578947.3684211,8717894.73684211,34296842.1052632,0,0,0,0,70.1754385964912,0,1.75438596491228,71.9298245614035,350.877192982456,0,0,0,526.315789473684,877.19298245614,1182.45614035088,891.228070175438,291.228070175439,266.666666666667,266.666666666667,0,87.719298245614,0,1536.84210526316,0,0,0,0,0,0,0,115.789473684211,0,540.350877192982,280.701754385965,105.263157894737,0,0,0,0,17.5438596491228,157.894736842105,0,0,143.859649122807,0,0,0,0,175.438596491228,0,0,0,0,0,0,0,0,0,0,0,0,0,0,21799343.0161265,20794745.8070175,25161412.4736842,33308738.4035088,1992700.91086333,35301439.3143721,-1004597.20910895,68.8181818181818
4,0,0,0,195000,0,0,0,0,0,0,480000,37,2,256777,6,0.82,0,0.82,0,0,0.82,0,0.82,0,0,0,0,0,0,0,0.82,0,0.82,0,0,0.82,0,0.82,0,0,0,0,0,0,0,24,2,336.585365853659,823170.731707317,237804.87804878,585365.853658537,0,0,0,237804.87804878,0,0,0,0,0,0,585365.853658537,1129390.24390244,503365.853658537,1829268.29268293,0,0,0,0,26829.2682926829,14400,71574.8395378691,85974.8395378691,175609.756097561,975609.756097561,0,975609.756097561,7071470.73170732,2998107.31707317,0,10069578.0487805,7828493.3029525,84592.3429359435,155920.300083049,240512.643018992,10756.0975609756,0,0,0,0,10756.0975609756,10756097.5609756,0,10756097.5609756,0,0,0,0,365.853658536585,0,0,365.853658536585,0,0,0,0,2926.82926829268,2926.82926829268,393.90243902439,165.853658536585,228.048780487805,185.365853658537,117.073170731707,68.2926829268293,71.9512195121951,0,651.219512195122,0,0,0,0,0,0,0,41.4634146341463,0,219.512195121951,234.146341463415,24.390243902439,0,0,9.75609756097561,0,0,19.5121951219512,0,0,102.439024390244,0,0,0,0,0,0,0,0,0,0,0,0,0,0,0,0,0,0,0,8287593.13082387,2927604.25802311,5925711.57509628,14899964.0346598,1216122.39911655,16116086.4337764,-5359988.87280076,68.8181818181818
4,0,0,0,195000,0,0,0,0,0,0,800000,37,1,256777,6,0.6,0,0.6,0,0,0.6,0,0.6,0,0,0,0,0,0,0,0.43,0,0.43,0,0,0.43,0,0.43,0,0,0,0,0,0,0,31,2,279.06976744186,2313953.48837209,453488.372093023,1860465.11627907,0,0,0,453488.372093023,0,0,0,0,0,0,1860465.11627907,1007674.41860465,435395.348837209,558139.534883721,0,0,0,0,20930.2325581395,103441.860465116,127960.832313341,231402.692778458,0,1116279.06976744,0,1116279.06976744,5650469.76744186,0,0,5650469.76744186,4824272.71603427,109694.291295569,108270.818479767,217965.109775337,937.209302325581,0,0,0,0,937.209302325581,937209.302325581,0,937209.302325581,0,0,0,0,697.674418604651,0,0,697.674418604651,0,0,0,0,9302.32558139535,9302.32558139535,165.116279069767,23.2558139534884,141.860465116279,0,0,0,160.46511627907,0,325.581395348837,0,0,0,0,0,0,0,93.0232558139535,0,0,0,41.8604651162791,0,0,0,0,0,0,0,0,190.697674418605,0,0,0,0,0,0,0,0,0,0,0,0,0,0,0,0,0,0,0,6984713.94698464,-3887063.41370869,-3887063.41370869,10474742.4834761,1334244.17954278,11808986.6630189,-10871777.3606933,96.0131578947368
4,0,0,0,20000,0,0,45000,0,0,0,147000,38,2,242051,6,0.67,0.54,0.13,0,0,0.67,0.54,0.13,0,0,0,0,0,0,0,0.67,0.54,0.13,0,0,0.67,0.54,0.13,0,0,0,0,0,0,0,35.5,2,395.522388059701,316417.910447761,29850.7462686567,286567.164179104,0,0,0,29850.7462686567,0,0,67164.1791044776,0,0,0,219402.985074627,723880.597014925,102985.074626866,7208955.2238806,0,0,0,0,0,963184.07960199,67619.7957580518,1030803.87536004,0,376119.402985075,0,376119.402985075,4217856.71641791,5828235.82089552,0,10046092.5373134,15453329.5022257,-70167.4540426289,199468.26900791,129300.814965282,33208.9552238806,0,0,0,0,33208.9552238806,34328358.2089552,0,34328358.2089552,0,0,0,0,59.7014925373134,0,0,59.7014925373134,298.507462686567,0,0,0,447.761194029851,746.268656716418,134.328358208955,0,134.328358208955,398.507462686567,256.716417910448,141.791044776119,113.432835820896,0,646.268656716418,0,0,0,0,0,0,0,32.8358208955224,0,261.194029850746,173.134328358209,8.95522388059701,0,0,0,0,29.8507462686567,59.7014925373134,0,0,80.5970149253731,0,0,0,0,0,0,0,0,0,0,0,0,0,0,0,0,0,0,0,4723276.93436827,18875028.7067295,24703264.527625,19671186.2186436,505420.217950356,20176606.436594,14151751.7723612,49.0555555555556
4,0,0,0,200000,0,0,810000,0,0,0,0,38,1,242051,6,0.4,0.1,0.3,0,0,0.4,0.1,0.3,0,0,0,0,0,0,0,0.4,0.1,0.3,0,0,0.4,0.1,0.3,0,0,0,0,0,0,0,27,2,525,2525000,500000,2025000,0,0,0,500000,0,0,2025000,0,0,0,0,1313250,72500,4225000,0,0,0,0,0,189000,63684.2105263158,252684.210526316,0,500000,0,500000,9469887.5,4665505,0,14135392.5,13295990.2105263,65278.658815,241455.932085125,306734.590900125,25000,0,0,0,0,25000,25000000,0,25000000,0,0,0,0,1000,0,0,1000,9000,0,0,0,0,9000,510,330,180,320,195,125,87.5,0,917.5,17.5,0,0,0,0,0,0,35,0,300,310,20,0,0,0,0,45,75,0,0,115,0,0,0,0,0,0,0,0,0,0,0,0,0,0,0,0,0,0,0,10276622.0909001,11704009.7894737,16369514.7894737,22765877.7105263,806734.590900125,23572612.3014264,1427387.69857356,104.558823529412
4,0,0,0,210000,0,0,0,0,0,0,240000,37,1,256777,6,0.35,0,0.35,0,0,0.35,0,0.35,0,0,0,0,0,0,0,0.35,0,0.35,0,0,0.35,0,0.35,0,0,0,0,0,0,0,47,1,242.857142857143,1285714.28571429,600000,685714.285714286,0,0,0,600000,0,0,0,0,0,0,685714.285714286,1474285.71428571,250000,3495142.85714286,0,0,0,0,0,535478.857142857,157209.022556391,692687.879699248,0,742857.142857143,0,742857.142857143,7899028.57142857,13437320,0,21336348.5714286,20891927.7368421,137219.107300032,301847.705546571,439066.812846604,18857.1428571429,0,0,0,0,18857.1428571429,18857142.8571429,0,18857142.8571429,0,0,0,0,1428.57142857143,0,0,1428.57142857143,0,0,0,0,1714.28571428571,1714.28571428571,500,0,500,931.428571428571,502.857142857143,428.571428571429,80,0,1511.42857142857,0,0,0,0,0,0,0,68.5714285714286,0,428.571428571429,857.142857142857,34.2857142857143,0,0,0,0,0,22.8571428571429,0,0,100,0,0,0,0,0,0,0,0,0,0,0,0,0,0,0,0,0,0,0,9080952.52713232,-2034784.87969925,11402535.1203008,28790956.3082707,1181923.95570375,29972880.2639744,-11115737.4068316,96.0131578947368
4,0,0,0,215000,0,0,430000,0,0,0,0,37,2,256777,6,0.85,0,0.85,0,0,0.85,0,0.85,0,0,0,0,0,0,0,0.85,0,0.85,0,0,0.85,0,0.85,0,0,0,0,0,0,0,43.6666666666667,2,211.764705882353,758823.529411765,252941.176470588,505882.352941177,0,0,0,252941.176470588,0,0,505882.352941177,0,0,0,0,1292294.11764706,65294.1176470588,1082352.94117647,0,0,0,0,0,438494.117647059,0,438494.117647059,0,211764.705882353,0,211764.705882353,11054322.3529412,3660294.11764706,0,14714616.4705882,7554329.94117647,35288.8819863529,194210.609031882,229499.491018235,23529.4117647059,0,0,0,0,23529.4117647059,23529411.7647059,0,23529411.7647059,0,0,0,0,1176.47058823529,0,0,1176.47058823529,2352.94117647059,0,0,0,0,2352.94117647059,520,392.941176470588,127.058823529412,223.529411764706,223.529411764706,0,138.823529411765,0,882.352941176471,0,0,0,0,0,0,0,188.235294117647,0,376.470588235294,223.529411764706,18.8235294117647,0,0,0,0,0,0,0,0,75.2941176470588,0,0,0,0,0,0,0,0,0,0,0,0,0,0,0,0,0,0,0,11495586.5498418,15975081.8235294,19635375.9411765,18608652.2941176,441264.196900588,19049916.4910182,4479495.27368765,68.8181818181818
4,0,0,0,22000,0,0,0,0,0,0,358000,33,1,235300,6,0.68,0,0.68,0,0,0.68,0,0.68,0,0,0,0,0,0,0,0.14,0,0.14,0,0,0.14,0,0.14,0,0,0,0,0,0,0,18.75,2,214.285714285714,2714285.71428571,157142.857142857,2557142.85714286,0,0,0,157142.857142857,0,0,0,0,0,0,2557142.85714286,830000,239285.714285714,0,0,0,0,0,0,555619.047619048,488888.888888889,1044507.93650794,0,205714.285714286,0,205714.285714286,9201200,2200028.57142857,0,11401228.5714286,7263407.93650794,579775.027823175,164628.28692,744403.314743175,1142.85714285714,0,0,0,0,1142.85714285714,1142857.14285714,0,1142857.14285714,0,0,0,0,285.714285714286,0,0,285.714285714286,0,0,0,0,5714.28571428571,5714.28571428571,400,0,400,142.857142857143,142.857142857143,0,200,0,742.857142857143,0,0,0,0,0,0,0,200,0,0,0,200,0,0,0,0,114.285714285714,0,0,0,228.571428571429,0,0,0,0,0,0,0,0,0,0,0,0,0,0,0,0,0,0,0,10151317.6004575,-6120550.79365079,-3920522.22222222,16464607.9365079,950117.60045746,17414725.5369654,-16271868.3941083,66.3846153846154
4,0,0,0,22000,0,24000,0,360000,0,0,0,99,1,243327,6,0.43,0,0.26,0.17,0,0.23,0,0.23,0,0,0.2,0,0.03,0.17,0,0.43,0,0.26,0.17,0,0.23,0,0.23,0,0,0.2,0,0.03,0.17,0,66.25,2,141.860465116279,944186.046511628,106976.744186047,837209.302325581,0,0,0,51162.7906976744,0,55813.9534883721,0,837209.302325581,0,0,0,416279.069767442,46046.511627907,0,0,0,767441.860465116,0,51162.7906976744,1368372.09302326,339290.085679315,1707662.17870257,116279.069767442,697674.418604651,2093023.25581395,2790697.6744186,2613883.72093023,3127906.97674419,272093.023255814,6013883.72093023,9661540.58555512,327281.413645043,89324.35435,416605.767995043,5767.44186046512,2325.58139534884,0,0,7046.51162790698,12813.9534883721,8651162.79069767,21139534.8837209,29790697.6744186,0,0,0,0,93.0232558139535,0,3.48837209302326,96.5116279069767,0,9302.32558139535,0,0,0,9302.32558139535,155.813953488372,55.8139534883721,100,111.627906976744,93.0232558139535,18.6046511627907,20.9302325581395,46.5116279069767,334.883720930233,0,0,0,0,0,0,0,46.5116279069767,0,0,241.860465116279,37.2093023255814,0,0,0,0,0,0,0,0,9.30232558139535,0,0,0,0,0,0,0,0,0,0,0,0,0,0,0,0,0,0,0,3852031.10532854,20129157.0888635,26265755.0073439,10306268.24847,3207303.44241365,13513571.6908837,16277125.9835349,81.4
4,0,0,0,220000,0,0,0,400000,0,0,0,38,2,242051,5,0.62,0,0.62,0,0,0.62,0,0.62,0,0,0,0,0,0,0,0.62,0,0.62,0,0,0.62,0,0.62,0,0,0,0,0,0,0,32.6666666666667,2,282.258064516129,1000000,354838.709677419,645161.290322581,0,0,0,354838.709677419,0,0,0,645161.290322581,0,0,0,731451.612903226,208870.967741935,4000806.4516129,0,0,0,0,0,82709.6774193548,287537.634408602,370247.311827957,0,258064.516129032,0,258064.516129032,7704922.58064516,892767.741935484,0,8597690.32258064,7446195.08602151,279735.577154086,157624.790858387,437360.368012473,22741.935483871,0,0,0,0,22741.935483871,42903225.8064516,0,42903225.8064516,0,0,0,0,483.870967741935,0,0,483.870967741935,0,6451.61290322581,0,0,0,6451.61290322581,488.709677419355,343.548387096774,145.161290322581,54.8387096774194,54.8387096774194,0,20.9677419354839,0,564.516129032258,0,0,0,0,0,0,0,72.5806451612903,0,0,274.193548387097,53.2258064516129,0,0,0,0,0,32.258064516129,0,0,132.258064516129,0,0,0,0,0,0,0,0,0,0,0,0,0,0,0,0,0,0,0,8400347.46478667,35457030.7204301,36349798.4623656,15151117.6666667,695424.884141505,15846542.5508082,27056683.2556434,49.0555555555556
4,0,0,0,220000,0,20000,640000,0,0,0,0,38,1,242051,6,0.39,0,0.39,0,0,0.39,0,0.39,0,0,0,0,0,0,0,0.39,0,0.39,0,0,0.39,0,0.39,0,0,0,0,0,0,0,31,2,423.076923076923,2256410.25641026,615384.615384615,1641025.64102564,0,0,0,564102.564102564,0,51282.0512820513,1641025.64102564,0,0,0,0,1392307.69230769,256410.256410256,3625641.02564103,0,0,0,0,0,112820.512820513,731688.034188034,844508.547008547,0,256410.256410256,0,256410.256410256,5723410.25641026,1575646.15384615,0,7299056.41025641,10192974.9316239,686587.95711015,160779.779161026,847367.736271175,12820.5128205128,0,0,0,0,12820.5128205128,12820512.8205128,0,12820512.8205128,0,0,0,0,1025.64102564103,0,2.56410256410256,1028.20512820513,10256.4102564103,0,0,0,0,10256.4102564103,246.153846153846,246.153846153846,0,97.4358974358974,97.4358974358974,0,79.4871794871795,0,423.076923076923,0,0,0,0,0,0,0,97.4358974358974,0,0,153.846153846154,38.4615384615385,0,0,0,0,0,76.9230769230769,0,0,56.4102564102564,0,0,0,0,0,0,0,0,0,0,0,0,0,0,0,0,0,0,0,6827188.24909169,2627537.88888889,4203184.04273504,15916385.1880342,1103777.99268143,17020163.1807156,-4199650.3602028,104.558823529412
4,0,0,0,235400,0,10000,0,0,0,0,528000,38,3,242051,6,1.33,0,0.83,0.5,0,1.33,0,0.83,0.5,0,0,0,0,0,0,1.33,0,0.83,0.5,0,1.33,0,0.83,0.5,0,0,0,0,0,0,36,2,819.548872180451,581503.759398496,184511.278195489,396992.481203008,0,0,0,176992.481203008,0,7518.7969924812,0,0,0,0,396992.481203008,334887.218045113,110751.879699248,762218.045112782,0,0,0,0,0,333132.8320802,309323.308270677,642456.140350877,0,210526.315789474,0,210526.315789474,2554147.36842105,1329214.28571429,0,3883361.65413534,4003082.3283208,265230.016911779,61501.6725034962,326731.689415276,9398.4962406015,0,0,0,0,9398.4962406015,9398496.2406015,0,9398496.2406015,0,0,0,0,330.827067669173,0,0.225563909774436,331.052631578947,0,0,0,0,992.481203007519,992.481203007519,139.097744360902,139.097744360902,0,89.4736842105263,89.4736842105263,0,14.2857142857143,0,242.857142857143,0,0,0,0,0,0,0,85.7142857142857,0,15.0375939849624,100.751879699248,22.5563909774436,0,0,0,0,0,0,0,0,18.796992481203,0,0,0,0,0,0,0,0,0,0,0,0,0,0,0,0,0,0,0,3091405.3736258,5395413.9122807,6724628.19799499,6557229.69674185,537258.005204749,7094487.7019466,2304008.5386549,48.7272727272727
4,0,0,0,236500,0,0,0,0,0,0,1834500,37,3,256777,6,3.19,0,1.25,0,1.94,2.81,0,0.87,0,1.94,0.38,0,0.38,0,0,1.54,0,1.02,0,0.52,1.16,0,0.64,0,0.52,0.38,0,0.38,0,0,47.1666666666667,2,229.87012987013,1344805.19480519,153571.428571429,1191233.76623377,0,0,0,153571.428571429,0,0,0,0,0,0,1191233.76623377,1130844.15584416,79220.7792207792,1531168.83116883,0,0,0,0,7792.20779220779,108658.008658009,36563.007518797,145221.016176806,192207.792207792,329870.12987013,389610.389610389,719480.519480519,5545168.83116883,0,0,5545168.83116883,5077647.36682615,60500.7197485915,104502.66435,165003.384098591,5844.15584415584,0,0,0,0,5844.15584415584,5844155.84415584,0,5844155.84415584,0,0,0,0,714.285714285714,0,0,714.285714285714,0,0,0,0,2610.38961038961,2610.38961038961,262.337662337662,158.441558441558,103.896103896104,0,0,0,75.3246753246753,0,337.662337662338,0,0,0,0,0,0,0,49.3506493506493,0,103.896103896104,103.896103896104,41.5584415584415,0,0,0,0,0,32.4675324675325,0,0,6.49350649350649,0,0,0,0,0,0,0,0,0,0,0,0,0,0,0,0,0,0,0,6040042.34513755,766508.477329688,1156118.86694008,10233205.8083846,884483.903579111,11117689.7119637,-5273533.86780786,44.6666666666667
4,0,0,0,24000,0,0,0,0,0,0,0,99,1,243327,6,0.3,0,0.3,0,0,0.3,0,0.3,0,0,0,0,0,0,0,0.3,0,0.3,0,0,0.3,0,0.3,0,0,0,0,0,0,0,20,2,166.666666666667,80000,80000,0,0,0,0,80000,0,0,0,0,0,0,0,0,0,0,0,0,0,0,0,10666.6666666667,202105.263157895,212771.929824561,444444.444444444,1000000,0,1000000,3818020,0,0,3818020,980543.374269006,228932.23067883,42260.968533,271193.19921183,433.333333333333,0,0,0,0,433.333333333333,650000,0,650000,0,0,0,0,133.333333333333,0,0,133.333333333333,0,0,0,0,0,0,306.666666666667,20,286.666666666667,0,0,0,0,0,306.666666666667,0,0,0,0,0,0,0,0,0,6.66666666666667,266.666666666667,13.3333333333333,0,0,0,0,0,0,0,0,20,0,0,0,0,0,0,0,0,0,0,0,0,0,0,0,0,0,0,0,5089213.19921183,-330543.374269006,-330543.374269006,4798563.374269,1271193.19921183,6069756.57348084,-5419756.57348084,81.4
4,0,0,0,249000,0,0,0,0,0,0,0,37,1,256777,6,0.49,0,0.49,0,0,0.42,0,0.42,0,0,0.07,0,0.07,0,0,0.43,0,0.43,0,0,0.4,0,0.4,0,0,0.03,0,0.03,0,0,30,2,269.767441860465,579069.767441861,579069.767441861,0,0,0,0,579069.767441861,0,0,0,0,0,0,0,550000,141860.465116279,1783720.93023256,0,0,0,0,0,273413.953488372,42653.6107711138,316067.564259486,17860.4651162791,565581.395348837,88953.488372093,654534.88372093,11534130.2325581,0,0,11534130.2325581,3734309.68053856,53799.9096697577,158166.461814884,211966.371484641,8604.6511627907,0,0,0,0,8604.6511627907,8604651.1627907,0,8604651.1627907,0,0,0,0,1395.3488372093,0,0,1395.3488372093,0,0,0,0,0,0,702.325581395349,546.511627906977,155.813953488372,0,0,0,32.5581395348837,0,734.883720930233,0,0,0,0,0,0,0,74.4186046511628,0,93.0232558139535,497.674418604651,37.2093023255814,0,0,0,0,18.6046511627907,0,0,0,13.953488372093,0,0,0,0,0,0,0,0,0,0,0,0,0,0,0,0,0,0,0,12311677.9993916,4870341.48225214,4959294.97062424,15179486.4247246,866501.255205572,16045987.6799302,-7441336.51713948,96.0131578947368
4,0,0,0,25500,0,0,132000,0,0,0,0,37,1,256777,6,0.24,0,0.24,0,0,0.24,0,0.24,0,0,0,0,0,0,0,0.24,0,0.24,0,0,0.24,0,0.24,0,0,0,0,0,0,0,14.4,1,179.166666666667,656250,106250,550000,0,0,0,106250,0,0,550000,0,0,0,0,654583.333333333,48166.6666666667,0,0,0,0,0,416666.666666667,1509333.33333333,968000,2477333.33333333,0,2391666.66666667,0,2391666.66666667,7368908.33333333,2693466.66666667,0,10062375,7203243.66666667,893443.02986,128343.904435417,1021786.93429542,5983.33333333333,0,0,0,0,5983.33333333333,5983333.33333333,0,5983333.33333333,0,0,0,0,250,0,0,250,3333.33333333333,0,0,0,0,3333.33333333333,445.833333333333,208.333333333333,237.5,166.666666666667,166.666666666667,0,50,0,662.5,0,0,0,0,0,0,0,75,0,0,400,41.6666666666667,0,0,0,0,0,0,0,0,145.833333333333,0,0,0,0,0,0,0,0,0,0,0,0,0,0,0,0,0,0,0,10782361.9342954,-1219910.33333333,1473556.33333333,14572152,3413453.60096208,17985605.6009621,-12002272.2676288,96.0131578947368
4,0,0,0,26000,0,0,0,0,0,0,80000,37,1,256777,6,0.2,0,0.2,0,0,0.2,0,0.2,0,0,0,0,0,0,0,0.2,0,0.2,0,0,0.2,0,0.2,0,0,0,0,0,0,0,23.5,2,375,530000,130000,400000,0,0,0,130000,0,0,0,0,0,0,400000,1157500,868100,1000000,0,0,0,0,35000,128960,145200,274160,0,1500000,0,1500000,10462360,0,0,10462360,4121537,123294.5396616,152357.273784,275651.8134456,3110,0,0,0,0,3110,3110000,0,3110000,0,0,0,0,200,0,0,200,0,0,0,0,2000,2000,590,200,390,0,0,0,110,0,700,0,0,0,0,0,0,0,80,0,100,320,20,0,0,40,0,0,0,0,0,140,0,0,0,0,0,0,0,0,0,0,0,0,0,0,0,0,0,0,0,12238011.8134456,-1011537,-1011537,14583897,1775651.8134456,16359548.8134456,-13249548.8134456,96.0131578947368
4,0,0,0,26000,0,0,0,0,105000,0,0,37,1,256777,6,0.42,0,0.42,0,0,0.42,0,0.42,0,0,0,0,0,0,0,0.42,0,0.42,0,0,0.42,0,0.42,0,0,0,0,0,0,0,26,2,357.142857142857,311904.761904762,61904.7619047619,250000,0,0,0,61904.7619047619,0,0,0,0,250000,0,0,1257857.14285714,427023.809523809,571428.571428571,0,202380.952380952,0,0,42857.1428571429,98742.8571428571,161333.333333333,260076.19047619,274285.714285714,723809.523809524,0,723809.523809524,4941885.71428571,0,0,4941885.71428571,3604591.28571428,182781.793489143,84080.6612602381,266862.454749381,5600,0,0,0,0,5600,5600000,0,5600000,0,0,0,0,47.6190476190476,0,0,47.6190476190476,0,0,1666.66666666667,0,0,1666.66666666667,190.47619047619,38.0952380952381,152.380952380952,0,0,0,114.285714285714,0,304.761904761905,0,0,0,0,0,0,0,133.333333333333,0,0,0,76.1904761904762,0,0,0,0,0,0,0,0,95.2380952380952,0,0,0,0,0,0,0,0,0,0,0,0,0,0,0,0,0,0,0,5932557.69284462,1995408.71428571,1995408.71428571,8546477,990671.978558905,9537148.9785589,-3937148.9785589,96.0131578947368
4,0,0,0,260000,0,0,0,0,0,0,100000,37,2,256777,6,0.99,0,0.99,0,0,0.99,0,0.99,0,0,0,0,0,0,0,0.99,0,0.99,0,0,0.99,0,0.99,0,0,0,0,0,0,0,34,2,342.424242424242,363636.363636364,262626.262626263,101010.101010101,0,0,0,262626.262626263,0,0,0,0,0,0,101010.101010101,844646.464646465,325737.373737374,565656.565656566,0,0,0,0,46595.9595959596,69915.1515151515,61209.6544391281,131124.80595428,174545.454545455,1010101.01010101,0,1010101.01010101,4205167.67676768,0,0,4205167.67676768,2708719.98777246,77474.3465184178,68860.0938564646,146334.440374882,5501.0101010101,0,0,0,0,5501.0101010101,5501010.1010101,0,5501010.1010101,0,0,0,0,404.040404040404,0,0,404.040404040404,0,0,0,0,5050.50505050505,5050.50505050505,153.535353535354,52.5252525252525,101.010101010101,0,0,0,96.969696969697,0,250.505050505051,0,0,0,0,0,0,0,64.6464646464647,0,0,0,24.2424242424242,0,0,64.6464646464647,0,16.1616161616162,0,0,0,80.8080808080808,0,0,0,0,0,0,0,0,0,0,0,0,0,0,0,0,0,0,0,5361603.12724357,2792290.11323764,2792290.11323764,6913887.66454014,1156435.45047589,8070323.11501603,-2569313.01400593,68.8181818181818
4,0,0,0,260000,0,0,0,0,0,0,800000,37,2,256777,6,0.76,0,0.76,0,0,0.76,0,0.76,0,0,0,0,0,0,0,0.76,0,0.76,0,0,0.76,0,0.76,0,0,0,0,0,0,0,26,2,328.947368421053,1394736.84210526,342105.263157895,1052631.57894737,0,0,0,342105.263157895,0,0,0,0,0,0,1052631.57894737,1067894.73684211,501328.947368421,296052.631578947,0,0,0,0,26315.7894736842,116715.789473684,45249.3074792244,161965.096952909,0,894736.842105263,0,894736.842105263,7954573.68421053,1973684.21052632,0,9928257.89473684,5678755.25484764,46578.0042455318,143267.925436711,189845.929682242,6710.52631578947,0,0,0,0,6710.52631578947,6710526.31578947,0,6710526.31578947,0,0,0,0,526.315789473684,0,0,526.315789473684,0,0,0,0,5263.15789473684,5263.15789473684,425,181.578947368421,243.421052631579,105.263157894737,105.263157894737,0,93.4210526315789,0,623.684210526316,0,0,0,0,0,0,0,68.4210526315789,0,178.947368421053,184.210526315789,42.1052631578947,0,0,0,0,0,31.5789473684211,0,0,118.421052631579,0,0,0,0,0,0,0,0,0,0,0,0,0,0,0,0,0,0,0,9039156.45599803,1031771.06094183,3005455.27146814,13633328.9390582,1084582.77178751,14717911.7108457,-8007385.3950562,68.8181818181818
4,0,0,0,260000,0,0,0,0,1000000,0,0,37,2,256777,6,0.67,0,0.67,0,0,0.67,0,0.67,0,0,0,0,0,0,0,0.67,0,0.67,0,0,0.67,0,0.67,0,0,0,0,0,0,0,26,2,268.65671641791,1880597.01492537,388059.701492537,1492537.31343284,0,0,0,388059.701492537,0,0,0,0,1492537.31343284,0,0,1059104.47761194,362537.313432836,0,0,0,0,0,0,64955.223880597,82124.1162608013,147079.340141398,0,985074.626865672,0,985074.626865672,4875223.88059701,0,0,4875223.88059701,3706095.14611155,70358.9747564996,88657.1883358209,159016.16309232,3008.9552238806,0,0,0,0,3008.9552238806,3008955.2238806,0,3008955.2238806,0,0,0,0,597.014925373134,0,0,597.014925373134,0,0,14925.3731343284,0,0,14925.3731343284,155.223880597015,23.8805970149254,131.34328358209,0,0,0,131.34328358209,0,286.567164179104,0,0,0,0,0,0,0,83.5820895522388,0,0,0,47.7611940298507,0,0,0,0,47.7611940298507,0,0,0,107.462686567164,0,0,0,0,0,0,0,0,0,0,0,0,0,0,0,0,0,0,0,6019314.67055501,-697139.922230951,-697139.922230951,8581319.02670856,1144090.78995799,9725409.81666655,-6716454.59278596,68.8181818181818
4,0,0,0,260000,0,0,500000,0,0,0,0,38,1,242051,6,0.34,0,0.34,0,0,0.34,0,0.34,0,0,0,0,0,0,0,0.34,0,0.34,0,0,0.34,0,0.34,0,0,0,0,0,0,0,27.3333333333333,2,541.176470588235,2235294.11764706,764705.882352941,1470588.23529412,0,0,0,764705.882352941,0,0,1470588.23529412,0,0,0,0,1064411.76470588,117647.058823529,9441176.47058824,0,0,0,0,0,1674509.80392157,89907.1207430341,1764416.9246646,0,617647.058823529,0,617647.058823529,11807505.8823529,5147400,0,16954905.8823529,20012397.3364293,194546.10316388,323226.830756471,517772.933920351,29705.8823529412,0,0,0,0,29705.8823529412,29705882.3529412,0,29705882.3529412,0,0,0,0,1176.47058823529,0,0,1176.47058823529,11764.7058823529,0,0,0,0,11764.7058823529,623.529411764706,505.882352941176,117.647058823529,335.294117647059,276.470588235294,58.8235294117647,105.882352941176,0,1064.70588235294,0,0,0,0,0,0,0,70.5882352941176,0,235.294117647059,205.882352941176,17.6470588235294,0,0,0,0,73.5294117647059,64.7058823529412,0,0,397.058823529412,0,0,0,0,0,0,0,0,0,0,0,0,0,0,0,0,0,0,0,12942925.8750968,9693485.01651186,14840885.0165119,31819903.2187822,1135419.99274388,32955323.2115261,-3249440.85858496,104.558823529412
4,0,0,0,264000,0,50000,0,0,0,0,0,99,1,243327,6,0.4,0,0.4,0,0,0.4,0,0.4,0,0,0,0,0,0,0,0.4,0,0.4,0,0,0.4,0,0.4,0,0,0,0,0,0,0,31,2,235,785000,785000,0,0,0,0,660000,0,125000,0,0,0,0,0,468750,99500,0,0,30000,0,0,87500,288000,116160,404160,850000,2466665,0,2466665,11656152.5,2292500,0,13948652.5,5260737,227942.8290544,167171.765114125,395114.594168525,12100,0,0,0,0,12100,18150000,0,18150000,0,0,0,0,1200,0,5,1205,0,0,0,0,0,0,600,370,230,140,140,0,130,0,870,0,0,0,0,0,0,37.5,60,20,0,540,32.5,0,0,0,0,0,80,0,0,100,0,0,0,0,0,0,0,0,0,0,0,0,0,0,0,0,0,0,0,14517932.0941685,12889263,15181763,16916889.5,2861779.59416853,19778669.0941685,-1628669.09416853,81.4
4,0,0,0,275000,0,0,640000,0,0,0,0,38,1,242051,6,0.33,0,0.33,0,0,0.33,0,0.33,0,0,0,0,0,0,0,0.33,0,0.33,0,0,0.33,0,0.33,0,0,0,0,0,0,0,36,2,363.636363636364,2772727.27272727,833333.333333333,1939393.93939394,0,0,0,833333.333333333,0,0,1939393.93939394,0,0,0,0,676363.636363636,341212.121212121,3348484.84848485,0,0,0,0,0,837373.737373737,146666.666666667,984040.404040404,0,242424.242424242,0,242424.242424242,5119318.18181818,4115760.60606061,0,9235078.78787879,12480639.8888889,176486.292327273,177519.731546667,354006.023873939,36060.6060606061,0,0,0,0,36060.6060606061,36060606.0606061,0,36060606.0606061,0,0,0,0,1515.15151515152,0,0,1515.15151515152,12121.2121212121,0,0,0,0,12121.2121212121,300,0,300,257.575757575758,257.575757575758,0,66.6666666666667,0,624.242424242424,0,0,0,0,0,0,0,112.121212121212,0,0,348.484848484848,57.5757575757576,0,0,0,0,0,60.6060606060606,0,0,45.4545454545455,0,0,0,0,0,0,0,0,0,0,0,0,0,0,0,0,0,0,0,5715748.44811636,23579966.1717172,27695726.7777778,17599958.0707071,596430.266298182,18196388.3370053,17864217.7236008,104.558823529412
4,0,0,0,275000,0,52500,0,0,0,0,332800,33,1,235300,6,0.78,0,0.78,0,0,0.78,0,0.78,0,0,0,0,0,0,0,0.26,0,0.26,0,0,0.26,0,0.26,0,0,0,0,0,0,0,26.375,2,242.307692307692,2539615.38461538,1259615.38461538,1280000,0,0,0,1057692.30769231,0,201923.076923077,0,0,0,0,1280000,1132307.69230769,219230.769230769,0,0,192307.692307692,0,0,0,709358.974358974,223090.688259109,932449.662618084,311538.461538462,3653846.15384615,0,3653846.15384615,14479169.2307692,4030769.23076923,0,18509938.4615385,9593518.89338731,324497.977598171,244949.73511,569447.712708171,0,0,3461.53846153846,0,13673.0769230769,13673.0769230769,0,34182692.3076923,34182692.3076923,0,0,0,0,1923.07692307692,0,5.76923076923077,1928.84615384615,0,0,0,0,3076.92307692308,3076.92307692308,769.230769230769,461.538461538462,307.692307692308,246.153846153846,246.153846153846,0,153.846153846154,0,1169.23076923077,0,0,0,0,0,0,0,246.153846153846,0,0,523.076923076923,92.3076923076923,0,0,0,0,0,92.3076923076923,0,0,215.384615384615,0,0,0,0,0,0,0,0,0,0,0,0,0,0,0,0,0,0,0,18702463.0973236,24589173.414305,28619942.6450742,24072688.1241565,4223293.86655432,28295981.9907109,5886710.31698144,66.3846153846154
4,0,0,0,294000,0,0,0,0,0,0,0,37,1,256777,6,0.34,0,0.34,0,0,0.24,0,0.24,0,0,0.1,0,0.1,0,0,0.34,0,0.34,0,0,0.24,0,0.24,0,0,0.1,0,0.1,0,0,57,2,411.764705882353,864705.882352941,864705.882352941,0,0,0,0,864705.882352941,0,0,0,0,0,0,0,1463235.29411765,339705.882352941,1462647.05882353,0,0,0,0,0,547727.058823529,234272.268907563,781999.327731092,0,388235.294117647,350000,738235.294117647,15166464.7058824,8427352.94117647,0,23593817.6470588,13946423.3865546,189273.223955926,300575.116313823,489848.34026975,28235.2941176471,0,0,0,0,28235.2941176471,28235294.1176471,0,28235294.1176471,0,0,0,0,2058.82352941176,0,0,2058.82352941176,0,0,0,0,0,0,770.588235294118,511.764705882353,258.823529411765,588.235294117647,294.117647058824,294.117647058824,164.705882352941,0,1523.52941176471,0,0,0,0,0,0,0,123.529411764706,0,588.235294117647,588.235294117647,14.7058823529412,0,0,0,0,0,44.1176470588235,0,0,164.705882352941,0,0,0,0,0,0,0,0,0,0,0,0,0,0,0,0,0,0,0,16044548.3402697,14288870.7310924,23066223.6722689,28762888.092437,1228083.6343874,29990971.7268244,-1755677.60917731,96.0131578947368
4,0,0,0,294000,0,0,0,0,69000,0,0,37,1,256777,6,0.24,0,0.24,0,0,0.24,0,0.24,0,0,0,0,0,0,0,0.21,0,0.21,0,0,0.21,0,0.21,0,0,0,0,0,0,0,47,2,238.095238095238,1728571.42857143,1400000,328571.428571429,0,0,0,1400000,0,0,0,0,328571.428571429,0,0,258095.238095238,583809.523809524,174761.904761905,0,0,0,0,0,3097904.76190476,331885.714285714,3429790.47619048,0,457142.857142857,0,457142.857142857,12158133.3333333,19094495.2380952,100000,31352628.5714286,25587398.0551345,518041.378608762,369677.136146667,887718.514755429,6666.66666666667,0,0,0,0,6666.66666666667,6666666.66666667,0,6666666.66666667,0,0,0,0,3333.33333333333,0,0,3333.33333333333,0,0,2857.14285714286,0,0,2857.14285714286,714.285714285714,0,714.285714285714,1214.28571428571,642.857142857143,571.428571428571,152.380952380952,104.761904761905,2185.71428571429,0,0,0,0,0,0,0,228.571428571429,0,571.428571428571,1142.85714285714,52.3809523809524,0,0,0,0,0,0,0,0,190.47619047619,0,0,0,0,0,0,0,0,0,0,0,0,0,0,0,0,0,0,0,13541897.4596209,-18920731.3884679,234861.095238095,37784434.1428571,1344861.37189829,39129295.5147554,-32462628.8480888,96.0131578947368
4,0,0,0,30000,0,0,0,0,0,0,80000,37,1,256777,5,0.1,0,0.1,0,0,0,0,0,0,0,0.1,0,0.1,0,0,0.1,0,0.1,0,0,0,0,0,0,0,0.1,0,0.1,0,0,36,2,400,1100000,300000,800000,0,0,0,300000,0,0,0,0,0,0,800000,221900,1779400,1600000,0,250000,0,0,60000,194560,18341.0526315789,212901.052631579,0,0,1700000,1700000,23786150,0,0,23786150,7180978.05263158,37207.7667661053,312211.8737925,349419.640558605,54800,0,0,0,0,54800,54800000,0,54800000,0,0,0,0,600,0,0,600,0,0,0,0,4000,4000,1300,530,770,0,0,0,260,0,1560,0,0,0,0,0,0,0,230,0,280,720,60,0,0,0,0,0,80,0,0,190,0,0,0,0,0,0,0,0,0,0,0,0,0,0,0,0,0,0,0,24135569.6405586,47619021.9473684,49319021.9473684,29267128.0526316,2049419.64055861,31316547.6931902,23483452.3068098,96.0131578947368
4,0,0,0,30000,0,0,49500,0,0,0,103200,37,1,256777,6,0.33,0,0.33,0,0,0.33,0,0.33,0,0,0,0,0,0,0,0.18,0,0.18,0,0,0.18,0,0.18,0,0,0,0,0,0,0,25.6666666666667,2,333.333333333333,1015000,166666.666666667,848333.333333333,0,0,0,166666.666666667,0,0,275000,0,0,0,573333.333333333,1563055.55555556,47444.4444444444,6494333.33333333,0,0,0,5509000,350000,641600,165578.947368421,807178.947368421,211111.111111111,1527777.77777778,0,1527777.77777778,20770977.7777778,8128000,0,28898977.7777778,24381900.3918129,213277.390218409,475707.870832778,688985.261051187,30944.4444444444,0,0,0,0,30944.4444444444,30944444.4444444,0,30944444.4444444,0,0,0,0,333.333333333333,0,0,333.333333333333,1666.66666666667,0,0,0,1333.33333333333,3000,1322.22222222222,916.666666666667,405.555555555556,500,500,0,44.4444444444444,0,1866.66666666667,0,0,0,0,0,0,0,88.8888888888889,0,244.444444444444,911.111111111111,61.1111111111111,0,0,0,0,11.1111111111111,44.4444444444444,0,0,261.111111111111,0,0,0,0,244.444444444444,0,0,0,0,0,0,0,0,0,0,0,0,0,0,22987740.8166067,6562544.05263158,14690544.0526316,45152878.1695906,2216763.03882896,47369641.2084196,-16425196.7639752,96.0131578947368
4,0,0,0,300000,0,0,0,0,0,0,250000,37,2,256777,5,0.66,0,0.66,0,0,0.66,0,0.66,0,0,0,0,0,0,0,0.57,0,0.57,0,0,0.57,0,0.57,0,0,0,0,0,0,0,34.8333333333333,2,296.491228070175,964912.280701754,526315.789473684,438596.49122807,0,0,0,526315.789473684,0,0,0,0,0,0,438596.49122807,1042105.26315789,63596.4912280702,1849122.80701754,0,0,0,2226315.78947368,307017.543859649,468771.929824561,213299.649122807,682071.578947369,0,1515789.47368421,0,1515789.47368421,14071701.754386,3016105.26315789,0,17087807.0175439,10408024.0175439,210660.20119927,255221.951219298,465882.152418568,88421.052631579,0,0,0,0,88421.052631579,131535087.719298,0,131535087.719298,0,0,0,0,1052.63157894737,0,0,1052.63157894737,0,0,0,0,1052.63157894737,1052.63157894737,847.368421052632,550.877192982456,296.491228070175,210.526315789474,105.263157894737,105.263157894737,68.421052631579,0,1126.31578947368,0,0,0,0,0,0,0,94.7368421052632,0,140.350877192982,701.754385964912,35.0877192982456,0,0,0,0,0,0,0,0,49.1228070175439,0,0,0,0,105.263157894737,0,0,0,0,0,0,0,0,0,0,0,0,0,0,16053373.3804887,121127063.701754,124143168.964912,24479725.7719298,1981671.62610278,26461397.3980326,105073690.321266,68.8181818181818
4,0,0,0,300000,0,0,1260000,0,0,0,0,38,2,242051,5,0.6,0,0.6,0,0,0.6,0,0.6,0,0,0,0,0,0,0,0.6,0,0.6,0,0,0.6,0,0.6,0,0,0,0,0,0,0,35,2,483.333333333333,2600000,500000,2100000,0,0,0,500000,0,0,2100000,0,0,0,0,689166.666666667,111666.666666667,8216666.66666667,83333.3333333333,0,0,0,0,1167777.77777778,35087.7192982456,1202865.49707602,0,320000,0,320000,11048176.6666667,4558900,0,15607076.6666667,17704649.8304094,94770.9203435673,296062.8024515,390833.722795067,34583.3333333333,0,0,0,0,34583.3333333333,51250000,0,51250000,0,0,0,0,1000,0,0,1000,10000,0,0,0,0,10000,518.333333333333,518.333333333333,0,300,216.666666666667,83.3333333333333,120,0,938.333333333333,0,0,0,0,0,0,0,55,0,313.333333333333,340,16.6666666666667,0,0,0,0,33.3333333333333,66.6666666666667,0,0,113.333333333333,0,0,0,0,0,0,0,0,0,0,0,0,0,0,0,0,0,0,0,11759010.3894617,33545350.1695906,38104250.1695906,28752826.497076,710833.722795067,29463660.2198711,21786339.7801289,49.0555555555556
4,0,0,0,32400,0,0,135000,0,70200,0,0,36,1,251508,6,0.17,0,0.17,0,0,0.17,0,0.17,0,0,0,0,0,0,0,0.1,0,0.1,0,0,0.1,0,0.1,0,0,0,0,0,0,0,22,2,300,2376000,324000,2052000,0,0,0,324000,0,0,1350000,0,702000,0,0,279800,1300000,0,0,120000,0,0,0,2161683.33333333,2779128,4940811.33333333,5440000,800000,0,800000,27348630,2292240,0,29640870,17000359.3333333,1536791.15578902,365544.3353055,1902335.49109452,10000,0,0,0,0,10000,15000000,0,15000000,0,0,0,0,600,0,0,600,6000,0,6000,0,0,12000,1330,560,770,160,80,80,400,0,1890,0,0,0,0,0,0,0,380,0,0,800,40,0,0,100,0,260,100,0,0,210,0,0,0,0,0,0,0,0,0,0,0,0,0,0,0,0,0,0,0,30050965.4910945,-2000359.33333333,291880.666666668,44348989.3333333,2702335.49109452,47051324.8244278,-32051324.8244278,90.8205128205128
4,0,0,0,32400,0,0,71000,0,0,0,70000,36,1,251508,6,1,0,0,1,0,1,0,0,1,0,0,0,0,0,0,0.17,0,0,0.17,0,0.17,0,0,0.17,0,0,0,0,0,0,33,2,411.764705882353,1020000,190588.235294118,829411.764705882,0,0,0,190588.235294118,0,0,417647.058823529,0,0,0,411764.705882353,206705.882352941,1048529.41176471,0,0,0,0,0,0,1794509.80392157,0,1794509.80392157,0,705882.352941176,0,705882.352941176,17312694.1176471,0,0,17312694.1176471,4321253.09803922,122195.174243137,212365.474907059,334560.649150196,3529.41176470588,0,0,0,0,3529.41176470588,5294117.64705882,0,5294117.64705882,0,0,0,0,352.941176470588,0,0,352.941176470588,2941.17647058824,0,0,0,1529.41176470588,4470.58823529412,682.35294117647,323.529411764706,358.823529411765,0,0,0,347.058823529412,0,1029.41176470588,0,0,0,0,0,0,0,247.058823529412,0,0,376.470588235294,135.294117647059,0,0,0,0,0,47.0588235294118,0,0,223.529411764706,0,0,0,0,0,0,0,0,0,0,0,0,0,0,0,0,0,0,0,18353137.1197384,972864.549019608,972864.549019608,21633947.2156863,1040443.00209137,22674390.2177776,-17380272.5707188,90.8205128205128
4,0,0,0,325000,0,0,0,0,0,0,360000,37,2,256777,6,0.66,0,0.66,0,0,0.66,0,0.66,0,0,0,0,0,0,0,0.66,0,0.66,0,0,0.66,0,0.66,0,0,0,0,0,0,0,22.25,2,189.393939393939,1037878.78787879,492424.242424242,545454.545454545,0,0,0,492424.242424242,0,0,0,0,0,0,545454.545454545,1219090.90909091,493651.515151515,848484.848484848,0,257575.757575758,0,0,27272.7272727273,180169.696969697,256666.666666667,436836.363636364,17454.5454545455,909090.909090909,0,909090.909090909,8596318.18181818,347309.090909091,0,8943627.27272727,4942331.54545455,241753.892659273,139072.152419091,380826.045078364,4810.60606060606,0,0,0,0,4810.60606060606,4810606.06060606,0,4810606.06060606,0,0,0,0,757.575757575758,0,0,757.575757575758,0,0,0,0,2727.27272727273,2727.27272727273,443.939393939394,172.727272727273,271.212121212121,24.2424242424242,12.1212121212121,12.1212121212121,113.636363636364,0,581.818181818182,0,0,0,0,0,0,0,81.8181818181818,0,84.8484848484848,181.818181818182,24.2424242424242,0,0,30.3030303030303,0,0,33.3333333333333,0,0,145.454545454545,0,0,0,0,0,0,0,0,0,0,0,0,0,0,0,0,0,0,0,9886235.13598745,-131725.484848485,215583.606060605,13538649.7272727,1289916.95416927,14828566.681442,-10017960.6208359,68.8181818181818
4,0,0,0,325500,0,108000,75500,0,0,0,53000,37,1,256777,6,0.19,0,0.19,0,0,0.19,0,0.19,0,0,0,0,0,0,0,0.19,0,0.19,0,0,0.19,0,0.19,0,0,0,0,0,0,0,22,2,526.315789473684,2957894.73684211,2281578.94736842,676315.789473684,0,0,0,1713157.89473684,0,568421.052631579,397368.421052632,0,0,0,278947.368421053,232315.789473684,923684.210526316,7105263.15789474,0,0,0,0,105263.157894737,1917978.94736842,122273.684210526,2040252.63157895,980210.526315789,1578947.36842105,0,1578947.36842105,25287084.2105263,4150189.47368421,0,29437273.6842105,18751850.6842105,156292.861207579,441924.027743684,598216.888951263,42789.4736842105,0,0,0,0,42789.4736842105,42789473.6842105,0,42789473.6842105,0,0,0,0,3052.63157894737,0,15.7894736842105,3068.42105263158,2947.36842105263,0,0,0,1052.63157894737,4000,1468.42105263158,621.052631578947,847.368421052632,294.736842105263,147.368421052632,147.368421052632,215.789473684211,0,1978.94736842105,0,0,0,0,0,0,0,168.421052631579,0,294.736842105263,1052.63157894737,147.368421052632,0,0,31.5789473684211,0,0,0,0,0,115.789473684211,0,0,0,0,168.421052631579,0,0,0,0,0,0,0,0,0,0,0,0,0,0,27464248.4678986,24037623,28187812.4736842,44038934.8947368,2177164.25737232,46216099.1521091,-3426625.46789862,96.0131578947368
4,0,0,0,340000,0,0,880000,0,0,0,0,36,3,251508,6,3.22,0,0.22,3,0,3.22,0,0.22,3,0,0,0,0,0,0,1.22,0,0.22,1,0,1.22,0,0.22,1,0,0,0,0,0,0,30,2,344.262295081967,1000000,278688.524590164,721311.475409836,0,0,0,278688.524590164,0,0,721311.475409836,0,0,0,0,456967.213114754,285573.770491803,106557.37704918,0,12295.0819672131,0,0,0,35614.7540983606,24219.8360655738,59834.5901639344,0,327868.852459016,0,327868.852459016,5012807.37704918,1081967.21311475,40983.606557377,6135758.19672131,3261978.80924107,25208.0311420156,86702.3190706967,111910.350212712,1040.98360655738,0,0,13.9344262295082,42.2213114754098,1083.20491803279,2081967.21311475,138485.901639344,2220453.1147541,0,0,0,0,655.737704918033,0,0,655.737704918033,6557.37704918033,0,0,0,0,6557.37704918033,370.491803278689,168.032786885246,202.459016393443,0,0,0,0,52.4590163934426,422.950819672131,0,0,0,0,0,0,0,40.9836065573771,0,29.5081967213115,118.032786885246,65.5737704918033,0,0,0,0,32.7868852459016,81.9672131147541,0,0,32.7868852459016,0,0,0,0,21.3114754098361,0,0,0,0,0,0,0,0,0,0,0,0,0,0,5486294.62293886,-1041525.69448697,47717.0819672131,8308494.2295082,439779.202671729,8748273.43217993,-6527820.31742583,42
4,0,0,0,373000,0,0,0,0,0,0,0,36,3,251508,6,4.98,0,0,4.98,0,4.98,0,0,4.98,0,0,0,0,0,0,1,0,0,1,0,1,0,0,1,0,0,0,0,0,0,16,2,370,373000,373000,0,0,0,0,373000,0,0,0,0,0,0,0,217400,165920,0,0,72000,0,0,30000,252833.333333333,141842.568421053,394675.901754386,0,800000,0,800000,4929226,229224,0,5158450,1733727.90175439,60158.5904527577,65231.7144705,125390.304923258,900,0,0,0,0,900,1350000,0,1350000,0,0,0,0,1000,0,0,1000,0,0,0,0,0,0,87,47,40,16,8,8,163,0,266,0,0,0,0,0,0,0,20,0,0,80,19,0,0,0,0,2,45,0,0,98,0,0,0,0,2,0,0,0,0,0,0,0,0,0,0,0,0,0,0,5854616.30492326,-383727.901754386,-154503.901754386,6662953.90175439,925390.304923258,7588344.20667764,-6238344.20667764,42
4,0,0,0,39000,0,0,0,0,0,0,425000,38,1,242051,6,0.56,0.56,0,0,0,0.56,0.56,0,0,0,0,0,0,0,0,0.43,0.43,0,0,0,0.43,0.43,0,0,0,0,0,0,0,0,18,2,348.837209302326,1079069.76744186,90697.6744186046,988372.093023256,0,0,0,90697.6744186046,0,0,0,0,0,0,988372.093023256,1256976.74418605,228139.534883721,69767.4418604651,0,102325.581395349,0,0,93023.2558139535,1000930.23255814,81041.8604651163,1081972.09302326,232558.139534884,2604651.1627907,0,2604651.1627907,9467390.69767442,2132316.27906977,0,11599706.9767442,6518199.8372093,144776.267670698,156434.268702558,301210.536373256,10232.5581395349,0,0,0,0,10232.5581395349,15348837.2093023,0,15348837.2093023,0,0,0,0,139.53488372093,0,0,139.53488372093,0,0,0,0,2325.58139534884,2325.58139534884,306.976744186046,213.953488372093,93.0232558139535,148.837209302326,74.4186046511628,74.4186046511628,213.953488372093,0,669.767441860465,0,0,0,0,0,0,0,67.4418604651163,0,0,334.883720930233,4.65116279069767,0,0,18.6046511627907,0,0,74.4186046511628,0,0,151.162790697674,0,0,0,0,0,18.6046511627907,0,0,0,0,0,0,0,0,0,0,0,0,0,12373252.3968384,8830637.37209302,10962953.6511628,15985590.5348837,2905861.69916395,18891452.2340477,-3542615.02474535,104.558823529412
4,0,0,0,390000,0,0,0,0,0,0,800000,37,3,256777,6,1.15,0,1.15,0,0,1.15,0,1.15,0,0,0,0,0,0,0,1.15,0,1.15,0,0,1.15,0,1.15,0,0,0,0,0,0,0,32.75,2,332.173913043478,1034782.60869565,339130.434782609,695652.173913044,0,0,0,339130.434782609,0,0,0,0,0,0,695652.173913044,991217.391304348,240391.304347826,0,0,104347.826086957,0,0,27826.0869565217,881029.565217391,27910.2974828375,908939.862700229,0,1043478.26086957,0,1043478.26086957,2121939.13043478,350186.086956522,0,2472125.2173913,3914468.16704806,112179.704692394,52806.3209522609,164986.025644654,5259.13043478261,0,0,0,0,5259.13043478261,5259130.43478261,0,5259130.43478261,0,0,0,0,521.739130434783,0,0,521.739130434783,0,0,0,0,3478.26086956522,3478.26086956522,91.304347826087,34.7826086956522,56.5217391304348,22.6086956521739,22.6086956521739,0,40.8695652173913,0,154.782608695652,0,0,0,0,0,0,0,31.304347826087,0,0,0,20.8695652173913,0,0,17.3913043478261,0,0,34.7826086956522,0,0,50.4347826086957,0,0,0,0,0,0,0,0,0,0,0,0,0,0,0,0,0,0,0,3330403.416949,1344662.26773455,1694848.35469108,6036407.29748284,1208464.28651422,7244871.58399706,-1985741.14921445,44.6666666666667
4,0,0,0,42000,0,0,0,0,69000,0,80000,37,1,256777,6,0.15,0,0.15,0,0,0.15,0,0.15,0,0,0,0,0,0,0,0.1,0,0.1,0,0,0.1,0,0.1,0,0,0,0,0,0,0,37,2,300,1910000,420000,1490000,0,0,0,420000,0,0,0,0,690000,0,800000,598000,580000,817000,0,0,0,0,0,1113856,412673.684210526,1526529.68421053,0,480000,0,480000,15908450,12436300,0,28344750,18124606.6842105,384835.095190349,349640.5020875,734475.597277849,11000,0,0,0,0,11000,11000000,0,11000000,0,0,0,0,1000,0,0,1000,0,0,6000,0,2000,8000,930,40,890,770,770,0,200,0,1900,0,0,0,0,0,0,0,300,0,400,800,80,0,0,0,0,0,80,0,0,240,0,0,0,0,0,0,0,0,0,0,0,0,0,0,0,0,0,0,0,17122925.5972778,-7124606.68421052,5311693.31578947,34033056.6842105,1214475.59727785,35247532.2814884,-24247532.2814884,96.0131578947368
4,0,0,0,42500,0,70000,86000,0,0,0,25800,37,1,256777,5,0.61,0,0.61,0,0,0.61,0,0.61,0,0,0,0,0,0,0,0.41,0,0.41,0,0,0.41,0,0.41,0,0,0,0,0,0,0,47,2,292.682926829268,547073.170731707,274390.243902439,272682.926829268,0,0,0,103658.536585366,0,170731.707317073,209756.097560976,0,0,0,62926.8292682927,498170.731707317,263414.634146341,12780487.804878,0,0,0,0,41463.4146341463,712975.609756098,0,712975.609756098,702439.024390244,1463414.63414634,0,1463414.63414634,24967443.902439,0,0,24967443.902439,15802801.3902439,122232.88721561,423887.413447073,546120.300662683,48780.487804878,0,0,0,0,48780.487804878,48780487.804878,0,48780487.804878,0,0,0,0,292.682926829268,0,487.80487804878,780.487804878049,975.609756097561,0,0,0,243.90243902439,1219.51219512195,1214.63414634146,897.560975609756,317.073170731707,0,0,0,297.560975609756,0,1512.19512195122,0,0,0,0,0,0,0,297.560975609756,0,390.243902439024,390.243902439024,234.146341463415,0,0,0,0,0,97.5609756097561,0,0,102.439024390244,0,0,0,0,0,0,0,0,0,0,0,0,0,0,0,0,0,0,0,26976978.837248,32977686.4146341,32977686.4146341,40770245.2926829,2009534.93480902,42779780.2274919,6000707.5773861,96.0131578947368
4,0,0,0,43000,0,0,0,0,0,0,119000,37,1,256777,5,0.51,0.05,0.46,0,0,0.51,0.05,0.46,0,0,0,0,0,0,0,0.21,0.03,0.18,0,0,0.21,0.03,0.18,0,0,0,0,0,0,0,20.3333333333333,2,380.952380952381,771428.571428571,204761.904761905,566666.666666667,0,0,0,204761.904761905,0,0,0,0,0,0,566666.666666667,285523.809523809,164285.714285714,10604761.9047619,0,0,0,0,0,1096076.19047619,0,1096076.19047619,0,857142.857142857,0,857142.857142857,20883561.9047619,0,0,20883561.9047619,13178853.1904762,62751.4702,354625.621824762,417377.092024762,42857.1428571429,0,0,0,0,42857.1428571429,42857142.8571429,0,42857142.8571429,0,0,0,0,952.380952380952,0,0,952.380952380952,0,0,0,0,1333.33333333333,1333.33333333333,1214.28571428571,609.52380952381,604.761904761905,0,0,0,157.142857142857,0,1371.42857142857,0,0,0,0,0,0,0,200,0,523.809523809524,523.809523809524,85.7142857142857,0,0,0,0,0,0,0,0,38.0952380952381,0,0,0,0,0,0,0,0,0,0,0,0,0,0,0,0,0,0,0,22158081.8539295,29678289.6666667,29678289.6666667,34062415.0952381,1274519.94916762,35336935.0444057,7520207.81273714,96.0131578947368
4,0,0,0,430000,0,725000,0,0,0,0,0,37,1,256777,5,0.46,0.13,0.33,0,0,0.46,0.13,0.33,0,0,0,0,0,0,0,0.42,0.09,0.33,0,0,0.42,0.09,0.33,0,0,0,0,0,0,0,37,2,369.047619047619,2750000,2750000,0,0,0,0,1023809.52380952,0,1726190.47619048,0,0,0,0,0,434285.714285714,140476.19047619,15595238.0952381,0,0,0,0,0,635523.809523809,0,635523.809523809,0,1000000,0,1000000,22114876.1904762,14396447.6190476,0,36511323.8095238,34208748.4285714,27947.5021161905,600967.011779524,628914.513895714,60714.2857142857,0,0,0,0,60714.2857142857,60714285.7142857,0,60714285.7142857,0,0,0,0,4761.90476190476,0,2380.95238095238,7142.85714285714,0,0,0,0,0,0,1047.61904761905,1047.61904761905,0,904.761904761905,809.523809523809,95.2380952380952,219.047619047619,0,2171.42857142857,0,0,0,0,0,0,0,247.619047619048,0,904.761904761905,857.142857142857,95.2380952380952,0,0,0,0,0,0,0,0,66.6666666666667,0,0,0,0,0,0,0,0,0,0,0,0,0,0,0,0,0,0,0,23743790.7043719,26505537.2857143,40901984.9047619,56323624.6190476,1628914.51389571,57952539.1329433,2761746.58134238,96.0131578947368
4,0,0,0,43500,0,0,0,0,0,0,0,36,1,251508,6,0.12,0,0,0.12,0,0.12,0,0,0.12,0,0,0,0,0,0,0.12,0,0,0.12,0,0.12,0,0,0.12,0,0,0,0,0,0,11,2,608.333333333333,362500,362500,0,0,0,0,362500,0,0,0,0,0,0,0,1058333.33333333,258166.666666667,0,0,166666.666666667,0,0,30000,2644444.44444444,171666.666666667,2816111.11111111,1000000,125000,0,125000,13155616.6666667,0,0,13155616.6666667,5943285.77777778,650946.519219444,162963.912950833,813910.432170278,833.333333333333,0,0,0,0,833.333333333333,1250000,0,1250000,0,0,0,0,833.333333333333,0,0,833.333333333333,0,0,0,0,0,0,583.333333333333,233.333333333333,350,0,0,0,225,0,808.333333333333,0,0,0,0,0,0,0,83.3333333333333,0,0,533.333333333333,33.3333333333333,0,0,0,0,16.6666666666667,66.6666666666667,0,0,75,0,0,0,0,0,0,0,0,0,0,0,0,0,0,0,0,0,0,0,14094527.0988369,-4693285.77777778,-4693285.77777778,19098902.4444444,938910.432170278,20037812.8766147,-18787812.8766147,90.8205128205128
4,0,0,0,44000,0,55730,0,0,0,0,400000,99,1,243327,6,0.4,0,0.4,0,0,0.2,0,0.2,0,0,0.2,0,0.2,0,0,0.32,0,0.32,0,0,0.2,0,0.2,0,0,0.12,0,0.12,0,0,35.6666666666667,2,321.875,1561656.25,311656.25,1250000,0,0,0,137500,0,174156.25,0,0,0,0,1250000,790625,56875,0,0,0,3375000,0,0,898333.333333333,0,898333.333333333,0,1250000,625000,1875000,5340487.5,5352250,225000,10917737.5,13015690.3384756,72424.4806770833,181076.086374687,253500.567051771,8125,0,0,0,0,8125,12187500,0,12187500,0,0,0,0,250,0,6.875,256.875,0,0,0,0,3125,3125,287.5,146.875,140.625,165.625,115.625,50,56.25,131.25,640.625,0,0,0,0,0,0,0,118.75,0,0,375,56.25,0,0,0,0,0,75,0,0,15.625,0,0,0,0,0,0,0,0,0,0,0,0,0,0,0,0,0,0,0,6956364.31190955,-828190.338475551,8636683.41666667,17843554.0833333,2128500.56705177,19972054.6503851,-7784554.6503851,81.4
4,0,0,0,50000,0,0,0,0,0,0,240000,37,1,256777,6,0.2,0,0.2,0,0,0.2,0,0.2,0,0,0,0,0,0,0,0.2,0,0.2,0,0,0.2,0,0.2,0,0,0,0,0,0,0,41,2,215,1450000,250000,1200000,0,0,0,250000,0,0,0,0,0,0,1200000,209700,1202100,1950000,0,0,0,0,140650,190816,408373.726315789,599189.726315789,432000,3600000,0,3600000,16127710,0,0,16127710,6240416.72631579,442216.297446524,228543.716664,670760.014110524,24180,0,0,0,0,24180,24180000,0,24180000,0,0,0,0,500,0,0,500,0,0,0,0,6000,6000,810,305,505,0,0,0,225,0,1035,0,0,0,0,0,0,0,150,0,160,360,25,0,0,0,0,0,40,0,0,300,0,0,0,0,0,0,0,0,0,0,0,0,0,0,0,0,0,0,0,20398470.0141105,17939583.2736842,17939583.2736842,22368126.7263158,4270760.01411052,26638886.7404263,-2458886.74042631,96.0131578947368
4,0,0,0,51000,0,0,0,0,0,0,15000,37,1,256777,6,0.17,0,0.17,0,0,0,0,0,0,0,0.17,0,0.17,0,0,0.17,0,0.17,0,0,0,0,0,0,0,0.17,0,0.17,0,0,37,1,235.294117647059,388235.294117647,300000,88235.294117647,0,0,0,300000,0,0,0,0,0,0,88235.294117647,354705.882352941,108235.294117647,1376470.58823529,0,0,0,0,29411.7647058823,3090196.07843137,182211.764705882,3272407.84313725,0,0,2500000,2500000,10544129.4117647,1020476.47058824,0,11564605.8823529,9306720.1372549,-305499.227930353,149849.651158529,-155649.576771824,6470.58823529412,0,0,0,0,6470.58823529412,6470588.23529412,0,6470588.23529412,0,0,0,0,470.588235294118,0,0,470.588235294118,0,0,0,0,352.941176470588,352.941176470588,623.529411764706,352.941176470588,270.588235294118,64.7058823529412,64.7058823529412,0,64.7058823529412,0,752.941176470588,0,0,0,0,0,0,0,94.1176470588235,0,58.8235294117647,470.588235294118,64.7058823529412,0,0,0,0,0,0,0,0,64.7058823529412,0,0,0,0,0,0,0,0,0,0,0,0,0,0,0,0,0,0,0,10388479.8349929,-2836131.90196078,684344.568627452,17350849.5490196,2344350.42322818,19695199.9722478,-13224611.7369537,96.0131578947368
4,0,0,0,530000,0,0,0,0,460000,0,0,38,1,242051,5,0.43,0.43,0,0,0,0.43,0.43,0,0,0,0,0,0,0,0,0.43,0.43,0,0,0,0.43,0.43,0,0,0,0,0,0,0,0,34,1,1395.3488372093,2302325.58139535,1232558.13953488,1069767.44186047,0,0,0,1232558.13953488,0,0,0,0,1069767.44186047,0,0,1060930.23255814,20232.5581395349,0,0,0,0,0,0,632558.139534884,98577.2337821297,731135.373317013,0,1674418.60465116,0,1674418.60465116,14830479.0697674,7901209.30232558,0,22731688.372093,12257884.0477356,140657.432210585,283131.605948605,423789.03815919,6279.06976744186,0,2325.58139534884,2325.58139534884,16232.5581395349,22511.6279069767,6279069.76744186,46077674.4186046,52356744.1860465,0,0,0,0,2325.58139534884,0,0,2325.58139534884,0,0,9302.32558139535,0,0,9302.32558139535,916.279069767442,800,116.279069767442,534.883720930232,325.581395348837,209.302325581395,27.906976744186,0,1479.06976744186,0,0,0,0,0,0,0,74.4186046511628,0,0,1000,69.7674418604651,0,0,0,0,0,186.046511627907,0,0,148.837209302326,0,0,0,0,0,0,0,0,0,0,0,0,0,0,0,0,0,0,0,16928686.7125778,40098860.1383109,48000069.4406365,27088363.1175031,2098207.64281035,29186570.7603134,23170173.4257331,104.558823529412
4,0,0,0,530000,0,30000,33000,0,0,0,51600,37,1,256777,6,0.46,0,0.46,0,0,0.46,0,0.46,0,0,0,0,0,0,0,0.39,0,0.39,0,0,0.39,0,0.39,0,0,0,0,0,0,0,44,2,269.230769230769,1652820.51282051,1435897.43589744,216923.076923077,0,0,0,1358974.35897436,0,76923.0769230769,84615.3846153846,0,0,0,132307.692307692,1058974.35897436,189512.820512821,2511538.46153846,76923.0769230769,0,0,1725641.02564103,128205.128205128,826830.769230769,246898.785425101,1073729.55465587,0,1515384.61538462,0,1515384.61538462,24326112.8205128,0,0,24326112.8205128,8674121.93927126,249800.804334953,343352.108795128,593152.913130081,13046.1538461538,0,0,0,0,13046.1538461538,13046153.8461538,0,13046153.8461538,0,0,0,0,2564.10256410256,0,7.69230769230769,2571.79487179487,512.820512820513,0,0,0,307.692307692308,820.51282051282,1402.5641025641,1000,402.564102564103,0,0,0,146.153846153846,0,1548.71794871795,0,0,0,0,0,0,0,117.948717948718,0,194.871794871795,733.333333333333,123.076923076923,0,0,0,0,5.12820512820513,30.7692307692308,0,0,133.333333333333,0,0,0,0,210.25641025641,0,0,0,0,0,0,0,0,0,0,0,0,0,0,26434650.3490275,4372031.90688259,4372031.90688259,33000234.7597841,2108537.5285147,35108772.2882988,-22062618.4421449,96.0131578947368
4,0,0,0,54000,0,0,225000,0,0,0,0,36,1,251508,6,0.6,0,0.6,0,0,0.6,0,0.6,0,0,0,0,0,0,0,0.14,0,0.14,0,0,0.14,0,0.14,0,0,0,0,0,0,0,37,2,300,1992857.14285714,385714.285714286,1607142.85714286,0,0,0,385714.285714286,0,0,1607142.85714286,0,0,0,0,213357.142857143,784642.857142857,0,0,42857.1428571429,0,0,0,595047.619047619,151428.571428571,746476.19047619,0,1142857.14285714,0,1142857.14285714,29137707.1428571,0,0,29137707.1428571,4031698.47619048,206666.629914286,348791.291131071,555457.921045357,7142.85714285714,0,0,0,0,7142.85714285714,10714285.7142857,0,10714285.7142857,0,0,0,0,714.285714285714,0,0,714.285714285714,7142.85714285714,0,0,0,0,7142.85714285714,1342.85714285714,764.285714285714,578.571428571429,0,0,0,442.857142857143,0,1785.71428571429,0,0,0,0,0,0,0,221.428571428571,0,0,714.285714285714,128.571428571429,0,0,214.285714285714,0,0,171.428571428571,0,0,335.714285714286,0,0,0,0,0,0,0,0,0,0,0,0,0,0,0,0,0,0,0,30836022.2067596,6682587.23809524,6682587.23809524,33169405.6190476,1698315.0639025,34867720.6829501,-24153434.9686644,90.8205128205128
4,0,0,0,55000,0,0,33000,0,0,0,86000,37,1,256777,6,0.84,0,0.84,0,0,0.84,0,0.84,0,0,0,0,0,0,0,0.47,0,0.47,0,0,0.47,0,0.47,0,0,0,0,0,0,0,20.6666666666667,2,361.702127659574,370212.765957447,117021.276595745,253191.489361702,0,0,0,117021.276595745,0,0,70212.7659574468,0,0,0,182978.723404255,1235319.14893617,274914.893617021,4168085.10638298,340425.531914894,276595.744680851,0,5146808.5106383,170212.765957447,1083165.95744681,248521.985815603,1331687.94326241,0,2978723.40425532,0,2978723.40425532,25812514.893617,2299302.12765957,0,28111817.0212766,15870341.5390071,263410.118591716,434689.359490638,698099.478082355,25446.8085106383,0,0,0,0,25446.8085106383,36574468.0851064,0,36574468.0851064,0,0,0,0,212.765957446808,0,0,212.765957446808,425.531914893617,0,0,0,425.531914893617,851.063829787234,1474.46808510638,929.787234042553,544.68085106383,153.191489361702,102.127659574468,51.063829787234,182.978723404255,0,1810.63829787234,0,0,0,0,0,0,0,136.170212765957,0,374.468085106383,727.659574468085,85.1063829787234,0,0,0,0,19.1489361702128,17.0212765957447,0,0,127.659574468085,0,0,0,0,323.404255319149,0,0,0,0,0,0,0,0,0,0,0,0,0,0,29489337.7759547,20704126.5460993,23003428.6737589,41682856.4326241,3676822.88233767,45359679.3149618,-8785211.2298554,96.0131578947368
4,0,0,0,60000,0,0,0,0,0,0,0,99,1,243327,6,0.1,0,0.1,0,0,0.1,0,0.1,0,0,0,0,0,0,0,0.1,0,0.1,0,0,0.1,0,0.1,0,0,0,0,0,0,0,20,1,350,600000,600000,0,0,0,0,600000,0,0,0,0,0,0,0,0,0,0,0,0,0,0,0,80000,1106382.9787234,1186382.9787234,0,1500000,0,1500000,5919400,0,0,5919400,2029709.9787234,1102951.04204255,70681.05301,1173632.09505255,1200,100,0,0,303,1503,1800000,909000,2709000,0,0,0,0,1000,0,0,1000,0,0,0,0,0,0,420,220,200,0,0,0,0,0,420,0,0,0,0,0,0,0,0,0,120,0,60,0,0,0,0,0,0,0,0,240,0,0,0,0,0,0,0,0,0,0,0,0,0,0,0,0,0,0,0,8593032.09505255,679290.021276596,679290.021276596,7949109.9787234,2673632.09505255,10622742.073776,-7913742.07377596,81.4
4,0,0,0,62400,0,43850,0,240000,0,0,214000,33,1,235300,5,0.4,0,0.4,0,0,0.4,0,0.4,0,0,0,0,0,0,0,0.4,0,0.4,0,0,0.4,0,0.4,0,0,0,0,0,0,0,36,2,250,1400625,265625,1135000,0,0,0,156000,0,109625,0,600000,0,0,535000,250250,170000,0,0,0,0,0,225000,848333.333333333,200000,1048333.33333333,750000,2560000,0,2560000,20124835,500000,25000,20649835,4580114.39878792,348940.312191667,246058.9443215,594999.256513167,25000,0,8250,0,32587.5,57587.5,37500000,81468750,118968750,0,0,0,0,400,0,5,405,0,5000,0,0,1500,6500,990,727.5,262.5,20,20,0,225,0,1235,0,0,0,0,0,0,0,40,0,150,695,87.5,0,0,0,0,12.5,25,0,0,225,0,0,0,0,0,0,0,0,0,0,0,0,0,0,0,0,0,0,0,23304228.1910586,114388635.601212,114889241.666667,24729343.3333333,3154999.25651317,27884342.5898465,91084407.4101535,66.3846153846154
4,0,0,0,65000,0,0,0,0,0,0,200000,37,1,256777,6,0.43,0,0.43,0,0,0.43,0,0.43,0,0,0,0,0,0,0,0.33,0,0.33,0,0,0.33,0,0.33,0,0,0,0,0,0,0,36,2,227.272727272727,803030.303030303,196969.696969697,606060.606060606,0,0,0,196969.696969697,0,0,0,0,0,0,606060.606060606,1260000,727090.909090909,454545.454545455,0,0,0,0,27272.7272727273,130133.333333333,195066.666666667,325200,0,1818181.81818182,0,1818181.81818182,10432000,0,0,10432000,3853916.39393939,167390.318815394,148573.314530303,315963.633345697,5863.63636363636,0,0,0,0,5863.63636363636,5863636.36363636,0,5863636.36363636,0,0,0,0,303.030303030303,0,0,303.030303030303,0,0,0,0,3030.30303030303,3030.30303030303,545.454545454545,236.363636363636,309.090909090909,0,0,0,127.272727272727,0,672.727272727273,0,0,0,0,0,0,0,90.9090909090909,0,121.212121212121,242.424242424242,24.2424242424242,0,0,0,0,0,30.3030303030303,0,0,163.636363636364,0,0,0,0,0,0,0,0,0,0,0,0,0,0,0,0,0,0,0,12566145.4515275,2009719.96969697,2009719.96969697,14285916.3939394,2134145.45152751,16420061.8454669,-10556425.4818305,96.0131578947368
4,0,0,0,65000,0,0,0,0,0,0,280000,37,1,256777,6,0.17,0,0,0.17,0,0.17,0,0,0.17,0,0,0,0,0,0,0.17,0,0,0.17,0,0.17,0,0,0.17,0,0,0,0,0,0,33.5,2,264.705882352941,2029411.76470588,382352.941176471,1647058.82352941,0,0,0,382352.941176471,0,0,0,0,0,0,1647058.82352941,1467058.82352941,754588.235294118,0,0,0,0,0,35294.1176470588,314352.941176471,353035.294117647,667388.235294118,0,1176470.58823529,0,1176470.58823529,12432576.4705882,0,0,12432576.4705882,5210518.17647059,292613.939660235,181260.781057059,473874.720717294,13047.0588235294,0,0,0,0,13047.0588235294,13047058.8235294,0,13047058.8235294,0,0,0,0,588.235294117647,0,0,588.235294117647,0,0,0,0,8235.29411764706,8235.29411764706,558.823529411765,188.235294117647,370.588235294118,0,0,0,229.411764705882,0,788.235294117647,0,0,0,0,0,0,0,152.941176470588,0,0,0,94.1176470588235,0,0,0,0,0,47.0588235294118,0,0,494.117647058824,0,0,0,0,0,0,0,0,0,0,0,0,0,0,0,0,0,0,0,14082921.7795408,7836540.64705882,7836540.64705882,17643094.6470588,1650345.30895259,19293439.9560114,-6246381.132482,96.0131578947368
4,0,0,0,65000,0,0,0,0,0,0,85000,38,1,242051,6,0.47,0,0.31,0.16,0,0.47,0,0.31,0.16,0,0,0,0,0,0,0.47,0,0.31,0.16,0,0.47,0,0.31,0.16,0,0,0,0,0,0,36.3333333333333,2,308.510638297872,319148.936170213,138297.872340426,180851.063829787,0,0,0,138297.872340426,0,0,0,0,0,0,180851.063829787,617021.276595745,258297.872340426,0,0,74468.085106383,0,0,0,899007.092198582,861444.12094065,1760451.21313923,0,2453191.4893617,0,2453191.4893617,6967046.80851064,12773491.4893617,223404.255319149,19963942.5531915,16189487.8534003,693956.512192705,230199.439611596,924155.9518043,8510.63829787234,0,0,0,0,8510.63829787234,12765957.4468085,0,12765957.4468085,0,0,0,0,212.765957446809,0,0,212.765957446809,0,0,0,0,425.531914893617,425.531914893617,136.170212765957,0,136.170212765957,829.787234042553,489.36170212766,340.425531914894,240.425531914894,55.3191489361702,1261.70212765957,0,0,0,0,0,0,0,80.8510638297872,0,0,629.787234042553,17.0212765957447,0,0,0,0,0,255.31914893617,0,0,278.723404255319,0,0,0,0,0,0,0,0,0,0,0,0,0,0,0,0,0,0,0,10423240.5243092,-3423530.40659176,9494519.06345651,23235380.9365435,3377347.441166,26612728.3777095,-13846770.930901,104.558823529412
4,0,0,0,67200,0,0,0,0,115000,0,0,37,1,256777,6,0.44,0,0.44,0,0,0.44,0,0.44,0,0,0,0,0,0,0,0.27,0,0.27,0,0,0.27,0,0.27,0,0,0,0,0,0,0,17,2,259.259259259259,674814.814814815,248888.888888889,425925.925925926,0,0,0,248888.888888889,0,0,0,0,425925.925925926,0,0,184259.259259259,511481.481481481,0,0,0,0,0,0,1490631.11111111,135859.649122807,1626490.76023392,0,948148.148148148,0,948148.148148148,15999481.4814815,3638888.88888889,0,19638370.3703704,6892712.20467836,303889.127484856,227771.421764815,531660.549249671,23888.8888888889,0,0,0,0,23888.8888888889,23888888.8888889,0,23888888.8888889,0,0,0,0,592.592592592593,0,0,592.592592592593,0,0,3703.7037037037,0,0,3703.7037037037,707.407407407407,581.481481481481,125.925925925926,222.222222222222,222.222222222222,0,222.222222222222,0,1151.85185185185,0,0,0,0,0,0,0,118.518518518519,0,0,777.777777777778,48.1481481481481,0,0,0,0,0,0,0,0,207.407407407407,0,0,0,0,0,0,0,0,0,0,0,0,0,0,0,0,0,0,0,17479290.1788793,16996176.6842105,20635065.5730994,22892193.6861598,1479808.69739782,24372002.3835577,-483113.494668774,96.0131578947368
4,0,0,0,69600,0,0,0,0,0,0,212500,33,1,235300,6,0.44,0,0.44,0,0,0.44,0,0.44,0,0,0,0,0,0,0,0.44,0,0.44,0,0,0.44,0,0.44,0,0,0,0,0,0,0,30.3333333333333,2,56.8181818181818,641136.363636364,158181.818181818,482954.545454545,0,0,0,158181.818181818,0,0,0,0,0,0,482954.545454545,197727.272727273,125000,0,0,0,0,0,481818.181818182,91818.1818181818,0,91818.1818181818,1022727.27272727,102272.727272727,0,102272.727272727,5993606.81818182,0,0,5993606.81818182,2795527.27272727,126386.042072727,80654.1636444318,207040.205717159,136.363636363636,0,0,0,0,136.363636363636,204545.454545455,0,204545.454545455,0,0,0,0,272.727272727273,0,0,272.727272727273,0,0,0,0,1136.36363636364,1136.36363636364,236.363636363636,236.363636363636,0,0,0,0,97.7272727272727,0,334.090909090909,0,0,0,0,0,0,0,22.7272727272727,0,0,77.2727272727273,136.363636363636,0,0,0,0,0,0,0,0,97.7272727272727,0,0,0,0,0,0,0,0,0,0,0,0,0,0,0,0,0,0,0,6302919.7511717,-2590981.81818182,-2590981.81818182,8789134.09090909,309312.932989886,9098447.02389898,-8893901.56935352,66.3846153846154
4,0,0,0,700000,0,0,0,0,1500000,0,2000000,37,3,256777,6,1.98,0,1.98,0,0,1.98,0,1.98,0,0,0,0,0,0,0,1.98,0,1.98,0,0,1.98,0,1.98,0,0,0,0,0,0,0,39.3333333333333,2,358.585858585859,2121212.12121212,353535.353535354,1767676.76767677,0,0,0,353535.353535354,0,0,0,0,757575.757575758,0,1010101.01010101,684848.484848485,159914.141414141,0,0,0,0,0,42489.898989899,465583.838383838,107298.245614035,572882.083997873,54949.4949494949,1010101.01010101,0,1010101.01010101,1565753.53535354,279226.262626263,0,1844979.7979798,4172299.48803828,148692.832511022,52619.3459611111,201312.178472133,11879.797979798,0,0,0,0,11879.797979798,11879797.979798,0,11879797.979798,0,0,0,0,707.070707070707,0,0,707.070707070707,0,0,3030.30303030303,0,5050.50505050505,8080.80808080808,73.7373737373737,24.2424242424242,49.4949494949495,18.1818181818182,18.1818181818182,0,27.7777777777778,0,119.69696969697,0,0,0,0,0,0,0,23.2323232323232,0,0,0,26.7676767676768,0,0,0,0,0,40.4040404040404,0,0,29.2929292929293,0,0,0,0,0,0,0,0,0,0,0,0,0,0,0,0,0,0,0,2777166.72392668,7707498.4917597,7986724.75438596,5738053.02339181,1211413.18857314,6949466.21196496,4930331.76783302,44.6666666666667
4,0,0,0,77000,0,0,680000,0,0,0,0,36,2,251508,6,1.03,0,1.03,0,0,1.03,0,1.03,0,0,0,0,0,0,0,0.53,0,0.53,0,0,0.53,0,0.53,0,0,0,0,0,0,0,20.7142857142857,2,232.075471698113,1428301.88679245,145283.018867925,1283018.86792453,0,0,0,145283.018867925,0,0,1283018.86792453,0,0,0,0,631886.79245283,219811.320754717,443396.226415094,0,0,0,0,0,320591.194968553,151540.269541779,472131.464510332,909433.962264151,1049056.60377358,0,1049056.60377358,6412079.24528302,5870037.73584906,0,12282116.9811321,10226507.3890386,244625.847781012,162684.522266604,407310.370047615,7547.16981132075,0,0,0,0,7547.16981132075,11320754.7169811,0,11320754.7169811,0,0,0,0,264.150943396226,0,0,264.150943396226,13207.5471698113,0,0,0,0,13207.5471698113,384.905660377358,184.905660377358,200,377.358490566038,301.88679245283,75.4716981132075,49.0566037735849,0,811.320754716981,0,0,0,0,0,0,0,98.1132075471698,0,0,509.433962264151,120.754716981132,0,0,0,0,45.2830188679245,37.7358490566038,0,0,0,0,0,0,0,0,0,0,0,0,0,0,0,0,0,0,0,0,0,0,7868446.21910422,1094247.3279425,6964285.06379155,16638586.6343217,1456366.9738212,18094953.6081429,-6774198.89116172,55.2666666666667
4,0,0,0,80000,0,0,910000,0,0,0,0,36,2,251508,6,0.58,0,0.38,0.2,0,0.58,0,0.38,0.2,0,0,0,0,0,0,0.55,0,0.35,0.2,0,0.55,0,0.35,0.2,0,0,0,0,0,0,29,2,310.909090909091,1800000,145454.545454545,1654545.45454545,0,0,0,145454.545454545,0,0,1654545.45454545,0,0,0,0,768727.272727273,404090.909090909,0,0,21818.1818181818,0,0,727272.727272727,791200,167851.2,959051.2,400000,1454545.45454545,0,1454545.45454545,10250734.5454545,4941545.45454545,0,15192280,10274013.7454545,243023.780459179,205061.018157455,448084.798616633,7272.72727272727,0,0,0,0,7272.72727272727,10909090.9090909,0,10909090.9090909,0,0,0,0,727.272727272727,0,0,727.272727272727,12727.2727272727,0,0,0,0,12727.2727272727,390.909090909091,198.181818181818,192.727272727273,425.454545454545,134.545454545455,290.909090909091,210.909090909091,0,1027.27272727273,0,0,0,0,0,0,0,127.272727272727,0,0,538.181818181818,36.3636363636364,0,0,112.727272727273,0,18.1818181818182,90.9090909090909,0,0,103.636363636364,0,0,0,0,0,0,0,0,0,0,0,0,0,0,0,0,0,0,0,12153364.7986166,635077.163636364,5576622.61818182,20524748.2909091,1902630.25316209,22427378.5440712,-11518287.6349803,55.2666666666667
4,0,0,0,84000,0,0,0,0,184000,0,160000,37,1,256777,6,0.53,0,0.53,0,0,0.53,0,0.53,0,0,0,0,0,0,0,0.4,0,0.4,0,0,0.4,0,0.4,0,0,0,0,0,0,0,34.5,2,312.5,1070000,210000,860000,0,0,0,210000,0,0,0,0,460000,0,400000,1561250,345625,3058250,0,0,0,0,0,668480,174240,842720,0,960000,0,960000,11548055,8397500,0,19945555,15532122,139935.6918128,281673.439322,421609.1311348,16500,0,0,0,0,16500,16500000,0,16500000,0,0,0,0,500,0,0,500,0,0,4000,0,1000,5000,605,0,605,515,515,0,185,0,1305,0,0,0,0,0,0,0,135,0,300,650,50,0,0,0,0,0,0,0,0,170,0,0,0,0,0,0,0,0,0,0,0,0,0,0,0,0,0,0,0,12929664.1311348,967878,9365378,27080177,1381609.1311348,28461786.1311348,-11961786.1311348,96.0131578947368
4,0,0,0,84000,0,0,0,0,345000,0,400000,37,2,256777,6,0.52,0,0.52,0,0,0.52,0,0.52,0,0,0,0,0,0,0,0.52,0,0.52,0,0,0.52,0,0.52,0,0,0,0,0,0,0,37,1,384.615384615385,1594230.76923077,161538.461538462,1432692.30769231,0,0,0,161538.461538462,0,0,0,0,663461.538461538,0,769230.769230769,1388461.53846154,199038.461538462,6953846.15384615,0,0,0,0,0,503729.230769231,277761.133603239,781490.36437247,0,484615.384615385,0,484615.384615385,11992869.2307692,9918346.15384615,0,21911215.3846154,21092190.4412955,246656.542477925,347440.105822692,594096.648300617,37692.3076923077,0,0,0,0,37692.3076923077,37692307.6923077,0,37692307.6923077,0,0,0,0,384.615384615385,0,0,384.615384615385,0,0,5769.23076923077,0,1923.07692307692,7692.30769230769,690.384615384615,432.692307692308,257.692307692308,692.307692307692,346.153846153846,346.153846153846,84.6153846153846,0,1467.30769230769,0,0,0,0,0,0,0,88.4615384615385,0,461.538461538462,692.307692307692,76.9230769230769,0,0,0,0,0,28.8461538461538,0,0,119.230769230769,0,0,0,0,0,0,0,0,0,0,0,0,0,0,0,0,0,0,0,13071581.2636852,16600117.2510121,26518463.4048583,33085059.6720648,1078712.032916,34163771.7049808,3528535.98732691,68.8181818181818
4,0,0,0,84000,0,0,0,0,69000,0,160000,37,2,256777,6,0.93,0,0.93,0,0,0.93,0,0.93,0,0,0,0,0,0,0,0.67,0,0.67,0,0,0.67,0,0.67,0,0,0,0,0,0,0,37,2,134.328358208955,467164.179104478,125373.134328358,341791.044776119,0,0,0,125373.134328358,0,0,0,0,102985.074626866,0,238805.970149254,1132089.55223881,219402.985074627,987313.432835821,0,0,0,0,0,262189.850746269,102655.145326002,364844.99607227,0,1074626.86567164,0,1074626.86567164,12252546.2686567,2199626.86567164,0,14452173.1343284,5627219.01099764,97295.7429711975,187106.749130448,284402.492101645,17014.9253731343,0,0,0,0,17014.9253731343,17014925.3731343,0,17014925.3731343,0,0,0,0,298.507462686567,0,0,298.507462686567,0,0,895.522388059701,0,597.014925373134,1492.53731343284,641.791044776119,414.925373134328,226.865671641791,134.328358208955,134.328358208955,0,122.388059701493,0,898.507462686567,0,0,0,0,0,0,0,83.5820895522388,0,313.432835820895,328.358208955224,23.8805970149254,0,0,0,0,0,29.8507462686567,0,0,119.402985074627,0,0,0,0,0,0,0,0,0,0,0,0,0,0,0,0,0,0,0,13611575.62643,11387706.3621367,13587333.2278083,17879765.2796544,1359029.35777329,19238794.6374276,-2223869.26429332,68.8181818181818
4,0,0,0,86000,0,0,0,0,0,0,240000,37,1,256777,6,0.41,0,0.41,0,0,0.41,0,0.41,0,0,0,0,0,0,0,0.41,0,0.41,0,0,0.41,0,0.41,0,0,0,0,0,0,0,42,1,109.756097560976,795121.951219512,209756.097560976,585365.853658537,0,0,0,209756.097560976,0,0,0,0,0,0,585365.853658537,459024.390243902,0,160975.609756098,0,0,0,0,0,485268.292682927,0,485268.292682927,0,170731.707317073,0,170731.707317073,585248.780487805,1796414.63414634,0,2381663.41463415,3953581.87804878,15545.3395170732,41163.4180617073,56708.7575787805,1200,24.390243902439,0,24.390243902439,147.80487804878,1347.80487804878,1553658.53658537,464107.317073171,2017765.85365854,0,0,0,0,975.609756097561,0,0,975.609756097561,0,0,0,0,1463.41463414634,1463.41463414634,48.780487804878,0,48.780487804878,58.5365853658537,34.1463414634146,24.390243902439,0,75.609756097561,182.926829268293,0,0,0,0,0,0,0,56.0975609756098,0,24.390243902439,48.780487804878,48.780487804878,0,0,0,0,0,0,0,0,4.8780487804878,0,0,0,0,0,0,0,0,0,0,0,0,0,0,0,0,0,0,0,812689.245383658,-1935816.02439024,-139401.390243903,4538830.65853659,227440.464895854,4766271.12343244,-2748505.2697739,96.0131578947368
4,0,0,0,87000,0,0,0,0,0,0,0,36,1,251508,6,0.14,0,0.14,0,0,0.14,0,0.14,0,0,0,0,0,0,0,0.14,0,0.14,0,0,0.14,0,0.14,0,0,0,0,0,0,0,27,2,428.571428571429,621428.571428571,621428.571428571,0,0,0,0,621428.571428571,0,0,0,0,0,0,0,792857.142857143,134714.285714286,0,0,142857.142857143,0,0,25000,239380.952380952,81762.8571428571,321143.809523809,188571.428571429,1371428.57142857,0,1371428.57142857,6894300,467857.142857143,0,7362157.14285714,2945937.52380952,122318.2273958,98431.4952307143,220749.722626514,1071.42857142857,0,0,0,0,1071.42857142857,1607142.85714286,0,1607142.85714286,0,0,0,0,1428.57142857143,0,0,1428.57142857143,0,0,0,0,0,0,342.857142857143,0,342.857142857143,28.5714285714286,28.5714285714286,0,121.428571428571,0,492.857142857143,0,0,0,0,0,0,0,71.4285714285714,0,0,314.285714285714,14.2857142857143,0,0,0,0,0,42.8571428571429,0,0,50,0,0,0,0,0,0,0,0,0,0,0,0,0,0,0,0,0,0,0,8486478.29405509,-1338794.66666667,-870937.523809524,9840237.52380952,1592178.29405509,11432415.8178646,-9825272.96072175,90.8205128205128
4,0,0,0,88000,0,0,0,200000,0,0,0,33,1,235300,6,0.55,0.44,0.11,0,0,0.55,0.44,0.11,0,0,0,0,0,0,0,0.29,0.22,0.07,0,0,0.29,0.22,0.07,0,0,0,0,0,0,0,17.6666666666667,2,155.172413793103,993103.448275862,303448.275862069,689655.172413793,0,0,0,303448.275862069,0,0,0,689655.172413793,0,0,0,1139655.17241379,126206.896551724,0,0,258620.689655172,0,0,0,366234.482758621,180248.275862069,546482.75862069,268965.517241379,1551724.13793103,0,1551724.13793103,6586758.62068965,903448.275862069,0,7490206.89655172,4471782.75862069,259709.886408,108500.9901,368210.876508,2620.68965517241,0,310.344827586207,0,1225.86206896552,3846.55172413793,4166896.55172414,3064655.17241379,7231551.72413793,0,0,0,0,551.724137931034,0,0,551.724137931034,0,3448.27586206897,0,0,0,3448.27586206897,317.241379310345,234.48275862069,82.7586206896552,55.1724137931034,55.1724137931034,0,82.7586206896552,0,455.172413793103,0,0,0,0,0,0,0,165.51724137931,0,0,137.931034482759,55.1724137931034,0,0,0,0,0,0,0,0,96.551724137931,0,0,0,0,0,0,0,0,0,0,0,0,0,0,0,0,0,0,0,8506693.63512869,2759768.96551724,3663217.24137931,11058541.3793103,1919935.01443903,12978476.3937494,-5746924.66961145,66.3846153846154
4,0,0,0,88000,0,36000,0,128000,0,0,0,33,1,235300,6,1.01,0,0.94,0.07,0,1.01,0,0.94,0.07,0,0,0,0,0,0,0.45,0,0.42,0.03,0,0.45,0,0.42,0.03,0,0,0,0,0,0,27.9,2,324.444444444444,560000,275555.555555556,284444.444444444,0,0,0,195555.555555556,0,80000,0,284444.444444444,0,0,0,1465777.77777778,193333.333333333,0,0,0,0,0,0,192266.666666667,193600,385866.666666667,562962.962962963,1486666.66666667,0,1486666.66666667,11299288.8888889,2679875.55555556,0,13979164.4444444,6083116.2962963,285720.991867674,175616.034176889,461337.026044563,0,0,2000,0,7900,7900,0,19750000,19750000,0,0,0,0,355.555555555556,0,4.44444444444444,360,0,1422.22222222222,0,0,0,1422.22222222222,533.333333333333,275.555555555556,257.777777777778,168.888888888889,168.888888888889,0,168.888888888889,0,871.111111111111,0,0,0,0,0,0,0,320,0,0,266.666666666667,124.444444444444,0,0,0,0,0,0,0,0,160,0,0,0,0,0,0,0,0,0,0,0,0,0,0,0,0,0,0,0,13247292.5816001,13666883.7037037,16346759.2592593,17382405.1851852,1948003.69271123,19330408.8778964,419591.122103587,66.3846153846154
4,0,0,0,890000,0,72500,0,0,0,0,255000,37,2,256777,6,0.53,0.26,0.27,0,0,0.53,0.26,0.27,0,0,0,0,0,0,0,0.53,0.26,0.27,0,0,0.53,0.26,0.27,0,0,0,0,0,0,0,36.5714285714286,2,349.056603773585,2297169.81132075,1816037.73584906,481132.075471698,0,0,0,1679245.28301887,0,136792.452830189,0,0,0,0,481132.075471698,1219622.64150943,50000,3954716.98113208,0,0,0,0,0,634611.320754717,11506.4150943396,646117.735849057,0,584905.660377358,0,584905.660377358,12731626.4150943,3243735.8490566,0,15975362.2641509,11668140.0188679,51041.1953843774,254744.859045849,305786.054430226,16037.7358490566,0,0,0,0,16037.7358490566,16037735.8490566,0,16037735.8490566,0,0,0,0,3773.58490566038,0,188.679245283019,3962.2641509434,0,0,0,0,1886.79245283019,1886.79245283019,679.245283018868,562.264150943396,116.981132075472,226.415094339623,113.207547169811,113.207547169811,98.1132075471698,0,1003.77358490566,0,0,0,0,0,0,0,158.490566037736,0,264.150943396226,452.830188679245,52.8301886792453,0,0,0,0,0,37.7358490566038,0,0,37.7358490566038,0,0,0,0,0,0,0,0,0,0,0,0,0,0,0,0,0,0,0,13622318.1299019,4369595.83018868,7613331.67924528,24399766.4339623,890691.714807585,25290458.1487698,-9252722.29971324,68.8181818181818
4,0,0,20000,60000,0,0,1000000,0,0,0,0,37,2,256777,6,0.63,0.63,0,0,0,0.63,0.63,0,0,0,0,0,0,0,0,0.63,0.63,0,0,0,0.63,0.63,0,0,0,0,0,0,0,0,24.5,2,1293.65079365079,1714285.71428571,126984.126984127,1587301.58730159,0,0,31746.0317460317,95238.0952380952,0,0,1587301.58730159,0,0,0,0,212857.142857143,277222.222222222,4153015.87301587,0,0,0,0,15873.0158730159,1744253.96825397,456779.54887218,2201033.51712615,228571.428571429,1430158.73015873,0,1430158.73015873,6267092.06349206,2136698.41269841,0,8403790.47619048,11196334.32665,515611.565038583,160207.543901111,675819.108939694,21428.5714285714,0,0,0,0,21428.5714285714,21428571.4285714,0,21428571.4285714,0,0,0,95.2380952380952,158.730158730159,0,0,253.968253968254,15873.0158730159,0,0,0,0,15873.0158730159,309.52380952381,168.253968253968,141.269841269841,126.984126984127,63.4920634920635,63.4920634920635,79.3650793650794,12.6984126984127,528.571428571429,0,0,0,0,0,0,0,53.968253968254,0,31.7460317460317,253.968253968254,25.3968253968254,0,0,0,0,9.52380952380952,38.0952380952381,0,0,39.6825396825397,0,0,0,0,76.1904761904762,0,0,0,0,0,0,0,0,0,0,0,0,0,0,8373069.90259049,10232237.1019215,12368935.5146199,17463426.390142,2105977.83909842,19569404.2292404,1859167.19933099,68.8181818181818
4,182000,0,0,0,0,0,0,0,0,0,0,38,3,242051,6,1.53,0.4,0.61,0.43,0.09,1.53,0.4,0.61,0.43,0.09,0,0,0,0,0,1.53,0.4,0.61,0.43,0.09,1.53,0.4,0.61,0.43,0.09,0,0,0,0,0,58,2,279.738562091503,118954.248366013,118954.248366013,0,118954.248366013,0,0,0,0,0,0,0,0,0,0,317647.058823529,109607.843137255,78431.3725490196,0,0,0,0,89542.4836601307,1043660.13071895,143984.588923289,1187644.71964224,296296.296296296,126067.973856209,0,126067.973856209,1456681.04575163,1134358.16993464,0,2591039.21568627,3574533.19240913,194573.871761065,35834.0625055556,230407.934266621,9486.92810457516,0,0,104.575163398693,316.862745098039,9803.7908496732,18973856.2091503,1039309.80392157,20013166.0130719,0,261.437908496732,0,0,0,0,0,261.437908496732,0,0,0,0,0,0,86.9281045751634,39.2156862745098,47.7124183006536,78.4313725490196,41.8300653594771,36.6013071895425,10.4575163398693,0,175.816993464052,0,0,0,0,0,0,0,20.9150326797386,0,0,151.633986928105,3.26797385620915,0,0,0,0,0,0,0,0,0,0,0,0,0,0,0,0,0,0,0,0,0,0,0,0,0,0,0,0,1813156.95387446,16438632.8206628,17572990.9905974,5031214.23816076,356475.90812283,5387690.14628359,14625475.8667883,48.7272727272727
4,24000,0,0,0,0,0,0,0,0,0,432000,37,1,256777,6,0.29,0.14,0.15,0,0,0.29,0.14,0.15,0,0,0,0,0,0,0,0.22,0.07,0.15,0,0,0.22,0.07,0.15,0,0,0,0,0,0,0,19.5,2,545.454545454545,2072727.27272727,109090.909090909,1963636.36363636,109090.909090909,0,0,0,0,0,0,0,0,0,1963636.36363636,459545.454545455,737909.090909091,3012727.27272727,0,0,0,0,45454.5454545455,345600,125052.631578947,470652.631578947,174545.454545455,2022727.27272727,0,2022727.27272727,17887818.1818182,7814454.54545455,0,25702272.7272727,15044793.2679426,158368.631528498,347264.948731818,505633.580260316,38636.3636363636,0,0,0,0,38636.3636363636,39772727.2727273,0,39772727.2727273,0,181.818181818182,0,0,0,0,0,181.818181818182,0,0,0,0,7272.72727272727,7272.72727272727,1072.72727272727,572.727272727273,500,545.454545454545,272.727272727273,272.727272727273,113.636363636364,0,1731.81818181818,0,0,0,0,0,0,0,45.4545454545455,0,254.545454545455,1154.54545454545,45.4545454545455,0,0,81.8181818181818,0,45.4545454545455,0,0,0,68.1818181818182,0,0,0,0,36.3636363636364,0,0,0,0,0,0,0,0,0,0,0,0,0,0,20416179.0348058,24727934.0047847,32542388.5502392,32932611.4497608,2528360.85298759,35460972.3027484,4311754.96997891,96.0131578947368
4,2550,0,2550,28000,0,10000,79200,0,0,0,86000,37,2,256777,6,0.69,0,0.69,0,0,0.62,0,0.62,0,0,0.07,0,0.07,0,0,0.66,0,0.66,0,0,0.59,0,0.59,0,0,0.07,0,0.07,0,0,52,2,306.060606060606,315606.060606061,65303.0303030303,250303.03030303,3863.63636363636,0,3863.63636363636,42424.2424242424,0,15151.5151515152,120000,0,0,0,130303.03030303,892727.272727273,95560.6060606061,4518712.12121212,0,0,0,2119621.21212121,253030.303030303,783030.303030303,83368.4210526316,866398.724082935,363636.363636364,1368181.81818182,165151.515151515,1533333.33333333,19738072.7272727,4029993.93939394,0,23768066.6666667,13877215.1180223,120990.073673537,346535.174272879,467525.247946416,19227.2727272727,0,0,0,0,19227.2727272727,19227272.7272727,0,19227272.7272727,0,9.09090909090909,0,9.09090909090909,84.8484848484849,0,1.51515151515152,104.545454545455,727.272727272727,0,0,0,303.030303030303,1030.30303030303,1254.54545454545,706.060606060606,548.484848484848,248.484848484849,248.484848484849,0,69.6969696969697,0,1572.72727272727,0,0,0,0,0,0,0,53.030303030303,0,300,884.848484848485,121.212121212121,0,0,24.2424242424242,0,4.54545454545455,27.2727272727273,0,0,33.3333333333333,0,0,0,0,124.242424242424,0,0,0,0,0,0,0,0,0,0,0,0,0,0,21573779.793401,5350057.6092504,9545203.06379585,33450136.3301435,2000858.58127975,35450994.9114233,-16223722.1841506,68.8181818181818
4,36000,0,0,0,0,0,510000,0,0,0,850000,38,2,242051,6,0.9,0,0.9,0,0,0.57,0,0.57,0,0,0.33,0,0.33,0,0,0.7,0,0.7,0,0,0.37,0,0.37,0,0,0.33,0,0.33,0,0,19.75,2,178.571428571429,1994285.71428571,51428.5714285714,1942857.14285714,51428.5714285714,0,0,0,0,0,728571.428571429,0,0,0,1214285.71428571,195000,391714.285714286,828571.428571429,0,107142.857142857,0,0,68571.4285714286,249142.857142857,68571.4285714286,317714.285714286,2161904.76190476,828571.428571429,1700000,2528571.42857143,13322234.2857143,2385885.71428571,0,15708120,10392841.4761905,299919.275447619,209172.352062286,509091.627509905,8571.42857142857,0,0,0,0,8571.42857142857,12857142.8571429,0,12857142.8571429,0,85.7142857142857,0,0,0,0,0,85.7142857142857,4857.14285714286,0,0,0,2857.14285714286,7714.28571428571,272.857142857143,227.142857142857,45.7142857142857,160,102.857142857143,57.1428571428571,407.142857142857,0,840,0,0,0,0,0,0,0,134.285714285714,0,0,217.142857142857,91.4285714285714,0,0,22.8571428571429,0,0,34.2857142857143,0,0,318.571428571429,0,0,0,0,0,21.4285714285714,0,0,0,0,0,0,0,0,0,0,0,0,0,14659897.3417956,2464301.38095238,6550187.0952381,22015075.7619048,3037663.05608133,25052738.8179861,-12195595.9608432,49.0555555555556
4,50000,0,0,260000,0,0,600000,0,0,0,0,38,2,242051,6,0.59,0.13,0.2,0.26,0,0.59,0.13,0.2,0.26,0,0,0,0,0,0,0.5,0.11,0.13,0.26,0,0.5,0.11,0.13,0.26,0,0,0,0,0,0,29.5,2,480,1820000,620000,1200000,100000,0,0,520000,0,0,1200000,0,0,0,0,1215000,127200,10000,0,40000,0,0,60000,869066.666666667,224092,1093158.66666667,320000,2880000,0,2880000,7095840,0,0,7095840,4927409.66666667,285470.6838679,112406.660866,397877.3447339,14332,0,0,0,0,14332,14332000,0,14332000,0,200,0,0,800,0,0,1000,8000,0,0,0,0,8000,310,238,72,0,0,0,112,0,422,0,0,0,0,0,0,0,72,0,0,0,102,0,0,16,0,0,160,0,0,64,0,0,0,0,0,8,0,0,0,0,0,0,0,0,0,0,0,0,0,10373717.3447339,9404590.33333333,9404590.33333333,12023249.6666667,3277877.3447339,15301127.0114006,-969127.011400566,49.0555555555556
4,58000,0,0,39000,0,0,0,0,0,0,212500,38,1,242051,6,0.17,0,0.13,0,0.04,0,0,0,0,0,0.17,0,0.13,0,0.04,0.17,0,0.13,0,0.04,0,0,0,0,0,0.17,0,0.13,0,0.04,50.3333333333333,2,688.235294117647,1820588.23529412,570588.235294118,1250000,341176.470588235,0,0,229411.764705882,0,0,0,0,0,0,1250000,1341176.47058824,176470.588235294,1000000,0,29411.7647058824,0,0,0,815686.274509804,0,815686.274509804,0,0,2000000,2000000,5902247.05882353,10594000,0,16496247.0588235,18019384.3333333,54505.8639215686,226199.037660588,280704.901582157,23529.4117647059,0,588.235294117647,0,2323.52941176471,25852.9411764706,35294117.6470588,5808823.52941176,41102941.1764706,0,705.882352941177,0,0,352.941176470588,0,0,1058.82352941176,0,0,0,0,2941.17647058824,2941.17647058824,335.294117647059,0,335.294117647059,723.529411764706,441.176470588235,282.352941176471,82.3529411764706,0,1141.17647058824,0,0,0,0,0,0,0,123.529411764706,0,0,800,76.4705882352941,0,0,0,0,0,0,0,0,94.1176470588235,0,0,0,0,0,47.0588235294118,0,0,0,0,0,0,0,0,0,0,0,0,0,6182951.96040569,23083556.8431373,35677556.8431373,21921631.3921569,2280704.90158216,24202336.293739,16900604.8827316,104.558823529412
4,60000,0,0,63000,0,0,500000,0,0,0,0,37,1,256777,6,0.37,0,0.37,0,0,0.37,0,0.37,0,0,0,0,0,0,0,0.37,0,0.37,0,0,0.37,0,0.37,0,0,0,0,0,0,0,37,2,297.297297297297,1683783.78378378,332432.432432432,1351351.35135135,162162.162162162,0,0,170270.27027027,0,0,1351351.35135135,0,0,0,0,201756.756756757,405405.405405405,0,0,0,0,0,40540.5405405405,960518.918918919,74355.6187766714,1034874.53769559,286443.243243243,1283783.78378378,0,1283783.78378378,11917183.7837838,0,0,11917183.7837838,3909581.26742532,182323.712824785,154479.096035676,336802.808860461,5405.40540540541,0,0,0,0,5405.40540540541,5405405.40540541,0,5405405.40540541,0,270.27027027027,0,0,378.378378378378,0,0,648.648648648649,13513.5135135135,0,0,0,0,13513.5135135135,621.621621621622,286.486486486487,335.135135135135,0,0,0,148.648648648649,0,770.27027027027,0,0,0,0,0,0,0,113.513513513514,0,54.0540540540541,302.702702702703,75.6756756756757,0,0,0,0,0,129.72972972973,0,0,94.5945945945946,0,0,0,0,0,0,0,0,0,0,0,0,0,0,0,0,0,0,0,13537770.376428,1495824.13798009,1495824.13798009,15826765.0512091,1620586.59264424,17447351.6438534,-12041946.2384479,96.0131578947368
4,90000,0,0,0,0,0,60000,0,0,0,0,38,1,242051,5,0.06,0,0,0.06,0,0.06,0,0,0.06,0,0,0,0,0,0,0.06,0,0,0.06,0,0.06,0,0,0.06,0,0,0,0,0,0,54.5,2,1833.33333333333,2500000,1500000,1000000,1500000,0,0,0,0,0,1000000,0,0,0,0,710000,3980000,833333.333333333,0,500000,0,0,1483333.33333333,10340000,5737800,16077800,0,7000000,0,7000000,39799433.3333333,0,0,39799433.3333333,26326517.6666667,5210589.360858,539980.304065,5750569.664923,54283.3333333333,0,0,0,0,54283.3333333333,54283333.3333333,0,54283333.3333333,0,3000,0,0,0,0,0,3000,6666.66666666667,0,0,0,0,6666.66666666667,666.666666666667,583.333333333333,83.3333333333333,0,0,0,1316.66666666667,0,1983.33333333333,0,0,0,0,0,0,0,450,0,0,0,116.666666666667,0,0,0,0,0,433.333333333333,0,0,950,0,0,0,0,0,33.3333333333333,0,0,0,0,0,0,0,0,0,0,0,0,0,52550002.9982563,27956815.6666667,27956815.6666667,66125951,12750569.664923,78876520.664923,-24593187.3315897,104.558823529412
