"▣ 연령별","무기질비료_질소질_지출액","무기질비료_인산질_지출액","무기질비료_가리질_지출액","무기질비료_복합_지출액","무기질비료_토양개량제_지출액","무기질비료_기타_지출액","유기질비료_퇴구비_지출액","유기질비료_계분_지출액","유기질비료_우분_지출액","유기질비료_돈분_지출액","유기질비료_기타_지출액","▣ 지역별","▣ 규모별","조성비","▣ 경영수준별","경지면적_합계_계","경지면적_합계_논","경지면적_합계_밭","경지면적_합계_임지","경지면적_합계_기타","경지면적_자작지_계","경지면적_자작지_논","경지면적_자작지_밭","경지면적_자작지_임지","경지면적_자작지_기타","경지면적_차용지_계","경지면적_차용지_논","경지면적_차용지_밭","경지면적_차용지_임지","경지면적_차용지_기타","재배면적_합계_계","재배면적_합계_논","재배면적_합계_밭","재배면적_합계_임지","재배면적_합계_기타","재배면적_자작지_계","재배면적_자작지_논","재배면적_자작지_밭","재배면적_자작지_임지","재배면적_자작지_기타","재배면적_차용지_계","재배면적_차용지_논","재배면적_차용지_밭","재배면적_차용지_임지","재배면적_차용지_기타","수령","▣ 전/겸업별","재배본수_ha당","비료비_ha당","무기질비료_ha당","유기질비료_ha당","무기질비료_질소질_지출액_ha당","무기질비료_인산질_지출액_ha당","무기질비료_가리질_지출액_ha당","무기질비료_복합_지출액_ha당","무기질비료_토양개량제_지출액_ha당","무기질비료_기타_지출액_ha당","유기질비료_퇴구비_지출액_ha당","유기질비료_계분_지출액_ha당","유기질비료_우분_지출액_ha당","유기질비료_돈분_지출액_ha당","유기질비료_기타_지출액_ha당","농약비_ha당","수도광열비_ha당","제재료비_ha당","소농구비_ha당","수선비_ha당","임차료_ha당","위탁영농비_ha당","기타비용_ha당","기계_감가상각비_ha당","시설물_감가상각비_ha당","감가상각비_ha당","자동차비_ha당","자가토지용역비_ha당","임차토지용역비_ha당","토지용역비_ha당","자가노동비_ha당","고용노동비_ha당","급식물비_ha당","노동비_ha당","경영비","고정자본용역비_ha당","유동자본용역비_ha당","자본용역비_ha당","생감 수량_ha당","반건시 수량_ha당","건시 수량_ha당","감말랭이 수량_ha당","건시 환산 소계 수량_ha당","총 생산량(생감 기준)_ha당","생감 기준평가액_ha당","건시 (생감 기준) 소계 평가액_ha당","총 생산액(생감 기준)_ha당","부산물 생산량_ha당","무기질_질소질_수량_ha당","무기질_인산질_수량_ha당","무기질_가리질_수량_ha당","무기질_복합_수량_ha당","무기질_토양개량제_수량_ha당","무기질_기타_수량_ha당","무기질_합계_수량_ha당","유기질_퇴구비_수량_ha당","유기질_계분_수량_ha당","유기질_우분_수량_ha당","유기질_돈분_수량_ha당","유기질_기타_수량_ha당","유기질_합계_수량_ha당","총 노동시간_보통자가_ha당","총 노동시간_보통자가_남_ha당","총 노동시간_보통자가_여_ha당","총 노동시간_보통고용_ha당","총 노동시간_보통고용_남_ha당","총 노동시간_보통고용_여_ha당","총 노동시간_특수자가_ha당","총 노동시간_특수고용_ha당","총 노동시간_합계_ha당","간벌_시간_ha당","건조_시간_ha당","경운_시간_ha당","관수(살수)_시간_ha당","두둑_시간_ha당","멀칭_시간_ha당","배수로 정비 및 관리_시간_ha당","병해충방제_시간_ha당","보식작업_시간_ha당","선별_시간_ha당","수확 및 운반_시간_ha당","시비_시간_ha당","시설물 보수_시간_ha당","식재(조림)_시간_ha당","열매솎기(적과)_시간_ha당","인공교배 또는 수정_시간_ha당","재배지 정리_시간_ha당","전정_시간_ha당","접목 및 관리_시간_ha당","제초_시간_ha당","종묘 이식_시간_ha당","차광막 설치_시간_ha당","채종_시간_ha당","꽃눈솎기(적뢰)_시간_ha당","출하_시간_ha당","지주세우기_시간_ha당","일반관리_시간_ha당","파종_시간_ha당","골목 눕히기_시간_ha당","골목 뒤집기_시간_ha당","골목 벌채_시간_ha당","골목 세우기_시간_ha당","골목 폐기_시간_ha당","버섯발생작업_시간_ha당","재배장 소독_시간_ha당","종균접종_시간_ha당","천공작업_시간_ha당","표고세척_시간_ha당","기타_시간_ha당","내급비","소득","부가가치","직접생산비","간접생산비","생산비 합계_ha당","순수익","가중치"
1,0,0,0,0,0,0,0,0,0,0,0,36,1,261128,6,0.24,0,0,0.24,0,0.24,0,0,0.24,0,0,0,0,0,0,0.1,0,0,0.1,0,0.1,0,0,0.1,0,0,0,0,0,0,7,2,510,0,0,0,0,0,0,0,0,0,0,0,0,0,0,0,163000,0,0,130000,0,0,0,1724050,261668.421052632,1985718.42105263,739166.666666667,258000,0,258000,4956400,0,0,4956400,3279013.0877193,635211.503122807,65092.56,700304.063122807,15240,0,0,0,0,15240,17983200,0,17983200,0,0,0,0,0,0,0,0,0,0,0,0,0,0,150,70,80,0,0,0,120,0,270,0,0,0,0,0,0,0,0,0,10,140,0,0,0,0,0,0,0,0,120,0,0,0,0,0,0,0,0,0,0,0,0,0,0,0,0,0,0,0,5914704.06312281,14704186.9122807,14704186.9122807,8235413.0877193,958304.063122807,9193717.15084211,8789482.84915789,90.8205128205128
1,0,0,0,0,0,0,2353700,0,0,0,0,35,3,268798,6,4.95,2.34,2.61,0,0,4.95,2.34,2.61,0,0,0,0,0,0,0,4.95,2.34,2.61,0,0,4.95,2.34,2.61,0,0,0,0,0,0,0,15.4375,1,418.585858585859,475494.949494949,0,475494.949494949,0,0,0,0,0,0,475494.949494949,0,0,0,0,358868.686868687,423454.545454545,0,0,263070.707070707,333737.373737374,0,91575.7575757576,1697544.78114478,134141.414141414,1831686.1952862,166821.548821549,2734949.49494949,0,2734949.49494949,5512486.26262626,7700561.21212121,157575.757575758,13370623.2323232,12005904.0938842,224894.917171717,189938.903838384,414833.821010101,17744.0404040404,0,0,0,0,17744.0404040404,25906298.989899,0,25906298.989899,0,0,0,0,0,0,0,0,7311.71717171717,0,0,0,0,7311.71717171717,122.424242424242,108.282828282828,14.1414141414141,508.282828282828,258.787878787879,249.494949494949,158.787878787879,0,789.494949494949,0,0,0,2.02020202020202,0,0,0,19.1919191919192,0,279.393939393939,335.353535353535,7.87878787878788,0,0,0,0,5.45454545454545,67.4747474747475,6.86868686868687,55.959595959596,0,0,0,0,9.8989898989899,0,0,0,0,0,0,0,0,0,0,0,0,0,0,8728010.21870839,13900394.8960148,22026528.5993266,17584130.996633,3149783.3159596,20733914.3125926,5172384.6773064,34.3333333333333
1,0,0,0,0,0,0,245000,0,0,0,0,36,2,261128,6,2.24,0,0,2.24,0,2.24,0,0,2.24,0,0,0,0,0,0,0.66,0,0,0.66,0,0.66,0,0,0.66,0,0,0,0,0,0,38,2,378.787878787879,371212.121212121,0,371212.121212121,0,0,0,0,0,0,371212.121212121,0,0,0,0,285303.03030303,627727.272727273,0,0,0,0,0,0,308712.373737374,169807.615629984,478519.989367358,18181.8181818182,545454.545454545,0,545454.545454545,9088162.12121212,6788966.66666667,193939.393939394,16071068.1818182,8913966.23994417,168158.017422116,215205.851515152,383363.868937267,1131.81818181818,0,5659.09090909091,375.757575757576,23491.9545454545,24623.7727272727,1856181.81818182,21321134.5454545,23177316.3636364,0,0,0,0,0,0,0,0,5151.51515151515,0,0,0,0,5151.51515151515,286.363636363636,251.515151515152,34.8484848484848,374.242424242424,280.30303030303,93.9393939393939,195.454545454545,7.57575757575758,863.636363636364,0,0,0,7.57575757575758,0,0,0,86.3636363636364,0,153.030303030303,210.606060606061,39.3939393939394,0,0,0,0,0,160.606060606061,0,137.878787878788,0,0,0,0,0,0,0,0,0,0,0,0,0,0,0,0,0,0,68.1818181818182,10127992.5880574,14263350.1236922,21135244.1318448,18113140.4136098,928818.414391813,19041958.8280016,4135357.53563477,55.2666666666667
1,0,0,0,18700,0,0,0,0,0,0,322400,37,1,266599,6,0.21,0,0.21,0,0,0.21,0,0.21,0,0,0,0,0,0,0,0.21,0,0.21,0,0,0.21,0,0.21,0,0,0,0,0,0,0,24.5,2,666.666666666667,1624285.71428571,89047.619047619,1535238.0952381,0,0,0,89047.619047619,0,0,0,0,0,0,1535238.0952381,301904.761904762,456190.476190476,0,0,880952.380952381,0,0,0,4091761.9047619,2194195.4887218,6285957.39348371,586904.761904762,2571428.57142857,0,2571428.57142857,14369185.7142857,0,0,14369185.7142857,10402794.4887218,2483443.48,218643.236190476,2702086.71619048,23042.8571428571,0,0,0,0,23042.8571428571,18979857.1428571,0,18979857.1428571,0,0,0,0,166.666666666667,0,0,166.666666666667,0,0,0,0,2742.85714285714,2742.85714285714,742.857142857143,595.238095238095,147.619047619048,0,0,0,76.1904761904762,0,819.047619047619,0,0,0,33.3333333333333,0,0,0,23.8095238095238,0,114.285714285714,576.190476190476,19.047619047619,0,0,0,0,0,0,0,52.3809523809524,0,0,0,0,0,0,0,0,0,0,0,0,0,0,0,0,0,0,0,19642701.0019048,8577062.65413534,8577062.65413534,24771980.2030075,5273515.28761905,30045495.4906266,-11065638.3477694,93.5512820512821
1,0,0,0,72000,0,0,7800,0,0,0,279000,37,1,266599,6,0.33,0,0.33,0,0,0.33,0,0.33,0,0,0,0,0,0,0,0.33,0,0.33,0,0,0.33,0,0.33,0,0,0,0,0,0,0,24.5,2,348.484848484848,1087272.72727273,218181.818181818,869090.909090909,0,0,0,218181.818181818,0,0,23636.3636363636,0,0,0,845454.545454545,1062121.21212121,976969.696969697,0,0,0,0,0,90909.0909090909,1123953.03030303,31365.8213716108,1155318.85167464,129166.666666667,1090909.09090909,0,1090909.09090909,7402193.93939394,765333.333333333,0,8167527.27272727,5533690.57894737,185004.27789378,141171.52,326175.79789378,15654.5454545455,0,0,0,0,15654.5454545455,22386000,0,22386000,0,0,0,0,527.272727272727,0,0,527.272727272727,2060.60606060606,0,0,0,6545.45454545454,8606.0606060606,339.393939393939,181.818181818182,157.575757575758,42.4242424242424,42.4242424242424,0,96.969696969697,0,478.787878787879,0,0,0,0,0,0,0,51.5151515151515,0,36.3636363636364,196.969696969697,72.7272727272727,0,0,0,0,0,54.5454545454545,0,66.6666666666667,0,0,0,0,0,0,0,0,0,0,0,0,0,0,0,0,0,0,0,8819278.82819681,16852309.4210526,17617642.754386,12935884.5183413,1417084.88880287,14352969.4071442,8033030.59285582,93.5512820512821
1,162000,0,0,0,0,0,0,0,0,0,0,35,1,268798,5,0.17,0,0.17,0,0,0.17,0,0.17,0,0,0,0,0,0,0,0.17,0,0.17,0,0,0.17,0,0.17,0,0,0,0,0,0,0,12,2,705.882352941176,952941.176470588,952941.176470588,0,952941.176470588,0,0,0,0,0,0,0,0,0,0,47647.0588235293,325882.352941176,0,0,0,0,0,0,4821960.78431373,0,4821960.78431373,0,2647058.82352941,0,2647058.82352941,14024723.5294118,0,0,14024723.5294118,6417229.37254902,567462.901960784,190354.807058823,757817.709019608,15994.1176470588,0,0,0,0,15994.1176470588,30868647.0588235,0,30868647.0588235,0,952.941176470588,0,0,0,0,0,952.941176470588,0,0,0,0,0,0,852.941176470588,447.058823529412,405.882352941176,0,0,0,23.5294117647059,0,876.470588235294,0,0,0,0,0,0,0,23.5294117647059,0,0,582.35294117647,82.3529411764706,0,0,47.0588235294118,0,0,141.176470588235,0,0,0,0,0,0,0,0,0,0,0,0,0,0,0,0,0,0,0,0,0,17429600.0619608,24451417.6862745,24451417.6862745,20441952.9019608,3404876.53254902,23846829.4345098,7021817.62431372,73.6666666666667
2,0,0,0,0,0,0,0,0,0,0,0,33,1,244300,6,0.31,0,0.31,0,0,0.31,0,0.31,0,0,0,0,0,0,0,0.31,0,0.31,0,0,0.31,0,0.31,0,0,0,0,0,0,0,21,2,322.58064516129,0,0,0,0,0,0,0,0,0,0,0,0,0,0,82903.2258064516,216774.193548387,0,0,0,0,0,81290.3225806452,58467.7419354839,0,58467.7419354839,477419.35483871,72580.6451612903,0,72580.6451612903,7133816.12903226,0,0,7133816.12903226,1161154.83870968,64825.02,93183.32,158008.34,10922.5806451613,0,0,0,0,10922.5806451613,9502645.16129032,0,9502645.16129032,0,0,0,0,0,0,0,0,0,0,0,0,0,0,251.612903225806,161.290322580645,90.3225806451613,0,0,0,141.935483870968,0,393.548387096774,0,0,0,0,0,0,0,16.1290322580645,0,0,183.870967741935,0,0,0,0,0,25.8064516129032,25.8064516129032,0,141.935483870968,0,0,0,0,0,0,0,0,0,0,0,0,0,0,0,0,0,0,0,7364405.11419355,8341490.32258065,8341490.32258065,8294970.96774194,230588.98516129,8525559.95290323,977085.208387097,50.7647058823529
2,0,0,0,0,0,0,0,0,0,0,0,99,3,252634,6,5.33,0,0.33,5,0,5.33,0,0.33,5,0,0,0,0,0,0,2.33,0,0.33,2,0,2.33,0,0.33,2,0,0,0,0,0,0,21,2,278.969957081545,0,0,0,0,0,0,0,0,0,0,0,0,0,0,123047.210300429,27639.4849785408,0,9184.54935622317,3648.0686695279,0,0,350343.347639485,319224.034334764,27404.4364129207,346628.470747685,191165.951359084,818884.120171674,0,818884.120171674,1339011.15879828,1875278.96995708,51502.1459227468,3265792.27467811,3209617.40010114,89906.3945420977,46867.7212017167,136774.115743814,12639.4849785408,0,0,0,0,12639.4849785408,12564613.7339056,0,12564613.7339056,0,0,0,0,0,0,0,0,0,0,0,0,0,0,69.9570815450644,47.6394849785408,22.3175965665236,117.596566523605,98.2832618025751,19.31330472103,8.15450643776824,18.4549356223176,214.163090128755,0,0,0,0,0,0,0,8.15450643776824,0,15.450643776824,146.351931330472,0,0,0,0,0,0,30.9012875536481,0,8.15450643776824,0,0,0,0,0,0,0,0,0,0,0,0,0,0,0,0,0,0,5.15021459227468,2316124.19354343,9354996.33380444,11260322.6508546,4570083.35772909,955658.235915488,5525741.59364458,7038872.140261,66.5
2,0,0,0,0,0,0,0,0,0,0,248000,37,1,266599,6,0.2,0,0.2,0,0,0.2,0,0.2,0,0,0,0,0,0,0,0.2,0,0.2,0,0,0.2,0,0.2,0,0,0,0,0,0,0,38,1,650,1240000,0,1240000,0,0,0,0,0,0,0,0,0,0,1240000,1266500,404500,3666500,0,750000,0,0,0,561408.333333333,325395,886803.333333333,0,900000,0,900000,12432180,5209855,0,17642035,13690757.3333333,308483.242333333,309622.234,618105.476333333,13550,0,0,0,0,13550,18563500,0,18563500,0,0,0,0,0,0,0,0,0,0,0,0,3600,3600,530,530,0,290,290,0,135,0,955,0,0,0,0,0,0,0,110,0,180,540,10,0,0,0,0,0,0,0,115,0,0,0,0,0,0,0,0,0,0,0,0,0,0,0,0,0,0,0,13950285.4763333,4872742.66666667,10082597.6666667,26122937.3333333,1518105.47633333,27641042.8096667,-9077542.80966667,93.5512820512821
2,0,0,0,0,0,0,0,0,0,0,26400,33,1,244300,6,0.16,0,0.16,0,0,0.16,0,0.16,0,0,0,0,0,0,0,0.14,0,0.14,0,0,0.14,0,0.14,0,0,0,0,0,0,0,17,2,500,188571.428571429,0,188571.428571429,0,0,0,0,0,0,0,0,0,0,188571.428571429,517857.142857143,395000,0,0,0,0,0,292857.142857143,3327059.52380952,213428.571428571,3540488.0952381,1057142.85714286,2633571.42857143,0,2633571.42857143,10356000,0,0,10356000,6236216.66666667,652378.023809524,145703.542857143,798081.566666667,10607.1428571429,0,0,0,0,10607.1428571429,9228214.28571429,0,9228214.28571429,0,0,0,0,0,0,0,0,0,0,0,0,514.285714285714,514.285714285714,278.571428571429,207.142857142857,71.4285714285714,0,0,0,264.285714285714,0,542.857142857143,0,0,0,0,0,0,0,85.7142857142857,0,14.2857142857143,128.571428571429,50,0,0,0,0,0,0,0,264.285714285714,0,0,0,0,0,0,0,0,0,0,0,0,0,0,0,0,0,0,0,13787652.9952381,2991997.61904762,2991997.61904762,16592216.6666667,3431652.99523809,20023869.6619048,-10795655.3761905,50.7647058823529
2,0,0,0,0,0,0,0,0,0,0,291400,38,1,251309,5,0.17,0.17,0,0,0,0.17,0.17,0,0,0,0,0,0,0,0,0.17,0.17,0,0,0,0.17,0.17,0,0,0,0,0,0,0,0,33,1,823.529411764706,1714117.64705882,0,1714117.64705882,0,0,0,0,0,0,0,0,0,0,1714117.64705882,1036470.58823529,471176.470588235,0,0,35294.1176470588,0,0,111176.470588235,699411.764705882,527294.117647059,1226705.88235294,0,3529411.76470588,0,3529411.76470588,24766776.4705882,0,0,24766776.4705882,4846250.17647059,577961.665882353,348874.145882353,926835.811764706,24805.8823529412,0,0,0,0,24805.8823529412,30263176.4705882,0,30263176.4705882,0,0,0,0,0,0,0,0,0,0,0,0,423.529411764706,423.529411764706,1035.29411764706,711.764705882353,323.529411764706,0,0,0,364.705882352941,0,1400,0,0,0,0,0,0,0,135.294117647059,0,117.647058823529,500,76.4705882352941,0,0,0,0,0,282.352941176471,0,252.941176470588,0,0,0,0,0,35.2941176470588,0,0,0,0,0,0,0,0,0,0,0,0,0,29223024.0470588,25416926.2941176,25416926.2941176,29613026.6470588,4456247.57647059,34069274.2235294,-3806097.75294118,114.677419354839
2,0,0,0,0,0,0,0,0,0,0,37200,33,1,244300,6,0.35,0,0.35,0,0,0.35,0,0.35,0,0,0,0,0,0,0,0.35,0,0.35,0,0,0.35,0,0.35,0,0,0,0,0,0,0,33,1,142.857142857143,106285.714285714,0,106285.714285714,0,0,0,0,0,0,0,0,0,0,106285.714285714,193142.857142857,124285.714285714,0,0,0,0,0,556285.714285714,589666.666666667,0,589666.666666667,704761.904761905,135142.857142857,0,135142.857142857,9416865.71428571,0,0,9416865.71428571,2518728.57142857,120122.342857143,128921.134857143,249043.477714286,13282.8571428571,0,0,0,0,13282.8571428571,11556085.7142857,0,11556085.7142857,0,0,0,0,0,0,0,0,0,0,0,0,245.714285714286,245.714285714286,488.571428571429,305.714285714286,182.857142857143,0,0,0,65.7142857142857,0,554.285714285714,0,0,0,0,0,0,0,34.2857142857143,0,102.857142857143,254.285714285714,11.4285714285714,0,0,0,0,45.7142857142857,11.4285714285714,0,77.1428571428572,0,0,0,0,17.1428571428571,0,0,0,0,0,0,0,0,0,0,0,0,0,0,9801052.04914286,9037357.14285714,9037357.14285714,11935594.2857143,384186.334857143,12319780.6205714,-763694.906285714,50.7647058823529
2,0,0,0,0,0,0,0,0,0,0,396800,99,2,252634,6,1.32,0,1.32,0,0,0,0,0,0,0,1.32,0,1.32,0,0,0.83,0,0.83,0,0,0,0,0,0,0,0.83,0,0.83,0,0,47,2,130.120481927711,478072.289156626,0,478072.289156626,0,0,0,0,0,0,0,0,0,0,478072.289156626,823012.048192771,118915.662650602,0,0,6024.09638554217,0,0,24337.3493975904,258054.21686747,95831.9277108434,353886.144578313,33634.5381526104,0,1392409.63855422,1392409.63855422,5351380.72289157,6145783.13253012,190361.445783133,11687525.3012048,9730466.18315892,151078.61653012,162909.795662651,313988.412192771,15007.2289156626,0,0,0,0,15007.2289156626,16808096.3855422,0,16808096.3855422,0,0,0,0,0,0,0,0,0,0,0,0,1387.95180722892,1387.95180722892,163.855421686747,114.457831325301,49.3975903614458,327.710843373494,202.409638554217,125.301204819277,122.89156626506,42.1686746987952,656.626506024096,0,0,0,0,0,0,0,90.3614457831325,0,0,483.132530120482,15.6626506024096,0,0,0,0,0,45.7831325301205,0,21.6867469879518,0,0,0,0,0,0,0,0,0,0,0,0,0,0,0,0,0,0,0,5753973.29730694,7077630.20238324,14717580.2570281,13778041.4297189,1706398.05074699,15484439.4804659,1323656.9050763,66.5
2,0,0,0,0,0,0,0,0,2217600,0,0,36,2,261128,6,0.88,0.75,0,0.11,0.02,0.88,0.75,0,0.11,0.02,0,0,0,0,0,0.88,0.75,0,0.11,0.02,0.88,0.75,0,0.11,0.02,0,0,0,0,0,26,2,636.363636363636,2520000,0,2520000,0,0,0,0,0,0,0,0,2520000,0,0,848636.363636364,157954.545454545,2481818.18181818,0,0,268181.818181818,0,1361704.54545455,2128204.54545454,160589.114832536,2288793.66028708,83996.2121212121,3671590.90909091,0,3671590.90909091,8778309.09090909,4922727.27272727,0,13701036.3636364,15194940.599681,338836.321132376,264607.714545454,603444.035677831,27782.9545454545,0,0,0,0,27782.9545454545,15836284.0909091,0,15836284.0909091,0,0,0,0,0,0,0,0,0,0,22727.2727272727,0,0,22727.2727272727,247.727272727273,247.727272727273,0,182.954545454545,14.7727272727273,168.181818181818,204.545454545455,138.636363636364,773.863636363636,0,0,0,6.81818181818182,0,0,0,20.4545454545455,0,23.8636363636364,440.909090909091,22.7272727272727,0,0,0,0,18.1818181818182,194.318181818182,0,28.4090909090909,0,0,0,0,0,18.1818181818182,0,0,0,0,0,0,0,0,0,0,0,0,0,13053344.0356778,641343.491228068,5832252.58213716,23973249.6905901,4275034.94476874,28248284.6353588,-12412000.5444498,55.2666666666667
2,0,0,0,0,0,0,0,0,616000,0,297600,37,2,266599,6,0.68,0,0.68,0,0,0.68,0,0.68,0,0,0,0,0,0,0,0.68,0,0.68,0,0,0.68,0,0.68,0,0,0,0,0,0,0,38,2,300,1343529.41176471,0,1343529.41176471,0,0,0,0,0,0,0,0,905882.352941176,0,437647.058823529,877941.176470588,151470.588235294,0,0,0,0,0,0,197775.612745098,44773.9938080495,242549.606553148,0,529411.764705882,0,529411.764705882,8437044.11764706,3264058.82352941,0,11701102.9411765,6146148.60655315,51957.0314658153,174518.147058824,226475.178524639,15098.5294117647,0,0,0,0,15098.5294117647,12531779.4117647,0,12531779.4117647,0,0,0,0,0,0,0,0,0,0,7352.94117647059,0,1270.58823529412,8623.5294117647,427.941176470588,229.411764705882,198.529411764706,202.941176470588,102.941176470588,100,82.3529411764706,0,713.235294117647,0,0,0,0,0,0,0,67.6470588235294,0,14.7058823529412,410.294117647059,50,0,0,0,0,0,89.7058823529412,0,80.8823529411765,0,0,0,0,0,0,0,0,0,0,0,0,0,0,0,0,0,0,0,9192931.06087758,6385630.80521156,9649689.62874097,14583192.7242002,755886.943230521,15339079.6674307,-2807300.25566602,68.8181818181818
2,0,0,0,0,0,0,0,0,693000,0,1190400,36,2,261128,6,0.83,0.79,0,0,0.04,0.2,0.2,0,0,0,0.63,0.59,0,0,0.04,0.83,0.79,0,0,0.04,0.2,0.2,0,0,0,0.63,0.59,0,0,0.04,32.2222222222222,2,601.204819277108,2269156.62650602,0,2269156.62650602,0,0,0,0,0,0,0,0,834939.759036144,0,1434216.86746988,725542.168674699,118313.253012048,2631325.30120482,0,0,0,0,1366265.06024096,610281.124497992,83105.2631578947,693386.387655887,0,661445.78313253,2402530.12048193,3063975.90361446,8075696.38554217,556626.506024096,0,8632322.89156627,11024273.4238005,105207.416021983,195212.27373494,300419.689756922,28228.9156626506,0,0,0,0,28228.9156626506,22583132.5301205,0,22583132.5301205,0,0,0,0,0,0,0,0,0,0,9036.14457831325,0,2081.92771084337,11118.0722891566,214.457831325301,214.457831325301,0,42.1686746987952,0,42.1686746987952,201.204819277108,0,457.831325301205,0,0,0,0,0,0,0,32.5301204819277,0,14.4578313253012,90.3614457831325,33.7349397590361,0,0,0,0,7.2289156626506,173.493975903614,0,40.9638554216867,0,0,0,65.0602409638554,0,0,0,0,0,0,0,0,0,0,0,0,0,0,0,9037561.85843162,11558859.10632,14518015.732826,16697439.6888607,3364395.59337138,20061835.2822321,2521297.24788839,55.2666666666667
2,0,0,0,0,0,0,0,711000,0,0,0,35,2,268798,6,0.5,0,0.5,0,0,0,0,0,0,0,0.5,0,0.5,0,0,0.5,0,0.5,0,0,0,0,0,0,0,0.5,0,0.5,0,0,38,2,290,1422000,0,1422000,0,0,0,0,0,0,0,1422000,0,0,0,893400,273400,0,0,0,0,0,0,1308480,0,1308480,328666.666666667,0,3502000,3502000,8076880,12160000,458000,20694880,20431949.1448273,197304.369066667,288717.632,486022.001066667,12918,0,0,0,0,12918,18472740,0,18472740,0,0,0,0,0,0,0,0,0,23700,0,0,0,23700,262,262,0,720,512,208,164,0,1146,0,0,0,0,0,0,0,62,0,0,794,94,0,0,0,0,0,182,0,14,0,0,0,0,0,0,0,0,0,0,0,0,0,0,0,0,0,0,0,8745697.522906,-1959209.14482733,13977995.3333333,25189624.6666667,3988022.00106667,29177646.6677333,-10704906.6677333,34.3333333333333
2,0,0,0,0,0,0,105400,0,0,0,496000,37,1,266599,6,0.39,0,0.39,0,0,0.39,0,0.39,0,0,0,0,0,0,0,0.26,0,0.26,0,0,0.26,0,0.26,0,0,0,0,0,0,0,29.5,2,500,2313076.92307692,0,2313076.92307692,0,0,0,0,0,0,405384.615384615,0,0,0,1907692.30769231,1535384.61538462,468076.923076923,10185000,0,0,0,0,31538.4615384615,9676333.33333333,0,9676333.33333333,1421474.35897436,1038461.53846154,0,1038461.53846154,39059692.3076923,14978307.6923077,0,54038000,40875791.3076923,1161899.26769231,850281.353846154,2012180.62153846,27111.5384615385,0,0,0,0,27111.5384615385,46360730.7692308,0,46360730.7692308,0,0,0,0,0,0,0,0,3269.23076923077,0,0,0,5538.46153846154,8807.69230769231,2176.92307692308,1130.76923076923,1046.15384615385,911.538461538462,542.307692307692,369.230769230769,188.461538461538,0,3276.92307692308,0,0,0,0,0,0,0,153.846153846154,0,1292.30769230769,1738.46153846154,26.9230769230769,0,0,0,0,0,30.7692307692308,0,34.6153846153846,0,0,0,0,0,0,0,0,0,0,0,0,0,0,0,0,0,0,0,42110334.4676923,5484939.46153846,20463247.1538462,79935483.6153846,3050642.16,82986125.7753846,-36625395.0061538,93.5512820512821
2,0,0,0,0,0,0,137200,0,0,0,0,38,1,251309,6,0.17,0.17,0,0,0,0.17,0.17,0,0,0,0,0,0,0,0,0.17,0.17,0,0,0,0.17,0.17,0,0,0,0,0,0,0,0,17,2,1470.58823529412,807058.823529412,0,807058.823529412,0,0,0,0,0,0,807058.823529412,0,0,0,0,2591764.70588235,612941.176470588,0,0,87058.8235294118,0,0,296470.588235294,136470.588235294,1318235.29411765,1454705.88235294,3479411.76470588,1694117.64705882,0,1694117.64705882,5773529.41176471,13168517.6470588,400000,19342047.0588235,23027318.5496963,1797116.68235294,294343.030588235,2091459.71294118,16541.1764705882,0,0,0,0,16541.1764705882,20180235.2941176,0,20180235.2941176,0,0,0,0,0,0,0,0,8000,0,0,0,0,8000,358.823529411765,41.1764705882353,317.647058823529,358.823529411765,223.529411764706,135.294117647059,47.0588235294118,341.176470588235,1105.88235294118,0,0,0,0,0,0,0,188.235294117647,0,58.8235294117647,235.294117647059,41.1764705882353,0,0,29.4117647058824,0,0,211.764705882353,0,341.176470588235,0,0,0,0,0,0,0,0,0,0,0,0,0,0,0,0,0,0,0,9681026.63383316,-2847083.25557861,10599514.5294118,28922767.8235294,3785577.36,32708345.1835294,-12528109.8894118,114.677419354839
2,0,0,0,0,0,0,252800,0,0,0,0,37,1,266599,6,0.36,0,0.36,0,0,0.36,0,0.36,0,0,0,0,0,0,0,0.34,0,0.34,0,0,0.34,0,0.34,0,0,0,0,0,0,0,28,2,500,743529.411764706,0,743529.411764706,0,0,0,0,0,0,743529.411764706,0,0,0,0,546176.470588235,177058.823529412,461764.705882353,0,0,0,0,27941.1764705882,711068.62745098,0,711068.62745098,869607.843137255,794117.647058823,0,794117.647058823,2061411.76470588,477529.411764706,0,2538941.17647059,4281275.47058824,182209.502352941,55743.1058823529,237952.608235294,12250,0,0,0,0,12250,17517500,0,17517500,0,0,0,0,0,0,0,0,6000,0,0,0,0,6000,67.6470588235294,67.6470588235294,0,26.4705882352941,26.4705882352941,0,41.1764705882353,0,135.294117647059,0,0,0,0,0,0,0,35.2941176470588,0,20.5882352941176,41.1764705882353,20.5882352941176,0,0,0,0,0,0,0,11.7647058823529,0,0,0,0,0,0,0,0,0,0,0,0,0,0,0,0,0,0,5.88235294117647,3093482.02,13236224.5294118,13713753.9411765,6342687.23529412,1032070.25529412,7374757.49058823,10142742.5094118,93.5512820512821
2,0,0,0,0,0,0,385900,0,0,0,0,38,1,251309,6,0.13,0,0.13,0,0,0.13,0,0.13,0,0,0,0,0,0,0,0.13,0,0.13,0,0,0.13,0,0.13,0,0,0,0,0,0,0,9,2,592.307692307692,2968461.53846154,0,2968461.53846154,0,0,0,0,0,0,2968461.53846154,0,0,0,0,572307.692307692,573076.923076923,0,0,96153.8461538462,0,0,266153.846153846,662984.615384615,21002.024291498,683986.639676113,5689743.58974359,969230.769230769,0,969230.769230769,16800553.8461538,0,0,16800553.8461538,11101193.0755735,824245.45362753,263831.175384615,1088076.62901215,12669.2307692308,0,0,0,0,12669.2307692308,15456461.5384615,0,15456461.5384615,0,0,0,0,0,0,0,0,32038.4615384615,0,0,0,0,32038.4615384615,684.615384615385,423.076923076923,261.538461538462,0,0,0,269.230769230769,0,953.846153846154,0,0,0,0,0,0,0,123.076923076923,0,0,484.615384615385,76.9230769230769,0,0,0,0,0,130.769230769231,0,138.461538461538,0,0,0,0,0,0,0,0,0,0,0,0,0,0,0,0,0,0,0,18857861.2443968,4355268.46288799,4355268.46288799,27901746.9217274,2057307.39824291,29959054.3199703,-14502592.7815088,114.677419354839
2,0,0,0,0,0,0,91900,0,0,0,0,36,1,261128,6,0.15,0,0.15,0,0,0.15,0,0.15,0,0,0,0,0,0,0,0.12,0,0.12,0,0,0.12,0,0.12,0,0,0,0,0,0,0,17,2,750,765833.333333333,0,765833.333333333,0,0,0,0,0,0,765833.333333333,0,0,0,0,282500,215000,227500,0,75000,0,0,0,1059305.55555556,290864.035087719,1350169.59064327,615972.222222222,1350000,0,1350000,7952058.33333333,0,0,7952058.33333333,3793103.14619883,495409.669356725,118021.856666667,613431.526023392,8291.66666666667,0,0,1466.66666666667,4444,12735.6666666667,7877083.33333333,13420880,21297963.3333333,0,0,0,0,0,0,0,0,7083.33333333333,0,0,0,0,7083.33333333333,366.666666666667,225,141.666666666667,0,0,0,91.6666666666667,0,458.333333333333,0,91.6666666666667,0,8.33333333333333,0,0,0,33.3333333333333,0,8.33333333333333,225,33.3333333333333,0,0,0,0,0,0,0,58.3333333333333,0,0,0,0,0,0,0,0,0,0,0,0,0,0,0,0,0,0,0,9915489.85935672,17504860.1871345,17504860.1871345,11745161.4795322,1963431.52602339,13708593.0055556,7589370.32777778,90.8205128205128
2,0,0,0,0,0,180600,294000,0,0,0,0,36,2,261128,5,2.35,0,0.35,2,0,2.35,0,0.35,2,0,0,0,0,0,0,0.5,0,0.2,0.3,0,0.5,0,0.2,0.3,0,0,0,0,0,0,23,2,160,949200,361200,588000,0,0,0,0,0,361200,588000,0,0,0,0,725400,924200,728000,0,19000,0,0,46600,43693.3333333333,56440,100133.333333333,616500,136000,0,136000,9533616,2154570,24000,11712186,6529155.43130713,134976.79,187296.8664,322273.6564,9776,0,0,1508,4569.24,14345.24,20920640,18002805.6,38923445.6,0,0,0,0,0,0,7000,7000,10200,0,0,0,0,10200,388,388,0,114,114,0,134,0,636,0,0,0,0,0,0,0,138,0,22,144,108,0,0,0,0,0,134,0,62,0,0,0,0,28,0,0,0,0,0,0,0,0,0,0,0,0,0,0,10011465.5584262,32394290.1686929,34553284.2666667,16082347.3333333,458273.6564,16540620.9897333,22382824.6102667,55.2666666666667
2,0,0,0,0,0,202100,198500,0,0,0,0,36,1,261128,6,1,0,0,1,0,1,0,0,1,0,0,0,0,0,0,0.13,0,0,0.13,0,0.13,0,0,0.13,0,0,0,0,0,0,30,2,538.461538461538,3081538.46153846,1554615.38461538,1526923.07692308,0,0,0,0,0,1554615.38461538,1526923.07692308,0,0,0,0,343076.923076923,358461.538461538,840000,0,173076.923076923,0,0,0,570333.333333333,140461.538461538,710794.871794872,568589.743589744,221538.461538462,0,221538.461538462,10267984.6153846,971384.615384615,0,11239369.2307692,7308051.07692308,315895.436923077,198840.486153846,514735.923076923,15615.3846153846,0,0,0,0,15615.3846153846,18426153.8461538,0,18426153.8461538,0,0,0,0,0,0,18846.1538461538,18846.1538461538,19615.3846153846,0,0,0,0,19615.3846153846,330.769230769231,261.538461538462,69.2307692307692,53.8461538461538,53.8461538461538,0,223.076923076923,0,607.692307692308,0,0,0,0,0,0,0,53.8461538461538,0,7.69230769230769,230.769230769231,53.8461538461538,0,0,0,0,23.0769230769231,61.5384615384615,0,169.230769230769,0,0,0,0,7.69230769230769,0,0,0,0,0,0,0,0,0,0,0,0,0,0,11004259,11118102.7692308,12089487.3846154,17576035.6923077,736274.384615385,18312310.0769231,113843.769230768,90.8205128205128
2,0,0,0,123300,0,184800,0,0,0,0,471200,33,1,244300,6,0.26,0,0,0.26,0,0.26,0,0,0.26,0,0,0,0,0,0,0.26,0,0,0.26,0,0.26,0,0,0.26,0,0,0,0,0,0,28,2,192.307692307692,2997307.69230769,1185000,1812307.69230769,0,0,0,474230.769230769,0,710769.230769231,0,0,0,0,1812307.69230769,461153.846153846,243461.538461538,0,0,0,0,0,138461.538461538,286728.205128205,151214.574898785,437942.780026991,379487.179487179,55384.6153846154,0,55384.6153846154,27716103.8461538,0,0,27716103.8461538,4902114.57489878,222864.050699055,391300.456923077,614164.507622132,11942.3076923077,0,0,0,0,11942.3076923077,10389807.6923077,0,10389807.6923077,0,0,0,0,534.615384615385,0,10769.2307692308,11303.8461538462,0,0,0,0,3876.92307692308,3876.92307692308,1438.46153846154,992.307692307692,446.153846153846,0,0,0,176.923076923077,0,1615.38461538462,0,0,0,0,0,0,0,46.1538461538462,0,346.153846153846,853.846153846154,88.4615384615385,0,0,0,0,30.7692307692308,30.7692307692308,0,176.923076923077,0,0,0,0,15.3846153846154,0,0,0,0,0,0,0,0,0,0,0,0,0,26.9230769230769,28385652.9691606,5487693.11740891,5487693.11740891,32618218.4210526,669549.123006748,33287767.5440594,-22897959.8517517,50.7647058823529
2,0,0,0,129600,0,35200,0,0,0,0,80000,37,1,266599,6,0.36,0,0.36,0,0,0.36,0,0.36,0,0,0,0,0,0,0,0.33,0,0.33,0,0,0.33,0,0.33,0,0,0,0,0,0,0,45,2,227.272727272727,741818.181818182,499393.939393939,242424.242424242,0,0,0,392727.272727273,0,106666.666666667,0,0,0,0,242424.242424242,329696.96969697,83939.3939393939,0,0,30303.0303030303,0,0,167878.787878788,1470036.36363636,452138.933191565,1922175.29682793,149368.686868687,2670000,0,2670000,4382818.18181818,0,0,4382818.18181818,3691779.34733298,410518.497933014,71132.0363636364,481650.534296651,16993.9393939394,0,0,0,0,16993.9393939394,13935030.3030303,0,13935030.3030303,0,0,0,0,527.272727272727,0,109.090909090909,636.363636363636,0,0,0,0,654.545454545455,654.545454545455,154.545454545455,57.5757575757576,96.969696969697,0,0,0,93.9393939393939,0,248.484848484848,0,0,0,0,0,0,0,27.2727272727273,0,0,121.212121212121,33.3333333333333,0,0,0,0,0,0,0,66.6666666666667,0,0,0,0,0,0,0,0,0,0,0,0,0,0,0,0,0,0,0,7534468.71611483,10243250.9556973,10243250.9556973,8074597.52915116,3151650.53429665,11226248.0634478,2708782.23958249,93.5512820512821
2,0,0,0,216000,0,0,428800,0,0,0,488300,38,2,251309,5,0.67,0.13,0.54,0,0,0.67,0.13,0.54,0,0,0,0,0,0,0,0.67,0.13,0.54,0,0,0.67,0.13,0.54,0,0,0,0,0,0,0,21.4,2,541.791044776119,1691194.02985075,322388.059701493,1368805.97014925,0,0,0,322388.059701493,0,0,640000,0,0,0,728805.970149254,614925.373134328,205373.134328358,6473283.58208955,127761.194029851,7462.68656716418,0,0,84626.8656716418,743900.497512438,42315.0039277298,786215.501440168,0,638059.701492537,0,638059.701492537,15936170.1492537,2827164.17910448,0,18763334.3283582,13069315.5462163,82871.7939670071,346802.71880597,429674.512772977,1750.74626865672,3964.17910447761,0,0,12011.4626865672,13762.2089552239,1995850.74626866,36274617.3134328,38270468.0597015,0,0,0,0,519.402985074627,0,0,519.402985074627,7358.20895522388,0,0,0,1934.32835820896,9292.53731343283,800,644.776119402985,155.223880597015,156.716417910448,156.716417910448,0,107.462686567164,0,1064.17910447761,0,0,0,0,0,0,0,43.2835820895522,0,253.731343283582,573.134328358209,44.7761194029851,0,0,5.97014925373134,0,11.9402985074627,53.7313432835821,0,74.6268656716418,0,0,0,0,0,2.98507462686567,0,0,0,0,0,0,0,0,0,0,0,0,0,17003904.3635192,25201152.5134852,28028316.6925897,29005485.69547,1067734.21426551,30073219.9097355,8197248.14996596,42.0476190476191
2,0,0,0,3549600,0,0,0,0,0,0,0,36,3,261128,6,2.38,2.12,0,0.26,0,2.23,2.12,0,0.11,0,0.15,0,0,0.15,0,2.38,2.12,0,0.26,0,2.23,2.12,0,0.11,0,0.15,0,0,0.15,0,19.4545454545455,1,309.243697478992,1491428.57142857,1491428.57142857,0,0,0,0,1491428.57142857,0,0,0,0,0,0,0,610042.016806723,524369.74789916,0,0,0,0,0,873529.411764706,1299110.6442577,69123.8390092879,1368234.48326699,0,582352.941176471,302941.176470588,885294.117647059,9089045.37815126,0,0,9089045.37815126,5431673.40763674,78192.0900132685,156096.347563025,234288.437576294,15189.0756302521,0,0,0,0,15189.0756302521,18530672.2689076,0,18530672.2689076,0,0,0,0,763.865546218487,0,0,763.865546218487,0,0,0,0,0,0,373.949579831933,198.319327731092,175.63025210084,0,0,0,142.436974789916,0,516.386554621849,0,0,0,0,0,0,0,63.4453781512605,0,0,355.042016806723,10.5042016806723,0,0,2.94117647058824,0,0,63.8655462184874,0,15.1260504201681,0,0,0,5.46218487394958,0,0,0,0,0,0,0,0,0,0,0,0,0,0,0,9905686.75690402,13098998.8612708,13401940.0377414,14217777.6093174,1119582.55522335,15337360.1645408,3193312.1043668,42
2,0,0,0,568100,0,0,0,1216600,0,0,0,33,2,244300,5,2.99,0,0.74,2.25,0,2.99,0,0.74,2.25,0,0,0,0,0,0,0.68,0,0.38,0.3,0,0.68,0,0.38,0.3,0,0,0,0,0,0,24,2,158.823529411765,2624558.82352941,835441.176470588,1789117.64705882,0,0,0,835441.176470588,0,0,0,1789117.64705882,0,0,0,298823.529411765,218382.352941176,0,0,29411.7647058823,0,0,292794.117647059,601458.578431373,219705.882352941,821164.460784314,530367.647058823,1522058.82352941,0,1522058.82352941,4460310.29411765,4470000,61764.7058823529,8992075,9560718.55747643,410063.91954902,154662.847647059,564726.767196078,0,0,6026.47058823529,0,23804.5588235294,23804.5588235294,0,75222405.8823529,75222405.8823529,0,0,0,0,767.647058823529,0,0,767.647058823529,0,16264.7058823529,0,0,0,16264.7058823529,216.176470588235,111.764705882353,104.411764705882,182.352941176471,182.352941176471,0,47.0588235294118,5.88235294117647,451.470588235294,0,0,0,0,0,0,0,70.5882352941176,0,0,311.764705882353,50,0,0,0,0,0,4.41176470588235,0,14.7058823529412,0,0,0,0,0,0,0,0,0,0,0,0,0,0,0,0,0,0,0,6577944.72932748,65661687.3248765,70162603.1862745,14051877.6960784,2086785.59072549,16138663.2868039,59083742.595549,23.7777777777778
2,0,0,0,61900,0,0,63200,0,0,0,0,37,1,266599,6,0.17,0,0.17,0,0,0.17,0,0.17,0,0,0,0,0,0,0,0.17,0,0.17,0,0,0.17,0,0.17,0,0,0,0,0,0,0,22,2,176.470588235294,735882.352941176,364117.647058823,371764.705882353,0,0,0,364117.647058823,0,0,371764.705882353,0,0,0,0,1908823.52941176,264117.647058823,9578235.29411765,0,0,0,0,0,2461588.23529412,0,2461588.23529412,1739215.68627451,529411.764705882,0,529411.764705882,40830776.4705882,0,0,40830776.4705882,16954461.745098,-93570.8376470588,661141.157647059,567570.32,28811.7647058823,0,0,0,0,28811.7647058823,32845411.7647059,0,32845411.7647059,0,0,0,0,2047.05882352941,0,0,2047.05882352941,3000,0,0,0,0,3000,2452.94117647059,1223.52941176471,1229.41176470588,0,0,0,70.5882352941176,0,2523.52941176471,0,0,0,0,0,0,0,141.176470588235,0,705.882352941176,1664.70588235294,11.7647058823529,0,0,0,0,0,0,0,0,0,0,0,0,0,0,0,0,0,0,0,0,0,0,0,0,0,0,0,41927758.5552941,15890950.0196078,15890950.0196078,57785238.2156863,1096982.08470588,58882220.3003922,-26036808.5356863,93.5512820512821
2,0,0,0,74200,0,0,291100,0,0,0,0,36,1,261128,5,0.26,0,0.26,0,0,0.26,0,0.26,0,0,0,0,0,0,0,0.23,0,0.23,0,0,0.23,0,0.23,0,0,0,0,0,0,0,23,2,326.086956521739,1588260.86956522,322608.695652174,1265652.17391304,0,0,0,322608.695652174,0,0,1265652.17391304,0,0,0,0,606956.52173913,771739.130434783,2730000,0,0,0,0,219130.434782609,958847.826086956,124540.683229814,1083388.50931677,736956.52173913,1330434.7826087,0,1330434.7826087,12924704.3478261,3119869.56521739,286956.52173913,16331530.4347826,11173228.2872187,294987.423333333,275870.455652174,570857.878985507,23613.0434782609,0,0,756.521739130435,2292.26086956522,25905.3043478261,42267347.826087,6922627.82608696,49189975.6521739,0,0,0,0,682.608695652174,0,0,682.608695652174,13304.347826087,0,0,0,0,13304.347826087,373.913043478261,191.304347826087,182.608695652174,221.739130434783,0,221.739130434783,330.434782608696,0,926.086956521739,0,0,0,0,0,0,0,139.130434782609,0,186.95652173913,239.130434782609,43.4782608695652,0,0,0,0,0,100,0,121.739130434783,0,0,0,34.7826086956522,0,0,0,0,0,0,0,0,0,0,0,0,0,0,60.8695652173913,15057154.7967358,38016747.3649552,41192415.6645963,24329090.4223602,1901292.6615942,26230383.0839544,22959592.5682195,90.8205128205128
2,0,0,0,92900,0,0,24500,0,0,0,158100,37,1,266599,6,0.66,0,0,0,0.66,0.33,0,0,0,0.33,0.33,0,0,0,0.33,0.43,0,0,0,0.43,0.1,0,0,0,0.1,0.33,0,0,0,0.33,48,2,395.348837209302,640697.674418605,216046.511627907,424651.162790698,0,0,0,216046.511627907,0,0,56976.7441860465,0,0,0,367674.418604651,697674.418604651,103488.372093023,3487674.41860465,0,0,0,0,19069.7674418605,722527.131782946,166482.558139535,889009.689922481,955426.356589147,167441.860465116,718604.651162791,886046.511627907,12156627.9069767,6669202.3255814,0,18825830.2325581,14447446.6744186,313544.366976744,294802.99255814,608347.359534884,13030.2325581395,0,0,258.139534883721,782.162790697674,13812.3953488372,18633232.5581395,3497465.58139535,22130698.1395349,0,0,0,0,1213.95348837209,0,0,1213.95348837209,3953.48837209302,0,0,0,1004.6511627907,4958.13953488372,686.046511627907,16.2790697674419,669.767441860465,472.093023255814,6.97674418604651,465.116279069767,116.279069767442,0,1274.41860465116,0,0,0,0,0,0,0,167.441860465116,0,446.511627906977,618.604651162791,9.30232558139535,0,0,0,0,0,6.97674418604651,0,25.5813953488372,0,0,0,0,0,0,0,0,0,0,0,0,0,0,0,0,0,0,0,12932417.1269767,7683251.46511628,15071058.4418605,25885469.9302326,1494393.87116279,27379863.8013953,-5249165.66186046,93.5512820512821
2,0,0,0,99000,0,31500,441000,0,0,0,0,36,2,261128,6,0.99,0.23,0.76,0,0,0.99,0.23,0.76,0,0,0,0,0,0,0,0.99,0.23,0.76,0,0,0.99,0.23,0.76,0,0,0,0,0,0,0,24.3333333333333,2,227.272727272727,577272.727272727,131818.181818182,445454.545454545,0,0,0,100000,0,31818.1818181818,445454.545454545,0,0,0,0,349191.919191919,330303.03030303,0,0,0,0,0,356363.636363636,579609.427609428,234085.592769803,813695.020379231,74663.2996632997,218585.858585859,0,218585.858585859,4778355.55555556,0,0,4778355.55555556,2762617.63317384,169215.913967748,79254.4371717172,248470.351139465,16298.9898989899,0,0,0,0,16298.9898989899,19284888.8888889,0,19284888.8888889,0,0,0,0,878.787878787879,0,17659.595959596,18538.3838383838,3434.34343434343,0,0,0,0,3434.34343434343,227.272727272727,124.242424242424,103.030303030303,0,0,0,51.5151515151515,0,278.787878787879,0,0,0,2.02020202020202,0,0,0,36.3636363636364,0,0,214.141414141414,4.04040404040404,0,0,0,0,3.03030303030303,0,0,15.1515151515152,0,0,0,4.04040404040404,0,0,0,0,0,0,0,0,0,0,0,0,0,0,0,5245411.76528088,16522271.255715,16522271.255715,7540973.1887294,467056.209725323,8008029.39845472,11276859.4904342,55.2666666666667
2,473400,0,0,0,0,57800,2229500,0,0,0,0,38,3,251309,5,1.61,0.05,0.14,1.42,0,1.61,0.05,0.14,1.42,0,0,0,0,0,0,1.61,0.05,0.14,1.42,0,1.61,0.05,0.14,1.42,0,0,0,0,0,0,21,2,593.167701863354,1714720.49689441,329937.888198758,1384782.60869565,294037.267080745,0,0,0,0,35900.6211180124,1384782.60869565,0,0,0,0,629627.329192547,122608.695652174,3989316.77018634,0,102173.913043478,0,0,88074.5341614907,583302.277432712,157832.95194508,741135.229377792,40786.7494824017,152049.689440994,0,152049.689440994,9978209.9378882,4067080.74534162,86956.5217391304,14132247.2049689,11772013.3761744,181979.574497112,257656.734906832,439636.309403945,3163.9751552795,3170.18633540373,0,0,9605.66459627329,12769.6397515528,5663515.52795031,29009107.0807453,34672622.6086957,0,693.167701863354,0,0,0,0,65.2173913043478,758.385093167702,13726.7080745342,0,0,0,0,13726.7080745342,370.807453416149,189.44099378882,181.366459627329,216.770186335404,216.770186335404,0,191.304347826087,0,778.88198757764,0,0,0,0,0,0,0,63.3540372670807,0,55.9006211180124,436.645962732919,37.888198757764,0,0,0,0,134.16149068323,0,0,50.9316770186335,0,0,0,0,0,0,0,0,0,0,0,0,0,0,0,0,0,0,0,10631672.5456301,22900609.2325212,26992869.890705,21811999.9229596,591685.998844938,22403685.9218045,12268936.6868911,53.6
3,0,0,0,0,0,0,0,0,0,0,0,33,1,244300,6,0.2,0,0.2,0,0,0.2,0,0.2,0,0,0,0,0,0,0,0.2,0,0.2,0,0,0.2,0,0.2,0,0,0,0,0,0,0,38,2,200,0,0,0,0,0,0,0,0,0,0,0,0,0,0,385000,178000,0,0,0,0,0,25000,472700,0,472700,123000,90000,0,90000,17253585,0,0,17253585,1428000,50895.738,221235.654,272131.392,14820,0,0,0,0,14820,12893400,0,12893400,0,0,0,0,0,0,0,0,0,0,0,0,0,0,910,515,395,0,0,0,120,0,1030,0,0,0,0,0,0,0,105,0,0,640,0,0,0,0,0,40,20,0,225,0,0,0,0,0,0,0,0,0,0,0,0,0,0,0,0,0,0,0,17615716.392,11465400,11465400,18681585,362131.392,19043716.392,-6150316.392,50.7647058823529
3,0,0,0,0,0,0,0,0,0,0,0,33,1,244300,6,0.4,0,0.4,0,0,0.4,0,0.4,0,0,0,0,0,0,0,0.4,0,0.4,0,0,0.4,0,0.4,0,0,0,0,0,0,0,12,2,100,0,0,0,0,0,0,0,0,0,0,0,0,0,0,90000,138250,0,0,0,0,0,50500,464120.833333333,15562.5,479683.333333333,246666.666666667,1440000,0,1440000,5794542.5,0,0,5794542.5,1249400,97548.2166666667,75308.827,172857.043666667,10825,0,0,0,0,10825,9417750,0,9417750,0,0,0,0,0,0,0,0,0,0,0,0,0,0,235,132.5,102.5,0,0,0,92.5,0,327.5,0,0,0,0,0,0,0,12.5,0,0,212.5,0,0,0,0,0,0,10,0,92.5,0,0,0,0,0,0,0,0,0,0,0,0,0,0,0,0,0,0,0,7407399.54366667,8168350,8168350,7043942.5,1612857.04366667,8656799.54366667,760950.456333334,50.7647058823529
3,0,0,0,0,0,0,0,0,0,0,0,33,2,244300,6,0.53,0,0.53,0,0,0.53,0,0.53,0,0,0,0,0,0,0,0.53,0,0.53,0,0,0.53,0,0.53,0,0,0,0,0,0,0,22,1,433.962264150943,0,0,0,0,0,0,0,0,0,0,0,0,0,0,462641.509433962,82075.4716981132,0,0,0,0,0,15471.6981132075,692169.811320755,0,692169.811320755,775157.232704402,2309433.96226415,0,2309433.96226415,8313086.79245283,2056603.77358491,0,10369690.5660377,4328419.49685535,-73254.3647798742,135530.502641509,62276.1378616352,10420.7547169811,0,0,0,0,10420.7547169811,9066056.60377358,0,9066056.60377358,0,0,0,0,0,0,0,0,0,0,0,0,0,0,460.377358490566,322.641509433962,137.735849056604,98.1132075471698,54.7169811320755,43.3962264150943,33.9622641509434,0,592.452830188679,0,0,0,0,0,0,0,49.0566037735849,0,211.320754716981,167.924528301887,0,0,0,0,0,75.4716981132075,37.7358490566038,0,50.9433962264151,0,0,0,0,0,0,0,0,0,0,0,0,0,0,0,0,0,0,0,10684796.8925786,4737637.10691824,6794240.88050314,12641506.2893082,2371710.10012579,15013216.389434,-5947159.78566038,23.7777777777778
3,0,0,0,0,0,0,0,0,0,0,0,35,1,268798,6,0.33,0.33,0,0,0,0.33,0.33,0,0,0,0,0,0,0,0,0.33,0.33,0,0,0,0.33,0.33,0,0,0,0,0,0,0,0,2,2,606.060606060606,0,0,0,0,0,0,0,0,0,0,0,0,0,0,467878.787878788,238484.848484848,0,0,0,1287878.78787879,0,0,480696.96969697,255155.502392344,735852.472089314,497979.797979798,2454545.45454545,0,2454545.45454545,5688133.33333333,2400000,93939.3939393939,8182072.72727273,5924747.42586738,341641.337426901,126186.307878788,467827.645305688,12900,0,0,0,0,12900,18834000,0,18834000,0,0,0,0,0,0,0,0,0,0,0,0,0,0,296.969696969697,148.484848484848,148.484848484848,78.7878787878788,21.2121212121212,57.5757575757576,45.4545454545455,36.3636363636364,457.575757575758,0,0,0,3.03030303030303,0,0,0,103.030303030303,0,109.090909090909,196.969696969697,0,0,0,0,0,0,0,0,45.4545454545455,0,0,0,0,0,0,0,0,0,0,0,0,0,0,0,0,0,0,0,8676571.09556802,12909252.5741326,16625006.0935673,11678945.4215843,2922373.09985114,14601318.5214354,4232681.47856459,73.6666666666667
3,0,0,0,0,0,0,0,0,0,0,0,35,2,268798,6,2.29,0,0,2.29,0,0,0,0,0,0,2.29,0,0,2.29,0,0.66,0,0,0.66,0,0,0,0,0,0,0.66,0,0,0.66,0,12,2,333.333333333333,0,0,0,0,0,0,0,0,0,0,0,0,0,0,0,33181.8181818182,78636.3636363636,0,0,0,0,45151.5151515152,24056.8181818182,6108.22510822511,30165.0432900433,1791010.1010101,0,1193939.39393939,1193939.39393939,2923760.60606061,0,0,2923760.60606061,3440882.23520923,23638.2428816739,59213.4193939394,82851.6622756133,2107.57575757576,0,2743.93939393939,0,10838.5606060606,12946.1363636364,2002196.96969697,4768966.66666667,6771163.63636364,0,0,0,0,0,0,0,0,0,0,0,0,0,0,104.545454545455,40.9090909090909,63.6363636363636,0,0,0,60.6060606060606,0,165.151515151515,0,0,0,0,0,0,0,0,0,18.1818181818182,53.030303030303,0,0,0,0,0,0,0,0,84.8484848484848,0,0,0,0,9.09090909090909,0,0,0,0,0,0,0,0,0,0,0,0,0,0,3006612.26833622,3330281.4011544,4524220.7950938,5170703.44733045,1276791.05621501,6447494.50354545,323669.132818183,34.3333333333333
3,0,0,0,0,0,0,0,0,0,0,0,36,3,261128,6,1.22,0.36,0.51,0,0.35,1.09,0.23,0.51,0,0.35,0.13,0.13,0,0,0,1.22,0.36,0.51,0,0.35,1.09,0.23,0.51,0,0.35,0.13,0.13,0,0,0,30,2,672.131147540984,0,0,0,0,0,0,0,0,0,0,0,0,0,0,764426.229508197,127868.852459016,559426.229508197,0,0,0,0,2055245.90163934,3119837.43169399,50881.363244176,3170718.79493816,74590.1639344262,2382786.8852459,337704.918032787,2720491.80327869,3984803.27868852,245980.327868852,0,4230783.60655738,7597089.41788898,345983.717897613,95948.1101639344,441931.828061547,12850,0,0,0,0,12850,15677000,0,15677000,0,0,0,0,0,0,0,0,0,0,0,0,0,0,140.983606557377,89.3442622950819,51.6393442622951,13.9344262295082,13.9344262295082,0,81.1475409836065,0,236.065573770492,0,0,0,9.01639344262295,0,0,0,21.3114754098361,0,0,58.1967213114754,0,0,0,0,0,32.7868852459016,55.7377049180328,0,31.9672131147541,0,0,0,3.27868852459016,0,23.7704918032787,0,0,0,0,0,0,0,0,0,0,0,0,0,6809521.99199597,8079910.58211101,8663595.82801265,11244187.7785447,3162423.63134024,14406611.409885,1270388.59011504,42
3,0,0,0,0,0,0,0,0,0,0,0,36,3,261128,6,3.19,0.65,0.54,2,0,3.19,0.65,0.54,2,0,0,0,0,0,0,2.15,0.65,0.18,1.32,0,2.15,0.65,0.18,1.32,0,0,0,0,0,0,16.25,2,533.023255813953,0,0,0,0,0,0,0,0,0,0,0,0,0,0,373395.348837209,322744.186046512,0,0,0,0,0,937674.418604651,925302.325581395,49088.8616891065,974391.187270502,108953.488372093,41581.3953488372,0,41581.3953488372,2717745.11627907,1294418.60465116,0,4012163.72093023,4272705.23378213,165420.089925745,70010.1231627907,235430.213088535,14309.3023255814,0,0,0,0,14309.3023255814,10159604.6511628,0,10159604.6511628,0,0,0,0,0,0,0,0,0,0,0,0,0,0,28.8372093023256,15.3488372093023,13.4883720930233,85.1162790697674,48.8372093023256,36.2790697674419,105.581395348837,0,219.53488372093,0,0,0,0,0,0,0,40,0,2.7906976744186,120.93023255814,0,0,0,0,0,4.65116279069767,34.4186046511628,0,15.3488372093023,0,0,0,0.930232558139535,0.465116279069767,0,0,0,0,0,0,0,0,0,0,0,0,0,0,2994756.72471644,5886899.41738066,7181318.02203183,6990450.3500612,277011.608437372,7267461.95849857,2892142.69266422,42
3,0,0,0,0,0,0,0,0,0,0,0,37,3,266599,6,1.69,1.69,0,0,0,1.69,1.69,0,0,0,0,0,0,0,0,1.51,1.51,0,0,0,1.51,1.51,0,0,0,0,0,0,0,0,22.7272727272727,2,288.079470198675,0,0,0,0,0,0,0,0,0,0,0,0,0,0,125695.364238411,21986.7549668874,0,0,0,0,0,0,860173.289183223,86789.8222377135,946963.111420936,0,1430463.57615894,0,1430463.57615894,5274131.78807947,684821.19205298,0,5958952.98013245,2046065.42267921,69193.939670036,75722.2752317881,144916.214901824,26459.6026490066,0,0,0,0,26459.6026490066,15081973.5099338,0,15081973.5099338,0,0,0,0,0,0,0,0,0,0,0,0,0,0,327.814569536424,135.099337748344,192.715231788079,45.0331125827814,18.5430463576159,26.4900662251656,13.2450331125828,0,386.092715231788,0,0,0,0,0,0,0,24.5033112582781,0,0,113.245033112583,0,0,0,0,0,0,96.6887417218543,0,151.655629139073,0,0,0,0,0,0,0,0,0,0,0,0,0,0,0,0,0,0,0,6849511.57914023,13035908.0872546,13720729.2793075,7320197.21075868,1575379.79106076,8895577.00181945,6186396.50811432,44.6666666666667
3,0,0,0,0,0,0,0,0,0,0,0,99,1,252634,5,0.2,0.2,0,0,0,0.2,0.2,0,0,0,0,0,0,0,0,0.2,0.2,0,0,0,0.2,0.2,0,0,0,0,0,0,0,0,21,1,300,0,0,0,0,0,0,0,0,0,0,0,0,0,0,0,77000,0,0,0,0,0,0,137750,24900,162650,517500,900000,0,900000,5844410,0,0,5844410,1009784,104004.38,73425.484,177429.864,5245,0,0,3150,9544.5,14789.5,6241550,41041350,47282900,0,0,0,0,0,0,0,0,0,0,0,0,0,0,385,0,385,0,0,0,35,0,420,0,0,0,0,0,0,0,0,0,25,130,0,0,0,0,0,0,150,0,115,0,0,0,0,0,0,0,0,0,0,0,0,0,0,0,0,0,0,0,6921839.864,46273116,46273116,6854194,1077429.864,7931623.864,39351276.136,81.4
3,0,0,0,0,0,0,0,0,0,0,49600,99,1,252634,5,0.13,0,0.13,0,0,0.13,0,0.13,0,0,0,0,0,0,0,0.13,0,0.13,0,0,0.13,0,0.13,0,0,0,0,0,0,0,19,2,346.153846153846,381538.461538462,0,381538.461538462,0,0,0,0,0,0,0,0,0,0,381538.461538462,0,60769.2307692308,0,0,0,0,0,0,994923.076923077,815057.28314239,1809980.36006547,0,1384615.38461538,0,1384615.38461538,12550446.1538462,0,0,12550446.1538462,2504922.05237316,890530.690409165,161110.147692308,1051640.83810147,10984.6153846154,0,1100,607.692307692308,6186.30769230769,17170.9230769231,15708000,21647823.0769231,37355823.0769231,0,0,0,0,0,0,0,0,0,0,0,0,884.615384615385,884.615384615385,707.692307692308,476.923076923077,230.769230769231,0,0,0,46.1538461538462,0,753.846153846154,0,0,0,0,0,0,0,0,0,7.69230769230769,415.384615384615,46.1538461538462,0,0,0,0,0,207.692307692308,0,76.9230769230769,0,0,0,0,0,0,0,0,0,0,0,0,0,0,0,0,0,0,0,14986702.376563,34850901.0245499,34850901.0245499,15055368.2062193,2436256.22271686,17491624.4289362,19864198.6479869,81.4
3,0,0,0,0,0,0,0,0,0,0,58300,38,1,251309,5,0.17,0.17,0,0,0,0.17,0.17,0,0,0,0,0,0,0,0,0.17,0.17,0,0,0,0.17,0.17,0,0,0,0,0,0,0,0,17,2,941.176470588235,342941.176470588,0,342941.176470588,0,0,0,0,0,0,0,0,0,0,342941.176470588,245882.352941177,240588.235294118,321176.470588235,0,0,0,0,111176.470588235,307058.823529412,468705.882352941,775764.705882353,0,2117647.05882353,0,2117647.05882353,9877435.29411765,0,0,9877435.29411765,2288838.41176471,577666.108235294,138126.08,715792.188235294,15658.8235294118,0,0,0,0,15658.8235294118,25210705.8823529,0,25210705.8823529,0,0,0,0,0,0,0,0,0,0,0,0,847.058823529412,847.058823529412,470.588235294118,311.764705882353,158.823529411765,0,0,0,105.882352941176,0,576.470588235294,0,0,0,0,0,0,0,76.4705882352941,0,82.3529411764706,158.823529411765,23.5294117647059,0,0,0,0,0,147.058823529412,0,88.2352941176471,0,0,0,0,0,0,0,0,0,0,0,0,0,0,0,0,0,0,0,12710874.5411765,22921867.4705882,22921867.4705882,12166273.7058824,2833439.24705882,14999712.9529412,10210992.9294118,114.677419354839
3,0,0,0,0,0,0,0,0,0,0,595200,35,1,268798,5,0.16,0,0.16,0,0,0,0,0,0,0,0.16,0,0.16,0,0,0.16,0,0.16,0,0,0,0,0,0,0,0.16,0,0.16,0,0,15,2,312.5,3720000,0,3720000,0,0,0,0,0,0,0,0,0,0,3720000,492500,460000,0,0,0,0,0,0,2501250,0,2501250,513541.666666667,0,2253125,2253125,22328718.75,3510937.5,0,25839656.25,13720152.1666667,380104.691666667,378350.7375,758455.429166667,28018.75,0,0,0,0,28018.75,43989437.5,0,43989437.5,0,0,0,0,0,0,0,0,0,0,0,0,7200,7200,1350,962.5,387.5,212.5,131.25,81.25,18.75,0,1581.25,0,0,0,0,0,0,0,106.25,0,0,925,81.25,0,0,0,0,0,468.75,0,0,0,0,0,0,0,0,0,0,0,0,0,0,0,0,0,0,0,0,0,23087174.1791667,30269285.3333333,36033347.8333333,33795745.9166667,3011580.42916667,36807326.3458333,7182111.15416667,73.6666666666667
3,0,0,0,0,0,0,0,0,0,0,595200,37,2,266599,6,0.66,0,0.66,0,0,0.66,0,0.66,0,0,0,0,0,0,0,0.66,0,0.66,0,0,0.66,0,0.66,0,0,0,0,0,0,0,27,2,242.424242424242,901818.181818182,0,901818.181818182,0,0,0,0,0,0,0,0,0,0,901818.181818182,1306363.63636364,709696.96969697,1378787.87878788,0,287878.787878788,0,0,45454.5454545455,35151.5151515152,54018.5645933014,89170.0797448166,64583.3333333333,300000,0,300000,11342337.8787879,1163636.36363636,0,12505974.2424242,6213988.77671451,65322.2145065391,212486.080606061,277808.2951126,18151.5151515152,0,0,0,0,18151.5151515152,25956666.6666667,0,25956666.6666667,0,0,0,0,0,0,0,0,0,0,0,0,2618.18181818182,2618.18181818182,531.818181818182,263.636363636364,268.181818181818,77.2727272727273,31.8181818181818,45.4545454545455,145.454545454545,0,754.545454545455,0,0,0,0,0,0,0,127.272727272727,0,74.2424242424242,237.878787878788,43.9393939393939,0,0,0,0,0,172.727272727273,0,98.4848484848485,0,0,0,0,0,0,0,0,0,0,0,0,0,0,0,0,0,0,0,11920146.1739005,19742677.8899522,20906314.2535885,17556326.6555024,577808.2951126,18134134.950615,7822531.71605168,68.8181818181818
3,0,0,0,0,0,0,0,0,0,980000,0,38,2,251309,6,0.86,0.86,0,0,0,0.86,0.86,0,0,0,0,0,0,0,0,0.86,0.86,0,0,0,0.86,0.86,0,0,0,0,0,0,0,0,17,1,872.093023255814,1139534.88372093,0,1139534.88372093,0,0,0,0,0,0,0,0,0,1139534.88372093,0,411279.069767442,197093.023255814,0,0,12209.3023255814,0,0,58604.6511627907,542906.976744186,130290.697674419,673197.674418605,601744.186046512,837209.302325581,0,837209.302325581,8700761.62790698,1290441.86046512,0,9991203.48837209,4635413.65116279,173007.827906977,146443.062790698,319450.890697674,14984.8837209302,0,0,0,0,14984.8837209302,10189720.9302326,0,10189720.9302326,0,0,0,0,0,0,0,0,0,0,0,6511.62790697674,0,6511.62790697674,404.651162790698,205.813953488372,198.837209302326,80.2325581395349,40.6976744186046,39.5348837209302,119.767441860465,0,604.651162790698,0,0,0,16.2790697674419,0,0,0,97.6744186046512,0,41.8604651162791,116.279069767442,31.3953488372093,0,0,24.4186046511628,0,0,177.906976744186,0,74.4186046511628,0,0,0,0,0,24.4186046511628,0,0,0,0,0,0,0,0,0,0,0,0,0,9857421.82093023,5554307.27906977,6844749.13953488,13336175.2790698,1156660.19302326,14492835.472093,-4303114.54186046,42.0476190476191
3,0,0,0,0,0,0,0,0,1386000,0,0,36,3,261128,6,3.84,0,3.84,0,0,0,0,0,0,0,3.84,0,3.84,0,0,3.84,0,3.84,0,0,0,0,0,0,0,3.84,0,3.84,0,0,25.5714285714286,1,384.635416666667,360937.5,0,360937.5,0,0,0,0,0,0,0,0,360937.5,0,0,493281.25,403489.583333333,0,0,0,52083.3333333333,0,1279687.5,611215.277777778,207177.122493734,818392.400271512,203342.013888889,0,929427.083333333,929427.083333333,4317697.91666667,901250,0,5218947.91666667,5703018.6641604,139867.082035819,96824.4958333333,236691.577869152,16734.375,0,0,0,0,16734.375,20415937.5,0,20415937.5,0,0,0,0,0,0,0,0,0,0,8593.75,0,0,8593.75,168.229166666667,100.520833333333,67.7083333333333,4.42708333333333,4.16666666666667,0.260416666666667,73.4375,31.7708333333333,277.864583333333,0,0,0,0.78125,0,0,0,40.625,0,0,139.84375,10.9375,0,0,6.51041666666667,0,10.9375,46.09375,0,11.71875,0,0,0,10.4166666666667,0,0,0,0,0,0,0,0,0,0,0,0,0,0,0,4554389.49453582,14712918.8358396,16595679.2525063,9091289.49749373,1166118.66120249,10257408.1586962,10158529.3413038,42
3,0,0,0,0,0,0,0,0,154000,0,0,37,1,266599,6,0.13,0,0.06,0.07,0,0.13,0,0.06,0.07,0,0,0,0,0,0,0.11,0,0.04,0.07,0,0.11,0,0.04,0.07,0,0,0,0,0,0,26.3333333333333,2,272.727272727273,1400000,0,1400000,0,0,0,0,0,0,0,0,1400000,0,0,1137272.72727273,681818.181818182,0,0,0,0,0,0,1026545.45454545,143236.076555024,1169781.53110048,860606.060606061,540000,0,540000,27147972.7272727,1968000,0,29115972.7272727,7484077.50079745,396836.930047847,400954.789090909,797791.719138756,29118.1818181818,0,0,0,0,29118.1818181818,20673909.0909091,0,20673909.0909091,0,0,0,0,0,0,0,0,0,0,11363.6363636364,0,0,11363.6363636364,1372.72727272727,700,672.727272727273,109.090909090909,109.090909090909,0,245.454545454545,0,1727.27272727273,0,0,0,0,0,0,0,200,0,372.727272727273,872.727272727273,90.9090909090909,0,0,0,0,0,0,0,190.909090909091,0,0,0,0,0,0,0,0,0,0,0,0,0,0,0,0,0,0,0,28485764.4464115,13189831.5901116,15157831.5901116,34632050.2280702,1337791.71913876,35969841.9472089,-15295932.8562998,93.5512820512821
3,0,0,0,0,0,0,0,0,346500,0,0,36,2,261128,6,0.56,0,0.22,0,0.34,0.56,0,0.22,0,0.34,0,0,0,0,0,0.56,0,0.22,0,0.34,0.56,0,0.22,0,0.34,0,0,0,0,0,5,2,280.357142857143,618750,0,618750,0,0,0,0,0,0,0,0,618750,0,0,836250,119642.857142857,0,0,0,0,0,325357.142857143,151525,88928.5714285714,240453.571428571,0,1237500,0,1237500,9050591.07142857,0,0,9050591.07142857,2401581.57142857,22465.9657142857,135787.329285714,158253.295,12305.3571428571,0,0,0,0,12305.3571428571,15012535.7142857,0,15012535.7142857,0,0,0,0,0,0,0,0,0,0,6696.42857142857,0,0,6696.42857142857,492.857142857143,350,142.857142857143,0,0,0,55.3571428571429,0,548.214285714286,0,0,0,0,0,0,0,32.1428571428571,0,0,176.785714285714,35.7142857142857,0,0,0,0,44.6428571428571,121.428571428571,0,39.2857142857143,0,0,0,0,0,0,0,0,0,0,0,0,0,0,0,0,0,0,98.2142857142857,10446344.3664286,12610954.1428571,12610954.1428571,11452172.6428571,1395753.295,12847925.9378571,2164609.77642857,55.2666666666667
3,0,0,0,0,0,0,0,0,385000,0,0,37,1,266599,5,0.31,0,0.31,0,0,0.31,0,0.31,0,0,0,0,0,0,0,0.29,0,0.29,0,0,0.29,0,0.29,0,0,0,0,0,0,0,62.1428571428571,2,320.689655172414,1327586.20689655,0,1327586.20689655,0,0,0,0,0,0,0,0,1327586.20689655,0,0,690344.827586207,216551.724137931,509310.344827586,0,27586.2068965517,0,162068.965517241,141379.310344828,1320800,234087.114337568,1554887.11433757,0,1359310.34482759,0,1359310.34482759,16670437.9310345,0,0,16670437.9310345,4896313.70054447,308218.397105868,244841.292413793,553059.689519661,0,0,0,4906.89655172414,14867.8965517241,14867.8965517241,0,49510095.5172414,49510095.5172414,0,0,0,0,0,0,0,0,0,0,15086.2068965517,0,0,15086.2068965517,882.758620689655,396.551724137931,486.206896551724,0,0,0,137.931034482759,0,1020.68965517241,0,0,0,0,0,0,0,124.137931034483,0,62.0689655172414,548.275862068966,117.241379310345,0,0,0,0,0,0,0,120.689655172414,0,0,0,0,48.2758620689655,0,0,0,0,0,0,0,0,0,0,0,0,0,0,18582807.9653817,44613781.8166969,44613781.8166969,21566751.6315789,1912370.03434725,23479121.6659262,26030973.8513152,93.5512820512821
3,0,0,0,0,0,0,0,0,385000,0,0,37,1,266599,6,0.24,0,0.24,0,0,0.24,0,0.24,0,0,0,0,0,0,0,0.24,0,0.24,0,0,0.24,0,0.24,0,0,0,0,0,0,0,50.3333333333333,2,312.5,1604166.66666667,0,1604166.66666667,0,0,0,0,0,0,0,0,1604166.66666667,0,0,1044583.33333333,1026666.66666667,0,0,0,0,0,125000,292322.222222222,8369.21296296296,300691.435185185,255208.333333333,1575000,0,1575000,10153950,0,0,10153950,4622915.43518518,82597.0314814815,173034.146666667,255631.178148148,16470.8333333333,0,0,0,0,16470.8333333333,23553291.6666667,0,23553291.6666667,0,0,0,0,0,0,0,0,0,0,10416.6666666667,0,0,10416.6666666667,512.5,250,262.5,0,0,0,108.333333333333,0,620.833333333333,0,0,0,0,0,0,0,58.3333333333333,0,41.6666666666667,166.666666666667,37.5,0,0,0,0,0,225,0,91.6666666666667,0,0,0,0,0,0,0,0,0,0,0,0,0,0,0,0,0,0,0,11984581.1781481,18930376.2314815,18930376.2314815,14776865.4351852,1830631.17814815,16607496.6133333,6945795.05333333,93.5512820512821
3,0,0,0,0,0,0,0,0,462000,0,0,35,1,268798,6,1.76,0.24,0,0.99,0.53,0.24,0.24,0,0,0,1.52,0,0,0.99,0.53,0.48,0.11,0,0.33,0.04,0.11,0.11,0,0,0,0.37,0,0,0.33,0.04,33.75,2,233.333333333333,962500,0,962500,0,0,0,0,0,0,0,0,962500,0,0,398958.333333333,276250,0,0,5208.33333333333,0,0,0,488770.833333333,103750,592520.833333333,718750,1500000,2575000,4075000,4509877.08333333,3445416.66666667,85416.6666666667,8040710.41666667,9280395.89891501,276007.9575,120076.975833333,396084.933333333,15925,0,0,0,0,15925,23361187.5,0,23361187.5,0,0,0,0,0,0,0,0,0,0,15625,0,0,15625,152.083333333333,143.75,8.33333333333333,195.833333333333,110.416666666667,85.4166666666667,85.4166666666667,0,433.333333333333,0,0,0,0,0,0,0,66.6666666666667,0,110.416666666667,172.916666666667,4.16666666666667,0,0,0,0,0,0,0,66.6666666666667,0,0,0,0,0,0,0,0,0,0,0,0,0,0,0,0,0,0,12.5,6454384.95108499,14080791.601085,20138202,11263695.9166667,4471084.93333333,15734780.85,7626406.65,73.6666666666667
3,0,0,0,0,0,0,0,0,67800,0,0,36,1,261128,6,0.22,0,0.22,0,0,0.22,0,0.22,0,0,0,0,0,0,0,0.22,0,0.22,0,0,0.22,0,0.22,0,0,0,0,0,0,0,25,2,909.090909090909,308181.818181818,0,308181.818181818,0,0,0,0,0,0,0,0,308181.818181818,0,0,635909.090909091,216818.181818182,2117727.27272727,0,0,0,0,10454.5454545455,1145324.24242424,59966.5071770335,1205290.74960128,1306818.18181818,2454545.45454545,0,2454545.45454545,11848059.0909091,0,0,11848059.0909091,6062327.84051037,334952.861741627,187700.66,522653.521741627,27781.8181818182,0,0,0,0,27781.8181818182,21392000,0,21392000,0,0,0,0,0,0,0,0,0,0,5681.81818181818,0,0,5681.81818181818,536.363636363636,345.454545454545,190.909090909091,0,0,0,145.454545454545,0,681.818181818182,0,0,0,0,0,0,0,136.363636363636,0,45.4545454545455,336.363636363636,13.6363636363636,0,0,0,0,0,81.8181818181818,0,31.8181818181818,0,0,0,36.3636363636364,0,0,0,0,0,0,0,0,0,0,0,0,0,0,0,14825258.0671962,15329672.1594896,15329672.1594896,17910386.9314195,2977198.97628708,20887585.9077065,504414.09229346,90.8205128205128
3,0,0,0,0,0,0,0,118500,0,0,0,35,2,268798,6,0.52,0,0.33,0,0.19,0,0,0,0,0,0.52,0,0.33,0,0.19,0.52,0,0.33,0,0.19,0,0,0,0,0,0.52,0,0.33,0,0.19,52,2,548.076923076923,227884.615384615,0,227884.615384615,0,0,0,0,0,0,0,227884.615384615,0,0,0,629230.769230769,124230.769230769,0,111153.846153846,0,1634615.38461538,0,0,271038.461538462,47884.6153846154,318923.076923077,284615.384615385,0,1505384.61538462,1505384.61538462,7944150,4740384.61538462,223076.923076923,12907611.5384615,9928587.98365363,113954.187692308,193870.613846154,307824.801538462,13707.6923076923,0,0,0,0,13707.6923076923,19041288.4615385,0,19041288.4615385,0,0,0,0,0,0,0,0,0,2278.84615384615,0,0,0,2278.84615384615,342.307692307692,148.076923076923,194.230769230769,180.769230769231,80.7692307692308,100,123.076923076923,50,696.153846153846,0,0,0,0,0,0,0,100,0,171.153846153846,309.615384615385,42.3076923076923,0,0,0,0,0,0,0,73.0769230769231,0,0,0,0,0,0,0,0,0,0,0,0,0,0,0,0,0,0,0,8391684.81788484,9112700.47788483,17076452,16507063.3846154,1813209.41692308,18320272.8015385,721015.659999996,34.3333333333333
3,0,0,0,0,0,0,0,316000,0,0,0,99,1,252634,6,0.23,0,0.16,0.07,0,0.23,0,0.16,0.07,0,0,0,0,0,0,0.23,0,0.16,0.07,0,0.23,0,0.16,0.07,0,0,0,0,0,0,34,2,291.304347826087,1373913.04347826,0,1373913.04347826,0,0,0,0,0,0,0,1373913.04347826,0,0,0,516521.739130435,110000,0,0,0,0,0,30000,259485.507246377,209593.47826087,469078.985507246,0,782608.695652174,0,782608.695652174,16902395.6521739,0,0,16902395.6521739,2752147.76811594,275984.450289855,234767.097391304,510751.547681159,12369.5652173913,0,0,0,0,12369.5652173913,13853913.0434783,0,13853913.0434783,0,0,0,0,0,0,0,0,0,13739.1304347826,0,0,0,13739.1304347826,873.913043478261,439.130434782609,434.782608695652,0,0,0,147.826086956522,0,1021.73913043478,0,0,0,0,0,0,0,143.478260869565,0,0,613.04347826087,147.826086956522,0,0,0,0,0,47.8260869565217,0,69.5652173913043,0,0,0,0,0,0,0,0,0,0,0,0,0,0,0,0,0,0,0,18195755.8955072,11101765.2753623,11101765.2753623,19654543.4202899,1293360.24333333,20947903.6636232,-7093990.62014493,81.4
3,0,0,0,0,0,0,0,316000,0,0,446400,99,2,252634,6,1.33,0,1,0.33,0,0,0,0,0,0,1.33,0,1,0.33,0,0.99,0,0.66,0.33,0,0,0,0,0,0,0.99,0,0.66,0.33,0,41,2,949.49494949495,770101.01010101,0,770101.01010101,0,0,0,0,0,0,0,319191.919191919,0,0,450909.090909091,962828.282828283,98989.898989899,0,0,0,0,0,3627272.72727273,58585.8585858586,64924.2424242424,123510.101010101,169191.919191919,0,4863939.39393939,4863939.39393939,4209693.93939394,5527718.18181818,115151.515151515,9852563.63636364,16461554.538876,104342.712121212,189865.768888889,294208.481010101,14907.0707070707,0,0,0,0,14907.0707070707,16695919.1919192,0,16695919.1919192,0,0,0,0,0,0,0,0,0,3191.91919191919,0,0,4363.63636363636,7555.55555555556,182.828282828283,93.9393939393939,88.8888888888889,318.181818181818,286.868686868687,31.3131313131313,60.6060606060606,14.1414141414141,575.757575757576,0,0,0,0,0,0,0,128.282828282828,0,0,386.868686868687,40.4040404040404,0,0,0,0,0,0,0,20.2020202020202,0,0,0,0,0,0,0,0,0,0,0,0,0,0,0,0,0,0,0,4553684.91183104,234364.653043158,10691391.2525253,15857091.5757576,5158147.87494949,21015239.4507071,-4319320.25878788,66.5
3,0,0,0,0,0,0,0,521400,0,0,0,38,1,251309,5,0.46,0.06,0,0,0.4,0.46,0.06,0,0,0.4,0,0,0,0,0,0.46,0.06,0,0,0.4,0.46,0.06,0,0,0.4,0,0,0,0,0,28,2,282.608695652174,1133478.26086957,0,1133478.26086957,0,0,0,0,0,0,0,1133478.26086957,0,0,0,1197826.08695652,560000,1095869.56521739,0,5434.78260869565,615217.391304348,0,1210652.17391304,3293391.30434783,310347.826086956,3603739.13043478,1312500,860869.565217391,0,860869.565217391,7208982.60869565,3689130.43478261,100000,10998113.0434783,14709007.919575,806326.128985507,208525.732173913,1014851.86115942,14615.2173913043,0,0,0,0,14615.2173913043,41653369.5652174,0,41653369.5652174,0,0,0,0,0,0,0,0,0,10304.347826087,0,0,0,10304.347826087,447.826086956522,86.9565217391304,360.869565217391,152.173913043478,152.173913043478,0,41.304347826087,86.9565217391304,728.260869565217,0,0,0,0,0,0,0,65.2173913043478,0,26.0869565217391,300,28.2608695652174,0,0,0,0,0,145.652173913043,0,93.4782608695652,0,0,0,0,0,69.5652173913043,0,0,0,0,0,0,0,0,0,0,0,0,0,9150852.9415844,26944361.6456424,31282560.5652174,21984139.4347826,1875721.42637681,23859860.8611594,17793508.704058,114.677419354839
3,0,0,0,0,0,0,141100,0,0,0,0,36,1,261128,6,0.12,0,0.12,0,0,0.12,0,0.12,0,0,0,0,0,0,0,0.12,0,0.12,0,0,0.12,0,0.12,0,0,0,0,0,0,0,17,2,450,1175833.33333333,0,1175833.33333333,0,0,0,0,0,0,1175833.33333333,0,0,0,0,463333.333333333,113333.333333333,0,0,0,0,0,0,801527.777777778,242447.368421053,1043975.14619883,102777.777777778,725000,0,725000,5031166.66666667,0,0,5031166.66666667,3160380.92397661,352476.754736842,84117.4666666667,436594.221403509,16850,0,0,0,0,16850,19883000,0,19883000,0,0,0,0,0,0,0,0,11333.3333333333,0,0,0,0,11333.3333333333,241.666666666667,200,41.6666666666667,0,0,0,50,0,291.666666666667,0,0,0,0,0,0,0,50,0,8.33333333333333,75,66.6666666666667,0,0,0,0,0,75,0,16.6666666666667,0,0,0,0,0,0,0,0,0,0,0,0,0,0,0,0,0,0,0,6192760.88807017,16722619.0760234,16722619.0760234,8191547.59064327,1161594.22140351,9353141.81204678,10529858.1879532,90.8205128205128
3,0,0,0,0,0,0,147000,121700,0,0,210800,38,1,251309,5,0.33,0,0.33,0,0,0.33,0,0.33,0,0,0,0,0,0,0,0.32,0,0.32,0,0,0.32,0,0.32,0,0,0,0,0,0,0,14.25,2,406.25,1498437.5,0,1498437.5,0,0,0,0,0,0,459375,380312.5,0,0,658750,512500,143437.5,628437.5,0,43750,0,0,551250,285770.833333333,744694.444444444,1030465.27777778,269062.5,1125000,0,1125000,5311800,702406.25,0,6014206.25,5631055.52777778,858942.945277778,116461.0325,975403.977777778,13840.625,0,0,0,0,13840.625,29618937.5,0,29618937.5,0,0,0,0,0,0,0,0,5312.5,3456.25,0,0,1800,10568.75,240.625,62.5,178.125,43.75,21.875,21.875,81.25,0,365.625,0,0,0,0,0,0,0,87.5,0,18.75,150,59.375,0,0,0,0,0,18.75,0,21.875,0,0,0,0,0,9.375,0,0,0,0,0,0,0,0,0,0,0,0,0,7412203.97777778,23987881.9722222,24690288.2222222,10942855.5277778,2100403.97777778,13043259.5055556,16575677.9944444,114.677419354839
3,0,0,0,0,0,0,158000,0,0,0,0,37,3,266599,6,1.68,0.03,1.58,0.07,0,0.43,0.03,0.33,0.07,0,1.25,0,1.25,0,0,1.27,0.02,1.18,0.07,0,0.36,0.02,0.27,0.07,0,0.91,0,0.91,0,0,39.875,2,248.031496062992,124409.448818898,0,124409.448818898,0,0,0,0,0,0,124409.448818898,0,0,0,0,761023.622047244,145433.070866142,4299212.5984252,0,0,0,0,6456.69291338583,294171.128608924,16338.5826771654,310509.711286089,232808.398950131,204094.488188976,535275.590551181,739370.078740157,10973112.5984252,0,0,10973112.5984252,6681728.13385827,64288.5348871391,202239.635590551,266528.17047769,16042.5196850394,0,0,0,0,16042.5196850394,18288472.4409449,0,18288472.4409449,0,0,0,0,0,0,0,0,1003.93700787402,0,0,0,0,1003.93700787402,588.976377952756,274.803149606299,314.173228346457,0,0,0,75.5905511811024,0,664.566929133858,0,0,0,0,0,0,0,126.771653543307,0,188.976377952756,333.858267716535,7.8740157480315,0,0,0,0,0,0,0,7.08661417322835,0,0,0,0,0,0,0,0,0,0,0,0,0,0,0,0,0,0,0,11443735.2570919,11606744.3070866,12142019.8976378,17119565.1417323,1005898.24921785,18125463.3909501,163009.049994748,44.6666666666667
3,0,0,0,0,0,0,172500,0,0,0,0,35,2,268798,6,0.67,0,0.67,0,0,0.67,0,0.67,0,0,0,0,0,0,0,0.67,0,0.67,0,0,0.67,0,0.67,0,0,0,0,0,0,0,55.25,2,167.164179104478,257462.686567164,0,257462.686567164,0,0,0,0,0,0,257462.686567164,0,0,0,0,869552.23880597,189850.746268657,285223.880597015,0,44776.1194029851,0,0,127014.925373134,351462.686567164,89194.0298507462,440656.71641791,367910.447761194,3626865.67164179,0,3626865.67164179,8758919.40298507,7772670.14925373,0,16531589.5522388,10623915.9104478,165697.905671642,226987.829850746,392685.735522388,20647.7611940298,0,0,0,0,20647.7611940298,26429134.3283582,0,26429134.3283582,0,0,0,0,0,0,0,0,27910.447761194,0,0,0,0,27910.447761194,325.373134328358,176.119402985075,149.253731343284,531.343283582089,286.567164179104,244.776119402985,164.179104477612,0,1020.89552238806,0,0,0,0,0,0,0,80.5970149253731,0,107.462686567164,768.65671641791,0,0,0,0,0,0,0,0,47.7611940298507,0,0,0,0,0,5.97014925373134,0,0,0,0,0,0,0,0,0,0,0,0,10.4477611940298,12778470.8101493,15805218.4179104,23577888.5671642,19382835.3134328,4019551.40716418,23402386.720597,3026747.6077612,34.3333333333333
3,0,0,0,0,0,0,186200,0,0,0,0,36,1,261128,6,0.45,0.3,0.15,0,0,0.45,0.3,0.15,0,0,0,0,0,0,0,0.39,0.24,0.15,0,0,0.39,0.24,0.15,0,0,0,0,0,0,0,26.75,2,461.538461538462,477435.897435897,0,477435.897435897,0,0,0,0,0,0,477435.897435897,0,0,0,0,419743.58974359,634358.974358974,0,0,0,0,0,500769.230769231,565864.957264957,269097.179487179,834962.136752137,1761538.46153846,627692.307692308,0,627692.307692308,10343469.2307692,4223076.92307692,228205.128205128,14794751.2820513,9179173.5649673,410188.980864957,208655.531282051,618844.512147009,18284.6153846154,0,0,0,0,18284.6153846154,18284615.3846154,0,18284615.3846154,0,0,0,0,0,0,0,0,8717.94871794872,0,0,0,0,8717.94871794872,343.589743589744,115.384615384615,228.205128205128,333.333333333333,143.589743589744,189.74358974359,256.410256410256,0,933.333333333333,0,0,0,0,0,0,0,97.4358974358974,0,0,333.333333333333,41.025641025641,0,0,0,0,82.0512820512821,246.153846153846,0,117.948717948718,0,0,0,15.3846153846154,0,0,0,0,0,0,0,0,0,0,0,0,0,0,0,11752050.8275216,9105441.81964808,13394679.0940171,19684687.5726496,1246536.81983932,20931224.3924889,-2646609.0078735,90.8205128205128
3,0,0,0,0,0,0,264600,0,0,0,13392000,36,3,261128,6,3.45,0,2.6,0.85,0,3.45,0,2.6,0.85,0,0,0,0,0,0,3.45,0,2.6,0.85,0,3.45,0,2.6,0.85,0,0,0,0,0,0,19.6521739130435,2,456.231884057971,3958434.7826087,0,3958434.7826087,0,0,0,0,0,0,76695.6521739131,0,0,0,3881739.13043478,317855.072463768,375072.463768116,2637681.15942029,0,0,85507.2463768116,0,876521.739130435,241806.763285024,169089.549961861,410896.313246885,42850.2415458937,316086.956521739,0,316086.956521739,3242495.07246377,1521159.42028986,0,4763654.49275362,10487106.4388508,76368.4295347063,161382.61426087,237751.043795576,14870.1449275362,0,0,0,0,14870.1449275362,17610081.1594203,0,17610081.1594203,0,0,0,0,0,0,0,0,985.507246376812,0,0,0,3339.13043478261,4324.63768115942,93.3333333333333,76.8115942028986,16.5217391304348,74.2028985507246,36.5217391304348,37.6811594202899,79.1304347826087,17.6811594202899,264.347826086957,0,0,0,1.44927536231884,0,0,0,35.0724637681159,0,4.05797101449275,114.782608695652,4.92753623188406,0,0,7.53623188405797,0,12.1739130434783,47.536231884058,0,22.8985507246377,0,0,0,12.7536231884058,1.15942028985507,0,0,0,0,0,0,0,0,0,0,0,0,0,0,3796333.07278108,7122974.72056954,8729641.38723621,13729601.5113145,553838.000317315,14283439.5116318,3326641.64778846,42
3,0,0,0,0,0,0,313600,0,0,0,0,35,1,268798,5,0.18,0.03,0.15,0,0,0.18,0.03,0.15,0,0,0,0,0,0,0,0.18,0.03,0.15,0,0,0.18,0.03,0.15,0,0,0,0,0,0,0,14.6,2,405.555555555555,1742222.22222222,0,1742222.22222222,0,0,0,0,0,0,1742222.22222222,0,0,0,0,1086111.11111111,597222.222222222,1041666.66666667,487222.222222222,0,2361111.11111111,0,0,908666.666666667,276666.666666667,1185333.33333333,2282407.40740741,3250000,0,3250000,14876427.7777778,6480055.55555556,150000,21506483.3333333,17577663.3532164,655602.512592593,357393.282222222,1012995.79481481,28244.4444444444,0,0,0,0,28244.4444444444,43280333.3333333,0,43280333.3333333,0,0,0,0,0,0,0,0,18888.8888888889,0,0,0,0,18888.8888888889,716.666666666667,100,616.666666666667,288.888888888889,227.777777777778,61.1111111111111,222.222222222222,44.4444444444444,1272.22222222222,0,0,0,27.7777777777778,0,0,0,238.888888888889,0,144.444444444444,527.777777777778,0,0,0,0,0,0,66.6666666666667,0,205.555555555556,0,0,0,11.1111111111111,0,0,0,0,0,0,0,0,0,0,0,0,0,0,50,19243910.0712281,25702669.9801169,34589350.1481481,32558577.6296296,4262995.79481481,36821573.4244444,6458759.90888889,73.6666666666667
3,0,0,0,0,0,0,316100,0,0,0,496000,38,2,251309,6,0.66,0.18,0.48,0,0,0.66,0.18,0.48,0,0,0,0,0,0,0,0.66,0.18,0.48,0,0,0.66,0.18,0.48,0,0,0,0,0,0,0,16,2,515.151515151515,1230454.54545455,0,1230454.54545455,0,0,0,0,0,0,478939.393939394,0,0,0,751515.151515151,781060.606060606,86212.1212121212,3146363.63636364,0,0,0,0,95454.5454545455,313141.414141414,0,313141.414141414,0,409090.909090909,0,409090.909090909,8978093.93939394,8234318.18181818,113636.363636364,17326048.4848485,14192677.028141,-16772.2525252525,281053.364848485,264281.112323232,2778.78787878788,4196.9696969697,0,0,12716.8181818182,15495.6060606061,2778787.87878788,33063727.2727273,35842515.1515151,0,0,0,0,0,0,0,0,3863.63636363636,0,0,0,1745.45454545455,5609.09090909091,560.606060606061,53.030303030303,507.575757575758,593.939393939394,298.484848484848,295.454545454545,54.5454545454545,10.6060606060606,1219.69696969697,0,0,0,0,0,0,0,56.0606060606061,0,81.8181818181818,783.333333333333,43.9393939393939,0,0,0,0,48.4848484848485,53.030303030303,0,151.515151515152,0,0,0,0,0,1.51515151515152,0,0,0,0,0,0,0,0,0,0,0,0,0,9710739.34680847,21649838.1233741,29938519.2828283,23230044.3535354,673372.021414141,23903416.3749495,11939098.7765657,42.0476190476191
3,0,0,0,0,0,0,316500,0,0,0,0,36,1,261128,5,0.2,0,0.2,0,0,0.2,0,0.2,0,0,0,0,0,0,0,0.2,0,0.2,0,0,0.2,0,0.2,0,0,0,0,0,0,0,20.5,2,360,1582500,0,1582500,0,0,0,0,0,0,1582500,0,0,0,0,933000,914000,500500,0,0,0,0,781000,1169470.83333333,220945,1390415.83333333,1129166.66666667,900000,0,900000,23011545,3119450,0,26130995,10611160.5,486972.293666667,382440.738,869413.031666667,16135,0,0,4090,12392.7,28527.7,42112350,37425954,79538304,0,0,0,0,0,0,0,0,725,0,0,0,0,725,970,460,510,175,40,135,355,25,1525,0,0,0,35,0,0,0,295,0,475,495,40,0,0,0,0,0,55,0,130,0,0,0,0,0,0,0,0,0,0,0,0,0,0,0,0,0,0,0,24780958.0316667,68927143.5,72046593.5,33622705.5,1769413.03166667,35392118.5316667,44146185.4683333,90.8205128205128
3,0,0,0,0,0,0,343000,0,0,0,263500,38,1,251309,6,0.13,0,0.13,0,0,0.13,0,0.13,0,0,0,0,0,0,0,0.13,0,0.13,0,0,0.13,0,0.13,0,0,0,0,0,0,0,25,2,3846.15384615385,4665384.61538462,0,4665384.61538462,0,0,0,0,0,0,2638461.53846154,0,0,0,2026923.07692308,1609230.76923077,1129230.76923077,0,0,57692.3076923077,0,0,242307.692307692,765897.435897436,826639.67611336,1592537.1120108,3791666.66666667,4153846.15384615,0,4153846.15384615,26111346.1538462,2484615.38461538,184615.384615385,28780576.9230769,15840014.9816306,1375192.53117409,452406.846153846,1827599.37732794,29392.3076923077,0,0,0,0,29392.3076923077,35858615.3846154,0,35858615.3846154,0,0,0,0,0,0,0,0,26153.8461538462,0,0,0,5538.46153846154,31692.3076923077,946.153846153846,776.923076923077,169.230769230769,246.153846153846,0,246.153846153846,500,0,1692.30769230769,0,0,0,76.9230769230769,0,0,0,130.769230769231,0,107.692307692308,246.153846153846,200,0,0,184.615384615385,0,0,384.615384615385,0,361.538461538462,0,0,0,0,0,0,0,0,0,0,0,0,0,0,0,0,0,0,0,32261366.4051441,20018600.4029848,22519256.4520918,42119935.8556005,5981445.53117409,48101381.3867746,-12242766.0021592,114.677419354839
3,0,0,0,0,0,0,39700,0,0,0,0,36,1,261128,6,0.1,0,0.1,0,0,0.1,0,0.1,0,0,0,0,0,0,0,0.1,0,0.1,0,0,0.1,0,0.1,0,0,0,0,0,0,0,13.5,2,400,397000,0,397000,0,0,0,0,0,0,397000,0,0,0,0,991000,447000,0,0,85000,0,0,0,1556333.33333333,305352.631578947,1861685.96491228,739166.666666667,1620000,0,1620000,5959460,984900,0,6944360,5766880.63157895,492587.807157895,109918.064,602505.871157895,7640,0,1100,110,4678.3,12318.3,9091600,9609666,18701266,0,0,0,0,0,0,0,0,5100,0,0,0,0,5100,260,0,260,70,0,70,110,0,440,0,30,0,0,0,0,0,80,0,10,200,30,0,0,0,0,0,0,0,30,0,0,0,0,60,0,0,0,0,0,0,0,0,0,0,0,0,0,0,8181965.8711579,12934385.3684211,13919285.3684211,11726340.6315789,2222505.87115789,13948846.5027368,4752419.49726316,90.8205128205128
3,0,0,0,0,0,0,558600,0,0,0,0,35,3,268798,6,2.97,0,0.17,2.8,0,0.97,0,0.17,0.8,0,2,0,0,2,0,2.97,0,0.17,2.8,0,0.97,0,0.17,0.8,0,2,0,0,2,0,53.5,2,255.892255892256,188080.808080808,0,188080.808080808,0,0,0,0,0,0,188080.808080808,0,0,0,0,75757.5757575758,155622.895622896,0,0,5892.25589225589,0,0,0,892750.841750842,125198.653198653,1017949.49494949,193658.810325477,140606.060606061,416161.616161616,556767.676767677,3415129.29292929,2494276.09427609,0,5909405.38720539,4816197.55106622,88566.0508641975,78551.0106397306,167117.061503928,16163.6363636364,0,0,0,0,16163.6363636364,20204545.4545455,0,20204545.4545455,0,0,0,0,0,0,0,0,1717.17171717172,0,0,0,0,1717.17171717172,123.232323232323,77.1043771043771,46.1279461279461,161.279461279461,103.030303030303,58.2491582491582,65.993265993266,0,350.50505050505,0,0,0,0,0,0,0,7.07070707070707,0,0,272.727272727273,9.09090909090909,0,0,0,0,0,20.5387205387205,0,41.0774410774411,0,0,0,0,0,0,0,0,0,0,0,0,0,0,0,0,0,0,0,3722852.41503928,15388347.9034792,18298785.6139169,7815165.22783389,723884.738271605,8539049.9661055,11665495.48844,34.3333333333333
3,0,0,0,0,0,0,66200,0,0,0,0,36,1,261128,6,0.12,0,0.12,0,0,0.12,0,0.12,0,0,0,0,0,0,0,0.12,0,0.12,0,0,0.12,0,0.12,0,0,0,0,0,0,0,20,2,500,551666.666666667,0,551666.666666667,0,0,0,0,0,0,551666.666666667,0,0,0,0,304166.666666667,206666.666666667,303333.333333333,0,112500,400000,0,0,1081861.11111111,278850.877192982,1360711.98830409,1231944.44444444,877500,0,877500,7529583.33333333,0,0,7529583.33333333,4732117.76608187,556718.886023392,116658.166666667,673377.052690059,13916.6666666667,0,0,0,0,13916.6666666667,14890833.3333333,0,14890833.3333333,0,0,0,0,0,0,0,0,7083.33333333333,0,0,0,0,7083.33333333333,216.666666666667,116.666666666667,100,0,0,0,191.666666666667,0,408.333333333333,0,0,0,0,0,0,0,41.6666666666667,0,8.33333333333333,150,50,0,0,0,0,0,58.3333333333333,0,91.6666666666667,0,0,0,0,8.33333333333333,0,0,0,0,0,0,0,0,0,0,0,0,0,0,9080460.38602339,10158715.5672515,10558715.5672515,12261701.0994152,1550877.05269006,13812578.1521053,1078255.18122807,90.8205128205128
3,0,0,0,0,0,0,85800,0,0,0,291400,38,1,251309,5,0.26,0.26,0,0,0,0.26,0.26,0,0,0,0,0,0,0,0,0.26,0.26,0,0,0,0.26,0.26,0,0,0,0,0,0,0,0,28,1,1653.84615384615,1450769.23076923,0,1450769.23076923,0,0,0,0,0,0,330000,0,0,0,1120769.23076923,896923.076923077,230769.230769231,0,0,76923.0769230769,0,0,72692.3076923077,316025.641025641,957692.307692308,1273717.94871795,0,2305384.61538462,0,2305384.61538462,14353730.7692308,0,0,14353730.7692308,4253103.87179487,1124926.41025641,211814.415384615,1336740.82564103,23115.3846153846,0,0,0,0,23115.3846153846,28200769.2307692,0,28200769.2307692,0,0,0,0,0,0,0,0,3269.23076923077,0,0,0,2769.23076923077,6038.46153846154,623.076923076923,469.230769230769,153.846153846154,0,0,0,196.153846153846,0,819.230769230769,0,0,0,0,0,0,0,96.1538461538461,0,76.9230769230769,103.846153846154,53.8461538461538,0,0,107.692307692308,0,0,223.076923076923,0,157.692307692308,0,0,0,0,0,0,0,0,0,0,0,0,0,0,0,0,0,0,0,17995856.2102564,23947665.3589744,23947665.3589744,18606834.6410256,3642125.44102564,22248960.0820513,5951809.14871795,114.677419354839
3,0,0,0,0,0,0,88200,0,0,0,0,35,1,268798,6,0.23,0,0,0.23,0,0.23,0,0,0.23,0,0,0,0,0,0,0.23,0,0,0.23,0,0.23,0,0,0.23,0,0,0,0,0,0,10.6666666666667,2,478.260869565217,383478.260869565,0,383478.260869565,0,0,0,0,0,0,383478.260869565,0,0,0,0,130434.782608696,34782.6086956522,0,0,0,0,0,0,191652.173913043,28869.5652173913,220521.739130435,0,3913043.47826087,0,3913043.47826087,6433300,530052.173913043,0,6963352.17391304,1568067.56521739,55833.6417391304,93149.3930434783,148983.034782609,15952.1739130435,0,0,0,0,15952.1739130435,19940217.3913043,0,19940217.3913043,0,0,0,0,0,0,0,0,369.565217391304,0,0,0,0,369.565217391304,495.652173913043,0,495.652173913043,30.4347826086957,30.4347826086957,0,0,0,526.086956521739,0,0,0,0,0,0,0,30.4347826086957,0,0,147.826086956522,86.9565217391304,0,52.1739130434783,0,0,0,208.695652173913,0,0,0,0,0,0,0,0,0,0,0,0,0,0,0,0,0,0,0,0,0,10495326.5130435,18372149.826087,18902202,8001367.56521739,4062026.51304348,12063394.0782609,7876823.31304348,73.6666666666667
3,0,0,0,0,0,0,92600,0,0,0,0,36,1,261128,5,1.67,0,0.08,1.59,0,1.67,0,0.08,1.59,0,0,0,0,0,0,0.13,0,0.08,0.05,0,0.13,0,0.08,0.05,0,0,0,0,0,0,20.5,2,523.076923076923,712307.692307692,0,712307.692307692,0,0,0,0,0,0,712307.692307692,0,0,0,0,253076.923076923,219230.769230769,0,0,100000,0,0,0,479615.384615385,285291.497975709,764906.882591093,537179.487179487,906923.076923077,0,906923.076923077,6372384.61538462,0,0,6372384.61538462,2847829.75438596,434743.924696356,94946.8,529690.724696356,0,0,3976.92307692308,0,15708.8461538462,15708.8461538462,0,38800850,38800850,0,0,0,0,0,0,0,0,9153.84615384615,0,0,0,0,9153.84615384615,261.538461538462,69.2307692307692,192.307692307692,0,0,0,115.384615384615,0,376.923076923077,0,0,0,0,0,0,0,30.7692307692308,0,7.69230769230769,215.384615384615,30.7692307692308,0,0,0,0,0,0,0,84.6153846153846,0,0,0,0,7.69230769230769,0,0,0,0,0,0,0,0,0,0,0,0,0,0,7808998.41700405,35953020.245614,35953020.245614,9220214.36977058,1436613.80161943,10656828.17139,28144021.82861,90.8205128205128
3,0,0,0,0,0,0,98000,0,0,0,0,37,3,266599,6,1.25,0,1.25,0,0,1.25,0,1.25,0,0,0,0,0,0,0,1.25,0,1.25,0,0,1.25,0,1.25,0,0,0,0,0,0,0,38,2,176,78400,0,78400,0,0,0,0,0,0,78400,0,0,0,0,591120,290000,342160,0,0,0,0,12640,201345.733333333,266099.84,467445.573333333,56800,907200,0,907200,7588258.4,0,0,7588258.4,2105164.57333333,347180.829963733,110391.97216,457572.802123733,14751.2,0,0,0,0,14751.2,17848952,0,17848952,0,0,0,0,0,0,0,0,5440,0,0,0,0,5440,302.4,148,154.4,0,0,0,131.2,0,433.6,0,0,0,0,0,0,0,69.6,0,48,184,20.8,0,0,0,0,0,18.4,0,92.8,0,0,0,0,0,0,0,0,0,0,0,0,0,0,0,0,0,0,0,8953031.20212373,15743787.4266667,15743787.4266667,9693422.97333333,1364772.80212373,11058195.7754571,6790756.22454293,44.6666666666667
3,0,0,0,0,0,0,980000,0,0,0,1240000,37,3,266599,6,1.06,0.83,0.23,0,0,1.06,0.83,0.23,0,0,0,0,0,0,0,1.06,0.83,0.23,0,0,1.06,0.83,0.23,0,0,0,0,0,0,0,23.4,2,237.735849056604,2094339.62264151,0,2094339.62264151,0,0,0,0,0,0,924528.301886792,0,0,0,1169811.32075472,944905.660377358,348018.867924528,0,0,0,0,0,39811.320754717,1635004.32389937,136020.43694141,1771024.76084078,53616.3522012579,1630188.67924528,0,1630188.67924528,5589150,0,0,5589150,5518315.58474015,327675.731470043,111801.195849057,439476.9273191,13264.1509433962,0,0,0,0,13264.1509433962,16049622.6415094,0,16049622.6415094,0,0,0,0,0,0,0,0,641.509433962264,0,0,0,3396.22641509434,4037.7358490566,262.264150943396,125.471698113208,136.792452830189,0,0,0,71.6981132075472,0,333.962264150943,0,0,0,0,0,0,0,37.7358490566038,0,0,120.754716981132,33.9622641509434,0,0,0,0,0,72.6415094339623,0,68.8679245283019,0,0,0,0,0,0,0,0,0,0,0,0,0,0,0,0,0,0,0,7658815.60656438,10531307.0567693,10531307.0567693,11107465.5847402,2069665.60656438,13177131.1913045,2872491.4502049,44.6666666666667
3,0,0,0,0,0,120800,0,0,1386000,0,0,36,2,261128,6,0.55,0.22,0,0.33,0,0,0,0,0,0,0.55,0.22,0,0.33,0,0.55,0.22,0,0.33,0,0,0,0,0,0,0.55,0.22,0,0.33,0,28.3333333333333,2,332.727272727273,2739636.36363636,219636.363636364,2520000,0,0,0,0,0,219636.363636364,0,0,2520000,0,0,630727.272727273,225818.181818182,2382545.45454545,0,0,587272.727272727,0,1719818.18181818,405296.96969697,169971.291866029,575268.261562998,671969.696969697,0,3090000,3090000,6938965.45454545,1400527.27272727,0,8339492.72727273,14284711.4130781,265722.875023923,206153.855272727,471876.730296651,7365.45454545455,0,3927.27272727273,2181.81818181818,22123.6363636364,29489.0909090909,5764618.18181818,28606254.5454545,34370872.7272727,0,0,0,0,0,0,3181.81818181818,3181.81818181818,0,0,4545.45454545455,0,0,4545.45454545455,207.272727272727,160,47.2727272727273,83.6363636363636,56.3636363636364,27.2727272727273,163.636363636364,0,454.545454545455,0,0,0,0,0,0,0,36.3636363636364,0,21.8181818181818,185.454545454545,16.3636363636364,0,0,0,0,38.1818181818182,110.909090909091,0,18.1818181818182,0,0,0,27.2727272727273,0,0,0,0,0,0,0,0,0,0,0,0,0,0,0,7410842.18484211,20086161.3141946,25163961.3141946,18133676.8676236,3561876.73029665,21695553.5979202,12675319.1293525,55.2666666666667
3,0,0,0,0,0,199500,0,0,0,0,26700,37,1,266599,5,0.32,0,0.32,0,0,0.06,0,0.06,0,0,0.26,0,0.26,0,0,0.32,0,0.32,0,0,0.06,0,0.06,0,0,0.26,0,0.26,0,0,39,2,312.5,706875,623437.5,83437.5,0,0,0,0,0,623437.5,0,0,0,0,83437.5,475937.5,58437.5,0,0,0,0,0,98437.5,843114.583333333,263986.111111111,1107100.69444444,0,542812.5,2510625,3053437.5,2953734.375,2136400,0,5090134.375,7360412.19444444,239471.925833333,79729.79125,319201.717083333,0,0,0,5093.75,15434.0625,15434.0625,0,65131743.75,65131743.75,0,0,0,0,0,0,10993.75,10993.75,0,0,0,0,225,225,100,6.25,93.75,118.75,118.75,0,71.875,0,290.625,0,0,0,0,0,0,0,65.625,0,0,162.5,21.875,0,0,0,0,0,0,0,40.625,0,0,0,0,0,0,0,0,0,0,0,0,0,0,0,0,0,0,0,3815748.59208333,57771331.5555556,62418356.5555556,7803521.56944444,3372639.21708333,11176160.7865278,53955582.9634722,93.5512820512821
3,0,0,0,0,0,22100,0,0,0,0,0,38,2,251309,6,0.63,0,0.63,0,0,0.16,0,0.16,0,0,0.47,0,0.47,0,0,0.63,0,0.63,0,0,0.16,0,0.16,0,0,0.47,0,0.47,0,0,20,2,317.460317460317,35079.3650793651,35079.3650793651,0,0,0,0,0,0,35079.3650793651,0,0,0,0,0,192222.222222222,168095.238095238,0,0,31746.0317460317,0,0,473492.063492063,1021904.76190476,578711.779448622,1600616.54135338,684523.809523809,428571.428571429,1716666.66666667,2145238.0952381,9087455.55555556,9203355.55555556,222222.222222222,18513033.3333333,14468921.6620739,693156.940918964,240729.486349206,933886.42726817,12774.6031746032,0,0,0,0,12774.6031746032,16594539.6825397,0,16594539.6825397,0,0,0,0,0,0,55.5555555555556,55.5555555555556,0,0,0,0,0,0,307.936507936508,150.793650793651,157.142857142857,522.222222222222,253.968253968254,268.253968253968,195.238095238095,47.6190476190476,1073.01587301587,0,0,0,0,0,0,0,53.968253968254,0,55.5555555555556,793.650793650794,3.17460317460317,0,0,12.6984126984127,0,0,0,0,138.095238095238,0,0,0,15.8730158730159,0,0,0,0,0,0,0,0,0,0,0,0,0,0,0,10560320.4652778,2125618.02046574,13157455.4110276,21950117.6048454,3079124.52250627,25029242.1273517,-8434702.44481203,42.0476190476191
3,0,0,0,0,0,34700,0,0,462000,0,379500,38,1,251309,5,0.32,0,0.32,0,0,0.32,0,0.32,0,0,0,0,0,0,0,0.32,0,0.32,0,0,0.32,0,0.32,0,0,0,0,0,0,0,24,2,312.5,2738125,108437.5,2629687.5,0,0,0,0,0,108437.5,0,0,1443750,0,1185937.5,686250,345312.5,1171875,0,46875,0,0,525625,385156.25,53496.09375,438652.34375,539062.5,450000,0,450000,7917206.25,8742312.5,0,16659518.75,15485398.84375,171150.592317708,274952.4075,446102.999817708,18909.375,0,0,0,0,18909.375,40466062.5,0,40466062.5,0,0,0,0,0,0,56.25,56.25,0,0,781.25,0,3240.625,4021.875,150,150,0,543.75,275,268.75,246.875,0,940.625,0,0,0,0,0,0,0,75,0,46.875,584.375,43.75,0,0,0,0,0,0,0,171.875,0,0,0,0,0,18.75,0,0,0,0,0,0,0,0,0,0,0,0,0,8813309.24981771,24980663.65625,33722976.15625,23402605.09375,896102.999817708,24298708.0935677,16167354.4064323,114.677419354839
3,0,0,0,0,0,661500,0,0,0,0,5425000,36,3,261128,6,3.13,0,3.05,0,0.08,3.13,0,3.05,0,0.08,0,0,0,0,0,3.13,0,3.05,0,0.08,3.13,0,3.05,0,0.08,0,0,0,0,0,26.4,2,376.357827476038,1944568.69009585,211341.853035144,1733226.8370607,0,0,0,0,0,211341.853035144,0,0,0,0,1733226.8370607,899904.153354633,619552.715654952,2907348.2428115,0,0,25559.1054313099,0,946006.389776358,944090.521831736,272405.246342694,1216495.76817443,448855.165069223,216932.907348243,0,216932.907348243,4228590.73482428,644549.520766773,0,4873140.25559106,9913967.75113503,268631.815514825,151479.386453674,420111.2019685,25397.4440894569,0,0,0,0,25397.4440894569,29813194.8881789,0,29813194.8881789,0,0,0,0,0,0,26384.3450479233,26384.3450479233,0,0,0,0,3220.44728434505,3220.44728434505,72.8434504792332,41.5335463258786,31.3099041533546,42.8115015974441,19.1693290734824,23.6421725239617,144.728434504792,0,260.38338658147,0,0,0,0.638977635782748,0,0,0,65.814696485623,0,3.83386581469649,64.2172523961661,23.0031948881789,0,0,2.87539936102236,0,26.8370607028754,43.7699680511182,0,18.8498402555911,0,0,0,0,0.958466453674122,0,0,0,0,0,0,0,0,0,0,0,0,0,9.58466453674122,4865634.84414102,19899227.1370439,20569335.763242,14142558.4859593,637044.109316742,14779602.5952761,15033592.2929029,42
3,0,0,0,100800,0,0,0,0,0,0,1240000,35,3,268798,5,1,0,0,1,0,1,0,0,1,0,0,0,0,0,0,1,0,0,1,0,1,0,0,1,0,0,0,0,0,0,27,2,200,1340800,100800,1240000,0,0,0,100800,0,0,0,0,0,0,1240000,284000,189700,0,0,0,0,0,0,934960,0,934960,246500,2700000,0,2700000,8140214,5933360,170000,14243574,9269789.28975198,133805.7216,199120.1176,332925.8392,28524,0,0,0,0,28524,40789320,0,40789320,0,0,0,0,122,0,0,122,0,0,0,0,2880,2880,464,252,212,359,225,134,31,0,854,0,0,0,0,0,0,0,38,0,0,769,35,0,0,0,0,0,12,0,0,0,0,0,0,0,0,0,0,0,0,0,0,0,0,0,0,0,0,0,11271468.549448,31519530.710248,37524562,17508332,3032925.8392,20541257.8392,20248062.1608,34.3333333333333
3,0,0,0,1014000,0,0,1404200,0,0,0,0,38,3,251309,6,1.86,0,0,1.86,0,0,0,0,0,0,1.86,0,0,1.86,0,1.86,0,0,1.86,0,0,0,0,0,0,1.86,0,0,1.86,0,27,2,284.94623655914,1300107.52688172,545161.290322581,754946.23655914,0,0,0,545161.290322581,0,0,754946.23655914,0,0,0,0,440537.634408602,64139.7849462366,1643870.96774194,0,0,0,0,50806.4516129032,210172.043010753,14502.688172043,224674.731182796,0,0,1550537.6344086,1550537.6344086,8140493.01075269,1193311.82795699,0,9333804.83870968,6719295.55913978,9845.83333333333,159132.513333333,168978.346666667,13818.2795698925,0,0,27.4193548387097,83.0806451612903,13901.3602150538,15253967.7419355,300751.935483871,15554719.6774194,0,0,0,0,766.666666666667,0,0,766.666666666667,7275.2688172043,0,0,0,0,7275.2688172043,479.569892473118,246.236559139785,233.333333333333,74.1935483870968,37.6344086021505,36.5591397849462,22.5806451612903,0,576.344086021505,0,0,0,0,0,0,0,36.5591397849462,0,45.1612903225806,438.709677419355,27.9569892473118,0,0,0,0,0,12.3655913978495,0,15.5913978494624,0,0,0,0,0,0,0,0,0,0,0,0,0,0,0,0,0,0,0,8309471.35741935,8835424.11827957,11579273.5806452,13309250.9354839,1719515.98107527,15028766.9165591,525952.760860216,53.6
3,0,0,0,1026000,0,0,264600,0,0,0,520800,38,3,251309,6,2.64,0,2.64,0,0,2.64,0,2.64,0,0,0,0,0,0,0,2.64,0,2.64,0,0,2.64,0,2.64,0,0,0,0,0,0,0,34,1,299.242424242424,686136.363636364,388636.363636364,297500,0,0,0,388636.363636364,0,0,100227.272727273,0,0,0,197272.727272727,231098.484848485,119696.96969697,1787613.63636364,12159.0909090909,0,0,618181.818181818,310227.272727273,269128.787878788,0,269128.787878788,186710.858585859,237954.545454545,0,237954.545454545,5583364.77272727,1705851.51515152,1136.36363636364,7290352.65151515,6178379.7343376,21722.5063131313,137087.781969697,158810.288282828,14853.0303030303,0,0,0,0,14853.0303030303,17305681.8181818,0,17305681.8181818,0,0,0,0,626.136363636364,0,0,626.136363636364,965.909090909091,0,0,0,545.454545454545,1511.36363636364,311.363636363636,164.393939393939,146.969696969697,96.969696969697,75.7575757575758,21.2121212121212,28.030303030303,2.65151515151515,439.015151515152,0,0,0,0,0,0,0,14.7727272727273,0,101.136363636364,251.893939393939,18.9393939393939,0,0,0,0,0,20.4545454545455,0,31.8181818181818,0,0,0,0,0,0,0,0,0,0,0,0,0,0,0,0,0,0,0,5981000.03374321,11127302.0838442,12833419.5353535,11762614.9343434,396764.833737374,12159379.7680808,5146302.05010101,53.6
3,0,0,0,108000,0,0,514500,0,0,0,883500,38,2,251309,5,0.72,0.72,0,0,0,0.72,0.72,0,0,0,0,0,0,0,0,0.72,0.72,0,0,0,0.72,0.72,0,0,0,0,0,0,0,0,19,1,902.777777777778,2091666.66666667,150000,1941666.66666667,0,0,0,150000,0,0,714583.333333333,0,0,0,1227083.33333333,1066388.88888889,462916.666666667,0,0,21944.4444444444,0,0,87500,584027.777777778,166000,750027.777777778,598958.333333333,1250000,0,1250000,12657691.6666667,697222.222222222,44444.4444444444,13399358.3333333,6030254.31854183,235670.283888889,212409.21,448079.493888889,5469.44444444444,0,5351.38888888889,291.666666666667,22021.7361111111,27491.1805555556,5086583.33333333,45653337.5,50739920.8333333,0,0,0,0,241.666666666667,0,0,241.666666666667,7083.33333333333,0,0,0,3000,10083.3333333333,563.888888888889,401.388888888889,162.5,48.6111111111111,33.3333333333333,15.2777777777778,170.833333333333,0,783.333333333333,0,0,0,29.1666666666667,0,0,0,131.944444444444,0,61.1111111111111,104.166666666667,56.9444444444444,0,0,11.1111111111111,0,72.2222222222222,193.055555555556,0,108.333333333333,0,0,0,15.2777777777778,0,0,0,0,0,0,0,0,0,0,0,0,0,0,0,14397895.2864582,44709666.5147915,45409209.0555556,18730070.1111111,1698079.49388889,20428149.605,30311771.2283333,42.0476190476191
3,0,0,0,118800,0,0,0,0,0,0,347200,37,1,266599,6,0.35,0,0.35,0,0,0,0,0,0,0,0.35,0,0.35,0,0,0.35,0,0.35,0,0,0,0,0,0,0,0.35,0,0.35,0,0,38,2,285.714285714286,1331428.57142857,339428.571428571,992000,0,0,0,339428.571428571,0,0,0,0,0,0,992000,844000,358571.428571429,0,0,0,0,0,0,208062.857142857,86989.4736842105,295052.330827068,0,0,2376285.71428571,2376285.71428571,13596774.2857143,876228.571428571,0,14473002.8571429,6348165.61654135,98829.9623699248,210886.835428571,309716.797798496,14845.7142857143,0,0,0,0,14845.7142857143,13361142.8571429,0,13361142.8571429,0,0,0,0,745.714285714286,0,0,745.714285714286,0,0,0,0,2880,2880,654.285714285714,351.428571428571,302.857142857143,48.5714285714286,48.5714285714286,0,154.285714285714,0,857.142857142857,0,0,0,0,0,0,0,102.857142857143,0,0,451.428571428571,74.2857142857143,0,0,0,0,0,85.7142857142857,0,142.857142857143,0,0,0,0,0,0,0,0,0,0,0,0,0,0,0,0,0,0,0,13906491.0835128,7012977.2406015,10265491.5263158,17568654.1879699,2686002.51208421,20254656.7000541,-6893513.84291128,93.5512820512821
3,0,0,0,131000,0,0,0,0,0,0,316200,33,2,244300,6,0.55,0,0.55,0,0,0.55,0,0.55,0,0,0,0,0,0,0,0.55,0,0.55,0,0,0.55,0,0.55,0,0,0,0,0,0,0,13.25,2,309.090909090909,813090.909090909,238181.818181818,574909.090909091,0,0,0,238181.818181818,0,0,0,0,0,0,574909.090909091,423818.181818182,100545.454545455,0,0,0,0,0,65454.5454545454,496339.393939394,271636.363636364,767975.757575757,627878.787878788,2304000,0,2304000,9286700,1985454.54545455,56363.6363636364,11328518.1818182,5038445.95894058,311199.350545455,157869.698181818,469069.048727273,10730.9090909091,0,0,0,0,10730.9090909091,19208327.2727273,0,19208327.2727273,0,0,0,0,221.818181818182,0,0,221.818181818182,0,0,0,0,15709.0909090909,15709.0909090909,474.545454545455,334.545454545455,140,96.3636363636364,50.9090909090909,45.4545454545455,67.2727272727273,0,638.181818181818,0,0,0,0,0,0,0,60,0,109.090909090909,258.181818181818,27.2727272727273,0,0,0,0,58.1818181818182,43.6363636363636,0,67.2727272727273,0,0,0,0,14.5454545454545,0,0,0,0,0,0,0,0,0,0,0,0,0,0,12106204.9079685,14169881.3137867,16165263.6363636,14371581.8181818,2773069.04872727,17144650.8669091,2063676.40581818,23.7777777777778
3,0,0,0,143600,0,0,0,0,0,0,0,35,1,268798,5,0.46,0,0.44,0,0.02,0.46,0,0.44,0,0.02,0,0,0,0,0,0.46,0,0.44,0,0.02,0.46,0,0.44,0,0.02,0,0,0,0,0,32,2,254.347826086956,312173.913043478,312173.913043478,0,0,0,0,312173.913043478,0,0,0,0,0,0,0,928695.652173913,451521.739130435,166086.956521739,0,0,0,0,143260.869565217,874518.115942029,225543.47826087,1100061.5942029,357246.376811594,2739130.43478261,0,2739130.43478261,9983797.82608696,5572571.73913043,247826.086956522,15804195.6521739,9389192.60812647,422001.494927536,220793.591304348,642795.086231884,22997.8260869565,0,0,0,0,22997.8260869565,33576826.0869565,0,33576826.0869565,0,0,0,0,4008.69565217391,0,0,4008.69565217391,0,0,0,0,0,0,328.260869565217,232.608695652174,95.6521739130435,343.478260869565,215.217391304348,128.260869565217,210.869565217391,0,882.608695652174,0,0,0,0,0,0,0,100,0,267.391304347826,384.782608695652,6.52173913043478,0,0,0,0,0,26.0869565217391,0,97.8260869565217,0,0,0,0,0,0,0,0,0,0,0,0,0,0,0,0,0,0,0,13524773.6665112,24187633.47883,29848980.9855072,19532040.7536232,3381925.52101449,22913966.2746377,10662859.8123188,73.6666666666667
3,0,0,0,143600,0,0,0,0,0,0,0,99,1,252634,6,0.11,0.02,0.07,0.02,0,0.02,0.02,0,0,0,0.09,0,0.07,0.02,0,0.11,0.02,0.07,0.02,0,0.02,0.02,0,0,0,0.09,0,0.07,0.02,0,30.3333333333333,2,590.909090909091,1305454.54545455,1305454.54545455,0,0,0,0,1305454.54545455,0,0,0,0,0,0,0,1399090.90909091,216363.636363636,0,0,0,0,0,69090.9090909091,197990.909090909,686576.267942584,884567.177033493,1793181.81818182,2454545.45454545,9363636.36363636,11818181.8181818,9785036.36363636,7636363.63636364,227272.727272727,17648672.7272727,23020003.9895144,1027828.15133397,255919.541818182,1283747.69315215,28500,0,0,0,0,28500,31920000,0,31920000,0,0,0,0,2372.72727272727,0,0,2372.72727272727,0,0,0,0,0,0,390.909090909091,163.636363636364,227.272727272727,490.909090909091,318.181818181818,172.727272727273,172.727272727273,0,1054.54545454545,0,0,0,0,0,0,0,245.454545454545,0,0,736.363636363636,36.3636363636364,0,0,0,0,0,0,0,36.3636363636364,0,0,0,0,0,0,0,0,0,0,0,0,0,0,0,0,0,0,0,13650981.2443076,8899996.01048557,25999617.0047847,23569055.722488,13101929.511334,36670985.233822,-4750985.23382201,81.4
3,0,0,0,149100,0,0,0,0,0,0,0,37,2,266599,6,0.82,0.19,0.63,0,0,0.82,0.19,0.63,0,0,0,0,0,0,0,0.82,0.19,0.63,0,0,0.82,0.19,0.63,0,0,0,0,0,0,0,20.4,2,201.219512195122,181829.268292683,181829.268292683,0,0,0,0,181829.268292683,0,0,0,0,0,0,0,364390.243902439,77073.1707317073,0,0,0,0,0,0,385605.691056911,112466.124661247,498071.815718157,0,2195121.95121951,0,2195121.95121951,7618984.14634146,512087.804878049,0,8131071.95121951,1900051.30352304,38116.9077506775,108554.121463415,146671.029214092,25120.7317073171,0,0,0,0,25120.7317073171,14318817.0731707,0,14318817.0731707,0,0,0,0,487.80487804878,0,0,487.80487804878,0,0,0,0,0,0,452.439024390244,179.268292682927,273.170731707317,40.2439024390244,25.609756097561,14.6341463414634,29.2682926829268,0,521.951219512195,0,0,0,0,0,0,0,67.0731707317073,0,0,378.048780487805,17.0731707317073,0,0,0,0,0,36.5853658536585,0,19.5121951219512,0,0,0,0,0,0,0,0,0,0,0,0,0,0,0,0,0,0,3.65853658536585,9960777.12677507,12418765.7696477,12930853.5745257,9519035.4498645,2341792.9804336,11860828.4302981,2457988.64287263,68.8181818181818
3,0,0,0,15800,0,0,122500,0,0,0,0,36,1,261128,5,0.11,0,0.11,0,0,0.11,0,0.11,0,0,0,0,0,0,0,0.1,0,0.1,0,0,0.1,0,0.1,0,0,0,0,0,0,0,19,2,500,1383000,158000,1225000,0,0,0,158000,0,0,1225000,0,0,0,0,1113000,935000,3913000,0,0,0,0,0,1567913.33333333,248562,1816475.33333333,591666.666666667,900000,0,900000,29866850,22430300,660000,52957150,32726644.6608563,496850.43168,747734.26,1244584.69168,14910,0,0,4510,13665.3,28575.3,26838000,41269206,68107206,0,0,0,0,1740,0,0,1740,17000,0,0,0,0,17000,1390,720,670,1360,830,530,400,0,3150,0,0,0,0,0,0,0,470,0,630,970,100,0,0,60,0,0,480,0,380,0,0,0,0,0,60,0,0,0,0,0,0,0,0,0,0,0,0,0,32388360.0308237,35380561.3391437,58093936,62970420,2144584.69168,65115004.69168,2992201.30832,90.8205128205128
3,0,0,0,158400,0,0,0,0,0,0,198400,37,1,266599,6,0.68,0,0.68,0,0,0.68,0,0.68,0,0,0,0,0,0,0,0.38,0,0.38,0,0,0.38,0,0.38,0,0,0,0,0,0,0,38,2,171.052631578947,938947.368421053,416842.105263158,522105.263157895,0,0,0,416842.105263158,0,0,0,0,0,0,522105.263157895,480526.315789474,306315.789473684,0,0,0,0,0,41578.9473684211,1271609.21052632,80121.8836565097,1351731.09418283,0,947368.421052632,0,947368.421052632,13071613.1578947,0,0,13071613.1578947,3385698.51523546,217548.443842105,184003.371578947,401551.815421053,27021.0526315789,0,0,0,0,27021.0526315789,19184947.3684211,0,19184947.3684211,0,0,0,0,915.789473684211,0,0,915.789473684211,0,0,0,0,1515.78947368421,1515.78947368421,652.631578947368,331.578947368421,321.052631578947,0,0,0,128.947368421053,0,781.578947368421,0,0,0,0,0,0,0,76.3157894736842,0,31.5789473684211,465.789473684211,52.6315789473684,0,0,0,0,0,50,0,105.263157894737,0,0,0,0,0,0,0,0,0,0,0,0,0,0,0,0,0,0,0,14420533.3943684,15799248.8531856,15799248.8531856,16457311.6731302,1348920.23647368,17806231.9096039,1378715.45881717,93.5512820512821
3,0,0,0,158400,0,0,0,0,154000,0,198400,37,3,266599,6,1.47,0,1.47,0,0,1,0,1,0,0,0.47,0,0.47,0,0,1.14,0,1.14,0,0,0.67,0,0.67,0,0,0.47,0,0.47,0,0,48,2,131.578947368421,448070.175438596,138947.368421053,309122.807017544,0,0,0,138947.368421053,0,0,0,0,135087.719298246,0,174035.087719298,503070.175438596,152368.421052632,3714210.52631579,0,0,0,0,0,643818.859649123,66767.6592797784,710586.518928901,83040.9356725146,480000,415614.035087719,895614.035087719,10711371.0526316,0,0,10711371.0526316,6293559.78793475,140505.829978763,192560.720350877,333066.55032964,14833.3333333333,0,0,0,0,14833.3333333333,18541666.6666667,0,18541666.6666667,0,0,0,0,305.263157894737,0,0,305.263157894737,0,0,1096.49122807018,0,505.263157894737,1601.75438596491,558.771929824561,302.631578947368,256.140350877193,0,0,0,85.9649122807017,0,644.736842105263,0,0,0,0,0,0,0,60.5263157894737,0,94.7368421052632,310.526315789474,29.8245614035088,0,0,0,0,0,79.8245614035088,0,69.2982456140351,0,0,0,0,0,0,0,0,0,0,0,0,0,0,0,0,0,0,0,11524437.6029612,12248106.8787319,12663720.9138196,16589316.8054786,1228680.58541736,17817997.390896,723669.275770698,44.6666666666667
3,0,0,0,158400,0,0,0,0,154000,0,248000,37,1,266599,6,0.23,0,0.23,0,0,0.23,0,0.23,0,0,0,0,0,0,0,0.23,0,0.23,0,0,0.23,0,0.23,0,0,0,0,0,0,0,38,2,347.826086956522,2436521.73913043,688695.652173913,1747826.08695652,0,0,0,688695.652173913,0,0,0,0,669565.217391304,0,1078260.86956522,1170434.7826087,504347.826086956,8969565.2173913,0,0,0,0,0,359440.579710145,0,359440.579710145,0,923478.260869565,0,923478.260869565,22416043.4782609,0,0,22416043.4782609,13706909.1449275,32480.2508985507,440161.72173913,472641.972637681,24586.9565217391,0,0,0,0,24586.9565217391,35159347.826087,0,35159347.826087,0,0,0,0,1513.04347826087,0,0,1513.04347826087,0,0,5434.78260869565,0,3130.4347826087,8565.21739130435,1143.47826086957,630.434782608696,513.04347826087,0,0,0,200,0,1343.47826086957,0,0,0,0,0,0,0,95.6521739130435,0,208.695652173913,613.04347826087,113.04347826087,0,0,0,0,0,152.173913043478,0,160.869565217391,0,0,0,0,0,0,0,0,0,0,0,0,0,0,0,0,0,0,0,23812163.7117681,21452438.6811594,21452438.6811594,36122952.6231884,1396120.23350725,37519072.8566957,-2359725.0306087,93.5512820512821
3,0,0,0,162000,0,0,110300,0,0,0,248000,37,1,266599,6,0.89,0,0.89,0,0,0.89,0,0.89,0,0,0,0,0,0,0,0.44,0,0.44,0,0,0.44,0,0.44,0,0,0,0,0,0,0,36.125,2,388.636363636364,1182500,368181.818181818,814318.181818182,0,0,0,368181.818181818,0,0,250681.818181818,0,0,0,563636.363636364,1667727.27272727,166818.181818182,3247954.54545454,0,0,0,0,18636.3636363636,720386.363636364,372308.612440191,1092694.97607655,671969.696969697,715909.090909091,0,715909.090909091,9946775,7597384.09090909,0,17544159.0909091,15912284.1275917,470428.910350877,295464.663636364,765893.573987241,14911.3636363636,0,0,0,0,14911.3636363636,20532000,0,20532000,0,0,0,0,1977.27272727273,0,0,1977.27272727273,1931.81818181818,0,0,0,1636.36363636364,3568.18181818182,481.818181818182,243.181818181818,238.636363636364,470.454545454545,281.818181818182,188.636363636364,109.090909090909,0,1061.36363636364,0,0,0,0,0,0,0,181.818181818182,0,215.909090909091,513.636363636364,109.090909090909,0,0,0,0,0,0,0,40.9090909090909,0,0,0,0,0,0,0,0,0,0,0,0,0,0,0,0,0,0,0,11428577.6648963,4619715.87240829,12217099.9633174,25859059.1275917,1481802.66489633,27340861.792488,-6808861.79248803,93.5512820512821
3,0,0,0,187200,0,0,0,0,0,0,0,99,1,252634,6,0.38,0,0.38,0,0,0.38,0,0.38,0,0,0,0,0,0,0,0.38,0,0.38,0,0,0.38,0,0.38,0,0,0,0,0,0,0,29,2,421.052631578947,492631.578947368,492631.578947368,0,0,0,0,492631.578947368,0,0,0,0,0,0,0,431578.947368421,73157.8947368421,0,0,0,0,0,34736.8421052632,171354.385964912,142364.542936288,313718.9289012,47894.7368421053,1066052.63157895,0,1066052.63157895,3851744.73684211,689473.684210526,15789.4736842105,4557007.89473684,2338223.86107107,165162.577433056,69305.0031578947,234467.580590951,13447.3684210526,0,0,0,0,13447.3684210526,15061052.6315789,0,15061052.6315789,0,0,0,0,915.789473684211,0,0,915.789473684211,0,0,0,0,0,0,160.526315789474,100,60.5263157894737,36.8421052631579,36.8421052631579,0,60.5263157894737,0,257.894736842105,0,0,0,13.1578947368421,0,0,0,55.2631578947368,0,0,107.894736842105,18.4210526315789,0,0,0,0,0,15.7894736842105,0,47.3684210526316,0,0,0,0,0,0,0,0,0,0,0,0,0,0,0,0,0,0,0,5165657.17473687,12722828.7705079,13414699.7026777,6203360.82363804,1300520.2121699,7503881.03580794,7557171.59577101,81.4
3,0,0,0,194400,0,0,441000,0,0,0,0,35,2,268798,6,0.66,0,0.66,0,0,0.66,0,0.66,0,0,0,0,0,0,0,0.66,0,0.66,0,0,0.66,0,0.66,0,0,0,0,0,0,0,27,2,151.515151515152,962727.272727273,294545.454545455,668181.818181818,0,0,0,294545.454545455,0,0,668181.818181818,0,0,0,0,500454.545454545,227424.242424242,0,0,0,0,0,0,1025545.45454545,0,1025545.45454545,373484.848484848,2727272.72727273,0,2727272.72727273,9001922.72727273,9766193.93939394,309090.909090909,19077207.5757576,13285467.1243515,139809.210909091,257520.889090909,397330.1,25004.5454545455,0,0,0,0,25004.5454545455,22504090.9090909,0,22504090.9090909,0,0,0,0,263.636363636364,0,0,263.636363636364,2575.75757575758,0,0,0,0,2575.75757575758,396.969696969697,257.575757575758,139.393939393939,657.575757575758,545.454545454545,112.121212121212,122.727272727273,0,1177.27272727273,0,0,0,0,0,0,0,69.6969696969697,0,0,822.727272727273,39.3939393939394,0,0,21.2121212121212,0,39.3939393939394,184.848484848485,0,0,0,0,0,0,0,0,0,0,0,0,0,0,0,0,0,0,0,0,0,12274777.6423152,9218623.7847394,19145656.5454545,22435641.9393939,3124602.82727273,25560244.7666667,-3056153.85757576,34.3333333333333
3,0,0,0,216000,0,63000,600300,0,0,0,0,38,2,251309,6,0.92,0.8,0.12,0,0,0.92,0.8,0.12,0,0,0,0,0,0,0,0.92,0.8,0.12,0,0,0.92,0.8,0.12,0,0,0,0,0,0,0,23,2,1478.26086956522,955760.869565217,303260.869565217,652500,0,0,0,234782.608695652,0,68478.2608695652,652500,0,0,0,0,485760.869565217,285978.260869565,0,0,26086.9565217391,0,0,68478.2608695652,43079.7101449275,596384.439359268,639464.149504195,562500,1604347.82608696,0,1604347.82608696,12746778.2608696,2377173.91304348,109782.608695652,15233734.7826087,5669767.84584504,639156.330587338,211491.92,850648.250587338,12734.7826086957,0,0,0,0,12734.7826086957,15536434.7826087,0,15536434.7826087,0,0,0,0,945.652173913043,0,190.217391304348,1135.86956521739,6467.39130434783,0,0,0,0,6467.39130434783,556.521739130435,350,206.521739130435,144.565217391304,90.2173913043478,54.3478260869565,194.565217391304,0,895.652173913043,0,0,0,0,0,0,0,85.8695652173913,0,21.7391304347826,207.608695652174,60.8695652173913,0,0,40.2173913043478,0,0,331.521739130435,0,147.826086956522,0,0,0,0,0,0,0,0,0,0,0,0,0,0,0,0,0,0,0,15294301.3803334,9866666.93676365,12261096.4157132,18509073.1495042,2454996.07667429,20964069.2261785,-5427634.44356979,42.0476190476191
3,0,0,0,2209000,0,84000,0,0,0,0,893500,37,3,266599,6,1.39,0,1.39,0,0,0,0,0,0,0,1.39,0,1.39,0,0,1.39,0,1.39,0,0,0,0,0,0,0,1.39,0,1.39,0,0,45.7,2,176.978417266187,2292446.04316547,1649640.28776978,642805.755395683,0,0,0,1589208.63309352,0,60431.654676259,0,0,0,0,642805.755395683,639064.748201439,324748.201438849,2323453.23741007,0,3597.12230215827,0,1470503.5971223,0,541152.517985611,282847.406285498,823999.924271109,478597.122302158,0,712158.273381295,712158.273381295,11586632.3741007,441266.18705036,0,12027898.5611511,9776433.45664521,334911.364207497,236613.222733813,571524.58694131,13005.7553956835,0,0,0,0,13005.7553956835,21733086.3309353,0,21733086.3309353,0,0,0,0,2077.69784172662,0,1258.9928057554,3336.69064748201,0,0,0,0,1678.41726618705,1678.41726618705,551.079136690647,277.697841726619,273.381294964029,24.4604316546763,24.4604316546763,0,134.532374100719,0,710.071942446043,0,0,0,0,0,0,0,70.5035971223022,0,56.1151079136691,250.359712230216,78.4172661870504,0,0,7.9136690647482,0,15.8273381294964,16.5467625899281,0,110.791366906475,0,0,0,0,103.597122302158,0,0,0,0,0,0,0,0,0,0,0,0,0,0,12158156.961042,11956652.87429,13110077.3347217,20650907.5573646,1283682.8603226,21934590.4176872,-201504.08675199,44.6666666666667
3,0,0,0,278600,0,0,632100,0,0,0,1434400,37,3,266599,6,1.42,0,1.42,0,0,1.42,0,1.42,0,0,0,0,0,0,0,1.42,0,1.42,0,0,1.42,0,1.42,0,0,0,0,0,0,0,28.6666666666667,2,267.605633802817,1651478.87323944,196197.183098592,1455281.69014085,0,0,0,196197.183098592,0,0,445140.845070423,0,0,0,1010140.84507042,897042.253521127,94718.3098591549,3415774.64788732,0,25352.1126760563,24647.8873239437,0,0,705778.169014085,172521.868050408,878300.037064492,0,228169.014084507,0,228169.014084507,13593572.5352113,5357373.23943662,86619.7183098592,19037565.4929577,12635773.4851021,202008.825436126,311817.586760563,513826.412196689,12343.661971831,0,0,0,0,12343.661971831,14973823.943662,0,14973823.943662,0,0,0,0,1102.81690140845,0,0,1102.81690140845,3591.54929577465,0,0,0,2788.7323943662,6380.28169014085,745.070422535211,376.056338028169,369.014084507042,357.042253521127,191.549295774648,165.492957746479,88.0281690140845,0,1190.14084507042,0,0,0,0.704225352112676,0,0,0,199.295774647887,0,228.169014084507,619.718309859155,50.7042253521127,0,0,0,0,0,78.8732394366197,0,0,0,0,0,0,0,11.9718309859155,0,0,0,0,0,0,0,0,0,0,0,0,0.704225352112676,14397700.5557084,2338050.45855991,7744558.70941438,26291478.6145293,741995.426281196,27033474.0408105,-12059650.0971485,44.6666666666667
3,0,0,0,316800,0,0,0,0,616000,0,396800,37,2,266599,6,0.5,0,0.5,0,0,0.5,0,0.5,0,0,0,0,0,0,0,0.5,0,0.5,0,0,0.5,0,0.5,0,0,0,0,0,0,0,38,2,420,2659200,633600,2025600,0,0,0,633600,0,0,0,0,1232000,0,793600,803200,209200,6934000,0,0,0,0,0,376106,43386,419492,142000,892800,0,892800,14667160,1448920,0,16116080,12882611,95063.97752,331348.832,426412.80952,28034,0,0,0,0,28034,34762160,0,34762160,0,0,0,0,1392,0,0,1392,0,0,10000,0,2304,12304,802,432,370,90,46,44,94,0,986,0,0,0,0,0,0,0,84,0,142,494,92,0,0,0,0,0,106,0,68,0,0,0,0,0,0,0,0,0,0,0,0,0,0,0,0,0,0,0,15986372.80952,21879549,23328469,27549771,1319212.80952,28868983.80952,5893176.19048,68.8181818181818
3,0,0,0,316800,0,0,0,316000,0,0,0,33,1,244300,6,0.47,0,0.47,0,0,0.47,0,0.47,0,0,0,0,0,0,0,0.47,0,0.47,0,0,0.47,0,0.47,0,0,0,0,0,0,0,19,2,359.574468085106,1346382.9787234,674042.553191489,672340.425531915,0,0,0,674042.553191489,0,0,0,672340.425531915,0,0,0,174893.617021277,160000,0,0,0,0,0,55106.3829787234,2307659.57446809,0,2307659.57446809,751950.354609929,2304042.55319149,0,2304042.55319149,17184470.212766,0,0,17184470.212766,5040292.90780142,296405.510638298,234618.579574468,531024.090212766,13459.5744680851,0,0,0,0,13459.5744680851,11709829.787234,0,11709829.787234,0,0,0,0,740.425531914894,0,0,740.425531914894,0,6723.40425531915,0,0,0,6723.40425531915,900,536.170212765957,363.829787234043,0,0,0,117.021276595745,0,1017.02127659574,0,0,0,0,0,0,0,40.4255319148936,0,127.659574468085,602.127659574468,36.1702127659575,0,0,0,0,34.0425531914894,29.7872340425532,0,117.021276595745,0,0,0,0,17.0212765957447,0,0,0,0,0,0,0,0,0,0,0,0,0,12.7659574468085,20019536.8561702,6669536.87943263,6669536.87943263,22224763.1205674,2835066.64340426,25059829.7639716,-13349999.9767376,50.7647058823529
3,0,0,0,342000,0,0,2352000,0,0,0,0,35,3,268798,6,1.17,0,1.11,0.06,0,0,0,0,0,0,1.17,0,1.11,0.06,0,1.17,0,1.11,0.06,0,0,0,0,0,0,1.17,0,1.11,0.06,0,66.75,2,193.162393162393,2302564.1025641,292307.692307692,2010256.41025641,0,0,0,292307.692307692,0,0,2010256.41025641,0,0,0,0,349572.64957265,120085.47008547,0,0,1709.40170940171,1088888.88888889,0,0,317843.304843305,32632.4786324786,350475.783475783,210683.760683761,0,5105982.90598291,5105982.90598291,3288680.34188034,1993641.02564103,52991.4529914529,5335312.82051282,11812401.8953385,94916.1850712251,114056.853333333,208973.038404558,16624.7863247863,0,0,0,0,16624.7863247863,24272188.034188,0,24272188.034188,0,0,0,0,743.589743589744,0,0,743.589743589744,2179.48717948718,0,0,0,0,2179.48717948718,145.299145299145,64.957264957265,80.3418803418803,59.8290598290598,47.8632478632479,11.965811965812,47.8632478632479,33.3333333333333,286.324786324786,0,0,0,0,0,0,0,61.5384615384615,0,63.2478632478633,126.495726495727,6.83760683760684,0,0,0,0,0,0,0,19.6581196581197,0,0,0,0,0,0,0,0,0,0,0,0,0,0,0,0,0,0,8.54700854700855,3530644.92654185,12459786.1388495,20668298.8660969,10028090.8774929,5314955.94438746,15343046.8218803,8929141.2123077,34.3333333333333
3,0,0,0,43200,0,0,102900,0,0,0,70000,36,1,261128,5,0.6,0,0,0.6,0,0.6,0,0,0.6,0,0,0,0,0,0,0.16,0,0,0.16,0,0.16,0,0,0.16,0,0,0,0,0,0,27,2,187.5,1350625,270000,1080625,0,0,0,270000,0,0,643125,0,0,0,437500,1003125,849375,2502500,0,0,0,0,0,859185.416666667,118363.303571429,977548.720238095,564583.333333333,900000,0,900000,16532618.75,5520000,0,22052618.75,13028885.0535714,297634.682025,344202.2225,641836.904525,24712.5,0,0,931.25,2821.6875,27534.1875,29160750,10214508.75,39375258.75,0,0,0,0,543.75,0,0,543.75,5312.5,0,0,0,900,6212.5,443.75,206.25,237.5,350,150,200,443.75,0,1237.5,0,0,0,0,0,0,0,275,0,256.25,387.5,75,0,0,0,0,0,131.25,0,112.5,0,0,0,0,0,0,0,0,0,0,0,0,0,0,0,0,0,0,0,18074455.654525,26346373.6964286,31866373.6964286,29561503.8035714,1541836.904525,31103340.7080964,8271918.04190357,90.8205128205128
3,0,0,0,43200,0,0,84300,0,0,0,55800,36,1,261128,6,0.76,0,0.76,0,0,0.76,0,0.76,0,0,0,0,0,0,0,0.31,0,0.31,0,0,0.31,0,0.31,0,0,0,0,0,0,0,32,2,193.548387096774,591290.322580645,139354.838709677,451935.483870968,0,0,0,139354.838709677,0,0,271935.483870968,0,0,0,180000,649032.258064516,567096.774193548,293548.387096774,0,0,0,0,1138064.51612903,602451.612903226,85527.0967741935,687978.709677419,72580.6451612903,464516.129032258,0,464516.129032258,8545109.67741936,2887096.77419355,135483.870967742,11567690.3225806,7182031.57105814,156705.0336,183603.36,340308.3936,11629.0322580645,0,0,1164.51612903226,3528.48387096774,15157.5161290323,14536290.3225806,10656021.2903226,25192311.6129032,0,0,0,0,280.645161290323,0,0,280.645161290323,2193.54838709677,0,0,0,464.516129032258,2658.06451612903,196.774193548387,90.3225806451613,106.451612903226,196.774193548387,67.741935483871,129.032258064516,258.064516129032,0,651.612903225806,0,0,0,3.2258064516129,0,0,0,148.387096774194,0,80.6451612903226,193.548387096774,67.741935483871,0,0,0,0,0,83.8709677419355,0,74.1935483870968,0,0,0,0,0,0,0,0,0,0,0,0,0,0,0,0,0,0,0,9451202.88705799,18010280.0418451,20931592,15828409.9354839,804824.522632258,16633234.4581161,8559077.15478709,90.8205128205128
3,0,0,0,44700,0,0,0,0,0,0,0,37,1,266599,6,0.43,0,0.43,0,0,0.43,0,0.43,0,0,0,0,0,0,0,0.35,0,0.35,0,0,0.35,0,0.35,0,0,0,0,0,0,0,31.3333333333333,2,225.714285714286,127714.285714286,127714.285714286,0,0,0,0,127714.285714286,0,0,0,0,0,0,0,2603714.28571429,659142.857142857,0,0,0,0,0,108000,1661009.52380952,749621.052631579,2410630.5764411,669285.714285714,1542857.14285714,0,1542857.14285714,11158591.4285714,12723400,0,23881991.4285714,19568486.7192982,961586.028972431,339518.979428571,1301105.008401,23371.4285714286,0,0,0,0,23371.4285714286,33421142.8571429,0,33421142.8571429,0,0,0,0,297.142857142857,0,0,297.142857142857,0,0,0,0,0,0,497.142857142857,268.571428571429,228.571428571429,791.428571428571,400,391.428571428571,148.571428571429,0,1437.14285714286,0,0,0,0,0,0,0,97.1428571428572,0,0,1194.28571428571,22.8571428571429,0,0,0,0,0,34.2857142857143,0,88.5714285714286,0,0,0,0,0,0,0,0,0,0,0,0,0,0,0,0,0,0,0,14002553.5798296,13852656.1378446,26576056.1378446,30727078.1478697,2843962.15125815,33571040.2991278,-149897.441984959,93.5512820512821
3,0,0,0,468000,0,21000,0,0,0,0,0,33,3,244300,5,1.02,0,1.02,0,0,1.02,0,1.02,0,0,0,0,0,0,0,1,0,1,0,0,1,0,1,0,0,0,0,0,0,0,29,2,564,489000,489000,0,0,0,0,468000,0,21000,0,0,0,0,0,698200,288300,0,0,0,826000,0,362300,1113774,149400,1263174,221750,1395000,0,1395000,7704841,1930200,18000,9653041,6326829.96285994,281552.592906667,152728.8284,434281.421306667,0,0,5669,0,22392.55,22392.55,0,70760458,70760458,0,0,0,0,435,0,70,505,0,0,0,0,0,0,201,141,60,109,98,11,205,0,515,0,0,0,0,0,0,0,152,0,0,302,7,0,0,0,0,0,12,0,42,0,0,0,0,0,0,0,0,0,0,0,0,0,0,0,0,0,0,0,9548516.45844673,64433628.0371401,67193434,14046065,1829281.42130667,15875346.4213067,54885111.5786933,23.7777777777778
3,0,0,0,468000,0,258300,0,537200,0,0,0,33,2,244300,5,0.89,0,0.89,0,0,0.22,0,0.22,0,0,0.67,0,0.67,0,0,0.8,0,0.8,0,0,0.13,0,0.13,0,0,0.67,0,0.67,0,0,14.6,2,277.5,1579375,907875,671500,0,0,0,585000,0,322875,0,671500,0,0,0,890125,400500,0,0,0,0,0,1508125,72040.8333333333,336150,408190.833333333,844687.5,393750,2188750,2582500,8813167.5,0,0,8813167.5,8064053.33333333,412426.915420833,166788.277,579215.192420833,213.75,0,5986.25,0,23645.6875,23859.4375,228712.5,74720372.5,74949085,0,0,0,0,543.75,0,1378.75,1922.5,0,6715,0,0,0,6715,455,197.5,257.5,0,0,0,85,0,540,0,0,0,0,0,0,0,156.25,0,0,266.25,92.5,0,0,0,0,0,0,0,25,0,0,0,0,0,0,0,0,0,0,0,0,0,0,0,0,0,0,0,9786132.69242083,66885031.6666667,69073781.6666667,14688470.8333333,3161715.19242083,17850186.0257542,57098898.9742458,23.7777777777778
3,0,0,0,55400,0,0,0,0,115500,0,28500,36,1,261128,6,0.47,0,0.47,0,0,0.47,0,0.47,0,0,0,0,0,0,0,0.13,0,0.13,0,0,0.13,0,0.13,0,0,0,0,0,0,0,21.5,2,738.461538461538,1533846.15384615,426153.846153846,1107692.30769231,0,0,0,426153.846153846,0,0,0,0,888461.538461538,0,219230.769230769,1693846.15384615,1366923.07692308,210000,0,0,0,0,290769.230769231,3012430.76923077,640992.087912088,3653422.85714286,1112820.51282051,692307.692307692,0,692307.692307692,24605684.6153846,18622523.0769231,315384.615384615,43543592.3076923,28881145.377153,1007463.92317656,603123.313846154,1610587.23702271,26407.6923076923,0,0,453.846153846154,1375.15384615385,27782.8461538462,26407692.3076923,4152964.61538461,30560656.9230769,0,0,0,0,938.461538461538,0,0,938.461538461538,0,0,7692.30769230769,0,1107.69230769231,8800,823.076923076923,515.384615384615,307.692307692308,1300,653.846153846154,646.153846153846,523.076923076923,0,2646.15384615385,0,0,0,0,0,0,0,469.230769230769,0,423.076923076923,1107.69230769231,200,0,0,0,0,0,107.692307692308,0,338.461538461538,0,0,0,0,0,0,0,0,0,0,0,0,0,0,0,0,0,0,0,27088097.8452177,1679511.54592388,20437900.9377289,53666348.2930403,2302894.9293304,55969243.2223707,-25408586.2992938,90.8205128205128
3,0,0,0,554400,0,233100,784000,0,0,0,319900,37,2,266599,6,0.56,0,0.56,0,0,0.46,0,0.46,0,0,0.1,0,0.1,0,0,0.5,0,0.5,0,0,0.4,0,0.4,0,0,0.1,0,0.1,0,0,18,2,260,3782800,1575000,2207800,0,0,0,1108800,0,466200,1568000,0,0,0,639800,604600,143400,2350200,0,0,0,628000,88200,1235670.66666667,789373.684210526,2025044.35087719,256400,1080000,309000,1389000,12584848,3803610,8000,16396458,14259710.0771171,292370.622225965,297521.3592,589891.981425965,11018,0,0,1600,4848,15866,14752700,17549760,32302460,0,0,0,0,1392,0,264,1656,13600,0,0,0,1728,15328,766,0,766,204,204,0,90,12,1072,0,0,0,0,0,0,0,60,0,54,622,112,0,0,4,0,0,36,0,58,0,0,0,0,120,0,0,0,0,0,0,0,0,0,0,0,0,0,6,14260883.2551861,18042749.9228829,22157216.6491228,26541701.3508772,1978891.98142596,28520593.3323032,3781866.66769684,68.8181818181818
3,0,0,0,561600,0,0,0,530900,0,0,186000,33,1,244300,5,0.43,0.36,0.07,0,0,0.36,0.36,0,0,0,0.07,0,0.07,0,0,0.13,0.06,0.07,0,0,0.06,0.06,0,0,0,0.07,0,0.07,0,0,16.6666666666667,2,1346.15384615385,9834615.38461538,4320000,5514615.38461538,0,0,0,4320000,0,0,0,4083846.15384615,0,0,1430769.23076923,4136923.07692308,1068461.53846154,0,0,0,0,0,1230769.23076923,1221866.66666667,531200,1753066.66666667,758333.333333333,553846.153846154,333076.923076923,886923.076923077,21193246.1538462,0,0,21193246.1538462,19359546.1538462,810433.092205128,464553.790769231,1274986.88297436,0,0,5838.46153846154,0,23061.9230769231,23061.9230769231,0,72875676.9230769,72875676.9230769,0,0,0,0,4015.38461538462,0,0,4015.38461538462,0,19446.1538461538,0,0,3323.07692307692,22769.2307692308,953.846153846154,523.076923076923,430.769230769231,0,0,0,276.923076923077,0,1230.76923076923,0,0,0,0,0,0,0,269.230769230769,0,0,546.153846153846,100,0,0,0,0,0,138.461538461538,0,138.461538461538,0,0,0,0,0,0,0,0,0,0,0,0,0,0,0,0,0,0,38.4615384615385,23022079.1906667,53516130.7692308,53849207.6923077,40219715.3846154,2161909.95989744,42381625.3445128,30494051.5785641,50.7647058823529
3,0,0,0,57600,0,1575000,196000,0,0,0,0,35,1,268798,5,0.4,0,0,0.4,0,0.4,0,0,0.4,0,0,0,0,0,0,0.4,0,0,0.4,0,0.4,0,0,0.4,0,0,0,0,0,0,49,2,150,4571500,4081500,490000,0,0,0,144000,0,3937500,490000,0,0,0,0,0,98750,0,0,2500,0,0,0,515958.333333333,93375,609333.333333333,1027083.33333333,270000,0,270000,6059500,1527500,50000,7637000,8115531.22788981,266685.25,152640.9,419326.15,3835,0,2207.5,0,8719.625,12554.625,5599100,34529715,40128815,0,0,0,0,175,0,26250,26425,4250,0,0,0,0,4250,345,225,120,122.5,122.5,0,17.5,0,485,0,0,0,0,0,0,0,35,0,0,367.5,65,0,0,0,0,0,0,0,17.5,0,0,0,0,0,0,0,0,0,0,0,0,0,0,0,0,0,0,0,6788759.58877686,32013283.7721102,33550850.3333333,14214964.6666667,689326.15,14904290.8166667,25224524.1833333,73.6666666666667
3,0,0,0,583200,0,420000,0,0,1039500,0,4262500,36,3,261128,6,1.52,0,1.52,0,0,1.52,0,1.52,0,0,0,0,0,0,0,1.52,0,1.52,0,0,1.52,0,1.52,0,0,0,0,0,0,0,25.1428571428571,2,500.657894736842,4148157.89473684,660000,3488157.89473684,0,0,0,383684.210526316,0,276315.789473684,0,0,683881.578947368,0,2804276.31578947,800986.842105263,590460.526315789,838157.894736842,0,0,0,0,0,1699679.8245614,341282.894736842,2040962.71929825,0,215855.263157895,0,215855.263157895,4237210.52631579,1623434.21052632,0,5860644.73684211,10303288.0877193,205257.300614035,151756.257894737,357013.558508772,23150.6578947368,0,0,0,0,23150.6578947368,21407789.4736842,0,21407789.4736842,0,0,0,0,343.421052631579,0,4605.26315789474,4948.68421052632,0,0,18503.2894736842,0,5210.52631578947,23713.8157894737,161.184210526316,85.5263157894737,75.6578947368421,106.578947368421,54.6052631578947,51.9736842105263,84.2105263157895,0,351.973684210526,0,0,0,0.657894736842105,0,0,0,59.2105263157895,0,5.26315789473684,107.236842105263,92.1052631578947,0,0,9.86842105263158,0,0,46.0526315789474,0,25,0,0,0,4.60526315789474,1.97368421052632,0,0,0,0,0,0,0,0,0,0,0,0,0,0,4810079.34798246,11104501.3859649,12727935.5964912,14540498.6140351,572868.821666667,15113367.4357018,6294422.03798246,42
3,0,0,0,590400,0,0,0,0,0,0,0,37,2,266599,6,0.84,0,0.51,0.33,0,0.84,0,0.51,0.33,0,0,0,0,0,0,0.84,0,0.51,0.33,0,0.84,0,0.51,0.33,0,0,0,0,0,0,28,2,261.904761904762,702857.142857143,702857.142857143,0,0,0,0,702857.142857143,0,0,0,0,0,0,0,1789285.71428571,701071.428571429,0,0,0,0,0,150000,459166.666666667,78007.5187969925,537174.185463659,416666.666666667,1339285.71428571,0,1339285.71428571,5471169.04761905,9450000,0,14921169.047619,14013654.1378446,163497.554511278,226478.353333333,389975.907844611,24254.7619047619,0,0,0,0,24254.7619047619,21829285.7142857,0,21829285.7142857,0,0,0,0,1242.85714285714,0,0,1242.85714285714,0,0,0,0,0,0,147.619047619048,135.714285714286,11.9047619047619,503.571428571428,503.571428571428,0,135.714285714286,0,786.904761904762,0,0,0,0,0,0,0,67.8571428571428,0,0,419.047619047619,35.7142857142857,0,0,0,0,0,0,28.5714285714286,64.2857142857143,0,0,0,171.428571428571,0,0,0,0,0,0,0,0,0,0,0,0,0,0,0,7200430.66974937,7815631.5764411,17265631.5764411,19484823.1854637,1729261.62213033,21214084.807594,615200.906691726,68.8181818181818
3,0,0,0,696200,0,21000,0,0,154000,0,479900,37,2,266599,6,0.8,0,0.8,0,0,0.57,0,0.57,0,0,0.23,0,0.23,0,0,0.52,0,0.52,0,0,0.35,0,0.35,0,0,0.17,0,0.17,0,0,27.0909090909091,2,263.461538461538,2598269.23076923,1379230.76923077,1219038.46153846,0,0,0,1338846.15384615,0,40384.6153846154,0,0,296153.846153846,0,922884.615384615,1673076.92307692,245576.923076923,5653269.23076923,177115.384615385,0,0,1526923.07692308,151538.461538462,1150184.61538462,189018.218623482,1339202.8340081,395032.051282051,520961.538461538,416153.846153846,937115.384615385,39789100,0,0,39789100,14442756.9622132,180116.087295547,642504.378461538,822620.465757085,19886.5384615385,0,0,0,0,19886.5384615385,27443423.0769231,0,27443423.0769231,0,0,0,0,1573.07692307692,0,67.3076923076923,1640.38461538462,0,0,12019.2307692308,0,2492.30769230769,14511.5384615385,2282.69230769231,1171.15384615385,1111.53846153846,0,0,0,150,0,2432.69230769231,0,0,0,0,0,0,0,200,0,369.230769230769,815.384615384615,55.7692307692308,0,0,21.1538461538462,0,0,0,0,128.846153846154,0,0,0,0,842.307692307692,0,0,0,0,0,0,0,0,0,0,0,0,0,0,41132682.0042186,13000666.1147099,13416819.9608637,53815703.1160594,1759735.85037247,55575438.9664318,-28132015.8895088,68.8181818181818
3,0,0,0,71200,0,0,0,0,0,0,0,37,1,266599,6,0.24,0,0.24,0,0,0.24,0,0.24,0,0,0,0,0,0,0,0.24,0,0.24,0,0,0.24,0,0.24,0,0,0,0,0,0,0,42.3333333333333,2,395.833333333333,296666.666666667,296666.666666667,0,0,0,0,296666.666666667,0,0,0,0,0,0,0,791666.666666667,290000,613333.333333333,0,0,0,0,78750,206222.222222222,150164.47368421,356386.695906433,342361.111111111,1312500,0,1312500,5582108.33333333,3746166.66666667,0,9328275,6781930.14035088,209331.983216374,141343.776666667,350675.759883041,14937.5,0,0,0,0,14937.5,21360625,0,21360625,0,0,0,0,433.333333333333,0,0,433.333333333333,0,0,0,0,0,0,216.666666666667,116.666666666667,100,233.333333333333,116.666666666667,116.666666666667,100,0,550,0,0,0,0,0,0,0,95.8333333333333,0,0,345.833333333333,25,0,0,0,0,0,25,0,58.3333333333333,0,0,0,0,0,0,0,0,0,0,0,0,0,0,0,0,0,0,0,7245284.09321637,14578694.8596491,18324861.5263158,12364038.4736842,1663175.75988304,14027214.2335673,7333410.76643275,93.5512820512821
3,0,0,0,720000,0,0,343000,0,0,0,0,38,1,251309,6,0.47,0.47,0,0,0,0.47,0.47,0,0,0,0,0,0,0,0,0.47,0.47,0,0,0,0.47,0.47,0,0,0,0,0,0,0,0,29.6666666666667,1,851.063829787234,2261702.12765957,1531914.89361702,729787.234042553,0,0,0,1531914.89361702,0,0,729787.234042553,0,0,0,0,975744.680851064,462978.723404255,0,0,34042.5531914894,0,0,134042.553191489,809531.914893617,211914.893617021,1021446.80851064,0,1991489.36170213,0,1991489.36170213,19046734.0425532,1410638.29787234,63829.7872340426,20521202.1276596,6556306.12824659,264985.994893617,302432.438297872,567418.433191489,27117.0212765957,0,0,0,0,27117.0212765957,16812553.1914894,0,16812553.1914894,0,0,0,0,1480.85106382979,0,0,1480.85106382979,7234.04255319149,0,0,0,0,7234.04255319149,723.404255319149,380.851063829787,342.553191489362,95.7446808510638,51.063829787234,44.6808510638298,363.829787234043,0,1182.97872340426,0,0,0,0,0,0,0,138.297872340426,0,142.553191489362,353.191489361702,114.893617021277,0,0,0,0,0,131.914893617021,0,289.36170212766,0,0,0,0,0,12.7659574468085,0,0,0,0,0,0,0,0,0,0,0,0,0,21665070.2411151,10256247.0632428,11671286.7446809,25662468.5744681,2558907.79489362,28221376.3693617,-11408823.1778723,114.677419354839
3,0,0,0,79200,0,0,0,0,154000,0,0,37,1,266599,6,0.1,0,0.1,0,0,0.1,0,0.1,0,0,0,0,0,0,0,0.1,0,0.1,0,0,0.1,0,0.1,0,0,0,0,0,0,0,38,2,1000,2332000,792000,1540000,0,0,0,792000,0,0,0,0,1540000,0,0,1571000,906000,0,0,0,0,0,0,342983.333333333,162882.857142857,505866.19047619,0,936000,0,936000,17950490,15198170,0,33148660,20779635.1904762,174913.007657143,470674.984,645587.991657143,24460,0,0,0,0,24460,13208400,0,13208400,0,0,0,0,1740,0,0,1740,0,0,12500,0,0,12500,880,0,880,850,850,0,270,0,2000,0,0,0,0,0,0,0,190,0,0,1380,180,0,0,0,0,0,0,0,250,0,0,0,0,0,0,0,0,0,0,0,0,0,0,0,0,0,0,0,19532077.9916571,-7571235.19047619,7626934.80952381,38730125.1904762,1581587.99165714,40311713.1821333,-27103313.1821333,93.5512820512821
3,0,0,0,843800,0,0,181300,0,0,0,0,38,1,251309,6,0.4,0,0.4,0,0,0.4,0,0.4,0,0,0,0,0,0,0,0.4,0,0.4,0,0,0.4,0,0.4,0,0,0,0,0,0,0,18.6666666666667,2,987.5,2562750,2109500,453250,0,0,0,2109500,0,0,453250,0,0,0,0,519250,151000,1793250,0,0,0,0,55250,822875,67437.5,890312.5,0,1350000,0,1350000,24936925,5548900,0,30485825,11772021.5,145489.716666667,441034.83,586524.546666667,27367.5,0,0,162.5,492.375,27859.875,30328125,1486972.5,31815097.5,0,0,0,0,3480,0,0,3480,4250,0,0,0,0,4250,1492.5,777.5,715,345,175,170,47.5,0,1885,0,0,0,0,0,0,0,87.5,0,82.5,1602.5,55,0,0,0,0,0,15,0,42.5,0,0,0,0,0,0,0,0,0,0,0,0,0,0,0,0,0,0,0,26873449.5466667,20043076,25591976,36708946.5,1936524.54666667,38645471.0466667,-6830373.54666667,114.677419354839
3,0,0,0,925900,0,0,940800,0,0,0,0,38,3,251309,6,2.27,0,0,0,2.27,2.27,0,0,0,2.27,0,0,0,0,0,1.6,0,0,0,1.6,1.6,0,0,0,1.6,0,0,0,0,0,27,2,350,1166687.5,578687.5,588000,0,0,0,578687.5,0,0,588000,0,0,0,0,172750,121312.5,1283937.5,0,31250,0,0,39375,227347.916666667,570952.631578947,798300.548245614,0,1687500,0,1687500,9697845,412891.875,0,10110736.875,4277813.92324561,528393.036938596,160283.01225,688676.049188596,12779.375,0,0,63.75,193.1625,12972.5375,14485468.75,699248.25,15184717,0,0,0,0,870,0,0,870,8500,0,0,0,0,8500,526.25,263.125,263.125,25,24.375,0.625,64.375,0,615.625,0,0,0,0,0,0,0,35,0,45,381.875,55.625,0,0,13.125,0,0,40,0,45,0,0,0,0,0,0,0,0,0,0,0,0,0,0,0,0,0,0,0,12074021.0491886,10906903.0767544,11319794.9517544,13975658.9232456,2376176.0491886,16351834.9724342,-1167117.97243421,53.6
3,0,0,0,93600,0,0,517400,0,0,0,0,33,2,244300,5,1.45,0,0,1.39,0.06,1.45,0,0,1.39,0.06,0,0,0,0,0,0.68,0,0,0.66,0.02,0.68,0,0,0.66,0.02,0,0,0,0,0,14.2,2,183.823529411765,898529.411764706,137647.058823529,760882.352941176,0,0,0,137647.058823529,0,0,760882.352941176,0,0,0,0,362352.941176471,124411.764705882,0,0,0,0,0,180735.294117647,578009.803921569,18308.8235294118,596318.62745098,217401.960784314,1389705.88235294,0,1389705.88235294,3587660.29411765,1479411.76470588,30882.3529411765,5097954.41176471,4112478.35569425,127231.572205882,82633.3994117647,209864.971617647,0,0,5605.88235294118,0,22143.2352941176,22143.2352941176,0,69972623.5294118,69972623.5294118,0,0,0,0,127.941176470588,0,0,127.941176470588,6000,0,0,0,0,6000,182.352941176471,79.4117647058823,102.941176470588,77.9411764705882,41.1764705882353,36.7647058823529,35.2941176470588,0,295.588235294118,0,0,0,0,0,0,0,64.7058823529412,0,0,205.882352941176,22.0588235294118,0,0,0,0,0,0,0,2.94117647058824,0,0,0,0,0,0,0,0,0,0,0,0,0,0,0,0,0,0,0,5209096.91004105,65860145.1737175,67348573.5294118,7722004.41176471,1599570.85397059,9321575.26573529,60651048.2636765,23.7777777777778
3,0,120000,0,0,0,41000,172500,158000,0,0,0,33,3,244300,5,2.3,0.2,1.14,0.96,0,2.3,0.2,1.14,0.96,0,0,0,0,0,0,1.35,0.18,0.9,0.27,0,1.35,0.18,0.9,0.27,0,0,0,0,0,0,19.2,2,230.37037037037,364074.074074074,119259.259259259,244814.814814815,0,88888.8888888889,0,0,0,30370.3703703704,127777.777777778,117037.037037037,0,0,0,208666.666666667,159259.259259259,471851.851851852,35703.7037037037,22222.2222222222,0,0,129259.259259259,94482.7160493827,9837.03703703704,104319.75308642,164259.259259259,1266666.66666667,0,1266666.66666667,5754099.25925926,1551851.85185185,0,7305951.11111111,3455767.90123457,39487.2580740741,107842.653037037,147329.911111111,4694.07407407407,0,4582.96296296296,0,18102.7037037037,22796.7777777778,3332792.59259259,57204543.7037037,60537336.2962963,0,0,177.777777777778,0,0,0,38888.8888888889,39066.6666666667,100.740740740741,117.037037037037,0,0,0,217.777777777778,287.407407407407,197.037037037037,90.3703703703704,139.259259259259,139.259259259259,0,46.6666666666667,0,473.333333333333,0,0,0,0,0,0,0,54.8148148148148,0,0,342.222222222222,19.2592592592593,0,0,0,0,0,17.7777777777778,0,31.1111111111111,0,0,0,0,0,8.14814814814815,0,0,0,0,0,0,0,0,0,0,0,0,0,7168095.83703704,57081568.3950617,58633420.2469136,9209867.16049383,1413996.57777778,10623863.7382716,49913472.5580247,23.7777777777778
3,21600,0,0,0,0,0,132300,0,0,0,0,36,2,261128,6,0.77,0.23,0.54,0,0,0.27,0.23,0.04,0,0,0.5,0,0.5,0,0,0.77,0.23,0.54,0,0,0.27,0.23,0.04,0,0,0.5,0,0.5,0,0,24.3333333333333,2,340.25974025974,199870.12987013,28051.9480519481,171818.181818182,28051.9480519481,0,0,0,0,0,171818.181818182,0,0,0,0,340779.220779221,260519.480519481,0,0,0,0,0,613636.363636364,0,335971.291866029,335971.291866029,0,109350.649350649,226363.636363636,335714.285714286,4951506.49350649,0,0,4951506.49350649,2238268.12303486,190035.132057416,78942.2649350649,268977.396992481,17272.7272727273,0,0,0,0,17272.7272727273,21072727.2727273,0,21072727.2727273,0,23.3766233766234,0,0,0,0,0,23.3766233766234,2207.79220779221,0,0,0,0,2207.79220779221,211.688311688312,123.376623376623,88.3116883116883,0,0,0,70.1298701298701,0,281.818181818182,0,0,0,0,0,0,0,27.2727272727273,0,0,183.116883116883,7.79220779220779,0,0,3.8961038961039,0,6.49350649350649,19.4805194805195,0,23.3766233766234,0,0,0,10.3896103896104,0,0,0,0,0,0,0,0,0,0,0,0,0,0,0,5329834.53984962,18834459.1496924,19060822.786056,6963410.98017772,604691.682706767,7568102.66288448,13504624.6098428,55.2666666666667
3,270000,0,0,93600,0,191100,0,0,762300,0,0,36,2,261128,6,0.76,0,0.76,0,0,0.73,0,0.73,0,0,0.03,0,0.03,0,0,0.76,0,0.76,0,0,0.73,0,0.73,0,0,0.03,0,0.03,0,0,28.3333333333333,2,594.736842105263,1732894.7368421,729868.421052631,1003026.31578947,355263.157894737,0,0,123157.894736842,0,251447.368421053,0,0,1003026.31578947,0,0,1450921.05263158,193947.368421053,0,0,0,53947.3684210526,0,825263.157894737,2291508.77192982,46673.1301939058,2338181.90212373,194517.543859649,2557894.7368421,108421.052631579,2666315.78947368,9624613.15789474,102768.421052632,0,9727381.57894737,7261990.60387812,279365.417294552,173406.005263158,452771.42255771,14050,0,0,0,0,14050,17141000,0,17141000,0,236.842105263158,0,0,1144.73684210526,0,3223.68421052632,4605.26315789474,0,0,10855.2631578947,0,0,10855.2631578947,446.052631578947,230.263157894737,215.78947368421,6.57894736842105,5.26315789473684,1.31578947368421,119.736842105263,0,572.368421052631,0,0,0,0,0,0,0,26.3157894736842,0,0,336.842105263158,11.8421052631579,0,0,0,0,15.7894736842105,90.7894736842105,0,27.6315789473684,0,0,0,22.3684210526316,0,0,0,0,0,0,0,0,0,0,0,0,0,0,40.7894736842105,12635279.3172946,9879009.39612188,10144146.2382271,16778182.7091413,3119087.21203139,19897269.9211727,-2756269.92117267,55.2666666666667
3,576000,0,0,0,0,0,514500,0,0,0,2914000,38,2,251309,6,0.59,0.59,0,0,0,0.59,0.59,0,0,0,0,0,0,0,0,0.59,0.59,0,0,0,0.59,0.59,0,0,0,0,0,0,0,0,23,2,1525.42372881356,6787288.13559322,976271.186440678,5811016.94915254,976271.186440678,0,0,0,0,0,872033.898305085,0,0,0,4938983.05084746,1273050.84745763,714237.288135593,0,0,17796.6101694915,0,0,160169.491525424,58983.0508474576,419812.667261374,478795.718108831,877118.644067797,1952542.37288136,0,1952542.37288136,17615250.8474576,3834061.01694915,193220.338983051,21642532.2033898,14428364.8562624,535724.069223907,379378.924745763,915102.99396967,26652.5423728814,0,0,0,0,26652.5423728814,32516101.6949153,0,32516101.6949153,0,1220.33898305085,0,0,0,0,0,1220.33898305085,8644.06779661017,0,0,0,12203.3898305085,20847.4576271186,608.474576271186,396.610169491525,211.864406779661,267.796610169492,164.406779661017,103.389830508475,366.101694915254,0,1242.37288135593,0,0,0,0,0,0,0,159.322033898305,0,142.372881355932,372.881355932203,5.08474576271187,0,0,13.5593220338983,0,0,228.813559322034,0,313.559322033898,0,0,0,0,0,6.77966101694915,0,0,0,0,0,0,0,0,0,0,0,0,0,20641578.4490364,18087736.8386529,21956335.9598573,32202297.9384478,2867645.36685103,35069943.3052988,-2553841.61038359,42.0476190476191
3,73800,0,0,0,0,0,0,0,0,0,216100,38,2,251309,5,0.93,0.1,0.36,0.47,0,0.93,0.1,0.36,0.47,0,0,0,0,0,0,0.83,0.1,0.36,0.37,0,0.83,0.1,0.36,0.37,0,0,0,0,0,0,28.2857142857143,2,421.686746987952,349277.108433735,88915.6626506024,260361.445783133,88915.6626506024,0,0,0,0,0,0,0,0,0,260361.445783133,414337.34939759,593493.975903614,1807951.80722892,113493.975903614,12048.1927710843,0,0,587831.325301205,812116.465863454,202500,1014616.46586345,519638.554216867,1127710.84337349,0,1127710.84337349,14977298.7951807,1836144.57831325,53012.0481927711,16866455.4216867,7505931.61651062,357688.901044177,257236.625542169,614925.526586345,26344.578313253,0,0,0,0,26344.578313253,33721060.2409639,0,33721060.2409639,0,146.987951807229,0,0,0,0,0,146.987951807229,0,0,0,0,710.843373493976,710.843373493976,743.373493975904,453.012048192771,290.361445783133,127.710843373494,67.4698795180723,60.2409638554217,133.734939759036,0,1004.81927710843,0,0,0,0,0,0,0,31.3253012048193,0,86.7469879518072,639.759036144578,15.6626506024096,0,0,0,0,0,126.506024096386,0,51.8072289156626,0,0,0,0,0,53.0120481927711,0,0,0,0,0,0,0,0,0,0,0,0,0,16767157.930156,26215128.6244532,28057062.4859438,22530453.1767068,1742636.36995984,24273089.5466667,9447970.69429719,42.0476190476191
4,0,0,0,0,0,0,0,0,0,0,0,33,1,244300,6,0.49,0,0,0.49,0,0.49,0,0,0.49,0,0,0,0,0,0,0.49,0,0,0.49,0,0.49,0,0,0.49,0,0,0,0,0,0,28.5,2,448.979591836735,0,0,0,0,0,0,0,0,0,0,0,0,0,0,42244.8979591837,0,0,0,0,0,0,60612.2448979592,464591.836734694,237142.857142857,701734.693877551,503401.360544218,119387.755102041,0,119387.755102041,5760467.34693878,0,0,5760467.34693878,1552293.19727891,359323.066666667,72705.2236734694,432028.290340136,12316.3265306122,0,0,0,0,12316.3265306122,10715204.0816327,0,10715204.0816327,0,0,0,0,0,0,0,0,0,0,0,0,0,0,351.020408163265,251.020408163265,100,0,0,0,0,0,351.020408163265,0,0,0,0,0,0,0,10.2040816326531,0,0,181.632653061224,0,0,0,0,0,81.6326530612245,40.8163265306122,0,0,0,12.2448979591837,0,0,0,0,0,0,0,0,0,0,0,0,0,0,0,0,24.4897959183673,6311883.39238095,9162910.88435374,9162910.88435374,7312760.54421769,551416.045442177,7864176.58965986,2851027.49197279,50.7647058823529
4,0,0,0,0,0,0,0,0,0,0,0,35,1,268798,6,0.31,0,0.22,0,0.09,0.31,0,0.22,0,0.09,0,0,0,0,0,0.2,0,0.19,0,0.01,0.2,0,0.19,0,0.01,0,0,0,0,0,18.4,2,370,0,0,0,0,0,0,0,0,0,0,0,0,0,0,379000,79500,18000,0,0,0,0,0,321900,45650,367550,0,2925000,0,2925000,5371295,0,0,5371295,1112848,91489.556,72512.658,164002.214,12575,0,0,0,0,12575,18359500,0,18359500,0,0,0,0,0,0,0,0,0,0,0,0,0,0,280,155,125,0,0,0,40,0,320,0,0,0,0,0,0,0,95,0,40,135,0,0,0,0,0,0,0,15,35,0,0,0,0,0,0,0,0,0,0,0,0,0,0,0,0,0,0,0,8460297.214,17246652,17246652,6484143,3089002.214,9573145.214,8786354.786,73.6666666666667
4,0,0,0,0,0,0,0,0,0,0,0,36,1,261128,5,0.14,0,0.14,0,0,0.14,0,0.14,0,0,0,0,0,0,0,0.14,0,0.14,0,0,0.14,0,0.14,0,0,0,0,0,0,0,28,2,428.571428571429,0,0,0,0,0,0,0,0,0,0,0,0,0,0,354285.714285714,119285.714285714,0,0,32142.8571428571,0,0,0,653190.476190476,145406.015037594,798596.49122807,0,1234285.71428571,0,1234285.71428571,3832600,1876928.57142857,0,5709528.57142857,3442367.34837093,224475.033884712,77069.0114285714,301544.045313283,3278.57142857143,0,5900,0,23305,26583.5714285714,3868714.28571429,57563350,61432064.2857143,0,0,0,0,0,0,0,0,0,0,0,0,0,0,207.142857142857,7.14285714285714,200,121.428571428571,50,71.4285714285714,50,0,378.571428571429,0,0,0,7.14285714285714,0,0,0,50,0,7.14285714285714,192.857142857143,0,0,0,0,0,21.4285714285714,78.5714285714286,0,21.4285714285714,0,0,0,0,0,0,0,0,0,0,0,0,0,0,0,0,0,0,0,5368429.759599,57989696.9373434,59866625.5087719,7274967.34837093,1535829.759599,8810797.10796992,52621267.1777444,90.8205128205128
4,0,0,0,0,0,0,0,0,0,0,0,36,1,261128,6,0.12,0,0,0.12,0,0.12,0,0,0.12,0,0,0,0,0,0,0.12,0,0,0.12,0,0.12,0,0,0.12,0,0,0,0,0,0,12,2,608.333333333333,0,0,0,0,0,0,0,0,0,0,0,0,0,0,445000,445833.333333333,0,0,108333.333333333,0,0,0,1796388.88888889,166728.070175439,1963116.95906433,615972.222222222,112500,0,112500,12353366.6666667,0,0,12353366.6666667,3839383.84795322,540625.491637427,165571.413333333,706196.90497076,11733.3333333333,0,0,325,984.75,12718.0833333333,13845333.3333333,3013335,16858668.3333333,0,0,0,0,0,0,0,0,0,0,0,0,0,0,366.666666666667,250,116.666666666667,0,0,0,291.666666666667,0,658.333333333333,0,91.6666666666667,0,0,0,0,0,91.6666666666667,0,16.6666666666667,225,0,0,0,0,0,133.333333333333,0,0,91.6666666666667,0,0,0,0,8.33333333333333,0,0,0,0,0,0,0,0,0,0,0,0,0,0,13172063.5716374,13019284.4853801,13019284.4853801,16192750.5146199,818696.90497076,17011447.4195906,-152779.086257312,90.8205128205128
4,0,0,0,0,0,0,0,0,0,0,0,36,1,261128,6,0.19,0,0.19,0,0,0.19,0,0.19,0,0,0,0,0,0,0,0.19,0,0.19,0,0,0.19,0,0.19,0,0,0,0,0,0,0,29,2,326.315789473684,0,0,0,0,0,0,0,0,0,0,0,0,0,0,514736.842105263,308421.052631579,0,0,47368.4210526316,0,0,994736.842105263,635964.912280702,315905.817174515,951870.729455217,0,127894.736842105,0,127894.736842105,7705636.84210526,1991073.68421053,0,9696710.52631579,5069335.57156048,274963.605355494,143368.473684211,418332.079039705,15263.1578947368,0,0,0,0,15263.1578947368,18621052.6315789,0,18621052.6315789,0,0,0,0,0,0,0,0,0,0,0,0,0,0,368.421052631579,0,368.421052631579,121.052631578947,121.052631578947,0,121.052631578947,0,610.526315789474,0,0,0,0,0,0,0,73.6842105263158,0,0,326.315789473684,0,0,0,0,0,15.7894736842105,142.105263157895,0,47.3684210526316,0,0,0,5.26315789473684,0,0,0,0,0,0,0,0,0,0,0,0,0,0,0,8251863.65798707,13551717.0600185,15542790.744229,12774972.4136657,546226.81588181,13321199.2295476,5299853.4020314,90.8205128205128
4,0,0,0,0,0,0,0,0,0,0,0,36,1,261128,6,0.2,0,0.2,0,0,0.2,0,0.2,0,0,0,0,0,0,0,0.1,0,0.1,0,0,0.1,0,0.1,0,0,0,0,0,0,0,32,2,1000,0,0,0,0,0,0,0,0,0,0,0,0,0,0,410000,468000,4368000,0,0,0,0,26000,680050,60065.7894736842,740115.789473684,0,2700000,0,2700000,28438600,0,0,28438600,6273243.78947368,109415.244652632,418011.44,527426.684652632,27720,0,0,0,0,27720,15800400,0,15800400,0,0,0,0,0,0,0,0,0,0,0,0,0,0,1570,890,680,0,0,0,170,0,1740,0,0,0,0,0,0,0,160,0,80,890,0,0,0,0,0,50,380,0,90,0,0,0,90,0,0,0,0,0,0,0,0,0,0,0,0,0,0,0,31666026.6846526,9527156.21052632,9527156.21052632,34711843.7894737,3227426.68465263,37939270.4741263,-22138870.4741263,90.8205128205128
4,0,0,0,0,0,0,0,0,0,0,0,36,1,261128,6,0.24,0,0.24,0,0,0.24,0,0.24,0,0,0,0,0,0,0,0.24,0,0.24,0,0,0.24,0,0.24,0,0,0,0,0,0,0,38,2,375,0,0,0,0,0,0,0,0,0,0,0,0,0,0,196250,102916.666666667,0,0,0,0,0,502916.666666667,1478194.44444444,74308.6622807018,1552503.10672515,0,2512500,0,2512500,5261700,0,0,5261700,2615714.44005848,180242.883040936,75190.9133333333,255433.796374269,8595.83333333333,0,879.166666666667,341.666666666667,4507.95833333333,13103.7916666667,9369458.33333333,5043127.5,14412585.8333333,0,0,0,0,0,0,0,0,0,0,0,0,0,0,183.333333333333,133.333333333333,50,0,0,0,112.5,0,295.833333333333,0,0,0,0,0,0,0,33.3333333333333,0,0,8.33333333333333,0,0,0,0,0,66.6666666666667,145.833333333333,0,41.6666666666667,0,0,0,0,0,0,0,0,0,0,0,0,0,0,0,0,0,0,0,8029633.79637427,11796871.3932749,11796871.3932749,7877414.44005848,2767933.79637427,10645348.2364327,3767237.59690059,90.8205128205128
4,0,0,0,0,0,0,0,0,0,0,0,36,1,261128,6,0.38,0,0.36,0,0.02,0.17,0,0.15,0,0.02,0.21,0,0.21,0,0,0.38,0,0.36,0,0.02,0.17,0,0.15,0,0.02,0.21,0,0.21,0,0,24.8,2,321.052631578947,0,0,0,0,0,0,0,0,0,0,0,0,0,0,498684.210526316,251052.631578947,3185000,0,0,0,0,588947.368421053,7084165.78947368,69319.9445983379,7153485.73407202,918859.649122807,1260000,1734736.84210526,2994736.84210526,6363360.52631579,5621052.63157895,0,11984413.1578947,20212947.0674054,-38409.7565946445,204700.407368421,166290.650773777,28994.7368421053,0,0,0,0,28994.7368421053,17976736.8421053,0,17976736.8421053,0,0,0,0,0,0,0,0,0,0,0,0,0,0,78.9473684210526,78.9473684210526,0,386.842105263158,192.105263157895,194.736842105263,231.578947368421,0,697.368421052631,0,0,0,0,0,0,0,36.8421052631579,0,0,352.631578947368,0,0,0,0,0,0,192.105263157895,0,65.7894736842105,0,0,0,21.0526315789474,0,28.9473684210526,0,0,0,0,0,0,0,0,0,0,0,0,0,7789651.17708956,-2236210.22530009,5119579.24838412,24841570.7516159,3161027.49287904,28002598.2444949,-10025861.4023897,90.8205128205128
4,0,0,0,0,0,0,0,0,0,0,0,36,2,261128,6,0.6,0.6,0,0,0,0.6,0.6,0,0,0,0,0,0,0,0,0.6,0.6,0,0,0,0.6,0.6,0,0,0,0,0,0,0,0,15.4,2,473.333333333333,0,0,0,0,0,0,0,0,0,0,0,0,0,0,521666.666666667,125333.333333333,985833.333333333,0,0,705000,0,56666.6666666667,2560732.22222222,233637.719298246,2794369.94152047,925000,2640000,0,2640000,4229713.33333333,4166630,0,8396343.33333333,10541627.9415205,551573.963663158,133806.457333333,685380.420996491,1675,0,6410,711.666666666667,27475.85,29150.85,3199250,14194281,17393531,0,0,0,0,0,0,0,0,0,0,0,0,0,0,216.666666666667,156.666666666667,60,260,148.333333333333,111.666666666667,33.3333333333333,0,510,0,0,0,0,0,0,0,25,0,0,326.666666666667,0,0,0,0,0,30,88.3333333333333,0,8.33333333333333,0,0,0,31.6666666666667,0,0,0,0,0,0,0,0,0,0,0,0,0,0,0,7555093.75432982,6851903.05847953,11723533.0584795,14771341.2748538,3325380.42099649,18096721.6958503,-703190.695850294,55.2666666666667
4,0,0,0,0,0,0,0,0,0,0,0,37,1,266599,6,0.1,0,0.1,0,0,0.1,0,0.1,0,0,0,0,0,0,0,0.1,0,0.1,0,0,0.1,0,0.1,0,0,0,0,0,0,0,24,2,300,0,0,0,0,0,0,0,0,0,0,0,0,0,0,0,0,0,0,0,0,0,0,942500,55333.3333333333,997833.333333333,0,1800000,0,1800000,13143920,2247700,0,15391620,3512132.33333333,16932.6133333333,190856.088,207788.701333333,12910,0,0,0,0,12910,7358700,0,7358700,0,0,0,0,0,0,0,0,0,0,0,0,0,0,980,0,980,140,70,70,0,0,1120,0,0,0,0,0,0,0,0,0,0,420,0,0,0,0,0,0,300,0,400,0,0,0,0,0,0,0,0,0,0,0,0,0,0,0,0,0,0,0,15151708.7013333,3846567.66666667,6094267.66666667,16656052.3333333,2007788.70133333,18663841.0346667,-11305141.0346667,93.5512820512821
4,0,0,0,0,0,0,0,0,0,0,0,37,1,266599,6,0.24,0,0.24,0,0,0.24,0,0.24,0,0,0,0,0,0,0,0.24,0,0.24,0,0,0.24,0,0.24,0,0,0,0,0,0,0,15.4,2,179.166666666667,0,0,0,0,0,0,0,0,0,0,0,0,0,0,588333.333333333,84166.6666666667,0,0,0,0,0,236250,1823777.77777778,1383333.33333333,3207111.11111111,0,2152500,0,2152500,7663025,2916216.66666667,0,10579241.6666667,7298676.77777778,757598.735555556,142451.096666667,900049.832222222,15158.3333333333,0,0,0,0,15158.3333333333,13642500,0,13642500,0,0,0,0,0,0,0,0,0,0,0,0,0,0,358.333333333333,283.333333333333,75,179.166666666667,104.166666666667,75,75,0,612.5,0,0,0,0,0,0,0,112.5,0,0,279.166666666667,0,0,0,0,0,0,0,0,208.333333333333,0,0,0,0,12.5,0,0,0,0,0,0,0,0,0,0,0,0,0,0,10715574.8322222,6343823.22222222,9260039.88888889,14961701.7777778,3052549.83222222,18014251.61,-4371751.61,93.5512820512821
4,0,0,0,0,0,0,0,0,0,0,0,37,1,266599,6,0.42,0,0.42,0,0,0.42,0,0.42,0,0,0,0,0,0,0,0.42,0,0.42,0,0,0.42,0,0.42,0,0,0,0,0,0,0,27,2,357.142857142857,0,0,0,0,0,0,0,0,0,0,0,0,0,0,749761.904761905,454523.809523809,0,0,0,0,0,28571.4285714286,57265.0793650794,130650.920297197,187915.999662276,135317.46031746,651428.571428571,0,651428.571428571,7993528.57142857,0,0,7993528.57142857,1822689.60283688,157867.398362715,114407.182857143,272274.581219858,17111.9047619048,0,0,0,0,17111.9047619048,20705404.7619048,0,20705404.7619048,0,0,0,0,0,0,0,0,0,0,0,0,0,0,335.714285714286,116.666666666667,219.047619047619,0,0,0,138.095238095238,0,473.809523809524,0,0,0,0,0,0,0,116.666666666667,0,0,169.047619047619,0,0,0,0,0,0,57.1428571428571,0,130.952380952381,0,0,0,0,0,0,0,0,0,0,0,0,0,0,0,0,0,0,0,8917231.724077,18882715.1590679,18882715.1590679,9816218.17426545,923703.152648429,10739921.3269139,9965483.43499088,93.5512820512821
4,0,0,0,0,0,0,0,0,0,0,0,37,1,266599,6,0.73,0,0.73,0,0,0.73,0,0.73,0,0,0,0,0,0,0,0.43,0,0.43,0,0,0.43,0,0.43,0,0,0,0,0,0,0,25.3333333333333,2,302.325581395349,0,0,0,0,0,0,0,0,0,0,0,0,0,0,208837.209302326,36511.6279069767,0,0,0,0,0,13255.8139534884,671496.124031008,75279.0697674418,746775.193798449,859496.124031008,753488.372093023,0,753488.372093023,1912134.88372093,450204.651162791,0,2362339.53488372,2581679.62015504,210847.206511628,32499.7079069767,243346.914418605,12265.1162790697,0,0,0,0,12265.1162790697,17539116.2790698,0,17539116.2790698,0,0,0,0,0,0,0,0,0,0,0,0,0,0,51.1627906976744,51.1627906976744,0,25.5813953488372,25.5813953488372,0,46.5116279069767,0,123.255813953488,0,0,0,0,0,0,0,37.2093023255814,0,0,51.1627906976744,0,0,0,0,0,0,0,0,34.8837209302326,0,0,0,0,0,0,0,0,0,0,0,0,0,0,0,0,0,0,0,2908970.17023256,14957436.6589147,15407641.3100775,4493814.50387597,996835.286511628,5490649.7903876,12048466.4886822,93.5512820512821
4,0,0,0,0,0,0,0,0,0,0,0,37,3,266599,6,3.19,0,1.25,0,1.94,2.81,0,0.87,0,1.94,0.38,0,0.38,0,0,1.54,0,1.02,0,0.52,1.16,0,0.64,0,0.52,0.38,0,0.38,0,0,48.1666666666667,2,229.87012987013,0,0,0,0,0,0,0,0,0,0,0,0,0,0,473246.753246753,178636.363636364,1766818.18181818,0,0,0,0,5324.67532467532,124285.714285714,77298.3595352016,201584.073820916,213419.913419913,296883.116883117,401298.701298701,698181.818181818,5669989.61038961,0,0,5669989.61038961,3506927.6625655,110293.190161768,100365.793246753,210658.983408521,13554.5454545455,0,0,0,0,13554.5454545455,13554545.4545454,0,13554545.4545454,0,0,0,0,0,0,0,0,0,0,0,0,0,0,270.12987012987,176.623376623377,93.5064935064935,0,0,0,57.1428571428571,0,327.272727272727,0,0,0,0,0,0,0,52.5974025974026,0,93.5064935064935,142.207792207792,0,0,0,0,0,0,34.4155844155844,0,4.54545454545454,0,0,0,0,0,0,0,0,0,0,0,0,0,0,0,0,0,0,0,6177531.71068125,10047617.7919799,10448916.4932786,8775618.57165641,908840.801590339,9684459.37324675,3870086.0812987,44.6666666666667
4,0,0,0,0,0,0,0,0,0,0,0,38,1,251309,6,0.56,0.56,0,0,0,0.56,0.56,0,0,0,0,0,0,0,0,0.43,0.43,0,0,0,0.43,0.43,0,0,0,0,0,0,0,0,19,2,348.837209302326,0,0,0,0,0,0,0,0,0,0,0,0,0,0,428604.651162791,297441.860465116,0,0,34883.7209302326,0,0,299069.76744186,794734.88372093,81069.7674418605,875804.651162791,143023.255813953,2344186.04651163,0,2344186.04651163,10350644.1860465,2090883.72093023,0,12441527.9069767,4421020.62790698,141214.314418605,167418.946046512,308633.260465116,13483.7209302326,0,0,0,0,13483.7209302326,16450139.5348837,0,16450139.5348837,0,0,0,0,0,0,0,0,0,0,0,0,0,0,234.883720930233,111.627906976744,123.255813953488,130.232558139535,65.1162790697674,65.1162790697674,309.302325581395,0,674.418604651163,0,0,0,0,0,0,0,100,0,0,295.348837209302,0,0,0,0,0,0,25.5813953488372,0,248.837209302326,0,0,0,4.65116279069767,0,0,0,0,0,0,0,0,0,0,0,0,0,0,0,13003463.4930233,12029118.9069767,14120002.627907,14771664.8139535,2652819.30697674,17424484.1209302,-974344.586046509,114.677419354839
4,0,0,0,0,0,0,0,0,0,0,0,38,3,251309,6,2.46,0.31,0.05,2.1,0,2.46,0.31,0.05,2.1,0,0,0,0,0,0,2.39,0.31,0.05,2.03,0,2.39,0.31,0.05,2.03,0,0,0,0,0,0,37.6363636363636,2,272.384937238494,0,0,0,0,0,0,0,0,0,0,0,0,0,0,107489.539748954,96276.1506276151,531589.958158996,94016.7364016736,3138.07531380753,0,0,386820.083682008,172867.50348675,103270.204800705,276137.708287455,144351.464435146,129874.476987448,0,129874.476987448,4359258.15899582,4858924.26778243,0,9218182.42677824,6750052.98443808,123599.917818395,129425.16083682,253025.078655215,18754.3933054393,0,0,0,0,18754.3933054393,20067200.8368201,0,20067200.8368201,0,0,0,0,0,0,0,0,0,0,0,0,0,0,248.535564853556,125.10460251046,123.430962343096,301.673640167364,156.066945606695,145.606694560669,18.8284518828452,0,569.037656903766,0,0,0,0,0,0,0,21.3389121338912,0,40.1673640167364,466.52719665272,0,0,0,0,0,0,19.2468619246862,0,16.3179916317992,0,0,0,1.25523012552301,0,4.18410041841004,0,0,0,0,0,0,0,0,0,0,0,0,0,4742157.71463848,13317147.852382,18176072.1201644,11109311.1434339,382899.555642663,11492210.6990766,8574990.13774352,53.6
4,0,0,0,0,0,0,0,0,0,0,0,99,1,252634,5,0.16,0,0.16,0,0,0.16,0,0.16,0,0,0,0,0,0,0,0.16,0,0.16,0,0,0.16,0,0.16,0,0,0,0,0,0,0,21,1,312.5,0,0,0,0,0,0,0,0,0,0,0,0,0,0,0,291250,0,0,0,0,0,0,14500,41500,56000,0,16987500,0,16987500,4187750,2568750,18750,6775250,3175762.55213498,52756.42,87624.6,140381.02,15875,0,0,0,0,15875,25876250,0,25876250,0,0,0,0,0,0,0,0,0,0,0,0,0,0,218.75,43.75,175,75,37.5,37.5,43.75,31.25,368.75,0,0,0,0,0,0,0,0,0,12.5,206.25,0,0,0,0,0,0,75,0,75,0,0,0,0,0,0,0,0,0,0,0,0,0,0,0,0,0,0,0,21327252.467865,22700487.447865,25276366,7375134,17127881.02,24503015.02,1373234.98,81.4
4,0,0,0,0,0,0,0,0,0,0,0,99,1,252634,5,0.33,0.33,0,0,0,0.33,0.33,0,0,0,0,0,0,0,0,0.33,0.33,0,0,0,0.33,0.33,0,0,0,0,0,0,0,0,22,1,227.272727272727,0,0,0,0,0,0,0,0,0,0,0,0,0,0,23333.3333333333,114242.424242424,0,0,0,0,0,0,74696.9696969697,214055.448098001,288752.417794971,313636.363636364,818181.818181818,0,818181.818181818,4025212.12121212,0,0,4025212.12121212,992598.539007092,291131.797034171,51618.5696969697,342750.366731141,11857.5757575758,0,0,715.151515151515,2166.90909090909,14024.4848484848,14110515.1515152,9317709.09090909,23428224.2424242,0,0,0,0,0,0,0,0,0,0,0,0,0,0,187.878787878788,103.030303030303,84.8484848484848,0,0,0,45.4545454545455,0,233.333333333333,0,0,0,0,0,0,0,9.09090909090909,0,9.09090909090909,160.606060606061,0,0,0,0,0,0,18.1818181818182,0,36.3636363636364,0,0,0,0,0,0,0,0,0,0,0,0,0,0,0,0,0,0,0,5186144.30612508,22435625.7034171,22435625.7034171,5017810.66021921,1160932.18491296,6178742.84513217,17249481.3972921,81.4
4,0,0,0,0,0,0,0,0,0,0,0,99,1,252634,6,0.16,0.16,0,0,0,0.16,0.16,0,0,0,0,0,0,0,0,0.16,0.16,0,0,0,0.16,0.16,0,0,0,0,0,0,0,0,19,1,312.5,0,0,0,0,0,0,0,0,0,0,0,0,0,0,70625,296250,0,0,0,0,0,0,167958.333333333,20750,188708.333333333,616145.833333333,1125000,0,1125000,13848587.5,0,0,13848587.5,1424363.16666667,127622.401666667,176271.735,303894.136666667,11143.75,0,437.5,206.25,2353.0625,13496.8125,15935562.5,6364381.25,22299943.75,0,0,0,0,0,0,0,0,0,0,0,0,0,0,800,475,325,0,0,0,43.75,0,843.75,0,0,0,43.75,0,0,0,43.75,0,62.5,493.75,0,0,0,0,0,81.25,75,0,43.75,0,0,0,0,0,0,0,0,0,0,0,0,0,0,0,0,0,0,0,15277481.6366667,20875580.5833333,20875580.5833333,15272950.6666667,1428894.13666667,16701844.8033333,5598098.94666667,81.4
4,0,0,0,0,0,0,0,0,0,0,0,99,2,252634,6,0.89,0,0.82,0.07,0,0.82,0,0.75,0.07,0,0.07,0,0.07,0,0,0.89,0,0.82,0.07,0,0.82,0,0.75,0.07,0,0.07,0,0.07,0,0,32.3,2,303.370786516854,0,0,0,0,0,0,0,0,0,0,0,0,0,0,903820.224719101,72471.9101123595,0,0,0,0,0,28314.606741573,182471.91011236,86660.5617977528,269132.471910112,25842.6966292135,2396629.21348315,578651.685393258,2975280.8988764,5982001.12359551,5028089.88764045,212359.550561798,11222450.5617977,7255937.87210325,132013.61898427,151615.510561798,283629.129546067,15566.2921348315,0,0,0,0,15566.2921348315,17296898.8764045,0,17296898.8764045,0,0,0,0,0,0,0,0,0,0,0,0,0,0,224.719101123595,97.752808988764,126.966292134831,374.157303370786,165.168539325843,208.988764044944,115.730337078652,0,714.606741573034,0,0,0,0,0,0,0,67.4157303370786,0,0,607.865168539326,0,0,0,0,0,0,0,0,39.3258426966292,0,0,0,0,0,0,0,0,0,0,0,0,0,0,0,0,0,0,0,8777638.62822933,10040961.0043012,15744682.9662921,12774666.4719101,3258910.02842247,16033576.5003326,1263322.37607191,66.5
4,0,0,0,0,0,0,0,0,0,0,0,99,2,252634,6,1.52,0,0,1.52,0,1.52,0,0,1.52,0,0,0,0,0,0,0.86,0,0,0.86,0,0.86,0,0,0.86,0,0,0,0,0,0,20,2,259.302325581395,0,0,0,0,0,0,0,0,0,0,0,0,0,0,441627.906976744,65813.9534883721,0,0,0,0,0,97441.8604651163,130699.612403101,52316.8604651163,183016.472868217,30620.1550387597,293023.255813953,0,293023.255813953,2074411.62790698,1983720.93023256,44186.0465116279,4102318.60465116,3076474.56988483,76126.4729069767,58369.3088372093,134495.781744186,13852.3255813953,0,0,0,0,13852.3255813953,15514604.6511628,0,15514604.6511628,0,0,0,0,0,0,0,0,0,0,0,0,0,0,68.6046511627907,18.6046511627907,50,69.7674418604651,40.6976744186046,29.0697674418605,48.8372093023256,30.2325581395349,217.441860465116,0,0,0,0,0,0,0,75.5813953488372,0,0,131.395348837209,0,0,0,0,0,0,0,0,10.4651162790698,0,0,0,0,0,0,0,0,0,0,0,0,0,0,0,0,0,0,0,2524517.42116168,12438130.081278,14443450.3023256,5173472.95348837,427519.037558139,5600991.99104651,9913612.66011628,66.5
4,0,0,0,0,0,0,0,0,0,0,104200,99,1,252634,5,0.19,0,0.19,0,0,0.19,0,0.19,0,0,0,0,0,0,0,0.19,0,0.19,0,0,0.19,0,0.19,0,0,0,0,0,0,0,13,1,184.210526315789,548421.052631579,0,548421.052631579,0,0,0,0,0,0,0,0,0,0,548421.052631579,0,0,0,0,0,0,0,0,12210.5263157895,557670.772676372,569881.298992161,0,1184210.52631579,0,1184210.52631579,8760347.36842105,0,0,8760347.36842105,1370936.35162374,631930.571825308,115428.728421053,747359.300246361,13168.4210526316,0,0,1321.05263157895,4002.78947368421,17171.2105263158,15670421.0526316,12838588.4210526,28509009.4736842,0,0,0,0,0,0,0,0,0,0,0,0,1515.78947368421,1515.78947368421,557.894736842105,294.736842105263,263.157894736842,0,0,0,0,0,557.894736842105,0,0,0,0,0,0,0,0,0,15.7894736842105,226.315789473684,84.2105263157895,0,0,0,0,0,0,0,231.578947368421,0,0,0,0,0,0,0,0,0,0,0,0,0,0,0,0,0,0,0,10691917.1949832,27138073.1220605,27138073.1220605,10131283.7200448,1931569.82656215,12062853.5466069,16446155.9270773,81.4
4,0,0,0,0,0,0,0,0,0,0,1060200,37,3,266599,6,1.15,0,1.15,0,0,0.89,0,0.89,0,0,0.26,0,0.26,0,0,1,0,1,0,0,0.82,0,0.82,0,0,0.18,0,0.18,0,0,31.3333333333333,2,310,1060200,0,1060200,0,0,0,0,0,0,0,0,0,0,1060200,1130400,123300,4499000,0,0,0,0,0,510786.666666667,103968.421052632,614755.087719298,0,243000,154500,397500,17087027,1569480,0,18656507,9418234.0877193,106989.204666667,315820.6468,422809.851466667,16809,0,0,0,0,16809,24036870,0,24036870,0,0,0,0,0,0,0,0,0,0,0,0,2592,2592,954,443,511,87,87,0,98,0,1139,0,0,0,0,0,0,0,154,0,288,511,68,0,0,0,0,0,92,0,26,0,0,0,0,0,0,0,0,0,0,0,0,0,0,0,0,0,0,0,17752836.8514667,14618635.9122807,16342615.9122807,26350761.0877193,820309.851466667,27171070.939186,-3134200.93918597,44.6666666666667
4,0,0,0,0,0,0,0,0,0,0,106600,99,1,252634,5,0.2,0,0.2,0,0,0.2,0,0.2,0,0,0,0,0,0,0,0.2,0,0.2,0,0,0.2,0,0.2,0,0,0,0,0,0,0,20,1,350,533000,0,533000,0,0,0,0,0,0,0,0,0,0,533000,67500,296500,0,0,0,0,0,0,131950,309042.553191489,440992.553191489,0,900000,0,900000,12882170,0,0,12882170,1590626.55319149,367747.889617021,170861.708,538609.597617021,11640,80,0,315,1196.85,12836.85,23396400,3669633,27066033,0,0,0,0,0,0,0,0,0,0,0,0,1440,1440,685,470,215,0,0,0,80,0,765,0,0,0,0,0,0,0,20,0,50,395,55,0,0,0,0,0,150,0,95,0,0,0,0,0,0,0,0,0,0,0,0,0,0,0,0,0,0,0,14320779.597617,25475406.4468085,25475406.4468085,14472796.5531915,1438609.59761702,15911406.1508085,11154626.8491915,81.4
4,0,0,0,0,0,0,0,0,0,0,111600,36,1,261128,6,0.33,0,0,0.33,0,0.33,0,0,0.33,0,0,0,0,0,0,0.13,0,0,0.13,0,0.13,0,0,0.13,0,0,0,0,0,0,26,2,384.615384615385,858461.538461538,0,858461.538461538,0,0,0,0,0,0,0,0,0,0,858461.538461538,1033076.92307692,699230.769230769,0,0,38461.5384615384,0,0,0,1046743.58974359,35205.6593406593,1081949.24908425,173717.948717949,830769.230769231,0,830769.230769231,9626246.15384615,6359707.69230769,392307.692307692,16378261.5384615,10661805.813216,200788.364158974,235692.904615385,436481.268774359,28207.6923076923,0,0,0,0,28207.6923076923,30182230.7692308,0,30182230.7692308,0,0,0,0,0,0,0,0,0,0,0,0,50346.1538461538,50346.1538461538,146.153846153846,46.1538461538462,100,561.538461538462,176.923076923077,384.615384615385,346.153846153846,0,1053.84615384615,0,0,0,0,0,0,0,184.615384615385,0,0,592.307692307692,30.7692307692308,0,0,0,0,0,92.3076923076923,0,107.692307692308,0,0,0,46.1538461538462,0,0,0,0,0,0,0,0,0,0,0,0,0,0,0,11129732.1918221,19520424.9560148,26036204.8021978,20524287.5054945,1267250.49954359,21791538.0050381,8390692.76419267,90.8205128205128
4,0,0,0,0,0,0,0,0,0,0,117200,36,1,261128,6,0.22,0,0.22,0,0,0.22,0,0.22,0,0,0,0,0,0,0,0.22,0,0.22,0,0,0.22,0,0.22,0,0,0,0,0,0,0,7.33333333333333,2,504.545454545455,532727.272727273,0,532727.272727273,0,0,0,0,0,0,0,0,0,0,532727.272727273,0,105000,0,0,59090.9090909091,0,0,0,355909.090909091,54605.2631578947,410514.354066986,0,202727.272727273,0,202727.272727273,4189245.45454545,783818.181818182,0,4973063.63636364,2152278.71770335,97264.6655502392,70306.5345454545,167571.200095694,15745.4545454545,0,0,0,0,15745.4545454545,18264727.2727273,0,18264727.2727273,0,0,0,0,0,0,0,0,0,0,0,0,7854.54545454545,7854.54545454545,122.727272727273,50,72.7272727272727,45.4545454545454,45.4545454545454,0,109.090909090909,0,277.272727272727,0,0,0,0,0,0,0,0,0,0,45.4545454545454,27.2727272727273,0,0,0,0,72.7272727272727,45.4545454545454,0,86.3636363636363,0,0,0,0,0,0,0,0,0,0,0,0,0,0,0,0,0,0,0,4559543.92736842,16112448.5550239,16896266.7368421,6341524.1722488,370298.472822966,6711822.64507177,11552904.6276555,90.8205128205128
4,0,0,0,0,0,0,0,0,0,0,156200,99,1,252634,6,0.4,0,0.4,0,0,0.2,0,0.2,0,0,0.2,0,0.2,0,0,0.32,0,0.32,0,0,0.2,0,0.2,0,0,0.12,0,0.12,0,0,36.6666666666667,2,321.875,488125,0,488125,0,0,0,0,0,0,0,0,0,0,488125,796875,79375,0,0,0,0,0,0,521033.333333333,0,521033.333333333,0,1125000,643750,1768750,4285393.75,3034375,71875,7391643.75,5845962.76957919,45900.5426666667,108574.6325,154475.175166667,14971.875,0,0,0,0,14971.875,16768500,0,16768500,0,0,0,0,0,0,0,0,0,0,0,0,1575,1575,162.5,78.125,84.375,103.125,43.75,59.375,81.25,81.25,428.125,0,0,0,0,0,0,0,96.875,0,0,268.75,21.875,0,0,0,0,0,0,0,40.625,0,0,0,0,0,0,0,0,0,0,0,0,0,0,0,0,0,0,0,5606948.48892082,10922537.2304208,14630457.6666667,9529686.08333333,1923225.17516667,11452911.2585,5315588.7415,81.4
4,0,0,0,0,0,0,0,0,0,0,160000,99,1,252634,6,0.33,0.33,0,0,0,0.33,0.33,0,0,0,0,0,0,0,0,0.33,0.33,0,0,0,0.33,0.33,0,0,0,0,0,0,0,0,22,1,212.121212121212,484848.484848485,0,484848.484848485,0,0,0,0,0,0,0,0,0,0,484848.484848485,0,131818.181818182,0,0,0,0,0,0,98863.6363636364,15090.9090909091,113954.545454545,0,818181.818181818,0,818181.818181818,6788145.45454545,0,0,6788145.45454545,983255.212121212,28935.5127272727,91819.6703030303,120755.183030303,12736.3636363636,0,0,321.212121212121,973.272727272727,13709.6363636364,18213000,3659505.45454545,21872505.4545455,0,0,0,0,0,0,0,0,0,0,0,0,1309.09090909091,1309.09090909091,342.424242424242,257.575757575758,84.8484848484848,0,0,0,48.4848484848485,0,390.909090909091,0,0,0,0,0,0,0,0,0,12.1212121212121,209.090909090909,42.4242424242424,0,0,0,0,0,27.2727272727273,0,100,0,0,0,0,0,0,0,0,0,0,0,0,0,0,0,0,0,0,0,7727082.45575758,20889250.2424242,20889250.2424242,7771400.66666667,938937.001212121,8710337.66787879,13162167.7866667,81.4
4,0,0,0,0,0,0,0,0,0,0,1605800,38,1,251309,6,0.39,0,0.39,0,0,0.39,0,0.39,0,0,0,0,0,0,0,0.39,0,0.39,0,0,0.39,0,0.39,0,0,0,0,0,0,0,32,2,423.076923076923,4117435.8974359,0,4117435.8974359,0,0,0,0,0,0,0,0,0,0,4117435.8974359,1341025.64102564,685128.205128205,2690512.82051282,0,0,0,835897.435897436,597692.307692308,862564.102564103,0,862564.102564103,0,230769.230769231,0,230769.230769231,11494220.5128205,12652415.3846154,0,24146635.8974359,24033980.7948718,10326.9743589744,426737.66974359,437064.644102564,20897.4358974359,0,0,0,0,20897.4358974359,21445948.7179487,0,21445948.7179487,0,0,0,0,0,0,0,0,0,0,0,0,11076.9230769231,11076.9230769231,469.230769230769,469.230769230769,0,835.897435897436,235.897435897436,600,146.153846153846,0,1451.28205128205,0,0,0,0,0,0,0,94.8717948717949,0,343.589743589744,815.384615384615,69.2307692307692,0,0,0,0,0,0,0,128.205128205128,0,0,0,0,0,0,0,0,0,0,0,0,0,0,0,0,0,0,0,12162054.3876923,-2588032.07692308,10064383.3076923,35528201.3076923,667833.874871795,36196035.1825641,-14750086.4646154,114.677419354839
4,0,0,0,0,0,0,0,0,0,0,18600,99,1,252634,5,0.13,0,0.13,0,0,0.13,0,0.13,0,0,0,0,0,0,0,0.13,0,0.13,0,0,0.13,0,0.13,0,0,0,0,0,0,0,21,1,269.230769230769,143076.923076923,0,143076.923076923,0,0,0,0,0,0,0,0,0,0,143076.923076923,0,0,0,0,0,0,0,0,166564.102564103,80647.7732793522,247211.875843455,0,1384615.38461538,0,1384615.38461538,8233938.46153846,0,0,8233938.46153846,642922.798920378,91495.0248852901,103874.990769231,195370.015654521,14192.3076923077,453.846153846154,0,153.846153846154,1841.30769230769,16033.6153846154,14476153.8461538,10373321.5384615,24849475.3846154,0,0,0,0,0,0,0,0,0,0,0,0,330.769230769231,330.769230769231,500,338.461538461538,161.538461538462,0,0,0,0,0,500,0,0,0,0,0,0,0,0,0,30.7692307692308,246.153846153846,30.7692307692308,0,0,0,0,46.1538461538462,0,0,146.153846153846,0,0,0,0,0,0,0,0,0,0,0,0,0,0,0,0,0,0,0,9813923.86180837,24206552.585695,24206552.585695,8876861.26045884,1579985.40026991,10456846.6607287,14392628.7238866,81.4
4,0,0,0,0,0,0,0,0,0,0,18600,99,1,252634,5,0.3,0,0.3,0,0,0.3,0,0.3,0,0,0,0,0,0,0,0.3,0,0.3,0,0,0.3,0,0.3,0,0,0,0,0,0,0,21,1,166.666666666667,62000,0,62000,0,0,0,0,0,0,0,0,0,0,62000,0,130333.333333333,0,0,0,0,0,0,7733.33333333333,167747.368421053,175480.701754386,287500,900000,0,900000,4905980,0,0,4905980,907948.035087719,204713.747157895,63219.0853333333,267932.832491228,12556.6666666667,0,1133.33333333333,0,4476.66666666667,17033.3333333333,14942433.3333333,14146266.6666667,29088700,0,0,0,0,0,0,0,0,0,0,0,0,143.333333333333,143.333333333333,206.666666666667,130,76.6666666666667,0,0,0,70,0,276.666666666667,0,0,0,0,0,0,0,0,0,13.3333333333333,143.333333333333,10,0,0,0,0,0,40,0,70,0,0,0,0,0,0,0,0,0,0,0,0,0,0,0,0,0,0,0,6073912.83249123,28180751.9649123,28180751.9649123,5813928.03508772,1167932.83249123,6981860.86757895,22106839.1324211,81.4
4,0,0,0,0,0,0,0,0,0,0,199600,99,1,252634,5,0.13,0,0.13,0,0,0.13,0,0.13,0,0,0,0,0,0,0,0.13,0,0.13,0,0,0.13,0,0.13,0,0,0,0,0,0,0,20,1,276.923076923077,1535384.61538462,0,1535384.61538462,0,0,0,0,0,0,0,0,0,0,1535384.61538462,0,338461.538461538,0,0,0,0,0,0,166564.102564103,834211.129296236,1000775.23186034,0,1384615.38461538,0,1384615.38461538,11142169.2307692,0,0,11142169.2307692,3127255.38570649,973854.136301146,161398.590769231,1135252.72707038,6792.30769230769,0,2184.61538461538,392.307692307692,9817.92307692308,16610.2307692308,12158230.7692308,34448070.7692308,46606301.5384615,0,0,0,0,0,0,0,0,0,0,0,0,2300,2300,561.538461538462,384.615384615385,176.923076923077,0,0,0,92.3076923076923,0,653.846153846154,0,0,0,84.6153846153846,0,0,0,0,0,30.7692307692308,315.384615384615,61.5384615384615,0,0,0,0,0,69.2307692307692,0,92.3076923076923,0,0,0,0,0,0,0,0,0,0,0,0,0,0,0,0,0,0,0,13662037.342455,43479046.152755,43479046.152755,14269424.6164757,2519868.11168576,16789292.7281615,29817008.8103001,81.4
4,0,0,0,0,0,0,0,0,0,0,208300,99,1,252634,5,0.16,0,0.16,0,0,0.16,0,0.16,0,0,0,0,0,0,0,0.16,0,0.16,0,0,0.16,0,0.16,0,0,0,0,0,0,0,21,1,237.5,1301875,0,1301875,0,0,0,0,0,0,0,0,0,0,1301875,0,138125,0,0,0,0,0,0,20300,674684.042553192,694984.042553192,616250,1012500,0,1012500,5233075,0,0,5233075,3003868.04255319,840457.535531915,82746.13,923203.665531915,14043.75,268.75,0,0,814.3125,14858.0625,20082562.5,7621965,27704527.5,0,0,0,0,0,0,0,0,0,0,0,0,3150,3150,268.75,118.75,150,0,0,0,56.25,0,325,0,0,0,0,0,0,0,0,0,6.25,106.25,118.75,0,0,0,0,0,0,0,93.75,0,0,0,0,0,0,0,0,0,0,0,0,0,0,0,0,0,0,0,7168778.66553191,24700659.4574468,24700659.4574468,8236943.04255319,1935703.66553191,10172646.7080851,17531880.7919149,81.4
4,0,0,0,0,0,0,0,0,0,0,223200,99,1,252634,6,0.53,0,0,0.53,0,0,0,0,0,0,0.53,0,0,0.53,0,0.42,0,0,0.42,0,0,0,0,0,0,0.42,0,0,0.42,0,19,2,197.619047619048,531428.571428571,0,531428.571428571,0,0,0,0,0,0,0,0,0,0,531428.571428571,244523.80952381,37619.0476190476,0,0,10714.2857142857,0,0,48095.2380952381,134965.079365079,86952.380952381,221917.46031746,0,0,465952.380952381,465952.380952381,4470828.57142857,1408261.9047619,0,5879090.47619048,3221146.6984127,117244.794920635,83718.2457142857,200963.040634921,15228.5714285714,0,0,0,0,15228.5714285714,17056000,0,17056000,0,0,0,0,0,0,0,0,0,0,0,0,6171.42857142857,6171.42857142857,214.285714285714,133.333333333333,80.9523809523809,71.4285714285714,40.4761904761905,30.952380952381,47.6190476190476,9.52380952380952,342.857142857143,0,0,0,0,0,0,0,40.4761904761905,0,0,211.904761904762,64.2857142857143,0,0,0,0,0,0,0,26.1904761904762,0,0,0,0,0,0,0,0,0,0,0,0,0,0,0,0,0,0,0,4671791.61206349,13834853.3015873,15709067.5873016,7226022.88888889,666915.421587302,7892938.31047619,9163061.68952381,81.4
4,0,0,0,0,0,0,0,0,0,0,229400,35,1,268798,5,0.49,0,0.49,0,0,0.49,0,0.49,0,0,0,0,0,0,0,0.49,0,0.49,0,0,0.49,0,0.49,0,0,0,0,0,0,0,15.6666666666667,2,346.938775510204,468163.265306122,0,468163.265306122,0,0,0,0,0,0,0,0,0,0,468163.265306122,0,80612.2448979592,0,0,5102.04081632653,0,0,0,996258.503401361,338775.510204082,1335034.01360544,0,624489.795918367,0,624489.795918367,2904000,0,0,2904000,2157709.56462585,488704.244897959,42877.6816326531,531581.926530612,0,0,4130.61224489796,0,16315.9183673469,16315.9183673469,0,51558302.0408163,51558302.0408163,0,0,0,0,0,0,0,0,0,0,0,0,2938.77551020408,2938.77551020408,130.612244897959,130.612244897959,0,0,0,0,28.5714285714286,0,159.183673469388,0,0,0,0,0,0,0,0,0,0,28.5714285714286,102.040816326531,0,0,0,0,0,0,0,28.5714285714286,0,0,0,0,0,0,0,0,0,0,0,0,0,0,0,0,0,0,0,4060071.72244898,49400592.4761905,49400592.4761905,5061709.56462585,1156071.72244898,6217781.28707483,45340520.7537415,73.6666666666667
4,0,0,0,0,0,0,0,0,0,0,33500,36,1,261128,6,0.85,0,0.85,0,0,0.85,0,0.85,0,0,0,0,0,0,0,0.14,0,0.14,0,0,0.14,0,0.14,0,0,0,0,0,0,0,7.5,2,464.285714285714,239285.714285714,0,239285.714285714,0,0,0,0,0,0,0,0,0,0,239285.714285714,345714.285714286,158571.428571429,650000,0,64285.7142857143,0,0,0,1681309.52380952,83000,1764309.52380952,1125952.38095238,835714.285714286,0,835714.285714286,4743928.57142857,1605500,0,6349428.57142857,6214747.04761905,443871.817142857,96810.3428571429,540682.16,13814.2857142857,0,0,0,0,13814.2857142857,13123571.4285714,0,13123571.4285714,0,0,0,0,0,0,0,0,0,0,0,0,207.142857142857,207.142857142857,164.285714285714,85.7142857142857,78.5714285714286,100,50,50,100,0,364.285714285714,0,0,0,0,0,0,0,50,0,0,228.571428571429,28.5714285714286,0,0,0,0,0,0,0,50,0,0,0,0,7.14285714285714,0,0,0,0,0,0,0,0,0,0,0,0,0,0,6120325.01714286,6908824.38095238,8514324.38095238,10958675.6190476,1376396.44571429,12335072.0647619,788499.363809522,90.8205128205128
4,0,0,0,0,0,0,0,0,0,0,342600,38,1,251309,5,0.26,0.26,0,0,0,0.26,0.26,0,0,0,0,0,0,0,0,0.25,0.25,0,0,0,0.25,0.25,0,0,0,0,0,0,0,0,21,2,320,1370400,0,1370400,0,0,0,0,0,0,0,0,0,0,1370400,770800,399200,1816400,0,10000,0,0,302400,1685248,538788.571428571,2224036.57142857,393600,1152000,0,1152000,20548744,0,0,20548744,7538145.57142857,523633.665950476,312702.5056,836336.171550476,17932,0,0,0,0,17932,42319520,0,42319520,0,0,0,0,0,0,0,0,0,0,0,0,3744,3744,1172,720,452,0,0,0,68,0,1240,0,0,0,44,0,0,0,116,0,112,676,40,0,0,0,0,0,136,0,36,0,0,0,0,0,44,0,0,0,0,0,0,0,0,0,0,0,0,36,22537080.1715505,34781374.4285714,34781374.4285714,28086889.5714286,1988336.17155048,30075225.742979,12244294.257021,114.677419354839
4,0,0,0,0,0,0,0,0,0,0,365800,33,2,244300,6,0.5,0,0.5,0,0,0.5,0,0.5,0,0,0,0,0,0,0,0.5,0,0.5,0,0,0.5,0,0.5,0,0,0,0,0,0,0,12,2,200,731600,0,731600,0,0,0,0,0,0,0,0,0,0,731600,289600,94800,0,0,0,0,0,58000,429683.333333333,132800,562483.333333333,296000,1843200,0,1843200,23316756,21900000,662000,45878756,24497412.2612467,224320.03,583454.1744,807774.2044,16800,0,0,0,0,16800,14616000,0,14616000,0,0,0,0,0,0,0,0,0,0,0,0,1730,1730,992,686,306,1068,698,370,320,0,2380,0,0,0,0,0,0,0,30,0,300,1760,16,0,0,0,0,96,48,0,88,0,0,0,0,28,0,0,0,0,0,0,0,0,0,0,0,0,0,14,26309101.2764866,-9881412.26124669,12339216.6666667,48155539.3333333,2650974.2044,50806513.5377333,-36190513.5377333,23.7777777777778
4,0,0,0,0,0,0,0,0,0,0,55800,36,3,261128,6,1,0,0,1,0,1,0,0,1,0,0,0,0,0,0,1,0,0,1,0,1,0,0,1,0,0,0,0,0,0,43,2,200,55800,0,55800,0,0,0,0,0,0,0,0,0,0,55800,241900,75000,0,0,0,0,0,2900,315636,21470.7894736842,337106.789473684,73916.6666666667,900000,0,900000,2611042,0,0,2611042,1047751.45614035,54478.5740729825,37034.3608,91512.9348729825,13100,0,0,0,0,13100,9301000,0,9301000,0,0,0,0,0,0,0,0,0,0,0,0,432,432,120,77,43,0,0,0,31,0,151,0,0,0,0,0,0,0,17,0,0,89,3,0,0,0,0,5,23,0,14,0,0,0,0,0,0,0,0,0,0,0,0,0,0,0,0,0,0,0,3602554.93487298,8253248.54385965,8253248.54385965,3658793.45614035,991512.934872982,4650306.39101333,4650693.60898667,42
4,0,0,0,0,0,0,0,0,0,0,62000,99,1,252634,5,0.16,0.16,0,0,0,0.16,0.16,0,0,0,0,0,0,0,0,0.16,0.16,0,0,0,0.16,0.16,0,0,0,0,0,0,0,0,9,1,218.75,387500,0,387500,0,0,0,0,0,0,0,0,0,0,387500,0,198125,0,0,0,0,0,0,146933.333333333,662234.042553192,809167.375886525,0,1125000,0,1125000,3879600,0,0,3879600,1647426.37588653,765710.226921986,55368.79,821079.016921986,13256.25,331.25,662.5,0,3620.5625,16876.8125,23728687.5,14431966.25,38160653.75,0,0,0,0,0,0,0,0,0,0,0,0,900,900,162.5,112.5,50,0,0,0,56.25,0,218.75,0,0,0,0,0,0,0,0,0,12.5,87.5,18.75,0,0,0,0,0,0,0,100,0,0,0,0,0,0,0,0,0,0,0,0,0,0,0,0,0,0,0,5825679.01692199,36513227.3741135,36513227.3741135,5527026.37588653,1946079.01692199,7473105.39280851,30687548.3571915,81.4
4,0,0,0,0,0,0,0,0,0,0,62000,99,1,252634,5,0.19,0,0.19,0,0,0.19,0,0.19,0,0,0,0,0,0,0,0.19,0,0.19,0,0,0.19,0,0.19,0,0,0,0,0,0,0,31,1,210.526315789474,326315.789473684,0,326315.789473684,0,0,0,0,0,0,0,0,0,0,326315.789473684,18947.3684210526,91578.9473684211,0,0,0,0,0,0,36631.5789473684,45983.379501385,82614.9584487535,0,1421052.63157895,0,1421052.63157895,4633315.78947368,0,0,4633315.78947368,772091.063711911,45941.2786703601,62869.9578947368,108811.236565097,16189.4736842105,0,0,231.578947368421,701.684210526316,16891.1578947368,26793578.9473684,2904972.63157895,29698551.5789474,0,0,0,0,0,0,0,0,0,0,0,0,757.894736842105,757.894736842105,200,100,100,0,0,0,68.4210526315789,0,268.421052631579,0,0,0,0,0,0,0,0,0,10.5263157894737,163.157894736842,26.3157894736842,0,0,0,0,0,0,0,68.4210526315789,0,0,0,0,0,0,0,0,0,0,0,0,0,0,0,0,0,0,0,6163179.65761773,28926460.5152355,28926460.5152355,5405406.8531856,1529863.86814404,6935270.72132964,22763280.8576177,81.4
4,0,0,0,0,0,0,0,0,0,0,697500,37,1,266599,6,0.33,0,0.33,0,0,0.33,0,0.33,0,0,0,0,0,0,0,0.3,0,0.3,0,0,0.3,0,0.3,0,0,0,0,0,0,0,48,2,166.666666666667,2325000,0,2325000,0,0,0,0,0,0,0,0,0,0,2325000,1191333.33333333,74333.3333333333,1811000,0,0,0,0,0,1724855.55555556,0,1724855.55555556,0,600000,0,600000,6377886.66666667,7198053.33333333,0,13575940,14591174.5555556,70250.6568888889,235322.322666667,305572.979555556,15696.6666666667,0,0,0,0,15696.6666666667,22446233.3333333,0,22446233.3333333,0,0,0,0,0,0,0,0,0,0,0,0,4800,4800,456.666666666667,0,456.666666666667,376.666666666667,376.666666666667,0,0,0,833.333333333333,0,0,0,0,0,0,0,143.333333333333,0,220,403.333333333333,23.3333333333333,0,0,0,0,0,0,0,43.3333333333333,0,0,0,0,0,0,0,0,0,0,0,0,0,0,0,0,0,0,0,7283459.64622222,7855058.77777778,15053112.1111111,20969061.2222222,905572.979555556,21874634.2017778,571599.131555557,93.5512820512821
4,0,0,0,0,0,0,0,0,0,0,99200,37,1,266599,6,0.27,0,0.27,0,0,0.27,0,0.27,0,0,0,0,0,0,0,0.27,0,0.27,0,0,0.27,0,0.27,0,0,0,0,0,0,0,27,2,325.925925925926,367407.407407407,0,367407.407407407,0,0,0,0,0,0,0,0,0,0,367407.407407407,788518.518518518,572222.222222222,0,0,0,0,0,111111.111111111,75754.3209876543,1712915.02923977,1788669.35022742,105246.913580247,1000000,0,1000000,7051070.37037037,0,0,7051070.37037037,3999774.52306693,1590460.29025575,110240.087407407,1700700.37766316,13337.037037037,0,0,0,0,13337.037037037,19071962.962963,0,19071962.962963,0,0,0,0,0,0,0,0,0,0,0,0,1066.66666666667,1066.66666666667,251.851851851852,77.7777777777778,174.074074074074,0,0,0,155.555555555556,0,407.407407407407,0,0,0,0,0,0,0,118.518518518519,0,22.2222222222222,96.2962962962963,33.3333333333333,0,0,0,0,0,44.4444444444444,0,92.5925925925926,0,0,0,0,0,0,0,0,0,0,0,0,0,0,0,0,0,0,0,9751770.74803353,15072188.439896,15072188.439896,11050844.8934373,2700700.37766316,13751545.2711005,5320417.69186251,93.5512820512821
4,0,0,0,0,0,0,0,0,0,440000,0,36,1,261128,6,0.26,0,0.26,0,0,0.26,0,0.26,0,0,0,0,0,0,0,0.26,0,0.26,0,0,0.26,0,0.26,0,0,0,0,0,0,0,20,2,519.230769230769,1692307.69230769,0,1692307.69230769,0,0,0,0,0,0,0,0,0,1692307.69230769,0,2269615.38461538,356153.846153846,0,0,0,92307.6923076923,0,1628461.53846154,5550153.84615385,290331.983805668,5840485.82995951,537179.487179487,2665384.61538462,0,2665384.61538462,17091500,315384.615384615,0,17406884.6153846,12993024.0863698,566481.523022942,290727.061538461,857208.584561403,15700,0,0,0,0,15700,19154000,0,19154000,0,0,0,0,0,0,0,0,0,0,0,7692.30769230769,0,7692.30769230769,961.538461538462,530.769230769231,430.769230769231,0,0,0,111.538461538462,19.2307692307692,1092.30769230769,0,0,0,0,0,0,0,76.9230769230769,0,0,380.769230769231,53.8461538461538,0,0,0,0,184.615384615385,307.692307692308,0,50,0,0,0,38.4615384615385,0,0,0,0,0,0,0,0,0,0,0,0,0,0,0,20614093.199946,6160975.91363023,6568668.22132254,30084524.0863698,3522593.19994602,33607117.2863158,-14453117.2863158,90.8205128205128
4,0,0,0,0,0,0,0,0,154000,0,0,38,2,251309,6,0.9,0,0.9,0,0,0.57,0,0.57,0,0,0.33,0,0.33,0,0,0.7,0,0.7,0,0,0.37,0,0.37,0,0,0.33,0,0.33,0,0,20.75,2,178.571428571429,220000,0,220000,0,0,0,0,0,0,0,0,220000,0,0,408428.571428571,338571.428571429,1200000,183428.571428571,86428.5714285714,0,0,131857.142857143,160908.571428571,71142.8571428571,232051.428571429,1795714.28571429,758571.428571429,1751000,2509571.42857143,10914654.2857143,2561128.57142857,0,13475782.8571429,9159917.57142857,254757.036342857,198951.764571429,453708.800914286,13682.8571428571,0,0,0,0,13682.8571428571,19566485.7142857,0,19566485.7142857,0,0,0,0,0,0,0,0,0,0,1785.71428571429,0,0,1785.71428571429,304.285714285714,235.714285714286,68.5714285714286,148.571428571429,118.571428571429,30,280,0,732.857142857143,0,0,0,0,0,0,0,97.1428571428571,0,17.1428571428571,210,48.5714285714286,0,0,0,0,0,124.285714285714,0,212.857142857143,0,0,0,22.8571428571429,0,0,0,0,0,0,0,0,0,0,0,0,0,0,0,12126934.5152,10406568.1428571,14718696.7142857,18323571.8571429,2963280.22948571,21286852.0866286,-1720366.37234286,42.0476190476191
4,0,0,0,0,0,0,0,0,231000,0,0,36,1,261128,6,0.95,0,0.95,0,0,0.95,0,0.95,0,0,0,0,0,0,0,0.33,0,0.33,0,0,0.33,0,0.33,0,0,0,0,0,0,0,22,2,424.242424242424,700000,0,700000,0,0,0,0,0,0,0,0,700000,0,0,757272.727272727,170303.03030303,0,0,0,0,0,519393.939393939,551000,89751.1961722488,640751.196172249,0,7909090.90909091,0,7909090.90909091,12296584.8484848,99684.8484848485,0,12396269.6969697,3148533.74162679,120928.407272727,180336.168484848,301264.575757576,17196.9696969697,0,0,0,0,17196.9696969697,20980303.030303,0,20980303.030303,0,0,0,0,0,0,0,0,0,0,7575.75757575758,0,0,7575.75757575758,412.121212121212,245.454545454545,166.666666666667,6.06060606060606,6.06060606060606,0,269.69696969697,0,687.878787878788,0,0,0,0,0,0,0,75.7575757575758,0,0,215.151515151515,24.2424242424242,0,0,0,0,39.3939393939394,239.393939393939,0,54.5454545454545,0,0,0,6.06060606060606,0,0,0,0,0,0,0,0,0,0,0,0,0,0,33.3333333333333,20506940.3333333,17831769.2886762,17931454.1371611,15445118.5901116,8210355.48484849,23655474.0749601,-2675171.0446571,90.8205128205128
4,0,0,0,0,0,0,0,0,404300,0,0,36,1,261128,6,0.4,0.2,0.2,0,0,0.4,0.2,0.2,0,0,0,0,0,0,0,0.1,0.08,0.02,0,0,0.1,0.08,0.02,0,0,0,0,0,0,0,13.5,2,650,4043000,0,4043000,0,0,0,0,0,0,0,0,4043000,0,0,1034000,880000,1843000,0,0,0,0,20000,971500,242010.526315789,1213510.52631579,0,2250000,0,2250000,27655910,8431500,0,36087410,17726138.5263158,348202.624842105,544451.884,892654.508842105,17320,0,0,0,0,17320,20610800,0,20610800,0,0,0,0,0,0,0,0,0,0,50000,0,0,50000,1000,1000,0,540,210,330,480,0,2020,0,0,0,0,0,0,0,270,0,470,270,160,0,0,0,0,80,230,0,240,0,0,0,80,0,10,0,0,0,0,0,0,0,0,0,0,0,0,210,30798564.5088421,2884661.47368421,11316161.4736842,45382048.5263158,3142654.50884211,48524703.0351579,-27913903.0351579,90.8205128205128
4,0,0,0,0,0,0,0,0,415800,0,0,36,1,261128,6,0.33,0.33,0,0,0,0,0,0,0,0,0.33,0.33,0,0,0,0.33,0.33,0,0,0,0,0,0,0,0,0.33,0.33,0,0,0,22,2,590.909090909091,1260000,0,1260000,0,0,0,0,0,0,0,0,1260000,0,0,662727.272727273,317878.787878788,27575.7575757576,0,0,0,0,443030.303030303,425919.191919192,28394.7368421053,454313.928761297,0,0,3121212.12121212,3121212.12121212,19893060.6060606,0,0,19893060.6060606,6547866.17118554,21994.7580861244,280292.981818182,302287.739904306,12569.696969697,0,0,0,0,12569.696969697,15335030.3030303,0,15335030.3030303,0,0,0,0,0,0,0,0,0,0,13636.3636363636,0,0,13636.3636363636,1006.06060606061,478.787878787879,527.272727272727,0,0,0,218.181818181818,0,1224.24242424242,0,0,0,0,0,0,0,103.030303030303,0,0,427.272727272727,18.1818181818182,0,0,0,0,221.212121212121,318.181818181818,0,75.7575757575758,0,0,0,27.2727272727273,0,0,0,0,0,0,0,0,0,0,0,0,0,33.3333333333333,0,20195348.3459649,8787164.13184476,11908376.2530569,23319714.656034,3423499.86111643,26743214.5171505,-11408184.2141201,90.8205128205128
4,0,0,0,0,0,0,0,0,554400,0,99200,37,2,266599,6,0.87,0,0.87,0,0,0.87,0,0.87,0,0,0,0,0,0,0,0.52,0,0.52,0,0,0.52,0,0.52,0,0,0,0,0,0,0,38,2,288.461538461538,1256923.07692308,0,1256923.07692308,0,0,0,0,0,0,0,0,1066153.84615385,0,190769.230769231,768846.153846154,214038.461538462,947307.692307692,0,0,0,0,0,653861.538461538,175650.809716599,829512.348178138,0,969230.769230769,0,969230.769230769,5644740.38461538,4617857.69230769,0,10262598.0769231,8901084.42510122,223815.045354926,166776.446923077,390591.492278003,15019.2307692308,0,0,0,0,15019.2307692308,19224615.3846154,0,19224615.3846154,0,0,0,0,0,0,0,0,0,0,8653.84615384615,0,553.846153846154,9207.69230769231,275,0,275,261.538461538462,261.538461538462,0,86.5384615384615,0,623.076923076923,0,0,0,0,0,0,0,92.3076923076923,0,92.3076923076923,265.384615384615,57.6923076923077,0,0,0,0,0,28.8461538461538,0,86.5384615384615,0,0,0,0,0,0,0,0,0,0,0,0,0,0,0,0,0,0,0,7004562.64612416,10323530.9595142,14941388.6518219,14545824.8097166,1359822.26150877,15905647.0712254,3318968.31339001,68.8181818181818
4,0,0,0,0,0,0,0,0,577500,0,0,35,1,268798,6,0.49,0.49,0,0,0,0.49,0.49,0,0,0,0,0,0,0,0,0.44,0.44,0,0,0,0.44,0.44,0,0,0,0,0,0,0,0,19.25,2,163.636363636364,1312500,0,1312500,0,0,0,0,0,0,0,0,1312500,0,0,563409.090909091,299772.727272727,0,0,0,1127272.72727273,0,80227.2727272727,268909.090909091,19806.8181818182,288715.909090909,373484.848484848,2515909.09090909,0,2515909.09090909,4741277.27272727,3591040.90909091,104545.454545455,8436863.63636364,7950278.21407318,99987.756969697,146568.563636364,246556.320606061,13345.4545454545,0,0,0,0,13345.4545454545,19484363.6363636,0,19484363.6363636,0,0,0,0,0,0,0,0,0,0,42613.6363636364,0,0,42613.6363636364,202.272727272727,193.181818181818,9.09090909090909,150,81.8181818181818,68.1818181818182,54.5454545454545,27.2727272727273,434.090909090909,0,0,0,0,0,0,0,90.9090909090909,0,106.818181818182,197.727272727273,0,0,0,0,0,0,0,0,13.6363636363636,0,0,0,0,0,0,0,0,0,0,0,0,0,0,0,0,0,0,25,7563231.40956318,11534085.4222904,16297455.7878788,12751044.2121212,2762465.41151515,15513509.6236364,3970854.01272727,73.6666666666667
4,0,0,0,0,0,0,0,0,61600,0,29800,37,1,266599,6,0.44,0,0.44,0,0,0.44,0,0.44,0,0,0,0,0,0,0,0.27,0,0.27,0,0,0.27,0,0.27,0,0,0,0,0,0,0,18,2,259.259259259259,338518.518518518,0,338518.518518518,0,0,0,0,0,0,0,0,228148.148148148,0,110370.37037037,1290740.74074074,355185.185185185,0,0,0,0,0,0,864562.962962963,112764.132553606,977327.095516569,0,853333.333333333,0,853333.333333333,16842903.7037037,487348.148148148,0,17330251.8518519,3715718.68810916,227633.901598441,239502.234074074,467136.135672515,25970.3703703704,0,0,0,0,25970.3703703704,24152444.4444444,0,24152444.4444444,0,0,0,0,0,0,0,0,0,0,1851.85185185185,0,318.518518518518,2170.37037037037,844.444444444444,418.518518518518,425.925925925926,29.6296296296296,29.6296296296296,0,159.259259259259,0,1033.33333333333,0,0,0,0,0,0,0,96.2962962962963,0,44.4444444444444,655.555555555556,14.8148148148148,0,0,0,0,0,81.4814814814815,0,140.740740740741,0,0,0,0,0,0,0,0,0,0,0,0,0,0,0,0,0,0,0,18163373.1727096,20436725.7563353,20924073.9044834,20558622.3918129,1320469.46900585,21879091.8608187,2273352.58362573,93.5512820512821
4,0,0,0,0,0,0,0,0,61600,0,49600,37,1,266599,6,0.1,0,0.1,0,0,0.1,0,0.1,0,0,0,0,0,0,0,0.1,0,0.1,0,0,0.1,0,0.1,0,0,0,0,0,0,0,48,1,300,1112000,0,1112000,0,0,0,0,0,0,0,0,616000,0,496000,1287000,715000,2650000,0,0,0,0,0,714566.666666667,456694.736842105,1171261.40350877,568000,324000,0,324000,33358380,1973760,0,35332140,9743620.40350877,464814.334147368,509592.136,974406.470147368,15120,0,0,0,0,15120,10281600,0,10281600,0,0,0,0,0,0,0,0,0,0,5000,0,1440,6440,1750,930,820,120,120,0,250,0,2120,0,0,0,0,0,0,0,180,0,360,1060,40,0,0,0,0,0,230,0,250,0,0,0,0,0,0,0,0,0,0,0,0,0,0,0,0,0,0,0,34656786.4701474,537979.596491229,2511739.59649123,43102000.4035088,1298406.47014737,44400406.8736561,-34118806.8736561,93.5512820512821
4,0,0,0,0,0,0,0,0,693000,0,0,37,2,266599,6,0.67,0,0.67,0,0,0.67,0,0.67,0,0,0,0,0,0,0,0.67,0,0.67,0,0,0.67,0,0.67,0,0,0,0,0,0,0,27,2,268.65671641791,1034328.35820896,0,1034328.35820896,0,0,0,0,0,0,0,0,1034328.35820896,0,0,1071044.7761194,394925.373134328,0,0,194029.850746269,0,0,0,37671.6417910448,68163.3935585232,105835.035349568,0,886567.164179104,0,886567.164179104,10919922.3880597,0,0,10919922.3880597,3066762.39355852,64242.3002796544,168816.709253731,233059.009533386,17083.5820895522,0,0,0,0,17083.5820895522,20671134.3283582,0,20671134.3283582,0,0,0,0,0,0,0,0,0,0,11194.0298507463,0,0,11194.0298507463,474.626865671642,183.582089552239,291.044776119403,0,0,0,168.65671641791,0,643.283582089552,0,0,0,0,0,0,0,126.865671641791,0,0,297.014925373134,31.3432835820896,0,0,0,0,0,35.8208955223881,0,152.238805970149,0,0,0,0,0,0,0,0,0,0,0,0,0,0,0,0,0,0,0,12039548.5617722,17604371.9347997,17604371.9347997,13986684.7816182,1119626.17371249,15106310.9553307,5564823.37302749,68.8181818181818
4,0,0,0,0,0,0,100,0,0,0,93000,99,1,252634,5,0.13,0,0.13,0,0,0.13,0,0.13,0,0,0,0,0,0,0,0.13,0,0.13,0,0,0.13,0,0.13,0,0,0,0,0,0,0,19,1,1153.84615384615,716153.846153846,0,716153.846153846,0,0,0,0,0,0,769.230769230769,0,0,0,715384.615384615,83076.9230769231,0,0,0,0,0,0,0,189615.384615385,47545.0081833061,237160.392798691,0,1384615.38461538,0,1384615.38461538,18451315.3846154,0,0,18451315.3846154,1289025.16202946,78843.5836333879,238706.772307692,317550.35594108,12961.5384615385,0,323.076923076923,0,1276.15384615385,14237.6923076923,21775384.6153846,4032646.15384615,25808030.7692308,0,0,0,0,0,0,0,0,7.69230769230769,0,0,0,1661.53846153846,1669.23076923077,1184.61538461538,646.153846153846,538.461538461538,0,0,0,0,0,1184.61538461538,0,0,0,0,0,0,0,84.6153846153846,0,30.7692307692308,161.538461538462,261.538461538462,0,0,0,0,0,284.615384615385,0,361.538461538462,0,0,0,0,0,0,0,0,0,0,0,0,0,0,0,0,0,0,0,20153481.1251719,24519005.6072013,24519005.6072013,19740340.5466448,1702165.74055646,21442506.2872013,4365524.48202946,81.4
4,0,0,0,0,0,0,1127000,0,0,0,0,36,3,261128,5,3.22,0,0.22,3,0,3.22,0,0.22,3,0,0,0,0,0,0,1.22,0,0.22,1,0,1.22,0,0.22,1,0,0,0,0,0,0,31,2,344.262295081967,923770.491803279,0,923770.491803279,0,0,0,0,0,0,923770.491803279,0,0,0,0,236475.409836066,361229.508196721,365491.803278689,0,27459.0163934426,0,0,7786.88524590164,49026.6393442623,84360.6557377049,133387.295081967,0,295081.967213115,0,295081.967213115,8904710.65573771,0,0,8904710.65573771,2316728.40983607,88096.9256557377,134253.854754098,222350.780409836,15459.0163934426,0,286.885245901639,0,1133.19672131148,16592.2131147541,30592639.3442623,3456250,34048889.3442623,0,0,0,0,0,0,0,0,16024.5901639344,0,0,0,0,16024.5901639344,484.426229508197,222.950819672131,261.475409836066,0,0,0,72.1311475409836,0,556.55737704918,0,0,0,0,0,0,0,91.8032786885246,0,75.4098360655738,109.016393442623,109.83606557377,0,0,0,0,42.6229508196721,62.2950819672131,0,22.9508196721311,0,0,0,0,42.6229508196721,0,0,0,0,0,0,0,0,0,0,0,0,0,0,9422143.40336066,31732160.9344262,31732160.9344262,11221439.0655738,517432.747622951,11738871.8131967,22310017.5310656,42
4,0,0,0,0,0,0,129400,85300,0,0,0,33,1,244300,5,1.01,0,0.94,0.07,0,1.01,0,0.94,0.07,0,0,0,0,0,0,0.45,0,0.42,0.03,0,0.45,0,0.42,0.03,0,0,0,0,0,0,28.9,2,291.111111111111,477111.111111111,0,477111.111111111,0,0,0,0,0,0,287555.555555556,189555.555555556,0,0,0,960888.888888889,334222.222222222,0,0,0,0,0,224000,196641.481481481,184444.444444444,381085.925925926,347037.037037037,1338000,0,1338000,9342944.44444444,2525600,0,11868544.4444444,5494245.18518518,262637.568059259,171923.106666667,434560.674725926,0,0,5442.22222222222,0,21496.7777777778,21496.7777777778,0,67929817.7777778,67929817.7777778,0,0,0,0,0,0,0,0,2266.66666666667,6320,0,0,0,8586.66666666667,457.777777777778,308.888888888889,148.888888888889,140,140,0,93.3333333333333,0,691.111111111111,0,0,0,0,0,0,0,144.444444444444,0,0,264.444444444444,44.4444444444444,0,0,0,0,0,95.5555555555556,0,142.222222222222,0,0,0,0,0,0,0,0,0,0,0,0,0,0,0,0,0,0,0,11115505.1191704,62435572.5925926,64961172.5925926,14837189.6296296,1772560.67472593,16609750.3043556,51320067.4734222,50.7647058823529
4,0,0,0,0,0,0,1323000,0,0,0,0,99,3,252634,6,1.55,0,1.55,0,0,1.55,0,1.55,0,0,0,0,0,0,0,1.55,0,1.55,0,0,1.55,0,1.55,0,0,0,0,0,0,0,12.5,1,322.58064516129,853548.387096774,0,853548.387096774,0,0,0,0,0,0,853548.387096774,0,0,0,0,150064.516129032,0,0,0,0,1023225.80645161,309677.419354839,56903.2258064516,15017.6344086022,0,15017.6344086022,0,1451612.90322581,0,1451612.90322581,0,3511612.90322581,76774.1935483871,3588387.09677419,6249458.08602151,123.857066666666,74174.4,74298.2570666667,16775.4838709677,0,0,0,0,16775.4838709677,19459561.2903226,0,19459561.2903226,0,0,0,0,0,0,0,0,3290.32258064516,0,0,0,0,3290.32258064516,0,0,0,129.677419354839,129.677419354839,0,0,63.2258064516129,192.903225806452,0,0,0,0,0,0,0,40.6451612903226,0,0,103.870967741935,25.8064516129032,0,0,0,0,0,0,0,22.5806451612903,0,0,0,0,0,0,0,0,0,0,0,0,0,0,0,0,0,0,0,1525911.16029247,13210103.2043011,17821716.1075269,6249458.08602151,1525911.16029247,7775369.24631398,11684192.0440086,66.5
4,0,0,0,0,0,0,13700,0,0,0,37300,37,1,266599,6,0.33,0,0.33,0,0,0.33,0,0.33,0,0,0,0,0,0,0,0.18,0,0.18,0,0,0.18,0,0.18,0,0,0,0,0,0,0,26.6666666666667,2,333.333333333333,283333.333333333,0,283333.333333333,0,0,0,0,0,0,76111.1111111111,0,0,0,207222.222222222,1123333.33333333,72777.7777777778,3263333.33333333,0,0,0,2038888.88888889,175000,775911.111111111,299722.222222222,1075633.33333333,216898.148148148,1375000,0,1375000,23683094.4444444,6165444.44444444,0,29848538.8888889,14681241.5925926,288175.973592593,456384.548888889,744560.522481482,15538.8888888889,0,0,0,0,15538.8888888889,24240666.6666667,0,24240666.6666667,0,0,0,0,0,0,0,0,661.111111111111,0,0,0,561.111111111111,1222.22222222222,1516.66666666667,294.444444444444,1222.22222222222,383.333333333333,194.444444444444,188.888888888889,66.6666666666667,0,1966.66666666667,0,0,0,0,0,0,0,122.222222222222,0,150,955.555555555556,16.6666666666667,0,0,0,0,0,0,0,377.777777777778,0,0,0,0,344.444444444444,0,0,0,0,0,0,0,0,0,0,0,0,0,0,25802654.9669259,9559425.07407407,15724869.5185185,38364336.037037,2119560.52248148,40483896.5595185,-16243229.8928518,93.5512820512821
4,0,0,0,0,0,0,171500,0,0,0,0,38,1,251309,6,0.33,0.33,0,0,0,0.33,0.33,0,0,0,0,0,0,0,0,0.33,0.33,0,0,0,0.33,0.33,0,0,0,0,0,0,0,0,28,2,818.181818181818,519696.96969697,0,519696.96969697,0,0,0,0,0,0,519696.96969697,0,0,0,0,1993030.3030303,427272.727272727,0,0,129696.96969697,0,0,190909.090909091,316363.636363636,181090.909090909,497454.545454545,1568181.81818182,2181818.18181818,0,2181818.18181818,26070000,5485060.60606061,0,31555060.6060606,11062612.030303,352329.391515151,431714.266666667,784043.658181818,14200,0,0,0,0,14200,17324000,0,17324000,0,0,0,0,0,0,0,0,5151.51515151515,0,0,0,0,5151.51515151515,1209.09090909091,715.151515151515,493.939393939394,339.393939393939,178.787878787879,160.606060606061,318.181818181818,0,1866.66666666667,0,0,0,0,0,0,0,178.787878787879,0,409.090909090909,615.151515151515,48.4848484848485,0,0,39.3939393939394,0,0,330.30303030303,0,221.212121212121,0,0,0,0,0,24.2424242424242,0,0,0,0,0,0,0,0,0,0,0,0,0,29035861.84,6261387.96969697,11746448.5757576,37132612.030303,2965861.84,40098473.870303,-22774473.870303,114.677419354839
4,0,0,0,0,0,0,171500,0,0,0,0,38,2,251309,6,0.83,0,0,0.83,0,0.83,0,0,0.83,0,0,0,0,0,0,0.83,0,0,0.83,0,0.83,0,0,0.83,0,0,0,0,0,0,38,2,144.578313253012,206626.506024096,0,206626.506024096,0,0,0,0,0,0,206626.506024096,0,0,0,0,135542.168674699,108674.698795181,0,0,4216.86746987952,0,0,22771.0843373494,354289.156626506,110052.631578947,464341.788205453,0,1301204.81927711,0,1301204.81927711,3393877.10843374,3303045.78313253,0,6696922.89156627,4496527.89663919,125963.54746988,88966.9522891566,214930.499759036,12539.7590361446,0,0,0,0,12539.7590361446,15298506.0240964,0,15298506.0240964,0,0,0,0,0,0,0,0,2048.19277108434,0,0,0,0,2048.19277108434,128.915662650602,107.228915662651,21.6867469879518,192.771084337349,192.771084337349,0,62.6506024096386,0,384.33734939759,0,0,0,0,0,0,0,32.5301204819277,0,24.0963855421687,59.0361445783133,15.6626506024096,0,0,0,0,0,201.204819277108,0,51.8072289156627,0,0,0,0,0,0,0,0,0,0,0,0,0,0,0,0,0,0,0,4910012.42746988,10801978.1274572,14105023.9105897,7890405.00507292,1516135.31903614,9406540.32410907,5891965.69998732,42.0476190476191
4,0,0,0,0,0,0,1739500,0,0,0,930000,38,2,251309,6,0.73,0,0.73,0,0,0.73,0,0.73,0,0,0,0,0,0,0,0.73,0,0.73,0,0,0.73,0,0.73,0,0,0,0,0,0,0,34,2,538.356164383562,3656849.31506849,0,3656849.31506849,0,0,0,0,0,0,2382876.71232877,0,0,0,1273972.60273973,703972.602739726,494520.547945205,13106575.3424658,87945.2054794521,16438.3561643836,0,3745205.47945205,1803698.63013699,813721.461187215,29920.6921413122,843642.153328527,0,295890.410958904,0,295890.410958904,18314276.7123288,13529127.3972603,242465.753424658,32085869.8630137,38342299.0863541,40493.0925258351,690693.334246575,731186.42677241,28263.0136986301,0,0,0,0,28263.0136986301,27249164.3835616,0,27249164.3835616,0,0,0,0,0,0,0,0,23287.6712328767,0,0,0,2958.90410958904,26246.5753424658,904.109589041096,295.890410958904,608.219178082192,756.164383561644,549.315068493151,206.849315068493,210.958904109589,123.287671232877,1994.52054794521,0,0,0,0,0,0,0,69.8630136986301,0,430.13698630137,1161.64383561644,75.3424657534247,0,0,0,0,32.8767123287671,83.5616438356164,0,141.095890410959,0,0,0,0,0,0,0,0,0,0,0,0,0,0,0,0,0,0,0,19480804.2471715,-11093134.7027925,2539007.75078106,56796026.4957943,1027076.83773131,57823103.3335256,-30573938.949964,42.0476190476191
4,0,0,0,0,0,0,176400,0,0,0,0,35,1,268798,5,0.3,0,0.3,0,0,0.1,0,0.1,0,0,0.2,0,0.2,0,0,0.3,0,0.3,0,0,0.1,0,0.1,0,0,0.2,0,0.2,0,0,25.5,2,266.666666666667,588000,0,588000,0,0,0,0,0,0,588000,0,0,0,0,167666.666666667,126666.666666667,0,0,0,0,0,0,0,0,0,192333.333333333,900000,1716666.66666667,2616666.66666667,12690073.3333333,6651253.33333333,0,19341326.6666667,9711384.66666666,0,253158.317333333,253158.317333333,27166.6666666667,0,0,0,0,27166.6666666667,38848333.3333333,0,38848333.3333333,0,0,0,0,0,0,0,0,5666.66666666667,0,0,0,0,5666.66666666667,786.666666666667,513.333333333333,273.333333333333,356.666666666667,356.666666666667,0,0,23.3333333333333,1166.66666666667,0,0,0,0,0,0,0,93.3333333333333,0,0,703.333333333333,46.6666666666667,0,0,0,0,0,323.333333333333,0,0,0,0,0,0,0,0,0,0,0,0,0,0,0,0,0,0,0,0,0,13843231.6506667,29136948.6666667,37504868.6666667,20684791.3333333,2869824.984,23554616.3173333,15293717.016,73.6666666666667
4,0,0,0,0,0,0,176400,0,0,0,114700,35,1,268798,5,0.26,0,0,0.26,0,0.26,0,0,0.26,0,0,0,0,0,0,0.26,0,0,0.26,0,0.26,0,0,0.26,0,0,0,0,0,0,8.75,2,500,1119615.38461538,0,1119615.38461538,0,0,0,0,0,0,678461.538461538,0,0,0,441153.846153846,112692.307692308,212692.307692308,0,0,5769.23076923077,0,0,0,343910.256410256,207500,551410.256410256,1132692.30769231,900000,0,900000,2773507.69230769,3724153.84615385,30769.2307692308,6528430.76923077,7145459.11625533,385109.820512821,101231.310769231,486341.131282051,4403.84615384615,0,2115.38461538462,0,8355.76923076923,12759.6153846154,6429615.38461538,33088846.1538462,39518461.5384615,0,0,0,0,0,0,0,0,4576.92307692308,0,0,0,2769.23076923077,7346.15384615385,26.9230769230769,26.9230769230769,0,192.307692307692,192.307692307692,0,107.692307692308,26.9230769230769,353.846153846154,0,0,0,0,0,0,0,26.9230769230769,0,0,92.3076923076923,103.846153846154,0,0,0,0,0,0,23.0769230769231,107.692307692308,0,0,0,0,0,0,0,0,0,0,0,0,0,0,0,0,0,0,0,4172982.57912929,32373002.4222062,36114791.7435897,9932100.56410256,1386341.13128205,11318441.6953846,28200019.8430769,73.6666666666667
4,0,0,0,0,0,0,176400,0,0,0,148800,37,1,266599,6,0.33,0,0.33,0,0,0.33,0,0.33,0,0,0,0,0,0,0,0.33,0,0.33,0,0,0.33,0,0.33,0,0,0,0,0,0,0,29.5,2,242.424242424242,985454.545454545,0,985454.545454545,0,0,0,0,0,0,534545.454545454,0,0,0,450909.090909091,947272.727272727,687575.757575758,0,0,118181.818181818,0,0,0,74803.0303030303,69196.1722488038,143999.202551834,0,818181.818181818,0,818181.818181818,11724139.3939394,1248484.84848485,0,12972624.2424242,4397567.89952153,73006.5564274322,194817.752727273,267824.309154705,13648.4848484848,0,0,0,0,13648.4848484848,16514666.6666667,0,16514666.6666667,0,0,0,0,0,0,0,0,4636.36363636364,0,0,0,1309.09090909091,5945.45454545455,484.848484848485,236.363636363636,248.484848484848,100,42.4242424242424,57.5757575757576,200,0,784.848484848485,0,0,0,0,0,0,0,160.606060606061,0,0,275.757575757576,78.7878787878788,0,0,0,0,0,109.090909090909,0,160.606060606061,0,0,0,0,0,0,0,0,0,0,0,0,0,0,0,0,0,0,0,12810145.5212759,12117098.7671451,13365583.61563,16121707.2934609,1086006.12733652,17207713.4207974,-693046.754130783,93.5512820512821
4,0,0,0,0,0,0,2100,0,0,0,52700,37,1,266599,6,0.2,0,0.2,0,0,0.2,0,0.2,0,0,0,0,0,0,0,0.18,0,0.18,0,0,0.18,0,0.18,0,0,0,0,0,0,0,34.25,2,672.222222222222,304444.444444444,0,304444.444444444,0,0,0,0,0,0,11666.6666666667,0,0,0,292777.777777778,521111.111111111,86666.6666666667,2644444.44444444,0,0,0,0,0,792666.666666667,0,792666.666666667,0,750000,0,750000,10079355.5555556,5719777.77777778,0,15799133.3333333,10335710.1111111,26818.1688888889,240011.92,266830.088888889,15872.2222222222,0,0,0,0,15872.2222222222,20316444.4444444,0,20316444.4444444,0,0,0,0,0,0,0,0,944.444444444444,0,0,0,800,1744.44444444444,588.888888888889,0,588.888888888889,355.555555555556,155.555555555556,200,88.8888888888889,0,1033.33333333333,0,0,0,0,0,0,0,94.4444444444444,0,455.555555555556,383.333333333333,38.8888888888889,0,0,0,0,0,0,0,61.1111111111111,0,0,0,0,0,0,0,0,0,0,0,0,0,0,0,0,0,0,0,11096185.6444444,9980734.33333333,15700512.1111111,20415065.6666667,1016830.08888889,21431895.7555556,-1115451.31111111,93.5512820512821
4,0,0,0,0,0,0,245000,0,0,0,0,38,2,251309,6,0.59,0.13,0.2,0.26,0,0.59,0.13,0.2,0.26,0,0,0,0,0,0,0.5,0.11,0.13,0.26,0,0.5,0.11,0.13,0.26,0,0,0,0,0,0,30.5,2,480,490000,0,490000,0,0,0,0,0,0,490000,0,0,0,0,900400,252600,91000,0,26000,0,0,982800,631040,236135,867175,173000,2592000,0,2592000,14961492,0,0,14961492,4034284,294520.116933333,219533.2208,514053.337733333,15480,0,0,0,0,15480,18885600,0,18885600,0,0,0,0,0,0,0,0,6800,0,0,0,0,6800,756,416,340,0,0,0,130,0,886,0,0,0,0,0,0,0,90,0,0,566,52,0,0,0,0,0,92,0,80,0,0,0,0,0,6,0,0,0,0,0,0,0,0,0,0,0,0,0,18067545.3377333,14851316,14851316,18995776,3106053.33773333,22101829.3377333,-3216229.33773333,42.0476190476191
4,0,0,0,0,0,0,253800,0,0,0,0,35,2,268798,6,0.65,0,0.42,0.23,0,0.65,0,0.42,0.23,0,0,0,0,0,0,0.58,0,0.35,0.23,0,0.58,0,0.35,0.23,0,0,0,0,0,0,25,2,250,437586.206896552,0,437586.206896552,0,0,0,0,0,0,437586.206896552,0,0,0,0,516724.137931034,52931.0344827586,0,0,0,0,0,93448.275862069,350333.333333333,0,350333.333333333,0,2482758.62068966,0,2482758.62068966,4396691.37931035,1027017.24137931,43103.4482758621,5466812.06896552,2755000.16992242,13826,81437.0213793103,95263.0213793103,15565.5172413793,0,0,0,0,15565.5172413793,22725655.1724138,0,22725655.1724138,0,0,0,0,0,0,0,0,4337.93103448276,0,0,0,0,4337.93103448276,125.862068965517,93.1034482758621,32.7586206896552,60.3448275862069,44.8275862068966,15.5172413793103,106.896551724138,0,293.103448275862,0,0,0,0,0,0,0,60.3448275862069,0,27.5862068965517,106.896551724138,17.2413793103448,0,0,0,0,0,0,0,67.2413793103448,0,0,0,0,0,0,0,0,0,0,0,0,0,0,0,0,0,0,13.7931034482759,7009654.52961781,19970655.0024914,21005834.183908,7186633.05747127,2578021.64206897,9764654.69954023,12961000.4728736,34.3333333333333
4,0,0,0,0,0,0,257300,0,0,0,5456000,38,3,251309,6,2.71,0.66,0.89,1.16,0,2.71,0.66,0.89,1.16,0,0,0,0,0,0,1.88,0.66,0.89,0.33,0,1.88,0.66,0.89,0.33,0,0,0,0,0,0,31,1,257.978723404255,3038989.36170213,0,3038989.36170213,0,0,0,0,0,0,136861.70212766,0,0,0,2902127.65957447,353723.404255319,242500,365531.914893617,0,0,0,80319.1489361702,68723.4042553191,1609397.16312057,105957.446808511,1715354.60992908,0,229787.234042553,0,229787.234042553,5957016.4893617,3810727.65957447,152659.574468085,9920403.72340425,9986736.17152492,124530.957446808,174470.36787234,299001.325319149,17610.6382978723,0,0,0,0,17610.6382978723,16757281.9148936,0,16757281.9148936,0,0,0,0,0,0,0,0,1356.3829787234,0,0,0,4212.76595744681,5569.14893617021,289.36170212766,162.765957446808,126.595744680851,218.617021276596,175.531914893617,43.0851063829787,60.6382978723404,0,568.617021276596,0,0,0,0,0,0,0,11.7021276595745,0,150.531914893617,336.702127659574,30.8510638297872,0,0,0,0,0,7.97872340425532,0,30.8510638297872,0,0,0,0,0,0,0,0,0,0,0,0,0,0,0,0,0,0,0,6578906.95521267,6770545.7433687,10640831.070922,16036854.5673759,528788.559361702,16565643.1267376,191638.788156029,53.6
4,0,0,0,0,0,0,264600,0,0,0,0,35,1,268798,6,0.33,0,0.33,0,0,0.33,0,0.33,0,0,0,0,0,0,0,0.33,0,0.33,0,0,0.33,0,0.33,0,0,0,0,0,0,0,22,2,303.030303030303,801818.181818182,0,801818.181818182,0,0,0,0,0,0,801818.181818182,0,0,0,0,160000,289696.96969697,0,0,4545.45454545455,0,0,0,3111494.94949495,0,3111494.94949495,995959.595959596,2727272.72727273,0,2727272.72727273,28666648.4848485,11409090.9090909,460606.060606061,40536345.4545455,17172533.1800735,414832.380606061,518225.835151515,933058.215757576,25636.3636363636,0,0,0,0,25636.3636363636,27430909.0909091,0,27430909.0909091,0,0,0,0,0,0,0,0,3090.90909090909,0,0,0,0,3090.90909090909,1230.30303030303,1230.30303030303,0,924.242424242424,212.121212121212,712.121212121212,342.424242424242,0,2496.9696969697,0,0,0,0,0,0,0,48.4848484848485,0,0,1627.27272727273,60.6060606060606,0,0,0,0,193.939393939394,475.757575757576,0,0,90.9090909090909,0,0,0,0,0,0,0,0,0,0,0,0,0,0,0,0,0,0,32656456.3690174,10258375.9108356,21798595.9393939,46168658.6060606,3660330.9430303,49828989.5490909,-22398080.4581818,73.6666666666667
4,0,0,0,0,0,0,360200,0,0,0,895900,38,2,251309,6,0.82,0,0.82,0,0,0.82,0,0.82,0,0,0,0,0,0,0,0.82,0,0.82,0,0,0.82,0,0.82,0,0,0,0,0,0,0,20,2,890.243902439025,1531829.26829268,0,1531829.26829268,0,0,0,0,0,0,439268.292682927,0,0,0,1092560.97560976,1538048.78048781,838170.731707317,0,0,50365.8536585366,0,0,38414.6341463415,307682.926829268,91097.5609756098,398780.487804878,626524.390243903,1887804.87804878,0,1887804.87804878,25586656.097561,3707317.07317073,192682.926829268,29486656.097561,9005145.32767691,173724.680487805,415195.218536585,588919.89902439,15652.4390243902,0,0,0,0,15652.4390243902,8295792.68292683,0,8295792.68292683,0,0,0,0,0,0,0,0,4353.65853658537,0,0,0,2985.36585365854,7339.0243902439,1026.82926829268,554.878048780488,471.951219512195,219.512195121951,90.2439024390244,129.268292682927,456.09756097561,0,1702.43902439024,0,0,0,101.219512195122,0,0,0,242.682926829268,0,128.048780487805,320.731707317073,82.9268292682927,0,0,90.2439024390244,0,0,346.341463414634,0,385.365853658537,0,0,0,0,0,4.87804878048781,0,0,0,0,0,0,0,0,0,0,0,0,0,28231678.6932987,-709352.644750084,3022349.53658537,34760099.2439024,2476724.77707317,37236824.0209756,-28941031.3380488,42.0476190476191
4,0,0,0,0,0,0,367500,0,0,0,0,35,2,268798,6,0.8,0,0.5,0.3,0,0.8,0,0.5,0.3,0,0,0,0,0,0,0.8,0,0.5,0.3,0,0.8,0,0.5,0.3,0,0,0,0,0,0,38,2,287.5,459375,0,459375,0,0,0,0,0,0,459375,0,0,0,0,569875,209375,0,0,0,0,0,0,642833.333333333,0,642833.333333333,205416.666666667,2250000,0,2250000,5273493.75,2632500,13750,7919743.75,4992751.4092607,113549.693333333,113563.7725,227113.465833333,17827.5,0,0,0,0,17827.5,25493325,0,25493325,0,0,0,0,0,0,0,0,4250,0,0,0,0,4250,158.75,81.25,77.5,191.25,83.75,107.5,131.25,0,481.25,0,0,0,0,0,0,0,133.75,0,0,248.75,42.5,0,0,17.5,0,0,30,0,8.75,0,0,0,0,0,0,0,0,0,0,0,0,0,0,0,0,0,0,0,7759778.80657264,20500573.5907393,23137652,10275416.75,2477113.46583333,12752530.2158333,12740794.7841667,34.3333333333333
4,0,0,0,0,0,0,514500,0,0,0,0,38,2,251309,6,0.66,0.66,0,0,0,0.66,0.66,0,0,0,0,0,0,0,0,0.66,0.66,0,0,0,0.66,0.66,0,0,0,0,0,0,0,0,15,2,303.030303030303,779545.454545454,0,779545.454545454,0,0,0,0,0,0,779545.454545454,0,0,0,0,102272.727272727,206363.636363636,0,0,10606.0606060606,0,0,47727.2727272727,1054545.45454545,70424.2424242424,1124969.6969697,0,1730909.09090909,0,1730909.09090909,6028565.15151515,3993318.18181818,0,10021883.3333333,6516112.03030303,127772.455757576,138488.141212121,266260.596969697,20990.9090909091,0,0,0,0,20990.9090909091,13014363.6363636,0,13014363.6363636,0,0,0,0,0,0,0,0,7727.27272727273,0,0,0,0,7727.27272727273,225.757575757576,131.818181818182,93.9393939393939,236.363636363636,168.181818181818,68.1818181818182,124.242424242424,0,586.363636363636,0,0,0,0,0,0,0,53.030303030303,0,65.1515151515151,171.212121212121,39.3939393939394,0,0,16.6666666666667,0,0,148.484848484848,0,92.4242424242424,0,0,0,0,0,0,0,0,0,0,0,0,0,0,0,0,0,0,0,8025734.83939394,6498251.60606061,10491569.7878788,12544677.1818182,1997169.68787879,14541846.869697,-1527483.23333333,42.0476190476191
4,0,0,0,0,0,0,51500,0,0,0,105400,38,1,251309,6,0.17,0,0.17,0,0,0,0,0,0,0,0.17,0,0.17,0,0,0.17,0,0.17,0,0,0,0,0,0,0,0.17,0,0.17,0,0,21,1,1000,922941.176470588,0,922941.176470588,0,0,0,0,0,0,302941.176470588,0,0,0,620000,1637058.82352941,140000,0,0,0,0,0,370588.235294118,483333.333333333,1724241.48606811,2207574.81940144,0,0,6864705.88235294,6864705.88235294,73197441.1764706,0,0,73197441.1764706,12394177.9370485,1627535.44685242,945723.564705882,2573259.01155831,20494.1176470588,0,0,0,0,20494.1176470588,25002823.5294118,0,25002823.5294118,0,0,0,0,0,0,0,0,3000,0,0,0,1694.11764705882,4694.11764705882,4152.94117647059,3358.82352941176,794.117647058823,0,0,0,188.235294117647,0,4341.17647058824,0,0,0,0,0,0,0,170.588235294118,0,152.941176470588,364.705882352941,117.647058823529,0,0,164.705882352941,0,0,1105.88235294118,0,2229.41176470588,0,0,0,0,0,35.2941176470588,0,0,0,0,0,0,0,0,0,0,0,0,0,75770700.1880289,12608645.5923633,19473351.4747162,78726913.2311661,9437964.89391125,88164878.1250774,-63162054.5956656,114.677419354839
4,0,0,0,0,0,0,63200,0,0,0,105400,37,1,266599,6,0.59,0,0.59,0,0,0.59,0,0.59,0,0,0,0,0,0,0,0.43,0,0.43,0,0,0.43,0,0.43,0,0,0,0,0,0,0,16.6666666666667,2,244.186046511628,392093.023255814,0,392093.023255814,0,0,0,0,0,0,146976.744186047,0,0,0,245116.279069767,634883.720930232,233255.813953488,5396511.62790698,0,0,0,0,22093.023255814,593713.178294574,57906.976744186,651620.15503876,764341.085271318,502325.581395349,0,502325.581395349,17974230.2325581,2515441.86046512,0,20489672.0930233,10876839.3100775,170191.884031008,336889.515348837,507081.399379845,17769.7674418605,0,0,0,0,17769.7674418605,25410767.4418605,0,25410767.4418605,0,0,0,0,0,0,0,0,1186.04651162791,0,0,0,669.767441860465,1855.81395348837,1065.11627906977,439.53488372093,625.581395348837,155.813953488372,81.3953488372093,74.4186046511628,60.4651162790698,0,1281.39534883721,0,0,0,0,0,0,0,109.302325581395,0,462.790697674419,693.023255813953,16.2790697674419,0,0,0,0,0,0,0,0,0,0,0,0,0,0,0,0,0,0,0,0,0,0,0,0,0,0,0,18983637.2133333,14533928.1317829,17049369.9922481,28851069.5426357,1009406.98077519,29860476.5234108,-4449709.08155039,93.5512820512821
4,0,0,0,0,0,0,632100,0,0,0,0,37,1,266599,6,0.4,0.22,0.18,0,0,0.4,0.22,0.18,0,0,0,0,0,0,0,0.2,0.11,0.09,0,0,0.2,0.11,0.09,0,0,0,0,0,0,0,38,2,300,3160500,0,3160500,0,0,0,0,0,0,3160500,0,0,0,0,1795500,170500,11593500,0,0,0,0,0,1482141.66666667,199200,1681341.66666667,198000,585000,0,585000,40039930,11746600,30000,51816530,30619345.4863756,348884.581333333,849852.972,1198737.55333333,26595,0,0,0,0,26595,30318300,0,30318300,0,0,0,0,0,0,0,0,25500,0,0,0,0,25500,2275,1125,1150,740,420,320,170,0,3185,0,0,0,0,0,0,0,375,0,980,1740,65,0,0,0,0,0,0,0,25,0,0,0,0,0,0,0,0,0,0,0,0,0,0,0,0,0,0,0,41846862.7336244,-301045.486375578,11452359.3333333,70682470.6666667,1783737.55333333,72466208.22,-42147908.22,93.5512820512821
4,0,0,0,0,0,0,655400,0,0,0,310000,38,1,251309,6,0.4,0,0.4,0,0,0.4,0,0.4,0,0,0,0,0,0,0,0.4,0,0.4,0,0,0.4,0,0.4,0,0,0,0,0,0,0,38,2,537.5,2413500,0,2413500,0,0,0,0,0,0,1638500,0,0,0,775000,649500,488500,7700000,0,43750,0,0,71000,584350,27302.6315789474,611652.631578947,0,652500,0,652500,19974875,13014470,0,32989345,25243681.6315789,32691.1478947368,550009.378,582700.525894737,1872.5,4882.5,0,0,14793.975,16666.475,1872500,38464335,40336835,0,0,0,0,0,0,0,0,15937.5,0,0,0,1800,17737.5,845,572.5,272.5,797.5,455,342.5,280,0,1922.5,0,0,0,0,0,0,0,117.5,0,75,1315,17.5,0,0,0,0,20,110,0,265,0,0,0,0,0,2.5,0,0,0,0,0,0,0,0,0,0,0,0,0,21210075.5258947,15093153.368421,28107623.368421,45218556.631579,1235200.52589474,46453757.1574737,-6116922.1574737,114.677419354839
4,0,0,0,0,0,0,73500,118500,0,0,210800,38,1,251309,6,0.47,0,0.31,0.16,0,0.47,0,0.31,0.16,0,0,0,0,0,0,0.47,0,0.31,0.16,0,0.47,0,0.31,0.16,0,0,0,0,0,0,37.3333333333333,2,308.510638297872,857021.276595745,0,857021.276595745,0,0,0,0,0,0,156382.978723404,252127.659574468,0,0,448510.638297872,1177659.57446809,159361.70212766,0,0,25531.914893617,0,0,415531.914893617,641907.80141844,738634.938409854,1380542.73982829,0,2207872.34042553,0,2207872.34042553,2731914.89361702,2284489.36170213,0,5016404.25531915,6551447.48450915,661133.223994028,94878.7319148936,756011.955908921,16889.3617021277,0,0,0,0,16889.3617021277,11991446.8085106,0,11991446.8085106,0,0,0,0,0,0,0,0,1808.51063829787,1680.85106382979,0,0,1225.53191489362,4714.89361702128,0,0,0,148.936170212766,76.5957446808511,72.3404255319149,127.659574468085,0,276.595744680851,0,0,0,0,0,0,0,100,0,0,57.4468085106383,44.6808510638298,0,0,0,0,0,17.0212765957447,0,57.4468085106383,0,0,0,0,0,0,0,0,0,0,0,0,0,0,0,0,0,0,0,5695799.18995147,5439999.32400149,7724488.68570362,9283362.37812617,2963884.29633445,12247246.6744606,-255799.865949981,114.677419354839
4,0,0,0,0,0,0,74500,0,0,0,0,35,1,268798,6,0.26,0,0.26,0,0,0.26,0,0.26,0,0,0,0,0,0,0,0.26,0,0.26,0,0,0.26,0,0.26,0,0,0,0,0,0,0,31,2,669.230769230769,286538.461538462,0,286538.461538462,0,0,0,0,0,0,286538.461538462,0,0,0,0,582692.307692308,45769.2307692308,0,0,0,657692.307692308,0,218461.538461538,422730.769230769,15323.0769230769,438053.846153846,0,2596153.84615385,0,2596153.84615385,3944853.84615385,3030769.23076923,0,6975623.07692308,5528774.92307692,52794.1255384615,108708.033846154,161502.159384615,12784.6153846154,0,0,0,0,12784.6153846154,18665538.4615385,0,18665538.4615385,0,0,0,0,0,0,0,0,2615.38461538462,0,0,0,0,2615.38461538462,169.230769230769,84.6153846153846,84.6153846153846,119.230769230769,119.230769230769,0,57.6923076923077,23.0769230769231,369.230769230769,0,0,0,0,0,0,0,134.615384615385,0,0,165.384615384615,0,0,0,0,0,0,0,0,57.6923076923077,0,0,0,0,0,0,0,0,0,0,0,0,0,0,0,0,0,0,11.5384615384615,6702509.85169231,13136763.5384615,16825225.0769231,9473628.76923077,2757656.00553846,12231284.7747692,6434253.68676923,73.6666666666667
4,0,0,0,0,0,105000,0,0,0,0,124000,37,1,266599,6,0.33,0,0.33,0,0,0.33,0,0.33,0,0,0,0,0,0,0,0.33,0,0.33,0,0,0.33,0,0.33,0,0,0,0,0,0,0,25.3333333333333,2,303.030303030303,693939.393939394,318181.818181818,375757.575757576,0,0,0,0,0,318181.818181818,0,0,0,0,375757.575757576,797575.757575758,381515.151515151,0,0,121212.121212121,0,0,0,95166.6666666667,255380.399742102,350547.066408769,0,490909.090909091,0,490909.090909091,10533512.1212121,0,0,10533512.1212121,2611388.49065119,241432.009373307,155344.156363636,396776.165736944,16166.6666666667,0,0,0,0,16166.6666666667,19561666.6666667,0,19561666.6666667,0,0,0,0,0,0,4242.42424242424,4242.42424242424,0,0,0,0,1090.90909090909,1090.90909090909,503.030303030303,200,303.030303030303,0,0,0,139.393939393939,0,642.424242424242,0,0,0,0,0,0,0,115.151515151515,0,0,215.151515151515,72.7272727272727,0,0,0,0,0,127.272727272727,0,112.121212121212,0,0,0,0,0,0,0,0,0,0,0,0,0,0,0,0,0,0,0,11421197.3778582,16950278.1760155,16950278.1760155,13144900.6118633,887685.256646035,14032585.8685093,5529080.79815732,93.5512820512821
4,0,0,0,0,0,14800,0,0,0,0,0,37,1,266599,5,0.46,0,0.36,0.1,0,0.46,0,0.36,0.1,0,0,0,0,0,0,0.46,0,0.36,0.1,0,0.46,0,0.36,0.1,0,0,0,0,0,0,44.6666666666667,1,304.347826086957,32173.9130434783,32173.9130434783,0,0,0,0,0,0,32173.9130434783,0,0,0,0,0,19347.8260869565,12173.9130434783,0,0,0,0,0,0,739710.144927536,0,739710.144927536,1071739.13043478,528260.869565217,0,528260.869565217,3265600,0,0,3265600,2141743.92753623,146406.188985507,41283.2660869565,187689.455072464,11621.7391304348,0,0,204.347826086957,619.173913043478,12240.9130434783,24606586.9565217,2811049.56521739,27417636.5217391,0,0,0,0,0,0,39.1304347826087,39.1304347826087,0,0,0,0,0,0,163.04347826087,163.04347826087,0,0,0,0,15.2173913043478,0,178.260869565217,0,0,0,0,0,0,0,8.69565217391304,0,0,160.869565217391,2.17391304347826,0,0,0,0,0,0,0,6.52173913043478,0,0,0,0,0,0,0,0,0,0,0,0,0,0,0,0,0,0,0,3981550.32463768,25275892.5942029,25275892.5942029,5407343.92753623,715950.324637681,6123294.25217391,21294342.2695652,93.5512820512821
4,0,0,0,0,0,183800,0,0,0,0,297600,37,1,266599,6,0.6,0,0.6,0,0,0.6,0,0.6,0,0,0,0,0,0,0,0.43,0,0.43,0,0,0.43,0,0.43,0,0,0,0,0,0,0,32,2,279.06976744186,1119534.88372093,427441.860465116,692093.023255814,0,0,0,0,0,427441.860465116,0,0,0,0,692093.023255814,660232.558139535,515348.837209302,0,0,0,0,0,0,60000,106208.078335373,166208.078335373,0,1004651.1627907,0,1004651.1627907,8302593.02325581,1093339.53488372,0,9395932.55813953,3821262.89228886,100132.795691554,144969.005581395,245101.80127295,13793.023255814,0,0,0,0,13793.023255814,19724023.255814,0,19724023.255814,0,0,0,0,0,0,5697.67441860465,5697.67441860465,0,0,0,0,2009.3023255814,2009.3023255814,281.395348837209,34.8837209302326,246.511627906977,65.1162790697674,55.8139534883721,9.30232558139535,204.651162790698,0,551.162790697674,0,0,0,0,0,0,0,109.302325581395,0,34.8837209302326,100,81.3953488372093,0,0,0,0,0,69.7674418604651,0,155.813953488372,0,0,0,0,0,0,0,0,0,0,0,0,0,0,0,0,0,0,0,9552345.98731946,15902760.3635251,16996099.8984088,12123855.9155447,1249752.96406365,13373608.8796083,6350414.37620563,93.5512820512821
4,0,0,0,0,0,210000,0,0,0,0,446400,37,2,266599,6,0.76,0,0.76,0,0,0.76,0,0.76,0,0,0,0,0,0,0,0.76,0,0.76,0,0,0.76,0,0.76,0,0,0,0,0,0,0,27,2,328.947368421053,863684.210526316,276315.789473684,587368.421052632,0,0,0,0,0,276315.789473684,0,0,0,0,587368.421052632,757894.736842105,315526.315789474,0,0,0,0,0,0,67694.7368421053,37557.1329639889,105251.869806094,0,805263.157894737,0,805263.157894737,9658673.68421053,670905.263157895,0,10329578.9473684,2979861.39612188,40694.2495844875,152106.884210526,192801.133795014,16981.5789473684,0,0,0,0,16981.5789473684,20547710.5263158,0,20547710.5263158,0,0,0,0,0,0,3684.21052631579,3684.21052631579,0,0,0,0,1705.26315789474,1705.26315789474,475,243.421052631579,231.578947368421,40.7894736842105,40.7894736842105,0,102.631578947368,0,618.421052631579,0,0,0,0,0,0,0,107.894736842105,0,0,280.263157894737,84.2105263157895,0,0,0,0,0,78.9473684210526,0,67.1052631578947,0,0,0,0,0,0,0,0,0,0,0,0,0,0,0,0,0,0,0,10656737.9759003,17567849.1301939,18238754.3933518,12638535.0803324,998064.291689751,13636599.3720222,6911111.15429363,68.8181818181818
4,0,0,0,0,0,262500,0,0,0,0,2418000,37,3,266599,6,1.98,0,1.98,0,0,1.98,0,1.98,0,0,0,0,0,0,0,1.98,0,1.98,0,0,1.98,0,1.98,0,0,0,0,0,0,0,40.3333333333333,2,358.585858585859,1353787.87878788,132575.757575758,1221212.12121212,0,0,0,0,0,132575.757575758,0,0,0,0,1221212.12121212,1063232.32323232,139848.484848485,0,0,63131.3131313131,0,0,33333.3333333333,270041.32996633,86985.6996617915,357027.029628121,27104.3771043771,909090.909090909,0,909090.909090909,6406626.26262626,1278924.24242424,0,7685550.5050505,4582987.98249007,122722.823403614,128202.15959596,250924.982999574,15094.4444444444,0,0,0,0,15094.4444444444,18264277.7777778,0,18264277.7777778,0,0,0,0,0,0,1767.67676767677,1767.67676767677,0,0,0,0,5818.18181818182,5818.18181818182,361.616161616162,164.646464646465,196.969696969697,78.7878787878788,44.4444444444444,34.3434343434343,38.8888888888889,0,479.292929292929,0,0,0,0,0,0,0,38.3838383838384,0,0,283.838383838384,51.5151515151515,0,0,0,0,0,74.7474747474748,0,30.8080808080808,0,0,0,0,0,0,0,0,0,0,0,0,0,0,0,0,0,0,0,7566642.15471675,13681289.7952877,14960214.0377119,10989614.2451163,1160015.89209048,12149630.1372068,6114647.64057096,44.6666666666667
4,0,0,0,0,0,31500,0,0,808500,0,0,36,3,261128,6,1.37,0.35,0.89,0.13,0,1.37,0.35,0.89,0.13,0,0,0,0,0,0,1.37,0.35,0.89,0.13,0,1.37,0.35,0.89,0.13,0,0,0,0,0,0,20.375,2,397.080291970803,613138.686131387,22992.700729927,590145.98540146,0,0,0,0,0,22992.700729927,0,0,590145.98540146,0,0,638540.145985401,425547.445255474,0,0,0,0,0,436861.313868613,627133.819951338,795403.38071456,1422537.2006659,377676.399026764,78467.1532846715,0,78467.1532846715,4808089.7810219,242236.496350365,0,5050326.27737226,4417665.6872839,737218.571320271,88838.7319708029,826057.303291074,15967.1532846715,0,0,0,0,15967.1532846715,19479927.0072993,0,19479927.0072993,0,0,0,0,0,0,38.6861313868613,38.6861313868613,0,0,15967.1532846715,0,0,15967.1532846715,197.810218978102,102.189781021898,95.6204379562044,14.5985401459854,14.5985401459854,0,77.3722627737226,0,289.78102189781,0,0,0,1.45985401459854,0,0,0,54.014598540146,0,0,164.963503649635,5.83941605839416,0,0,2.18978102189781,0,2.18978102189781,24.0875912408759,0,25.5474452554744,0,0,0,9.48905109489051,0,0,0,0,0,0,0,0,0,0,0,0,0,0,0,5712614.23759764,15062261.3200154,15304497.8163657,9225755.4683058,904524.456575746,10130279.9248815,9349647.08241772,42
4,0,0,0,0,0,31500,343000,0,0,0,0,36,3,261128,6,2.49,0,0,2.49,0,2.49,0,0,2.49,0,0,0,0,0,0,1,0,0,1,0,1,0,0,1,0,0,0,0,0,0,17,2,370,374500,31500,343000,0,0,0,0,0,31500,343000,0,0,0,0,146500,60700,0,0,24500,0,0,0,234803.333333333,221129.473684211,455932.807017544,0,720000,0,720000,2871474,0,0,2871474,1323260.80701754,84778.8084842105,43123.1576,127901.966084211,15558,0,0,0,0,15558,18047280,0,18047280,0,0,0,0,0,0,53,53,3400,0,0,0,0,3400,33,26,7,0,0,0,109,0,142,0,0,0,0,0,0,0,17,0,1,14,10,0,0,0,0,8,42,0,50,0,0,0,0,0,0,0,0,0,0,0,0,0,0,0,0,0,0,0,3719375.96608421,16724019.1929825,16724019.1929825,4194734.80701754,847901.966084211,5042636.77310175,13004643.2268982,42
4,0,0,0,0,0,393800,0,0,0,0,297600,37,2,266599,6,0.66,0,0.66,0,0,0.66,0,0.66,0,0,0,0,0,0,0,0.66,0,0.66,0,0,0.66,0,0.66,0,0,0,0,0,0,0,23.25,2,189.393939393939,1047575.75757576,596666.666666667,450909.090909091,0,0,0,0,0,596666.666666667,0,0,0,0,450909.090909091,1123787.87878788,333939.393939394,0,0,0,0,0,0,289041.666666667,207853.065226735,496894.731893402,8636.36363636364,818181.818181818,0,818181.818181818,10913304.5454545,323975.757575758,0,11237280.3030303,3601408.88340855,243386.514931979,170408.033333333,413794.548265313,12307.5757575758,0,0,0,0,12307.5757575758,14892166.6666667,0,14892166.6666667,0,0,0,0,0,0,7954.54545454546,7954.54545454546,0,0,0,0,1309.09090909091,1309.09090909091,528.787878787879,215.151515151515,313.636363636364,19.6969696969697,19.6969696969697,0,139.393939393939,0,687.878787878788,0,0,0,0,0,0,0,139.393939393939,0,0,193.939393939394,80.3030303030303,0,0,0,0,0,160.606060606061,0,113.636363636364,0,0,0,0,0,0,0,0,0,0,0,0,0,0,0,0,0,0,0,12145280.9119017,11290757.7832581,11614733.5408339,14514713.4288631,1231976.36644713,15746689.7953102,-854523.128643563,68.8181818181818
4,0,0,0,0,0,393800,0,0,0,0,496000,37,3,266599,6,1.15,0,1.15,0,0,1.15,0,1.15,0,0,0,0,0,0,0,1.15,0,1.15,0,0,1.15,0,1.15,0,0,0,0,0,0,0,33.75,2,332.173913043478,773739.130434783,342434.782608696,431304.347826087,0,0,0,0,0,342434.782608696,0,0,0,0,431304.347826087,1148695.65217391,185565.217391304,0,0,0,0,0,0,510996.52173913,23165.4462242563,534161.967963387,0,939130.434782609,0,939130.434782609,6313395.65217391,659603.47826087,0,6972999.13043478,3568364.44622426,78808.5823853547,112604.389217391,191412.971602746,14133.0434782609,0,0,0,0,14133.0434782609,17100982.6086957,0,17100982.6086957,0,0,0,0,0,0,4565.21739130435,4565.21739130435,0,0,0,0,1252.17391304348,1252.17391304348,346.086956521739,180,166.086956521739,40,40,0,40.8695652173913,0,426.95652173913,0,0,0,0,0,0,0,33.0434782608696,0,0,222.608695652174,77.3913043478261,0,0,0,0,0,57.3913043478261,0,36.5217391304348,0,0,0,0,0,0,0,0,0,0,0,0,0,0,0,0,0,0,0,7443939.05855927,13532618.1624714,14192221.6407323,9881760.09839817,1130543.40638535,11012303.5047835,6088679.10391213,44.6666666666667
4,0,0,0,0,0,42000,0,0,0,0,0,38,1,251309,5,0.33,0.2,0,0.13,0,0.33,0.2,0,0.13,0,0,0,0,0,0,0.3,0.17,0,0.13,0,0.3,0.17,0,0.13,0,0,0,0,0,0,38,2,283.333333333333,140000,140000,0,0,0,0,0,0,140000,0,0,0,0,0,495333.333333333,589666.666666667,1338000,927333.333333333,33333.3333333333,0,0,609000,994377.777777778,174300,1168677.77777778,297000,1200000,0,1200000,21546233.3333333,11708920,0,33255153.3333333,17558573.4444444,202139.826222222,463608.968,665748.794222222,22410,0,0,0,0,22410,40113900,0,40113900,0,0,0,0,0,0,233.333333333333,233.333333333333,0,0,0,0,0,0,1196.66666666667,633.333333333333,563.333333333333,676.666666666667,573.333333333333,103.333333333333,106.666666666667,0,1980,0,0,0,0,0,0,0,170,0,193.333333333333,1153.33333333333,0,0,0,0,0,0,80,0,383.333333333333,0,0,0,0,0,0,0,0,0,0,0,0,0,0,0,0,0,0,0,23411982.1275555,22555326.5555556,34264246.5555556,39104806.7777778,1865748.79422222,40970555.572,-856655.572000004,114.677419354839
4,0,0,0,0,0,65600,0,0,0,0,248000,37,1,266599,6,0.43,0,0.43,0,0,0.43,0,0.43,0,0,0,0,0,0,0,0.33,0,0.33,0,0,0.33,0,0.33,0,0,0,0,0,0,0,37,2,227.272727272727,950303.03030303,198787.878787879,751515.151515151,0,0,0,0,0,198787.878787879,0,0,0,0,751515.151515151,955757.575757576,500606.060606061,0,0,118181.818181818,0,0,0,75476.7676767677,454168.574038255,529645.341715023,0,1636363.63636364,0,1636363.63636364,13684027.2727273,679154.545454545,0,14363181.8181818,4000247.37201805,468676.678369439,209411.575757576,678088.254127015,15663.6363636364,0,0,0,0,15663.6363636364,18953000,0,18953000,0,0,0,0,0,0,5303.0303030303,5303.0303030303,0,0,0,0,2181.81818181818,2181.81818181818,545.454545454545,242.424242424242,303.030303030303,39.3939393939394,39.3939393939394,0,245.454545454545,0,830.30303030303,0,0,0,0,0,0,0,193.939393939394,0,0,293.939393939394,60.6060606060606,0,0,0,0,39.3939393939394,72.7272727272727,0,169.69696969697,0,0,0,0,0,0,0,0,0,0,0,0,0,0,0,0,0,0,0,15998479.1632179,14952752.6279819,15631907.1734365,17684274.6447453,2314451.89049065,19998726.535236,-1045726.53523597,93.5512820512821
4,0,0,0,0,0,693000,0,0,0,0,0,37,1,266599,6,0.69,0,0.69,0,0,0.51,0,0.51,0,0,0.18,0,0.18,0,0,0.48,0,0.48,0,0,0.3,0,0.3,0,0,0.18,0,0.18,0,0,40,2,222.916666666667,1443750,1443750,0,0,0,0,0,0,1443750,0,0,0,0,0,752291.666666667,232916.666666667,3674166.66666667,0,0,0,2277083.33333333,91875,1697829.16666667,192938.596491228,1890767.76315789,0,862500,568750,1431250,23040347.9166667,4737583.33333333,0,27777931.25,15935783.4298246,201351.869491228,449500.180833333,650852.050324561,13795.8333333333,0,0,0,0,13795.8333333333,21107625,0,21107625,0,0,0,0,0,0,21875,21875,0,0,0,0,0,0,1208.33333333333,664.583333333333,543.75,264.583333333333,264.583333333333,0,162.5,0,1635.41666666667,0,0,0,0,0,0,0,118.75,0,225,589.583333333333,29.1666666666667,0,0,10.4166666666667,0,27.0833333333333,12.5,0,108.333333333333,0,0,0,0,514.583333333333,0,0,0,0,0,0,0,0,0,0,0,0,0,0,24553699.9669912,5171841.57017544,10478174.9035088,38407381.3464912,2082102.05032456,40489483.3968158,-19381858.3968158,93.5512820512821
4,0,0,0,0,60000,0,0,0,0,0,0,99,1,252634,6,0.16,0,0.16,0,0,0.16,0,0.16,0,0,0,0,0,0,0,0.16,0,0.16,0,0,0.16,0,0.16,0,0,0,0,0,0,0,13,1,231.25,375000,375000,0,0,0,0,0,375000,0,0,0,0,0,0,28125,0,0,0,0,0,0,0,132433.333333333,441489.361702128,573922.695035461,0,1687500,0,1687500,9929775,0,0,9929775,1229681.69503546,488891.437929078,128127.96,617019.397929078,12762.5,0,0,0,0,12762.5,15187375,0,15187375,0,0,0,0,0,1212.5,0,1212.5,0,0,0,0,0,0,531.25,475,56.25,0,0,0,31.25,0,562.5,0,0,0,0,0,0,0,0,0,25,181.25,18.75,0,0,0,0,0,87.5,0,250,0,0,0,0,0,0,0,0,0,0,0,0,0,0,0,0,0,0,0,12234294.3979291,13957693.3049645,13957693.3049645,11159456.6950355,2304519.39792908,13463976.0929645,1723398.90703546,81.4
4,0,0,0,100800,0,0,0,0,0,0,0,35,1,268798,6,0.35,0,0.35,0,0,0.35,0,0.35,0,0,0,0,0,0,0,0.35,0,0.35,0,0,0.35,0,0.35,0,0,0,0,0,0,0,23,2,257.142857142857,288000,288000,0,0,0,0,288000,0,0,0,0,0,0,0,279142.857142857,216857.142857143,0,0,0,0,0,0,1602457.14285714,0,1602457.14285714,469523.80952381,2314285.71428571,0,2314285.71428571,5383102.85714286,0,0,5383102.85714286,3124778.95238095,235274.293333333,76472.0754285714,311746.368761905,15154.2857142857,0,0,0,0,15154.2857142857,18942857.1428571,0,18942857.1428571,0,0,0,0,348.571428571429,0,0,348.571428571429,0,0,0,0,0,0,202.857142857143,122.857142857143,80,0,0,0,100,0,302.857142857143,0,0,0,0,0,0,0,88.5714285714286,0,0,122.857142857143,20,0,0,0,0,0,40,0,20,0,0,0,0,0,0,0,0,0,0,0,0,0,0,0,0,0,0,0,8009134.94019048,15818078.1904762,15818078.1904762,8507881.80952381,2626032.08304762,11133913.8925714,7808943.25028572,73.6666666666667
4,0,0,0,10100,0,0,0,0,0,0,179800,37,1,266599,6,0.33,0,0.33,0,0,0.33,0,0.33,0,0,0,0,0,0,0,0.33,0,0.33,0,0,0.33,0,0.33,0,0,0,0,0,0,0,38,1,142.424242424242,575454.545454545,30606.0606060606,544848.484848485,0,0,0,30606.0606060606,0,0,0,0,0,0,544848.484848485,730909.090909091,95757.5757575758,737575.757575758,0,0,0,0,0,1195151.51515152,0,1195151.51515152,0,1363636.36363636,0,1363636.36363636,3665018.18181818,2781818.18181818,0,6446836.36363636,6383265.66666667,23755.3939393939,106473.013333333,130228.407272727,12863.6363636364,0,0,0,0,12863.6363636364,18395000,0,18395000,0,0,0,0,51.5151515151515,0,0,51.5151515151515,0,0,0,0,2181.81818181818,2181.81818181818,190.909090909091,151.515151515152,39.3939393939394,169.69696969697,93.9393939393939,75.7575757575758,21.2121212121212,0,381.818181818182,0,0,0,0,0,0,0,75.7575757575758,0,0,242.424242424242,15.1515151515152,0,0,0,0,0,0,0,48.4848484848485,0,0,0,0,0,0,0,0,0,0,0,0,0,0,0,0,0,0,0,5158882.95272727,12011734.3333333,14793552.5151515,10048283.8484848,1493864.77090909,11542148.6193939,6852851.38060606,93.5512820512821
4,0,0,0,106600,0,0,0,0,0,0,426600,38,1,251309,6,0.33,0,0.33,0,0,0.33,0,0.33,0,0,0,0,0,0,0,0.33,0,0.33,0,0,0.33,0,0.33,0,0,0,0,0,0,0,37,1,363.636363636364,1615757.57575758,323030.303030303,1292727.27272727,0,0,0,323030.303030303,0,0,0,0,0,0,1292727.27272727,1865454.54545455,470303.03030303,6607575.75757576,0,0,0,2224242.42424242,1030909.09090909,1860101.01010101,529505.582137161,2389606.59223817,0,218181.818181818,0,218181.818181818,15837093.9393939,15418445.4545455,0,31255539.3939394,31873603.471026,457640.09569378,558865.294545455,1016505.39023923,27784.8484848485,0,0,0,0,27784.8484848485,33913000,0,33913000,0,0,0,0,633.333333333333,0,0,633.333333333333,0,0,0,0,3490.90909090909,3490.90909090909,748.484848484848,248.484848484848,500,948.484848484848,539.393939393939,409.090909090909,215.151515151515,0,1912.12121212121,0,0,0,0,0,0,0,193.939393939394,0,396.969696969697,951.515151515152,139.393939393939,0,0,0,0,0,24.2424242424242,0,206.060606060606,0,0,0,0,0,0,0,0,0,0,0,0,0,0,0,0,0,0,0,17071781.147815,2039396.52897395,17457841.9835194,47710697.41042,1234687.20842105,48945384.618841,-15032384.618841,114.677419354839
4,0,0,0,108000,0,0,120100,0,0,0,819600,38,1,251309,6,0.33,0,0.33,0,0,0.33,0,0.33,0,0,0,0,0,0,0,0.33,0,0.33,0,0,0.33,0,0.33,0,0,0,0,0,0,0,32,1,333.333333333333,3174848.48484848,327272.727272727,2847575.75757576,0,0,0,327272.727272727,0,0,363939.393939394,0,0,0,2483636.36363636,2041212.12121212,635454.545454545,1812121.21212121,0,0,0,524242.424242424,477272.727272727,2812121.21212121,0,2812121.21212121,0,1200000,0,1200000,12174139.3939394,3660466.66666667,0,15834606.0606061,15389048.3939394,190696.96969697,303796.993939394,494493.963636364,25524.2424242424,0,0,0,0,25524.2424242424,21808515.1515152,0,21808515.1515152,0,0,0,0,263.636363636364,0,0,263.636363636364,3606.06060606061,0,0,0,6545.45454545455,10151.5151515152,672.727272727273,381.818181818182,290.909090909091,203.030303030303,203.030303030303,0,69.6969696969697,0,945.454545454545,0,0,0,0,0,0,0,78.7878787878788,0,203.030303030303,439.393939393939,100,0,0,0,0,0,72.7272727272727,0,51.5151515151515,0,0,0,0,0,0,0,0,0,0,0,0,0,0,0,0,0,0,0,13868633.3575758,6419466.75757576,10079933.4242424,27563187.7878788,1694493.96363636,29257681.7515152,-7449166.6,114.677419354839
4,0,0,0,108000,0,0,235200,0,0,0,576600,37,2,266599,6,0.82,0,0.82,0,0,0.82,0,0.82,0,0,0,0,0,0,0,0.82,0,0.82,0,0,0.82,0,0.82,0,0,0,0,0,0,0,25,2,336.585365853659,1121707.31707317,131707.317073171,990000,0,0,0,131707.317073171,0,0,286829.268292683,0,0,0,703170.731707317,853658.536585366,465365.853658537,0,0,0,0,0,73292.6829268293,1289695.12195122,59407.4454428755,1349102.56739409,86636.1788617886,878048.780487805,0,878048.780487805,11556440.2439024,819512.195121951,0,12375952.4390244,5035874.33162174,216020.756161746,184635.712682927,400656.468844673,14374.3902439024,0,0,0,0,14374.3902439024,20555378.0487805,0,20555378.0487805,0,0,0,0,318.292682926829,0,0,318.292682926829,2487.80487804878,0,0,0,3687.80487804878,6175.60975609756,528.048780487805,257.317073170732,270.731707317073,63.4146341463415,0,63.4146341463415,154.878048780488,0,746.341463414634,0,0,0,0,0,0,0,52.4390243902439,0,89.0243902439024,389.024390243902,108.536585365854,0,0,0,0,0,58.5365853658537,0,48.780487804878,0,0,0,0,0,0,0,0,0,0,0,0,0,0,0,0,0,0,0,12835145.4932349,15519503.7171587,16339015.9122807,16592314.5755242,1278705.24933248,17871019.8248567,2684358.22392383,68.8181818181818
4,0,0,0,108000,0,0,37200,0,0,0,148800,37,1,266599,6,0.17,0,0,0.17,0,0.17,0,0,0.17,0,0,0,0,0,0,0.17,0,0,0.17,0,0.17,0,0,0.17,0,0,0,0,0,0,34.5,2,264.705882352941,1729411.76470588,635294.117647059,1094117.64705882,0,0,0,635294.117647059,0,0,218823.529411765,0,0,0,875294.117647059,1526470.58823529,707058.823529412,0,0,191176.470588235,0,0,0,182323.529411765,290607.252120706,472930.781532471,0,1059411.76470588,0,1059411.76470588,18632470.5882353,471070.588235294,0,19103541.1764706,5364718.01682659,266906.829968711,288394.969411765,555301.799380476,12335.2941176471,0,0,0,0,12335.2941176471,14925705.8823529,0,14925705.8823529,0,0,0,0,1023.52941176471,0,0,1023.52941176471,2000,0,0,0,2541.17647058824,4541.17647058824,894.117647058824,394.117647058824,500,35.2941176470588,0,35.2941176470588,229.411764705882,0,1158.82352941176,0,0,0,0,0,0,0,235.294117647059,0,0,417.647058823529,182.352941176471,0,0,0,0,0,70.5882352941177,0,252.941176470588,0,0,0,0,0,0,0,0,0,0,0,0,0,0,0,0,0,0,0,20247184.1523217,9560987.86552635,10032058.4537616,23997188.6050619,1614713.56408636,25611902.1691482,-10686196.2867953,93.5512820512821
4,0,0,0,118800,0,0,0,0,0,0,29800,37,1,266599,6,0.24,0,0.24,0,0,0.24,0,0.24,0,0,0,0,0,0,0,0.21,0,0.21,0,0,0.21,0,0.21,0,0,0,0,0,0,0,48,2,238.095238095238,707619.047619048,565714.285714286,141904.761904762,0,0,0,565714.285714286,0,0,0,0,0,0,141904.761904762,1380000,377619.047619048,0,0,0,0,0,0,1807387.3015873,275464.285714286,2082851.58730159,0,411428.571428571,0,411428.571428571,7062409.52380952,6762342.85714286,0,13824752.3809524,11577031.5396825,413894.714793651,201995.881904762,615890.596698413,15357.1428571429,0,0,0,0,15357.1428571429,9367857.14285714,0,9367857.14285714,0,0,0,0,1242.85714285714,0,0,1242.85714285714,0,0,0,0,409.523809523809,409.523809523809,252.380952380952,0,252.380952380952,414.285714285714,290.47619047619,123.809523809524,166.666666666667,0,833.333333333333,0,0,0,0,0,0,0,114.285714285714,0,57.1428571428571,371.428571428571,14.2857142857143,0,0,0,0,0,138.095238095238,0,138.095238095238,0,0,0,0,0,0,0,0,0,0,0,0,0,0,0,0,0,0,0,8089728.69193651,-2209174.3968254,4553168.46031746,18639441.0634921,1027319.16812698,19666760.231619,-10298903.0887619,93.5512820512821
4,0,0,0,123800,0,0,0,0,0,0,142300,37,2,266599,6,0.53,0.26,0.27,0,0,0.53,0.26,0.27,0,0,0,0,0,0,0,0.53,0.26,0.27,0,0,0.53,0.26,0.27,0,0,0,0,0,0,0,37.5714285714286,2,349.056603773585,502075.471698113,233584.905660377,268490.566037736,0,0,0,233584.905660377,0,0,0,0,0,0,268490.566037736,1069056.60377358,83396.2264150943,4635849.05660377,0,0,0,0,0,932286.163522012,35235.8490566038,967522.012578616,0,526415.094339623,0,526415.094339623,24235400,3415226.41509434,0,27650626.4150943,10939724.7861635,92115.2522012579,420868.446792453,512983.698993711,17298.1132075472,0,0,0,0,17298.1132075472,19719849.0566038,0,19719849.0566038,0,0,0,0,1313.20754716981,0,0,1313.20754716981,0,0,0,0,733.962264150943,733.962264150943,1347.16981132075,641.509433962264,705.660377358491,211.320754716981,111.320754716981,100,130.188679245283,0,1688.67924528302,0,0,0,0,0,0,0,241.509433962264,0,624.528301886792,798.11320754717,24.5283018867925,0,0,0,0,0,0,0,0,0,0,0,0,0,0,0,0,0,0,0,0,0,0,0,0,0,0,0,25274798.7933333,8780124.27044025,12195350.6855346,35175124.7861635,1039398.79333333,36214523.5794969,-16494674.5228931,68.8181818181818
4,0,0,0,12400,0,0,0,0,0,0,0,37,1,266599,6,0.1,0,0,0,0.1,0.1,0,0,0,0.1,0,0,0,0,0,0.1,0,0,0,0.1,0.1,0,0,0,0.1,0,0,0,0,0,112,2,600,124000,124000,0,0,0,0,124000,0,0,0,0,0,0,0,676000,125000,1368000,0,0,0,0,0,2319033.33333333,0,2319033.33333333,0,1080000,0,1080000,3143870,7872350,0,11016220,12750982.3333333,121706.62,165034.328,286740.948,12580,0,0,0,0,12580,17989400,0,17989400,0,0,0,0,700,0,0,700,0,0,0,0,0,0,150,0,150,460,370,90,50,0,660,0,0,0,0,0,0,0,180,0,150,310,0,0,0,0,0,0,0,0,20,0,0,0,0,0,0,0,0,0,0,0,0,0,0,0,0,0,0,0,4510610.948,5238417.66666666,13110767.6666667,15894852.3333333,1366740.948,17261593.2813333,727806.718666665,93.5512820512821
4,0,0,0,126000,0,0,120100,0,0,0,0,38,1,251309,6,0.13,0.13,0,0,0,0.13,0.13,0,0,0,0,0,0,0,0,0.13,0.13,0,0,0,0.13,0.13,0,0,0,0,0,0,0,0,37,1,269.230769230769,1893076.92307692,969230.769230769,923846.153846154,0,0,0,969230.769230769,0,0,923846.153846154,0,0,0,0,2219230.76923077,1006153.84615385,8063076.92307692,0,50000,0,2661538.46153846,1163076.92307692,3234615.38461538,0,3234615.38461538,0,304615.384615385,0,304615.384615385,15975792.3076923,20088961.5384615,0,36064753.8461538,40631039.7692308,165969.230769231,658699.255384615,824668.486153846,27184.6153846154,0,0,0,0,27184.6153846154,26307923.0769231,0,26307923.0769231,0,0,0,0,938.461538461538,0,0,938.461538461538,9153.84615384615,0,0,0,0,9153.84615384615,407.692307692308,92.3076923076923,315.384615384615,1115.38461538462,1115.38461538462,0,469.230769230769,0,1992.30769230769,0,0,0,0,0,0,0,192.307692307692,0,361.538461538462,1023.07692307692,53.8461538461538,0,0,0,0,0,0,0,361.538461538462,0,0,0,0,0,0,0,0,0,0,0,0,0,0,0,0,0,0,0,17105076.1784615,-14323116.6923077,5765844.84615385,56606832.0769231,1129283.87076923,57736115.9476923,-31428192.8707692,114.677419354839
4,0,0,0,128200,0,0,105400,0,0,0,52700,37,1,266599,6,0.15,0,0.15,0,0,0.15,0,0.15,0,0,0,0,0,0,0,0.15,0,0.15,0,0,0.15,0,0.15,0,0,0,0,0,0,0,18,2,333.333333333333,1908666.66666667,854666.666666667,1054000,0,0,0,854666.666666667,0,0,702666.666666667,0,0,0,351333.333333333,1313333.33333333,151333.333333333,3640000,0,0,0,0,0,1002111.11111111,0,1002111.11111111,0,600000,0,600000,3428793.33333333,5431160,0,8859953.33333333,13713203.4444444,12339.0746666667,196828.754666667,209167.829333333,13580,0,0,0,0,13580,15481200,0,15481200,0,0,0,0,2320,0,0,2320,5666.66666666667,0,0,0,960,6626.66666666667,173.333333333333,0,173.333333333333,286.666666666667,266.666666666667,20,53.3333333333333,0,513.333333333333,0,0,0,0,0,0,0,160,0,80,93.3333333333333,80,0,0,0,0,40,0,0,60,0,0,0,0,0,0,0,0,0,0,0,0,0,0,0,0,0,0,0,4237961.16266667,1767996.55555556,7199156.55555556,17141996.7777778,809167.829333333,17951164.6071111,-2469964.60711111,93.5512820512821
4,0,0,0,13000,0,0,0,0,248300,0,0,36,1,261128,6,0.17,0,0.17,0,0,0.17,0,0.17,0,0,0,0,0,0,0,0.1,0,0.1,0,0,0.1,0,0.1,0,0,0,0,0,0,0,23,2,300,2613000,130000,2483000,0,0,0,130000,0,0,0,0,2483000,0,0,1289000,747000,1001000,0,0,0,0,0,2143433.33333333,2883351.71428571,5026785.04761905,3351000,720000,0,720000,21291390,7028000,660000,28979390,21480704.7112107,1454147.32721143,429404.436,1883551.76321143,20370,0,0,310,939.3,21309.3,29129100,2836686,31965786,0,0,0,0,350,0,0,350,0,0,17500,0,0,17500,750,410,340,460,140,320,440,0,1650,0,0,0,0,0,0,0,220,0,210,490,70,0,0,0,0,0,360,0,130,0,0,0,170,0,0,0,0,0,0,0,0,0,0,0,0,0,0,0,24391150.0996198,10485081.2887893,17676872.952381,43268303.047619,2603551.76321143,45871854.8108305,-13906068.8108305,90.8205128205128
4,0,0,0,13000,0,0,51500,0,0,0,0,36,1,261128,6,0.46,0,0,0.46,0,0.46,0,0,0.46,0,0,0,0,0,0,0.38,0,0,0.38,0,0.38,0,0,0.38,0,0,0,0,0,0,28,2,342.105263157895,169736.842105263,34210.5263157895,135526.315789474,0,0,0,34210.5263157895,0,0,135526.315789474,0,0,0,0,546052.631578947,279473.684210526,0,0,0,0,0,497368.421052632,356414.912280702,83477.030075188,439891.94235589,178508.771929825,947368.421052632,0,947368.421052632,6461247.36842105,6163157.89473684,0,12624405.2631579,8535318.18796992,139504.310957895,175051.256842105,314555.5678,15010.5263157895,0,0,0,0,15010.5263157895,27018947.3684211,0,27018947.3684211,0,0,0,0,92.1052631578947,0,0,92.1052631578947,223.684210526316,0,0,0,0,223.684210526316,236.842105263158,115.789473684211,121.052631578947,426.315789473684,165.789473684211,260.526315789474,126.315789473684,0,789.473684210526,0,0,0,0,0,0,0,128.947368421053,0,152.631578947368,378.947368421053,18.4210526315789,0,0,0,0,0,52.6315789473684,0,13.1578947368421,0,0,0,23.6842105263158,0,21.0526315789474,0,0,0,0,0,0,0,0,0,0,0,0,0,7723171.35727368,18483629.1804511,24646787.075188,14996565.556391,1261923.98885263,16258489.5452436,10760457.8231774,90.8205128205128
4,0,0,0,132500,0,21000,0,0,0,0,186000,33,1,244300,5,0.78,0,0.78,0,0,0.78,0,0.78,0,0,0,0,0,0,0,0.26,0,0.26,0,0,0.26,0,0.26,0,0,0,0,0,0,0,27.375,2,242.307692307692,1305769.23076923,590384.615384615,715384.615384615,0,0,0,509615.384615385,0,80769.2307692308,0,0,0,0,715384.615384615,707307.692307692,422692.307692308,0,0,1076923.07692308,0,0,327307.692307692,568846.153846154,212540.48582996,781386.639676113,284294.871794872,3288461.53846154,0,3288461.53846154,13034503.8461538,5525626.92307692,0,18560130.7692308,10675608.4345479,316408.726639676,277761.621538461,594170.348178138,0,0,5573.07692307692,0,22013.6538461538,22013.6538461538,0,69563146.1538461,69563146.1538461,0,0,0,0,469.230769230769,0,19.2307692307692,488.461538461538,0,0,0,0,1661.53846153846,1661.53846153846,515.384615384615,338.461538461538,176.923076923077,326.923076923077,257.692307692308,69.2307692307692,223.076923076923,0,1065.38461538462,0,0,0,0,0,0,0,442.307692307692,0,0,265.384615384615,76.9230769230769,0,0,0,0,0,69.2307692307692,0,211.538461538462,0,0,0,0,0,0,0,0,0,0,0,0,0,0,0,0,0,0,0,16917135.7327935,58887537.7192982,64413164.6423752,23710112.2807018,3882631.88663968,27592744.1673414,41970401.9865047,50.7647058823529
4,0,0,0,133200,0,0,470400,0,0,0,179800,37,1,266599,6,0.32,0,0.32,0,0,0.32,0,0.32,0,0,0,0,0,0,0,0.3,0,0.3,0,0,0.3,0,0.3,0,0,0,0,0,0,0,58,2,666.666666666667,2611333.33333333,444000,2167333.33333333,0,0,0,444000,0,0,1568000,0,0,0,599333.333333333,1979666.66666667,575333.333333333,1195333.33333333,0,0,0,0,63000,55100,0,55100,0,1500000,0,1500000,18455950,7376966.66666667,0,25832916.6666667,14123332.3333333,5329.272,399994.033333333,405323.305333333,16330,0,0,0,0,16330,23351900,0,23351900,0,0,0,0,753.333333333333,0,0,753.333333333333,2266.66666666667,0,0,0,2400,4666.66666666667,980,513.333333333333,466.666666666667,513.333333333333,56.6666666666667,456.666666666667,123.333333333333,0,1616.66666666667,0,0,0,0,0,0,0,76.6666666666667,0,0,1433.33333333333,70,0,0,0,0,0,0,0,36.6666666666667,0,0,0,0,0,0,0,0,0,0,0,0,0,0,0,0,0,0,0,20361273.3053333,9228567.66666667,16605534.3333333,32579282.3333333,1905323.30533333,34484605.6386667,-11132705.6386667,93.5512820512821
4,0,0,0,138200,0,204800,0,0,0,0,148800,99,1,252634,6,0.42,0,0,0.42,0,0.42,0,0,0.42,0,0,0,0,0,0,0.42,0,0,0.42,0,0.42,0,0,0.42,0,0,0,0,0,0,29.8,2,171.428571428571,1170952.38095238,816666.666666667,354285.714285714,0,0,0,329047.619047619,0,487619.047619048,0,0,0,0,354285.714285714,1005000,146666.666666667,0,0,0,0,0,0,182360.317460317,80344.0476190476,262704.365079365,188095.238095238,1028571.42857143,0,1028571.42857143,8672428.57142857,8885714.28571429,271428.571428571,17829571.4285714,12049129.7973935,142120.756730159,249887.161904762,392007.918634921,15233.3333333333,0,0,0,0,15233.3333333333,15639904.7619048,0,15639904.7619048,0,0,0,0,330.952380952381,0,12500,12830.9523809524,0,0,0,0,1028.57142857143,1028.57142857143,414.285714285714,216.666666666667,197.619047619048,602.380952380952,483.333333333333,119.047619047619,97.6190476190476,0,1114.28571428571,0,0,0,0,0,0,0,142.857142857143,0,0,873.809523809524,33.3333333333333,0,0,0,0,0,42.8571428571429,0,21.4285714285714,0,0,0,0,0,0,0,0,0,0,0,0,0,0,0,0,0,0,0,10227073.629178,3590774.9645113,12613852.1111111,20855624.0793651,1420579.34720635,22276203.4265714,-6636298.66466667,81.4
4,0,0,0,144000,0,0,431200,0,0,0,0,37,1,266599,6,0.51,0,0.51,0,0,0.51,0,0.51,0,0,0,0,0,0,0,0.34,0,0.34,0,0,0.34,0,0.34,0,0,0,0,0,0,0,22,2,223.529411764706,1691764.70588235,423529.411764706,1268235.29411765,0,0,0,423529.411764706,0,0,1268235.29411765,0,0,0,0,821764.705882353,547941.176470588,0,0,205882.352941176,0,0,0,61410.7843137255,134321.981424149,195732.765737874,0,847058.823529412,0,847058.823529412,8478255.88235294,241882.352941176,0,8720138.23529412,3971567.05985552,125253.098539732,148644.890588235,273897.989127967,17050,0,0,0,0,17050,20630500,0,20630500,0,0,0,0,614.705882352941,0,0,614.705882352941,7500,0,0,0,0,7500,329.411764705882,8.8235294117647,320.588235294118,14.7058823529412,14.7058823529412,0,185.294117647059,0,529.411764705882,0,0,0,0,0,0,0,126.470588235294,0,0,141.176470588235,55.8823529411765,0,0,0,0,0,17.6470588235294,0,188.235294117647,0,0,0,0,0,0,0,0,0,0,0,0,0,0,0,0,0,0,0,9599212.69501032,16658932.9401445,16900815.2930857,12449822.9422085,1120956.81265738,13570779.7548658,7059720.24513416,93.5512820512821
4,0,0,0,144000,0,771800,0,0,0,0,266600,37,1,266599,6,0.46,0,0.46,0,0,0.46,0,0.46,0,0,0,0,0,0,0,0.39,0,0.39,0,0,0.39,0,0.39,0,0,0,0,0,0,0,45,2,269.230769230769,3031794.87179487,2348205.12820513,683589.743589744,0,0,0,369230.769230769,0,1978974.35897436,0,0,0,0,683589.743589744,351538.461538462,159230.769230769,3012307.69230769,0,0,0,676923.076923077,161538.461538462,1013958.97435897,352834.008097166,1366792.98245614,0,1363846.15384615,0,1363846.15384615,23382838.4615385,0,0,23382838.4615385,9026725.31578947,352082.158009897,381624.53025641,733706.688266307,13982.0512820513,0,0,0,0,13982.0512820513,15380256.4102564,0,15380256.4102564,0,0,0,0,446.153846153846,0,31410.2564102564,31856.4102564103,0,0,0,0,184.615384615385,184.615384615385,1225.64102564103,720.51282051282,505.128205128205,0,0,0,156.410256410256,0,1382.05128205128,0,0,0,0,0,0,0,69.2307692307692,0,153.846153846154,571.794871794872,58.974358974359,0,0,0,0,0,0,0,174.358974358974,0,0,0,0,353.846153846154,0,0,0,0,0,0,0,0,0,0,0,0,0,0,25480391.3036509,6353531.09446694,6353531.09446694,32409563.7773279,2097552.84211246,34507116.6194404,-19126860.209184,93.5512820512821
4,0,0,0,149800,0,0,107800,0,0,0,0,33,1,244300,6,0.55,0.44,0.11,0,0,0.55,0.44,0.11,0,0,0,0,0,0,0,0.29,0.22,0.07,0,0,0.29,0.22,0.07,0,0,0,0,0,0,0,18.6666666666667,2,110.344827586207,888275.862068965,516551.724137931,371724.137931034,0,0,0,516551.724137931,0,0,371724.137931034,0,0,0,0,442413.793103448,196206.896551724,156896.551724138,0,103448.275862069,0,0,141379.310344828,326666.666666667,171724.137931034,498390.804597701,254885.057471264,1396551.72413793,0,1396551.72413793,5599255.17241379,1791517.24137931,0,7390772.4137931,4717713.79310345,262162.952183908,115560.474482759,377723.426666667,6644.8275862069,0,1544.8275862069,0,6102.06896551724,12746.8965517241,6844172.4137931,19282537.9310345,26126710.3448276,0,0,0,0,479.310344827586,0,0,479.310344827586,2931.03448275862,0,0,0,0,2931.03448275862,244.827586206897,196.551724137931,48.2758620689655,106.896551724138,72.4137931034483,34.4827586206897,68.9655172413793,0,420.689655172414,0,0,0,0,0,0,0,117.241379310345,0,0,206.896551724138,34.4827586206897,0,0,0,0,0,0,0,62.0689655172414,0,0,0,0,0,0,0,0,0,0,0,0,0,0,0,0,0,0,0,7373530.32321839,21408996.5517241,23200513.7931034,10316968.9655172,1774275.1508046,12091244.1163218,14035466.2285057,50.7647058823529
4,0,0,0,154100,0,0,98000,0,0,0,0,37,1,266599,6,0.19,0,0.19,0,0,0.19,0,0.19,0,0,0,0,0,0,0,0.19,0,0.19,0,0,0.19,0,0.19,0,0,0,0,0,0,0,23,2,526.315789473684,1326842.10526316,811052.631578947,515789.473684211,0,0,0,811052.631578947,0,0,515789.473684211,0,0,0,0,3204736.84210526,1049473.68421053,11962105.2631579,0,0,0,0,165789.473684211,2991578.94736842,101929.824561403,3093508.77192982,1634473.68421053,1421052.63157895,0,1421052.63157895,30857826.3157895,11681894.7368421,0,42539721.0526316,34385423.5614035,71948.3242105263,747083.488421053,819031.812631579,29136.8421052632,0,0,0,0,29136.8421052632,49824000,0,49824000,0,0,0,0,1463.15789473684,0,0,1463.15789473684,3578.94736842105,0,0,0,0,3578.94736842105,1573.68421052632,852.631578947368,721.052631578947,726.315789473684,368.421052631579,357.894736842105,252.631578947368,0,2552.63157894737,0,0,0,0,0,0,0,115.789473684211,0,0,2215.78947368421,52.6315789473684,0,0,0,0,0,31.5789473684211,0,136.842105263158,0,0,0,0,0,0,0,0,0,0,0,0,0,0,0,0,0,0,0,33097910.76,15438576.4385965,27120471.1754386,65243249.877193,2240084.44421053,67483334.3214035,-17659334.3214035,93.5512820512821
4,0,0,0,155600,0,21000,134800,0,0,0,0,36,1,261128,6,0.27,0,0.08,0,0.19,0.27,0,0.08,0,0.19,0,0,0,0,0,0.27,0,0.08,0,0.19,0.27,0,0.08,0,0.19,0,0,0,0,0,17,2,385.185185185185,1153333.33333333,654074.074074074,499259.259259259,0,0,0,576296.296296296,0,77777.7777777778,499259.259259259,0,0,0,0,541481.481481481,417777.777777778,0,0,0,0,0,0,12205777.7777778,1413426.9005848,13619204.6783626,1095061.72839506,111111.111111111,0,111111.111111111,3753618.51851852,426429.62962963,0,4180048.14814815,17514416.6289799,2607216.14424951,78028.7451851852,2685244.8894347,17214.8148148148,0,0,0,0,17214.8148148148,19969185.1851852,0,19969185.1851852,0,0,0,0,518.518518518518,0,129.62962962963,648.148148148148,6296.2962962963,0,0,0,0,6296.2962962963,114.814814814815,114.814814814815,0,25.9259259259259,25.9259259259259,0,81.4814814814815,0,222.222222222222,0,0,0,0,0,0,0,44.4444444444444,0,0,59.2592592592593,40.7407407407407,0,0,3.7037037037037,0,0,37.037037037037,0,37.037037037037,0,0,0,0,0,0,0,0,0,0,0,0,0,0,0,0,0,0,0,6549974.51906433,2454768.55620532,2881198.18583496,21268035.1474984,2796356.00054581,24064391.1480442,-4095205.962859,90.8205128205128
4,0,0,0,158400,0,0,0,0,0,0,198400,37,1,266599,6,0.35,0,0.35,0,0,0.35,0,0.35,0,0,0,0,0,0,0,0.35,0,0.35,0,0,0.35,0,0.35,0,0,0,0,0,0,0,48,1,242.857142857143,1019428.57142857,452571.428571429,566857.142857143,0,0,0,452571.428571429,0,0,0,0,0,0,566857.142857143,660000,158000,4398000,0,0,0,0,0,531540.952380952,130484.210526316,662025.162907268,0,668571.428571429,0,668571.428571429,7376800,6901520,0,14278320,14065572.7343358,135484.03033584,254370.482285714,389854.512621554,16297.1428571429,0,0,0,0,16297.1428571429,18578742.8571429,0,18578742.8571429,0,0,0,0,994.285714285714,0,0,994.285714285714,0,0,0,0,1645.71428571429,1645.71428571429,440,8.57142857142857,431.428571428571,385.714285714286,385.714285714286,0,60,0,885.714285714286,0,0,0,0,0,0,0,68.5714285714286,0,171.428571428571,494.285714285714,20,0,0,0,0,0,65.7142857142857,0,65.7142857142857,0,0,0,0,0,0,0,0,0,0,0,0,0,0,0,0,0,0,0,8435225.94119298,4513170.12280702,11414690.122807,21442372.7343358,1058425.94119298,22500798.6755288,-3922055.81838596,93.5512820512821
4,0,0,0,158400,0,0,0,0,154000,0,396800,37,2,266599,6,0.52,0,0.52,0,0,0.52,0,0.52,0,0,0,0,0,0,0,0.52,0,0.52,0,0,0.52,0,0.52,0,0,0,0,0,0,0,38,1,384.615384615385,1363846.15384615,304615.384615385,1059230.76923077,0,0,0,304615.384615385,0,0,0,0,296153.846153846,0,763076.923076923,811923.076923077,220192.307692308,4932115.38461538,0,0,0,0,0,292159.935897436,230540.738866397,522700.674763833,0,436153.846153846,0,436153.846153846,11498875,520384.615384615,0,12019259.6153846,8637761.21322537,219168.804240891,239906.973076923,459075.777317814,18805.7692307692,0,0,0,0,18805.7692307692,23507211.5384615,0,23507211.5384615,0,0,0,0,669.230769230769,0,0,669.230769230769,0,0,961.538461538462,0,2215.38461538462,3176.92307692308,607.692307692308,286.538461538462,321.153846153846,28.8461538461538,28.8461538461538,0,92.3076923076923,0,728.846153846154,0,0,0,0,0,0,0,76.9230769230769,0,126.923076923077,357.692307692308,50,0,0,0,0,0,28.8461538461538,0,88.4615384615385,0,0,0,0,0,0,0,0,0,0,0,0,0,0,0,0,0,0,0,12394104.6234717,14869450.3252362,15389834.9406208,20136636.2132254,895229.62347166,21031865.836697,2475345.70176451,68.8181818181818
4,0,0,0,158400,0,0,0,0,277200,0,0,37,1,266599,6,0.27,0,0.27,0,0,0.27,0,0.27,0,0,0,0,0,0,0,0.27,0,0.27,0,0,0.27,0,0.27,0,0,0,0,0,0,0,38.3333333333333,2,225.925925925926,1613333.33333333,586666.666666667,1026666.66666667,0,0,0,586666.666666667,0,0,0,0,1026666.66666667,0,0,345185.185185185,331481.481481481,4895185.18518518,0,212962.962962963,0,2981481.48148148,93333.3333333333,2836128.39506173,1011208.57699805,3847336.97205978,517283.950617284,2743333.33333333,0,2743333.33333333,27060248.1481481,5637985.18518518,0,32698233.3333333,20742168.0708252,583411.229598441,535322.834074074,1118734.06367251,26718.5185185185,0,0,0,0,26718.5185185185,40753037.037037,0,40753037.037037,0,0,0,0,644.444444444444,0,0,644.444444444444,0,0,8333.33333333333,0,0,8333.33333333333,1488.88888888889,807.407407407407,681.481481481481,314.814814814815,314.814814814815,0,144.444444444444,0,1948.14814814815,0,0,0,0,0,0,0,133.333333333333,0,266.666666666667,992.592592592592,88.8888888888889,0,0,0,0,51.8518518518518,0,0,81.4814814814815,0,0,0,0,333.333333333333,0,0,0,0,0,0,0,0,0,0,0,0,0,0,30922315.545154,20010868.9662118,25648854.151397,47802416.2189734,3862067.39700585,51664483.6159792,-10911446.5789422,93.5512820512821
4,0,0,0,158400,0,0,73500,0,0,0,0,37,1,266599,6,0.15,0,0.15,0,0,0.15,0,0.15,0,0,0,0,0,0,0,0.15,0,0.15,0,0,0.15,0,0.15,0,0,0,0,0,0,0,58,1,666.666666666667,1546000,1056000,490000,0,0,0,1056000,0,0,490000,0,0,0,0,1311333.33333333,513333.333333333,0,0,0,0,0,0,2101877.77777778,72310,2174187.77777778,0,768000,0,768000,30772713.3333333,0,0,30772713.3333333,5811453.44444444,331345.791244444,423377.912,754723.703244444,25453.3333333333,0,0,0,0,25453.3333333333,18071866.6666667,0,18071866.6666667,0,0,0,0,5800,0,0,5800,28333.3333333333,0,0,0,0,28333.3333333333,1746.66666666667,893.333333333333,853.333333333333,0,0,0,160,0,1906.66666666667,0,0,0,0,0,0,0,133.333333333333,0,240,940,373.333333333333,0,0,0,0,0,53.3333333333333,0,166.666666666667,0,0,0,0,0,0,0,0,0,0,0,0,0,0,0,0,0,0,0,32295437.0365778,12260413.2222222,12260413.2222222,36584166.7777778,1522723.70324444,38106890.4810222,-20035023.8143555,93.5512820512821
4,0,0,0,162000,0,0,0,0,1016400,0,0,38,3,251309,6,1.07,0.44,0.1,0.53,0,1.07,0.44,0.1,0.53,0,0,0,0,0,0,1.07,0.44,0.1,0.53,0,1.07,0.44,0.1,0.53,0,0,0,0,0,0,19.1,2,293.457943925234,1101308.41121495,151401.869158878,949906.542056075,0,0,0,151401.869158878,0,0,0,0,949906.542056075,0,0,856355.140186916,475514.018691589,695887.85046729,0,0,0,0,241401.869158878,924295.950155763,122871.028037383,1047166.97819315,0,2045607.47663551,0,2045607.47663551,21233325.2336449,4079065.42056075,0,25312390.6542056,8748008.68847352,169532.552772586,355667.438504673,525199.991277259,28126.1682242991,0,0,140.18691588785,424.766355140187,28550.9345794393,28590420.5607477,1673579.43925234,30264000,0,0,0,0,243.92523364486,0,0,243.92523364486,0,0,75934.5794392523,0,0,75934.5794392523,1140.18691588785,726.168224299065,414.018691588785,258.878504672897,157.009345794393,101.869158878505,125.233644859813,0,1524.29906542056,0,0,0,0,0,0,0,151.401869158878,0,56.0747663551402,824.299065420561,91.588785046729,0,0,9.34579439252336,0,0,105.607476635514,65.4205607476635,88.785046728972,0,0,0,0,0,0,0,0,0,0,0,0,0,0,0,0,0,0,131.775700934579,23804132.7015576,21515991.3115265,25595056.7320872,29981333.9221184,2570807.46791277,32552141.3900312,-2288141.39003116,53.6
4,0,0,0,17300,0,0,0,0,0,0,295100,99,1,252634,6,0.56,0.56,0,0,0,0.56,0.56,0,0,0,0,0,0,0,0,0.45,0.45,0,0,0,0.45,0.45,0,0,0,0,0,0,0,0,22,2,444.444444444444,694222.222222222,38444.4444444444,655777.777777778,0,0,0,38444.4444444444,0,0,0,0,0,0,655777.777777778,47111.1111111111,216444.444444444,0,0,0,0,0,0,54777.7777777778,55333.3333333333,110111.111111111,191666.666666667,800000,0,800000,9886166.66666667,0,0,9886166.66666667,1512189.55555556,99821.24,134464.911111111,234286.151111111,13722.2222222222,0,0,33.3333333333333,101,13823.2222222222,18060155.5555556,379760,18439915.5555556,0,0,0,0,77.7777777777778,0,0,77.7777777777778,0,0,0,0,2240,2240,520,320,200,0,0,0,66.6666666666667,0,586.666666666667,0,0,0,0,0,0,0,13.3333333333333,0,48.8888888888889,346.666666666667,51.1111111111111,0,0,0,0,0,80,0,46.6666666666667,0,0,0,0,0,0,0,0,0,0,0,0,0,0,0,0,0,0,0,10920452.8177778,16927726,16927726,11398356.2222222,1034286.15111111,12432642.3733333,6007273.18222222,81.4
4,0,0,0,180000,0,0,39200,0,0,0,99200,37,1,266599,6,0.2,0,0.2,0,0,0.2,0,0.2,0,0,0,0,0,0,0,0.2,0,0.2,0,0,0.2,0,0.2,0,0,0,0,0,0,0,24.5,2,375,1592000,900000,692000,0,0,0,900000,0,0,196000,0,0,0,496000,813000,998000,0,0,232500,0,0,60000,74810,120516.666666667,195326.666666667,770625,1350000,0,1350000,14900860,0,0,14900860,4928050.66666667,221273.122666667,230594.864,451867.986666667,14060,0,0,0,0,14060,20105800,0,20105800,0,0,0,0,350,0,0,350,1700,0,0,0,1440,3140,660,285,375,0,0,0,220,0,880,0,0,0,0,0,0,0,135,0,100,325,65,0,0,0,0,0,90,0,165,0,0,0,0,0,0,0,0,0,0,0,0,0,0,0,0,0,0,0,16702727.9866667,15177749.3333333,15177749.3333333,19828910.6666667,1801867.98666667,21630778.6533333,-1524978.65333334,93.5512820512821
4,0,0,0,180000,0,0,499800,0,0,0,701200,38,2,251309,6,0.9,0,0.9,0,0,0.9,0,0.9,0,0,0,0,0,0,0,0.9,0,0.9,0,0,0.9,0,0.9,0,0,0,0,0,0,0,27,2,255.555555555556,1534444.44444444,200000,1334444.44444444,0,0,0,200000,0,0,555333.333333333,0,0,0,779111.111111111,1209000,270666.666666667,2719888.88888889,0,3888.88888888889,0,887777.777777778,388555.555555556,240055.555555556,0,240055.555555556,0,200000,0,200000,5537997.77777778,8191015.55555556,0,13729013.3333333,15696602.3333333,24642.5888888889,257216.120888889,281858.709777778,15340,0,0,0,0,15340,15996133.3333333,0,15996133.3333333,0,0,0,0,193.333333333333,0,0,193.333333333333,5666.66666666667,0,0,0,2080,7746.66666666667,231.111111111111,22.2222222222222,208.888888888889,496.666666666667,314.444444444444,182.222222222222,106.666666666667,0,834.444444444444,0,0,0,0,0,0,0,98.8888888888889,0,203.333333333333,395.555555555556,25.5555555555556,0,0,0,0,0,25.5555555555556,0,85.5555555555556,0,0,0,0,0,0,0,0,0,0,0,0,0,0,0,0,0,0,0,6019856.48755556,299531,8490546.55555555,21234600.1111111,481858.709777778,21716458.8208889,-5720325.48755556,42.0476190476191
4,0,0,0,195800,0,0,0,0,0,0,99200,37,1,266599,6,0.27,0,0.27,0,0,0.27,0,0.27,0,0,0,0,0,0,0,0.27,0,0.27,0,0,0.27,0,0.27,0,0,0,0,0,0,0,32,2,359.259259259259,1092592.59259259,725185.185185185,367407.407407407,0,0,0,725185.185185185,0,0,0,0,0,0,367407.407407407,952222.222222222,938518.518518518,0,0,0,0,0,0,92661.7283950617,135427.797270955,228089.525666017,0,1333333.33333333,0,1333333.33333333,15670111.1111111,0,0,15670111.1111111,3478021.85899935,137931.634560624,231302.711111111,369234.345671735,13400,0,0,0,0,13400,19162000,0,19162000,0,0,0,0,966.666666666667,0,0,966.666666666667,0,0,0,0,1066.66666666667,1066.66666666667,700,311.111111111111,388.888888888889,0,0,0,229.62962962963,0,929.62962962963,0,0,0,0,0,0,0,140.740740740741,0,103.703703703704,303.703703703704,44.4444444444444,0,0,0,0,0,155.555555555556,0,181.481481481481,0,0,0,0,0,0,0,0,0,0,0,0,0,0,0,0,0,0,0,17372678.7901162,15683978.1410007,15683978.1410007,19148132.9701105,1702567.67900507,20850700.6491155,-1688700.64911553,93.5512820512821
4,0,0,0,198000,0,0,0,0,0,0,992000,37,2,266599,6,0.51,0,0.51,0,0,0.51,0,0.51,0,0,0,0,0,0,0,0.51,0,0.51,0,0,0.51,0,0.51,0,0,0,0,0,0,0,58,2,392.156862745098,2333333.33333333,388235.294117647,1945098.03921569,0,0,0,388235.294117647,0,0,0,0,0,0,1945098.03921569,712156.862745098,211960.784313725,7093921.56862745,0,4411764.70588235,0,0,0,186670.91503268,0,186670.91503268,0,981176.470588235,0,981176.470588235,13036131.372549,530588.235294118,0,13566719.6078431,15746995.4052288,17756.0223660131,351290.225098039,369046.247464052,26125.4901960784,0,0,0,0,26125.4901960784,33440627.4509804,0,33440627.4509804,0,0,0,0,852.941176470588,0,0,852.941176470588,0,0,0,0,5647.05882352941,5647.05882352941,715.686274509804,378.43137254902,337.254901960784,29.4117647058824,29.4117647058824,0,82.3529411764706,0,827.450980392157,0,0,0,0,0,0,0,64.7058823529412,0,152.941176470588,364.705882352941,72.5490196078431,0,0,0,0,0,90.1960784313725,0,82.3529411764706,0,0,0,0,0,0,0,0,0,0,0,0,0,0,0,0,0,0,0,14386354.0906013,17693632.0457516,18224220.2810457,28783126.7777778,1350222.71805229,30133349.4958301,3307277.95515033,68.8181818181818
4,0,0,0,215300,0,0,0,0,0,0,0,99,1,252634,6,0.4,0,0.4,0,0,0.4,0,0.4,0,0,0,0,0,0,0,0.4,0,0.4,0,0,0.4,0,0.4,0,0,0,0,0,0,0,32,2,227.5,538250,538250,0,0,0,0,538250,0,0,0,0,0,0,0,234000,71000,0,0,15000,0,0,0,167037.5,96412.5,263450,418750,2220000,0,2220000,6243737.5,4780000,45000,11068737.5,6592596.43849919,174029.7995,147894.645,321924.4445,12735,0,0,0,0,12735,14263200,0,14263200,0,0,0,0,1087.5,0,0,1087.5,0,0,0,0,0,0,280,85,195,267.5,175,92.5,97.5,30,675,0,0,0,0,0,0,27.5,55,0,0,467.5,12.5,0,0,0,0,0,45,0,67.5,0,0,0,0,0,0,0,0,0,0,0,0,0,0,0,0,0,0,0,8811149.50600081,7670603.56150081,12470116,12861821.5,2541924.4445,15403745.9445,-1140545.9445,81.4
4,0,0,0,21600,0,0,0,0,646800,0,0,36,2,261128,6,0.61,0.35,0.15,0,0.11,0.61,0.35,0.15,0,0.11,0,0,0,0,0,0.61,0.35,0.15,0,0.11,0.61,0.35,0.15,0,0.11,0,0,0,0,0,32,1,418.032786885246,1095737.70491803,35409.8360655738,1060327.86885246,0,0,0,35409.8360655738,0,0,0,0,1060327.86885246,0,0,696721.31147541,75737.7049180328,238688.524590164,0,0,0,0,337704.918032787,174031.693989071,0,174031.693989071,0,2596721.31147541,0,2596721.31147541,2817593.44262295,5532290.16393443,0,8349883.60655738,8412040.02185792,10357.8948196721,133851.474754098,144209.36957377,14660.6557377049,0,0,0,0,14660.6557377049,13933672.1311475,0,13933672.1311475,0,0,0,0,57.3770491803279,0,0,57.3770491803279,0,0,11475.4098360656,0,0,11475.4098360656,104.918032786885,44.2622950819672,60.655737704918,208.196721311475,159.016393442623,49.1803278688525,57.3770491803279,100,470.491803278689,0,0,0,0,0,0,0,27.8688524590164,0,9.83606557377049,127.868852459016,24.5901639344262,0,0,0,0,0,219.672131147541,0,50.8196721311475,0,0,0,9.83606557377049,0,0,0,0,0,0,0,0,0,0,0,0,0,0,0,5558524.12367213,5521632.10928962,11053922.273224,11229633.4644809,2740930.68104918,13970564.1455301,-36892.0143825113,55.2666666666667
4,0,0,0,21600,0,0,93100,0,0,0,0,36,1,261128,6,0.41,0,0.41,0,0,0.41,0,0.41,0,0,0,0,0,0,0,0.41,0,0.41,0,0,0.41,0,0.41,0,0,0,0,0,0,0,28,2,121.951219512195,279756.097560976,52682.9268292683,227073.170731707,0,0,0,52682.9268292683,0,0,227073.170731707,0,0,0,0,503414.634146341,282195.12195122,84390.243902439,0,0,0,0,0,137195.93495935,64666.8292682927,201862.764227642,330487.804878049,2195121.95121951,0,2195121.95121951,4002921.95121951,0,0,4002921.95121951,1943234.66666667,128635.36497561,63893.207804878,192528.572780488,13046.3414634146,0,0,980.487804878049,2970.87804878049,16017.2195121951,13959585.3658537,8972051.70731707,22931637.0731707,0,0,0,0,126.829268292683,0,0,126.829268292683,2073.17073170732,0,0,0,0,2073.17073170732,131.707317073171,65.8536585365854,65.8536585365854,0,0,0,90.2439024390244,0,221.951219512195,0,0,0,0,0,0,0,51.219512195122,0,24.390243902439,65.8536585365854,9.75609756097561,0,0,0,0,0,19.5121951219512,0,43.9024390243902,0,0,0,7.31707317073171,0,0,0,0,0,0,0,0,0,0,0,0,0,0,0,6390572.47521951,20988402.4065041,20988402.4065041,5946156.61788618,2387650.524,8333807.14188618,14597829.9312846,90.8205128205128
4,0,0,0,216000,0,0,0,0,0,0,359600,37,1,266599,6,0.49,0,0.49,0,0,0.42,0,0.42,0,0,0.07,0,0.07,0,0,0.43,0,0.43,0,0,0.4,0,0.4,0,0,0.03,0,0.03,0,0,31,2,269.767441860465,1338604.65116279,502325.581395349,836279.069767442,0,0,0,502325.581395349,0,0,0,0,0,0,836279.069767442,637441.860465116,271395.348837209,376744.186046512,0,0,0,0,73255.8139534884,615159.689922481,142227.662178703,757387.352101183,57441.8604651163,509069.767441861,91627.9069767442,600697.674418605,13095718.6046512,0,0,13095718.6046512,3870497.98000816,180341.792274174,195835.189767442,376176.982041616,12634.8837209302,0,0,0,0,12634.8837209302,18067883.7209302,0,18067883.7209302,0,0,0,0,1011.62790697674,0,0,1011.62790697674,0,0,0,0,3348.83720930233,3348.83720930233,755.813953488372,374.418604651163,381.395348837209,0,0,0,48.8372093023256,0,804.651162790698,0,0,0,0,0,0,0,48.8372093023256,0,0,658.139534883721,53.4883720930233,0,0,0,0,23.2558139534884,0,0,20.9302325581395,0,0,0,0,0,0,0,0,0,0,0,0,0,0,0,0,0,0,0,13980965.3541346,14197385.7409221,14289013.6478988,16874588.6776826,976874.65646022,17851463.3341428,216420.386787429,93.5512820512821
4,0,0,0,216000,0,0,1102500,0,0,0,0,38,2,251309,5,0.6,0,0.6,0,0,0.6,0,0.6,0,0,0,0,0,0,0,0.6,0,0.6,0,0,0.6,0,0.6,0,0,0,0,0,0,0,36,2,483.333333333333,2197500,360000,1837500,0,0,0,360000,0,0,1837500,0,0,0,0,805833.333333333,294333.333333333,4048833.33333333,0,25000,0,0,15833.3333333333,853888.888888889,36403.5087719298,890292.397660819,0,288000,0,288000,21808881.6666667,2416885,0,24225766.6666667,10945819.7309942,76240.8742690059,392002.44,468243.314269006,0,5101.66666666667,0,0,15458.05,15458.05,0,40190930,40190930,0,0,0,0,580,0,0,580,17000,0,0,0,0,17000,1113.33333333333,678.333333333333,435,160,58.3333333333333,101.666666666667,175,0,1448.33333333333,0,0,0,8.33333333333333,0,0,0,36.6666666666667,0,190,798.333333333333,90,0,0,0,0,53.3333333333333,63.3333333333333,0,185,0,0,0,13.3333333333333,0,10,0,0,0,0,0,0,0,0,0,0,0,0,0,22565124.9809357,29245110.2690058,31661995.2690058,32754701.3976608,756243.314269006,33510944.7119298,6679985.28807017,42.0476190476191
4,0,0,0,216000,0,0,205800,0,0,0,1441500,38,1,251309,6,0.46,0.16,0.3,0,0,0.46,0.16,0.3,0,0,0,0,0,0,0,0.46,0.16,0.3,0,0,0.46,0.16,0.3,0,0,0,0,0,0,0,37,2,347.826086956522,4050652.17391304,469565.217391304,3581086.95652174,0,0,0,469565.217391304,0,0,447391.304347826,0,0,0,3133695.65217391,1344782.60869565,342608.695652174,2755652.17391304,0,0,0,1773913.04347826,821739.130434783,1336521.73913043,0,1336521.73913043,0,273913.043478261,0,273913.043478261,10877243.4782609,6589947.82608696,0,17467191.3043478,19267126.3913044,134115.165217391,354101.085217391,488216.250434783,22145.652173913,0,0,0,0,22145.652173913,26007891.3043478,0,26007891.3043478,0,0,0,0,454.347826086957,0,0,454.347826086957,4434.78260869565,0,0,0,8452.17391304348,12886.9565217391,678.260869565217,169.565217391304,508.695652173913,417.391304347826,302.173913043478,115.217391304348,43.4782608695652,0,1139.13043478261,0,0,0,0,0,0,0,65.2173913043478,0,228.260869565217,580.434782608696,115.217391304348,0,0,0,0,0,0,0,150,0,0,0,0,0,0,0,0,0,0,0,0,0,0,0,0,0,0,0,11639372.7721739,6740764.91304348,13330712.7391304,30144369.8695652,762129.293913043,30906499.1634783,-4898607.85913044,114.677419354839
4,0,0,0,216000,0,0,607600,0,0,0,42000,38,1,251309,6,0.27,0,0.27,0,0,0.27,0,0.27,0,0,0,0,0,0,0,0.27,0,0.27,0,0,0.27,0,0.27,0,0,0,0,0,0,0,25,2,388.888888888889,3205925.92592593,800000,2405925.92592593,0,0,0,800000,0,0,2250370.37037037,0,0,0,155555.555555556,892592.592592593,367037.037037037,4802962.96296296,0,9259.25925925926,0,0,0,1923308.64197531,20224.171539961,1943532.81351527,0,633333.333333333,0,633333.333333333,8765925.92592593,13016703.7037037,0,21782629.6296296,24489323.2949968,-50127.6969460688,385149.051851852,335021.354905783,0,4351.85185185185,0,0,13186.1111111111,13186.1111111111,0,37052972.2222222,37052972.2222222,0,0,0,0,1288.88888888889,0,0,1288.88888888889,25185.1851851852,0,0,0,318.518518518518,25503.7037037037,296.296296296296,0,296.296296296296,818.518518518518,462.962962962963,355.555555555556,214.814814814815,0,1329.62962962963,0,0,0,0,0,0,0,148.148148148148,0,85.1851851851852,762.962962962963,77.7777777777778,0,0,0,0,59.2592592592593,85.1851851851852,0,111.111111111111,0,0,0,0,0,0,0,0,0,0,0,0,0,0,0,0,0,0,0,9734280.61416504,12563648.9272255,25580352.6309292,33255249.2209227,968354.688239116,34223603.9091618,2829368.31306043,114.677419354839
4,0,0,0,21700,0,88200,63200,0,0,0,368900,37,2,266599,6,0.76,0.34,0.42,0,0,0.76,0.34,0.42,0,0,0,0,0,0,0,0.65,0.23,0.42,0,0,0.65,0.23,0.42,0,0,0,0,0,0,0,48.8333333333333,2,246.153846153846,833846.153846154,169076.923076923,664769.230769231,0,0,0,33384.6153846154,0,135692.307692308,97230.7692307692,0,0,0,567538.461538462,818153.846153846,274923.076923077,6265076.92307692,0,0,0,0,0,739187.692307692,0,739187.692307692,0,429230.769230769,0,429230.769230769,11465687.6923077,24120941.5384615,0,35586629.2307692,33318728.2307692,32787.1108923077,542855.002461538,575642.113353846,24676.9230769231,0,0,0,0,24676.9230769231,28131692.3076923,0,28131692.3076923,0,0,0,0,187.692307692308,0,3769.23076923077,3956.92307692308,784.615384615385,0,0,0,1550.76923076923,2335.38461538462,536.923076923077,0,536.923076923077,1415.38461538462,1126.15384615385,289.230769230769,184.615384615385,0,2136.92307692308,0,0,0,0,0,0,0,166.153846153846,0,403.076923076923,1489.23076923077,23.0769230769231,0,0,0,0,0,0,0,55.3846153846154,0,0,0,0,0,0,0,0,0,0,0,0,0,0,0,0,0,0,0,12470560.5748923,-5187035.92307692,18933905.6153846,44784415.9230769,1004872.88258462,45789288.8056615,-17657596.4979692,68.8181818181818
4,0,0,0,226800,0,18900,294000,0,0,0,80000,37,2,266599,6,0.64,0,0.64,0,0,0.64,0,0.64,0,0,0,0,0,0,0,0.57,0,0.57,0,0,0.57,0,0.57,0,0,0,0,0,0,0,30.1666666666667,2,345.614035087719,1087192.98245614,431052.631578947,656140.350877193,0,0,0,397894.736842105,0,33157.8947368421,515789.47368421,0,0,0,140350.877192982,603333.333333333,209122.807017544,2577719.29824561,28245.6140350877,0,103508.771929825,1610526.31578947,221052.631578947,822752.046783626,339766.081871345,1162518.12865497,346052.631578947,1285263.15789474,0,1285263.15789474,26158970.1754386,3390561.40350877,3508.77192982456,29553040.3508772,11606835.5203373,253690.146807018,446322.402105263,700012.548912281,13226.3157894737,0,0,0,0,13226.3157894737,20633052.6315789,0,20633052.6315789,0,0,0,0,457.894736842105,0,45.6140350877193,503.508771929824,4473.68421052631,0,0,0,378.947368421053,4852.63157894737,1464.91228070175,952.631578947368,512.280701754386,168.421052631579,122.80701754386,45.6140350877193,110.526315789474,21.0526315789474,1764.91228070175,0,0,0,0,0,0,0,110.526315789474,0,84.2105263157895,726.315789473684,96.4912280701754,0,0,28.0701754385965,0,268.421052631579,21.0526315789474,0,142.105263157895,0,0,0,0,287.719298245614,0,0,0,0,0,0,0,0,0,0,0,0,0,0,28147352.0519668,9026217.11124162,12520689.8888889,37768911.8654971,1985275.70680702,39754187.5723041,-19121134.9407251,68.8181818181818
4,0,0,0,23300,0,0,0,0,0,0,28500,36,1,261128,6,0.16,0,0.16,0,0,0.16,0,0.16,0,0,0,0,0,0,0,0.1,0,0.1,0,0,0.1,0,0.1,0,0,0,0,0,0,0,17,2,320,518000,233000,285000,0,0,0,233000,0,0,0,0,0,0,285000,1181000,497000,0,0,0,3440000,0,0,805980,635245.714285714,1441225.71428571,2181666.66666667,540000,0,540000,5550000,12155140,450000,18155140,21984099.649436,773328.817752381,295010.136,1068338.95375238,15290,0,0,0,0,15290,18042200,0,18042200,0,0,0,0,520,0,0,520,0,0,0,0,1440,1440,160,30,130,620,250,370,150,180,1110,0,0,0,0,0,0,0,250,0,0,510,40,0,0,0,0,0,120,0,190,0,0,0,0,0,0,0,0,0,0,0,0,0,0,0,0,0,0,0,7299399.68526877,-3941899.649436,11962179.6190476,27675160.3809524,1608338.95375238,29283499.3347048,-11241299.3347048,90.8205128205128
4,0,0,0,234000,0,0,490000,0,0,0,124000,37,2,266599,6,0.99,0,0.99,0,0,0.99,0,0.99,0,0,0,0,0,0,0,0.99,0,0.99,0,0,0.99,0,0.99,0,0,0,0,0,0,0,35,2,342.424242424242,856565.656565657,236363.636363636,620202.02020202,0,0,0,236363.636363636,0,0,494949.494949495,0,0,0,125252.525252525,1171919.19191919,248888.888888889,0,0,29292.9292929293,0,0,24343.4343434343,232984.175084175,50804.3168527379,283788.491936913,335101.01010101,909090.909090909,0,909090.909090909,6463108.08080808,478298.98989899,0,6941407.07070707,3694797.59294701,110089.064505795,114977.972929293,225067.037435088,13927.2727272727,0,0,0,0,13927.2727272727,16852000,0,16852000,0,0,0,0,439.393939393939,0,0,439.393939393939,4292.92929292929,0,0,0,72.7272727272727,4365.65656565657,286.868686868687,120.20202020202,166.666666666667,27.2727272727273,27.2727272727273,0,100,0,414.141414141414,0,0,0,0,0,0,0,111.111111111111,0,0,71.7171717171717,82.8282828282828,0,0,0,0,0,72.7272727272727,0,75.7575757575758,0,0,0,0,0,0,0,0,0,0,0,0,0,0,0,0,0,0,0,7597266.02733408,13157202.407053,13635501.396952,10157905.6737551,1134157.946526,11292063.6202811,5559936.37971891,68.8181818181818
4,0,0,0,237600,0,0,0,0,154000,0,198400,37,1,266599,6,0.53,0,0.53,0,0,0.53,0,0.53,0,0,0,0,0,0,0,0.4,0,0.4,0,0,0.4,0,0.4,0,0,0,0,0,0,0,35.5,2,312.5,1475000,594000,881000,0,0,0,594000,0,0,0,0,385000,0,496000,559500,253500,2672000,0,0,0,0,0,387716.666666667,144620,532336.666666667,0,864000,0,864000,7308150,6494922.5,0,13803072.5,12253858.1666667,114846.847,232662.099,347508.946,14260,0,0,0,0,14260,16256400,0,16256400,0,0,0,0,1305,0,0,1305,0,0,3125,0,1440,4565,380,0,380,365,365,0,95,0,840,0,0,0,0,0,0,0,75,0,150,432.5,50,0,0,0,0,0,37.5,0,95,0,0,0,0,0,0,0,0,0,0,0,0,0,0,0,0,0,0,0,8519658.946,4002541.83333333,10497464.3333333,19562008.1666667,1211508.946,20773517.1126667,-4517117.11266667,93.5512820512821
4,0,0,0,237600,0,0,0,0,462000,0,248000,37,1,266599,6,0.56,0,0.56,0,0,0.56,0,0.56,0,0,0,0,0,0,0,0.26,0,0.26,0,0,0.26,0,0.26,0,0,0,0,0,0,0,48,2,500,3644615.38461538,913846.153846154,2730769.23076923,0,0,0,913846.153846154,0,0,0,0,1776923.07692308,0,953846.153846154,1285000,495000,15750000,0,0,0,0,60769.2307692308,409326.282051282,197619.686234818,606945.9682861,0,470769.230769231,0,470769.230769231,21146746.1538462,8828153.84615385,0,29974900,30937083.4298246,225947.108728408,635007.529230769,860954.637959177,27946.1538461538,0,0,0,0,27946.1538461538,47787923.0769231,0,47787923.0769231,0,0,0,0,2007.69230769231,0,0,2007.69230769231,0,0,14423.0769230769,0,2769.23076923077,17192.3076923077,1023.07692307692,569.230769230769,453.846153846154,496.153846153846,496.153846153846,0,219.230769230769,0,1738.46153846154,0,0,0,0,0,0,0,103.846153846154,0,346.153846153846,915.384615384615,96.1538461538461,0,0,0,0,0,88.4615384615385,0,188.461538461538,0,0,0,0,0,0,0,0,0,0,0,0,0,0,0,0,0,0,0,22478470.0225746,16850839.6470985,25678993.4932524,52083829.5836707,1331723.86872841,53415553.4523991,-5627630.37547605,93.5512820512821
4,0,0,0,248400,0,0,0,474000,0,0,0,38,2,251309,6,0.62,0,0.62,0,0,0.62,0,0.62,0,0,0,0,0,0,0,0.62,0,0.62,0,0,0.62,0,0.62,0,0,0,0,0,0,0,33.6666666666667,1,282.258064516129,1165161.29032258,400645.161290323,764516.129032258,0,0,0,400645.161290323,0,0,0,764516.129032258,0,0,0,907580.64516129,414677.419354839,3945483.87096774,0,0,0,1316129.03225806,660483.870967742,233870.967741935,1127334.46519525,1361205.43293718,0,232258.064516129,0,232258.064516129,17939870.9677419,0,0,17939870.9677419,10022030.5619694,961588.421052632,326732.4,1288320.82105263,16432.2580645161,0,0,0,0,16432.2580645161,19924112.9032258,0,19924112.9032258,0,0,0,0,420.967741935484,0,0,420.967741935484,0,4014.51612903226,0,0,0,4014.51612903226,970.967741935484,535.483870967742,435.483870967742,0,0,0,108.064516129032,0,1079.03225806452,0,0,0,0,0,0,0,83.8709677419355,0,245.161290322581,583.870967741935,45.1612903225806,0,0,0,0,61.2903225806452,0,0,59.6774193548387,0,0,0,0,0,0,0,0,0,0,0,0,0,0,0,0,0,0,0,19460449.8533107,9902082.34125637,9902082.34125637,27961901.5297114,1520578.88556876,29482480.4152801,-9558367.51205433,42.0476190476191
4,0,0,0,252000,0,0,0,0,0,0,0,37,3,266599,6,1.35,0,1.35,0,0,1.35,0,1.35,0,0,0,0,0,0,0,1.35,0,1.35,0,0,1.35,0,1.35,0,0,0,0,0,0,0,28.5454545454545,2,451.851851851852,186666.666666667,186666.666666667,0,0,0,0,186666.666666667,0,0,0,0,0,0,0,849037.037037037,321259.259259259,4389925.92592593,0,44444.4444444444,0,0,140000,358740.740740741,171801.448064606,530542.188805347,121728.395061728,1268000,0,1268000,5067905.18518518,7719400,0,12787305.1851852,14569602.9172004,217259.079796528,232111.11762963,449370.197426158,25225.1851851852,0,0,0,0,25225.1851851852,32288237.037037,0,32288237.037037,0,0,0,0,322.222222222222,0,0,322.222222222222,0,0,0,0,0,0,193.333333333333,100,93.3333333333333,457.037037037037,259.259259259259,197.777777777778,91.8518518518518,0,742.222222222222,0,0,0,0,0,0,0,33.3333333333333,0,0,657.777777777778,19.2592592592593,0,0,0,0,0,0,0,27.4074074074074,0,0,0,4.44444444444444,0,0,0,0,0,0,0,0,0,0,0,0,0,0,0,6785275.38261134,17718634.1198366,25438034.1198366,19637508.1023856,1717370.19742616,21354878.2998117,10933358.7372253,44.6666666666667
4,0,0,0,25900,0,0,210700,0,0,0,0,36,1,261128,6,1,0,0,1,0,1,0,0,1,0,0,0,0,0,0,0.17,0,0,0.17,0,0.17,0,0,0.17,0,0,0,0,0,0,34,2,411.764705882353,1391764.70588235,152352.941176471,1239411.76470588,0,0,0,152352.941176471,0,0,1239411.76470588,0,0,0,0,1028235.29411765,1105882.35294118,0,0,17647.0588235294,0,0,0,1097456.8627451,0,1097456.8627451,2174019.60784314,635294.117647059,0,635294.117647059,25126817.6470588,0,0,25126817.6470588,7076133.88235294,292971.923686275,355512.303529412,648484.227215686,9588.23529411765,0,0,900,2727,12315.2352941176,11314117.6470588,8235540,19549657.6470588,0,0,0,0,305.882352941176,0,0,305.882352941176,10000,0,0,0,0,10000,947.058823529412,435.294117647059,511.764705882353,0,0,0,482.352941176471,0,1429.41176470588,0,0,0,0,0,0,0,205.882352941176,0,141.176470588235,582.35294117647,100,0,0,0,0,0,129.411764705882,0,270.588235294118,0,0,0,0,0,0,0,0,0,0,0,0,0,0,0,0,0,0,0,26410595.9919216,12473523.7647059,12473523.7647059,32202951.5294118,1283778.34486275,33486729.8742745,-13937072.2272157,90.8205128205128
4,0,0,0,25900,0,0,78400,0,0,0,0,37,1,266599,5,0.1,0,0.1,0,0,0,0,0,0,0,0.1,0,0.1,0,0,0.1,0,0.1,0,0,0,0,0,0,0,0.1,0,0.1,0,0,37,2,400,1043000,259000,784000,0,0,0,259000,0,0,784000,0,0,0,0,1629000,1741000,910000,0,575000,0,0,0,114510,15223.6842105263,129733.684210526,0,0,1751000,1751000,25520880,0,0,25520880,8045332.68421053,28735.6373052632,389594.112,418329.749305263,26080,0,0,0,0,26080,37294400,0,37294400,0,0,0,0,520,0,0,520,3400,0,0,0,0,3400,1210,550,660,0,0,0,310,0,1520,0,0,0,0,0,0,0,250,0,120,690,50,0,0,0,0,0,90,0,320,0,0,0,0,0,0,0,0,0,0,0,0,0,0,0,0,0,0,0,25939209.7493053,29249067.3157895,31000067.3157895,31815212.6842105,2169329.74930526,33984542.4335158,3309857.56648421,93.5512820512821
4,0,0,0,259200,0,0,842800,0,0,0,0,36,2,261128,6,0.58,0,0.38,0.2,0,0.58,0,0.38,0.2,0,0,0,0,0,0,0.55,0,0.35,0.2,0,0.55,0,0.35,0.2,0,0,0,0,0,0,30,2,310.909090909091,2003636.36363636,471272.727272727,1532363.63636364,0,0,0,471272.727272727,0,0,1532363.63636364,0,0,0,0,348727.272727273,420363.636363636,364000,0,16363.6363636364,0,0,435272.727272727,700007.575757576,174145.636363636,874153.212121212,246363.636363636,1309090.90909091,0,1309090.90909091,9470329.09090909,2140000,120000,11730329.0909091,7132126.72094578,249723.443384242,189951.789818182,439675.233202424,11112.7272727273,0,0,556.363636363636,1685.78181818182,12798.5090909091,10779345.4545455,5091061.09090909,15870406.5454545,0,0,0,0,949.090909090909,0,0,949.090909090909,12363.6363636364,0,0,0,0,12363.6363636364,330.909090909091,125.454545454545,205.454545454545,152.727272727273,76.3636363636364,76.3636363636364,212.727272727273,0,696.363636363636,0,0,0,0,0,0,0,120,0,90.9090909090909,147.272727272727,0,0,0,0,0,0,167.272727272727,0,143.636363636364,0,0,0,27.2727272727273,0,0,0,0,0,0,0,0,0,0,0,0,0,0,0,11316976.9971051,8738279.82450877,10900398.0606061,16700337.5757576,1748766.14229333,18449103.7180509,-2578697.17259637,55.2666666666667
4,0,0,0,270000,0,0,333200,0,0,0,964100,38,3,251309,6,1.98,0.66,1.32,0,0,1.98,0.66,1.32,0,0,0,0,0,0,0,1.98,0.66,1.32,0,0,1.98,0.66,1.32,0,0,0,0,0,0,0,37,2,282.828282828283,791565.656565657,136363.636363636,655202.02020202,0,0,0,136363.636363636,0,0,168282.828282828,0,0,0,486919.191919192,238080.808080808,112727.272727273,865858.585858586,0,3787.87878787879,0,152525.252525253,114545.454545455,167457.912457912,0,167457.912457912,0,136363.636363636,0,136363.636363636,6309148.98989899,0,0,6309148.98989899,2697857.82154882,2917.96632996633,106494.174747475,109412.141077441,15867.6767676768,0,0,0,0,15867.6767676768,16842343.4343434,0,16842343.4343434,0,0,0,0,131.818181818182,0,0,131.818181818182,1717.17171717172,0,0,0,1163.63636363636,2880.80808080808,330.808080808081,173.232323232323,157.575757575758,0,0,0,47.979797979798,0,378.787878787879,0,0,0,0,0,0,0,41.9191919191919,0,78.7878787878788,187.373737373737,14.1414141414141,0,0,0,0,0,26.7676767676768,0,29.7979797979798,0,0,0,0,0,0,0,0,0,0,0,0,0,0,0,0,0,0,0,6554924.76734007,14144485.6127946,14144485.6127946,9007006.81144781,245775.777441077,9252782.58888889,7589560.84545455,53.6
4,0,0,0,277200,0,0,0,0,246400,0,248000,37,1,266599,6,0.34,0,0.34,0,0,0.24,0,0.24,0,0,0.1,0,0.1,0,0,0.34,0,0.34,0,0,0.24,0,0.24,0,0,0.1,0,0.1,0,0,40.5,2,411.764705882353,2269411.76470588,815294.117647059,1454117.64705882,0,0,0,815294.117647059,0,0,0,0,724705.882352941,0,729411.764705882,581176.470588235,328823.529411765,2450000,0,0,0,0,0,619981.37254902,179094.427244582,799075.799793602,0,349411.764705882,360588.235294118,710000,16443652.9411765,387011.764705882,0,16830664.7058824,7442686.56449948,184301.1449742,278504.948235294,462806.093209494,28867.6470588235,0,0,0,0,28867.6470588235,22805441.1764706,0,22805441.1764706,0,0,0,0,1791.17647058824,0,0,1791.17647058824,0,0,5882.35294117647,0,2117.64705882353,8000,844.117647058823,450,394.117647058823,23.5294117647059,23.5294117647059,0,138.235294117647,0,1005.88235294118,0,0,0,0,0,0,0,73.5294117647059,0,176.470588235294,520.588235294118,73.5294117647059,0,0,0,0,0,44.1176470588235,0,117.647058823529,0,0,0,0,0,0,0,0,0,0,0,0,0,0,0,0,0,0,0,17255870.7990918,15362754.6119711,16110354.6119711,23525751.2703818,1172806.09320949,24698557.3635913,-1893116.18712075,93.5512820512821
4,0,0,0,280800,0,210000,323400,0,0,0,0,33,2,244300,5,3.25,0.24,0.36,1.65,1,3.25,0.24,0.36,1.65,1,0,0,0,0,0,0.59,0.05,0.36,0.08,0.1,0.59,0.05,0.36,0.08,0.1,0,0,0,0,0,41.5,2,159.322033898305,1380000,831864.406779661,548135.593220339,0,0,0,475932.20338983,0,355932.20338983,548135.593220339,0,0,0,0,744915.254237288,148305.084745763,0,0,0,1701694.91525424,0,37457.6271186441,258214.689265537,11235.727029438,269450.416294975,0,1601694.91525424,0,1601694.91525424,1903900,7257413.55932203,35593.220338983,9196906.77966102,11811733.1105162,41534.1766458519,163795.06779661,205329.244442462,0,0,5118.64406779661,0,20218.6440677966,20218.6440677966,0,63890915.2542373,63890915.2542373,0,0,0,0,442.372881355932,0,5932.20338983051,6374.57627118644,4322.03389830508,0,0,0,0,4322.03389830508,127.118644067797,8.47457627118644,118.64406779661,308.474576271186,211.864406779661,96.6101694915254,6.77966101694915,86.4406779661017,528.813559322034,0,0,0,0,0,0,0,64.4067796610169,0,0,283.050847457627,100,0,0,0,0,0,0,0,81.3559322033898,0,0,0,0,0,0,0,0,0,0,0,0,0,0,0,0,0,0,0,3718321.12649241,52079182.1437211,61066486.8718406,13723030.0773119,1807024.1596967,15530054.2370086,48360861.0172287,23.7777777777778
4,0,0,0,283700,0,0,0,0,0,0,0,37,1,266599,6,0.37,0,0.37,0,0,0.37,0,0.37,0,0,0,0,0,0,0,0.37,0,0.37,0,0,0.37,0,0.37,0,0,0,0,0,0,0,38,2,297.297297297297,766756.756756757,766756.756756757,0,0,0,0,766756.756756757,0,0,0,0,0,0,0,2894864.86486486,583513.513513513,0,0,0,0,0,85135.1351351351,1173324.32432432,88549.0753911807,1261873.39971551,604144.144144144,1155405.40540541,0,1155405.40540541,16334710.8108108,0,0,16334710.8108108,6462886.81412992,274301.943973447,256245.765405405,530547.709378853,16602.7027027027,0,0,0,0,16602.7027027027,19757216.2162162,0,19757216.2162162,0,0,0,0,1362.16216216216,0,0,1362.16216216216,0,0,0,0,0,0,840.540540540541,445.945945945946,394.594594594595,0,0,0,129.72972972973,0,970.27027027027,0,0,0,0,0,0,0,78.3783783783784,0,0,764.864864864865,51.3513513513514,0,0,0,0,0,0,29.7297297297297,45.9459459459459,0,0,0,0,0,0,0,0,0,0,0,0,0,0,0,0,0,0,0,18020663.9255951,13294329.4020863,13294329.4020863,22797597.6249407,1685953.11478426,24483550.739725,-4726334.52350877,93.5512820512821
4,0,0,0,283700,0,0,0,0,677600,0,0,38,1,251309,6,0.48,0.39,0.09,0,0,0.48,0.39,0.09,0,0,0,0,0,0,0,0.38,0.29,0.09,0,0,0.38,0.29,0.09,0,0,0,0,0,0,0,19.3333333333333,2,1484.21052631579,2529736.84210526,746578.947368421,1783157.89473684,0,0,0,746578.947368421,0,0,0,0,1783157.89473684,0,0,917105.263157895,211315.789473684,4830789.47368421,0,0,0,0,116052.631578947,879259.649122807,70986.8421052632,950246.49122807,0,2673947.36842105,0,2673947.36842105,34000552.6315789,6980315.78947368,0,40980868.4210526,16786871.2807018,81797.4832280702,614864.768421053,696662.251649123,28034.2105263158,0,0,0,0,28034.2105263158,32082815.7894737,0,32082815.7894737,0,0,0,0,915.789473684211,0,0,915.789473684211,0,0,65789.4736842105,0,0,65789.4736842105,1973.68421052632,1402.63157894737,571.052631578947,426.315789473684,247.368421052632,178.947368421053,68.4210526315789,0,2468.42105263158,0,0,0,0,0,0,0,126.315789473684,0,213.157894736842,1531.57894736842,155.263157894737,0,0,52.6315789473684,0,0,360.526315789474,0,28.9473684210526,0,0,0,0,0,0,0,0,0,0,0,0,0,0,0,0,0,0,0,37371162.2516491,15295944.5087719,22276260.2982456,50787423.9122807,3370609.62007018,54158033.5323509,-22075217.7428772,114.677419354839
4,0,0,0,28800,0,0,357700,0,0,0,0,35,1,268798,5,0.4,0,0.4,0,0,0.4,0,0.4,0,0,0,0,0,0,0,0.4,0,0.4,0,0,0.4,0,0.4,0,0,0,0,0,0,0,13,2,200,966250,72000,894250,0,0,0,72000,0,0,894250,0,0,0,0,146250,98750,0,0,5000,0,0,0,717266.666666667,83000,800266.666666667,0,360000,0,360000,749000,1770120,0,2519120,4055434.66666667,135526.378666667,46318.588,181844.966666667,0,0,4180,0,16511,16511,0,52174760,52174760,0,0,0,0,87.5,0,0,87.5,7225,0,0,0,0,7225,0,0,0,80,80,0,35,17.5,132.5,0,0,0,0,0,0,0,17.5,0,0,35,45,0,0,0,0,0,0,0,35,0,0,0,0,0,0,0,0,0,0,0,0,0,0,0,0,0,0,0,1290844.96666667,48119325.3333333,49889445.3333333,4804434.66666667,541844.966666667,5346279.63333333,46828480.3666667,73.6666666666667
4,0,0,0,288000,0,0,0,0,0,0,1608900,38,1,251309,6,0.49,0,0.49,0,0,0.49,0,0.49,0,0,0,0,0,0,0,0.49,0,0.49,0,0,0.49,0,0.49,0,0,0,0,0,0,0,44,1,297.959183673469,3871224.48979592,587755.102040816,3283469.3877551,0,0,0,587755.102040816,0,0,0,0,0,0,3283469.3877551,791224.489795918,877959.183673469,6083061.2244898,65510.2040816327,0,0,1748979.59183673,874285.714285714,798979.591836735,0,798979.591836735,0,257142.857142857,0,257142.857142857,29209179.5918367,134269.387755102,0,29343448.9795918,15496802.877551,48802.8571428571,541330.604081633,590133.46122449,26820.4081632653,0,0,0,0,26820.4081632653,34546346.9387755,0,34546346.9387755,0,0,0,0,567.34693877551,0,0,567.34693877551,0,0,0,0,8816.32653061224,8816.32653061224,1716.32653061224,912.244897959184,804.081632653061,8.16326530612245,8.16326530612245,0,77.5510204081633,0,1802.04081632653,0,0,0,0,0,0,0,146.938775510204,0,440.816326530612,1010.20408163265,108.163265306122,0,0,0,0,0,0,0,95.9183673469388,0,0,0,0,0,0,0,0,0,0,0,0,0,0,0,0,0,0,0,30056455.9102041,19049544.0612245,19183813.4489796,44705982.4693878,847276.318367347,45553258.7877551,-11006911.8489796,114.677419354839
4,0,0,0,288000,0,0,0,0,404300,0,0,38,1,251309,6,0.43,0.43,0,0,0,0.43,0.43,0,0,0,0,0,0,0,0,0.43,0.43,0,0,0,0.43,0.43,0,0,0,0,0,0,0,0,35,1,1395.3488372093,1610000,669767.441860465,940232.558139535,0,0,0,669767.441860465,0,0,0,0,940232.558139535,0,0,462093.023255814,348139.534883721,0,0,40697.6744186046,0,0,117209.302325581,977906.976744186,77209.3023255814,1055116.27906977,0,1506976.74418605,0,1506976.74418605,10899927.9069767,0,0,10899927.9069767,3884564.81395349,126409.829457364,167128.03627907,293537.865736434,12490.6976744186,0,0,0,0,12490.6976744186,15238651.1627907,0,15238651.1627907,0,0,0,0,809.302325581395,0,0,809.302325581395,0,0,8720.93023255814,0,0,8720.93023255814,362.790697674419,281.395348837209,81.3953488372093,0,0,0,232.558139534884,0,595.348837209302,0,0,0,0,0,0,0,65.1162790697674,0,32.5581395348837,81.3953488372093,18.6046511627907,0,0,0,0,0,195.348837209302,0,137.209302325581,0,0,0,0,0,0,0,0,0,0,0,0,0,0,0,0,0,0,65.1162790697674,12700442.5168992,11354086.3488372,11354086.3488372,14784492.7209302,1800514.60992248,16585007.3308527,-1346356.16806201,114.677419354839
4,0,0,0,297400,0,0,215600,0,0,0,0,33,1,244300,5,1.12,0,0.91,0.17,0.04,0.92,0,0.71,0.17,0.04,0.2,0,0.2,0,0,0.16,0,0.11,0.03,0.02,0.14,0,0.09,0.03,0.02,0.02,0,0.02,0,0,28.6666666666667,2,393.75,3206250,1858750,1347500,0,0,0,1858750,0,0,1347500,0,0,0,0,1166250,580000,0,0,634375,0,0,39375,671833.333333333,78631.5789473684,750464.912280702,0,2981250,643750,3625000,16349418.75,0,0,16349418.75,7264764.9122807,133736.142807018,272498.2925,406234.435307018,0,0,4393.75,0,17355.3125,17355.3125,0,54842787.5,54842787.5,0,0,0,0,1737.5,0,0,1737.5,10625,0,0,0,0,10625,812.5,400,412.5,0,0,0,187.5,0,1000,0,0,0,0,0,0,0,350,0,0,168.75,337.5,0,0,0,0,0,37.5,0,106.25,0,0,0,0,0,0,0,0,0,0,0,0,0,0,0,0,0,0,0,19736903.185307,47578022.5877193,48221772.5877193,22970433.6622807,4031234.43530702,27001668.0975877,27841119.4024123,50.7647058823529
4,0,0,0,30200,0,0,0,0,0,0,36000,37,1,266599,5,0.29,0.14,0.15,0,0,0.29,0.14,0.15,0,0,0,0,0,0,0,0.22,0.07,0.15,0,0,0.22,0.07,0.15,0,0,0,0,0,0,0,20.5,2,545.454545454545,300909.090909091,137272.727272727,163636.363636364,0,0,0,137272.727272727,0,0,0,0,0,0,163636.363636364,2295000,633636.363636364,7938181.81818182,0,0,0,0,184545.454545455,429727.272727273,119138.755980861,548866.028708134,224090.909090909,1820454.54545455,0,1820454.54545455,26516454.5454545,0,0,26516454.5454545,12391828.6650718,186815.522488038,469572.218181818,656387.740669856,25563.6363636364,0,0,0,0,25563.6363636364,36556000,0,36556000,0,0,0,0,236.363636363636,0,0,236.363636363636,0,0,0,0,654.545454545455,654.545454545455,1436.36363636364,813.636363636364,622.727272727273,0,0,0,150,0,1586.36363636364,0,0,0,0,0,0,0,59.0909090909091,0,0,1286.36363636364,45.4545454545455,0,0,0,0,0,54.5454545454545,0,90.9090909090909,0,0,0,50,0,0,0,0,0,0,0,0,0,0,0,0,0,0,0,28993296.831579,24164171.3349282,24164171.3349282,38908283.2105263,2476842.2861244,41385125.4966507,-4829125.49665072,93.5512820512821
4,0,0,0,309600,0,0,0,0,0,0,0,37,1,266599,6,0.51,0.05,0.46,0,0,0.51,0.05,0.46,0,0,0,0,0,0,0,0.21,0.03,0.18,0,0,0.21,0.03,0.18,0,0,0,0,0,0,0,21.3333333333333,2,380.952380952381,1474285.71428571,1474285.71428571,0,0,0,0,1474285.71428571,0,0,0,0,0,0,0,1040476.19047619,320476.19047619,7800000,0,0,0,0,0,1739355.55555556,0,1739355.55555556,0,771428.571428571,0,771428.571428571,37291847.6190476,0,0,37291847.6190476,12641192.6507936,95727.1182222222,594295.862857143,690022.981079365,29104.7619047619,0,0,0,0,29104.7619047619,29104761.9047619,0,29104761.9047619,0,0,0,0,8285.71428571428,0,0,8285.71428571428,0,0,0,0,0,0,2057.14285714286,1361.90476190476,695.238095238095,0,0,0,142.857142857143,0,2200,0,0,0,0,0,0,0,266.666666666667,0,857.142857142857,1042.85714285714,33.3333333333333,0,0,0,0,0,0,0,0,0,0,0,0,0,0,0,0,0,0,0,0,0,0,0,0,0,0,0,38753299.1715555,16463569.2539683,16463569.2539683,49933040.2698413,1461451.55250794,51394491.8223492,-22289729.9175873,93.5512820512821
4,0,0,0,31000,0,0,0,0,0,0,0,37,1,266599,6,0.17,0,0.17,0,0,0,0,0,0,0,0.17,0,0.17,0,0,0.17,0,0.17,0,0,0,0,0,0,0,0.17,0,0.17,0,0,38,1,235.294117647059,182352.941176471,182352.941176471,0,0,0,0,182352.941176471,0,0,0,0,0,0,0,996470.588235294,0,2062941.17647059,0,0,0,0,74117.6470588235,1933333.33333333,256965.944272446,2190299.27760578,0,0,2575294.11764706,2575294.11764706,4509647.05882353,12648235.2941176,0,17157882.3529412,20996310.0423117,-187672.528379773,253874.682352941,66202.1539731683,16194.1176470588,0,0,0,0,16194.1176470588,23157588.2352941,0,23157588.2352941,0,0,0,0,305.882352941176,0,0,305.882352941176,0,0,0,0,0,0,252.941176470588,252.941176470588,0,782.35294117647,417.647058823529,364.705882352941,0,0,1035.29411764706,0,0,0,0,0,0,0,111.764705882353,0,0,864.705882352941,17.6470588235294,0,0,0,0,0,0,0,41.1764705882353,0,0,0,0,0,0,0,0,0,0,0,0,0,0,0,0,0,0,0,4575849.2127967,2161278.19298245,17384807.6047472,22930662.9834881,2641496.27162023,25572159.2551084,-2414571.01981424,93.5512820512821
4,0,0,0,31000,0,0,896700,0,0,0,0,36,1,261128,6,0.38,0,0.38,0,0,0.38,0,0.38,0,0,0,0,0,0,0,0.19,0,0.19,0,0,0.19,0,0.19,0,0,0,0,0,0,0,23,2,526.315789473684,4882631.57894737,163157.894736842,4719473.68421053,0,0,0,163157.894736842,0,0,4719473.68421053,0,0,0,0,725789.473684211,826315.789473684,0,0,0,0,0,0,668526.315789474,259156.240601504,927682.556390977,1188596.49122807,521052.631578947,0,521052.631578947,20074115.7894737,1526315.78947368,94736.8421052632,21695168.4210526,10345153.9129415,358082.592918296,348810.825263158,706893.418181454,14210.5263157895,0,0,805.263157894737,2439.94736842105,16650.4736842105,16484210.5263158,7368641.05263158,23852851.5789474,0,0,0,0,915.789473684211,0,0,915.789473684211,17894.7368421053,0,0,0,0,17894.7368421053,710.526315789474,331.578947368421,378.947368421053,94.7368421052632,52.6315789473684,42.1052631578947,415.789473684211,0,1221.05263157895,0,0,0,0,0,0,0,142.105263157895,0,147.368421052632,521.052631578947,173.684210526316,0,0,0,0,0,36.8421052631579,0,200,0,0,0,0,0,0,0,0,0,0,0,0,0,0,0,0,0,0,0,21390104.4475958,13507697.6660059,15040707.6892231,30507312.3107769,1227946.0497604,31735258.3605373,-7882406.78158997,90.8205128205128
4,0,0,0,31700,0,0,0,0,61600,0,49600,37,1,266599,6,0.15,0,0.15,0,0,0.15,0,0.15,0,0,0,0,0,0,0,0.1,0,0.1,0,0,0.1,0,0.1,0,0,0,0,0,0,0,38,2,300,1429000,317000,1112000,0,0,0,317000,0,0,0,0,616000,0,496000,1291000,592000,941000,0,0,0,0,0,1338833.33333333,342521.052631579,1681354.38596491,0,432000,0,432000,14906800,13344760,0,28251560,19545713.3859649,402128.612842105,403056.544,805185.156842105,17180,0,0,0,0,17180,21990400,0,21990400,0,0,0,0,700,0,0,700,0,0,5000,0,1440,6440,840,0,840,740,740,0,150,0,1730,0,0,0,0,0,0,0,160,0,360,1030,40,0,0,0,0,0,0,0,140,0,0,0,0,0,0,0,0,0,0,0,0,0,0,0,0,0,0,0,16143985.1568421,2444686.61403509,15789446.6140351,34452513.3859649,1237185.15684211,35689698.542807,-13699298.542807,93.5512820512821
4,0,0,0,324000,0,0,269500,0,0,0,1404300,38,2,251309,5,0.67,0.54,0.13,0,0,0.67,0.54,0.13,0,0,0,0,0,0,0,0.67,0.54,0.13,0,0,0.67,0.54,0.13,0,0,0,0,0,0,0,36.5,1,395.522388059701,2981791.04477612,483582.089552239,2498208.95522388,0,0,0,483582.089552239,0,0,402238.805970149,0,0,0,2095970.14925373,408358.208955224,342388.059701493,3755522.3880597,0,26119.4029850746,0,0,0,823542.288557214,63016.103692066,886558.39224928,0,338507.462686567,0,338507.462686567,14938189.5522388,7920800,0,22858989.5522388,16572846.4967269,-77736.4262608012,376627.291343284,298890.865082482,0,5432.83582089552,0,0,16461.4925373134,16461.4925373134,0,49713707.4626866,49713707.4626866,0,0,0,0,779.10447761194,0,0,779.10447761194,4059.70149253731,0,0,0,5158.20895522388,9217.91044776119,476.119402985075,450.746268656716,25.3731343283582,452.238805970149,452.238805970149,0,302.985074626866,0,1231.34328358209,0,0,0,0,0,0,0,223.880597014925,0,153.731343283582,514.925373134328,71.6417910447761,0,0,0,0,23.8805970149254,34.3283582089552,0,205.970149253731,0,0,0,0,0,2.98507462686567,0,0,0,0,0,0,0,0,0,0,0,0,0,15575587.8800079,33140860.9659597,41061660.9659597,31511036.0489657,637398.327769049,32148434.3767347,17565273.0859518,42.0476190476191
4,0,0,0,324000,0,0,673800,0,0,0,0,38,1,251309,6,0.4,0.1,0.3,0,0,0.4,0.1,0.3,0,0,0,0,0,0,0,0.4,0.1,0.3,0,0,0.4,0.1,0.3,0,0,0,0,0,0,0,28,1,525,2494500,810000,1684500,0,0,0,810000,0,0,1684500,0,0,0,0,283750,192500,2931500,0,0,0,0,55250,353800,103750,457550,0,450000,0,450000,13721292.5,11326650,0,25047942.5,17993009,80614.105,384467.487,465081.592,14647.5,0,0,0,0,14647.5,17806675,0,17806675,0,0,0,0,1305,0,0,1305,19125,0,0,0,0,19125,797.5,297.5,500,642.5,642.5,0,67.5,0,1507.5,0,0,0,0,0,0,0,22.5,0,130,1085,132.5,0,0,0,0,25,57.5,0,55,0,0,0,0,0,0,0,0,0,0,0,0,0,0,0,0,0,0,0,14636374.092,-186334,11140316,31714301.5,915081.592,32629383.092,-14822708.092,114.677419354839
4,0,0,0,325400,0,0,0,0,0,0,518300,35,2,268798,6,0.66,0,0.66,0,0,0.66,0,0.66,0,0,0,0,0,0,0,0.66,0,0.66,0,0,0.66,0,0.66,0,0,0,0,0,0,0,22.75,2,257.575757575758,1278333.33333333,493030.303030303,785303.03030303,0,0,0,493030.303030303,0,0,0,0,0,0,785303.03030303,963939.393939394,328030.303030303,0,0,0,0,0,0,3789333.33333333,0,3789333.33333333,622474.747474747,4227272.72727273,0,4227272.72727273,12160860.6060606,2260606.06060606,151515.151515152,14572981.8181818,9535265.6041597,324998.488888889,212576.732121212,537575.221010101,24695.4545454545,0,0,0,0,24695.4545454545,26424136.3636364,0,26424136.3636364,0,0,0,0,684.848484848485,0,0,684.848484848485,0,0,0,0,2072.72727272727,2072.72727272727,672.727272727273,393.939393939394,278.787878787879,133.333333333333,106.060606060606,27.2727272727273,59.0909090909091,0,865.151515151515,0,0,0,0,0,0,0,59.0909090909091,0,0,683.333333333333,19.6969696969697,0,0,0,0,39.3939393939394,63.6363636363636,0,0,0,0,0,0,0,0,0,0,0,0,0,0,0,0,0,0,0,0,0,17053473.2734161,16888870.7594767,19173227.2525253,21823890.9292929,4764847.94828283,26588738.8775758,-164602.513939392,34.3333333333333
4,0,0,0,340600,0,0,0,0,0,0,263500,37,1,266599,6,0.61,0,0.61,0,0,0.61,0,0.61,0,0,0,0,0,0,0,0.41,0,0.41,0,0,0.41,0,0.41,0,0,0,0,0,0,0,48,2,292.682926829268,1473414.63414634,830731.707317073,642682.926829268,0,0,0,830731.707317073,0,0,0,0,0,0,642682.926829268,1926341.46341463,165853.658536585,6680731.70731707,0,0,0,0,15365.8536585366,837227.642276423,0,837227.642276423,801626.016260163,1317073.17073171,0,1317073.17073171,36048458.5365854,6617365.85365854,0,42665824.3902439,18784525.8292683,152153.484227642,656301.393170732,808454.877398374,24846.3414634146,0,0,0,0,24846.3414634146,35530268.2926829,0,35530268.2926829,0,0,0,0,4668.29268292683,0,0,4668.29268292683,0,0,0,0,1756.09756097561,1756.09756097561,2039.0243902439,990.243902439024,1048.78048780488,409.756097560976,214.634146341463,195.121951219512,170.731707317073,0,2619.51219512195,0,0,0,0,0,0,0,319.512195121951,0,860.975609756097,1285.36585365854,97.5609756097561,0,0,0,0,0,56.0975609756098,0,0,0,0,0,0,0,0,0,0,0,0,0,0,0,0,0,0,0,0,0,38173986.5847154,16745742.4634146,23363108.3170732,54832984.3658537,2125528.04813008,56958512.4139837,-21428244.1213008,93.5512820512821
4,0,0,0,349900,0,0,0,0,0,0,213300,37,1,266599,6,0.37,0,0.37,0,0,0.37,0,0.37,0,0,0,0,0,0,0,0.34,0,0.34,0,0,0.34,0,0.34,0,0,0,0,0,0,0,36.25,2,291.176470588235,1656470.58823529,1029117.64705882,627352.941176471,0,0,0,1029117.64705882,0,0,0,0,0,0,627352.941176471,828823.529411765,147941.176470588,1820882.35294118,0,0,0,1338235.29411765,185294.117647059,957568.62745098,511019.607843137,1468588.23529412,0,1360588.23529412,0,1360588.23529412,21875370.5882353,2644352.94117647,0,24519723.5294118,10357187.2352941,521223.569411765,378167.395294118,899390.964705882,13244.1176470588,0,0,750,2272.5,15516.6176470588,16025382.3529412,9589950,25615332.3529412,0,0,0,0,2302.94117647059,0,0,2302.94117647059,0,0,0,0,1694.11764705882,1694.11764705882,1202.94117647059,585.294117647059,617.64705882353,164.705882352941,82.3529411764706,82.3529411764706,129.411764705882,0,1497.05882352941,0,0,0,0,0,0,0,129.411764705882,0,135.294117647059,811.764705882353,55.8823529411765,0,0,0,0,0,0,0,105.882352941176,0,0,0,0,258.823529411765,0,0,0,0,0,0,0,0,0,0,0,0,0,0,24135349.7882353,15258145.1176471,17902498.0588235,32232557.8235294,2259979.2,34492537.0235294,-8877204.67058824,93.5512820512821
4,0,0,0,39600,0,0,75000,0,0,0,0,35,1,268798,6,0.14,0.05,0.09,0,0,0.14,0.05,0.09,0,0,0,0,0,0,0,0.12,0.03,0.09,0,0,0.12,0.03,0.09,0,0,0,0,0,0,0,10.5,2,758.333333333333,955000,330000,625000,0,0,0,330000,0,0,625000,0,0,0,0,301666.666666667,79166.6666666667,1213333.33333333,0,0,0,0,3353333.33333333,251397.222222222,0,251397.222222222,667361.111111111,960000,0,960000,21796583.3333333,2011800,0,23808383.3333333,9101856.33333333,130548.491666667,368414.953333333,498963.445,12950,0,0,0,0,12950,18518500,0,18518500,0,0,0,0,725,0,0,725,6375,0,0,0,0,6375,1275,775,500,116.666666666667,116.666666666667,0,75,0,1466.66666666667,0,0,0,8.33333333333333,0,0,0,125,0,33.3333333333333,175,175,0,0,0,0,0,175,0,750,0,0,0,0,25,0,0,0,0,0,0,0,0,0,0,0,0,0,0,23255546.7783333,9416643.66666667,11428443.6666667,30898439.6666667,1458963.445,32357403.1116667,-13838903.1116667,73.6666666666667
4,0,0,0,41000,0,0,735000,0,0,0,0,37,1,266599,5,0.42,0,0.42,0,0,0.42,0,0.42,0,0,0,0,0,0,0,0.42,0,0.42,0,0,0.42,0,0.42,0,0,0,0,0,0,0,38,2,619.047619047619,1847619.04761905,97619.0476190476,1750000,0,0,0,97619.0476190476,0,0,1750000,0,0,0,0,1580238.0952381,690476.19047619,0,0,0,0,0,60000,429476.19047619,98289.4736842105,527765.664160401,371825.396825397,1392857.14285714,0,1392857.14285714,10559247.6190476,2140666.66666667,0,12699914.2857143,7485190.0609858,184511.434385965,209290.27047619,393801.704862155,9847.61904761905,0,0,3397.61904761905,10294.7857142857,20142.4047619048,5810095.23809524,43443995.7142857,49254090.9523809,0,0,0,0,247.619047619048,0,0,247.619047619048,10119.0476190476,0,0,0,0,10119.0476190476,447.619047619048,266.666666666667,180.952380952381,133.333333333333,66.6666666666667,66.6666666666667,154.761904761905,0,735.714285714286,0,0,0,0,0,0,0,54.7619047619048,0,0,469.047619047619,21.4285714285714,0,0,0,0,45.2380952380952,83.3333333333333,0,47.6190476190476,0,0,0,14.2857142857143,0,0,0,0,0,0,0,0,0,0,0,0,0,0,0,12345906.4667669,41768900.8913952,43909567.5580618,18044437.6800334,1786658.8477193,19831096.5277527,29422994.4246282,93.5512820512821
4,0,0,0,43200,0,0,0,0,0,0,0,36,1,261128,6,0.15,0.15,0,0,0,0.15,0.15,0,0,0,0,0,0,0,0,0.14,0.14,0,0,0,0.14,0.14,0,0,0,0,0,0,0,0,27,2,457.142857142857,308571.428571429,308571.428571429,0,0,0,0,308571.428571429,0,0,0,0,0,0,0,471428.571428571,742857.142857143,1623571.42857143,0,0,0,0,0,366228.571428571,158355.263157895,524583.834586466,586904.761904762,257142.857142857,0,257142.857142857,15176842.8571429,0,0,15176842.8571429,4519045.1679198,297894.2600802,227208.565714286,525102.825794486,22221.4285714286,0,0,0,0,22221.4285714286,20835214.2857143,0,20835214.2857143,0,0,0,0,3728.57142857143,0,0,3728.57142857143,0,0,0,0,0,0,742.857142857143,742.857142857143,0,0,0,0,85.7142857142857,0,828.571428571428,0,0,0,0,0,0,0,100,0,114.285714285714,542.857142857143,35.7142857142857,0,0,0,0,0,0,0,0,0,0,0,0,35.7142857142857,0,0,0,0,0,0,0,0,0,0,0,0,0,0,15959088.5400802,16316169.1177945,16316169.1177945,19695888.0250627,782245.682937343,20478133.708,357080.577714287,90.8205128205128
4,0,0,0,43200,0,0,42100,0,0,0,0,36,1,261128,6,0.6,0,0.6,0,0,0.6,0,0.6,0,0,0,0,0,0,0,0.14,0,0.14,0,0,0.14,0,0.14,0,0,0,0,0,0,0,38,2,300,609285.714285714,308571.428571429,300714.285714286,0,0,0,308571.428571429,0,0,300714.285714286,0,0,0,0,1005714.28571429,837857.142857143,0,0,0,0,0,0,695900,157107.142857143,853007.142857143,0,1028571.42857143,0,1028571.42857143,26546550,0,0,26546550,3566992.28571429,245079.531333333,359592.648571428,604672.179904762,14550,0,0,657.142857142857,1991.14285714286,16541.1428571429,13822500,6013251.42857143,19835751.4285714,0,0,0,0,621.428571428571,0,0,621.428571428571,2428.57142857143,0,0,0,0,2428.57142857143,1085.71428571429,464.285714285714,621.428571428571,0,0,0,471.428571428571,0,1557.14285714286,0,0,0,0,0,0,0,242.857142857143,0,271.428571428571,307.142857142857,57.1428571428571,0,0,0,0,0,342.857142857143,0,335.714285714286,0,0,0,0,0,0,0,0,0,0,0,0,0,0,0,0,0,0,0,28179793.6084762,16268759.1428571,16268759.1428571,30113542.2857143,1633243.60847619,31746785.8941905,-11911034.465619,90.8205128205128
4,0,0,0,433500,0,0,421400,0,0,800000,263500,37,2,266599,6,0.85,0,0.85,0,0,0.85,0,0.85,0,0,0,0,0,0,0,0.85,0,0.85,0,0,0.85,0,0.85,0,0,0,0,0,0,0,44.6666666666667,2,211.764705882353,2256941.17647059,510000,1746941.17647059,0,0,0,510000,0,0,495764.705882353,0,0,941176.470588235,310000,1301647.05882353,68117.6470588235,4496470.58823529,0,0,0,0,0,378719.607843137,0,378719.607843137,0,190588.235294118,0,190588.235294118,18000657.6470588,10480349.4117647,0,28481007.0588235,19248844.4901961,31777.0861176471,453891.875764706,485668.961882353,16778.8235294118,0,0,0,0,16778.8235294118,21476894.1176471,0,21476894.1176471,0,0,0,0,2865.88235294118,0,0,2865.88235294118,4000,0,0,2352.94117647059,847.058823529412,7200,1028.23529411765,523.529411764706,504.705882352941,582.352941176471,582.352941176471,0,78.8235294117647,0,1689.41176470588,0,0,0,0,0,0,0,184.705882352941,0,550.588235294118,807.058823529412,71.7647058823529,0,0,0,0,0,52.9411764705882,0,22.3529411764706,0,0,0,0,0,0,0,0,0,0,0,0,0,0,0,0,0,0,0,18676914.8442353,2228049.62745098,12708399.0392157,37249502.1372549,676257.197176471,37925759.3344314,-16448865.2167843,68.8181818181818
4,0,0,0,44500,0,0,0,0,0,0,0,99,1,252634,6,0.23,0,0.06,0.17,0,0.03,0,0.03,0,0,0.2,0,0.03,0.17,0,0.23,0,0.06,0.17,0,0.03,0,0.03,0,0,0.2,0,0.03,0.17,0,65,2,178.260869565217,193478.260869565,193478.260869565,0,0,0,0,193478.260869565,0,0,0,0,0,0,0,498260.869565217,110000,0,0,0,0,0,65652.1739130435,1572052.17391304,526489.702517162,2098541.87643021,1893478.26086957,195652.173913043,4030434.7826087,4226086.95652174,12615478.2608696,7282608.69565217,104347.826086957,20002434.7826087,16463279.746358,775905.265073989,258785.843478261,1034691.10855225,15943.4782608696,0,0,0,0,15943.4782608696,17856695.6521739,0,17856695.6521739,0,0,0,0,226.086956521739,0,0,226.086956521739,0,0,0,0,0,0,313.04347826087,130.434782608696,182.608695652174,586.95652173913,152.173913043478,434.782608695652,360.869565217391,0,1260.86956521739,0,0,0,0,0,0,0,91.304347826087,0,0,1126.08695652174,8.69565217391304,0,0,0,0,0,0,0,34.7826086956522,0,0,0,0,0,0,0,0,0,0,0,0,0,0,0,0,0,0,0,13911978.5429723,1393415.90581596,12744650.2105263,25114480.2242563,5260778.06507399,30375258.2893303,-12518562.6371564,81.4
4,0,0,0,46800,0,0,235200,0,0,0,0,37,1,266599,6,0.2,0,0.2,0,0,0.2,0,0.2,0,0,0,0,0,0,0,0.2,0,0.2,0,0,0.2,0,0.2,0,0,0,0,0,0,0,42,2,215,1410000,234000,1176000,0,0,0,234000,0,0,1176000,0,0,0,0,1543000,1453500,227500,0,425000,0,0,150000,165888.333333333,332111.263157895,497999.596491228,213125,3240000,0,3240000,18189075,0,0,18189075,6186723.59649123,399197.179932281,290136.13,689333.309932281,16335,0,0,0,0,16335,23359050,0,23359050,0,0,0,0,435,0,0,435,5100,0,0,0,0,5100,735,325,410,0,0,0,320,0,1055,0,0,0,0,0,0,0,195,0,100,360,35,0,0,0,0,0,150,0,215,0,0,0,0,0,0,0,0,0,0,0,0,0,0,0,0,0,0,0,22118408.3099323,17172326.4035088,17172326.4035088,24375798.5964912,3929333.30993228,28305131.9064235,-4946081.90642351,93.5512820512821
4,0,0,0,475200,0,0,98000,0,0,0,426600,37,1,266599,6,0.84,0,0.84,0,0,0.84,0,0.84,0,0,0,0,0,0,0,0.47,0,0.47,0,0,0.47,0,0.47,0,0,0,0,0,0,0,21.6666666666667,2,361.702127659574,2127234.04255319,1011063.82978723,1116170.21276596,0,0,0,1011063.82978723,0,0,208510.638297872,0,0,0,907659.574468085,486170.212765957,188297.872340426,3752340.42553191,0,164893.617021277,0,2329787.23404255,120638.29787234,1319520.56737589,355153.6643026,1674674.23167849,0,2680851.06382979,0,2680851.06382979,25020772.3404255,0,0,25020772.3404255,11110634.9338061,314700.6881513,423957.66212766,738658.35027896,13221.2765957447,0,0,0,0,13221.2765957447,17848723.4042553,0,17848723.4042553,0,0,0,0,1110.63829787234,0,0,1110.63829787234,1808.51063829787,0,0,0,2451.06382978723,4259.57446808511,1423.40425531915,712.765957446808,710.63829787234,0,0,0,114.893617021277,0,1538.29787234043,0,0,0,0,0,0,0,127.659574468085,0,153.191489361702,676.595744680851,144.68085106383,0,0,6.38297872340426,0,0,19.1489361702128,0,61.7021276595745,0,0,0,0,348.936170212766,0,0,0,0,0,0,0,0,0,0,0,0,0,0,28440281.7545343,6738088.47044918,6738088.47044918,36131407.2742317,3419509.41410875,39550916.6883404,-21702193.2840851,93.5512820512821
4,0,0,0,50400,0,0,980000,0,0,0,0,37,2,266599,6,0.63,0.63,0,0,0,0.63,0.63,0,0,0,0,0,0,0,0,0.63,0.63,0,0,0,0.63,0.63,0,0,0,0,0,0,0,0,25.5,2,1293.65079365079,1635555.55555556,80000,1555555.55555556,0,0,0,80000,0,0,1555555.55555556,0,0,0,0,1283650.79365079,316031.746031746,2903492.06349206,0,0,0,0,50000,1813650.79365079,423320.802005013,2236971.59565581,391269.841269841,1287142.85714286,0,1287142.85714286,9448066.66666667,7068555.55555556,0,16516622.2222222,16152126.1512114,535296.812030075,281546.369523809,816843.181553885,16549.2063492063,0,0,0,0,16549.2063492063,23665365.0793651,0,23665365.0793651,0,0,0,0,138.095238095238,0,0,138.095238095238,26984.126984127,0,0,0,0,26984.126984127,509.52380952381,285.714285714286,223.809523809524,439.68253968254,222.222222222222,217.460317460317,53.968253968254,0,1003.1746031746,0,0,0,0,0,0,0,39.6825396825397,0,0,888.888888888889,46.031746031746,0,0,0,0,0,0,0,14.2857142857143,0,0,0,14.2857142857143,0,0,0,0,0,0,0,0,0,0,0,0,0,0,0,11552052.7053634,7513238.92815372,14581794.4837093,25600192.817878,2103986.03869674,27704178.8565748,-4038813.77720969,68.8181818181818
4,0,0,0,51800,0,0,31600,0,0,0,0,36,3,261128,6,5.95,0,0,5.95,0,5.95,0,0,5.95,0,0,0,0,0,0,1.16,0,0,1.16,0,1.16,0,0,1.16,0,0,0,0,0,0,25,2,137.931034482759,71896.5517241379,44655.1724137931,27241.3793103448,0,0,0,44655.1724137931,0,0,27241.3793103448,0,0,0,0,171465.517241379,198362.068965517,360862.068965517,0,0,0,0,228103.448275862,79309.3390804598,31563.854679803,110873.193760263,5603.44827586207,310344.827586207,0,310344.827586207,3849845.68965517,2406689.65517241,87931.0344827586,6344466.37931035,3848808.21763236,39947.1229786535,91451.9348275862,131399.05780624,16440.5172413793,0,0,220.689655172414,668.689655172414,17109.2068965517,15618491.3793103,2019442.75862069,17637934.137931,0,0,0,0,89.6551724137931,0,0,89.6551724137931,2198.27586206897,0,0,0,0,2198.27586206897,164.655172413793,81.0344827586207,83.6206896551724,150.862068965517,71.551724137931,79.3103448275862,61.2068965517241,0,376.724137931035,0,0,0,0,0,0,0,30.1724137931035,0,112.068965517241,120.689655172414,22.4137931034483,0,0,0,0,0,37.0689655172414,0,24.1379310344828,0,0,0,7.75862068965517,0,0,0,0,0,0,0,0,0,0,0,0,0,0,22.4137931034483,4345696.34427897,13789125.9202987,16229639.8407225,7752760.67651888,441743.885392447,8194504.56191133,9443429.5760197,42
4,0,0,0,537100,0,0,514500,0,0,0,0,38,2,251309,6,1.42,0,1.42,0,0,1.42,0,1.42,0,0,0,0,0,0,0,0.76,0,0.76,0,0,0.76,0,0.76,0,0,0,0,0,0,0,34,2,388.157894736842,1383684.21052632,706710.52631579,676973.684210526,0,0,0,706710.52631579,0,0,676973.684210526,0,0,0,0,745789.473684211,511973.684210526,6315000,0,0,0,1073684.21052632,580263.157894737,798135.964912281,0,798135.964912281,0,378421.052631579,0,378421.052631579,23170144.7368421,9859021.05263158,10526.3157894737,33039692.1052632,21522002.8007106,47645.4228070175,541261.076842105,588906.499649123,26807.8947368421,0,0,0,0,26807.8947368421,27558552.631579,0,27558552.631579,0,0,0,0,961.842105263158,0,0,961.842105263158,6710.52631578947,0,0,0,0,6710.52631578947,1185.52631578947,636.842105263158,548.684210526316,550,550,0,192.105263157895,0,1927.63157894737,0,0,0,0,0,0,0,113.157894736842,0,544.736842105263,973.684210526316,77.6315789473684,0,0,0,0,0,11.8421052631579,0,206.578947368421,0,0,0,0,0,0,0,0,0,0,0,0,0,0,0,0,0,0,0,24144856.5585876,6036549.83086833,15898712.9298246,44699531.8070175,967327.552280702,45666859.3592983,-18108306.7277193,42.0476190476191
4,0,0,0,54000,0,0,0,0,0,0,107900,38,1,251309,6,0.13,0.13,0,0,0,0.13,0.13,0,0,0,0,0,0,0,0,0.13,0.13,0,0,0,0.13,0.13,0,0,0,0,0,0,0,0,37,1,615.384615384615,1245384.61538462,415384.615384615,830000,0,0,0,415384.615384615,0,0,0,0,0,0,830000,1615384.61538462,1093846.15384615,3779230.76923077,0,0,0,1253846.15384615,823846.153846154,2736410.25641026,0,2736410.25641026,0,138461.538461538,0,138461.538461538,44707023.0769231,506092.307692308,0,45213115.3846154,13305350.025641,120788.717948718,682305.707692308,803094.425641026,25115.3846153846,0,0,0,0,25115.3846153846,27401615.3846154,0,27401615.3846154,0,0,0,0,400,0,0,400,0,0,0,0,8861.53846153846,8861.53846153846,2492.30769230769,1269.23076923077,1223.07692307692,30.7692307692308,30.7692307692308,0,223.076923076923,0,2746.15384615385,0,0,0,0,0,0,0,200,0,800,1484.61538461538,138.461538461538,0,0,0,0,0,0,0,123.076923076923,0,0,0,0,0,0,0,0,0,0,0,0,0,0,0,0,0,0,0,45648579.0410256,14096265.3589744,14602357.6666667,58012373.1025641,941555.964102564,58953929.0666667,-31552313.6820513,114.677419354839
4,0,0,0,609100,0,0,0,0,0,0,186600,37,1,266599,6,0.26,0,0.26,0,0,0.26,0,0.26,0,0,0,0,0,0,0,0.26,0,0.26,0,0,0.26,0,0.26,0,0,0,0,0,0,0,27.1666666666667,2,261.538461538462,3060384.61538462,2342692.30769231,717692.307692308,0,0,0,2342692.30769231,0,0,0,0,0,0,717692.307692308,1395769.23076923,391538.461538462,3391538.46153846,0,0,0,1169230.76923077,121153.846153846,1845143.58974359,1344129.55465587,3189273.14439946,0,553846.153846154,0,553846.153846154,33314950,6094615.38461538,0,39409565.3846154,19080102.9136302,1077042.11207557,606845.841538462,1683887.95361404,12346.1538461538,0,0,0,0,12346.1538461538,18519230.7692308,0,18519230.7692308,0,0,0,0,3146.15384615385,0,0,3146.15384615385,0,0,0,0,1938.46153846154,1938.46153846154,1684.61538461538,938.461538461538,746.153846153846,361.538461538462,253.846153846154,107.692307692308,284.615384615385,0,2330.76923076923,0,0,0,0,0,0,0,153.846153846154,0,188.461538461538,1150,73.0769230769231,0,0,23.0769230769231,0,69.2307692307692,0,0,311.538461538462,0,0,0,0,361.538461538462,0,0,0,0,0,0,0,0,0,0,0,0,0,0,35552684.1074602,-560872.144399464,5533743.24021592,52395052.9136302,2237734.10746019,54632787.0210904,-36113556.2518597,93.5512820512821
4,0,0,0,61600,0,0,0,98800,0,0,0,33,1,244300,6,0.41,0,0.41,0,0,0.41,0,0.41,0,0,0,0,0,0,0,0.4,0,0.4,0,0,0.4,0,0.4,0,0,0,0,0,0,0,16,2,325,401000,154000,247000,0,0,0,154000,0,0,0,247000,0,0,0,56250,148250,0,0,0,0,0,69500,205900,0,205900,0,91250,0,91250,19891457.5,0,0,19891457.5,1125200,11694.192,255024.073,266718.265,12600,0,0,0,0,12600,10962000,0,10962000,0,0,0,0,175,0,0,175,0,1975,0,0,0,1975,1097.5,642.5,455,0,0,0,95,0,1192.5,0,0,0,15,0,0,0,17.5,0,150,750,20,0,0,0,0,60,40,0,95,0,0,0,0,35,0,0,0,0,0,0,0,0,0,0,0,0,0,10,20249425.765,9836800,9836800,21016657.5,357968.265,21374625.765,-10412625.765,50.7647058823529
4,0,0,0,61900,0,0,0,0,0,0,0,37,1,266599,6,0.24,0,0.24,0,0,0.24,0,0.24,0,0,0,0,0,0,0,0.24,0,0.24,0,0,0.24,0,0.24,0,0,0,0,0,0,0,68,1,500,257916.666666667,257916.666666667,0,0,0,0,257916.666666667,0,0,0,0,0,0,0,2268750,64583.3333333333,3825833.33333333,0,0,0,0,105000,0,155625,155625,0,1218750,0,1218750,19705841.6666667,21391108.3333333,0,41096950,28335415.6666667,182554.35,590476.013333333,773030.363333333,27166.6666666667,0,0,0,0,27166.6666666667,21461666.6666667,0,21461666.6666667,0,0,0,0,437.5,0,0,437.5,0,0,0,0,0,0,1212.5,625,587.5,1220.83333333333,650,570.833333333333,8.33333333333333,79.1666666666667,2520.83333333333,0,0,0,0,0,0,0,108.333333333333,0,0,2333.33333333333,16.6666666666667,0,0,0,0,0,0,0,62.5,0,0,0,0,0,0,0,0,0,0,0,0,0,0,0,0,0,0,0,21697622.03,-6873749,14517359.3333333,48041257.3333333,1991780.36333333,50033037.6966667,-28571371.03,93.5512820512821
4,0,0,0,61900,0,0,42100,0,0,0,0,37,1,266599,6,0.26,0,0.26,0,0,0.26,0,0.26,0,0,0,0,0,0,0,0.26,0,0.26,0,0,0.26,0,0.26,0,0,0,0,0,0,0,35,2,192.307692307692,400000,238076.923076923,161923.076923077,0,0,0,238076.923076923,0,0,161923.076923077,0,0,0,0,1241538.46153846,285769.230769231,5215000,0,0,0,0,0,1242166.66666667,0,1242166.66666667,1820000,692307.692307692,0,692307.692307692,36125730.7692308,0,0,36125730.7692308,10471073.3589744,180626.348717949,536523.676923077,717150.025641026,19592.3076923077,0,0,0,0,19592.3076923077,28017000,0,28017000,0,0,0,0,1338.46153846154,0,0,1338.46153846154,1307.69230769231,0,0,0,0,1307.69230769231,2076.92307692308,1015.38461538462,1061.53846153846,0,0,0,138.461538461538,0,2215.38461538462,0,0,0,0,0,0,0,230.769230769231,0,923.076923076923,1019.23076923077,26.9230769230769,0,0,0,0,0,0,0,15.3846153846154,0,0,0,0,0,0,0,0,0,0,0,0,0,0,0,0,0,0,0,37535188.4871795,17545926.6410256,17545926.6410256,46596804.1282051,1409457.71794872,48006261.8461538,-19989261.8461538,93.5512820512821
4,0,0,0,63400,0,0,0,0,0,0,24800,37,2,266599,6,0.93,0,0.93,0,0,0.93,0,0.93,0,0,0,0,0,0,0,0.67,0,0.67,0,0,0.67,0,0.67,0,0,0,0,0,0,0,38,2,134.328358208955,131641.791044776,94626.8656716418,37014.9253731343,0,0,0,94626.8656716418,0,0,0,0,0,0,37014.9253731343,841940.298507463,221492.537313433,1882089.55223881,0,0,0,0,0,261721.393034826,85204.241948154,346925.63498298,0,967164.179104478,0,967164.179104478,9829841.79104478,0,0,9829841.79104478,3690688.81408746,96158.8147682639,160046.874029851,256205.688798115,16055.223880597,0,0,0,0,16055.223880597,18784611.9402985,0,18784611.9402985,0,0,0,0,207.462686567164,0,0,207.462686567164,0,0,0,0,107.462686567164,107.462686567164,482.089552238806,250.746268656716,231.34328358209,0,0,0,101.492537313433,0,583.582089552239,0,0,0,0,0,0,0,65.6716417910448,0,107.462686567164,264.179104477612,4.47761194029851,0,0,0,0,0,56.7164179104478,0,85.0746268656716,0,0,0,0,0,0,0,0,0,0,0,0,0,0,0,0,0,0,0,11053211.6589474,15093923.126211,15093923.126211,13520530.6051322,1223369.86790259,14743900.4730348,4040711.46726368,68.8181818181818
4,0,0,0,69100,0,0,252800,0,0,0,279000,36,1,261128,6,0.38,0,0.38,0,0,0.38,0,0.38,0,0,0,0,0,0,0,0.19,0,0.19,0,0,0.19,0,0.19,0,0,0,0,0,0,0,23,2,526.315789473684,3162631.57894737,363684.210526316,2798947.36842105,0,0,0,363684.210526316,0,0,1330526.31578947,0,0,0,1468421.05263158,1113684.21052632,801578.947368421,0,0,0,0,0,596842.105263158,212400,231745.864661654,444145.864661654,0,757894.736842105,0,757894.736842105,8202415.78947368,8209568.42105263,173684.210526316,16585668.4210526,14676459.0804006,266134.69512782,276029.025263158,542163.720390977,21447.3684210526,0,0,0,0,21447.3684210526,26809210.5263158,0,26809210.5263158,0,0,0,0,731.578947368421,0,0,731.578947368421,10736.8421052632,0,0,0,3021.05263157895,13757.8947368421,221.052631578947,89.4736842105263,131.578947368421,621.052631578947,263.157894736842,357.894736842105,231.578947368421,0,1073.68421052632,0,0,0,0,0,0,0,221.052631578947,0,0,578.947368421053,0,0,0,0,0,0,115.789473684211,0,110.526315789474,0,0,0,5.26315789473684,0,42.1052631578947,0,0,0,0,0,0,0,0,0,0,0,0,0,9589278.50465198,12132751.4459151,20429199.8195489,22965679.1278195,1300058.45723308,24265737.5850526,2543472.94126316,90.8205128205128
4,0,0,0,72000,0,0,78400,0,0,0,0,37,1,266599,6,0.34,0,0.34,0,0,0.34,0,0.34,0,0,0,0,0,0,0,0.34,0,0.34,0,0,0.34,0,0.34,0,0,0,0,0,0,0,28,2,352.941176470588,442352.94117647,211764.705882353,230588.235294118,0,0,0,211764.705882353,0,0,230588.235294118,0,0,0,0,718235.294117647,1377647.05882353,2861176.47058823,0,181764.705882353,0,0,88235.294117647,72763.2352941176,96407.9463913225,169171.18168544,0,900000,0,900000,14369461.7647059,0,0,14369461.7647059,6105181.94639132,117246.451615519,248482.031764706,365728.483380225,12820.5882352941,0,0,0,0,12820.5882352941,18333441.1764706,0,18333441.1764706,0,0,0,0,205.882352941176,0,0,205.882352941176,1000,0,0,0,0,1000,664.705882352941,314.705882352941,350,0,0,0,197.058823529412,0,861.764705882353,0,0,0,0,0,0,0,150,0,58.8235294117647,238.235294117647,47.0588235294118,0,0,0,0,0,229.411764705882,0,138.235294117647,0,0,0,0,0,0,0,0,0,0,0,0,0,0,0,0,0,0,0,15635190.2480861,12228259.2300793,12228259.2300793,20474643.7110972,1265728.48338023,21740372.1944774,-3406931.01800684,93.5512820512821
4,0,0,0,75800,0,0,0,199100,0,0,0,33,1,244300,6,0.1,0,0.1,0,0,0.1,0,0.1,0,0,0,0,0,0,0,0.1,0,0.1,0,0,0.1,0,0.1,0,0,0,0,0,0,0,21,2,500,2749000,758000,1991000,0,0,0,758000,0,0,0,1991000,0,0,0,1128000,395000,0,0,0,0,0,271000,556800,0,556800,519000,98000,0,98000,34934890,2300000,120000,37354890,8170512.40272229,84109.944,519533.836,603643.78,25030,0,0,0,0,25030,21776100,0,21776100,0,0,0,0,1220,0,0,1220,0,18960,0,0,0,18960,1880,1230,650,0,0,0,190,120,2190,0,0,0,0,0,0,0,190,0,360,890,120,0,0,40,0,80,120,0,240,0,70,0,0,80,0,0,0,0,0,0,0,0,0,0,0,0,0,0,35749121.3772777,13605587.5972777,15913000,43217990,701643.78,43919633.78,-22143533.78,50.7647058823529
4,0,0,0,77800,0,47300,134800,0,231000,0,23300,36,1,261128,6,0.36,0,0.36,0,0,0.36,0,0.36,0,0,0,0,0,0,0,0.36,0,0.36,0,0,0.36,0,0.36,0,0,0,0,0,0,0,16,2,372.222222222222,1428333.33333333,347500,1080833.33333333,0,0,0,216111.111111111,0,131388.888888889,374444.444444444,0,641666.666666667,0,64722.2222222222,536388.888888889,490277.777777778,0,0,0,0,0,236388.888888889,7646601.85185185,429561.403508772,8076163.25536062,0,72777.7777777778,0,72777.7777777778,6968850,182755.555555556,0,7151605.55555556,11211435.6998051,535426.759005848,122053.131111111,657479.890116959,14313.8888888889,0,0,0,0,14313.8888888889,17462944.4444444,0,17462944.4444444,0,0,0,0,194.444444444444,0,633.333333333333,827.777777777778,4722.22222222222,0,17361.1111111111,0,119.444444444444,22202.7777777778,294.444444444444,0,294.444444444444,11.1111111111111,11.1111111111111,0,138.888888888889,0,444.444444444444,0,0,0,5.55555555555556,0,0,0,72.2222222222222,0,0,188.888888888889,50,0,0,8.33333333333333,0,8.33333333333333,22.2222222222222,0,66.6666666666667,0,0,0,5.55555555555556,0,0,0,0,0,0,0,0,0,0,0,0,0,0,16.6666666666667,7699107.66789474,6251508.74463937,6434264.30019493,18180285.6998051,730257.667894737,18910543.3676998,-1447598.92325536,90.8205128205128
4,0,0,0,79200,0,0,183800,0,0,0,0,36,2,261128,6,1.03,0,1.03,0,0,1.03,0,1.03,0,0,0,0,0,0,0,0.53,0,0.53,0,0,0.53,0,0.53,0,0,0,0,0,0,0,21.7142857142857,2,232.075471698113,496226.41509434,149433.962264151,346792.452830189,0,0,0,149433.962264151,0,0,346792.452830189,0,0,0,0,144150.943396226,180188.679245283,0,0,0,0,0,356603.773584906,410696.540880503,157223.504043127,567920.04492363,560660.37735849,944150.943396226,0,944150.943396226,4210984.90566038,938735.849056604,192452.830188679,5342173.58490566,3540696.05691702,243885.909918059,80839.8581132075,324725.768031267,15377.358490566,0,0,0,0,15377.358490566,14300943.3962264,0,14300943.3962264,0,0,0,0,328.301886792453,0,0,328.301886792453,4811.32075471698,0,0,0,0,4811.32075471698,211.320754716981,100,111.320754716981,56.6037735849057,35.8490566037736,20.7547169811321,45.2830188679245,0,313.207547169811,0,0,0,0,0,0,0,41.5094339622641,0,54.7169811320755,90.5660377358491,0,0,0,0,0,0,126.415094339623,0,0,0,0,0,0,0,0,0,0,0,0,0,0,0,0,0,0,0,0,0,5637232.47301901,10760247.3393094,11734065.1626235,7909051.81850853,1268876.71142749,9177928.52993603,5123014.86629038,55.2666666666667
4,0,0,0,8600,0,0,316100,0,0,0,279000,36,2,261128,6,0.66,0,0.66,0,0,0.66,0,0.66,0,0,0,0,0,0,0,0.66,0,0.66,0,0,0.66,0,0.66,0,0,0,0,0,0,0,23,2,151.515151515152,914696.96969697,13030.303030303,901666.666666667,0,0,0,13030.303030303,0,0,478939.393939394,0,0,0,422727.272727273,350303.03030303,325454.545454545,275757.575757576,0,0,0,0,0,224061.616161616,0,224061.616161616,75000,218181.818181818,0,218181.818181818,5095371.21212121,2407575.75757576,62121.2121212121,7565068.18181818,4853911.19899116,30736.7768080808,116947.875757576,147684.652565657,15677.2727272727,0,0,0,0,15677.2727272727,15677272.7272727,0,15677272.7272727,0,0,0,0,263.636363636364,0,0,263.636363636364,6439.39393939394,0,0,0,1090.90909090909,7530.30303030303,148.484848484848,95.4545454545455,53.030303030303,128.787878787879,53.030303030303,75.7575757575758,130.30303030303,0,407.575757575758,0,0,0,0,0,0,0,75.7575757575758,0,0,150,19.6969696969697,0,0,0,0,0,69.6969696969697,0,40.9090909090909,0,0,0,12.1212121212121,0,0,0,0,0,0,0,0,0,0,0,0,0,0,39.3939393939394,5503425.19094823,10823361.5282816,13250870.989899,9991469.91919192,365866.470747475,10357336.3899394,5319936.33733333,55.2666666666667
4,0,0,0,88600,0,0,0,0,0,0,64500,37,1,266599,6,0.11,0,0.11,0,0,0.11,0,0.11,0,0,0,0,0,0,0,0.11,0,0.11,0,0,0.11,0,0.11,0,0,0,0,0,0,0,25,2,272.727272727273,1391818.18181818,805454.545454545,586363.636363636,0,0,0,805454.545454545,0,0,0,0,0,0,586363.636363636,610909.090909091,180000,1323636.36363636,0,0,0,0,171818.181818182,4090318.18181818,377272.727272727,4467590.90909091,242727.272727273,2454545.45454545,0,2454545.45454545,38016227.2727273,0,0,38016227.2727273,8655099,484446.808755981,517010.672727273,1001457.48148325,23245.4545454545,0,0,0,0,23245.4545454545,23245454.5454545,0,23245454.5454545,0,0,0,0,1418.18181818182,0,0,1418.18181818182,0,0,0,0,1045.45454545455,1045.45454545455,2272.72727272727,1336.36363636364,936.363636363636,0,0,0,45.4545454545455,0,2318.18181818182,0,0,0,136.363636363636,0,0,0,63.6363636363636,0,0,1936.36363636364,36.3636363636364,0,0,0,0,0,36.3636363636364,0,109.090909090909,0,0,0,0,0,0,0,0,0,0,0,0,0,0,0,0,0,0,0,41472230.208756,14590355.5454545,14590355.5454545,46671326.2727273,3456002.93602871,50127329.208756,-26881874.6633014,93.5512820512821
4,0,0,0,91800,0,0,0,0,924000,0,148800,37,1,266599,6,1.28,0,1.28,0,0,1.28,0,1.28,0,0,0,0,0,0,0,0.47,0,0.47,0,0,0.47,0,0.47,0,0,0,0,0,0,0,24.2,2,478.723404255319,2477872.34042553,195319.14893617,2282553.19148936,0,0,0,195319.14893617,0,0,0,0,1965957.44680851,0,316595.744680851,852765.957446808,351063.829787234,5334680.85106383,0,0,0,0,0,646422.340425532,97169.0929451288,743591.433370661,0,972765.957446808,0,972765.957446808,15349610.6382979,0,0,15349610.6382979,10026573.4120941,157066.169856663,302138.320851064,459204.490707727,17512.7659574468,0,0,0,0,17512.7659574468,32048361.7021277,0,32048361.7021277,0,0,0,0,555.31914893617,0,0,555.31914893617,0,0,15957.4468085106,0,919.148936170213,16876.5957446808,793.617021276596,423.404255319149,370.212765957447,0,0,0,134.042553191489,0,927.659574468085,0,0,0,0,0,0,0,85.1063829787234,0,153.191489361702,376.595744680851,119.148936170213,0,0,0,0,0,89.3617021276596,0,104.255319148936,0,0,0,0,0,0,0,0,0,0,0,0,0,0,0,0,0,0,0,16781581.0864524,22021788.2900336,22021788.2900336,25376184.0503919,1431970.44815454,26808154.4985465,5240207.20358118,93.5512820512821
4,0,0,0,92900,0,0,0,0,0,0,158100,37,1,266599,6,0.41,0,0.41,0,0,0.41,0,0.41,0,0,0,0,0,0,0,0.41,0,0.41,0,0,0.41,0,0.41,0,0,0,0,0,0,0,43,1,109.756097560976,612195.12195122,226585.365853659,385609.756097561,0,0,0,226585.365853659,0,0,0,0,0,0,385609.756097561,530243.902439024,0,0,0,0,173170.731707317,0,0,643422.764227642,0,643422.764227642,0,153658.536585366,0,153658.536585366,256931.707317073,1448756.09756098,0,1705687.80487805,3674387.61788618,19802.5580487805,37464.0897560976,57266.647804878,14907.3170731707,31.7073170731707,0,151.219512195122,554.268292682927,15461.5853658537,17735073.1707317,2264075.12195122,19999148.2926829,0,0,0,0,1273.17073170732,0,0,1273.17073170732,0,0,0,0,1053.65853658537,1053.65853658537,19.5121951219512,0,19.5121951219512,68.2926829268293,46.3414634146341,21.9512195121951,0,4.8780487804878,92.6829268292683,0,0,0,0,0,0,0,34.1463414634146,0,0,43.9024390243902,7.31707317073171,0,0,0,0,0,0,0,7.31707317073171,0,0,0,0,0,0,0,0,0,0,0,0,0,0,0,0,0,0,0,467856.891707317,16324760.6747967,17946687.504065,3931319.32520325,210925.184390244,4142244.5095935,15856903.7830894,93.5512820512821
4,0,0,0,92900,0,0,547800,0,0,0,0,37,1,266599,6,0.46,0.13,0.33,0,0,0.46,0.13,0.33,0,0,0,0,0,0,0,0.42,0.09,0.33,0,0,0.42,0.09,0.33,0,0,0,0,0,0,0,38,2,369.047619047619,1525476.19047619,221190.476190476,1304285.71428571,0,0,0,221190.476190476,0,0,1304285.71428571,0,0,0,0,2770714.28571429,550714.285714286,9685000,0,0,0,0,0,891634.920634921,0,891634.920634921,0,900000,0,900000,26389428.5714286,11967966.6666667,0,38357395.2380952,27658105.3492063,36401.7942857143,655827.32,692229.114285714,24557.1428571429,0,0,0,0,24557.1428571429,31433142.8571429,0,31433142.8571429,0,0,0,0,1242.85714285714,0,0,1242.85714285714,10523.8095238095,0,0,0,0,10523.8095238095,1050,1050,0,709.523809523809,519.047619047619,190.47619047619,359.523809523809,0,2119.04761904762,0,0,0,0,0,0,0,442.857142857143,0,454.761904761905,909.523809523809,130.952380952381,0,0,0,0,95.2380952380952,73.8095238095238,0,11.9047619047619,0,0,0,0,0,0,0,0,0,0,0,0,0,0,0,0,0,0,0,27981657.6857143,3775037.50793651,15743004.1746032,54047533.9206349,1592229.11428571,55639763.0349206,-24206620.1777778,93.5512820512821
4,0,0,0,92900,0,0,632100,0,0,0,248000,37,1,266599,6,0.49,0,0.49,0,0,0.49,0,0.49,0,0,0,0,0,0,0,0.4,0,0.4,0,0,0.4,0,0.4,0,0,0,0,0,0,0,36,2,412.5,2432500,232250,2200250,0,0,0,232250,0,0,1580250,0,0,0,620000,691000,166250,5909500,0,0,0,0,0,1563897.5,150710.526315789,1714608.02631579,123000,1350000,0,1350000,31337932.5,0,0,31337932.5,11303457.0263158,274582.425817544,502661.063,777243.488817544,19305,0,0,0,0,19305,24710400,0,24710400,0,0,0,0,1305,0,0,1305,12750,0,0,0,1800,14550,1875,932.5,942.5,0,0,0,70,0,1945,0,0,0,0,0,0,0,130,0,570,1127.5,105,0,0,0,0,0,12.5,0,0,0,0,0,0,0,0,0,0,0,0,0,0,0,0,0,0,0,0,0,33465175.9888175,13406942.9736842,13406942.9736842,42641389.5263158,2127243.48881754,44768633.0151333,-20058233.0151333,93.5512820512821
4,0,0,0,9300,0,0,21100,0,0,0,52700,37,1,266599,5,0.3,0,0.3,0,0,0.13,0,0.13,0,0,0.17,0,0.17,0,0,0.12,0,0.12,0,0,0.05,0,0.05,0,0,0.07,0,0.07,0,0,68,2,325,692500,77500,615000,0,0,0,77500,0,0,175833.333333333,0,0,0,439166.666666667,865000,190833.333333333,1220000,0,0,0,0,0,1165638.88888889,0,1165638.88888889,2467500,675000,858333.333333333,1533333.33333333,27041400,0,0,27041400,7726404.55555556,374191.458888889,372120.693333333,746312.152222222,26983.3333333333,0,0,0,0,26983.3333333333,30761000,0,30761000,0,0,0,0,433.333333333333,0,0,433.333333333333,1416.66666666667,0,0,0,1200,2616.66666666667,1341.66666666667,1341.66666666667,0,0,0,0,133.333333333333,0,1475,0,0,0,0,0,0,0,133.333333333333,0,150,1141.66666666667,50,0,0,0,0,0,0,0,0,0,0,0,0,0,0,0,0,0,0,0,0,0,0,0,0,0,0,0,28462712.1522222,23034595.4444444,23892928.7777778,33909471.2222222,2279645.48555556,36189116.7077778,-5428116.70777777,93.5512820512821
4,0,0,0,9300,0,0,259200,0,0,0,366700,37,2,266599,6,0.71,0.14,0.55,0,0.02,0.67,0.14,0.51,0,0.02,0.04,0,0.04,0,0,0.64,0.14,0.48,0,0.02,0.6,0.14,0.44,0,0.02,0.04,0,0.04,0,0,51.1818181818182,2,409.375,992500,14531.25,977968.75,0,0,0,14531.25,0,0,405000,0,0,0,572968.75,986875,385468.75,2115312.5,0,0,0,0,12812.5,2329515.625,129687.5,2459203.125,461979.166666667,559687.5,72500,632187.5,17724231.25,417156.25,0,18141387.5,8170406.29166667,457329.605416667,280666.0175,737995.622916667,26034.375,0,0,478.125,1448.71875,27483.09375,23198218.75,4824233.4375,28022452.1875,0,0,0,0,81.25,0,0,81.25,3267.1875,0,0,0,1362.5,4629.6875,679.6875,387.5,292.1875,26.5625,10.9375,15.625,323.4375,0,1029.6875,0,0,0,1.5625,0,0,0,190.625,0,79.6875,375,32.8125,0,0,0,0,87.5,159.375,0,96.875,0,0,0,0,0,0,0,0,0,0,0,0,0,0,0,0,0,0,6.25,19021914.3729167,19852045.8958333,20341702.1458333,25822137.5416667,1370183.12291667,27192320.6645833,830131.522916667,68.8181818181818
4,0,0,0,93600,0,0,196000,0,0,0,0,37,1,266599,6,0.33,0,0.33,0,0,0.33,0,0.33,0,0,0,0,0,0,0,0.33,0,0.33,0,0,0.33,0,0.33,0,0,0,0,0,0,0,37,2,212.121212121212,877575.757575758,283636.363636364,593939.393939394,0,0,0,283636.363636364,0,0,593939.393939394,0,0,0,0,997575.757575758,667272.727272727,0,0,118181.818181818,0,0,0,115915.151515152,444196.871194212,560112.022709363,0,872727.272727273,0,872727.272727273,11186590.9090909,348896.96969697,0,11535487.8787879,3836214.05301239,398598.519651408,176031.564848485,574630.084499892,16969.696969697,0,0,0,0,16969.696969697,20533333.3333333,0,20533333.3333333,0,0,0,0,527.272727272727,0,0,527.272727272727,4121.21212121212,0,0,0,0,4121.21212121212,463.636363636364,184.848484848485,278.787878787879,21.2121212121212,21.2121212121212,0,193.939393939394,0,678.787878787879,0,0,0,0,0,0,0,172.727272727273,0,0,215.151515151515,42.4242424242424,0,0,0,0,0,72.7272727272727,0,175.757575757576,0,0,0,0,0,0,0,0,0,0,0,0,0,0,0,0,0,0,0,12633948.2663181,16697119.2803209,17046016.2500179,15022804.9621033,1447357.35722717,16470162.3193305,4063171.01400287,93.5512820512821
4,0,0,0,95000,0,0,0,0,0,0,83700,33,1,244300,6,0.44,0,0.44,0,0,0.44,0,0.44,0,0,0,0,0,0,0,0.44,0,0.44,0,0,0.44,0,0.44,0,0,0,0,0,0,0,31.3333333333333,2,56.8181818181818,406136.363636364,215909.090909091,190227.272727273,0,0,0,215909.090909091,0,0,0,0,0,0,190227.272727273,77954.5454545454,45000,0,0,0,0,0,12954.5454545455,61954.5454545454,0,61954.5454545454,560227.272727273,92045.4545454545,0,92045.4545454545,2840406.81818182,0,0,2840406.81818182,1408527.27272727,77567.3545454545,41942.4081818182,119509.762727273,11904.5454545455,0,0,0,0,11904.5454545455,10356954.5454545,0,10356954.5454545,0,0,0,0,236.363636363636,0,0,236.363636363636,0,0,0,0,490.909090909091,490.909090909091,129.545454545455,95.4545454545454,34.0909090909091,0,0,0,31.8181818181818,0,161.363636363636,0,0,0,0,0,0,0,34.0909090909091,0,13.6363636363636,40.9090909090909,18.1818181818182,0,0,0,0,0,0,0,47.7272727272727,0,0,0,0,6.81818181818182,0,0,0,0,0,0,0,0,0,0,0,0,0,0,3051962.03545455,8948427.27272727,8948427.27272727,4248934.09090909,211555.217272727,4460489.30818182,5896465.23727273,50.7647058823529
4,0,0,0,95000,0,0,0,0,92400,0,39700,37,1,266599,6,0.28,0,0.28,0,0,0.28,0,0.28,0,0,0,0,0,0,0,0.28,0,0.28,0,0,0.28,0,0.28,0,0,0,0,0,0,0,30,1,335.714285714286,811071.428571429,339285.714285714,471785.714285714,0,0,0,339285.714285714,0,0,0,0,330000,0,141785.714285714,572142.857142857,167857.142857143,3403928.57142857,0,0,0,0,0,743470.238095238,366986.842105263,1110457.0802005,0,347142.857142857,0,347142.857142857,12139439.2857143,5176760.71428571,0,17316200,11508816.7944862,214204.464402256,276162.88,490367.344402256,18335.7142857143,0,0,0,0,18335.7142857143,23469714.2857143,0,23469714.2857143,0,0,0,0,746.428571428571,0,0,746.428571428571,0,0,2678.57142857143,0,410.714285714286,3089.28571428571,710.714285714286,360.714285714286,350,310.714285714286,217.857142857143,92.8571428571428,35.7142857142857,0,1057.14285714286,0,0,0,0,0,0,0,75,0,192.857142857143,689.285714285714,53.5714285714286,0,0,0,0,0,0,0,46.4285714285714,0,0,0,0,0,0,0,0,0,0,0,0,0,0,0,0,0,0,0,12976949.4872594,11960897.4912281,17137658.2055138,23648256.0802005,837510.201545113,24485766.2817456,-1016051.99603133,93.5512820512821
4,11700,0,0,0,0,0,514500,0,0,0,0,38,1,251309,6,0.34,0,0.34,0,0,0.34,0,0.34,0,0,0,0,0,0,0,0.34,0,0.34,0,0,0.34,0,0.34,0,0,0,0,0,0,0,28.3333333333333,2,541.176470588235,1547647.05882353,34411.7647058823,1513235.29411765,34411.7647058823,0,0,0,0,0,1513235.29411765,0,0,0,0,1131764.70588235,494705.882352941,10408823.5294118,0,64705.8823529412,0,0,92647.0588235294,1193492.15686275,111266.253869969,1304758.41073271,0,635294.117647059,0,635294.117647059,45216035.2941176,16933497.0588235,0,62149532.3529412,32229858.5872033,196497.50779773,941033.848235294,1137531.35603302,450,4508.82352941176,0,0,13661.7352941176,14111.7352941176,481500,35520511.7647059,36002011.7647059,0,38.2352941176471,0,0,0,0,0,38.2352941176471,15000,0,0,0,0,15000,2347.05882352941,1235.29411764706,1111.76470588235,950,926.470588235294,23.5294117647059,355.882352941176,0,3652.94117647059,0,0,0,0,0,0,0,294.117647058824,0,352.941176470588,2067.64705882353,58.8235294117647,0,0,0,0,23.5294117647059,55.8823529411765,0,747.058823529412,0,0,0,23.5294117647059,0,11.7647058823529,0,17.6470588235294,0,0,0,0,0,0,0,0,0,0,0,46988860.7677977,3772153.17750258,20705650.2363261,77445893.8813209,1772825.47368008,79218719.355001,-43216707.5902951,114.677419354839
4,162000,0,0,74900,0,700,0,179200,34700,0,0,33,1,244300,5,0.74,0.29,0.31,0.14,0,0.74,0.29,0.31,0.14,0,0,0,0,0,0,0.47,0.17,0.22,0.08,0,0.47,0.17,0.22,0.08,0,0,0,0,0,0,22.3,2,176.595744680851,960638.29787234,505531.914893617,455106.382978723,344680.85106383,0,0,159361.70212766,0,1489.36170212766,0,381276.595744681,73829.7872340425,0,0,1490638.29787234,340638.29787234,0,0,31914.8936170213,451063.829787234,0,13404.2553191489,315431.560283688,31787.2340425532,347218.794326241,15744.6808510638,1359574.46808511,0,1359574.46808511,8135361.70212766,4680829.78723404,34042.5531914894,12850234.0425532,8588824.42253032,62184.194964539,200117.795744681,262301.99070922,0,0,5831.91489361702,0,23036.0638297872,23036.0638297872,0,72793961.7021277,72793961.7021277,0,172.340425531915,0,0,148.936170212766,0,19.1489361702128,340.425531914894,0,1814.89361702128,11968.085106383,0,0,13782.9787234043,365.957446808511,223.404255319149,142.553191489362,231.914893617021,187.234042553191,44.6808510638298,106.382978723404,38.2978723404255,742.553191489362,0,0,0,0,0,0,0,197.872340425532,0,0,270.212765957447,61.7021276595745,0,0,0,0,0,38.2978723404255,0,157.446808510638,0,0,0,0,0,17.0212765957447,0,0,0,0,0,0,0,0,0,0,0,0,0,9778847.42633492,64205137.2795973,69349464.1843972,16745795.3900709,1621876.45879433,18367671.8488652,54426289.8532624,50.7647058823529
4,189000,0,0,0,0,0,0,0,770000,0,0,38,2,251309,6,0.83,0,0.83,0,0,0.83,0,0.83,0,0,0,0,0,0,0,0.83,0,0.83,0,0,0.83,0,0.83,0,0,0,0,0,0,0,38,2,349.397590361446,1155421.68674699,227710.843373494,927710.843373494,227710.843373494,0,0,0,0,0,0,0,927710.843373494,0,0,801566.265060241,419759.036144578,4906506.02409639,0,0,0,1379518.07228916,641445.78313253,749807.228915663,0,749807.228915663,0,997590.361445783,0,997590.361445783,12948819.2771084,158534.939759036,0,13107354.2168675,10463868.0361446,43806.2120481928,277903.481445783,321709.693493976,18412.0481927711,0,0,0,0,18412.0481927711,19335771.0843373,0,19335771.0843373,0,3036.14457831325,0,0,0,0,0,3036.14457831325,0,0,3012.04819277108,0,0,3012.04819277108,707.228915662651,353.012048192771,354.21686746988,9.63855421686747,9.63855421686747,0,78.3132530120482,0,795.180722891566,0,0,0,0,0,0,0,89.1566265060241,0,173.493975903614,426.506024096385,40.9638554216867,0,0,0,0,0,27.710843373494,0,37.3493975903614,0,0,0,0,0,0,0,0,0,0,0,0,0,0,0,0,0,0,0,14268119.3320482,8871903.04819277,9030437.9879518,23412687.313253,1319300.05493976,24731987.3681928,-5396216.28385542,42.0476190476191
4,189000,0,0,421200,0,0,49000,0,0,0,700600,38,3,251309,6,1.33,0,0.83,0.5,0,1.33,0,0.83,0.5,0,0,0,0,0,0,1.33,0,0.83,0.5,0,1.33,0,0.83,0.5,0,0,0,0,0,0,37,2,819.548872180451,1022406.01503759,458796.992481203,563609.022556391,142105.263157895,0,0,316691.729323308,0,0,36842.1052631579,0,0,0,526766.917293233,176240.601503759,118496.240601504,1861052.63157895,0,0,0,613533.834586466,307894.736842105,463563.909774436,1724.37673130194,465288.286505738,0,189473.684210526,0,189473.684210526,4433363.15789474,1628443.60902256,0,6061806.76691729,6444664.95567867,13226.782390186,126001.742255639,139228.524645825,15695.4887218045,0,0,0,0,15695.4887218045,16794172.9323308,0,16794172.9323308,0,189.473684210526,0,0,457.894736842105,0,0,647.368421052632,127.81954887218,0,0,0,1407.51879699248,1535.33834586466,215.789473684211,215.789473684211,0,100.751879699248,57.1428571428571,43.609022556391,27.8195488721804,0,344.360902255639,0,0,0,0,0,0,0,9.77443609022556,0,79.6992481203008,185.714285714286,27.8195488721804,0,0,0,0,0,17.2932330827068,0,24.0601503759398,0,0,0,0,0,0,0,0,0,0,0,0,0,0,0,0,0,0,0,4762065.36675109,10349507.9766522,11977951.5856747,10878028.1135734,328702.208856351,11206730.3224298,5587442.60990107,53.6
4,45000,0,0,0,0,0,0,0,0,0,189700,38,1,251309,5,0.17,0,0.13,0,0.04,0,0,0,0,0,0.17,0,0.13,0,0.04,0.17,0,0.13,0,0.04,0,0,0,0,0,0.17,0,0.13,0,0.04,51.3333333333333,1,688.235294117647,1380588.23529412,264705.882352941,1115882.35294118,264705.882352941,0,0,0,0,0,0,0,0,0,1115882.35294118,1558823.52941176,102352.941176471,1905882.35294118,0,0,0,0,648823.529411765,659607.843137255,0,659607.843137255,0,0,2060588.23529412,2060588.23529412,6282335.29411765,12012164.7058824,0,18294500,20580140.372549,42728.9411764706,296248.035294118,338976.976470588,26370.5882352941,0,0,0,0,26370.5882352941,49049294.1176471,0,49049294.1176471,0,1058.82352941176,0,0,0,0,0,1058.82352941176,0,0,0,0,3047.05882352941,3047.05882352941,305.882352941177,29.4117647058824,276.470588235294,752.941176470588,376.470588235294,376.470588235294,88.2352941176471,0,1147.05882352941,0,0,0,0,0,0,0,129.411764705882,0,111.764705882353,670.588235294118,35.2941176470588,0,0,0,0,0,29.4117647058824,0,158.823529411765,0,0,0,0,0,11.7647058823529,0,0,0,0,0,0,0,0,0,0,0,0,0,6621312.27058823,28469153.745098,42541906.6862745,24801887.4313725,2399565.21176471,27201452.6431373,21847841.4745098,114.677419354839
4,507600,0,0,330400,0,7400,0,0,0,0,0,36,2,261128,6,0.74,0.74,0,0,0,0.74,0.74,0,0,0,0,0,0,0,0,0.74,0.74,0,0,0,0.74,0.74,0,0,0,0,0,0,0,0,20,1,483.783783783784,1142432.43243243,1142432.43243243,0,685945.945945946,0,0,446486.486486487,0,10000,0,0,0,0,0,969729.72972973,477162.162162162,1229729.72972973,0,0,159459.459459459,0,647027.027027027,743288.288288288,420962.304409673,1164250.59269796,599594.594594595,215540.540540541,0,215540.540540541,4854905.40540541,532432.432432432,0,5387337.83783784,7182946.16026553,334177.222494073,124159.691891892,458336.914385965,13224.3243243243,0,0,14.8648648648649,45.0405405405405,13269.3648648649,13160270.2702703,231508.378378378,13391778.6486486,0,685.135135135135,0,0,398.648648648649,0,71.6216216216216,1155.40540540541,0,0,0,0,0,0,125.675675675676,93.2432432432432,32.4324324324324,35.1351351351351,18.9189189189189,16.2162162162162,128.378378378378,0,289.189189189189,0,0,0,6.75675675675676,0,0,0,66.2162162162162,0,8.10810810810811,71.6216216216216,27.027027027027,0,0,12.1621621621622,0,4.05405405405405,35.1351351351351,0,39.1891891891892,0,0,0,14.8648648648649,4.05405405405405,0,0,0,0,0,0,0,0,0,0,0,0,0,0,5528782.86033191,6208832.48838312,6900724.38027501,12037851.5656709,673877.454926505,12711729.0205974,680049.62805121,55.2666666666667
4,5400,0,0,374400,0,0,210700,0,0,0,399300,38,2,251309,6,0.5,0,0.5,0,0,0.5,0,0.5,0,0,0,0,0,0,0,0.5,0,0.5,0,0,0.5,0,0.5,0,0,0,0,0,0,0,37,1,250,1979600,759600,1220000,10800,0,0,748800,0,0,421400,0,0,0,798600,514200,161000,1340800,0,0,0,408000,252000,1421000,0,1421000,0,252000,0,252000,7714856,0,0,7714856,6327909,27329.6,153393.6544,180723.2544,16450,0,0,0,0,16450,15532860,0,15532860,0,10,0,0,696,0,0,706,4080,0,0,0,2016,6096,356,356,0,0,0,0,68,0,424,0,0,0,24,0,0,0,26,0,50,116,48,0,0,0,0,0,30,0,130,0,0,0,0,0,0,0,0,0,0,0,0,0,0,0,0,0,0,0,8147579.2544,9204951,9204951,14042765,432723.2544,14475488.2544,1057371.7456,42.0476190476191
4,738000,0,0,0,0,0,0,0,0,0,1054000,38,3,251309,5,1.53,0.4,0.61,0.43,0.09,1.53,0.4,0.61,0.43,0.09,0,0,0,0,0,1.53,0.4,0.61,0.43,0.09,1.53,0.4,0.61,0.43,0.09,0,0,0,0,0,59,2,279.738562091503,1171241.83006536,482352.941176471,688888.888888889,482352.941176471,0,0,0,0,0,0,0,0,0,688888.888888889,184117.647058824,123398.692810458,297385.620915033,0,0,0,0,397320.261437909,641866.666666667,124814.069487444,766680.736154111,225490.196078431,113398.692810458,0,113398.692810458,3847383.66013072,669616.339869281,0,4517000,4086560.3243894,165190.703261094,82961.754248366,248152.45750946,16874.5098039216,0,0,0,0,16874.5098039216,42186274.5098039,0,42186274.5098039,0,470.588235294118,0,0,0,0,0,470.588235294118,0,0,0,0,1882.35294117647,1882.35294117647,241.830065359477,121.56862745098,120.261437908497,41.1764705882353,22.8758169934641,18.3006535947712,7.84313725490196,0,290.849673202614,0,0,0,0,0,0,0,13.7254901960784,0,15.6862745098039,128.758169934641,20.9150326797386,0,0,0,0,0,103.267973856209,0,0,0,0,0,0,0,8.49673202614379,0,0,0,0,0,0,0,0,0,0,0,0,0,4208934.81045064,38099714.1854145,38769330.5252838,7933943.98452012,361551.150319917,8295495.13484004,33890779.3749639,53.6
