"지역구분","업종구분","경영형태","경영주 성별","연령","종사 기간별","전겸업 여부","겸업 주 업종","산림소유 여부","산림 규모별","재배지 면적","소유지 면적","임차지 면적","지목구성_재배지_전체","지목구성_재배지_논","지목구성_재배지_밭","지목구성_재배지_임야","지목구성_재배지_기타","지목구성_소유지_전체","지목구성_소유지_논","지목구성_소유지_밭","지목구성_소유지_임야","지목구성_소유지_기타","지목구성_임차지_전체","지목구성_임차지_논","지목구성_임차지_밭","지목구성_임차지_임야","지목구성_임차지_기타","재배본수","평균수령","재배지 운영 관리방식","가구총수입","임업총수입","생산량","생산량_포전판매","생산량_없음","판매량_원물","판매량_원물_포전판매","판매량_원물_없음","판매량_가공","판매량_가공_포전판매","판매량_가공_없음","판매수입_원물","판매수입_원물_포전판매","판매수입_원물_없음","판매수입_가공","판매수입_가공_포전판매","판매수입_가공_없음","판매 가공품 종류_1","판매 가공품 종류_2","판매 가공품 종류_3","주요 판매처 비율_농협","주요 판매처 비율_산림조합","주요 판매처 비율_수집상","주요 판매처 비율_가공업체","주요 판매처 비율_도소매상","주요 판매처 비율_직거래","주요 판매처 비율_기타","직거래 판매방법_전화주문","직거래 판매방법_인터넷주문","직거래 판매방법_기타온라인판매","직거래 판매방법_직접판매","직거래 판매방법_임산물축제","직거래 판매방법_기타오프라인판매","판매대금 결제방법별 비중_1개월 이내 현금","판매대금 결제방법별 비중_후불","판매대금 결제방법별 비중_선도금","판매대금 결제방법별 비중_기타","재고량 여부","재고량","저장경험","판매 밤의 출하시기_수확 ~ 추석 이전","판매 밤의 출하시기_추석 연휴 판매","판매 밤의 출하시기_추석이후 ~ 12월 31일","판매 밤의 출하시기_1월 1일~설 이전","판매 밤의 출하시기_설 이후","저장 주된 목적","투입비용_비료비","투입비용_농약비","투입비용_기타재료비","투입비용_수도광열비","투입비용_임차료","투입비용_수선비","투입비용_인건비","투입비용_기타","투입비용_합계","보유 시설 및 장비_건조기","보유 시설 및 장비_경운기","보유 시설 및 장비_관리기","보유 시설 및 장비_관리사","보유 시설 및 장비_관정","보유 시설 및 장비_굴삭기","보유 시설 및 장비_기계톱","보유 시설 및 장비_다목적관리기","보유 시설 및 장비_동력분무기","보유 시설 및 장비_동력약제살포기","보유 시설 및 장비_드릴","보유 시설 및 장비_선별기","보유 시설 및 장비_소형 화물차","보유 시설 및 장비_소형트럭","보유 시설 및 장비_시설하우스","보유 시설 및 장비_예초기(예취기)","보유 시설 및 장비_온실","보유 시설 및 장비_운반차","보유 시설 및 장비_자동 접종기","보유 시설 및 장비_자동세척기","보유 시설 및 장비_(저온)저장고","보유 시설 및 장비_종균 성형기","보유 시설 및 장비_지게차","보유 시설 및 장비_창고","보유 시설 및 장비_천공기","보유 시설 및 장비_키크레인(트럭)","보유 시설 및 장비_탈피기","보유 시설 및 장비_트랙터","보유 시설 및 장비_항공방제","보유 시설 및 장비_수동분무기","보유 시설 및 장비_사륜오토바이","보유 시설 및 장비_SS기","보유 시설 및 장비_비료살포기","보유 시설 및 장비_기타","고용노동남성 총인원수","고용노동여성 총인원수","자가노동남성 총인원수","자가노동여성 총인원수","고용노동남성 1인당 평균작업일수","고용노동여성 1인당 평균작업일수","자가노동남성 1인당 평균작업일수","자가노동여성 1인당 평균작업일수","고용노동남성 1인당 하루평균노동비","고용노동여성 1인당 하루평균노동비","자가노동남성 1인당 하루평균노동비","자가노동여성 1인당 하루평균노동비","고용노동력 확보 지역","수확 방법","작업로 설치 여부","작업로 설치 면적","작업로 설치 예정 연도","작업로 설치 예정 면적","풀베기방식_기계사용","풀베기방식_제초제 사용","풀베기방식_초생재배","풀베기방식_기타","생산비 조달방법 비중_자부담","생산비 조달방법 비중_정부보조","생산비 조달방법 비중_정부융자","생산비 조달방법 비중_금융기관 융자","생산비 조달방법 비중_수집상 선도금","생산비 조달방법 비중_기타","재배업 전망","재배업 전망_좋아지는 이유","재배업 전망_나빠지는 이유","재배업 계획","재배업 계획_늘리려는 이유","재배업 계획_줄이거나 중단하려는 이유","3년간 생산량 변화","3년간 소득 변화","재배업 애로사항","수입 희망 금액","묘목 생산판매 여부","신규식재 의향","면적 증가 의향","선호 품종","작목 대체 계획","주 대체 작목","재배업 시 시급하게 필요한 사항","친환경 인증 등 공식인증 인증여부","받은 공식인증 종류_친환경인증","받은 공식인증 종류_지리적표시제","받은 공식인증 종류_GAP","받은 공식인증 종류_품질인증","받은 공식인증 종류_기타","사업정보 획득경로","임업경영체 등록여부","임업 관련 지원금 수혜 여부_산림경영기반조성(숲가꾸기 및 임도시설)","임업 관련 지원금 수혜 여부_산림경영기반조성(전문임업인기반조성)","임업 관련 지원금 수혜 여부_산양삼 생산","임업 관련 지원금 수혜 여부_귀산촌인 창업 및 주택구입 지원","임업 관련 지원금 수혜 여부_단기산림소득지원","임업 관련 지원금 수혜 여부_단기산림소득지원 관련 보조수반 융자사업","임업 관련 지원금 수혜 여부_조림목 묘목 생산","임업 관련 지원금 수혜 여부_목재이용활성화 지원","임업 관련 지원금 수혜 여부_임업인경영자금 지원","임업 관련 지원금 수혜 여부_임업인 재해복구 긴급지원","임업 관련 지원금 수혜 여부_산림소득 유통분야 공모사업","임업 관련 지원금 수혜 여부_임산물 수출지원","임업 관련 지원금 수혜 여부_임산물 판로지원 사업","임업 관련 지원금 수혜 여부_없음","산림청에 바라는 점","산림청에 바라는 점_1","가중치"
10,1,1,1,5,4,1,,1,4,6500,6500,0,100,0,0,100,0,100,0,0,100,0,0,0,0,0,0,200,38,1,3600,20,100,,,20,,,0,,1,20,,,0,,1,,,,0,0,0,0,0,100,0,0,0,0,100,0,0,100,0,0,0,2,,2,,,,,,,0,10,0,0,0,0,0,0,10,,,,,,,,,9,,,,,14,,16,,,,,,,,24,,,,,,,,,,,2,,1,,2,,30,,30,,0,0,1,1,1,1000,,,1,,,,100,0,0,0,0,0,5,,2,3,,1,3,3,1,100,3,2,2,2,2,,3,2,,,,,,8,2,,,,,,,,,,,,,,9998,501,1,29.77778
10,1,2,1,5,2,2,1,2,,2644,2644,0,100,0,100,0,0,100,0,100,0,0,0,0,0,0,0,80,19,1,1511.29,150,420,,,400,,,0,,1,200,,,0,,1,,,,0,0,0,0,0,100,0,0,0,0,100,0,0,100,0,0,0,2,,1,20,40,40,0,0,1,5,2,0,10,0,0,0,0,17,,,,,,,,,,,,,,,,16,,18,,,21,,,,,,,,,,,,,,,,1,1,,,2,10,,,0,0,,1,3,,,,1,2,,,100,0,0,0,0,0,3,,,2,,,2,2,1,300,3,2,2,2,2,,7,2,,,,,,3,2,,,,,,,,,,,,,,9998,,,29.77778
10,1,2,2,3,1,2,5,2,,13222,3305,9917,100,0,100,0,0,100,0,100,0,0,100,0,100,0,0,80,45,1,1978.851,1518.656,1340,,,1333,,,0,,1,800,,,0,,1,,,,0,0,0,0,0,100,0,0,0,0,100,0,0,100,0,0,0,2,,1,20,20,20,20,20,2,20,10,10,10,50,0,0,0,100,,,,,,,,,,,,,,,,16,,18,,,,,,24,,,27,,,,,,,,,,,1,,,,60,,,0,0,,1,3,,,,1,,,,100,0,0,0,0,0,2,1,,2,,,2,2,1,1000,3,2,2,2,2,,7,2,,,,,,6,2,,,,,,,,,,,,,,9998,,,29.77778
10,1,3,1,4,3,3,1,2,,15,15,0,100,0,100,0,0,100,0,100,0,0,0,0,0,0,0,5,20,1,400,10,20,,,10,,,0,,1,10,,,0,,1,,,,0,0,0,0,0,100,0,0,0,0,100,0,0,100,0,0,0,1,5,1,0,0,100,0,0,9997,6,3,0,0,0,0,0,0,9,1,2,3,,,,7,,9,10,11,,,,15,16,,,,,21,,,,,,,,,,,,,,,,1,,,,30,,,,0,0,,1,3,,,,1,,,,100,0,0,0,0,0,4,,2,2,,,3,3,1,50,3,2,2,2,1,1,3,2,,,,,,10,2,,,,,,,,,,,,,,9998,,,29.77778
10,1,3,1,5,1,3,1,2,,3161,3161,0,100,0,100,0,0,100,0,100,0,0,0,0,0,0,0,200,7,1,2500,999,100,,,0,,1,0,,1,0,,1,0,,1,,,,,,,,,,,,,,,,,,,,,2,,2,,,,,,,0,0,0,0,0,0,0,0,0,1,2,3,,,,,,9,,11,,,14,,16,,,,,,,,24,,,,,,,,,,,,,1,,,,2,,,,0,0,,1,3,,,,1,,,,100,0,0,0,0,0,3,,,2,,,3,3,1,300,3,2,2,2,2,,7,2,,,,,,10,1,,,,,,,,,,,,,,9998,502,1,29.77778
10,1,3,1,5,2,3,1,2,,3960,3960,0,100,0,100,0,0,100,0,100,0,0,0,0,0,0,0,999,13,1,,70,0,,1,0,,1,0,,1,70,,,0,,1,,,,0,0,0,0,0,100,0,0,0,0,100,0,0,100,0,0,0,2,,2,,,,,,,6,30,0,5,0,1,0,0,42,,,3,,,,,,9,,11,,,14,,16,,,,,21,,,24,,,,,,,,,,,,,1,,,,20,,,,0,0,,3,1,3,,,1,2,,,100,0,0,0,0,0,4,,2,2,,,3,3,1,300,3,2,2,2,2,,7,2,,,,,,10,2,,,,,,,,,,,,,,9998,,,29.77778
10,1,3,1,5,4,3,1,1,1,100,100,0,100,0,0,100,0,100,0,0,100,0,0,0,0,0,0,20,30,1,5000,100,100,,,100,,,0,,1,100,,,0,,1,,,,100,0,0,0,0,0,0,,,,,,,0,100,0,0,2,,2,,,,,,,2,0,0,0,0,0,0,0,2,1,2,3,,5,,7,,9,10,11,,13,,15,16,,,,,21,,,24,,,,28,,,,,,,,,1,1,,,30,30,,,0,0,,1,3,,,,1,,,,100,0,0,0,0,0,2,1,,2,,,1,1,9998,200,3,2,2,2,2,,9,2,,,,,,10,2,,,,,,,,,,,,,,9998,,,29.77778
10,1,3,2,4,4,3,1,2,,1322,1322,0,100,0,100,0,0,100,0,100,0,0,0,0,0,0,0,15,30,1,2201.6902,235.2,130,,,120,,,0,,1,60,,,0,,1,,,,0,0,0,0,0,100,0,50,0,0,50,0,0,100,0,0,0,2,,2,,,,,,,5,3,1,4,0,0,0,0,13,,,,,,,,,,,,,,,,16,,,,,,,,24,,,,,,,,,,,,,,1,,,,200,,,0,0,,1,3,,,,1,2,,,100,0,0,0,0,0,4,,1,2,,,2,2,2,100,3,2,2,2,2,,7,2,,,,,,3,2,,,,,,,,,,,,,,9998,,,29.77778
10,1,3,2,5,5,3,1,1,1,300,300,0,100,0,100,0,0,100,0,100,0,0,0,0,0,0,0,20,50,1,360,10,40,,,20,,,0,,1,20,,,0,,1,,,,0,0,0,0,0,100,0,0,0,0,100,0,0,100,0,0,0,2,,2,,,,,,,7,0,0,0,0,0,0,0,7,,,,,,,,,9,,,,,,,16,,,,,,,,,,,,,,,,,,,,,1,1,,,7,30,100,80,0,0,,1,3,,,,1,,,,100,0,0,0,0,0,4,,4,2,,,3,3,1,50,3,2,2,2,2,,4,2,,,,,,10,2,,,,,,,,,,,,,,9998,,,29.77778
11,1,1,1,4,2,1,,1,4,79200,79200,0,100,0,0,100,0,100,0,0,100,0,0,0,0,0,0,900,15,1,5000,1400,4000,,,4000,,,0,,1,1400,,,0,,1,,,,0,100,0,0,0,0,0,,,,,,,100,0,0,0,2,,2,,,,,,,120,70,5,50,0,10,0,0,255,,,,,,,7,,9,,,,,14,,16,,,,,21,,,24,,,27,,,,,,,,,,1,1,,,150,40,,,0,0,,1,1,1000,,,1,2,,,80,20,0,0,0,0,3,,,2,,,1,1,3,3000,3,1,2,2,2,,4,2,,,,,,2,1,,,,,,,,,,10,,,,,501,1,12
11,1,1,1,5,4,1,,2,,128700,0,128700,100,0,0,100,0,0,0,0,0,0,100,0,0,100,0,3900,30,1,16000,15000,44000,,,44000,,,0,,1,15000,,,0,,1,,,,0,0,0,0,100,0,0,,,,,,,100,0,0,0,2,,1,10,0,90,0,0,1,800,160,50,100,550,200,4000,0,5860,,,,,,,7,,,10,,12,13,,,16,,18,,20,21,,,24,,,27,,,,,,,,2,20,1,1,20,20,180,150,120,90,0,0,3,1,1,3000,,,1,2,,,70,30,0,0,0,0,3,,,3,,9997,2,1,1,15000,3,2,2,1,2,,8,2,,,,,,6,1,,,,,,,,,,10,,,,,536,1,12
11,1,2,1,2,1,2,1,1,4,79200,79200,0,100,0,0,100,0,100,0,0,100,0,0,0,0,0,0,2240,20,1,6000,4000,18000,,,18000,,,0,,1,4000,,,0,,1,,,,60,0,0,0,35,5,0,100,0,0,0,0,0,100,0,0,0,2,,1,0,0,100,0,0,2,560,130,50,70,0,50,900,0,1760,,,,4,,,7,,9,10,,12,13,,,16,,,,20,21,,23,24,,,27,28,,,,,,,2,3,2,1,20,20,45,45,90,90,0,0,2,1,1,3000,,,1,2,,,100,0,0,0,0,0,3,,,2,,,2,1,1,7000,3,2,2,1,2,,4,2,,,,,,6,1,,,,,,,,,,10,,,,,576,2,47.33333
11,1,2,1,4,1,2,1,2,,39600,0,39600,100,0,0,100,0,0,0,0,0,0,100,0,0,100,0,1400,23,1,8000,5000,11320,,,11320,,,0,,1,5000,,,0,,1,,,,0,0,70,0,0,30,0,5,0,0,95,0,0,100,0,0,0,2,,1,10,0,90,0,0,9997,250,50,60,150,200,60,680,0,1450,,,,,,,7,,9,,,12,13,,,16,,18,,,,,,24,,,27,,,,,,,,1,4,1,1,15,15,120,40,90,90,0,0,3,1,1,1500,,,1,,,,80,20,0,0,0,0,3,,,2,,,1,1,1,5000,3,2,2,2,2,,8,2,,,,,,6,1,,,,,,,,,,10,,,,,705,5,47.33333
11,1,2,1,4,2,2,1,2,,29700,0,29700,100,0,0,100,0,0,0,0,0,0,100,0,0,100,0,900,30,1,2500,800,3200,,,3200,,,0,,1,800,,,0,,1,,,,80,0,0,0,0,20,0,95,0,0,5,0,0,100,0,0,0,2,,1,0,0,100,0,0,1,160,30,20,20,90,5,0,0,325,,2,,4,,,7,,,10,,12,13,,,16,,,,,21,,,,,,27,,,,,,,,5,,1,1,1,,45,35,140,,0,0,1,1,1,1000,,,1,2,,,100,0,0,0,0,0,3,,,1,3,,2,2,2,2000,3,2,1,1,2,,7,2,,,,,,6,1,,,,,,,,,,,,,,9998,,,47.33333
11,1,2,1,4,3,2,1,1,3,29700,29700,0,100,0,0,100,0,100,0,0,100,0,0,0,0,0,0,1050,25,1,5000,2500,7200,,,7200,,,0,,1,2500,,,0,,1,,,,0,80,0,0,0,20,0,100,0,0,0,0,0,100,0,0,0,2,,1,3,0,97,0,0,2,150,80,50,20,0,10,50,0,360,,2,,,,,7,,9,,,12,,14,,16,,,,,21,,,24,,,27,,,,,,,9997,,5,2,1,,1,70,50,,90,0,0,9997,1,1,2000,,,,2,,,85,15,0,0,0,0,3,,,2,,,3,2,2,3000,3,2,2,2,2,,8,2,,,,,,6,1,,,,,,,,,,,,,,9998,550,1,47.33333
11,1,2,1,4,3,2,1,2,,99000,0,99000,100,0,0,100,0,0,0,0,0,0,100,0,0,100,0,3300,23,1,25820.729,18262,28000,,,28000,,,0,,1,13000,,,0,,1,,,,0,0,0,0,100,0,0,,,,,,,100,0,0,0,2,,1,10,0,90,0,0,2,650,200,600,100,450,100,1200,0,3300,,,,4,,,7,,9,10,,12,13,,,16,,18,,20,21,,,24,,,27,,,,,,,,5,5,1,1,13,13,25,25,90,90,0,0,2,1,1,4000,,,,2,,,100,0,0,0,0,0,3,,,2,,,2,1,1,13000,1,2,2,1,2,,9998,2,,,,,,6,1,,,,,,,,,,10,,,,,,,47.33333
11,1,2,1,4,3,2,1,2,,99000,0,99000,100,0,0,100,0,0,0,0,0,0,100,0,0,100,0,3500,20,1,12000,10000,28000,,,28000,,,0,,1,10000,,,0,,1,,,,30,0,60,0,0,10,0,80,0,0,20,0,0,100,0,0,0,2,,1,20,0,80,0,0,2,720,200,120,120,400,1500,1800,0,4860,,,,,,,7,,,10,,12,,14,,16,,,,,21,,,24,,,27,28,,,,42,,,2,9,1,1,15,15,70,40,130,90,0,0,2,1,1,4000,,,1,2,,,80,20,0,0,0,0,2,3,,1,3,,1,1,1,12000,3,1,1,2,2,,8,2,,,,,,2,1,,,,,,,,,,10,,,,,501,1,47.33333
11,1,2,1,5,2,2,1,2,,24750,0,24750,100,0,0,100,0,0,0,0,0,0,100,0,0,100,0,1100,15,1,5500,3000,7200,,,5600,,,0,,1,3000,,,0,,1,,,,10,10,0,0,0,80,0,100,0,0,0,0,0,100,0,0,0,2,,1,0,20,60,15,5,2,210,100,80,20,100,10,700,0,1220,,,,,,,7,,9,,,12,13,,,16,,18,,,21,,,24,,,27,,,,,,,9997,,3,1,1,,25,60,40,,90,0,0,1,1,1,2000,,,1,2,,,85,15,0,0,0,0,2,4,,3,,3,2,2,1,3000,3,2,2,2,2,,11,2,,,,,,1,1,,,,,,,,,,10,,,,,542,1,47.33333
11,1,2,1,5,3,2,1,1,4,118800,118800,0,100,0,0,100,0,100,0,0,100,0,0,0,0,0,0,4400,21,1,18000,15000,29500,,,26550,,,2950,,,13000,,,2000,,,1,,,0,0,5,0,0,95,0,30,0,0,70,0,0,100,0,0,0,1,13000,1,10,0,40,20,30,2,700,100,1000,700,0,500,3500,500,7000,,,,4,,,7,,9,,,12,13,,,16,,18,,20,21,,,24,,,27,,,,,,,,4,5,1,1,35,35,240,200,120,90,0,0,9997,1,1,7000,,,1,,,,90,10,0,0,0,0,4,,2,2,,,1,2,1,18000,3,2,2,2,2,,4,1,1,2,3,4,,1,1,,,,,,,,,,10,,,,,,,47.33333
11,1,2,2,3,2,2,1,1,1,14850,14850,0,100,0,0,100,0,100,0,0,100,0,0,0,0,0,0,400,13,1,5211.2529,3463.15,4800,,,4500,,,0,,1,1400,,,0,,1,,,,0,0,0,0,95,5,0,100,0,0,0,0,0,100,0,0,0,2,,1,5,0,95,0,0,1,70,60,10,30,0,10,700,0,880,,,,,,,7,,,10,,12,,14,,16,,,,,21,,,24,,,27,,,,,,,,2,2,,1,15,13,,40,130,90,0,0,1,1,1,500,,,1,2,,,90,10,0,0,0,0,3,,,2,,,2,1,1,2000,3,1,2,2,2,,7,2,,,,,,6,1,,,,,,,,,,,,,,9998,542,1,47.33333
11,1,2,2,4,4,2,1,1,2,29700,29700,0,100,0,0,100,0,100,0,0,100,0,0,0,0,0,0,1000,30,1,2500,2000,5200,,,5200,,,0,,1,2000,,,0,,1,,,,0,0,0,0,0,100,0,90,0,0,10,0,0,100,0,0,0,1,1500,1,0,0,70,10,20,2,255,65,50,30,0,0,900,0,1300,,,,,,,7,,,,,12,13,,,16,,,,,21,,,,,,,,,,,,,,2,4,,1,17,17,,120,110,90,0,0,1,1,1,1000,,,1,,,,100,0,0,0,0,0,4,,1,2,,,3,2,1,2500,3,2,2,2,2,,7,2,,,,,,6,1,,,,,,,,,,10,,,,,576,2,47.33333
11,1,2,2,5,3,2,1,1,1,9900,9900,0,100,0,0,100,0,100,0,0,100,0,0,0,0,0,0,300,20,1,1500,700,1470,,,1470,,,0,,1,700,,,0,,1,,,,0,0,0,0,0,100,0,100,0,0,0,0,0,100,0,0,0,2,,1,0,0,100,0,0,2,90,10,10,10,0,0,60,0,180,,,,,,,7,,,10,,12,,,,16,,,,,21,,,24,,,,,,,,,,,1,1,,1,1,5,,35,100,90,0,0,1,1,1,500,,,,2,,,85,15,0,0,0,0,3,,,2,,,2,2,2,1000,3,1,2,1,2,,1,2,,,,,,6,1,,,,,,,,,,10,,,,,501,1,47.33333
11,1,3,1,2,2,3,1,2,,3300,0,3300,100,0,0,100,0,0,0,0,0,0,100,0,0,100,0,1000,15,1,4000,1500,4000,,,4000,,,0,,1,1500,,,0,,1,,,,85,0,0,0,0,15,0,100,0,0,0,0,0,100,0,0,0,2,,1,35,0,65,0,0,1,190,30,10,30,100,0,160,0,520,,,,,,,7,,,,,12,,14,,16,,18,,,21,,,24,,,27,,,,,42,,,,2,1,1,,8,70,50,,90,0,0,1,1,1,2000,,,1,2,,,75,25,0,0,0,0,4,,2,2,,,2,2,1,3000,3,2,2,1,2,,8,2,,,,,,6,1,,,,,,,,,,10,,,,,550,1,47.33333
11,1,3,1,4,4,3,1,2,,59400,0,59400,100,0,0,100,0,0,0,0,0,0,100,0,0,100,0,1800,30,1,7000,3500,12400,,,12400,,,0,,1,3500,,,0,,1,,,,100,0,0,0,0,0,0,,,,,,,100,0,0,0,2,,1,20,0,80,0,0,1,350,40,10,100,80,20,800,0,1400,,,,,,,7,,9,10,,12,,14,,16,,,,,21,,,24,,,27,,,,,,,,,6,1,1,,15,70,20,,90,0,0,2,1,1,3000,,,1,2,,,85,15,0,0,0,0,4,,2,3,,3,3,2,1,4000,3,2,2,1,2,,4,2,,,,,,6,1,,,,,,,,,,10,,,,,,,47.33333
11,1,3,1,4,5,3,1,2,,49500,0,49500,100,0,0,100,0,0,0,0,0,0,100,0,0,100,0,1900,15,1,10000,4000,15000,,,15000,,,0,,1,4000,,,0,,1,,,,35,35,0,0,0,30,0,95,0,0,5,0,0,100,0,0,0,2,,1,7,3,90,0,0,1,320,40,60,70,250,40,950,0,1730,,2,,4,,,7,,,10,,12,13,,,16,,,,,21,,,24,,,27,,,,,42,,,1,4,1,1,15,20,50,30,150,90,0,0,2,1,1,4000,,,1,2,,,90,10,0,0,0,0,3,,,2,,,1,1,1,5000,2,1,2,2,2,,8,2,,,,,,1,1,,,,,,,,,,10,,,,,531,1,47.33333
11,1,3,1,4,5,3,5,1,2,6600,6600,0,100,0,0,100,0,100,0,0,100,0,0,0,0,0,0,100,30,1,1500,1000,1500,,,500,,,0,,1,60,,,0,,1,,,,0,0,0,0,0,100,0,0,0,0,100,0,0,100,0,0,0,2,,1,20,30,50,0,0,1,40,20,10,10,0,5,0,0,85,,2,,,5,,,,9,,,,,14,,16,,,,,21,,,,,,,,,,,,,,,,1,,,,30,,,,0,0,,9997,1,200,,,1,2,,,80,20,0,0,0,0,4,,5,2,,,3,3,2,500,2,1,2,2,2,,8,2,,,,,,10,1,,,,,,,,,,,,,,9998,,,47.33333
11,1,3,2,1,1,3,1,2,,29700,0,29700,100,0,0,100,0,0,0,0,0,0,100,0,0,100,0,1000,26,1,12754.6354,5399.4968,12600,,,11400,,,1200,,,5500,,,1500,,,1,,,0,0,0,0,0,10,90,100,0,0,0,0,0,10,90,0,0,2,,1,45,0,40,15,0,2,150,0,150,60,120,10,850,0,1340,,,,,,,7,,,,,12,13,,,16,,18,,,21,,,24,,,27,,,,,,,,2,,,2,45,,,50,75,,0,0,9997,1,1,1500,,,1,,,,85,15,0,0,0,0,3,,,2,,,1,1,1,9000,3,2,2,2,2,,9,1,1,,,,,6,2,,,,,,,,,,10,,,,,803,7,47.33333
11,1,3,2,3,1,3,1,2,,89100,0,89100,100,0,0,100,0,0,0,0,0,0,100,0,0,100,0,2520,30,1,16000,4000,18000,,,16000,,,0,,1,4000,,,0,,1,,,,0,100,0,0,0,0,0,,,,,,,100,0,0,0,2,,1,50,0,50,0,0,1,800,80,130,80,150,20,1000,220,2480,,,,,,,7,,9,,,12,13,,,16,,18,,,21,,,24,,,27,,29,,,,,,1,8,1,1,12,12,90,50,100,90,0,0,9997,1,1,3000,,,1,2,,,65,35,0,0,0,0,3,,,2,,,2,2,1,6000,3,1,2,2,2,,8,2,,,,,,6,1,,,,,,,,,,10,,,,,550,1,47.33333
11,1,3,2,4,1,3,1,1,1,12210,12210,0,100,0,0,100,0,100,0,0,100,0,0,0,0,0,0,350,10,1,7000,1500,3600,,,3600,,,0,,1,1500,,,0,,1,,,,0,0,0,0,0,100,0,100,0,0,0,0,0,100,0,0,0,2,,1,30,0,70,0,0,1,80,70,30,30,0,10,180,0,400,,,,,,,7,,,10,,,,14,,16,,,,,21,,,24,,,,,,,,,,,2,2,1,1,1,6,50,50,200,90,0,0,1,1,1,1000,,,1,2,,,80,20,0,0,0,0,2,1,,2,,,1,1,1,2000,3,2,2,1,2,,8,2,,,,,,6,1,,,,,,,,,,10,,,,,501,1,47.33333
12,1,1,1,3,2,1,,2,,6000,0,6000,100,0,0,100,0,0,0,0,0,0,100,0,0,100,0,800,15,1,1500,350,1500,,,1500,,,0,,1,350,,,0,,1,,,,100,0,0,0,0,0,0,,,,,,,100,0,0,0,2,,2,,,,,,,30,15,5,20,0,10,0,0,80,,,3,,,,7,,9,,,,,14,,16,,,,,,,,24,,,,,29,,,,,,,,1,,,,90,,,,0,0,,1,3,,,,1,2,,,100,0,0,0,0,0,3,,,2,,,3,3,3,600,3,2,2,2,2,,9,2,,,,,,3,2,,,,,,,,,,,,,,9998,,,14
12,1,1,1,3,3,1,,1,4,183150,118800,64350,100,0,0,100,0,100,0,0,100,0,100,0,0,100,0,7400,17,1,11600,11600,32000,,,32000,,,0,,1,11600,,,0,,1,,,,0,0,0,0,80,20,0,0,100,0,0,0,0,100,0,0,0,2,,1,0,25,25,50,0,2,800,450,50,150,0,50,2000,0,3500,,2,,,,,7,,9,,,12,13,,,16,,,,20,,,,,,,,,,,,,,,180,120,1,,1,1,250,,110,100,0,0,2,1,1,6000,,,1,2,,,100,0,0,0,0,0,2,9997,,2,,,1,1,1,12000,3,2,2,2,2,,7,2,,,,,,2,1,,,,,,,,,,,,,,9998,578,2,14
12,1,1,1,4,1,1,,2,,59400,0,59400,100,0,0,100,0,0,0,0,0,0,100,0,0,100,0,2500,15,1,3500,2000,7000,,,6990,,,0,,1,2000,,,0,,1,,,,0,0,0,0,0,100,0,0,0,0,100,0,0,100,0,0,0,2,,2,,,,,,,100,85,5,0,120,10,0,0,320,,,,,,,7,,9,,,,13,,,16,,,,,,,,,,,,,29,,,,,,,,5,5,,,20,10,,,0,0,,1,1,1200,,,1,,,,50,50,0,0,0,0,2,3,,2,,,1,1,3,2500,2,1,2,2,2,,8,2,,,,,,6,1,,,,,,,,,,,,,,9998,,,14
12,1,1,1,4,3,1,,1,1,14850,14850,0,100,0,0,100,0,100,0,0,100,0,0,0,0,0,0,600,20,1,5000,380,1300,,,1260,,,0,,1,380,,,0,,1,,,,0,0,0,0,100,0,0,,,,,,,100,0,0,0,2,,2,,,,,,,30,10,5,10,0,0,0,0,55,,,,4,,,7,,,,,,,14,,16,,,,,,,,,,,,,,,,,,,,,1,1,,,30,20,,,0,0,,1,1,450,,,1,2,,,100,0,0,0,0,0,2,3,,2,,,3,3,3,1000,3,1,2,2,2,,3,2,,,,,,6,2,,,,,,,,,,,,,,9998,616,3,14
12,1,1,1,4,3,1,,2,,40000,0,40000,100,0,0,100,0,0,0,0,0,0,100,0,0,100,0,1300,20,1,3000,2200,7000,,,7000,,,0,,1,2200,,,0,,1,,,,80,20,0,0,0,0,0,,,,,,,100,0,0,0,2,,2,,,,,,,123,27,3,5,200,5,26,19,408,,,,,,,7,,9,10,,,,14,,16,,,,,,,,,,,,,,,,,,,2,,1,1,1,,45,30,130,,0,0,2,1,1,4000,,,1,,,,70,30,0,0,0,0,3,,,2,,,3,3,9997,2500,3,2,2,2,2,,9,2,,,,,,6,1,,,,,,,,,9,,,,,,,,14
12,1,1,1,5,5,1,,1,1,10000,10000,0,100,0,50,50,0,100,0,50,50,0,0,0,0,0,0,500,20,1,1267.43,374.02,3700,,,3700,,,50,,,3500,,,50,,,2,,,90,0,0,0,0,10,0,0,0,0,100,0,0,100,0,0,0,2,,1,70,30,0,0,0,2,77,50,20,10,0,10,0,0,167,,,,,,,7,,9,,,,,,,16,,18,,,21,,,,,,,,29,,,,,,,,2,2,,,60,25,,,0,0,,1,1,3000,,,1,2,,,50,50,0,0,0,0,3,,,2,,,3,3,3,1500,3,2,2,2,2,,3,2,,,,,,2,1,,,,,,,,,,10,,,,,664,4,14
12,1,1,1,5,5,1,,1,2,23800,23800,0,100,0,0,100,0,100,0,0,100,0,0,0,0,0,0,500,30,1,800,320,1150,,,1150,,,0,,1,320,,,0,,1,,,,100,0,0,0,0,0,0,,,,,,,100,0,0,0,2,,2,,,,,,,0,3,1,6,0,1,150,11,172,,2,,,,,7,,9,,,,,,,16,,,,,,,,,,,,,,,,,,,8,,1,1,1,,20,30,190,,0,0,3,1,1,1000,,,1,,,,100,0,0,0,0,0,4,,2,2,,,3,3,1,500,3,1,2,2,2,,9,2,,,,,,6,1,,,,,,,,,,,,,,9998,,,14
12,1,1,1,5,5,1,,1,4,9900,9900,0,100,0,0,100,0,100,0,0,100,0,0,0,0,0,0,500,30,1,1500,500,1500,,,1500,,,0,,1,500,,,0,,1,,,,90,0,0,0,0,10,0,0,0,0,100,0,0,100,0,0,0,2,,2,,,,,,,20,20,0,10,0,0,0,0,50,,,,,,,7,,9,10,,,,14,,16,,,,,,,,,,,,,,,,,,,,,1,1,,,25,20,,,0,0,,1,1,500,,,1,2,,,100,0,0,0,0,0,5,,6,2,,,3,3,1,1000,3,2,2,2,2,,7,2,,,,,,6,2,,,,,,,,,,10,,,,,561,1,14
12,1,1,2,3,4,1,,2,,29700,0,29700,100,0,0,100,0,0,0,0,0,0,100,0,0,100,0,1000,30,1,3350,3000,20000,,,20000,,,0,,1,3000,,,0,,1,,,,0,0,0,0,100,0,0,,,,,,,100,0,0,0,2,,2,,,,,,,300,150,0,20,0,0,1525,0,1995,1,,,,,,7,,9,10,,,,,,16,,,,,21,,,24,,,,,,,,,,,5,2,1,1,10,25,30,30,150,80,0,0,1,1,1,500,,,1,,,,100,0,0,0,0,0,4,,4,2,,,3,3,3,4000,3,2,2,2,2,,7,2,,,,,,6,2,,,,,,,,,,,,,,9998,561,1,14
12,1,1,2,5,5,1,,1,2,29700,29700,0,100,0,0,100,0,100,0,0,100,0,0,0,0,0,0,120,40,1,1500,600,2000,,,2000,,,0,,1,600,,,0,,1,,,,0,0,0,0,90,10,0,0,0,0,100,0,0,100,0,0,0,2,,2,,,,,,,10,0,0,0,0,0,0,0,10,1,,,,,,7,,9,10,,,,,,16,,,,,21,,,24,,,,,,,,,,,,,2,2,,,20,25,,,0,0,,1,3,,,,1,2,,,100,0,0,0,0,0,3,,,2,,,3,3,2,1000,3,2,2,2,2,,7,2,,,,,,10,2,,,,,,,,,,,,,,9998,,,14
12,1,2,1,2,3,2,1,2,,79200,0,79200,100,0,0,100,0,0,0,0,0,0,100,0,0,100,0,8100,23,1,2500,1580,5267,,,5267,,,0,,1,1580,,,0,,1,,,,90,0,0,0,0,10,0,0,0,0,100,0,0,100,0,0,0,2,,2,,,,,,,60,25,147,100,0,30,100,0,462,,2,3,4,5,,7,,9,10,11,12,13,,,16,,,,,21,,,24,,,27,28,,,,,,,,,1,1,,,160,3,,,0,0,,1,1,3000,,,1,2,,,100,0,0,0,0,0,4,,2,2,,,3,3,1,8000,3,2,2,1,2,,3,2,,,,,,2,2,,,,,,,,,,,,,,9998,536,1,56.9322
12,1,2,1,3,1,2,1,1,2,19800,19800,0,100,0,0,100,0,100,0,0,100,0,0,0,0,0,0,800,20,1,3000,300,1000,,,1000,,,0,,1,300,,,0,,1,,,,100,0,0,0,0,0,0,,,,,,,100,0,0,0,2,,2,,,,,,,100,30,0,10,0,50,60,0,250,,,,,,,7,,,10,,,,14,,16,,,,,21,,,,,,,,29,,,,,,3,,1,2,1,,50,20,60,,0,0,1,1,1,1000,,,1,2,,,30,70,0,0,0,0,3,,,2,,,3,3,3,1000,3,2,2,2,2,,3,2,,,,,,1,1,1,,,,,,,,,10,,,,,,,56.9322
12,1,2,1,3,2,2,1,1,2,64350,34650,29700,100,0,0,100,0,100,0,0,100,0,100,0,0,100,0,1950,15,1,16236.8449,9232.9867,3000,,,3000,,,0,,1,900,,,0,,1,,,,30,0,0,0,70,0,0,,,,,,,100,0,0,0,2,,1,0,0,100,0,0,1,100,100,50,20,200,0,550,0,1020,1,,3,,5,,7,8,9,10,,,13,,,16,,,,,21,,,24,,,,28,,,,,,,2,3,1,1,20,15,180,90,130,100,0,0,3,1,1,5000,,,1,2,,,100,0,0,0,0,0,2,2,,2,,,1,1,1,6000,1,1,2,3,2,,4,2,,,,,,6,1,,,,,,,,,,,,,,9998,,,56.9322
12,1,2,1,3,2,2,1,1,4,15000,15000,0,100,0,0,100,0,100,0,0,100,0,0,0,0,0,0,1200,20,1,3000,1500,2160,,,2160,,,0,,1,1500,,,0,,1,,,,40,0,0,0,0,60,0,60,0,0,40,0,0,100,0,0,0,2,,2,,,,,,,240,30,10,20,0,5,120,0,425,,,,,,,7,,9,10,11,12,13,,,16,,,,,21,,,,,,27,,,,,,,,2,,2,2,4,,250,50,150,,0,0,3,1,1,1000,,,1,2,,,90,10,0,0,0,0,3,,,2,,,2,2,1,1500,3,2,2,2,2,,3,2,,,,,,2,1,1,,,,,,,,,,,,,,,,56.9322
12,1,2,1,3,2,2,1,2,,29700,0,29700,100,0,0,100,0,0,0,0,0,0,100,0,0,100,0,1500,15,1,2000,1500,5000,,,5000,,,0,,1,1500,,,0,,1,,,,100,0,0,0,0,0,0,,,,,,,100,0,0,0,2,,1,100,0,0,0,0,1,100,50,5,0,60,10,0,0,225,,2,,,,,7,,9,10,11,,,14,,16,,,,,,,,24,,,,,29,,,,,,2,,1,,1,,90,,200,,0,0,1,1,1,1000,,,1,2,,,50,50,0,0,0,0,3,,,2,,,2,2,3,2000,2,1,2,2,2,,3,2,,,,,,1,1,,,,,,,,,,,,,,9998,,,56.9322
12,1,2,1,3,2,2,6,1,2,54450,24750,29700,100,0,0,100,0,100,0,0,100,0,100,0,0,100,0,1500,20,1,4000,2500,10000,,,10000,,,0,,1,1800,,,0,,1,,,,100,0,0,0,0,0,0,,,,,,,100,0,0,0,2,,2,,,,,,,200,50,0,50,200,10,400,0,910,,,,,,,7,,9,,,,13,,,16,,,,,,,,,,,,,,,,,,,,3,1,1,,15,70,50,,85,0,0,2,1,1,18000,,,1,,,,100,0,0,0,0,0,4,,2,2,,,3,2,1,5000,3,1,2,2,2,,3,2,,,,,,2,1,,,,,,,,,,,,,,9998,,,56.9322
12,1,2,1,3,3,2,1,1,4,105600,105600,0,100,0,3,97,0,100,0,3,97,0,0,0,0,0,0,4000,17,1,24116.9502,15472.0903,20000,,,20000,,,0,,1,7000,,,0,,1,,,,0,0,0,0,30,70,0,20,80,0,0,0,0,100,0,0,0,2,,1,0,0,40,60,0,2,500,200,500,150,0,0,2500,0,3850,,,,,,,7,,9,,,12,13,14,,16,,,,20,,,23,24,,,,28,,,,,,,2,6,1,1,25,30,90,70,150,100,0,0,3,1,1,30000,,,1,2,,,100,0,0,0,0,0,4,,2,2,,,3,3,1,20000,2,1,2,2,2,,3,2,,,,,,2,1,,,,,,,,,,,,,,9998,617,3,56.9322
12,1,2,1,3,3,2,1,2,,17400,0,17400,100,0,0,100,0,0,0,0,0,0,100,0,0,100,0,1600,20,1,4000,3100,10000,,,10000,,,0,,1,30540,,,0,,1,,,,100,0,0,0,0,0,0,,,,,,,100,0,0,0,2,,2,,,,,,,112,130,10,20,400,5,500,0,1177,1,2,3,,,,7,,9,,11,12,13,,,16,,,,,21,,,,,,27,,,,,,,,30,20,1,1,1,1,210,210,80,100,0,0,1,1,3,,,,1,2,,,100,0,0,0,0,0,3,,,2,,,2,2,1,3000,3,2,2,2,2,,4,2,,,,,,2,1,,,,,,,,,,,,,,9998,,,56.9322
12,1,2,1,3,3,2,1,2,,41250,0,41250,100,0,0,100,0,0,0,0,0,0,100,0,0,100,0,2000,25,1,8000,5000,30000,,,30000,,,0,,1,5000,,,0,,1,,,,100,0,0,0,0,0,0,,,,,,,100,0,0,0,2,,2,,,,,,,500,200,0,50,500,10,1000,0,2260,,,,,,,7,,,,,,,14,,16,,,,,,,,,,,,,,,,,,,1,4,1,1,15,20,60,30,120,95,0,0,3,1,1,12500,,,1,2,,,100,0,0,0,0,0,4,,2,2,,,3,2,1,8000,3,1,2,2,2,,7,2,,,,,,2,1,,,,,,,,,,,,,,9998,561,1,56.9322
12,1,2,1,3,3,2,1,2,,49500,0,49500,100,0,0,100,0,0,0,0,0,0,100,0,0,100,0,2000,20,1,2620.063,2280,9000,,,9000,,,0,,1,2500,,,0,,1,,,,90,0,0,0,0,10,0,0,0,0,100,0,0,100,0,0,0,2,,1,50,20,30,0,0,2,300,50,20,10,100,50,500,0,1030,,,3,,5,,7,,9,,11,,,14,,16,,,,,,,,24,,,,,29,,,,,,1,5,2,3,5,15,60,20,200,70,0,0,1,1,1,2000,,,1,2,,,60,40,0,0,0,0,2,3,,2,,,3,2,1,3500,2,1,2,2,2,,3,2,,,,,,1,1,,,,,,,,,,10,,,,,,,56.9322
12,1,2,1,4,1,2,4,2,,9900,0,9900,100,0,0,100,0,0,0,0,0,0,100,0,0,100,0,1500,25,1,5000,1000,3500,,,3500,,,0,,1,1000,,,0,,1,,,,90,0,0,0,0,10,0,0,0,0,100,0,0,100,0,0,0,2,,2,,,,,,,150,30,20,10,100,50,100,0,460,,,,,,,7,,9,,11,,,14,,16,,,,,,,,,,,,,29,,,,,,1,5,1,,1,10,100,,150,70,0,0,1,1,1,1500,,,1,2,,,70,30,0,0,0,0,2,3,,2,,,3,2,3,3000,2,1,2,3,2,,4,2,,,,,,6,1,,,,,,,,,,10,,,13,,,,56.9322
12,1,2,1,4,2,2,1,1,4,122100,122100,0,100,0,0,100,0,100,0,0,100,0,0,0,0,0,0,5000,15,1,5862.0634,2550.1451,18000,,,18000,,,0,,1,5000,,,0,,1,,,,30,0,70,0,0,0,0,,,,,,,100,0,0,0,2,,1,0,0,100,0,0,1,400,400,200,100,0,0,1500,0,2600,,,,,,,7,,9,,,12,13,,,16,,,,,21,,,24,,,,,,,,,,,2,5,1,1,24,24,90,40,90,90,0,0,2,1,1,37000,,,1,2,,,100,0,0,0,0,0,5,,2,4,,3,3,3,1,7000,2,2,2,2,1,12,3,2,,,,,,2,1,,,,,,,,,,,,,,9998,561,1,56.9322
12,1,2,1,4,2,2,1,1,4,89100,89100,0,100,0,0,100,0,100,0,0,100,0,0,0,0,0,0,12765,11,1,3798.452,3215.4,12060,,,12060,,,0,,1,3200,,,0,,1,,,,0,0,100,0,0,0,0,,,,,,,100,0,0,0,2,,2,,,,,,,359,95,49,435,40,100,97,0,1175,,2,3,,5,6,7,,9,10,,,13,,,16,,,,,21,,,24,,,27,28,,,,,,,1,1,1,1,5,6,210,70,110,70,0,0,1,1,1,20000,,,1,2,,,100,0,0,0,0,0,4,,1,2,,,1,3,2,7000,3,1,2,3,2,,7,2,,,,,,6,2,,,,,,,,,,,,,,9998,536,1,56.9322
12,1,2,1,4,2,2,1,2,,24255,1155,23100,100,0,61.9047619047619,38.0952380952381,0,100,0,100,0,0,100,0,60,40,0,600,25,1,3000,1500,5000,,,5000,,,0,,1,1500,,,0,,1,,,,0,0,0,0,100,0,0,,,,,,,100,0,0,0,2,,1,0,0,100,0,0,1,50,30,5,5,200,0,600,0,890,,,3,,5,,7,,9,10,,,13,14,,16,,18,,,21,,,24,,,,28,,,,,,,1,2,1,1,20,25,120,90,120,70,0,0,3,1,1,4000,,,1,2,,,100,0,0,0,0,0,4,,4,2,,,3,3,3,3000,3,1,2,3,2,,4,2,,,,,,3,1,,,,,,,,,,,,,,9998,,,56.9322
12,1,2,1,4,2,2,1,2,,29700,0,29700,100,0,0,100,0,0,0,0,0,0,100,0,0,100,0,1500,15,1,7262.9304,4282.4788,1500,,,1300,,,0,,1,400,,,0,,1,,,,100,0,0,0,0,0,0,,,,,,,100,0,0,0,2,,2,,,,,,,70,50,0,0,40,0,200,0,360,1,2,,,5,,7,,9,,11,,,,,16,,,,,21,,,24,,,,,29,,,,,,10,,2,2,1,,30,20,20,,0,0,1,1,3,,,,1,2,,,50,50,0,0,0,0,2,3,,2,,,3,3,3,1000,3,1,2,2,2,,3,2,,,,,,6,1,,,,,,,,,,10,,,,,,,56.9322
12,1,2,1,4,2,2,1,2,,6000,0,6000,100,0,0,100,0,0,0,0,0,0,100,0,0,100,0,600,20,1,2346.6537,1196.6093,3000,,,3000,,,0,,1,800,,,0,,1,,,,80,0,0,0,0,20,0,100,0,0,0,0,0,100,0,0,0,2,,2,,,,,,,100,50,20,20,60,0,0,0,250,,2,,,,,7,,9,,,,,,,16,,,,,,,,,,,,,,,,,,,,,1,1,,,60,45,,,0,0,,1,1,6000,,,1,2,,,100,0,0,0,0,0,4,,2,3,,3,2,1,1,2000,3,2,2,2,2,,3,2,,,,,,6,1,,,,,,,,,,,,,,9998,701,5,56.9322
12,1,2,1,4,2,2,1,2,,69300,0,69300,100,0,0,100,0,0,0,0,0,0,100,0,0,100,0,2000,18,1,5500,4500,18000,,,1800,,,0,,1,4500,,,0,,1,,,,50,0,0,0,0,50,0,100,0,0,0,0,0,100,0,0,0,2,,1,0,0,50,50,0,2,150,150,200,50,300,20,800,0,1670,,,,,,,7,,,,,,,14,,16,,,,,,,,24,,,,,,,,,,,1,3,1,1,20,20,60,60,110,95,0,0,3,1,1,21000,,,1,,,,100,0,0,0,0,0,5,,4,2,,,3,3,1,8000,3,2,2,2,2,,3,2,,,,,,2,1,,,,,,,,,,,,,,9998,550,1,56.9322
12,1,2,1,4,3,2,1,1,2,19800,19800,0,100,0,0,100,0,100,0,0,100,0,0,0,0,0,0,450,20,1,4500,1500,4800,,,4800,,,0,,1,1500,,,0,,1,,,,70,0,0,0,0,30,0,100,0,0,0,0,0,100,0,0,0,2,,1,0,40,60,0,0,1,160,50,10,20,0,10,200,60,510,,2,,,,,7,,9,,,,13,,,16,,,,,21,,,,,,,,,,,,,,10,10,1,1,2,2,60,50,110,85,0,0,1,1,1,3000,,,1,,,,100,0,0,0,0,0,3,,,2,,,3,3,1,2000,2,2,2,2,2,,7,2,,,,,,2,1,,,,,,,,,,,,,,9998,,,56.9322
12,1,2,1,4,3,2,1,1,3,54450,54450,0,100,0,0,100,0,100,0,0,100,0,0,0,0,0,0,1650,20,1,8000,1200,4000,,,4000,,,0,,1,1200,,,0,,1,,,,40,0,0,0,50,10,0,100,0,0,0,0,0,100,0,0,0,2,,1,0,0,100,0,0,1,100,65,20,20,0,0,900,0,1105,1,,3,4,5,6,7,,9,,,,13,,,16,,,,,21,,,24,,,,28,,,,,,,1,4,1,1,18,20,150,90,130,80,0,0,3,1,1,4000,,,1,2,,,100,0,0,0,0,0,4,,2,2,,,3,3,1,4000,3,2,2,3,2,,4,2,,,,,,6,1,,,,,,,,,,,,,,9998,,,56.9322
12,1,2,1,4,3,2,1,1,4,118800,118800,0,100,0,0,100,0,100,0,0,100,0,0,0,0,0,0,3600,20,1,10000,8000,10000,,,10000,,,0,,1,2500,,,0,,1,,,,100,0,0,0,0,0,0,,,,,,,100,0,0,0,2,,1,0,0,100,0,0,1,400,150,30,50,0,50,2100,0,2780,1,,3,4,5,6,7,,9,10,,12,13,,,16,,18,,,21,,,24,,,,28,,,,,,,6,1,1,1,30,30,150,120,120,100,0,0,3,1,1,10000,,,1,2,,,100,0,0,0,0,0,3,,,2,,,3,3,1,7000,3,1,2,3,2,,4,2,,,,,,6,1,,,,,,,,,,,,,,9998,,,56.9322
12,1,2,1,4,3,2,1,1,4,128700,128700,0,100,0,0,100,0,100,0,0,100,0,0,0,0,0,0,3900,18,1,10000,8000,18000,,,18000,,,0,,1,8000,,,0,,1,,,,50,0,40,0,0,10,0,0,0,0,100,0,0,100,0,0,0,2,,1,0,0,100,0,0,1,300,400,30,20,0,0,1500,0,2250,1,2,3,4,5,6,7,,9,10,11,12,13,,,16,,,,,21,,,24,,,,28,,,,,,,1,1,1,,30,30,300,,130,130,0,0,1,1,3,,,,1,2,,,100,0,0,0,0,0,4,,9997,2,,,1,1,3,10000,2,1,2,3,2,,9,2,,,,,,2,1,,,,,,,,,,,,,,9998,,,56.9322
12,1,2,1,4,3,2,1,2,,39600,0,39600,100,0,0,100,0,0,0,0,0,0,100,0,0,100,0,1500,20,1,3500,1200,4000,,,4000,,,0,,1,1200,,,0,,1,,,,100,0,0,0,0,0,0,,,,,,,100,0,0,0,2,,1,50,50,0,0,0,2,100,50,50,0,100,0,0,0,300,1,2,3,,,,7,,9,,,,,14,,16,,,,,21,,,,,,,,29,,,,,,,,1,1,,,50,20,,,0,0,,1,1,1000,,,1,2,,,50,50,0,0,0,0,2,3,,2,,,3,2,3,2500,3,2,2,2,2,,3,2,,,,,,7,1,,,,,,,,,,10,,,,,,,56.9322
12,1,2,1,4,3,2,1,2,,49500,0,49500,100,0,0,100,0,0,0,0,0,0,100,0,0,100,0,1800,23,1,3000,2500,8827,,,8827,,,0,,1,2500,,,0,,1,,,,100,0,0,0,0,0,0,,,,,,,100,0,0,0,2,,2,,,,,,,50,80,20,80,100,40,515,0,885,,,,,5,,7,,9,10,11,,13,,,16,,,,,21,,,,,,,,,,,,,,1,3,1,1,21,7,100,74,150,80,0,0,1,1,1,2000,,,1,,,,90,10,0,0,0,0,4,,2,2,,,2,2,1,5000,3,2,2,2,2,,7,2,,,,,,2,1,,,,,,,,,,,,,,9998,536,1,56.9322
12,1,2,1,4,4,2,1,1,2,39600,19800,19800,100,0,0,100,0,100,0,0,100,0,100,0,0,100,0,1000,7,1,5000,300,1000,,,1000,,,0,,1,300,,,0,,1,,,,100,0,0,0,0,0,0,,,,,,,100,0,0,0,2,,1,100,0,0,0,0,1,100,30,5,0,20,10,50,0,215,,,3,,,,7,,9,,11,,,,,16,,,,,,,,,,,27,,29,,,,,,3,,1,1,1,,50,50,180,,0,0,1,1,1,1200,,,1,2,,,70,30,0,0,0,0,3,,,2,,,3,2,3,1000,2,1,2,1,2,,4,2,,,,,,6,1,,,,,,,,,,,,,,9998,,,56.9322
12,1,2,1,4,4,2,1,1,2,79200,29700,49500,100,0,0,100,0,100,0,0,100,0,100,0,0,100,0,2500,20,1,11936.9572,8027.3133,17000,,,16000,,,400,,,4600,,,400,,,2,,,90,0,0,0,5,5,0,0,0,0,100,0,0,100,0,0,0,2,,1,50,50,0,0,0,2,300,150,50,50,140,50,1000,0,1740,1,2,3,,5,,7,,9,,11,,,14,,16,,,,,21,,,24,,,27,28,29,,,,,,5,5,2,1,1,20,40,25,20,7,0,0,1,1,1,3000,,,1,2,,,60,40,0,0,0,0,2,3,,2,,,3,3,3,6000,2,1,2,2,2,,3,2,,,,,,1,1,1,,,,,,,,,10,,,,,,,56.9322
12,1,2,1,4,4,2,1,1,4,118800,118800,0,100,0,0,100,0,100,0,0,100,0,0,0,0,0,0,6000,20,1,12577.299,8716.76,14000,,,14000,,,0,,1,14000,,,0,,1,,,,20,0,80,0,0,0,0,,,,,,,100,0,0,0,2,,1,50,50,0,0,0,2,300,150,50,20,0,30,700,0,1250,1,2,,,5,,7,,9,,11,,,,,16,,,,,21,,,24,,,27,28,29,,,,,,2,5,1,1,10,10,60,50,140,120,0,0,1,1,1,5000,,,1,2,,,70,30,0,0,0,0,2,3,,2,,,3,3,3,6000,2,1,2,2,2,,3,2,,,,,,1,1,,,,,,,,,,10,,,,,708,5,56.9322
12,1,2,1,4,4,2,1,2,,5,0,5,100,0,0,100,0,0,0,0,0,0,100,0,0,100,0,1500,16,1,2933.679,1628.2,6700,,,6500,,,0,,1,6500,,,0,,1,,,,100,0,0,0,0,0,0,,,,,,,100,0,0,0,2,,1,100,0,0,0,0,2,100,30,10,10,100,0,0,0,250,,2,,,,,7,,,,,,,,,16,,,,,,,,24,,,,,29,,,,,,,,2,1,,,60,25,,,0,0,,1,1,3000,,,1,2,,,50,50,0,0,0,0,2,3,,2,,,3,3,3,3000,3,1,2,2,2,,8,2,,,,,,1,1,,,,,,,,,,10,,,,,576,2,56.9322
12,1,2,1,4,4,2,1,2,,79200,0,79200,100,0,0,100,0,0,0,0,0,0,100,0,0,100,0,3200,20,1,8000,4000,15000,,,15000,,,0,,1,4000,,,0,,1,,,,100,0,0,0,0,0,0,,,,,,,100,0,0,0,2,,1,50,50,0,0,0,2,200,100,100,50,400,100,1000,0,1950,1,,,,5,,7,,9,10,,12,,14,,16,,,,,21,,,24,,,,28,29,,,,,,1,5,1,1,3,15,90,30,200,70,0,0,1,1,1,2500,,,1,2,,,60,40,0,0,0,0,2,3,,2,,,3,2,3,6000,2,1,2,2,2,,3,2,,,,,,2,1,,,,,,,,,,10,,,13,,,,56.9322
12,1,2,1,4,4,2,1,2,,9900,0,9900,100,0,0,100,0,0,0,0,0,0,100,0,0,100,0,1500,20,1,2500,1000,3500,,,3500,,,0,,1,1000,,,0,,1,,,,100,0,0,0,0,0,0,,,,,,,100,0,0,0,2,,2,,,,,,,100,30,10,0,50,20,0,0,210,,2,3,,,,7,,9,,11,,,,,16,,,,,,,,24,,,27,28,,,,,,,,,2,2,,,50,20,,,0,0,,1,1,1000,,,1,2,,,70,30,0,0,0,0,2,3,,2,,,3,2,3,2000,2,2,2,2,2,,9,2,,,,,,1,1,,,,,,,,,,10,,,,,616,3,56.9322
12,1,2,1,4,4,2,1,2,,99000,0,99000,100,0,0,100,0,0,0,0,0,0,100,0,0,100,0,5000,25,1,5000,2000,6700,,,6500,,,0,,1,6500,,,0,,1,,,,100,0,0,0,0,0,0,,,,,,,100,0,0,0,2,,1,50,50,0,0,0,2,200,50,0,0,50,20,200,0,520,1,,3,,,,7,,9,10,11,,,,,16,,,,,21,,,,,,27,,,,,,,,5,5,1,1,1,20,60,25,,5,0,0,1,1,1,2000,,,1,2,,,70,30,0,0,0,0,2,3,,2,,,3,3,3,3000,2,1,2,2,2,,3,1,1,,,,,1,1,1,,,,,,,,,10,,,,,513,1,56.9322
12,1,2,1,4,4,2,6,1,2,6000,6000,0,100,0,100,0,0,100,0,100,0,0,0,0,0,0,0,600,20,1,3000,1800,4000,,,4000,,,0,,1,1800,,,0,,1,,,,0,20,0,0,0,80,0,100,0,0,0,0,0,100,0,0,0,2,,1,0,0,80,20,0,2,140,50,100,30,0,0,180,0,500,,,,,5,,7,,9,,,12,,14,,16,,,,,,,,24,,,,,,,,,,,4,,1,1,3,,60,40,150,,0,0,1,1,1,6000,,,1,,,,100,0,0,0,0,0,4,,2,2,,,3,3,3,3000,3,1,2,2,2,,3,2,,,,,,2,1,,,,,,,,,,,,,,9998,536,1,56.9322
12,1,2,1,4,5,2,1,1,4,64350,64350,0,100,0,0,100,0,100,0,0,100,0,0,0,0,0,0,2000,20,1,5716,2908,8000,,,8000,,,0,,1,2400,,,0,,1,,,,0,0,100,0,0,0,0,,,,,,,100,0,0,0,2,,1,0,0,100,0,0,1,100,100,10,30,0,15,0,0,255,1,,3,,5,6,7,,9,10,,,13,14,,16,,18,,,21,,,24,,,,28,,,,,,,,,1,1,,,200,200,,,0,0,,1,1,10000,,,1,2,,,100,0,0,0,0,0,3,,,2,,,3,3,3,5000,3,1,2,3,2,,9,2,,,,,,1,1,,,,,,,,,,,,,,9998,,,56.9322
12,1,2,1,5,1,2,1,2,,29700,0,29700,100,0,0,100,0,0,0,0,0,0,100,0,0,100,0,1500,20,1,2422.26,292.985,2000,,,2000,,,0,,1,600,,,0,,1,,,,80,0,0,0,0,20,0,0,0,0,100,0,0,100,0,0,0,2,,2,,,,,,,50,10,10,10,20,0,0,0,100,1,,3,,5,,7,,,,11,,,14,,16,,,,,21,,,,,,,,,,,,,,,,2,3,,,60,20,,,0,0,,1,1,2000,,,1,,,,30,70,0,0,0,0,3,,,2,,,3,2,3,1000,2,2,2,2,2,,9,2,,,,,,6,1,,,,,,,,,,10,,,,,,,56.9322
12,1,2,1,5,2,2,1,1,3,19800,19800,0,100,0,0,100,0,100,0,0,100,0,0,0,0,0,0,600,15,1,1087.406,0,3300,,,3300,,,0,,1,1000,,,0,,1,,,,0,0,0,0,100,0,0,,,,,,,100,0,0,0,2,,1,0,0,100,0,0,1,60,30,0,0,0,0,0,0,90,,,,,5,,,,9,10,,,,,,16,,,,,21,,,24,,,,,,,,,,,,,1,1,,,60,60,,,0,0,,1,1,4000,,,1,2,,,100,0,0,0,0,0,4,,2,2,,,3,3,1,1600,3,1,2,3,2,,4,2,,,,,,3,1,,,,,,,,,,,,,,9998,,,56.9322
12,1,2,1,5,2,2,1,2,,12000,0,12000,100,0,0,100,0,0,0,0,0,0,100,0,0,100,0,800,20,1,1500,600,1800,,,1800,,,0,,1,600,,,0,,1,,,,100,0,0,0,0,0,0,,,,,,,100,0,0,0,2,,2,,,,,,,100,40,5,10,20,5,0,0,180,1,2,,,,,7,,9,,11,,,,,16,,,,,,,,,,,,,,,,,,,,,3,3,,,200,200,,,0,0,,1,3,,,,1,2,,,100,0,0,0,0,0,3,,,2,,,2,2,3,800,3,2,2,2,2,,7,2,,,,,,6,1,,,,,,,,,,,,,,9998,,,56.9322
12,1,2,1,5,2,2,1,2,,9900,0,9900,100,0,0,100,0,0,0,0,0,0,100,0,0,100,0,320,17,1,1000,300,1200,,,1200,,,0,,1,300,,,0,,1,,,,100,0,0,0,0,0,0,,,,,,,100,0,0,0,2,,2,,,,,,,20,0,0,2,10,3,0,0,35,,2,,,,,,,,,,,,,,16,,,,,,,,,,,,,,,,,,,,,1,,,,30,,,,0,0,,1,3,,,,1,,,,100,0,0,0,0,0,3,,,2,,,3,3,3,800,3,2,2,3,2,,3,2,,,,,,3,2,,,,,,,,,,,,,,9998,,,56.9322
12,1,2,1,5,3,2,1,1,3,12000,12000,0,100,0,0,100,0,100,0,0,100,0,0,0,0,0,0,800,20,1,1500,700,2740,,,2740,,,0,,1,700,,,0,,1,,,,100,0,0,0,0,0,0,,,,,,,100,0,0,0,2,,2,,,,,,,112,80,10,20,0,10,0,0,232,1,,,,,,7,,,,11,,,,,16,,,,,21,,,,,,,,,,,,,,,,3,1,,,180,180,,,0,0,,1,3,,,,1,2,,,100,0,0,0,0,0,3,,,2,,,2,2,3,800,3,2,2,2,2,,3,2,,,,,,6,1,,,,,,,,,,,,,,9998,,,56.9322
12,1,2,1,5,3,2,1,1,3,44550,44550,0,100,0,0,100,0,100,0,0,100,0,0,0,0,0,0,1350,20,1,2400,2200,8800,,,8800,,,0,,1,2200,,,0,,1,,,,0,0,0,0,100,0,0,,,,,,,100,0,0,0,2,,1,0,0,100,0,0,1,200,60,0,10,0,50,1000,0,1320,1,2,3,,5,6,7,,9,10,,,,14,,16,,18,,,21,,23,24,,,27,,,,,,,,2,5,1,1,10,15,120,60,170,80,0,0,3,1,1,4000,,,1,2,,,100,0,0,0,0,0,4,,2,2,,,3,3,1,4000,3,1,2,3,2,,3,2,,,,,,2,1,,,,,,,,,,,,,,9998,,,56.9322
12,1,2,1,5,3,2,1,2,,18000,0,18000,100,0,0,100,0,0,0,0,0,0,100,0,0,100,0,1300,25,1,2000,900,3420,,,3420,,,0,,1,903,,,0,,1,,,,100,0,0,0,0,0,0,,,,,,,100,0,0,0,2,,2,,,,,,,132,25,5,20,120,5,0,0,307,1,2,,,,,7,,9,,11,,,,,16,,,,,21,,,24,,,,,,,,,,,,,2,2,,,200,200,,,0,0,,1,3,,,,1,2,,,90,10,0,0,0,0,3,,,2,,,2,2,3,1000,3,2,2,2,2,,3,2,,,,,,6,1,,,,,,,,,,,,,,9998,,,56.9322
12,1,2,1,5,3,2,1,2,,50000,0,50000,100,0,0,100,0,0,0,0,0,0,100,0,0,100,0,1700,20,1,3350,2360,9450,,,9450,,,0,,1,2360,,,0,,1,,,,100,0,0,0,0,0,0,,,,,,,100,0,0,0,2,,2,,,,,,,359,47,5,28,250,10,27,27,753,,,,,,,7,,9,,,,,14,,16,,,,,,,,,,,,,,,,,,,1,,2,2,30,,60,40,90,,0,0,1,1,3,,,,1,,,,80,20,0,0,0,0,3,,,2,,,1,3,1,3000,3,1,2,2,2,,8,2,,,,,,6,1,,,,,,,,,9,,,,,,,,56.9322
12,1,2,1,5,3,2,1,2,,7920,3300,4620,100,70.8333333333333,29.1666666666667,0,0,100,100,0,0,0,100,50,50,0,0,200,16,1,4910.633,1461.04,4000,,,4000,,,0,,1,1000,,,0,,1,,,,30,0,0,0,70,0,0,,,,,,,100,0,0,0,2,,1,0,0,100,0,0,1,35,0,0,3,50,0,0,0,88,1,2,,,5,,7,,9,,,,,,,16,,,,,21,,,24,,,,,,,,,,,,,1,1,,,60,30,,,0,0,,1,1,1000,,,1,,,,100,0,0,0,0,0,4,,4,2,,,3,3,1,1500,3,1,2,3,2,,4,2,,,,,,6,1,,,,,,,,,,,,,,9998,,,56.9322
12,1,2,1,5,3,2,2,1,2,33000,33000,0,100,0,0,100,0,100,0,0,100,0,0,0,0,0,0,430,15,1,4000,2000,5600,,,5600,,,0,,1,2000,,,0,,1,,,,0,0,0,0,0,100,0,100,0,0,0,0,0,100,0,0,0,2,,1,0,20,30,50,0,2,130,120,5,5,0,10,0,0,270,,,,,,,,,9,,,,13,,,16,,,,,21,,,,,,,,29,,,,,,,,1,1,,,30,30,,,0,0,,1,1,200,,,1,2,,,100,0,0,0,0,0,3,,,2,,,1,1,1,2500,3,2,2,2,2,,7,2,,,,,,1,2,,,,,,,,,,,,,,9998,536,1,56.9322
12,1,2,1,5,4,2,1,1,1,13200,13200,0,100,0,0,100,0,100,0,0,100,0,0,0,0,0,0,400,30,1,2797.8901,858.35,2700,,,2700,,,0,,1,800,,,0,,1,,,,100,0,0,0,0,0,0,,,,,,,100,0,0,0,2,,1,100,0,0,0,0,1,100,30,5,0,0,10,50,0,195,1,,3,,5,,7,,9,,11,,,,,16,,18,,,21,,,24,,,,,29,,,,,,,2,2,,,1,50,,,50,0,0,1,1,1,2000,,,1,,,,50,50,0,0,0,0,3,,,2,,,2,2,3,1500,3,2,2,2,2,,3,2,,,,,,6,1,,,,,,,,,,10,,,,,,,56.9322
12,1,2,1,5,4,2,1,1,1,14850,14850,0,100,0,30,70,0,100,0,30,70,0,0,0,0,0,0,500,20,1,2500,500,1700,,,1700,,,0,,1,500,,,0,,1,,,,100,0,0,0,0,0,0,,,,,,,100,0,0,0,2,,1,100,0,0,0,0,1,50,20,5,0,0,0,0,0,75,,,3,,,,7,,9,,,,,,,16,,,,,21,,,,,,27,,,,,,,,,,2,1,,,60,50,,,0,0,,1,1,1000,,,1,2,,,70,30,0,0,0,0,2,3,,2,,,3,1,3,800,2,1,2,2,2,,9,2,,,,,,1,1,,,,,,,,,,,,,,9998,,,56.9322
12,1,2,1,5,4,2,1,1,2,24750,24750,0,100,0,0,100,0,100,0,0,100,0,0,0,0,0,0,600,25,1,1800,1000,4000,,,4000,,,0,,1,1000,,,0,,1,,,,100,0,0,0,0,0,0,,,,,,,100,0,0,0,2,,2,,,,,,,50,30,0,5,0,0,450,0,535,,,,,5,,7,,,,,,,,,16,,,,,,,,,,,,,,,,,,,1,2,1,1,5,15,30,10,170,80,0,0,3,1,1,3000,,,1,2,,,100,0,0,0,0,0,3,,,3,,3,3,3,1,2000,3,2,2,3,2,,3,2,,,,,,2,1,,,,,,,,,,,,,,9998,,,56.9322
12,1,2,1,5,4,2,1,2,,39600,0,39600,100,0,0,100,0,0,0,0,0,0,100,0,0,100,0,1500,20,1,3500,2000,6700,,,6700,,,0,,1,2000,,,0,,1,,,,100,0,0,0,0,0,0,,,,,,,100,0,0,0,2,,1,50,50,0,0,0,2,200,100,10,10,150,0,90,0,560,1,2,,,,,7,,9,,,,,,,16,,,,,,,,24,,,,,,,,,,,,1,1,1,,15,60,20,,90,0,0,1,1,1,1000,,,1,2,,,50,50,0,0,0,0,3,,,2,,,3,3,3,2500,3,2,2,2,2,,3,2,,,,,,6,1,,,,,,,,,,10,,,,,,,56.9322
12,1,2,1,5,4,2,1,2,,59400,0,59400,100,0,0,100,0,0,0,0,0,0,100,0,0,100,0,1270,35,1,1800,1100,4565,,,4565,,,0,,1,1100,,,0,,1,,,,0,0,100,0,0,0,0,,,,,,,100,0,0,0,2,,2,,,,,,,55,46,13,115,100,10,25,0,364,,2,,,,,7,,9,10,,,13,,,16,,,,,21,,,,,,,28,,,,,,,1,,1,1,1,,150,40,115,130,0,0,1,1,1,2000,,,1,,,,100,0,0,0,0,0,4,,2,2,,,3,3,1,5000,3,2,2,1,2,,4,2,,,,,,6,2,,,,,,,,,,,,,,9998,536,1,56.9322
12,1,2,1,5,4,2,1,2,,9900,0,9900,100,0,0,100,0,0,0,0,0,0,100,0,0,100,0,250,20,1,2000,800,3200,,,3200,,,0,,1,800,,,0,,1,,,,100,0,0,0,0,0,0,,,,,,,100,0,0,0,2,,2,,,,,,,50,20,0,3,70,0,0,0,143,,,,,5,,7,,9,10,,,13,,,16,,,,,21,,,,,,,,,,,,,,,,1,1,,,60,30,,,0,0,,1,1,500,,,1,2,,,100,0,0,0,0,0,2,4,,2,,,2,2,3,1000,3,1,2,3,2,,3,2,,,,,,6,1,,,,,,,,,,,,,,9998,,,56.9322
12,1,2,1,5,5,2,1,1,1,19800,9900,9900,100,0,0,100,0,100,0,0,100,0,100,0,0,100,0,1600,20,1,5822.233,4051.51,5000,,,5000,,,100,,,5000,,,100,,,2,,,95,0,0,0,0,5,0,0,0,0,100,0,0,100,0,0,0,2,,1,50,50,0,0,0,2,60,20,10,10,40,0,0,0,140,1,,,,,,7,8,9,,,,,,,16,,,,,21,,,24,,,,,,,,,,,,,1,1,,,60,35,,,0,0,,1,1,1000,,,1,2,3,,50,50,0,0,0,0,3,,,2,,,3,3,2,2000,2,1,2,1,2,,4,2,,,,,,6,1,,,,,,,,,,10,,,,,,,56.9322
12,1,2,1,5,5,2,1,2,,19800,0,19800,100,0,0,100,0,0,0,0,0,0,100,0,0,100,0,500,20,1,1000,800,3200,,,3200,,,0,,1,800,,,0,,1,,,,100,0,0,0,0,0,0,,,,,,,100,0,0,0,2,,2,,,,,,,65,5,0,2,50,0,100,0,222,,,,,,,7,,9,,,,,,,16,,,,,21,,,,,,,,,,,,,,3,,1,1,2,,60,30,170,,0,0,1,1,1,1000,,,1,2,,,100,0,0,0,0,0,3,,,2,,,3,3,1,1600,3,1,2,2,2,,3,2,,,,,,6,1,,,,,,,,,,,,,,9998,,,56.9322
12,1,2,2,4,2,2,1,1,4,87120,87120,0,100,0,0,100,0,100,0,0,100,0,0,0,0,0,0,2000,15,1,2753.5595,2124.9825,11667,,,10000,,,700,,,3500,,,700,,,1,,,70,0,0,0,0,30,0,100,0,0,0,0,0,100,0,0,0,2,,1,0,0,100,0,0,1,150,100,5,15,0,50,450,0,770,,,3,,5,,7,,9,10,,,,14,,16,,,,,21,,,24,,,,28,,,,,,,2,1,1,1,10,15,120,60,150,100,0,0,1,1,1,3000,,,1,2,,,100,0,0,0,0,0,2,4,,2,,,2,2,1,5000,3,2,2,2,2,,4,2,,,,,,2,1,,,,,,,,,,,,,,9998,,,56.9322
12,1,2,2,5,3,2,1,1,2,6000,6000,0,100,0,0,100,0,100,0,0,100,0,0,0,0,0,0,800,20,1,1800,1400,4500,,,4500,,,0,,1,1400,,,0,,1,,,,100,0,0,0,0,0,0,,,,,,,100,0,0,0,2,,2,,,,,,,200,10,5,20,0,5,100,0,340,1,,3,,,,7,,9,,11,,13,14,,16,,,,,21,,,,,,27,,,,,,,,6,,3,4,1,,180,180,320,,0,0,2,1,3,,,,1,,,,100,0,0,0,0,0,3,,,2,,,2,2,3,1500,3,2,2,2,2,,7,2,,,,,,6,1,,,,,,,,,,,,,,9998,,,56.9322
12,1,3,1,2,1,3,1,2,,9900,0,9900,100,0,0,100,0,0,0,0,0,0,100,0,0,100,0,300,20,1,12166.8109,1152.3203,3400,,,3400,,,0,,1,850,,,0,,1,,,,100,0,0,0,0,0,0,,,,,,,100,0,0,0,2,,2,,,,,,,40,10,2,5,100,0,68,0,225,1,,3,,5,6,7,8,9,10,,,13,,,16,,,,,21,,,24,,,,,,,,,,,4,,1,1,1,,60,30,170,,0,0,1,1,1,3000,,,1,,,,100,0,0,0,0,0,3,,,2,,,3,3,3,1000,3,1,2,3,2,,1,2,,,,,,6,1,,,,,,,,,,,,,,9998,,,56.9322
12,1,3,1,2,1,3,6,1,2,19800,19800,0,100,0,0,100,0,100,0,0,100,0,0,0,0,0,0,100,40,1,3500,300,1000,,,1000,,,0,,1,300,,,0,,1,,,,100,0,0,0,0,0,0,,,,,,,100,0,0,0,2,,2,,,,,,,10,0,0,0,0,0,0,0,10,1,,,,,,7,,,,,,,,,16,,,,,21,,,,,,,28,,,,,,,,,2,3,,,20,20,,,0,0,,1,3,,,,1,,,,100,0,0,0,0,0,3,,,2,,,3,3,3,1000,3,2,2,2,2,,7,2,,,,,,2,2,,,,,,,,,,,,,,9998,556,1,56.9322
12,1,3,1,2,2,3,4,1,1,9900,9900,0,100,0,0,100,0,100,0,0,100,0,0,0,0,0,0,30,15,1,3500,40,100,,,0,,1,0,,1,40,,,0,,1,,,,,,,,,,,,,,,,,,,,,2,,2,,,,,,,8,0,0,0,0,0,0,0,8,1,2,,,,,7,,9,10,,,,,,16,,,,,21,,,,,,,,,,,,,,,,1,1,,,15,15,,,0,0,,1,3,,,,1,,,,100,0,0,0,0,0,3,,,2,,,3,3,3,200,3,2,2,2,2,,7,2,,,,,,10,1,,,,,,,,,,,,,,9998,,,56.9322
12,1,3,1,2,3,3,6,1,2,29700,29700,0,100,0,0,100,0,100,0,0,100,0,0,0,0,0,0,170,50,1,5000,100,300,,,300,,,0,,1,100,,,0,,1,,,,0,0,0,0,0,100,0,0,0,0,100,0,0,100,0,0,0,2,,2,,,,,,,10,10,0,5,0,0,0,0,25,1,,3,,,,7,,9,10,11,,13,14,,16,,,,,21,,,24,,,,,,,,,,,,,2,2,,,20,20,,,0,0,,1,1,200,,,1,,,,100,0,0,0,0,0,3,,,2,,,2,2,3,500,3,2,2,1,2,,5,2,,,,,,2,2,,,,,,,,,,,,,,9998,,,56.9322
12,1,3,1,3,2,3,4,1,2,13200,13200,0,100,0,0,100,0,100,0,0,100,0,0,0,0,0,0,300,20,1,3680,180,600,,,600,,,0,,1,180,,,0,,1,,,,0,0,0,0,0,100,0,0,0,0,100,0,0,100,0,0,0,2,,2,,,,,,,0,10,0,0,0,0,0,0,10,1,2,,,,,7,,9,10,,,13,,,16,,,,,21,,,24,,,,,,,,,,,,,10,11,,,7,7,,,0,0,,1,1,100,,,,2,,,100,0,0,0,0,0,4,,6,2,,,3,3,2,300,3,2,2,2,2,,7,2,,,,,,10,1,,,,,,,,,,,,,,9998,,,56.9322
12,1,3,1,3,2,3,4,2,,6600,6600,0,100,30,70,0,0,100,30,70,0,0,0,0,0,0,0,15,15,1,3500,300,100,,,100,,,0,,1,300,,,0,,1,,,,0,0,0,0,0,100,0,0,0,0,100,0,0,100,0,0,0,2,,2,,,,,,,50,20,0,5,0,0,0,0,75,1,,3,,,,7,,9,10,11,,,14,,16,,,,,,,,,,,,,,,,,,,,,2,2,,,25,25,,,0,0,,1,3,,,,1,,,,100,0,0,0,0,0,4,,2,2,,,3,3,1,500,3,2,2,2,2,,7,2,,,,,,6,2,,,,,,,,,,,,,,9998,,,56.9322
12,1,3,1,3,3,3,1,1,2,23100,23100,0,100,0,2,98,0,100,0,2,98,0,0,0,0,0,0,2000,20,1,4000,1000,2500,,,2500,,,0,,1,1000,,,0,,1,,,,5,0,0,0,0,95,0,0,0,0,100,0,0,100,0,0,0,2,,2,,,,,,,350,50,10,20,0,0,0,0,430,1,,,,,,,,9,10,,,,14,,16,,,,,21,,,24,,,,,,,,,,,,,5,3,,,28,28,,,0,0,,1,1,600,,,1,2,,,100,0,0,0,0,0,3,,,2,,,3,3,3,3000,3,1,2,1,2,,7,2,,,,,,6,2,,,,,,,,,,,,,,9998,551,1,56.9322
12,1,3,1,3,3,3,1,2,,528,528,0,100,0,100,0,0,100,0,100,0,0,0,0,0,0,0,30,25,1,2000,300,1000,,,1000,,,0,,1,300,,,0,,1,,,,0,0,0,0,0,100,0,0,80,0,20,0,0,100,0,0,0,2,,2,,,,,,,10,10,0,0,0,0,0,0,20,1,2,,,,,7,,9,10,,,,14,,16,,,,,21,,,24,,,,28,,,,,,,,,1,1,,,25,28,,,0,0,,1,1,50,,,1,,,,100,0,0,0,0,0,4,,6,2,,,3,3,4,500,3,2,2,2,2,,7,2,,,,,,5,2,,,,,,,,,,,,,,9998,561,1,56.9322
12,1,3,1,3,4,3,5,2,,19800,0,19800,100,0,0,100,0,0,0,0,0,0,100,0,0,100,0,1100,15,1,3000,950,3135,,,3135,,,0,,1,950,,,0,,1,,,,100,0,0,0,0,0,0,,,,,,,100,0,0,0,2,,2,,,,,,,30,30,20,25,30,30,0,0,165,,2,,,,,7,,9,10,,,,,,16,,,,,21,,,,,,,,,,,,,,,,1,1,,,60,30,,,0,0,,1,1,500,,,1,,,,100,0,0,0,0,0,4,,4,2,,,3,3,3,2000,3,2,2,2,2,,9,2,,,,,,6,2,,,,,,,,,,,,,,9998,536,1,56.9322
12,1,3,1,3,4,3,6,1,2,9900,9900,0,100,0,70,30,0,100,0,70,30,0,0,0,0,0,0,30,30,1,4000,100,120,,,120,,,0,,1,100,,,0,,1,,,,0,0,0,0,0,100,0,0,0,0,100,0,0,100,0,0,0,2,,2,,,,,,,60,0,0,0,0,0,0,0,60,1,2,,,,,7,,9,,,,,,,16,,,,,21,,,,,,,,,,,,,,,,1,1,,,25,25,,,0,0,,1,1,100,,,1,2,,,100,0,0,0,0,0,3,,,2,,,3,3,3,500,3,2,2,2,2,,3,2,,,,,,10,1,,,,,,,,,,,,,,9998,,,56.9322
12,1,3,1,4,2,3,1,1,1,3300,3300,0,100,0,0,100,0,100,0,0,100,0,0,0,0,0,0,150,10,1,5000,100,350,,,350,,,0,,1,100,,,0,,1,,,,0,0,0,0,100,0,0,,,,,,,100,0,0,0,2,,2,,,,,,,30,20,0,0,0,0,0,0,50,1,2,,,,,7,,9,10,,,,14,,16,,,,,21,,,24,,,,28,,,,,,,,,1,1,,,20,20,,,0,0,,1,1,200,,,1,2,,,100,0,0,0,0,0,3,,,2,,,3,3,2,500,3,2,2,2,2,,7,2,,,,,,10,2,,,,,,,,,,,,,,9998,561,1,56.9322
12,1,3,1,4,2,3,1,1,3,33000,33000,0,100,0,0,100,0,100,0,0,100,0,0,0,0,0,0,2000,17,1,2000,800,5000,,,5000,,,0,,1,800,,,0,,1,,,,0,0,95,0,0,5,0,0,0,0,100,0,0,100,0,0,0,2,,2,,,,,,,230,60,0,10,0,0,0,0,300,1,2,3,,,,7,,9,10,11,12,,14,,16,,,,,21,,,24,,,,,,,,,,,1,1,2,2,5,5,25,25,,,0,0,1,1,3,,,,1,2,,,100,0,0,0,0,0,4,,6,3,,3,3,3,3,2000,3,2,2,2,2,,3,2,,,,,,3,2,,,,,,,,,,10,,,,,556,1,56.9322
12,1,3,1,4,2,3,1,2,,49500,0,49500,100,0,0,100,0,0,0,0,0,0,100,0,0,100,0,900,8,1,6378.4018,1844.5044,4000,,,4000,,,0,,1,0,,1,0,,1,,,,50,50,0,0,0,0,0,,,,,,,100,0,0,0,2,,2,,,,,,,50,100,30,50,100,0,720,0,1050,1,2,3,,5,,7,,9,10,,,13,14,,16,,,,,21,,,24,,26,,28,,,,,,,2,2,1,,20,20,60,,100,80,0,0,1,1,1,3000,,,1,2,,,100,0,0,0,0,0,3,,,2,,,3,3,1,3000,3,1,2,3,2,,4,2,,,,,,6,1,,,,,,,,,,,,,,9998,,,56.9322
12,1,3,1,4,3,3,1,1,2,19800,12210,7590,100,0,0,100,0,100,0,0,100,0,100,0,0,100,0,300,15,1,2000,500,2000,,,2000,,,0,,1,500,,,0,,1,,,,100,0,0,0,0,0,0,,,,,,,100,0,0,0,2,,2,,,,,,,60,10,5,10,0,10,0,0,95,,,,,,,7,,,,,,13,,,16,,,,,21,,,,,,,,,,,,,,,,1,1,,,10,8,,,0,0,,1,3,,,,1,2,,,100,0,0,0,0,0,2,9997,,2,,,1,1,1,700,3,2,2,3,2,,7,2,,,,,,2,1,,,,,,,,,,,,,,9998,576,2,56.9322
12,1,3,1,4,3,3,1,1,2,24750,24750,0,100,0,0,100,0,100,0,0,100,0,0,0,0,0,0,700,20,1,2802.78,2300,3000,,,3000,,,0,,1,550,,,0,,1,,,,0,0,0,0,100,0,0,,,,,,,100,0,0,0,2,,2,,,,,,,25,30,0,10,0,0,0,0,65,,2,,,,,7,,9,,,,,,,16,,,,,,,,,,,,,,,,,,,,,1,1,,,60,20,,,0,0,,1,1,7500,,,1,2,,,100,0,0,0,0,0,4,,5,2,,,3,3,3,1500,3,2,2,2,2,,3,2,,,,,,6,1,,,,,,,,,,,,,,9998,,,56.9322
12,1,3,1,4,3,3,1,1,2,29700,29700,0,100,0,0,100,0,100,0,0,100,0,0,0,0,0,0,50,20,1,1200,150,500,,,500,,,0,,1,15000,,,0,,1,,,,10,0,0,0,0,90,0,0,0,0,100,0,0,100,0,0,0,2,,2,,,,,,,10,60,0,5,0,0,0,0,75,1,2,3,,,,7,8,9,10,11,,13,,,16,,,,,21,,,24,,,,,,,,,,,,,1,1,,,21,21,,,0,0,,1,3,,,,1,2,,,100,0,0,0,0,0,3,,,2,,,3,3,3,1000,3,1,1,2,2,,3,2,,,,,,2,2,,,,,,,,,,,,,,9998,,,56.9322
12,1,3,1,4,3,3,1,2,,3000,0,3000,100,0,0,100,0,0,0,0,0,0,100,0,0,100,0,200,20,1,2000,550,2080,,,2080,,,0,,1,550,,,0,,1,,,,50,0,0,0,0,50,0,50,0,0,50,0,0,100,0,0,0,2,,2,,,,,,,24,20,5,15,40,5,0,0,109,1,,3,,,,7,,9,,11,,13,,,16,,,,,21,,,24,,,,,,,,,,,,,2,1,,,180,180,,,0,0,,1,3,,,,1,2,,,100,0,0,0,0,0,3,,,2,,,2,2,1,600,3,2,2,2,2,,3,2,,,,,,6,1,,,,,,,,,,,,,,9998,,,56.9322
12,1,3,1,4,3,3,1,2,,70000,0,70000,100,0,0,100,0,0,0,0,0,0,100,0,0,100,0,2400,17,1,7000,3420,13300,,,13300,,,0,,1,3420,,,0,,1,,,,100,0,0,0,0,0,0,,,,,,,100,0,0,0,2,,2,,,,,,,63,43,5,38,470,10,1868,25,2522,1,,,,,,7,,9,10,,,,14,,16,,,,,21,,,,,,27,,,,,,,,30,130,2,1,1,1,92,42,115,85,0,0,3,1,1,2300,,,1,,,,60,40,0,0,0,0,3,,,2,,,2,3,1,10000,3,1,2,2,1,3,7,2,,,,,,2,1,,,,,,,,,9,,,,,,,,56.9322
12,1,3,1,4,3,3,1,2,,9900,0,9900,100,0,0,100,0,0,0,0,0,0,100,0,0,100,0,300,15,1,1962.94,729.95,1200,,,1200,,,0,,1,300,,,0,,1,,,,100,0,0,0,0,0,0,,,,,,,100,0,0,0,2,,1,0,0,100,0,0,1,40,25,0,5,100,0,0,0,170,,2,3,4,5,,7,,9,10,,,13,,,16,,18,,,21,,,24,,,,28,,,,,,,,,1,1,,,60,30,,,0,0,,1,1,3000,,,1,2,,,100,0,0,0,0,0,3,,,2,,,2,2,1,1000,1,1,2,3,2,,4,2,,,,,,6,1,,,,,,,,,,,,,,9998,,,56.9322
12,1,3,1,4,3,3,3,2,,19834,0,19834,100,0,0,100,0,0,0,0,0,0,100,0,0,100,0,800,15,1,1720,1300,8000,,,8000,,,0,,1,1600,,,0,,1,,,,100,0,0,0,0,0,0,,,,,,,100,0,0,0,2,,2,,,,,,,180,50,0,20,30,0,0,0,280,,,,,,,7,,9,,,,,14,,16,,,,20,,,,24,,,,,,,,,,,,,1,1,,,70,70,,,0,0,,1,1,6000,,,1,2,,,100,0,0,0,0,0,4,,2,3,,3,2,2,3,3000,2,1,2,2,2,,3,2,,,,,,6,2,,,,,,,,,,,,,,9998,561,1,56.9322
12,1,3,1,4,4,3,1,1,1,14850,14850,0,100,0,0,100,0,100,0,0,100,0,0,0,0,0,0,500,20,1,4500,560,1711,,,1711,,,0,,1,560,,,0,,1,,,,100,0,0,0,0,0,0,,,,,,,100,0,0,0,2,,2,,,,,,,15,0,10,43,0,0,105,0,173,,,,,,,7,,,10,,,13,,,16,,,,,21,,,,,,,,,,,,,,1,,1,1,7,,60,30,150,,0,0,1,1,1,800,,,1,,,,100,0,0,0,0,0,3,,,2,,,3,3,1,1500,3,2,2,2,2,,4,2,,,,,,6,2,,,,,,,,,,,,,,9998,,,56.9322
12,1,3,1,4,4,3,1,1,1,24750,4950,19800,100,0,0,100,0,100,0,0,100,0,100,0,0,100,0,1300,14,1,1420,1220,3242,,,3242,,,0,,1,920,,,0,,1,,,,100,0,0,0,0,0,0,,,,,,,100,0,0,0,2,,2,,,,,,,50,16,13,84,30,20,0,0,213,,2,,,,,7,,9,10,,,13,,,16,,,,,21,,,24,,,,,,,,,,,,,1,1,,,90,30,,,0,0,,1,1,3000,,,1,,,,100,0,0,0,0,0,4,,5,2,,,3,3,3,2500,3,2,2,2,2,,3,2,,,,,,6,1,,,,,,,,,,,,,,9998,561,1,56.9322
12,1,3,1,4,4,3,1,1,1,37000,37000,0,100,0,0,100,0,100,0,0,100,0,0,0,0,0,0,2200,7,1,9000,1180,4500,,,4500,,,0,,1,1180,,,0,,1,,,,100,0,0,0,0,0,0,,,,,,,100,0,0,0,2,,2,,,,,,,287,43,50,53,0,5,469,16,923,,2,3,,,,7,,9,,,12,,14,,16,,18,,,21,,23,24,,,27,,,,,,,,28,1,1,1,1,37,40,5,170,100,0,0,2,1,1,1500,,,1,,,,90,10,0,0,0,0,3,,,3,,3,3,3,1,2000,1,2,2,2,2,,7,2,,,,,,2,1,,,,,,,,,9,,,,,,542,1,56.9322
12,1,3,1,4,4,3,1,1,1,4500,0,4500,100,0,0,100,0,0,0,0,0,0,100,0,0,100,0,300,15,1,5852.9126,573.981,2000,,,2000,,,0,,1,400,,,0,,1,,,,100,0,0,0,0,0,0,,,,,,,100,0,0,0,2,,2,,,,,,,40,5,0,2,10,0,0,0,57,,2,,,,,7,,,,,,,14,,16,,,,,,,,,,,,,,,,,,,,,1,1,,,60,30,,,0,0,,1,3,,,,1,,,,100,0,0,0,0,0,4,,2,2,,,1,1,1,1000,3,2,2,2,2,,3,2,,,,,,2,1,,,,,,,,,,,,,,9998,513,1,56.9322
12,1,3,1,4,4,3,1,1,1,900,900,0,100,0,0,100,0,100,0,0,100,0,0,0,0,0,0,300,15,1,3919.7599,1514.1814,200,,,2000,,,0,,1,500,,,0,,1,,,,100,0,0,0,0,0,0,,,,,,,100,0,0,0,2,,2,,,,,,,70,50,0,5,0,0,0,0,125,1,2,3,,,,7,,9,10,,,13,,,16,,,,,21,,,24,,,,28,,,,,,,,,1,1,,,60,30,,,0,0,,1,1,1000,,,1,2,,,100,0,0,0,0,0,3,,,2,,,2,2,3,800,3,2,2,2,2,,4,2,,,,,,3,1,,,,,,,,,,,,,,9998,,,56.9322
12,1,3,1,4,4,3,1,1,2,19800,19800,0,100,0,0,100,0,100,0,0,100,0,0,0,0,0,0,1080,16,1,11020.3985,3541.5,2249,,,2249,,,0,,1,600,,,0,,1,,,,100,0,0,0,0,0,0,,,,,,,100,0,0,0,2,,2,,,,,,,5,5,16,32,0,30,0,0,88,,,,,,,7,,9,10,,,,14,,16,,,,,21,,,,,,,28,,,,,,,,,1,1,,,60,30,,,0,0,,1,1,2000,,,1,,,,100,0,0,0,0,0,3,,,2,,,3,3,1,2000,3,2,2,2,2,,7,2,,,,,,6,1,,,,,,,,,,,,,,9998,,,56.9322
12,1,3,1,4,4,3,1,2,,1320,1320,0,100,0,100,0,0,100,0,100,0,0,0,0,0,0,0,20,35,1,3500,50,100,,,100,,,0,,1,50,,,0,,1,,,,100,0,0,0,0,0,0,,,,,,,100,0,0,0,2,,2,,,,,,,2,0,0,0,0,0,0,0,2,1,2,,,,,7,,9,10,11,,13,,15,16,,,,20,,,,24,,,,28,,,,,,,,,1,1,,,20,20,,,0,0,,1,3,,,,1,,,,100,0,0,0,0,0,3,,,2,,,3,3,3,200,3,1,1,2,2,,7,2,,,,,,10,1,,,,,,,,,,,,,,9998,,,56.9322
12,1,3,1,4,4,3,1,2,,19800,0,19800,100,0,0,100,0,0,0,0,0,0,100,0,0,100,0,600,20,1,3500,1350,5423,,,5400,,,0,,1,1350,,,0,,1,,,,0,0,100,0,0,0,0,,,,,,,100,0,0,0,2,,1,0,0,100,0,0,1,60,30,0,12,40,0,500,0,642,,,3,,5,,,,9,10,,12,13,,,16,,,,,21,,,24,,,,28,,,,,,,2,5,2,1,3,10,120,120,170,80,0,0,3,1,1,3000,,,1,2,,,100,0,0,0,0,0,3,,,2,,,3,3,3,3000,3,1,2,3,2,,4,1,1,,,,,3,1,,,,,,,,,,,,,,9998,,,56.9322
12,1,3,1,4,4,3,1,2,,53000,0,53000,100,0,0,100,0,0,0,0,0,0,100,0,0,100,0,1000,20,1,10000,970,3300,,,3300,,,0,,1,970,,,0,,1,,,,50,0,50,0,0,0,0,,,,,,,100,0,0,0,2,,2,,,,,,,0,52,3,41,300,10,609,21,1036,,2,,,,,7,,9,10,,,,14,,16,,,,,,,23,,,,,28,,,,,,,1,1,1,,46,15,45,,120,100,0,0,2,1,1,1000,,,1,,,,70,30,0,0,0,0,3,,,3,,3,3,3,1,5000,3,2,2,2,2,,9,2,,,,,,3,2,,,,,,,,,9,,,,,,542,1,56.9322
12,1,3,1,4,4,3,1,2,,74250,0,74250,100,0,0,100,0,0,0,0,0,0,100,0,0,100,0,2250,22,1,11623.0285,5557.702,9500,,,9500,,,0,,1,2375,,,0,,1,,,,60,0,0,0,35,5,0,100,0,0,0,0,0,100,0,0,0,2,,1,0,0,100,0,0,1,200,100,5,10,200,10,1500,0,2025,1,2,3,,5,6,7,,9,10,,,13,14,,16,,18,,,21,,,24,,,27,,,,,,,,2,5,1,1,15,30,90,60,120,80,0,0,3,1,1,2000,,,1,2,,,100,0,0,0,0,0,3,,,2,,,3,3,1,6000,3,1,2,3,2,,4,2,,,,,,2,1,,,,,,,,,,,,,,9998,,,56.9322
12,1,3,1,4,4,3,1,2,,7500,0,7500,100,0,0,100,0,0,0,0,0,0,100,0,0,100,0,1000,20,1,3000,1100,3600,,,3600,,,0,,1,1050,,,0,,1,,,,100,0,0,0,0,0,0,,,,,,,100,0,0,0,2,,2,,,,,,,80,25,5,30,30,5,0,0,175,1,2,,,,,7,,9,,,,,,,16,,,,,21,,,24,,,,,,,,,,,,,2,2,,,200,200,,,0,0,,1,3,,,,1,2,,,100,0,0,0,0,0,3,,,2,,,2,2,3,1000,3,2,2,2,2,,7,2,,,,,,3,2,,,,,,,,,,,,,,9998,,,56.9322
12,1,3,1,4,4,3,3,1,1,9917,9917,0,100,0,0,100,0,100,0,0,100,0,0,0,0,0,0,300,30,1,7000,700,4000,,,4000,,,0,,1,700,,,0,,1,,,,100,0,0,0,0,0,0,,,,,,,100,0,0,0,2,,2,,,,,,,70,80,0,10,0,0,0,0,160,,,,,,,7,,9,,,,13,,,16,,,,,,,,,,,,,,,,,,,,,1,1,,,60,60,,,0,0,,1,1,3000,,,1,2,,,100,0,0,0,0,0,5,,2,2,,,3,3,1,1500,3,2,2,2,2,,3,2,,,,,,2,1,,,,,,,,,,,,,,9998,,,56.9322
12,1,3,1,4,4,3,5,1,2,6600,6600,0,100,0,0,100,0,100,0,0,100,0,0,0,0,0,0,800,20,1,5000,2500,1000,,,1000,,,0,,1,300,,,0,,1,,,,90,0,0,0,0,10,0,0,0,0,100,0,0,100,0,0,0,2,,2,,,,,,,20,10,5,0,0,0,0,0,35,1,2,3,,5,,7,,9,,11,,,,15,16,,,,,21,,,,,,,28,,,,,,,,,1,1,,,30,10,,,0,0,,1,1,1000,,,1,2,,,50,50,0,0,0,0,2,3,,2,,,2,1,3,1000,2,1,2,2,2,,3,2,,,,,,2,1,,,,,,,,,,10,,,,,,,56.9322
12,1,3,1,4,5,3,1,1,1,9900,9900,0,100,0,0,100,0,100,0,0,100,0,0,0,0,0,0,410,26,1,1873,673,2052,,,2052,,,0,,1,673,,,0,,1,,,,100,0,0,0,0,0,0,,,,,,,100,0,0,0,2,,2,,,,,,,21,7,0,7,58,0,0,0,93,,2,,,,,7,,9,10,,,,,,16,,,,,21,,,,,,,,,,,,,,,,1,1,,,90,30,,,0,0,,1,1,200,,,1,,,,100,0,0,0,0,0,3,,,2,,,3,3,1,1200,3,2,2,2,2,,4,2,,,,,,2,1,,,,,,,,,,10,,,,,,,56.9322
12,1,3,1,4,5,3,1,1,2,26400,19800,6600,100,0,0,100,0,100,0,0,100,0,100,0,0,100,0,1200,15,1,14360.5711,3342.603,8400,,,8400,,,0,,1,2100,,,0,,1,,,,100,0,0,0,0,0,0,,,,,,,100,0,0,0,2,,2,,,,,,,120,80,0,5,30,0,0,0,235,,,,,5,,7,,9,10,,,,,,16,,18,,,,,,24,,,,,,,,,,,,,1,1,,,90,60,,,0,0,,1,1,8000,,,1,2,,,100,0,0,0,0,0,2,1,,2,,,3,3,1,3000,3,1,2,3,2,,1,2,,,,,,6,1,,,,,,,,,,,,,,9998,,,56.9322
12,1,3,1,4,5,3,1,2,,9900,0,9900,100,0,0,100,0,0,0,0,0,0,100,0,0,100,0,300,5,1,10000,640,800,,,800,,,0,,1,640,,,0,,1,,,,0,0,0,0,0,100,0,100,0,0,0,0,0,100,0,0,0,2,,2,,,,,,,0,6,0,17,30,30,0,0,83,,2,,,,6,7,,9,,11,12,13,14,,16,,,,,,,,,,,,28,,,,,,,,,1,1,,,30,25,,,0,0,,1,1,2500,,,1,,,,100,0,0,0,0,0,4,,2,2,,,2,2,1,1000,3,2,2,2,2,,7,2,,,,,,6,2,,,,,,,,,,,,,,9998,,,56.9322
12,1,3,1,4,5,3,3,2,,3300,0,3300,100,0,100,0,0,0,0,0,0,0,100,0,100,0,0,200,10,1,6576.8489,293.928,2500,,,2500,,,0,,1,150,,,0,,1,,,,100,0,0,0,0,0,0,,,,,,,100,0,0,0,2,,2,,,,,,,30,20,0,0,0,0,0,0,50,,,,,,,7,,,,,,,,,16,,,,,21,,,,,,,,,,,,,,,,1,1,,,50,20,,,0,0,,1,1,1000,,,1,2,,,100,0,0,0,0,0,5,,2,2,,,3,3,1,500,3,2,2,2,2,,3,2,,,,,,2,2,,,,,,,,,,,,,,9998,,,56.9322
12,1,3,1,4,5,3,6,1,2,9900,9900,0,100,0,0,100,0,100,0,0,100,0,0,0,0,0,0,1620,13,1,1600,1200,5184,,,5184,,,0,,1,1200,,,0,,1,,,,100,0,0,0,0,0,0,,,,,,,100,0,0,0,2,,2,,,,,,,0,100,14,60,70,0,400,0,644,,,,,,,7,,9,10,,,13,,,16,,,,,21,,,,,,,,,,,,,,10,,1,1,10,,70,40,,,0,0,1,1,1,1300,,,1,2,,,99,1,0,0,0,0,3,,,2,,,3,3,1,3600,3,1,2,2,2,,3,2,,,,,,6,1,,,,,,,,,,10,,,,,536,1,56.9322
12,1,3,1,5,1,3,1,1,1,9900,9900,0,100,0,0,100,0,100,0,0,100,0,0,0,0,0,0,470,6,1,5712.6392,1848.46,200,,,200,,,0,,1,80,,,0,,1,,,,0,0,0,0,0,100,0,0,0,0,100,0,0,100,0,0,0,2,,2,,,,,,,43,91,0,16,0,10,0,0,160,1,2,3,,,,7,,9,10,11,,13,,,16,,,,,21,,,,,,,,,,,,,,,,1,1,,,40,10,,,0,0,,1,3,,,,1,2,,,100,0,0,0,0,0,3,,,2,,,1,1,1,1000,3,2,2,2,2,,7,2,,,,,,3,2,,,,,,,,,,,,,,9998,,,56.9322
12,1,3,1,5,1,3,1,2,,16000,0,16000,100,0,0,100,0,0,0,0,0,0,100,0,0,100,0,300,20,1,2000,850,2900,,,2900,,,0,,1,850,,,0,,1,,,,60,40,0,0,0,0,0,,,,,,,100,0,0,0,2,,2,,,,,,,77,3,3,19,180,5,120,1616,2023,,2,,,,,7,,9,,,,,,,16,,18,,,,,,,,,,,,,,,,,1,,1,1,6,,60,30,200,,0,0,3,1,1,2000,,,1,,,,50,50,0,0,0,0,4,,6,2,,,2,2,2,1000,3,1,2,2,2,,7,2,,,,,,2,2,,,,,,,,,9,,,,,,751,6,56.9322
12,1,3,1,5,1,3,1,2,,1650,1650,0,100,0,100,0,0,100,0,100,0,0,0,0,0,0,0,900,5,1,1200,100,100,,,100,,,0,,1,100,,,0,,1,,,,0,0,0,0,0,100,0,0,0,0,100,0,0,100,0,0,0,2,,2,,,,,,,10,10,0,10,0,0,0,0,30,1,2,,,,,7,,9,10,,,,,,16,,,,,,,,,,,,,,,,,,,,,1,1,,,25,15,,,0,0,,1,3,,,,1,2,,,100,0,0,0,0,0,3,,,2,,,2,3,3,500,3,2,2,2,2,,7,2,,,,,,6,2,,,,,,,,,,,,,,9998,,,56.9322
12,1,3,1,5,2,3,1,1,1,13860,13860,0,100,0,0,100,0,100,0,0,100,0,0,0,0,0,0,390,15,1,5639.155,2333.01,2000,,,2000,,,0,,1,600,,,0,,1,,,,100,0,0,0,0,0,0,,,,,,,100,0,0,0,2,,2,,,,,,,66,0,0,0,0,0,0,0,66,,,,,,,7,,,,,,13,,,16,,,,,21,,,24,,,,,,,,,,,,,1,1,,,60,30,,,0,0,,1,1,70,,,1,,,,100,0,0,0,0,0,4,,5,2,,,3,3,3,1000,3,2,2,3,2,,4,1,1,,,,,2,1,,,,,,,,,,,,,,9998,,,56.9322
12,1,3,1,5,2,3,1,1,1,7590,7590,0,100,0,100,0,0,100,0,100,0,0,0,0,0,0,0,100,10,1,1000,50,100,,,100,,,0,,1,50,,,0,,1,,,,0,0,0,0,0,100,0,0,0,0,100,0,0,100,0,0,0,2,,2,,,,,,,0,0,0,5,0,0,0,0,5,1,2,3,,,,7,,9,,,,,,,16,,,,,,,,24,,,,,,,,,,,,,1,1,,,20,20,,,0,0,,1,1,500,,,1,,,,100,0,0,0,0,0,3,,,2,,,2,2,1,200,3,2,2,1,2,,3,2,,,,,,2,2,,,,,,,,,,,,,,9998,561,1,56.9322
12,1,3,1,5,2,3,1,1,2,20000,20000,0,100,0,0,100,0,100,0,0,100,0,0,0,0,0,0,800,18,1,4000,220,830,,,830,,,0,,1,220,,,0,,1,,,,100,0,0,0,0,0,0,,,,,,,100,0,0,0,2,,2,,,,,,,99,6,3,8,60,2,92,8,278,,2,,,,,7,,,10,,,,,,16,,,,,,,,,,,,,,,,,,,5,,1,1,1,,40,10,180,,0,0,3,1,1,2000,,,1,,,,50,50,0,0,0,0,3,,,2,,,2,2,3,1000,3,2,2,2,2,,4,2,,,,,,2,1,,,,,,,,,9,,,,,,,,56.9322
12,1,3,1,5,2,3,1,2,,1650,0,1650,100,0,0,100,0,0,0,0,0,0,100,0,0,100,0,30,15,1,1500,60,200,,,200,,,0,,1,60,,,0,,1,,,,0,0,0,0,100,0,0,,,,,,,100,0,0,0,2,,2,,,,,,,0,3,0,0,0,0,0,0,3,1,2,,,,,7,,9,10,,,,,15,16,,,,,21,,,24,,,,,,,,,,,,,1,1,,,20,20,,,0,0,,1,3,,,,1,2,,,100,0,0,0,0,0,3,,,2,,,3,3,3,500,3,2,2,2,2,,7,2,,,,,,10,2,,,,,,,,,,,,,,9998,,,56.9322
12,1,3,1,5,2,3,1,2,,9900,0,9900,100,0,0,100,0,0,0,0,0,0,100,0,0,100,0,1500,20,1,5000,1000,3500,,,3500,,,0,,1,3500,,,0,,1,,,,100,0,0,0,0,0,0,,,,,,,100,0,0,0,2,,1,100,0,0,0,0,1,50,50,10,0,0,10,0,0,120,1,,3,4,,,7,,9,10,11,,,14,,16,,,,,21,,,24,,,27,28,29,,,,,,,,3,1,,,500,30,,,0,0,,1,1,5000,,,1,2,,,70,30,0,0,0,0,3,,,2,,,3,2,3,2000,2,2,2,2,2,,3,2,,,,,,1,1,1,,,,,,,,,10,,,,,,,56.9322
12,1,3,1,5,3,3,1,1,1,10000,10000,0,100,0,0,100,0,100,0,0,100,0,0,0,0,0,0,70,20,1,1000,60,200,,,200,,,0,,1,60,,,0,,1,,,,100,0,0,0,0,0,0,,,,,,,100,0,0,0,2,,2,,,,,,,0,0,0,0,0,0,0,0,0,,2,,,,,7,,9,10,,,,,,16,,,,,,,,24,,,,,,,,,,,,,4,1,,,7,7,,,0,0,,1,3,,,,,,3,,100,0,0,0,0,0,3,,,2,,,3,3,1,300,3,2,2,2,2,,7,2,,,,,,10,2,,,,,,,,,,,,,,9998,561,1,56.9322
12,1,3,1,5,3,3,1,1,3,32800,32800,0,100,0,0,100,0,100,0,0,100,0,0,0,0,0,0,1750,15,1,2000,750,2500,,,2500,,,0,,1,750,,,0,,1,,,,100,0,0,0,0,0,0,,,,,,,100,0,0,0,2,,2,,,,,,,0,5,3,25,0,5,0,27,65,,,,,,,7,,9,,,12,,14,,16,,,,,,,,,,,,,,,,,,,,,1,1,,,601,30,,,0,0,,1,3,,,,1,,,,100,0,0,0,0,0,3,,,2,,,3,3,1,2000,3,2,2,2,2,,1,2,,,,,,2,1,,,,,,,,,9,,,,,,,,56.9322
12,1,3,1,5,3,3,1,2,,9917,0,9917,100,0,0,100,0,0,0,0,0,0,100,0,0,100,0,350,20,1,2000,380,650,,,650,,,0,,1,380,,,0,,1,,,,0,0,0,0,0,100,0,100,0,0,0,0,0,100,0,0,0,2,,1,0,10,70,20,0,2,100,15,10,10,0,5,0,0,140,,2,,,,,,,9,,,,13,,,16,,,,,21,,,,,,,,,,,,,,,,1,1,,,30,25,,,0,0,,1,1,300,,,1,2,,,100,0,0,0,0,0,3,,,2,,,2,2,2,400,3,2,2,2,2,,7,2,,,,,,1,1,,,,,,,,,,,,,,9998,553,1,56.9322
12,1,3,1,5,4,3,1,1,1,9900,9900,0,100,0,0,100,0,100,0,0,100,0,0,0,0,0,0,250,20,1,1500,500,2000,,,2000,,,0,,1,500,,,0,,1,,,,100,0,0,0,0,0,0,,,,,,,100,0,0,0,2,,2,,,,,,,40,20,0,3,0,0,0,0,63,,,,,,,7,,9,,,,,,,16,,,,,21,,,24,,,,,,,,,,,,,1,1,,,60,30,,,0,0,,1,1,1000,,,1,2,,,100,0,0,0,0,0,3,,,3,,3,2,2,1,1000,3,2,2,3,2,,3,2,,,,,,6,1,,,,,,,,,,,,,,9998,,,56.9322
12,1,3,1,5,4,3,1,1,2,11700,2700,9000,100,0,8.76923076923077,91.2307692307692,0,100,0,38,62,0,100,0,0,100,0,150,30,1,2000,900,3000,,,3000,,,0,,1,900,,,0,,1,,,,50,0,0,0,0,50,0,0,0,0,100,0,0,100,0,0,0,2,,2,,,,,,,100,200,0,0,0,0,0,0,300,,2,,,,,7,,9,10,,,,,,16,,,,,21,,,24,,,,,,,,,,,,,1,1,,,25,25,,,0,0,,1,1,100,,,1,2,,,100,0,0,0,0,0,4,,6,2,,,3,3,1,1500,3,2,2,2,2,,7,2,,,,,,10,1,,,,,,,,,,,,,,9998,531,1,56.9322
12,1,3,1,5,4,3,1,1,2,29700,19800,9900,100,0,0,100,0,100,0,0,100,0,100,0,0,100,0,750,15,1,3000,1500,6000,,,6000,,,0,,1,1500,,,0,,1,,,,20,0,0,0,80,0,0,,,,,,,100,0,0,0,2,,2,,,,,,,50,6,0,5,30,0,120,0,211,1,2,3,,5,,7,,9,10,,,,14,,,,,,,21,,,24,,,27,28,,,,,,,,1,1,1,,15,90,60,,,0,0,3,1,1,2000,,,1,2,,,100,0,0,0,0,0,3,,,2,,,3,3,1,3000,3,1,2,3,2,,1,2,,,,,,2,1,,,,,,,,,,,,,,9998,,,56.9322
12,1,3,1,5,4,3,1,1,3,49500,49500,0,100,0,0,100,0,100,0,0,100,0,0,0,0,0,0,1050,22,1,3200,1000,2795,,,2795,,,0,,1,1000,,,0,,1,,,,100,0,0,0,0,0,0,,,,,,,100,0,0,0,2,,2,,,,,,,0,64,38,26,0,10,34,0,172,,2,,,,,7,,9,10,,,13,,,16,,,,,21,,,,,,,,,,,,,,1,,1,1,3,,90,45,113,,0,0,1,1,1,1000,,,1,,,,99,1,0,0,0,0,3,,,2,,,3,3,1,4000,3,2,2,2,2,,3,2,,,,,,6,1,,,,,,,,,,,,,,9998,,,56.9322
12,1,3,1,5,4,3,1,1,4,30000,30000,0,100,0,30,70,0,100,0,30,70,0,0,0,0,0,0,5000,30,1,1500,500,1600,,,1600,,,0,,1,500,,,0,,1,,,,0,0,0,0,0,100,0,0,0,0,100,0,0,100,0,0,0,2,,2,,,,,,,5,20,5,5,0,0,0,0,35,,2,,,,,,,,,,,,,,,,,,,,,,,,,,,,,,,,,,,1,1,,,,,,,0,0,,1,3,,,,1,,,,100,0,0,0,0,0,3,,,2,,,3,3,3,500,3,2,2,2,2,,8,2,,,,,,10,1,1,2,,,,,,,,,,,,,,,56.9322
12,1,3,1,5,4,3,1,2,,18150,1650,16500,100,0,9.09090909090909,90.9090909090909,0,100,0,100,0,0,100,0,0,100,0,300,35,1,2000,500,1600,,,1600,,,0,,1,500,,,0,,1,,,,10,0,0,0,0,90,0,0,0,0,100,0,0,100,0,0,0,2,,2,,,,,,,0,0,0,10,0,0,60,0,70,1,,,,,,7,,9,10,,,,,15,16,,,,,21,,,24,,,,,29,,,,,,2,,1,1,2,,30,25,150,,0,0,1,1,3,,,,1,,,,100,0,0,0,0,0,4,,7,2,,,2,3,2,1000,3,2,2,1,2,,7,2,,,,,,6,1,,,,,,,,,,10,,,,,,,56.9322
12,1,3,1,5,4,3,1,2,,9900,0,9900,100,0,0,100,0,0,0,0,0,0,100,0,0,100,0,600,25,1,3000,1000,4000,,,4000,,,0,,1,1000,,,0,,1,,,,100,0,0,0,0,0,0,,,,,,,100,0,0,0,2,,2,,,,,,,45,15,0,5,200,0,0,0,265,1,,3,,5,,7,,9,10,,,,14,,16,,,,,21,,,24,,,,28,,,,,,,,,1,1,,,120,60,,,0,0,,1,1,1000,,,1,2,,,100,0,0,0,0,0,3,,,2,,,3,3,1,2000,3,1,2,3,2,,4,2,,,,,,3,1,,,,,,,,,,,,,,9998,,,56.9322
12,1,3,1,5,4,3,1,2,,9900,9900,0,100,100,0,0,0,100,100,0,0,0,0,0,0,0,0,300,25,1,5503.9601,568.45,670,,,670,,,0,,1,200,,,0,,1,,,,100,0,0,0,0,0,0,,,,,,,100,0,0,0,2,,2,,,,,,,10,5,0,2,0,0,0,0,17,,,,,5,,7,,9,10,,,,,,16,,,,,21,,,24,,,,,,,,,,,,,1,1,,,30,30,,,0,0,,1,1,200,,,1,2,,,100,0,0,0,0,0,3,,,2,,,2,2,1,300,3,1,2,3,2,,4,2,,,,,,2,1,,,,,,,,,,,,,,9998,,,56.9322
12,1,3,1,5,5,3,1,1,1,15000,15000,0,100,0,0,100,0,100,0,0,100,0,0,0,0,0,0,200,25,1,2000,700,2600,,,2600,,,0,,1,700,,,0,,1,,,,90,5,5,0,0,0,0,,,,,,,100,0,0,0,2,,2,,,,,,,64,24,5,7,0,3,0,9,112,,2,3,,,,7,,9,10,,,,,,16,,,,,21,,,,,,,,,,,,,,,,1,1,,,45,30,,,0,0,,1,1,300,,,1,,,,100,0,0,0,0,0,3,,,2,,,3,2,1,1000,3,1,2,2,2,,9,2,,,,,,2,1,,,,,,,,,9,,,,,,,,56.9322
12,1,3,1,5,5,3,1,1,2,14850,14850,0,100,0,0,100,0,100,0,0,100,0,0,0,0,0,0,200,80,1,1500,50,100,,,100,,,0,,1,50,,,0,,1,,,,100,0,0,0,0,0,0,,,,,,,100,0,0,0,2,,2,,,,,,,0,0,0,0,0,0,0,0,0,1,,,,,,7,,9,10,,,,,,16,,,,,21,,,24,,,,,,,,,,,,,2,2,,,15,15,,,0,0,,1,3,,,,1,,,,100,0,0,0,0,0,3,,,2,,,3,3,3,500,3,2,2,2,2,,7,2,,,,,,2,2,,,,,,,,,,,,,,9998,,,56.9322
12,1,3,1,5,5,3,1,1,2,19800,19800,0,100,0,0,100,0,100,0,0,100,0,0,0,0,0,0,72,24,1,1000,400,1625,,,1625,,,0,,1,400,,,0,,1,,,,0,0,100,0,0,0,0,,,,,,,100,0,0,0,2,,2,,,,,,,0,22,0,16,0,0,0,0,38,,,,,,,7,,9,10,,,13,,,16,,,,,21,,,,,,,,,,,,,,,,1,1,,,60,30,,,0,0,,1,1,2000,,,1,2,,,100,0,0,0,0,0,3,,,2,,,3,3,1,2000,3,2,2,2,2,,3,2,,,,,,6,2,,,,,,,,,,,,,,9998,536,1,56.9322
12,1,3,1,5,5,3,1,1,3,9900,9900,0,100,0,0,100,0,100,0,0,100,0,0,0,0,0,0,100,40,1,1200,120,400,,,400,,,0,,1,120,,,0,,1,,,,70,0,0,0,0,30,0,0,0,0,100,0,0,100,0,0,0,2,,2,,,,,,,6,10,0,5,0,0,0,0,21,1,2,3,,,,7,,9,10,,,,,15,16,,,,,,,,,,,,28,,,,,,,,,1,1,,,20,20,,,0,0,,1,3,,,,1,,,,100,0,0,0,0,0,3,,,2,,,3,3,3,500,3,2,2,2,2,,3,2,,,,,,10,2,,,,,,,,,,,,,,9998,,,56.9322
12,1,3,1,5,5,3,1,2,,11880,1980,9900,100,0,16.6666666666667,83.3333333333333,0,100,0,100,0,0,100,0,0,100,0,350,29,1,1500,100,300,,,300,,,0,,1,100,,,0,,1,,,,50,0,0,0,0,50,0,0,0,0,100,0,0,100,0,0,0,2,,2,,,,,,,20,0,0,5,0,0,0,0,25,1,2,,,,,7,,9,10,,,,,,16,,,,,21,,,24,,,,,,,,,,,,,2,1,,,15,13,,,0,0,,1,3,,,,1,,,,100,0,0,0,0,0,4,,6,2,,,3,3,2,500,3,2,2,2,2,,7,2,,,,,,6,2,,,,,,,,,,,,,,9998,531,1,56.9322
12,1,3,1,5,5,3,1,2,,3300,0,3300,100,0,0,100,0,0,0,0,0,0,100,0,0,100,0,200,50,1,600,30,100,,,100,,,0,,1,30,,,0,,1,,,,100,0,0,0,0,0,0,,,,,,,100,0,0,0,2,,2,,,,,,,15,5,0,0,0,0,0,0,20,1,2,,,,,7,,9,,,,,,,16,,,,,21,,,,,,,,,,,,,,,,1,1,,,15,15,,,0,0,,1,3,,,,1,2,,,100,0,0,0,0,0,4,,6,2,,,3,3,2,200,3,2,2,2,2,,7,2,,,,,,10,2,,,,,,,,,,,,,,9998,577,2,56.9322
12,1,3,1,5,5,3,1,2,,6612,0,6612,100,0,0,100,0,0,0,0,0,0,100,0,0,100,0,350,15,1,2300,600,2520,,,2520,,,0,,1,600,,,0,,1,,,,100,0,0,0,0,0,0,,,,,,,100,0,0,0,2,,2,,,,,,,270,30,0,5,20,3,0,0,328,,2,,,,,7,,9,,,,13,,,16,,,,,21,,,,,,,,,,,,,,2,2,1,1,1,1,20,20,140,90,0,0,1,1,3,,,,1,2,,,100,0,0,0,0,0,4,,4,2,,,3,3,3,1000,3,2,2,2,2,,9,2,,,,,,3,2,,,,,,,,,,,,,,9998,,,56.9322
12,1,3,2,4,2,3,1,2,,49500,0,49500,100,0,0,100,0,0,0,0,0,0,100,0,0,100,0,1500,19,1,17062.4,8900,6000,,,6000,,,0,,1,1800,,,0,,1,,,,100,0,0,0,0,0,0,,,,,,,100,0,0,0,2,,1,0,0,100,0,0,1,100,60,0,20,0,0,800,0,980,1,,,4,5,,7,,9,10,,,13,14,,,,,,,21,,,24,,,,28,,,,,,,1,5,1,1,15,15,60,60,130,80,0,0,3,1,1,3000,,,1,2,,,100,0,0,0,0,0,3,,,1,3,,2,2,1,4000,3,1,2,2,2,,4,2,,,,,,3,1,,,,,,,,,,,,,,9998,,,56.9322
12,1,3,2,5,5,3,1,2,,3300,3300,0,100,0,100,0,0,100,0,100,0,0,0,0,0,0,0,70,38,1,600,48,160,,,160,,,0,,1,48,,,0,,1,,,,100,0,0,0,0,0,0,,,,,,,100,0,0,0,2,,2,,,,,,,0,0,0,0,0,0,0,0,0,1,,,,,,7,,,,,,,,,16,,,,,,,,24,,,,,,,,,,,,,1,1,,,20,20,,,0,0,,1,3,,,,,,3,,100,0,0,0,0,0,3,,,2,,,3,3,1,300,3,2,2,2,2,,7,2,,,,,,10,2,,,,,,,,,,,,,,9998,,,56.9322
13,1,1,1,2,1,1,,1,3,21000,21000,0,100,0,0,100,0,100,0,0,100,0,0,0,0,0,0,600,15,1,4000,2000,7000,,,5000,,,0,,1,2000,,,0,,1,,,,0,0,0,0,30,20,50,0,0,0,100,0,0,100,0,0,0,2,,1,10,0,0,50,40,2,0,0,200,50,0,0,500,0,750,1,2,3,,,6,7,,,10,11,12,13,,,16,,,,20,21,,,24,,,27,28,,,,,,,10,10,1,,5,5,30,,120,110,0,0,3,1,1,500,,,1,,,9997,100,0,0,0,0,0,3,,,2,,,3,3,1,5000,3,2,2,2,2,,7,1,1,,3,,,2,1,,,,,,,,,,,,,,9998,,,39.26087
13,1,2,1,4,2,2,5,2,,1851,0,1851,100,0,0,100,0,0,0,0,0,0,100,0,0,100,0,600,11,1,4171.3451,1567.75,2872,,,2800,,,0,,1,953,,,0,,1,,,,100,0,0,0,0,0,0,,,,,,,100,0,0,0,2,,2,,,,,,,50,0,0,15,150,5,0,0,220,,2,,,,,7,,,,,,,,,16,,18,,,,,,,,,,,,,,,,,,,1,1,,,40,2,,,0,0,,1,1,700,,,1,,,,80,20,0,0,0,0,4,,4,2,,,3,3,3,2000,3,2,2,2,2,,8,1,1,,,,,9997,1,,,,,,,,,,,,,,9998,531,1,39.26087
13,1,2,1,5,5,2,6,1,1,36860,5620,31240,100,0,0,100,0,100,0,0,100,0,100,0,0,100,0,618,18,1,2403.4015,693.16,1130,,,1097,,,0,,1,293,,,0,,1,,,,0,0,0,0,0,0,100,,,,,,,100,0,0,0,2,,2,,,,,,,50,0,0,10,0,5,41,0,106,,2,,,,,7,,9,,,,,,,16,,,,,21,,,,,,,,,,,,,,1,,1,,3,,35,,135,,0,0,1,1,1,1300,,,1,,,,80,20,0,0,0,0,3,,,2,,,1,2,1,500,2,1,2,2,2,,8,1,1,,,,,9997,1,,,,,,,,,,,,,,9998,582,2,39.26087
13,1,2,2,2,5,2,5,1,1,35173,11041,24132,100,0.686094447445484,2.05828334233645,97.2556222102181,0,100,0,0,100,0,100,1,3,96,0,980,16,1,1520,963,3417,,,3337,,,0,,1,923,,,0,,1,,,,95,0,0,0,0,5,0,100,0,0,0,0,0,100,0,0,0,2,,2,,,,,,,58,0,10,10,56,10,0,0,144,,,,,,,7,,,,,,,,,16,,,,,,,,24,,,,,,,41,,,,,,1,1,,,40,30,,,0,0,,1,1,300,,,1,,,,75,25,0,0,0,0,3,,,2,,,2,2,1,1500,3,2,2,2,2,,8,1,1,,,,,6,2,,,,,,,,,,,,,,9998,531,1,39.26087
13,1,2,2,4,4,2,5,2,,33058,0,33058,100,0,0,100,0,0,0,0,0,0,100,0,0,100,0,955,13,1,7040.0618,2374.0888,3880,,,3758,,,0,,1,1046,,,0,,1,,,,94,0,0,0,0,6,0,100,0,0,0,0,0,100,0,0,0,2,,2,,,,,,,102,0,5,30,50,10,0,13,210,,2,,,,,7,,,,,,,14,,16,,,,,21,,,24,,,,,,,,,43,,,,1,1,,,45,20,,,0,0,,1,1,1000,,,1,,,,65,35,0,0,0,0,3,,,2,,,1,1,2,3000,3,2,2,2,2,,8,1,1,,,,,6,1,,,,,,,,,,,,,,9998,556,1,39.26087
13,1,2,2,5,5,2,1,2,,17851,0,17851,100,0,0,100,0,0,0,0,0,0,100,0,0,100,0,220,18,1,968,520,2303,,,2193,,,0,,1,520,,,0,,1,,,,60,0,0,0,0,40,0,100,0,0,0,0,0,100,0,0,0,1,90,1,0,0,0,100,0,9997,85,0,4,10,30,0,70,0,199,,2,,,,,7,,,,,,,,,16,,,,,21,,,,,,,,,,41,,43,,4,,1,1,1,,8,18,175,,0,0,1,1,1,200,,,1,,,,50,50,0,0,0,0,3,,,2,,,2,2,1,1000,3,2,2,2,2,,2,1,1,,,,,2,2,,,,,,,,,,,,,,9998,,,39.26087
13,1,3,1,2,1,3,1,2,,18512,0,18512,100,0,0,100,0,0,0,0,0,0,100,0,0,100,0,297,41,1,1700,200,466,,,386,,,0,,1,150,,,0,,1,,,,50,0,0,0,0,50,0,100,0,0,0,0,0,100,0,0,0,1,70,1,20,0,80,0,0,2,22,0,5,20,30,10,75,0,162,,,,,,,7,,,,,,,14,,16,,,,,21,,,,,,,,,,,,,,5,,1,,1,,27,,150,,0,0,1,1,1,700,,,1,,,,85,15,0,0,0,0,3,,,2,,,3,3,3,500,3,1,2,2,2,,5,1,1,,,,,6,1,,,,,,,,,,,,,,9998,639,3,39.26087
13,1,3,1,2,2,3,3,1,3,29752,29752,0,100,0,0,100,0,100,0,0,100,0,0,0,0,0,0,1130,9,1,3000,1050,2050,,,2030,,,0,,1,950,,,0,,1,,,,0,0,0,0,0,100,0,80,0,0,20,0,0,100,0,0,0,2,,1,25,0,75,0,0,1,340,0,50,25,0,10,276,0,701,,,,,,,7,,,,,12,13,,,16,,,,,21,,,,,,,,,,,,43,9997,2,3,1,,5,8,35,,200,80,0,0,1,1,1,1000,,,1,,,,60,40,0,0,0,0,3,,,2,,,3,3,3,2000,3,1,2,2,2,,8,1,1,,,,,6,2,,,,,,,,,,,,,,9998,,,39.26087
13,1,3,1,3,3,3,5,2,,49586,0,49586,100,0,0,100,0,0,0,0,0,0,100,0,0,100,0,1600,23,1,9000,6500,2350,,,2300,,,0,,1,1200,,,0,,1,,,,83,0,0,0,0,17,0,100,0,0,0,0,0,100,0,0,0,2,,1,0,0,100,0,0,1,50,0,10,15,200,10,160,0,445,,2,,,,,7,,,,,,,,,16,,,,,,,,,,,,,,,,,43,,5,2,1,1,1,5,35,8,180,70,0,0,1,1,1,600,,,1,,,,95,5,0,0,0,0,3,,,1,4,,3,3,3,2500,3,1,2,2,2,,2,2,,,,,,2,2,,,,,,,,,,,,,,9998,,,39.26087
13,1,3,1,4,2,3,3,1,2,9917,0,9917,100,0,0,100,0,0,0,0,0,0,100,0,0,100,0,290,16,1,3043.501,1309.031,581,,,484,,,0,,1,143,,,0,,1,,,,100,0,0,0,0,0,0,,,,,,,100,0,0,0,1,20,1,20,0,80,0,0,1,70,0,0,15,30,5,0,0,120,,2,,,,,7,,,,,,,14,,16,,,,,21,,,,,,,,,,,,,,,,1,1,,,15,30,,,0,0,,1,1,50,,,1,,,,75,25,0,0,0,0,3,,,1,4,,2,2,6,500,3,1,1,3,2,,9,2,,,,,,6,2,,,,,,,,,,,,,,9998,639,3,39.26087
13,1,3,1,4,5,3,1,1,1,14875,1983,12892,100,0,0,100,0,100,0,0,100,0,100,0,0,100,0,290,13,1,2000,188,732,,,632,,,0,,1,188,,,0,,1,,,,80,0,0,0,0,20,0,100,0,0,0,0,0,100,0,0,0,1,50,1,0,0,30,70,0,2,34,0,5,20,80,5,0,0,144,,,,,,,7,,,,,,,14,,16,,,,,21,,,,,,,,,,,,43,,,,1,1,,,20,16,,,0,0,,1,3,,,,1,,,,80,20,0,0,0,0,3,,,2,,,3,3,3,1000,3,1,2,2,2,,3,2,,,,,,6,2,,,,,,,,,,,,,,9998,543,1,39.26087
13,1,3,1,4,5,3,5,1,1,10512,10512,0,100,0,0,100,0,100,0,0,100,0,0,0,0,0,0,445,11,1,2246.8282,609.845,642,,,612,,,0,,1,170,,,0,,1,,,,100,0,0,0,0,0,0,,,,,,,100,0,0,0,2,,2,,,,,,,58,0,0,5,0,22,0,0,85,,,,,,,7,,,,,,,,,16,,,,,,,,,,,,,,,,,,9997,1,,1,,1,,15,,100,,0,0,1,1,1,500,,,1,,,,70,30,0,0,0,0,3,,,2,,,3,3,3,300,3,1,2,2,2,,8,2,,,,,,6,2,,,,,,,,,,,,,,9998,,,39.26087
13,1,3,1,5,3,3,1,1,1,4958,0,4958,100,0,0,100,0,0,0,0,0,0,100,0,0,100,0,150,15,1,1500,180,600,,,600,,,0,,1,180,,,0,,1,,,,80,0,0,0,0,20,0,100,0,0,0,0,0,100,0,0,0,1,120,1,0,0,50,50,0,2,17,0,10,10,10,2,0,0,49,,2,,,,,7,,9,,,,13,,,16,,,,,21,,,,,,,,,,,,,,,,1,1,,,20,15,,,0,0,,1,1,100,,,1,,,,100,0,0,0,0,0,3,,,2,,,2,2,2,1000,2,2,2,2,2,,9,2,,,,,,10,1,,,,,,,,,,,,,,9998,751,6,39.26087
13,1,3,1,5,3,3,1,1,2,3,3,0,100,0,0,100,0,100,0,0,100,0,0,0,0,0,0,500,30,1,7000,2000,3000,,,2500,,,0,,1,2000,,,0,,1,,,,90,0,0,0,0,10,0,0,0,0,100,0,0,100,0,0,0,2,,1,50,0,0,50,0,2,124,0,100,30,0,0,200,0,454,,,,,,,7,,,10,,,,14,,16,,,,,21,,,,,,,,,,,,,,,,1,2,,,80,80,,,0,0,,1,1,500,,,,2,,,100,0,0,0,0,0,4,,1,2,,,2,2,1,2500,3,2,2,2,2,,3,2,,,,,,1,1,,,,,,,,,,,,,,9998,561,1,39.26087
13,1,3,1,5,3,3,1,1,3,3300,3300,0,100,0,0,100,0,100,0,0,100,0,0,0,0,0,0,100,25,1,2400,100,100,,,0,,1,0,,1,0,,1,0,,1,,,,,,,,,,,,,,,,,,,,,2,,2,,,,,,,0,0,0,0,0,0,0,0,0,1,2,,,,,7,8,9,10,11,12,,14,,16,,18,,,21,,23,24,,,,28,,,,,,,,,1,,,,5,,,,0,0,,1,3,,,,1,,,,100,0,0,0,0,0,5,,5,4,,3,3,3,1,500,3,2,2,9997,1,6,7,2,,,,,,6,2,,,,,,,,,,,,,,9998,,,39.26087
13,1,3,1,5,4,3,1,2,,2300,2300,0,100,0,100,0,0,100,0,100,0,0,0,0,0,0,0,150,30,1,2600,2600,1000,,,1000,,,0,,1,800,,,0,,1,,,,0,0,0,0,0,100,0,0,0,0,100,0,0,100,0,0,0,2,,2,,,,,,,0,0,5,0,0,0,0,0,5,,2,3,,,,7,8,,10,11,,,,,16,,,,,,,,24,,,,,,,,,,,,,1,1,,,20,20,,,0,0,,1,3,,,,1,,,,100,0,0,0,0,0,3,,,2,,,2,2,2,1000,3,2,2,2,1,7,7,2,,,,,,10,2,,,,,,,,,,,,,,9998,623,3,39.26087
13,1,3,1,5,5,3,1,1,1,13222,3305,9917,100,0,0,100,0,100,0,0,100,0,100,0,0,100,0,365,11,1,1500,240,1005,,,902,,,0,,1,230,,,0,,1,,,,86,0,0,0,0,14,0,100,0,0,0,0,0,100,0,0,0,2,,1,0,0,100,0,0,2,16,0,5,10,30,5,0,0,66,,2,,,,,7,,,,,,,,,16,,,,,21,,,,,,,,,,,,43,,,,1,1,,,27,17,,,0,0,,1,1,20,,,1,,,,100,0,0,0,0,0,3,,,2,,,3,3,3,500,3,1,2,2,2,,3,2,,,,,,6,2,,,,,,,,,,,,,,9998,,,39.26087
13,1,3,1,5,5,3,5,1,1,6280,6280,0,100,0,0,100,0,100,0,0,100,0,0,0,0,0,0,200,20,1,2660,1760,240,,,200,,,0,,1,60,,,0,,1,,,,40,0,0,0,0,60,0,100,0,0,0,0,0,100,0,0,0,2,,1,0,0,100,0,0,9997,22,0,3,15,0,2,0,0,42,,2,,,,,7,,,,,,,,,16,,,,,21,,,,,,,,,,,,,,,,1,1,,,20,20,,,0,0,,1,1,89,,,1,,,,100,0,0,0,0,0,4,,1,2,,,3,3,2,1000,3,2,2,2,2,,9,2,,,,,,2,2,,,,,,,,,,,,,,9998,556,1,39.26087
13,1,3,2,3,2,3,4,1,2,48926,34050,14876,100,0,0,100,0,100,0,0,100,0,100,0,0,100,0,670,6,1,7000,2000,4103,,,3883,,,0,,1,1000,,,0,,1,,,,93,0,0,0,0,7,0,100,0,0,0,0,0,100,0,0,0,1,250,1,0,0,100,0,0,2,256,14,0,40,0,10,0,0,320,,,,,,,7,,9,,,,,14,,16,,,,,21,,,,,,,,,,,,43,,,,2,2,,,25,14,,,0,0,,1,1,2000,,,1,,,,70,30,0,0,0,0,3,,,2,,,3,3,3,2500,3,1,2,2,2,,3,1,1,,,,,7,1,,,,,,,,,,,,,,9998,,,39.26087
13,1,3,2,4,5,3,1,1,3,62480,50249,12231,100,0,0,100,0,100,0,0,100,0,100,0,0,100,0,915,40,1,2000,700,1760,,,1716,,,0,,1,674,,,0,,1,,,,70,0,0,0,0,30,0,0,0,0,100,0,0,100,0,0,0,1,160,1,20,0,30,50,0,2,110,0,5,20,0,0,100,0,235,,,,,,,7,,,,,,,,,16,,,,,21,,,,,,,,,,41,,,,3,,,1,3,,,30,150,,0,0,1,1,1,200,,,1,,,,75,25,0,0,0,0,3,,,2,,,3,3,1,2000,3,1,2,2,2,,8,2,,,,,,6,2,,,,,,,,,,,,,,9998,,,39.26087
13,1,3,2,5,2,3,4,1,3,19835,19835,0,100,0,0,100,0,100,0,0,100,0,0,0,0,0,0,835,16,1,4043.869,2403.74,730,,,520,,,0,,1,128,,,0,,1,,,,0,0,80,0,0,20,0,100,0,0,0,0,0,100,0,0,0,2,,2,,,,,,,43,0,8,5,0,2,120,0,178,,,,,,,7,,,,,,,,,16,,,,,21,,,,,,,,,,,,,,4,,1,1,,,30,20,300,,0,0,1,1,1,400,,,1,,,,75,25,0,0,0,0,3,,,2,,,3,3,3,1000,3,2,2,2,2,,7,1,1,,,,,6,2,,,,,,,,,,,,,,9998,582,2,39.26087
13,1,3,2,5,2,3,6,2,,29752,0,29752,100,0,0,100,0,0,0,0,0,0,100,0,0,100,0,1074,13,1,6493.9164,2654.52,1599,,,1544,,,0,,1,497,,,0,,1,,,,83,0,0,0,0,17,0,100,0,0,0,0,0,100,0,0,0,1,220,1,25,0,45,30,0,2,56,0,12,15,60,5,120,0,268,,,,,,,7,,,,,,,,,16,,,,,21,,,,,,,,,,,,43,,4,,,1,2,,,25,150,,0,0,1,1,1,300,,,1,,,,75,25,0,0,0,0,3,,,2,,,2,2,1,1500,3,2,2,2,2,,7,1,1,,,,,6,2,,,,,,,,,,,,,,9998,582,2,39.26087
13,1,3,2,5,4,3,6,2,,9917,0,9917,100,0,0,100,0,0,0,0,0,0,100,0,0,100,0,290,31,1,3178.219,241.12,120,,,55,,,,1,,16,,,0,,1,,,,100,0,0,0,0,0,0,,,,,,,100,0,0,0,2,,2,,,,,,,10,0,0,5,0,1,14,0,30,,,,,,,,,,,,,,,,16,,,,,,,,,,,,,,,41,,,,1,,1,1,1,,2,4,140,,0,0,1,1,1,500,,,1,,,,100,0,0,0,0,0,3,,,2,,,3,3,1,500,3,2,2,2,2,,8,2,,,,,,6,2,,,,,,,,,,,,,,9998,582,2,39.26087
14,1,1,1,5,5,1,,1,1,8264,8264,0,100,0,0,100,0,100,0,0,100,0,0,0,0,0,0,500,40,1,800,225,430,,,400,,,0,,1,60,,,0,,1,,,,0,0,0,0,20,80,0,70,0,0,30,0,0,100,0,0,0,2,,2,,,,,,,24,0,5,3,0,3,75,0,110,,,,,,,7,,,,,12,,,,16,,,,,,,,24,,,,,,,,,,,4,,10,1,1,,1,12,100,,0,0,1,1,1,300,,,1,,,,95,5,0,0,0,0,4,,2,3,,3,3,3,1,300,3,2,2,2,2,,7,1,1,2,3,,,10,2,,,,,5,,,,,,,,,,,,35
14,1,1,2,5,5,1,,2,,9900,0,9900,100,0,0,100,0,0,0,0,0,0,100,0,0,100,0,400,25,9997,800,300,1000,,,1000,,,0,,1,300,,,0,,1,,,,0,0,70,0,0,30,0,0,30,0,70,0,0,100,0,0,0,2,,2,,,,,,,15,5,2,15,10,2,0,0,49,,2,,,,,7,,,,,12,,,,16,,,,,,,,,,,,,,,,,,,,,1,1,,,15,10,,,0,0,,1,1,250,,,1,,,,100,0,0,0,0,0,4,,2,2,,,3,3,1,400,3,2,2,2,1,12,8,2,,,,,,10,2,,,,,,,,,,,,,,9998,639,3,35
14,1,2,1,3,2,2,5,1,2,6612,3306,3306,100,62.5,0,37.5,0,100,25,0,75,0,100,100,0,0,0,500,15,1,1900,1300,710,,,500,,,0,,1,100,,,0,,1,,,,0,0,0,0,50,50,0,80,0,0,20,0,0,100,0,0,0,2,,2,,,,,,,50,0,2,5,3,2,0,0,62,,2,,,,,7,,,10,,12,13,,,16,,,,,21,,,24,,,,,,,,,,,,,1,1,,,60,10,,,0,0,,1,1,300,,,1,,,,95,5,0,0,0,0,3,,,2,,,3,3,2,1000,3,2,2,2,1,10,3,1,1,2,3,,,10,1,,,,,5,,,,,,,,,,617,3,54.28
14,1,2,1,3,4,2,5,1,1,3300,3300,0,100,0,0,100,0,100,0,0,100,0,0,0,0,0,0,400,25,1,1500,700,1000,,,800,,,0,,1,200,,,0,,1,,,,0,0,100,0,0,0,0,,,,,,,100,0,0,0,2,,1,5,30,65,0,0,1,0,0,0,6,0,0,0,0,6,,,,,,,7,,,,,12,,,,16,,,,,21,,,,,,,,,,,,,,,,1,1,,,30,30,,,0,0,,1,1,100,,,1,,,,50,50,0,0,0,0,3,,,2,,,3,3,3,500,1,2,2,2,2,,3,1,1,,,,,2,1,,,,,,,,,,,,,,9998,,,54.28
14,1,2,1,4,2,2,1,1,2,24750,24750,0,100,0,0,100,0,100,0,0,100,0,0,0,0,0,0,645,20,1,1200,350,1000,,,1000,,,0,,1,350,,,0,,1,,,,100,0,0,0,0,0,0,,,,,,,100,0,0,0,2,,2,,,,,,,100,0,1,20,0,3,0,0,124,,,,,,,,,,,,,,,,16,,,,,,,,24,,,,,,,,,,,,,1,,,,90,,,,0,0,,1,1,300,,,1,,,,100,0,0,0,0,0,3,,,2,,,3,3,5,500,3,2,2,2,2,,12,1,1,,,,,7,1,,,,,,,,,9,,,,,,509,1,54.28
14,1,2,1,4,3,2,1,2,,34650,0,34650,100,0,0,100,0,0,0,0,0,0,100,0,0,100,0,1200,15,1,1200,600,3000,,,3000,,,,1,,600,,,0,,1,,,,0,0,100,0,0,0,0,,,,,,,100,0,0,0,2,,2,,,,,,,5,0,2,30,30,2,100,0,169,,2,,,,,7,,,,,12,,,,16,,,,,21,,,,,,,,29,,,,,,3,1,1,1,1,7,60,60,170,70,0,0,1,1,1,2000,,,1,,,,100,0,0,0,0,0,4,,6,2,,,2,2,6,800,3,1,2,9997,2,,8,1,1,,,,,3,1,,,,,,,,,9,,,,,,639,3,54.28
14,1,2,1,4,3,2,5,1,2,32500,32500,0,100,0,0,100,0,100,0,0,100,0,0,0,0,0,0,1000,20,1,5200,2500,1950,,,1900,,,0,,1,500,,,0,,1,,,,70,0,0,0,0,30,0,90,0,0,10,0,0,100,0,0,0,2,,2,,,,,,,52,0,3,10,0,10,0,0,75,1,2,,,,,7,,9,,,12,,,,16,,,,,21,,,24,,,,,,,,,,,,,1,1,,,35,25,,,0,0,,1,1,800,,,1,,,,70,30,0,0,0,0,4,,4,2,,,3,3,3,1500,3,2,2,2,2,,7,1,1,2,3,,,10,1,,,,,5,,,,,,,,,,552,1,54.28
14,1,2,1,4,4,2,1,1,1,18000,18000,0,100,0,0,100,0,100,0,0,100,0,0,0,0,0,0,500,40,1,2600,800,2750,,,2700,,,0,,1,480,,,0,,1,,,,95,0,0,0,0,5,0,0,0,0,100,0,0,100,0,0,0,2,,2,,,,,,,30,0,6,10,0,5,0,0,51,1,2,,,,,7,,9,,,12,,,,16,,,,,21,,,24,,,,,,,,,,,,,1,1,,,80,25,,,0,0,,1,1,150,,,1,,,,95,5,0,0,0,0,4,,2,2,,,3,3,3,2000,3,2,2,2,2,,7,2,,,,,,10,1,,,,,5,,,,,,,,,,,,54.28
14,1,2,1,4,4,2,1,1,4,135333,135333,0,100,0,0,100,0,100,0,0,100,0,0,0,0,0,0,3270,10,1,5000,3000,3002,,,3000,,,0,,1,1350,,,0,,1,,,,0,0,0,0,80,20,0,90,0,0,10,0,0,100,0,0,0,2,,1,30,30,40,0,0,3,0,0,5,20,0,0,90,0,115,,2,,,,,7,,,,,12,,14,,16,,,,,21,,,,,,,,,,,,,,,3,1,1,,3,25,25,,100,0,0,1,1,1,200,,,1,,,,100,0,0,0,0,0,3,,,2,,,2,2,1,2000,1,1,2,2,2,,3,2,,,,,,3,1,,,,,,,,,,,,,,9998,,,54.28
14,1,2,1,4,4,2,5,1,2,9900,9900,0,100,0,0,100,0,100,0,0,100,0,0,0,0,0,0,400,20,1,2000,1000,1000,,,700,,,0,,1,200,,,0,,1,,,,0,0,100,0,0,0,0,,,,,,,100,0,0,0,2,,1,20,15,65,0,0,1,0,0,0,6,0,0,0,0,6,,,,,,,7,,,,,,,,,16,,,,,21,,,,,,,,,,,,,,,,1,1,,,40,20,,,0,0,,1,1,150,,,1,,,,50,50,0,0,0,0,4,,4,2,,,3,3,3,300,1,2,2,2,2,,3,1,1,,,,,2,1,,,,,,,,,,,,,,9998,,,54.28
14,1,2,1,4,4,2,5,1,4,82368,82368,0,100,0,0,100,0,100,0,0,100,0,0,0,0,0,0,247,30,1,3680.2612,881.54,150,,,100,,,0,,1,30,,,0,,1,,,,0,0,0,0,0,100,0,100,0,0,0,0,0,100,0,0,0,2,,1,0,50,50,0,0,1,0,0,0,2,0,0,0,0,2,,,,,,,7,,,,,12,,,,16,,,,,21,,,,,,,,,,,,,,,,1,1,,,5,7,,,0,0,,1,3,,,,1,,,,100,0,0,0,0,0,4,,4,2,,,3,3,3,150,1,2,2,2,2,,3,1,1,,,,,3,1,,,,,,,,,,,,,,9998,,,54.28
14,1,2,1,4,4,2,5,2,,1983,0,1983,100,0,0,100,0,0,0,0,0,0,100,0,0,100,0,60,37,1,5000,250,80,,,50,,,0,,1,13,,,0,,1,,,,0,0,0,0,0,100,0,0,0,0,100,0,0,100,0,0,0,2,,2,,,,,,,0,0,2,3,0,0,0,0,5,,2,,,,,7,,9,,,12,,14,,16,,,,,21,,,24,,,,,,,,,,,,,1,1,,,7,1,,,0,0,,1,1,500,,,1,,,,100,0,0,0,0,0,5,,2,3,,1,3,3,2,1000,3,2,2,2,2,,7,1,1,,,,,10,2,,,,,,,,,,,,,,9998,,,54.28
14,1,2,1,4,5,2,1,1,2,29700,29700,0,100,0,0,100,0,100,0,0,100,0,0,0,0,0,0,1120,17,1,900,500,1050,,,1050,,,0,,1,328,,,0,,1,,,,30,0,20,0,0,50,0,50,0,0,50,0,0,100,0,0,0,1,320,1,0,0,65,20,15,3,83,0,2,10,0,3,0,0,98,,,,,,,7,,,,,,13,,,16,,18,,,,,,,,,,,,,41,,,,,,1,1,,,70,70,,,0,0,,1,1,300,,,1,,,,100,0,0,0,0,0,5,,2,3,,3,3,3,1,600,2,1,2,2,2,,7,1,1,,,,,2,1,,,,,,,,,9,,,,,,,,54.28
14,1,2,1,4,5,2,1,1,2,3300,3300,0,100,0,0,100,0,100,0,0,100,0,0,0,0,0,0,700,30,1,2500,200,100,,,25,,,0,,1,10,,,0,,1,,,,0,0,0,0,0,100,0,100,0,0,0,0,0,100,0,0,0,2,,1,100,0,0,0,0,1,0,0,0,2,0,0,0,0,2,,,,,,,,,,,,12,,,,16,,,,,21,,,,,,,,,,,,,,,,1,1,,,7,7,,,0,0,,1,1,100,,,1,,,,50,50,0,0,0,0,4,,4,2,,,3,3,3,300,1,2,2,2,2,,3,1,1,,,,,2,2,,,,,,,,,,,,,,9998,,,54.28
14,1,2,1,4,5,2,1,2,,6600,0,6600,100,0,0,100,0,0,0,0,0,0,100,0,0,100,0,250,30,1,1000,200,200,,,200,,,0,,1,200,,,0,,1,,,,0,0,0,0,0,100,0,50,0,0,50,0,0,100,0,0,0,2,,1,0,0,100,0,0,2,20,0,0,3,15,5,0,0,43,,2,,,,,7,,,,,12,,,,16,,,,,,,,,,,,,,,,,,,,,1,1,,,60,60,,,0,0,,1,3,,,,1,,,,100,0,0,0,0,0,4,,5,2,,,3,3,1,500,3,2,2,2,2,,3,2,,,,,,10,2,,,,,,,,,,,,,,9998,,,54.28
14,1,2,1,4,5,2,6,1,1,3300,3300,0,100,0,0,100,0,100,0,0,100,0,0,0,0,0,0,1000,40,1,3000,2000,8700,,,8500,,,0,,1,1700,,,0,,1,,,,0,0,90,0,0,10,0,100,0,0,0,0,0,100,0,0,0,2,,2,,,,,,,0,0,0,6,0,0,60,0,66,,,,,,,7,,,,,12,,,,16,,,,,21,,,,,,,,,,,,,,,3,1,1,,4,30,30,,50,0,0,1,1,1,250,,,1,,,,50,50,0,0,0,0,3,,,2,,,3,3,3,500,1,2,2,2,2,,5,1,1,,,,,2,1,,,,,,,,,,,,,,9998,,,54.28
14,1,2,1,5,3,2,5,1,3,29700,29700,0,100,0,0,100,0,100,0,0,100,0,0,0,0,0,0,500,22,1,7010.8401,5021.034,250,,,213,,,0,,1,39,,,0,,1,,,,0,0,80,0,0,20,0,80,0,0,20,0,0,100,0,0,0,2,,2,,,,,,,0,0,0,2,0,0,0,0,2,,,,,,,7,,,,,12,,,,16,,,,,21,,,24,,,,,,,,,,,,,1,1,,,4,4,,,0,0,,1,3,,,,1,,,,100,0,0,0,0,0,4,,1,2,,,3,3,3,200,1,2,2,2,2,,7,1,1,,,,,1,1,,,,,,,,,,,,,,9998,,,54.28
14,1,2,1,5,3,2,5,2,,19504,0,19504,100,0,0,100,0,0,0,0,0,0,100,0,0,100,0,480,30,1,4200,1610,2650,,,2407,,,0,,1,400,,,0,,1,,,,95,0,0,0,0,5,0,0,0,0,100,0,0,100,0,0,0,2,,2,,,,,,,24,0,25,10,0,10,120,0,189,1,2,,,,,7,,9,,,12,,,,16,,,,,21,,,24,,,,,,,,,,,2,,1,1,13,,12,20,40,,0,0,1,1,1,100,,,1,,,,100,0,0,0,0,0,3,,,2,,,3,3,1,1000,3,2,2,2,2,,7,2,,,,,,10,2,,,,,,,,,,,,,,9998,,,54.28
14,1,2,1,5,4,2,1,1,1,11200,1200,10000,100,0,0,100,0,100,0,0,100,0,100,0,0,100,0,45,20,1,600,10,55,,,50,,,0,,1,10,,,0,,1,,,,100,0,0,0,0,0,0,,,,,,,100,0,0,0,2,,2,,,,,,,0,0,1,0,10,0,0,0,11,,2,,,,,7,,9,,,12,,,,16,,,,,21,,,24,,,,,,,,,,,,,1,,,,2,,,,0,0,,1,3,,,,,,3,,100,0,0,0,0,0,4,,2,3,,3,3,3,1,600,3,2,2,3,2,,8,2,,,,,,10,2,,,,,,,,,,,,,,9998,,,54.28
14,1,2,1,5,4,2,5,1,1,14850,14850,0,100,0,0,100,0,100,0,0,100,0,0,0,0,0,0,500,40,1,1450,1000,750,,,670,,,0,,1,200,,,0,,1,,,,0,0,90,0,0,10,0,100,0,0,0,0,0,100,0,0,0,2,,1,25,30,45,0,0,1,0,0,0,3,0,0,0,0,3,,,,,,,,,,,,,,,,16,,,,,21,,,,,,,,,,,,,,,,1,1,,,20,30,,,0,0,,1,1,100,,,1,,,,50,50,0,0,0,0,4,,2,2,,,3,3,1,300,1,2,2,2,2,,3,1,1,,,,,2,1,,,,,,,,,,,,,,9998,,,54.28
14,1,2,1,5,4,2,5,1,2,6600,6600,0,100,0,0,100,0,100,0,0,100,0,0,0,0,0,0,180,37,1,5371.4264,3168.46,120,,,100,,,0,,1,40,,,0,,1,,,,0,0,0,0,0,100,0,95,0,0,5,0,0,100,0,0,0,2,,1,5,30,65,0,0,1,0,0,0,2,0,0,0,0,2,,,,,,,7,,,,,12,,,,16,,,,,21,,,,,,,,,,,,,,,,1,1,,,10,5,,,0,0,,1,3,,,,1,,,,100,0,0,0,0,0,3,,,2,,,3,3,3,200,1,2,2,2,2,,3,1,1,,,,,3,1,,,,,,,,,,,,,,9998,,,54.28
14,1,2,1,5,4,2,5,1,4,21620,21620,0,100,0,0,100,0,100,0,0,100,0,0,0,0,0,0,500,20,1,1300,600,540,,,500,,,0,,1,77,,,0,,1,,,,100,0,0,0,0,0,0,,,,,,,100,0,0,0,2,,2,,,,,,,50,0,3,10,0,5,0,0,68,,2,,,,,,,9,,,12,13,,,16,,,,,21,,,24,,,,,,,,,,,,,1,1,,,15,12,,,0,0,,1,1,200,,,1,,,,95,5,0,0,0,0,4,,4,2,,,3,3,1,500,2,1,1,2,2,,8,1,1,2,3,,,10,2,,,,,5,,,,,,,,,,554,1,54.28
14,1,2,1,5,4,2,5,2,,9900,0,9900,100,0,0,100,0,0,0,0,0,0,100,0,0,100,0,500,37,1,6546.7746,3540.065,90,,,90,,,0,,1,14,,,0,,1,,,,0,0,100,0,0,0,0,,,,,,,100,0,0,0,2,,2,,,,,,,0,0,0,1,0,0,0,0,1,,2,,,,,,,,,,12,13,,,16,,,,,21,,,,,,,,,,,,,,,,1,1,,,3,3,,,0,0,,1,1,150,,,1,,,,100,0,0,0,0,0,4,,4,2,,,3,3,3,300,1,2,2,2,1,4,3,1,1,,,,,1,1,,,,,,,,,,,,,,9998,,,54.28
14,1,2,1,5,5,2,1,1,3,49587,49587,0,100,0,0,100,0,100,0,0,100,0,0,0,0,0,0,1500,28,1,2200,750,2600,,,2500,,,0,,1,750,,,0,,1,,,,30,0,0,0,70,0,0,,,,,,,100,0,0,0,1,1250,1,0,50,0,50,0,2,0,0,0,50,0,0,308,0,358,,2,,,,,,,,,,,,14,,16,,,,,21,,,,,,,,29,,,,,,7,,1,1,2,,180,180,220,,0,0,1,1,3,,,,1,,,,100,0,0,0,0,0,3,,,2,,,3,3,3,2000,3,1,2,2,2,,5,1,1,,,,,6,1,,,,,,,,,,,,,,9998,509,1,54.28
14,1,2,1,5,5,2,5,1,1,100,100,0,100,0,0,100,0,100,0,0,100,0,0,0,0,0,0,262,30,1,12711.0565,9291.5423,750,,,723,,,0,,1,155,,,0,,1,,,,0,0,70,0,0,30,0,100,0,0,0,0,0,100,0,0,0,2,,2,,,,,,,0,0,0,5,0,0,0,0,5,,,,,,,7,,,,,12,13,,,16,,,,,21,,,,,,,,,,,,,,,,1,1,,,7,7,,,0,0,,1,1,150,,,1,,,,100,0,0,0,0,0,4,,2,2,,,3,3,3,300,1,2,2,2,2,,5,2,,,,,,3,1,,,,,,,,,,,,,,9998,,,54.28
14,1,2,1,5,5,2,5,1,1,20000,10000,10000,100,0,0,100,0,100,0,0,100,0,100,0,0,100,0,230,26,1,1500,800,410,,,400,,,0,,1,80,,,0,,1,,,,0,0,0,0,100,0,0,,,,,,,100,0,0,0,2,,2,,,,,,,10,16,2,15,0,3,0,0,46,1,2,,,,,7,,9,,,12,,,,16,,,,,21,,,24,,,,,,,,,,,,,1,1,,,20,4,,,0,0,,1,3,,,,1,,,,100,0,0,0,0,0,3,,,2,,,3,3,1,500,3,2,2,2,2,,4,2,,,,,,10,2,,,,,,,,,,,,,,9998,556,1,54.28
14,1,2,1,5,5,2,5,1,1,3300,3300,0,100,0,0,100,0,100,0,0,100,0,0,0,0,0,0,200,30,1,1944.2225,426.616,200,,,200,,,0,,1,50,,,0,,1,,,,0,0,80,0,0,20,0,100,0,0,0,0,0,100,0,0,0,2,,1,15,40,45,0,0,1,0,0,0,2,0,0,0,0,2,,,,,,,7,,,,,12,,,,16,,,,,21,,,,,,,,,,,,,,,,1,,,,7,,,,0,0,,1,3,,,,1,,,,100,0,0,0,0,0,4,,2,3,,3,3,3,3,200,1,2,2,2,2,,3,1,1,,,,,3,2,,,,,,,,,,,,,,9998,,,54.28
14,1,2,1,5,5,2,5,1,1,3300,3300,0,100,0,0,100,0,100,0,0,100,0,0,0,0,0,0,500,30,1,800,20,300,,,240,,,0,,1,30,,,0,,1,,,,0,0,0,0,0,100,0,100,0,0,0,0,0,100,0,0,0,2,,2,,,,,,,0,0,0,4,0,0,0,0,4,,,,,,,7,8,,,,12,,,,,,,,,21,,,,,,,,,,,,,,,,1,1,,,15,15,,,0,0,,1,1,250,,,1,,,,50,50,0,0,0,0,4,,4,2,,,3,3,3,200,1,2,2,2,2,,3,1,1,,,,,2,1,,,,,,,,,,,,,,9998,,,54.28
14,1,2,1,5,5,2,5,1,1,6930,6930,0,100,0,0,100,0,100,0,0,100,0,0,0,0,0,0,500,35,1,900,500,1150,,,1000,,,0,,1,300,,,0,,1,,,,0,0,80,0,0,20,0,100,0,0,0,0,0,100,0,0,0,2,,1,30,30,40,0,0,1,0,0,0,6,0,0,0,0,6,,,,,,,7,,,,,,,,,16,,,,,21,,,,,,,,,,,,,,,,1,1,,,30,30,,,0,0,,1,1,100,,,1,,,,50,50,0,0,0,0,4,,2,2,,,3,3,1,300,1,2,2,2,2,,3,1,1,,,,,2,1,,,,,,,,,,,,,,9998,,,54.28
14,1,2,1,5,5,2,5,1,2,22457,5957,16500,100,0,0,100,0,100,0,0,100,0,100,0,0,100,0,500,37,1,4437.56,2475.28,2600,,,2500,,,100,,,625,,,100,,,3,,,40,0,30,0,0,30,0,100,0,0,0,0,0,100,0,0,0,2,,1,20,30,50,0,0,1,0,0,0,6,15,0,0,0,21,,,,,,,7,,,,,12,13,,,16,,,,,21,,,,,,,,,,,,,,,,1,,,,45,,,,0,0,,1,1,200,,,1,,,,100,0,0,0,0,0,3,,,2,,,3,3,3,1000,1,2,2,2,2,,5,2,,,,,,3,1,,,,,,,,,,,,,,9998,,,54.28
14,1,2,1,5,5,2,5,1,2,9900,9900,0,100,0,0,100,0,100,0,0,100,0,0,0,0,0,0,700,27,1,1500,800,1200,,,1000,,,0,,1,300,,,0,,1,,,,0,0,80,0,0,20,0,100,0,0,0,0,0,100,0,0,0,2,,1,30,40,30,0,0,1,0,0,0,50,0,0,0,0,50,,,,,,,,,,,,12,,,,16,,,,,21,,,,,,,,,,,,,,,,1,1,,,25,25,,,0,0,,1,1,150,,,1,,,,50,50,0,0,0,0,4,,4,2,,,3,3,3,400,1,2,2,2,2,,3,1,1,,,,,2,1,,,,,,,,,,,,,,9998,,,54.28
14,1,2,2,5,3,2,1,1,3,50094,50094,0,100,0,0,100,0,100,0,0,100,0,0,0,0,0,0,1470,18,1,3000,2500,7000,,,7000,,,0,,1,1900,,,0,,1,,,,100,0,0,0,0,0,0,,,,,,,100,0,0,0,2,,1,0,0,100,0,0,1,150,0,1,20,0,4,0,0,175,,,,,,,7,,,,,12,13,,,16,,18,,,21,,,24,,,,,29,,,,,,,,1,1,,,150,50,,,0,0,,1,1,3000,,,1,,,,100,0,0,0,0,0,4,,5,3,,9997,3,3,5,3000,2,2,2,2,2,,12,1,1,,,,,7,1,,,,,,,,,9,,,,,,,,54.28
14,1,2,2,5,3,2,5,1,1,3300,3300,0,100,0,0,100,0,100,0,0,100,0,0,0,0,0,0,70,31,1,3926.2136,1034.7654,420,,,400,,,0,,1,120,,,0,,1,,,,0,0,100,0,0,0,0,,,,,,,100,0,0,0,2,,1,20,60,20,0,0,1,0,0,2,2,0,0,0,0,4,,,,,,,7,,,,,12,,,,16,,,,,21,,,,,,,,,,,,,,,,1,1,,,20,20,,,0,0,,1,3,,,,1,,,,100,0,0,0,0,0,4,,1,2,,,3,3,2,200,1,2,2,2,2,,3,2,,,,,,6,2,,,,,,,,,,,,,,9998,,,54.28
14,1,2,2,5,4,2,5,1,2,7500,7500,0,100,0,0,100,0,100,0,0,100,0,0,0,0,0,0,400,30,1,800,500,1200,,,1000,,,0,,1,300,,,0,,1,,,,0,0,90,0,0,10,0,100,0,0,0,0,0,100,0,0,0,2,,1,30,20,50,0,0,1,0,0,0,6,0,0,0,0,6,,,,,,,,,,,,12,,,,16,,,,,21,,,,,,,,,,,,,,,,1,1,,,40,40,,,0,0,,1,3,,,,1,,,,50,50,0,0,0,0,3,,,2,,,3,3,3,400,1,2,2,2,2,,3,1,1,,,,,6,1,,,,,,,,,,,,,,9998,,,54.28
14,1,2,2,5,5,2,1,1,2,19834,19834,0,100,0,0,100,0,100,0,0,100,0,0,0,0,0,0,300,35,1,800,80,100,,,70,,,0,,1,80,,,0,,1,,,,0,0,0,0,0,100,0,0,0,0,100,0,0,100,0,0,0,2,,2,,,,,,,0,0,0,8,0,0,32,0,40,,,,,,,,,,,,,,,,16,,,,,,,,,,,,,,,,,,,2,,,1,1,,,40,160,,0,0,1,1,3,,,,1,,,,100,0,0,0,0,0,4,,2,2,,,3,3,1,500,3,2,2,2,2,,7,1,1,,,,,6,2,,,,,,,,,,,,,,9998,,,54.28
14,1,3,1,1,1,3,6,1,2,29700,9900,19800,100,0,0,100,0,100,0,0,100,0,100,0,0,100,0,1250,15,1,12000,5000,400,,,400,,,0,,1,88,,,0,,1,,,,0,0,0,0,0,100,0,0,0,0,100,0,0,100,0,0,0,2,,1,0,0,100,0,0,1,60,0,3,40,0,3,0,0,106,,,,,,,7,,,,,12,13,,,16,,,,,21,,,24,,,,,29,,,,,,,,1,,,,60,,,,0,0,,1,1,250,,,1,,,,100,0,0,0,0,0,5,,1,3,,1,3,3,6,600,3,2,2,2,2,,8,1,1,,,,,6,1,,,,,,,,,9,,,,,,,,54.28
14,1,3,1,3,1,3,5,1,1,6612,3306,3306,100,0,0,100,0,100,0,0,100,0,100,0,0,100,0,800,10,1,4000,850,300,,,250,,,0,,1,50,,,0,,1,,,,0,0,0,0,30,70,0,10,0,0,90,0,0,100,0,0,0,2,,2,,,,,,,0,0,2,2,0,2,0,0,6,,,,,,,7,,,,,,13,,,16,,,,,21,,,24,,,,,,,,,,,,,1,1,,,15,5,,,0,0,,1,1,300,,,1,,,,95,5,0,0,0,0,4,,4,2,,,3,3,1,2000,3,2,2,2,2,,3,1,1,2,3,,,10,1,,,,,5,,,,,,,,,,513,1,54.28
14,1,3,1,3,4,3,1,1,2,330579,330579,0,100,0,0,100,0,100,0,0,100,0,0,0,0,0,0,2000,21,1,2000,470,546,,,501,,,0,,1,11563,,,0,,1,,,,60,0,0,0,0,40,0,0,0,0,100,0,0,100,0,0,0,2,,2,,,,,,,72,0,5,5,0,0,0,0,82,,2,,,,,7,,9,,,,,,,16,,,,,,,,24,,,,,,,41,,,,,,1,,,,40,,,,0,0,,1,1,150,,,1,,,,95,5,0,0,0,0,4,,1,2,,,3,3,2,1000,2,1,2,2,2,,7,1,1,,,,,10,2,,,,,5,,,,,,,,,,751,6,54.28
14,1,3,1,3,4,3,5,1,4,63400,25000,38400,100,0,0,100,0,100,0,0,100,0,100,0,0,100,0,900,40,1,4300,1650,390,,,290,,,0,,1,150,,,0,,1,,,,0,0,0,0,0,100,0,90,0,0,10,0,0,100,0,0,0,2,,2,,,,,,,100,0,25,20,0,5,0,0,150,1,2,,,,,7,,9,,,12,13,,,16,,,,,21,,,,,,,,,,,,,,,,1,1,,,40,10,,,0,0,,1,1,500,,,1,,,,90,10,0,0,0,0,4,,4,3,,6,3,3,2,1800,3,1,2,2,1,3,8,1,1,2,3,,,10,1,,,,,5,,,,,,,,,,647,3,54.28
14,1,3,1,3,4,3,6,1,3,60000,0,60000,100,0,0,100,0,0,0,0,0,0,100,0,0,100,0,1000,10,1,7000,2150,2200,,,2000,,,0,,1,0,,1,0,,1,,,,30,0,0,0,0,70,0,70,0,0,30,0,0,100,0,0,0,2,,2,,,,,,,120,0,62,12,0,10,0,0,204,1,2,,,,,7,,9,,,12,,14,,16,,,,,21,,,24,,,,,,,,,,,,,1,1,,,50,40,,,0,0,,1,3,,,,1,,,,95,5,0,0,0,0,4,,2,3,,3,3,3,1,6000,3,2,2,2,1,11,7,1,1,2,3,,,10,1,,,,,5,,,,,,,,,,822,7,54.28
14,1,3,1,4,1,3,1,2,,16500,0,16500,100,0,0,100,0,0,0,0,0,0,100,0,0,100,0,620,25,1,1500,300,300,,,600,,,0,,1,300,,,0,,1,,,,0,0,0,0,0,100,0,0,0,0,100,0,0,100,0,0,0,2,,1,50,0,50,0,0,1,25,0,1,2,10,2,0,0,40,,2,,,,,7,,,,,,,,,16,,,,,21,,,,,,,,,,,,,,,,1,1,,,60,60,,,0,0,,1,3,,,,1,,,,100,0,0,0,0,0,4,,2,2,,,3,3,3,1000,3,2,2,2,2,,3,2,,,,,,10,2,,,,,,,,,,,,,,9998,,,54.28
14,1,3,1,4,2,3,1,1,1,49587,0,49587,100,0,0,100,0,0,0,0,0,0,100,0,0,100,0,100,30,1,6000,1200,0,,1,0,,1,0,,1,0,,1,0,,1,,,,,,,,,,,,,,,,,,,,,,,2,,,,,,,0,0,0,1,0,1,0,0,2,,2,,,,,7,,9,10,,12,,14,,16,,,,,21,,,24,,,,,,,,,,,,,1,,,,1,,,,0,0,,4,1,200,,,1,,,,100,0,0,0,0,0,4,,1,3,,1,2,2,1,2000,3,2,2,2,2,,8,2,,,,,,10,2,,,,,,,,,,,,,,9998,,,54.28
14,1,3,1,4,2,3,1,1,2,36927,36927,0,100,0,0,100,0,100,0,0,100,0,0,0,0,0,0,435,11,1,2500,300,350,,,340,,,0,,1,68,,,0,,1,,,,80,0,0,0,0,20,0,20,0,0,0,0,80,100,0,0,0,2,,1,20,0,80,0,0,1,0,0,0,5,0,0,0,0,5,,,,,,,7,,,,,12,,,,16,,,,,21,,,,,,,,29,,,,,,,,1,1,,,14,8,,,0,0,,1,1,150,,,1,,,,100,0,0,0,0,0,4,,4,2,,,3,3,3,300,1,2,2,2,2,,3,2,,,,,,2,1,,,,,,,,,,,,,,9998,,,54.28
14,1,3,1,4,2,3,1,2,,33058,0,33058,100,0,0,100,0,0,0,0,0,0,100,0,0,100,0,1000,15,1,1200,200,1100,,,1000,,,0,,1,200,,,0,,1,,,,0,0,0,0,100,0,0,,,,,,,100,0,0,0,2,,2,,,,,,,0,0,10,3,100,0,0,0,113,,2,,,,,,,,,,,,,,16,,,,,,,,,,,,,29,,,,,,,,1,1,,,30,30,,,0,0,,1,3,,,,1,,,,100,0,0,0,0,0,5,,7,2,,,3,3,1,300,3,2,2,3,2,,7,1,1,,,,,2,1,,,,,,,,,,,,,,9998,,,54.28
14,1,3,1,4,3,3,1,1,2,24750,24750,0,100,0,0,100,0,100,0,0,100,0,0,0,0,0,0,1020,25,1,1500,800,800,,,800,,,0,,1,258,,,0,,1,,,,0,0,100,0,0,0,0,,,,,,,100,0,0,0,2,,1,0,5,95,0,0,1,20,0,60,25,0,2,0,0,107,,2,,,,,7,,,,,,,,,16,,,,,,,,,,,,,,,,,,,,,1,,,,60,,,,0,0,,1,1,250,,,1,,,,100,0,0,0,0,0,5,,1,2,,,3,3,6,400,3,1,2,2,2,,8,1,1,,,,,2,1,,,,,,,,,9,,,,,,,,54.28
14,1,3,1,4,3,3,1,2,,10909,0,10909,100,0,0,100,0,0,0,0,0,0,100,0,0,100,0,500,16,1,2800,1000,1550,,,1500,,,0,,1,1000,,,0,,1,,,,90,0,0,0,0,1,9,0,0,0,100,0,0,100,0,0,0,2,,2,,,,,,,60,0,100,10,50,0,0,0,220,,2,,,,,7,,,,,,13,,,16,,,,,21,,,24,,,,,,,,,,,,,1,1,,,150,110,,,0,0,,1,2,,2022,250,1,,,,80,20,0,0,0,0,2,9997,,2,,,1,1,1,3000,2,1,2,2,2,,9,1,1,,,,,10,2,,,,,5,,,,,,,,,,556,1,54.28
14,1,3,1,4,3,3,1,2,,39600,0,39600,100,0,0,100,0,0,0,0,0,0,100,0,0,100,0,1500,20,1,5963.736,901.5,1600,,,1500,,,0,,1,1000,,,0,,1,,,,0,0,0,0,60,40,0,0,0,0,100,0,0,100,0,0,0,2,,1,0,0,100,0,0,1,150,0,0,2,50,10,0,0,212,,2,,,,,,,9,,,12,,14,,16,,,,,21,,,,,,,,,,,,,,,,1,1,,,60,50,,,0,0,,1,1,200,,,1,,,,100,0,0,0,0,0,4,,5,2,,,3,3,1,2000,3,1,2,2,2,,3,1,1,,,,,7,2,,,,,,,,,,,,,,9998,561,1,54.28
14,1,3,1,4,3,3,6,1,2,25124,25124,0,100,0,0,100,0,100,0,0,100,0,0,0,0,0,0,150,30,1,9500,3400,960,,,880,,,0,,1,126,,,0,,1,,,,90,0,0,0,0,10,0,0,0,0,100,0,0,100,0,0,0,2,,2,,,,,,,36,0,2,6,0,2,0,0,46,,2,,,,,7,,,,,12,,14,,16,,,,,,,,24,,,,,,,,,,,,,1,1,,,15,10,,,0,0,,1,1,300,,,1,,,,75,25,0,0,0,0,4,,1,2,,,3,2,2,1000,3,2,2,2,2,,8,1,1,,,,,10,2,,,,,5,,,,,,,,,,761,6,54.28
14,1,3,1,4,4,3,1,1,2,11880,11880,0,100,0,0,100,0,100,0,0,100,0,0,0,0,0,0,80,40,1,10914.7461,2318.2,50,,,50,,,0,,1,10,,,0,,1,,,,0,0,0,0,0,100,0,100,0,0,0,0,0,100,0,0,0,2,,1,0,90,10,0,0,1,0,0,0,2,0,0,0,0,2,,,,,,,7,,,,,12,13,,,16,,,,,21,,,,,,,,,,,,,,,,1,1,,,2,2,,,0,0,,1,1,150,,,1,,,,100,0,0,0,0,0,5,,5,4,,1,3,3,3,150,1,2,2,2,1,5,3,2,,,,,,6,1,,,,,,,,,,,,,,9998,,,54.28
14,1,3,1,4,4,3,1,2,,19800,0,19800,100,0,0,100,0,0,0,0,0,0,100,0,0,100,0,750,30,1,1800,600,600,,,600,,,0,,1,600,,,0,,1,,,,0,0,0,0,30,70,0,0,0,0,100,0,0,100,0,0,0,2,,1,0,0,100,0,0,2,30,0,0,5,22,3,0,0,60,,2,,,,,7,,9,,,12,,,,16,,,,,21,,,24,,,,,,,,,,,,,1,,,,65,,,,0,0,,1,3,,,,1,,,,100,0,0,0,0,0,4,,5,3,,1,3,3,3,1000,3,2,2,2,2,,7,1,1,,,,,10,2,,,,,,,,,,,,,,9998,,,54.28
14,1,3,1,4,4,3,1,2,,20300,0,20300,100,0,0,100,0,0,0,0,0,0,100,0,0,100,0,200,25,1,1500,110,31,,,0,,1,0,,1,0,,1,0,,1,,,,,,,,,,,,,,,,,,,,,2,,2,,,,,,,0,0,1,4,0,0,0,0,5,1,2,,,,,7,,9,,,,13,,,16,,,,,,,,,,,,,,,,,,,,,1,1,,,8,2,,,0,0,,1,1,100,,,1,,,,100,0,0,0,0,0,4,,2,2,,,3,3,3,500,3,2,2,2,2,,3,2,,,,,,10,2,,,,,,,,,,,,,,9998,,,54.28
14,1,3,1,4,4,3,4,1,4,26000,26000,0,100,0,0,100,0,100,0,0,100,0,0,0,0,0,0,300,37,1,6167.5412,2030.2,1480,,,1400,,,0,,1,420,,,0,,1,,,,0,0,80,0,0,20,0,100,0,0,0,0,0,100,0,0,0,2,,1,30,50,20,0,0,1,0,0,0,5,0,0,0,0,5,,,,,,,7,,,,,12,,,,16,,,,,21,,,,,,,,,,,,,,3,,1,1,3,,25,10,220,,0,0,1,1,1,100,,,1,,,,100,0,0,0,0,0,3,,,2,,,3,3,3,500,1,2,2,2,2,,3,2,,,,,,3,2,,,,,,,,,,,,,,9998,,,54.28
14,1,3,1,4,4,3,5,1,3,9900,9900,0,100,0,0,100,0,100,0,0,100,0,0,0,0,0,0,360,22,1,13833.658,8805.618,100,,,100,,,0,,1,40,,,0,,1,,,,0,0,100,0,0,0,0,,,,,,,100,0,0,0,2,,2,,,,,,,0,0,1,8,0,2,0,0,11,,2,,,,,7,,,,,,13,14,,16,,,,,21,,,,,,,,29,,,,,,,,1,,,,40,,,,0,0,,1,1,150,,,1,,,,100,0,0,0,0,0,5,,5,2,,,3,3,5,500,3,2,2,2,2,,12,1,1,,,,,6,1,,,,,,,,,9,,,,,,561,1,54.28
14,1,3,1,4,5,3,1,2,,16500,0,16500,100,0,0,100,0,0,0,0,0,0,100,0,0,100,0,100,7,1,700,50,70,,,50,,,0,,1,10,,,0,,1,,,,0,0,0,0,0,100,0,100,0,0,0,0,0,100,0,0,0,2,,2,,,,,,,0,0,0,2,0,0,0,0,2,,,,,,,7,,,,,12,,,,16,,,,,21,,,,,,,,,,,,,,,,1,,,,7,,,,0,0,,1,3,,,,1,,,,50,50,0,0,0,0,5,,4,3,,1,3,3,3,100,1,2,2,2,2,,3,2,,,,,,6,2,,,,,,,,,,,,,,9998,,,54.28
14,1,3,1,4,5,3,1,2,,990,0,990,100,0,0,100,0,0,0,0,0,0,100,0,0,100,0,50,25,1,1500,200,200,,,200,,,0,,1,200,,,0,,1,,,,0,0,0,0,0,100,0,0,0,0,100,0,0,100,0,0,0,2,,2,,,,,,,5,0,1,2,2,1,0,0,11,,2,,,,,,,,,,,,,,16,,,,,,,,,,,,,,,,,,,,,1,1,,,30,30,,,0,0,,1,3,,,,1,,,,100,0,0,0,0,0,4,,4,2,,,3,3,3,300,3,2,2,2,2,,3,2,,,,,,6,2,,,,,,,,,,,,,,9998,,,54.28
14,1,3,1,5,2,3,1,2,,9570,0,9570,100,0,0,100,0,0,0,0,0,0,100,0,0,100,0,360,16,1,4778.2957,264.2,500,,,450,,,0,,1,100,,,0,,1,,,,0,0,0,0,0,100,0,0,0,0,100,0,0,100,0,0,0,2,,1,0,0,100,0,0,1,20,0,0,2,20,8,0,0,50,,2,,,,,7,,,,,,,14,,16,,,,,,,,,,,,,,,,,,,,,1,1,,,30,20,,,0,0,,1,1,200,,,1,,,,100,0,0,0,0,0,3,,,2,,,3,3,1,200,3,1,2,3,2,,3,1,1,,,,,7,2,,,,,,,,,,,,,,9998,,,54.28
14,1,3,1,5,3,3,1,1,2,23760,23760,0,100,0,0,100,0,100,0,0,100,0,0,0,0,0,0,455,22,1,1000,150,200,,,100,,,0,,1,25,,,0,,1,,,,100,0,0,0,0,0,0,,,,,,,100,0,0,0,2,,1,50,50,0,0,0,1,0,0,0,4,0,0,120,0,124,,,,,,,7,,,,,12,,,,16,,,,,21,,,,,,,,29,,,,,,4,,1,1,2,,5,5,150,,0,0,1,1,1,70,,,1,,,,0,100,0,0,0,0,4,,2,2,,,3,3,3,200,1,2,2,2,2,,3,2,,,,,,2,2,,,,,,,,,,,,,,9998,,,54.28
14,1,3,1,5,3,3,1,1,2,24750,24750,0,100,0,0,100,0,100,0,0,100,0,0,0,0,0,0,700,24,1,800,10,150,,,50,,,0,,1,10,,,0,,1,,,,100,0,0,0,0,0,0,,,,,,,100,0,0,0,2,,1,0,100,0,0,0,1,0,0,0,3,0,0,0,0,3,,,,,,,7,,,,,12,,,,16,,,,,21,,,,,,,,29,,,,,,2,,,,1,,,,80,,0,0,2,1,3,,,,1,,,,100,0,0,0,0,0,4,,2,3,,3,3,3,3,150,1,2,2,2,2,,3,2,,,,,,2,2,,,,,,,,,,,,,,9998,,,54.28
14,1,3,1,5,4,3,1,1,1,4298,4298,0,100,0,23,77,0,100,0,23,77,0,0,0,0,0,0,60,7,1,3668.3556,186.945,25,,,0,,1,0,,1,0,,1,0,,1,,,,,,,,,,,,,,,,,,,,,2,,2,,,,,,,6,0,1,1,0,1,0,0,9,,2,,,,,7,,9,,,12,13,,,16,,,,,21,,,24,,,,,,,,,,,,,1,1,,,3,2,,,0,0,,1,1,40,,,1,,,,100,0,0,0,0,0,2,1,,2,,,3,3,3,450,3,2,2,2,2,,3,2,,,,,,10,2,,,,,,,,,,,,,,9998,,,54.28
14,1,3,1,5,4,3,1,1,2,4881,4881,0,100,0,0,100,0,100,0,0,100,0,0,0,0,0,0,185,23,1,1800,600,450,,,390,,,0,,1,130,,,0,,1,,,,90,0,0,0,0,10,0,0,0,0,0,0,100,100,0,0,0,2,,1,70,10,20,0,0,1,0,0,2,5,0,0,0,0,7,,,,,,,7,,,,,12,,,,16,,,,,21,,,,,,,,29,,,,,,,,1,1,,,6,6,,,0,0,,1,3,,,,1,,,,100,0,0,0,0,0,3,,,2,,,3,3,3,300,1,1,2,2,2,,3,2,,,,,,2,2,,,,,,,,,,,,,,9998,,,54.28
14,1,3,1,5,5,3,1,1,1,27964,13982,13982,100,0,0,100,0,100,0,0,100,0,100,0,0,100,0,300,10,1,1000,20,580,,,80,,,0,,1,20,,,0,,1,,,,0,0,0,0,0,100,0,0,0,0,100,0,0,100,0,0,0,2,,2,,,,,,,0,0,0,2,0,0,0,0,2,,2,,,,,,,,,,,,,,16,,,,,,,,,,,,,29,,,,,,,,1,1,,,30,30,,,0,0,,1,3,,,,1,,,,100,0,0,0,0,0,5,,2,2,,,3,3,1,500,3,2,2,2,2,,7,1,1,,,,,2,1,,,,,,,,,,,,,,9998,517,1,54.28
14,1,3,1,5,5,3,1,1,1,7293,7293,0,100,0,0,100,0,100,0,0,100,0,0,0,0,0,0,300,20,1,800,70,100,,,100,,,0,,1,22,,,0,,1,,,,0,0,100,0,0,0,0,,,,,,,100,0,0,0,2,,2,,,,,,,0,0,1,5,0,1,0,0,7,,2,,,,,7,,,,,,,,,16,,,,,21,,,,,,,,,,,,,,,,1,1,,,35,35,,,0,0,,1,3,,,,1,,,,100,0,0,0,0,0,5,,9997,2,,,3,3,1,200,3,2,2,2,2,,8,2,,,,,,6,2,,,,,,,,,,,,,,9998,,,54.28
14,1,3,1,5,5,3,1,1,1,9900,4950,4950,100,0,0,100,0,100,0,0,100,0,100,0,0,100,0,350,25,1,1788.16,528,800,,,800,,,0,,1,240,,,0,,1,,,,0,0,100,0,0,0,0,,,,,,,100,0,0,0,2,,2,,,,,,,31,0,2,15,0,2,0,0,50,,,,,,,7,,,,,,,,,16,,,,,21,,,,,,,,,,41,,,,,,1,1,,,60,20,,,0,0,,1,1,100,,,1,,,,100,0,0,0,0,0,5,,1,4,,3,3,3,1,300,3,2,2,2,1,4,3,2,,,,,,10,2,,,,,,,,,,,,,,9998,,,54.28
14,1,3,1,5,5,3,1,1,1,9900,9900,0,100,0,0,100,0,100,0,0,100,0,0,0,0,0,0,300,22,1,3000,800,1000,,,1000,,,0,,1,508,,,0,,1,,,,0,0,13,0,0,87,0,87,0,0,13,0,0,100,0,0,0,2,,1,0,2,98,0,0,1,0,0,11,30,0,1,0,2000,2042,,2,,,,,7,,,,,,13,14,,16,,,,,,,,,,,,,,,,,,,,,1,1,,,50,40,,,0,0,,1,1,200,,,1,,,,100,0,0,0,0,0,4,,6,2,,,3,3,2,600,3,2,2,2,2,,8,1,1,,,,,10,1,,,,,,,,,9,,,,,,,,54.28
14,1,3,1,5,5,3,1,1,1,9917,9917,0,100,0,0,100,0,100,0,0,100,0,0,0,0,0,0,300,40,1,1500,100,550,,,500,,,0,,1,100,,,0,,1,,,,0,0,0,0,100,0,0,,,,,,,100,0,0,0,2,,2,,,,,,,20,0,0,10,0,0,0,0,30,,2,,,,,,,,,,,,,,16,,,,,,,,,,,,,,,,,,,,,1,1,,,20,20,,,0,0,,1,3,,,,1,,,,100,0,0,0,0,0,5,,6,2,,,3,3,3,500,3,2,2,2,2,,7,1,1,,,,,2,1,,,,,,,,,,,,,,9998,577,2,54.28
14,1,3,1,5,5,3,1,1,2,19835,19835,0,100,0,0,100,0,100,0,0,100,0,0,0,0,0,0,200,50,1,1200,24,100,,,80,,,0,,1,24,,,0,,1,,,,0,0,0,0,0,100,0,0,0,0,100,0,0,100,0,0,0,2,,2,,,,,,,0,0,2,3,0,0,0,0,5,,2,,,,,,,,,,,,,,16,,,,,21,,,,,,,,,,,,,,,,1,1,,,15,5,,,0,0,,1,3,,,,1,,,,100,0,0,0,0,0,5,,6,3,,4,3,3,2,300,3,2,2,2,2,,7,2,,,,,,10,2,,,,,,,,,,,,,,9998,,,54.28
14,1,3,1,5,5,3,1,1,2,20000,20000,0,100,0,0,100,0,100,0,0,100,0,0,0,0,0,0,400,30,1,2000,50,300,,,200,,,0,,1,50,,,0,,1,,,,0,0,0,0,0,100,0,0,0,0,100,0,0,100,0,0,0,2,,2,,,,,,,0,0,2,8,0,0,120,0,130,,2,,,,,,,,,,,,,,16,,,,,,,,,,,,,,,,,,,6,,1,1,1,,40,40,220,,0,0,1,1,3,,,,1,,,,100,0,0,0,0,0,4,,2,2,,,3,3,5,1000,3,2,2,2,2,,7,1,1,,,,,6,2,,,,,,,,,9,,,,,,509,1,54.28
14,1,3,1,5,5,3,1,1,2,3300,3300,0,100,0,0,100,0,100,0,0,100,0,0,0,0,0,0,700,30,1,1700,150,120,,,50,,,0,,1,13,,,0,,1,,,,0,0,0,0,0,100,0,100,0,0,0,0,0,100,0,0,0,2,,1,100,0,0,0,0,1,0,0,0,2,0,0,0,0,2,,,,,,,7,,,,,12,,,,16,,,,,21,,,,,,,,,,,,,,,,1,1,,,10,10,,,0,0,,1,1,100,,,1,,,,50,50,0,0,0,0,4,,4,2,,,3,3,3,200,1,2,2,2,2,,3,1,1,,,,,2,2,,,,,,,,,,,,,,9998,,,54.28
14,1,3,1,5,5,3,1,1,2,9900,9900,0,100,0,0,100,0,100,0,0,100,0,0,0,0,0,0,320,20,1,2358.09,144.75,1000,,,1000,,,0,,1,250,,,0,,1,,,,100,0,0,0,0,0,0,,,,,,,100,0,0,0,2,,1,0,0,100,0,0,1,14,0,1,20,0,2,0,0,37,,2,,,,,7,,,,,,,,,16,,,,,21,,,,,,,,,,,,,,,,1,1,,,35,25,,,0,0,,1,1,100,,,1,,,,100,0,0,0,0,0,4,,5,2,,,3,3,5,500,2,1,2,2,2,,12,2,,,,,,7,1,,,,,,,,,9,,,,,,647,3,54.28
14,1,3,1,5,5,3,1,1,2,9900,9900,0,100,0,0,100,0,100,0,0,100,0,0,0,0,0,0,400,20,1,1000,450,500,,,500,,,0,,1,250,,,0,,1,,,,0,0,100,0,0,0,0,,,,,,,100,0,0,0,2,,2,,,,,,,10,0,2,5,0,2,0,0,19,,,,,,,7,,,,,,,14,,16,,,,,21,,,,,,,,,,,,,,,,1,1,,,30,20,,,0,0,,1,1,100,,,1,,,,100,0,0,0,0,0,4,,1,3,,3,3,3,1,350,3,2,2,2,2,,3,1,1,,,,,7,2,,,,,,,,,,,,,,9998,,,54.28
14,1,3,1,5,5,3,1,2,,19800,0,19800,100,0,0,100,0,0,0,0,0,0,100,0,0,100,0,750,20,1,2643.7243,1004.2,2000,,,2000,,,0,,1,1200,,,0,,1,,,,0,0,0,0,0,100,0,0,0,0,100,0,0,100,0,0,0,1,100,1,0,0,40,30,30,2,120,30,10,10,48,10,0,0,228,,2,,,,,7,,,,,12,,14,,16,,,,,21,,,,,,,,,,,,,,,,1,1,,,60,50,,,0,0,,1,1,200,,,1,,,,100,0,0,0,0,0,4,,2,2,,,3,3,3,2000,3,2,2,2,2,,3,2,,,,,,7,1,,,,,,,,,,,,,,9998,,,54.28
14,1,3,1,5,5,3,3,1,2,29700,29700,0,100,0,0,100,0,100,0,0,100,0,0,0,0,0,0,900,15,1,1500,400,1000,,,1000,,,,1,,250,,,0,,1,,,,0,0,100,0,0,0,0,,,,,,,100,0,0,0,2,,2,,,,,,,0,0,2,15,0,2,0,0,19,,,,,,,7,,,,,,,14,,16,,,,,,,,,,,,,,,,,,,2,,1,1,2,,60,50,170,,0,0,1,1,1,220,,,1,,,,100,0,0,0,0,0,4,,2,2,,,3,3,1,700,3,1,2,9997,2,,9,1,1,,,,,7,1,,,,,,,,,9,,,,,,,,54.28
14,1,3,1,5,5,3,3,1,2,4950,4950,0,100,0,0,100,0,100,0,0,100,0,0,0,0,0,0,170,30,1,1500,300,500,,,500,,,0,,1,125,,,0,,1,,,,0,0,100,0,0,0,0,,,,,,,100,0,0,0,2,,2,,,,,,,0,0,1,5,0,1,0,0,7,,2,,,,,7,,,,,,,,,16,,,,,21,,,,,,,,,,,,,,,,1,1,,,20,15,,,0,0,,1,3,,,,1,,,,100,0,0,0,0,0,4,,2,2,,,3,3,1,300,3,2,2,2,2,,7,2,,,,,,10,1,,,,,,,,,9,,,,,,509,1,54.28
14,1,3,1,5,5,3,5,1,2,9900,9900,0,100,0,0,100,0,100,0,0,100,0,0,0,0,0,0,340,17,1,1700,1000,1500,,,1500,,,0,,1,400,,,0,,1,,,,0,0,0,0,100,0,0,,,,,,,100,0,0,0,2,,1,0,0,0,100,0,2,0,0,4,25,0,2,0,0,31,,2,,,,,7,,,,,,,,,16,,18,,,21,,,24,,,,,,,41,,,,,,1,1,,,45,20,,,0,0,,1,1,105,,,1,,,,100,0,0,0,0,0,3,,,2,,,2,2,5,500,3,2,2,2,2,,12,1,1,,,,,10,1,,,,,,,,,9,,,,,,509,1,54.28
14,1,3,2,5,4,3,1,1,2,9900,9900,0,100,0,0,100,0,100,0,0,100,0,0,0,0,0,0,496,32,1,1500,300,200,,,160,,,0,,1,40,,,0,,1,,,,0,0,0,0,0,100,0,100,0,0,0,0,0,100,0,0,0,2,,1,10,40,50,0,0,1,0,0,0,2,0,0,0,0,2,,,,,,,7,,,,,12,13,,,16,,,,,21,,,,,,,,,,,,,,,,1,1,,,5,5,,,0,0,,1,1,100,,,1,,,,100,0,0,0,0,0,4,,5,2,,,3,3,3,300,1,2,2,2,2,,3,2,,,,,,2,1,,,,,,,,,,,,,,9998,,,54.28
14,1,3,2,5,4,3,1,2,,29700,0,29700,100,0,0,100,0,0,0,0,0,0,100,0,0,100,0,1100,25,1,1500,170,30,,,20,,,0,,1,20,,,0,,1,,,,0,0,0,0,0,100,0,0,0,0,100,0,0,100,0,0,0,2,,1,0,0,100,0,0,1,40,0,0,0,25,0,0,0,65,,2,,,,,7,,,,,12,,,,16,,,,,21,,,,,,,,,,,,,,,,,1,,,,30,,,0,0,,1,1,100,,,1,,,,100,0,0,0,0,0,4,,2,3,,3,3,3,1,2000,3,2,2,2,1,2,3,2,,,,,,6,2,,,,,,,,,,,,,,9998,,,54.28
14,1,3,2,5,4,3,1,2,,3300,0,3300,100,100,0,0,0,0,0,0,0,0,100,100,0,0,0,125,30,1,800,280,200,,,200,,,0,,1,280,,,0,,1,,,,0,0,0,0,0,100,0,0,0,0,100,0,0,100,0,0,0,2,,2,,,,,,,20,0,1,0,12,0,20,0,53,,,,,,,,,,,,,,,,16,,,,,,,,,,,,,,,,,,,1,,,1,1,,,50,,,0,0,1,1,3,,,,1,,,,100,0,0,0,0,0,3,,,2,,,3,3,1,500,3,2,2,2,2,,3,2,,,,,,10,2,,,,,,,,,,,,,,9998,,,54.28
15,1,1,1,5,2,1,,1,1,3300,3300,0,100,0,0,100,0,100,0,0,100,0,0,0,0,0,0,30,10,1,500,500,1200,,,1200,,,0,,1,500,,,0,,1,,,,0,0,0,0,0,100,0,0,0,0,100,0,0,100,0,0,0,2,,2,,,,,,,0,30,5,5,0,0,0,0,40,,2,,,,,,,,,,,,,,,,,,,,,,,,,,,,,,,,,,,1,1,,,25,10,,,0,0,,1,3,,,,1,,,,100,0,0,0,0,0,3,,,2,,,2,2,3,1000,3,2,2,1,2,,1,2,,,,,,10,1,1,,,,,,,,,,,,,,,,7
15,1,1,1,5,5,1,,1,1,1980,1980,0,100,0,80,20,0,100,0,80,20,0,0,0,0,0,0,20,20,1,800,200,,1,,,1,,0,,1,100,,,0,,1,,,,0,0,0,0,0,100,0,0,0,0,100,0,0,100,0,0,0,2,,2,,,,,,,10,10,10,5,0,0,0,0,35,,,,,,,,,,,,,,,,,,18,,,,,,,,,,,,,,,,,,,1,,,,3,,,,0,0,,1,3,,,,1,,,,100,0,0,0,0,0,3,,,2,,,3,3,3,300,3,2,2,2,2,,1,2,,,,,,10,1,,,,,,,,,,,,,,9998,,,7
15,1,3,1,4,3,3,1,1,1,5000,5000,0,100,0,40,60,0,100,0,40,60,0,0,0,0,0,0,30,15,1,800,50,150,,,150,,,0,,1,50,,,0,,1,,,,0,0,0,0,0,100,0,0,0,0,100,0,0,100,0,0,0,2,,2,,,,,,,5,5,5,0,0,0,0,0,15,,2,,,,,,,,,,,,,,,,,,,,,,,,,,,,,,,,,,,1,1,,,,,,,0,0,,1,3,,,,1,,,,100,0,0,0,0,0,4,,5,2,,,3,3,3,150,3,2,2,2,2,,4,2,,,,,,10,1,,,,,,,,,,,,,,9998,,,47.41667
15,1,3,1,4,3,3,1,1,2,6000,6000,0,100,0,40,60,0,100,0,40,60,0,0,0,0,0,0,30,14,1,600,50,200,,,200,,,0,,1,50,,,0,,1,,,,0,0,0,0,0,100,0,0,0,0,100,0,0,100,0,0,0,2,,2,,,,,,,5,15,0,0,0,0,0,0,20,,2,,,,,,,,,,,,,,,,,,,,,,,,,,,,,,,,,,,1,1,,,,,,,0,0,,1,3,,,,1,,,,100,0,0,0,0,0,4,,4,2,,,3,3,3,200,3,2,2,2,2,,3,2,,,,,,10,1,,,,,,,,,,,,,,9998,,,47.41667
15,1,3,1,4,3,3,1,1,2,8000,8000,0,100,0,60,40,0,100,0,60,40,0,0,0,0,0,0,10,18,1,500,30,90,,,90,,,0,,1,30,,,0,,1,,,,0,0,0,0,0,100,0,0,0,0,100,0,0,100,0,0,0,2,,2,,,,,,,0,5,0,0,0,0,0,0,5,,2,,,,,,,,,,,,,,,,,,,,,,,,,,,,,,,,,,,1,1,,,,,,,0,0,,1,3,,,,1,,,,100,0,0,0,0,0,3,,,2,,,3,3,3,100,3,2,2,2,2,,3,2,,,,,,10,1,,,,,,,,,,,,,,9998,,,47.41667
15,1,3,1,4,3,3,1,1,2,9000,9000,0,100,0,50,50,0,100,0,50,50,0,0,0,0,0,0,15,15,1,500,30,60,,,6,,,0,,1,30,,,0,,1,,,,0,0,0,0,0,100,0,0,0,0,100,0,0,100,0,0,0,2,,2,,,,,,,0,5,0,0,0,0,0,0,5,,2,,,,,,,,,,,,,,,,,,,,,,,,,,,,,,,,,,,1,1,,,,,,,0,0,,1,3,,,,1,,,,100,0,0,0,0,0,4,,5,2,,,3,3,3,100,3,2,2,2,2,,2,2,,,,,,10,1,,,,,,,,,,,,,,9998,,,47.41667
15,1,3,1,4,4,3,1,1,1,6000,6000,0,100,0,50,50,0,100,0,50,50,0,0,0,0,0,0,10,11,1,500,30,100,,,100,,,0,,1,30,,,0,,1,,,,0,0,0,0,0,100,0,0,0,0,100,0,0,100,0,0,0,2,,2,,,,,,,1,3,0,0,0,0,0,0,4,,2,,,,,,,,,,,,,,,,,,,,,,,,,,,,,,,,,,,1,,,,30,,,,0,0,,1,3,,,,1,,,,100,0,0,0,0,0,4,,4,2,,,3,3,3,100,3,2,2,2,2,,2,2,,,,,,6,1,,,,,,,,,,,,,,9998,,,47.41667
15,1,3,1,5,3,3,1,1,1,3000,3000,0,100,0,50,50,0,100,0,50,50,0,0,0,0,0,0,20,10,1,1200,100,300,,,300,,,0,,1,100,,,0,,1,,,,0,0,0,0,0,100,0,0,0,0,100,0,0,100,0,0,0,2,,2,,,,,,,5,10,0,0,0,0,0,0,15,,2,,,,,,,,,,,,,,,,,,,,,,,,,,,,,,,,,,,1,1,,,,,,,0,0,,1,3,,,,1,,,,100,0,0,0,0,0,3,,,2,,,3,3,3,200,3,2,2,2,2,,3,2,,,,,,10,1,,,,,,,,,,,,,,9998,,,47.41667
15,1,3,1,5,3,3,1,1,2,1652,1652,0,100,0,0,100,0,100,0,0,100,0,0,0,0,0,0,2,15,1,3000,1000,220,,,200,,,0,,1,100,,,0,,1,,,,0,0,0,0,100,0,0,,,,,,,100,0,0,0,2,,2,,,,,,,5,2,1,1,0,1,0,0,10,1,,,,,,,,,,,,,14,,16,,,,,,,,24,,,,,,,,,,,,,1,1,,,30,30,,,0,0,,1,3,,,,1,2,,,100,0,0,0,0,0,3,,,2,,,2,2,1,500,3,2,2,2,2,,5,2,,,,,,10,2,,,,,,,,,,,,,,9998,,,47.41667
15,1,3,1,5,4,3,1,1,2,3305,3305,0,100,0,0,100,0,100,0,0,100,0,0,0,0,0,0,30,30,1,2000,1000,520,,,500,,,0,,1,250,,,0,,1,,,,0,0,0,0,100,0,0,,,,,,,100,0,0,0,2,,2,,,,,,,5,5,1,1,0,1,0,0,13,1,2,,,,,,,,,,,,,,16,,,,,,,,24,,,,,,,,,,,,,1,1,,,30,30,,,0,0,,1,3,,,,1,2,,,100,0,0,0,0,0,4,,2,3,,3,3,3,3,1000,3,2,2,2,2,,3,2,,,,,,10,2,,,,,,,,,,,,,,9998,,,47.41667
15,1,3,1,5,4,3,5,1,3,3305,3305,0,100,0,0,100,0,100,0,0,100,0,0,0,0,0,0,30,25,1,1635.7735,500.6125,700,,,650,,,0,,1,325,,,0,,1,,,,0,0,0,0,100,0,0,,,,,,,100,0,0,0,2,,2,,,,,,,5,5,1,1,0,1,0,0,13,1,2,,,,,,,9,,,,13,,,16,,,,,,,,24,,,,,,,,,,,,,1,1,,,30,30,,,0,0,,1,3,,,,1,2,,,100,0,0,0,0,0,3,,,2,,,3,3,3,1000,3,2,2,2,2,,3,2,,,,,,10,2,,,,,,,,,,,,,,9998,,,47.41667
15,1,3,1,5,5,3,1,1,1,5000,5000,0,100,0,70,30,0,100,0,70,30,0,0,0,0,0,0,30,15,1,500,40,200,,,200,,,0,,1,40,,,0,,1,,,,0,0,0,0,0,100,0,0,0,0,100,0,0,100,0,0,0,2,,2,,,,,,,2,5,0,0,0,0,0,0,7,,2,,,,,,,,,,,,,,,,,,,,,,,,,,,,,,,,,,,1,1,,,,,,,0,0,,1,3,,,,1,,,,100,0,0,0,0,0,4,,4,3,,1,3,3,1,100,3,2,2,2,2,,3,2,,,,,,10,1,,,,,,,,,,,,,,9998,,,47.41667
15,1,3,1,5,5,3,3,2,,300,0,300,100,0,0,100,0,0,0,0,0,0,100,0,0,100,0,1400,30,1,4288.33,2250,1400,,,1350,,,0,,1,200,,,0,,1,,,,100,0,0,0,0,0,0,,,,,,,100,0,0,0,2,,2,,,,,,,85,20,0,15,50,0,0,0,170,,2,,,,,7,,,,,,,14,,16,,,,,,,,,,,,,,,,,,,,,1,1,,,35,30,,,0,0,,1,1,300,,,1,,,,0,100,0,0,0,0,3,,,2,,,3,3,1,800,3,2,2,2,2,,4,2,,,,,,10,2,,,,,,,,,,10,,,,,,,47.41667
15,1,3,2,5,4,3,1,1,1,3000,3000,0,100,0,30,70,0,100,0,30,70,0,0,0,0,0,0,100,10,1,1000,300,600,,,600,,,0,,1,600,,,0,,1,,,,0,0,0,0,0,100,0,0,0,0,100,0,0,100,0,0,0,2,,2,,,,,,,5,5,5,5,0,0,0,0,20,,2,,,,,,,,,,,,,,,,,,,,,,,,,,,,,,,,,,,1,1,,,,,,,0,0,,1,3,,,,1,,,,100,0,0,0,0,0,3,,,2,,,2,2,3,300,3,2,2,2,2,,5,2,,,,,,10,1,,,,,,,,,,,,,,9998,,,47.41667
16,1,1,1,5,4,1,,2,,3300,3300,0,100,0,100,0,0,100,0,100,0,0,0,0,0,0,0,150,30,1,600,100,588,,,588,,,0,,1,100,,,0,,1,,,,100,0,0,0,0,0,0,,,,,,,100,0,0,0,2,,2,,,,,,,5,5,3,3,0,0,0,0,16,1,2,3,,,,7,,,,,,,,,16,,,,,,,,,,,,,,,,,,,,,2,2,,,3,10,,,0,0,,1,3,,,,1,2,,,100,0,0,0,0,0,3,,,2,,,3,3,2,600,3,2,2,2,2,,4,2,,,,,,6,2,,,,,,,,,,,,,,9998,,,15.33333
16,1,1,1,5,5,1,,1,1,9900,9900,0,100,0,0,100,0,100,0,0,100,0,0,0,0,0,0,200,30,1,600,10,63,,,63,,,0,,1,10,,,0,,1,,,,0,0,0,0,0,100,0,0,0,0,100,0,0,100,0,0,0,2,,2,,,,,,,3,0,3,3,0,0,0,0,9,,2,3,,,,7,,,,,,,,,16,,,,,,,,,,,,,,,,,,,,,1,1,,,5,7,,,0,0,,1,3,,,,1,2,,,100,0,0,0,0,0,4,,6,2,,,3,3,1,500,3,2,2,2,2,,7,2,,,,,,10,2,,,,,,,,,,,,,,9998,,,15.33333
16,1,1,1,5,5,1,,1,2,14850,14850,0,100,0,0,100,0,100,0,0,100,0,0,0,0,0,0,1000,30,1,1000,500,2500,,,2500,,,0,,1,500,,,0,,1,,,,100,0,0,0,0,0,0,,,,,,,100,0,0,0,2,,2,,,,,,,40,0,10,10,0,0,0,0,60,,2,3,,,,,,,,,,,14,,16,,18,,20,,,,,,,,,,,,,,,,,2,4,,,30,30,,,0,0,,1,1,200,,,1,2,,,100,0,0,0,0,0,3,,,2,,,3,3,2,1500,3,2,2,2,2,,9,2,,,,,,6,2,,,,,,,,,,,,,,9998,,,15.33333
16,1,1,2,4,2,1,,1,3,29700,29700,0,100,0,0,100,0,100,0,0,100,0,0,0,0,0,0,800,20,1,3244.825,781.1,1570,,,1500,,,0,,1,375,,,0,,1,,,,90,0,0,0,0,10,0,0,0,0,10,0,90,90,10,0,0,2,,2,,,,,,,90,80,10,0,0,0,58,0,238,,,,,,,7,,9,,,,,,,16,,,,,21,,,24,,,,,29,,,,,,2,4,,1,1,1,,180,150,70,0,0,1,1,3,,,,1,,,,100,0,0,0,0,0,4,,2,2,,,3,3,1,1000,3,2,2,2,2,,7,2,,,,,,2,2,,,,,,,,,,,,,,9998,,,15.33333
16,1,1,2,5,5,1,,1,2,9900,9900,0,100,0,0,100,0,100,0,0,100,0,0,0,0,0,0,400,40,1,700,100,666,,,660,,,0,,1,100,,,0,,1,,,,0,0,0,0,100,0,0,,,,,,,100,0,0,0,2,,2,,,,,,,5,4,3,3,0,0,0,0,15,,,3,,,,7,,,,,,,,,16,,,,20,,,,24,,,,,,,,,,,,,1,1,,,20,35,,,0,0,,1,3,,,,1,2,,,100,0,0,0,0,0,3,,,2,,,3,3,2,500,3,2,2,2,2,,9,2,,,,,,6,2,,,,,,,,,,,,,,9998,,,15.33333
16,1,1,2,5,5,1,,1,2,9900,9900,0,100,0,0,100,0,100,0,0,100,0,0,0,0,0,0,400,40,1,700,20,117,,,117,,,0,,1,20,,,0,,1,,,,0,0,0,0,0,100,0,0,0,0,100,0,0,100,0,0,0,2,,2,,,,,,,3,0,3,3,0,0,0,0,9,,,,,,,,,,,,,,,,16,,18,,,,,,,,,,,,,,,,,,,1,1,,,3,5,,,0,0,,1,3,,,,,2,,,100,0,0,0,0,0,3,,,2,,,3,3,1,500,3,2,2,2,2,,3,2,,,,,,6,2,,,,,,,,,,,,,,9998,,,15.33333
16,1,2,1,3,2,2,5,1,2,19800,19800,0,100,0,0,100,0,100,0,0,100,0,0,0,0,0,0,700,18,1,3121.26,2651.76,900,,,900,,,0,,1,198,,,0,,1,,,,100,0,0,0,0,0,0,,,,,,,100,0,0,0,2,,2,,,,,,,30,20,0,0,0,0,0,0,50,1,2,,,,,7,,,,,,,14,,16,,,,,21,,,24,,,,,,,,,,,,,1,1,,,150,120,,,0,0,,1,1,70,,,1,,,,100,0,0,0,0,0,4,,2,2,,,3,3,3,1200,3,2,2,1,2,,3,2,,,,,,6,2,,,,,,,,,,,,,,9998,,,55.73228
16,1,2,1,4,1,2,1,2,,100,100,0,100,0,100,0,0,100,0,100,0,0,0,0,0,0,0,30,20,1,,100,500,,,500,,,0,,1,100,,,0,,1,,,,100,0,0,0,0,0,0,,,,,,,100,0,0,0,2,,2,,,,,,,10,0,10,10,0,0,0,0,30,,2,3,,,,7,,,,,,,14,,16,,,,20,,,,,,,,,,,,,,,,,1,1,,,20,20,,,0,0,,1,3,,,,1,,,,100,0,0,0,0,0,4,,6,3,,4,3,3,1,1000,3,2,2,3,2,,9,2,,,,,,6,2,,,,,,,,,,,,,,9998,,,55.73228
16,1,2,1,4,2,2,1,1,4,4950,4950,0,100,0,0,100,0,100,0,0,100,0,0,0,0,0,0,300,40,1,,200,800,,,800,,,0,,1,200,,,0,,1,,,,100,0,0,0,0,0,0,,,,,,,100,0,0,0,2,,2,,,,,,,15,0,10,10,0,0,0,0,35,,2,3,,,,7,,,,,12,13,,,16,,,,20,,,,24,,,,,29,,,,,,,,1,1,,,30,30,,,0,0,,1,3,,,,1,2,,,100,0,0,0,0,0,4,,6,2,,,3,3,2,1500,3,2,2,3,2,,4,2,,,,,,6,2,,,,,,,,,,,,,,9998,,,55.73228
16,1,2,1,4,3,2,1,1,3,3967,3967,0,100,0,0,100,0,100,0,0,100,0,0,0,0,0,0,1200,20,1,4000,2000,200,,,150,,,0,,1,30,,,0,,1,,,,100,0,0,0,0,0,0,,,,,,,100,0,0,0,2,,2,,,,,,,40,0,0,30,0,0,0,0,70,,2,,,,,7,,,,,,,14,,16,,,,,,,,,,,,,,,,,,,,,1,1,,,50,20,,,0,0,,1,3,,,,1,,,,100,0,0,0,0,0,4,,5,3,,5,3,3,3,800,3,2,2,1,1,9,3,2,,,,,,2,1,,,,,,,,,,,,,,9998,513,1,55.73228
16,1,2,1,4,3,2,1,1,4,120000,0,120000,100,0,0,100,0,0,0,0,0,0,100,0,0,100,0,7000,40,1,4000,3000,4500,,,3000,,,0,,1,450,,,0,,1,,,,100,0,0,0,0,0,0,,,,,,,100,0,0,0,2,,2,,,,,,,0,0,0,30,0,0,0,0,30,,2,,,,,7,,,,,,,14,,16,,,,,,,,,,,,,,,,,,,,,1,1,,,70,30,,,0,0,,1,3,,,,1,,,,100,0,0,0,0,0,3,,,2,,,3,3,3,2000,3,2,2,3,2,,9,2,,,,,,2,1,,,,,,,,,,,,,,9998,,,55.73228
16,1,2,1,4,4,2,5,1,3,24750,24750,0,100,0,0,100,0,100,0,0,100,0,0,0,0,0,0,900,35,1,3000,700,3300,,,3300,,,0,,1,700,,,0,,1,,,,90,0,0,0,0,10,0,100,0,0,0,0,0,80,0,20,0,1,500,1,0,0,0,100,0,2,150,0,0,0,0,0,360,0,510,,2,,,,,7,,9,10,,,,,,16,,,,,,,,,,26,,,29,,,,,,,2,1,1,,30,250,180,,60,0,0,1,1,1,200,,,1,,,,100,0,0,0,0,0,4,,4,2,,,3,3,3,1000,3,2,2,1,2,,7,2,,,,,,6,2,,,,,,,,,,,,,,9998,,,55.73228
16,1,2,1,4,5,2,1,1,1,11570,11570,0,100,0,0,100,0,100,0,0,100,0,0,0,0,0,0,300,40,1,4000,2000,350,,,300,,,0,,1,90,,,0,,1,,,,100,0,0,0,0,0,0,,,,,,,100,0,0,0,2,,2,,,,,,,20,0,0,20,0,0,0,0,40,,2,,,,,7,,,,,,13,,,16,,,,,,,,,,,,,,,,,,,,,1,1,,,60,30,,,0,0,,1,3,,,,1,2,,,100,0,0,0,0,0,2,1,,2,,,3,3,5,700,3,2,2,3,2,,3,2,,,,,,6,1,,,,,,,,,,,,,,9998,,,55.73228
16,1,2,1,4,5,2,1,1,1,9900,9900,0,100,0,0,100,0,100,0,0,100,0,0,0,0,0,0,100,20,1,416.025,156.6,700,,,670,,,0,,1,100,,,0,,1,,,,0,0,0,0,0,100,0,0,0,0,100,0,0,100,0,0,0,2,,2,,,,,,,13,5,0,0,0,0,0,0,18,,,,,,,7,,,,,,,,,16,,,,,,,,,,,,,,,,,,,,,1,1,,,20,10,,,0,0,,1,3,,,,1,,,,100,0,0,0,0,0,2,1,,2,,,3,3,3,300,3,1,2,2,2,,1,2,,,,,,6,1,,,,,,,,,,10,,,,,,,55.73228
16,1,2,1,4,5,2,1,2,,5610,2244,3366,100,0,100,0,0,100,0,100,0,0,100,0,100,0,0,280,30,1,2000,350,1000,,,1000,,,0,,1,350,,,0,,1,,,,0,0,0,0,60,40,0,0,0,0,100,0,0,100,0,0,0,2,,2,,,,,,,40,40,10,10,5,0,0,0,105,,2,3,,,,7,,,,11,,,14,,16,,,,20,,,,,,,,,,,,,,,,,2,1,,,30,30,,,0,0,,1,1,200,,,1,2,,,100,0,0,0,0,0,3,,,2,,,3,3,2,1500,3,2,2,2,2,,3,2,,,,,,6,2,,,,,,,,,,,,,,9998,,,55.73228
16,1,2,1,5,1,2,1,1,2,20495,20495,0,100,0,0,100,0,100,0,0,100,0,0,0,0,0,0,700,30,1,3500,1500,3500,,,2500,,,0,,1,200,,,0,,1,,,,100,0,0,0,0,0,0,,,,,,,100,0,0,0,2,,2,,,,,,,70,15,0,50,0,0,0,0,135,1,2,,,,,7,,9,,,,,14,,16,,,,,,,,,,,,,,,,,,,,,1,1,,,120,100,,,0,0,,1,3,,,,1,2,3,,90,10,0,0,0,0,5,,5,2,,,3,3,3,1000,3,1,2,2,2,,3,2,,,,,,1,1,,,,,,,,,,10,,,,,513,1,55.73228
16,1,2,1,5,3,2,1,2,,12231,0,12231,100,0,0,100,0,0,0,0,0,0,100,0,0,100,0,450,15,1,2215.6013,838,2800,,,2800,,,0,,1,560,,,0,,1,,,,100,0,0,0,0,0,0,,,,,,,100,0,0,0,2,,2,,,,,,,55,20,0,6,0,0,0,0,81,,,,,,,7,,,,,,,,,16,,,,,,,,,,,,,,40,,,,,,,1,1,,,60,50,,,0,0,,1,3,,,,1,2,,,100,0,0,0,0,0,4,,2,2,,,2,2,1,600,3,2,2,2,2,,3,2,,,,,,10,2,,,,,,,,,,,,,,9998,,,55.73228
16,1,2,1,5,3,2,5,1,3,49500,49500,0,100,0,0,100,0,100,0,0,100,0,0,0,0,0,0,1600,25,1,3533.415,2774.585,1050,,,1050,,,0,,1,284,,,0,,1,,,,70,0,0,0,0,30,0,30,0,0,30,0,40,100,0,0,0,2,,2,,,,,,,70,5,0,0,0,0,0,0,75,1,2,3,,,,7,,9,10,,,,,,16,,,,,21,,,24,,,,,29,,,,,,,,1,1,,,150,100,,,0,0,,1,1,50,,,1,,,,100,0,0,0,0,0,3,,,2,,,3,3,3,500,2,2,2,2,2,,7,2,,,,,,6,2,,,,,,,,,,,,,,9998,,,55.73228
16,1,2,1,5,4,2,1,1,2,2248,2248,0,100,0,0,100,0,100,0,0,100,0,0,0,0,0,0,500,45,1,2000,700,500,,,200,,,0,,1,50,,,0,,1,,,,0,0,100,0,0,0,0,,,,,,,100,0,0,0,2,,2,,,,,,,50,0,0,35,0,0,0,0,85,,,,,,,7,,,,,,,14,,16,,,,,,,,,,,,,,,,,,,,,1,1,,,100,30,,,0,0,,1,3,,,,1,,,,100,0,0,0,0,0,4,,5,3,,6,3,3,3,700,3,2,2,1,2,,3,2,,,,,,3,1,,,,,,,,,,,,,,9998,,,55.73228
16,1,2,1,5,4,2,1,2,,6000,0,6000,100,0,0,100,0,0,0,0,0,0,100,0,0,100,0,400,32,1,1700,300,1250,,,1250,,,0,,1,300,,,0,,1,,,,90,0,0,0,0,10,0,0,0,0,100,0,0,100,0,0,0,1,100,1,0,100,0,0,0,1,30,30,0,0,100,0,0,0,160,1,,,,,,7,,,,,,,,,16,,,,,21,,,24,,,,,29,,,,,,,,1,1,,,200,100,,,0,0,,1,1,60,,,1,,,,100,0,0,0,0,0,3,,,2,,,2,2,3,500,3,2,2,1,2,,3,2,,,,,,2,2,,,,,,,,,,,,,,9998,,,55.73228
16,1,2,1,5,4,2,5,2,,29700,0,29700,100,0,0,100,0,0,0,0,0,0,100,0,0,100,0,300,40,1,4300,4300,1600,,,1600,,,0,,1,350,,,0,,1,,,,50,0,0,0,0,50,0,100,0,0,0,0,0,50,0,50,0,2,,1,100,0,0,0,0,1,120,0,0,0,150,0,0,0,270,1,2,,,,,7,,,,,,,14,,16,17,,,,,,,,,,,,29,,,,,,,,2,2,,,150,120,,,0,0,,1,3,,,,1,2,,,100,0,0,0,0,0,3,,,2,,,3,3,3,1000,3,2,2,2,2,,3,2,,,,,,6,2,,,,,,,,,,,,,,9998,,,55.73228
16,1,2,1,5,5,2,1,1,1,16500,16500,0,100,0,0,100,0,100,0,0,100,0,0,0,0,0,0,450,20,1,2124.7507,140.03,750,,,670,,,0,,1,100,,,0,,1,,,,100,0,0,0,0,0,0,,,,,,,100,0,0,0,2,,2,,,,,,,44,0,0,30,0,0,0,0,74,,2,,,,,7,,,,,,,,,16,,,,,,,,,,,,,,,,,,,,,1,1,,,50,30,,,0,0,,1,1,1000,,,1,,,,100,0,0,0,0,0,3,,,2,,,3,3,3,600,3,1,2,3,2,,3,2,,,,,,1,1,,,,,,,,,,10,,,,,561,1,55.73228
16,1,2,1,5,5,2,1,1,1,17160,0,17160,100,0,0,100,0,0,0,0,0,0,100,0,0,100,0,500,30,1,2355.96,2050,500,,,470,,,0,,1,80,,,0,,1,,,,100,0,0,0,0,0,0,,,,,,,100,0,0,0,2,,2,,,,,,,10,0,0,10,30,0,0,0,50,,2,,,,,7,,,,,,,,,16,,,,,,,,,,,,,,,,,,,,,1,1,,,40,30,,,0,0,,1,3,,,,1,,,,100,0,0,0,0,0,4,,2,2,,,3,3,1,600,3,2,2,2,2,,8,2,,,,,,10,2,,,,,,,,,,10,,,,,,,55.73228
16,1,2,1,5,5,2,1,1,1,19504,19504,0,100,0,0,100,0,100,0,0,100,0,0,0,0,0,0,520,30,1,3000,1000,600,,,500,,,0,,1,80,,,0,,1,,,,100,0,0,0,0,0,0,,,,,,,100,0,0,0,2,,2,,,,,,,25,10,0,20,0,0,0,0,55,,2,,,,,7,,9,,,,,14,,16,,,,,,,,,,,,,,,,,,,,,1,1,,,60,40,,,0,0,,1,1,200,,,1,2,,,100,0,0,0,0,0,3,,,2,,,3,3,1,800,3,2,2,1,2,,9,2,,,,,,2,1,,,,,,,,,,10,,,,,,,55.73228
16,1,2,1,5,5,2,1,1,1,9900,9900,0,100,0,0,100,0,100,0,0,100,0,0,0,0,0,0,150,40,1,1700,10,58,,,58,,,0,,1,10,,,0,,1,,,,0,0,0,0,0,100,0,0,0,0,100,0,0,100,0,0,0,2,,2,,,,,,,3,0,5,5,0,0,0,0,13,,,,,,,,,,,,,,,,16,,18,,,,,,,,,,,29,,,,,,,,2,2,,,3,3,,,0,0,,1,3,,,,1,2,,,100,0,0,0,0,0,2,2,,2,,,3,3,3,500,3,2,2,3,2,,3,2,,,,,,1,2,,,,,,,,,,,,,,9998,,,55.73228
16,1,2,1,5,5,2,1,1,2,23140,23140,0,100,0,0,100,0,100,0,0,100,0,0,0,0,0,0,700,25,1,1500,500,400,,,300,,,0,,1,60,,,0,,1,,,,100,0,0,0,0,0,0,,,,,,,100,0,0,0,2,,2,,,,,,,30,15,0,30,0,0,0,0,75,,2,,,,,7,,9,,,,,,,16,,18,,,,,,,,,,,,,,,,,,,2,,,,40,,,,0,0,,1,3,,,,1,2,,,100,0,0,0,0,0,4,,2,2,,,3,3,3,1000,3,2,2,3,2,,3,2,,,,,,6,1,,,,,,,,,,,,,,9998,534,1,55.73228
16,1,2,1,5,5,2,1,2,,32670,32670,0,100,0,0,100,0,100,0,0,100,0,0,0,0,0,0,500,20,1,4266.94,2581.4,80,,,70,,,0,,1,10,,,0,,1,,,,100,0,0,0,0,0,0,,,,,,,100,0,0,0,2,,2,,,,,,,0,0,0,0,0,0,0,0,0,,2,,,,,7,,,,,,,,,16,,,,,,,,,,,,,,,,,,,,,1,1,,,10,3,,,0,0,,1,1,1000,,,1,2,,,100,0,0,0,0,0,5,,4,2,,,3,3,3,500,3,2,2,2,2,,3,2,,,,,,10,1,,,,,,,,,,10,,,,,,,55.73228
16,1,2,1,5,5,2,5,1,1,22770,3300,19470,100,0,0,100,0,100,0,0,100,0,100,0,0,100,0,350,25,1,3075.4798,2203.28,550,,,500,,,0,,1,100,,,0,,1,,,,100,0,0,0,0,0,0,,,,,,,100,0,0,0,2,,2,,,,,,,25,0,0,5,0,0,0,0,30,,2,,,,,7,,,,,,,,,16,,,,,,,,,,,,,,,,,,,,,1,1,,,43,40,,,0,0,,1,1,100,,,1,,,,100,0,0,0,0,0,3,,,2,,,3,3,1,600,3,2,2,3,2,,8,2,,,,,,6,2,,,,,,,,,,,,,,9998,,,55.73228
16,1,2,1,5,5,2,5,1,2,9900,9900,0,100,0,0,100,0,100,0,0,100,0,0,0,0,0,0,400,30,1,2280,2280,1120,,,1120,,,0,,1,280,,,0,,1,,,,100,0,0,0,0,0,0,,,,,,,100,0,0,0,1,100,1,100,0,0,0,0,1,80,0,0,0,0,0,0,0,80,1,,,,,,7,,9,,,,,,,16,,,,,21,,,,,26,,,,,,,,,,,2,1,,,180,90,,,0,0,,1,1,150,,,1,,,,100,0,0,0,0,0,4,,5,2,,,3,3,3,500,3,2,2,1,2,,3,2,,,,,,6,2,,,,,,,,,,,,,,9998,,,55.73228
16,1,2,1,5,5,2,5,2,,9900,0,9900,100,0,0,100,0,0,0,0,0,0,100,0,0,100,0,200,25,1,1600,1300,1400,,,1400,,,0,,1,300,,,0,,1,,,,100,0,0,0,0,0,0,,,,,,,100,0,0,0,2,,2,,,,,,,65,0,0,0,100,0,0,0,165,,2,,,,,7,,,,,,,,,16,,,,,,,,,,26,,,29,,,,,,,,1,1,,,250,90,,,0,0,,1,1,1000,,,1,,,,100,0,0,0,0,0,3,,,3,,1,2,2,1,600,3,2,2,1,2,,8,2,,,,,,6,2,,,,,,,,,,,,,,9998,,,55.73228
16,1,2,2,4,3,2,1,1,3,70000,0,70000,100,0,0,100,0,0,0,0,0,0,100,0,0,100,0,5000,38,1,4000,2000,5000,,,4800,,,0,,1,1500,,,0,,1,,,,80,0,10,0,0,10,0,100,0,0,0,0,0,100,0,0,0,2,,2,,,,,,,100,20,0,50,0,0,100,0,270,,2,,,,,7,,9,,,,13,14,,16,,,,,21,,,,,,,,,,,,,,2,2,1,2,2,2,20,70,120,100,0,0,1,1,3,,,,1,2,,,90,10,0,0,0,0,3,,,2,,,3,3,3,2000,3,2,2,2,2,,3,2,,,,,,2,2,,,,,,,,,,,,,,9998,,,55.73228
16,1,2,2,4,3,2,1,1,4,100000,100000,0,100,0,0,100,0,100,0,0,100,0,0,0,0,0,0,6000,28,1,4000,3000,5200,,,5000,,,0,,1,600,,,0,,1,,,,90,0,0,0,0,10,0,40,0,0,60,0,0,100,0,0,0,2,,2,,,,,,,50,0,0,50,0,0,0,0,100,,2,,,,,7,,9,,,,13,,,16,,,,,,,,,,,,,,,,,,,,,3,2,,,100,30,,,0,0,,1,3,,,,1,,3,,100,0,0,0,0,0,3,,,2,,,3,3,3,2500,3,2,2,2,2,,8,2,,,,,,10,1,,,,,,,,,,,,,,9998,,,55.73228
16,1,2,2,5,4,2,1,2,,13200,13200,0,100,0,100,0,0,100,0,100,0,0,0,0,0,0,0,600,15,1,1000,450,3000,,,300,,,0,,1,450,,,0,,1,,,,70,0,0,0,30,0,0,,,,,,,100,0,0,0,2,,2,,,,,,,5,0,10,10,0,0,0,0,25,,2,3,,,,,,,,,,,14,,16,,,,,,,,24,,,,,29,,,,,,,,2,1,,,20,30,,,0,0,,1,1,200,,,1,,,,100,0,0,0,0,0,3,,,2,,,3,3,2,1000,3,2,2,3,2,,9,2,,,,,,10,1,,,,,,,,,,,,,,9998,561,1,55.73228
16,1,2,2,5,4,2,1,2,,990,990,0,100,0,100,0,0,100,0,100,0,0,0,0,0,0,0,350,20,1,700,30,188,,,188,,,0,,1,30,,,0,,1,,,,0,0,0,0,0,100,0,0,0,0,100,0,0,100,0,0,0,2,,2,,,,,,,10,0,3,3,0,0,0,0,16,,,3,,,,7,,,,,,,,,16,,,,,,,,,,,,,,,,,,,,,2,3,,,3,10,,,0,0,,1,3,,,,1,2,,,100,0,0,0,0,0,2,4,,2,,,3,3,3,500,3,2,2,2,2,,9,2,,,,,,6,2,,,,,,,,,,,,,,9998,,,55.73228
16,1,2,2,5,5,2,1,1,1,13223,13223,0,100,0,0,100,0,100,0,0,100,0,0,0,0,0,0,400,35,1,1300,500,500,,,400,,,0,,1,40,,,0,,1,,,,0,0,100,0,0,0,0,,,,,,,100,0,0,0,2,,2,,,,,,,15,0,0,20,0,0,0,0,35,,2,,,,,7,,,,,,,,,16,,,,,,,,,,,,,,,,,,,,,1,1,,,5,50,,,0,0,,1,3,,,,1,,,,100,0,0,0,0,0,4,,4,2,,,3,3,1,500,3,1,2,2,2,,8,2,,,,,,6,1,,,,,,,,,,,,,,9998,,,55.73228
16,1,2,2,5,5,2,1,1,1,3300,3300,0,100,0,0,100,0,100,0,0,100,0,0,0,0,0,0,100,30,1,1000,200,2000,,,2000,,,0,,1,200,,,0,,1,,,,100,0,0,0,0,0,0,,,,,,,100,0,0,0,2,,2,,,,,,,20,0,10,5,0,0,60,0,95,,2,3,4,,,,,,,,,,,,16,,18,,,21,,,,,,,,,,,,,,2,,1,3,3,,20,20,60,,0,0,1,1,3,,,,1,,,,100,0,0,0,0,0,5,,2,2,,,3,3,1,1000,3,2,2,2,2,,4,2,,,,,,10,2,,,,,,,,,,,,,,9998,,,55.73228
16,1,2,2,5,5,2,1,1,1,8264,8264,0,100,0,0,100,0,100,0,0,100,0,0,0,0,0,0,300,40,1,2500,700,600,,,570,,,0,,1,80,,,0,,1,,,,100,0,0,0,0,0,0,,,,,,,100,0,0,0,2,,2,,,,,,,20,0,0,15,0,0,0,0,35,,2,,,,,7,,,,,,,,,16,,,,,,,,,,,,,,,,,,,,,1,1,,,7,40,,,0,0,,1,1,100,,,1,2,3,,100,0,0,0,0,0,4,,1,2,,,3,3,3,500,3,1,2,1,2,,3,2,,,,,,6,2,,,,,,,,,,,,,,9998,,,55.73228
16,1,2,2,5,5,2,1,1,1,9900,9900,0,100,0,0,100,0,100,0,0,100,0,0,0,0,0,0,350,40,1,600,10,58,,,58,,,0,,1,10,,,0,,1,,,,0,0,0,0,0,100,0,0,0,0,100,0,0,100,0,0,0,2,,2,,,,,,,3,0,5,5,0,0,0,0,13,,,3,,,,7,,,,,,,,,16,,,,,,,,24,,,,,29,,,,,,,,2,3,,,3,3,,,0,0,,1,3,,,,,2,,,100,0,0,0,0,0,4,,6,3,,1,3,3,1,500,3,2,2,3,2,,9,2,,,,,,3,2,,,,,,,,,,,,,,9998,,,55.73228
16,1,3,1,3,1,3,1,1,1,9900,9900,0,100,0,0,100,0,100,0,0,100,0,0,0,0,0,0,300,20,1,2000,550,2750,,,2750,,,0,,1,550,,,0,,1,,,,0,100,0,0,0,0,0,,,,,,,100,0,0,0,2,,2,,,,,,,40,0,0,5,0,0,0,0,45,,2,,,,,7,,,,,,,,,16,,,,,,,,,,,,,,,,,,,,,1,10,,,40,25,,,0,0,,1,1,100,,,1,,,,100,0,0,0,0,0,3,,,2,,,3,3,1,1500,3,2,2,2,2,,9,2,,,,,,2,1,,,,,,,,,,,,,,9998,,,55.73228
16,1,3,1,3,1,3,1,2,,20000,0,20000,100,0,0,100,0,0,0,0,0,0,100,0,0,100,0,800,30,1,10000,100,500,,,500,,,0,,1,100,,,0,,1,,,,100,0,0,0,0,0,0,,,,,,,100,0,0,0,2,,2,,,,,,,16,3,0,5,20,0,0,0,44,,,,,,,7,,,10,,,,,,16,,,,,,,,,,,,,,40,,,,,,,1,1,,,15,45,,,0,0,,1,1,1000,,,1,2,,,100,0,0,0,0,0,4,,2,3,,3,2,1,1,550,3,2,2,2,2,,7,2,,,,,,10,2,,,,,,,,,,,,,,9998,,,55.73228
16,1,3,1,3,3,3,3,1,2,24750,24750,0,100,0,0,100,0,100,0,0,100,0,0,0,0,0,0,700,20,1,10000,700,3900,,,3900,,,0,,1,700,,,0,,1,,,,0,100,0,0,0,0,0,,,,,,,100,0,0,0,2,,2,,,,,,,78,0,0,10,0,0,0,0,88,,2,,,,,7,,,,,,,,,16,,,,,,,,,,,,,,,,,,,,,1,1,,,40,25,,,0,0,,1,3,,,,1,,,,100,0,0,0,0,0,5,,6,3,,1,3,3,1,1200,3,2,2,2,2,,4,2,,,,,,10,1,,,,,,,,,,,,,,9998,,,55.73228
16,1,3,1,3,4,3,1,1,1,13222,3305,9917,100,0,0,100,0,100,0,0,100,0,100,0,0,100,0,300,20,1,2000,130,722,,,722,,,0,,1,130,,,0,,1,,,,0,0,0,0,100,0,0,,,,,,,100,0,0,0,2,,2,,,,,,,30,10,0,7,0,0,0,0,47,,,,,,,7,,,10,,,,,,16,,,,,,,,,,,,,,,,,,,,,1,1,,,30,20,,,0,0,,1,3,,,,1,2,,,100,0,0,0,0,0,4,,2,3,,3,3,3,1,700,3,2,2,2,2,,9,2,,,,,,3,1,,,,,,,,,,,,,,9998,561,1,55.73228
16,1,3,1,4,1,3,1,1,2,16500,16500,0,100,0,0,100,0,100,0,0,100,0,0,0,0,0,0,100,20,1,5723.673,1257.145,3500,,,3500,,,0,,1,400,,,0,,1,,,,100,0,0,0,0,0,0,,,,,,,100,0,0,0,2,,2,,,,,,,50,20,30,20,0,0,0,0,120,1,2,3,4,,,7,,9,,,12,,14,,16,,18,,,21,,,24,,,,,29,,,,,,,,1,1,,,60,60,,,0,0,,1,1,200,,,1,,,,100,0,0,0,0,0,3,,,2,,,2,2,1,800,3,2,2,2,2,,4,2,,,,,,6,2,,,,,,,,,,,,,,9998,,,55.73228
16,1,3,1,4,2,3,1,1,1,3305,3305,0,100,0,0,100,0,100,0,0,100,0,0,0,0,0,0,110,10,1,4000,100,1000,,,900,,,0,,1,100,,,0,,1,,,,100,0,0,0,0,0,0,,,,,,,100,0,0,0,2,,2,,,,,,,12,7,0,0,0,0,0,0,19,,,,,,,7,,9,,,,,14,,16,,,,,21,,,,,,,,,,,,,,,,1,1,,,35,25,,,0,0,,1,3,,,,1,,,,100,0,0,0,0,0,3,,,2,,,3,3,2,400,3,2,2,3,2,,5,2,,,,,,6,1,,,,,,,,,,,,,,9998,,,55.73228
16,1,3,1,4,2,3,1,1,1,9900,4950,4950,100,0,0,100,0,100,0,0,100,0,100,0,0,100,0,200,25,1,2651.86,0,0,,1,0,,1,0,,1,0,,1,0,,1,,,,,,,,,,,,,,,,,,,,,,,2,,,,,,,39,0,0,0,0,0,0,0,39,,,,,,,7,,,,,,,,,16,,,,,,,,,,,,,,,,,,,,,1,,,,3,,,,0,0,,4,1,500,,,1,,,,100,0,0,0,0,0,3,,,2,,,3,3,3,300,3,1,2,2,2,,3,2,,,,,,10,2,,,,,,,,,,10,,,,,,,55.73228
16,1,3,1,4,2,3,1,1,3,69300,69300,0,100,0,0,100,0,100,0,0,100,0,0,0,0,0,0,900,26,1,3366.65,2503.24,2250,,,2200,,,0,,1,545,,,0,,1,,,,65,0,0,0,0,35,0,25,0,0,10,0,65,85,0,15,0,2,,2,,,,,,,80,7,5,0,0,0,0,0,92,,2,,,,,7,,,10,,,,14,,16,,,,,,,,24,,,,28,29,,,,,,,,2,,,,140,,,,0,0,,1,1,70,,,1,2,,,100,0,0,0,0,0,5,,4,2,,,3,3,3,1200,3,2,2,2,2,,3,2,,,,,,2,2,,,,,,6,,,,,,,,,,,55.73228
16,1,3,1,4,2,3,1,1,4,49500,49500,0,100,0,0,100,0,100,0,0,100,0,0,0,0,0,0,1000,15,1,2895.625,2254.3,4500,,,4000,,,0,,1,2000,,,0,,1,,,,10,0,0,0,0,90,0,0,0,0,100,0,0,100,0,0,0,2,,2,,,,,,,255,0,0,30,0,0,600,0,885,,2,,,,,7,,,,,,,14,,16,,,,,,,,,,,,,,,,,,,5,2,1,1,3,15,60,40,150,100,0,0,2,1,1,800,,,1,,,,100,0,0,0,0,0,4,,2,2,,,2,2,1,300,3,1,2,2,2,,4,1,1,,,,,1,1,,,,,,,,,,10,,,,,556,1,55.73228
16,1,3,1,4,2,3,1,2,,1650,1650,0,100,0,0,100,0,100,0,0,100,0,0,0,0,0,0,70,21,1,1758.12,284.68,220,,,220,,,0,,1,55,,,0,,1,,,,50,0,0,0,0,50,0,0,0,0,50,0,50,100,0,0,0,2,,2,,,,,,,10,10,0,0,0,0,0,0,20,1,,,,,,7,,,,,,,14,,16,,,,,21,,,24,,,,,29,,,,,,,,1,1,,,70,50,,,0,0,,1,3,,,,1,,,,100,0,0,0,0,0,4,,4,3,,1,3,3,3,150,3,2,2,2,2,,3,2,,,,,,6,2,,,,,,,,,,,,,,9998,,,55.73228
16,1,3,1,4,3,3,1,1,2,2000,2000,0,100,0,0,100,0,100,0,0,100,0,0,0,0,0,0,500,20,1,2000,100,600,,,555,,,0,,1,100,,,0,,1,,,,100,0,0,0,0,0,0,,,,,,,100,0,0,0,2,,2,,,,,,,11,10,0,3,0,0,0,0,24,,2,,,,,7,,,10,,,,,,16,,,,,,,,,,,,,,40,,,,,,,1,1,,,40,30,,,0,0,,1,1,30,,,1,2,,,100,0,0,0,0,0,4,,2,3,,3,3,3,1,200,3,2,2,2,2,,3,2,,,,,,10,2,,,,,,,,,,,,,,9998,,,55.73228
16,1,3,1,4,3,3,1,1,3,59504,59504,0,100,0,0,100,0,100,0,0,100,0,0,0,0,0,0,1000,30,1,4500,1000,2000,,,1500,,,0,,1,250,,,0,,1,,,,100,0,0,0,0,0,0,,,,,,,100,0,0,0,2,,2,,,,,,,0,0,0,30,0,0,0,0,30,,,,,,,7,,,,,,13,,,16,,,,,,,,,,,,,,,,,,,,,1,1,,,50,25,,,0,0,,1,3,,,,1,,,,100,0,0,0,0,0,4,,1,3,,1,3,3,2,3000,3,2,2,2,1,9,3,2,,,,,,4,1,,,,,,,,,,,,,,9998,,,55.73228
16,1,3,1,4,3,3,1,2,,40000,0,40000,100,0,0,100,0,0,0,0,0,0,100,0,0,100,0,1400,15,1,10211.7659,3041.221,20000,,,20000,,,0,,1,400,,,0,,1,,,,100,0,0,0,0,0,0,,,,,,,100,0,0,0,2,,2,,,,,,,30,0,0,15,100,0,0,0,145,,2,,,,,7,,,,,,,14,,16,,,,,,,,,,,,,,,,,,,,,1,,,,55,,,,0,0,,1,1,400,,,1,2,,,100,0,0,0,0,0,4,,6,2,,,2,2,1,800,3,2,2,2,1,4,9,2,,,,,,6,2,,,,,,,,,,,,,,9998,561,1,55.73228
16,1,3,1,4,3,3,5,1,3,19800,19800,0,100,0,0,100,0,100,0,0,100,0,0,0,0,0,0,350,25,1,1400,400,1750,,,1750,,,0,,1,400,,,0,,1,,,,90,0,0,0,0,10,0,0,0,0,100,0,0,100,0,0,0,2,,2,,,,,,,80,70,0,0,0,0,0,0,150,,,,,,,7,,9,10,,,,14,,16,,,,,,,,,,,,,29,,,,,,,,2,1,,,180,100,,,0,0,,1,1,500,,,1,,,,100,0,0,0,0,0,4,,6,2,,,3,3,3,1000,3,2,2,2,2,,3,2,,,,,,6,1,,,,,,,,,,,,,,9998,,,55.73228
16,1,3,1,4,3,3,5,2,,69300,0,69300,100,0,0,100,0,0,0,0,0,0,100,0,0,100,0,800,50,1,2400,2400,1800,,,1800,,,0,,1,400,,,0,,1,,,,100,0,0,0,0,0,0,,,,,,,100,0,0,0,2,,1,100,0,0,0,0,1,120,0,0,0,150,0,0,0,270,1,2,,,,,7,,,,,,,,,16,,,,,21,,,,,,,,29,,,,,,,,2,1,,,180,90,,,0,0,,1,1,50,,,1,,,,100,0,0,0,0,0,3,,,2,,,2,2,3,900,3,2,2,1,2,,3,2,,,,,,2,2,,,,,,,,,,,,,,9998,,,55.73228
16,1,3,1,4,4,3,1,1,2,10000,10000,0,100,0,0,100,0,100,0,0,100,0,0,0,0,0,0,330,20,1,4000,400,2322,,,2222,,,0,,1,400,,,0,,1,,,,100,0,0,0,0,0,0,,,,,,,100,0,0,0,2,,2,,,,,,,17,30,0,3,0,0,0,0,50,,,,,,,7,,,,,,,,,16,,,,,,,,,,,,,,,,,,,,,1,1,,,47,40,,,0,0,,1,1,100,,,1,,,,0,50,50,0,0,0,4,,2,2,,,2,2,1,600,3,2,2,2,2,,8,2,,,,,,6,2,,,,,,,,,,,,,,9998,561,1,55.73228
16,1,3,1,4,4,3,1,1,2,19800,19800,0,100,0,0,100,0,100,0,0,100,0,0,0,0,0,0,100,30,1,2200,500,4500,,,4500,,,0,,1,500,,,0,,1,,,,100,0,0,0,0,0,0,,,,,,,100,0,0,0,2,,2,,,,,,,50,10,20,10,0,10,0,0,100,,2,,,,,7,,,,,,,14,,,,18,,,,,,24,,,,,29,,,,,,,,1,1,,,60,60,,,0,0,,1,3,,,,1,2,,,100,0,0,0,0,0,3,,,2,,,2,2,1,1000,3,2,2,1,2,,9,2,,,,,,10,2,,,,,,,,,,,,,,9998,,,55.73228
16,1,3,1,4,4,3,1,1,2,29700,0,29700,100,0,0,100,0,0,0,0,0,0,100,0,0,100,0,600,20,1,6000,50,2505,,,250,,,0,,1,50,,,0,,1,,,,100,0,0,0,0,0,0,,,,,,,100,0,0,0,2,,2,,,,,,,0,0,0,5,30,0,0,0,35,,2,,,,,7,,,,,,,,,16,,,,,,,,,,,,,,,,,,,,,1,1,,,30,30,,,0,0,,1,1,300,,,1,,,,100,0,0,0,0,0,2,9997,,1,1,,3,3,3,700,3,1,2,2,2,,9,2,,,,,,10,2,,,,,,,,,,,,,,9998,,,55.73228
16,1,3,1,4,4,3,1,1,4,39600,39600,0,100,0,0,100,0,100,0,0,100,0,0,0,0,0,0,200,20,1,5000,4000,12000,,,12000,,,0,,1,2000,,,0,,1,,,,0,0,0,0,0,100,0,0,0,0,100,0,0,100,0,0,0,2,,2,,,,,,,80,30,20,60,0,30,320,0,540,1,2,3,,5,6,,,,,,12,,14,,16,,18,,,21,,,24,,26,,28,29,,,,,,2,3,2,1,2,10,30,30,80,80,0,0,1,1,1,500,,,1,2,,,100,0,0,0,0,0,3,,,2,,,2,2,2,3000,3,2,2,1,2,,4,2,,,,,,6,2,,,,,,,,,,,,,,9998,,,55.73228
16,1,3,1,4,4,3,1,2,,10230,5280,4950,100,0,0,100,0,100,0,0,100,0,100,0,0,100,0,50,20,1,1109,131,2500,,,2500,,,0,,1,300,,,0,,1,,,,100,0,0,0,0,0,0,,,,,,,100,0,0,0,2,,2,,,,,,,30,5,5,5,10,10,0,0,65,,2,3,,,,7,,,,,,,,,16,,,,,21,,,24,,,,,29,,,,,,,,1,1,,,40,30,,,0,0,,1,3,,,,1,2,,,100,0,0,0,0,0,3,,,2,,,2,2,1,500,3,2,2,2,2,,4,2,,,,,,6,2,,,,,,,,,,,,,,9998,,,55.73228
16,1,3,1,4,4,3,1,2,,19800,0,19800,100,0,0,100,0,0,0,0,0,0,100,0,0,100,0,550,20,1,2500,300,2500,,,2500,,,0,,1,300,,,0,,1,,,,100,0,0,0,0,0,0,,,,,,,100,0,0,0,2,,2,,,,,,,100,0,0,10,0,0,250,0,360,,,,,,,7,,,,,,,14,,16,,,,,,,,,,,,,,,,,,,,5,1,1,,5,50,30,,100,0,0,1,1,3,,,,1,,,,100,0,0,0,0,0,3,,,2,,,3,3,3,700,2,1,2,2,2,,9,2,,,,,,2,2,,,,,,,,,,10,,,,,562,1,55.73228
16,1,3,1,4,4,3,1,2,,20000,0,20000,100,0,0,100,0,0,0,0,0,0,100,0,0,100,0,500,45,1,3400,100,716,,,666,,,0,,1,100,,,0,,1,,,,40,0,0,0,60,0,0,,,,,,,100,0,0,0,2,,2,,,,,,,11,3,0,3,0,0,0,0,17,,,,,,,7,,,10,,,,,,16,,,,,,,,,,,,,,,,,,,,,1,1,,,20,7,,,0,0,,1,1,1000,,,1,2,,,80,20,0,0,0,0,4,,5,2,,,3,3,5,500,3,2,2,1,1,4,3,2,,,,,,6,2,,,,,,,,,,,,,,9998,,,55.73228
16,1,3,1,4,4,3,1,2,,30000,0,30000,100,0,0,100,0,0,0,0,0,0,100,0,0,100,0,1500,30,1,6397.9106,2055,4090,,,3890,,,0,,1,700,,,0,,1,,,,70,0,0,0,30,0,0,,,,,,,100,0,0,0,2,,2,,,,,,,14,24,0,12,0,0,0,0,50,,,,,,,7,,,10,,,,,,16,,,,,,,,,,,,,,,,,,,,,1,1,,,40,30,,,0,0,,1,1,2000,,,1,2,,,100,0,0,0,0,0,4,,2,2,,,2,2,1,1500,3,2,2,2,2,,3,2,,,,,,10,1,,,,,,,,,,10,,,,,,,55.73228
16,1,3,1,4,4,3,1,2,,39600,0,39600,100,0,0,100,0,0,0,0,0,0,100,0,0,100,0,100,30,1,4000,800,6500,,,6500,,,0,,1,800,,,0,,1,,,,100,0,0,0,0,0,0,,,,,,,100,0,0,0,2,,2,,,,,,,50,10,10,10,20,20,360,0,480,,2,3,,,,,,,,,,,,,16,,,,,21,,,24,,26,,28,29,,,,,,2,3,1,1,4,10,30,20,150,70,0,0,1,1,3,,,,1,2,,,100,0,0,0,0,0,3,,,2,,,3,3,1,1000,3,2,2,1,2,,4,2,,,,,,6,2,,,,,,,,,,,,,,9998,,,55.73228
16,1,3,1,4,4,3,5,2,,14850,14850,0,100,0,100,0,0,100,0,100,0,0,0,0,0,0,0,250,30,1,2800,2800,1500,,,1500,,,0,,1,350,,,0,,1,,,,100,0,0,0,0,0,0,,,,,,,100,0,0,0,2,,2,,,,,,,80,30,0,0,0,0,0,0,110,,,,,,,7,,9,10,,,,,,16,,,,,,,,,,,,,29,,,,,,,,2,,,,210,,,,0,0,,1,1,100,,,1,,,,100,0,0,0,0,0,4,,5,2,,,3,3,3,800,3,2,2,1,2,,8,2,,,,,,2,1,,,,,,,,,,,,,,9998,,,55.73228
16,1,3,1,4,4,3,5,2,,3300,0,3300,100,0,0,100,0,0,0,0,0,0,100,0,0,100,0,100,30,1,3413.8494,1895.4546,1000,,,1000,,,0,,1,150,,,0,,1,,,,100,0,0,0,0,0,0,,,,,,,100,0,0,0,2,,2,,,,,,,0,0,0,3,0,0,0,0,3,,2,,,,,7,,,,,,,,,16,,,,,,,,,,,,,,,,,,,,,1,1,,,20,20,,,0,0,,1,3,,,,1,,,,100,0,0,0,0,0,3,,,2,,,2,2,2,500,3,2,2,2,2,,7,2,,,,,,6,2,,,,,,,,,,,,,,9998,,,55.73228
16,1,3,1,4,5,3,1,1,1,6611,6611,0,100,0,0,100,0,100,0,0,100,0,0,0,0,0,0,300,28,1,4000,1500,350,,,300,,,0,,1,90,,,0,,1,,,,100,0,0,0,0,0,0,,,,,,,100,0,0,0,2,,2,,,,,,,30,0,0,20,0,0,0,0,50,,2,,,,,,,,,,,,14,,,,,,,,,,,,,,,,,,,,,,,1,1,,,70,20,,,0,0,,1,3,,,,1,,,,100,0,0,0,0,0,4,,1,2,,,3,3,2,700,3,2,2,2,2,,7,2,,,,,,6,1,,,,,,,,,,,,,,9998,,,55.73228
16,1,3,1,4,5,3,1,1,3,60000,40000,20000,100,0,0,100,0,100,0,0,100,0,100,0,0,100,0,1800,20,1,10000,900,4500,,,4500,,,0,,1,900,,,0,,1,,,,17,83,0,0,0,0,0,,,,,,,100,0,0,0,2,,2,,,,,,,74,3,0,33,0,0,0,0,110,,2,,,,,7,,,10,,,,14,,16,,,,,,,,,,,,,,40,,,,,,,1,1,,,46,35,,,0,0,,1,1,2000,,,1,2,,,0,90,10,0,0,0,3,,,2,,,3,2,1,1000,3,2,2,2,2,,7,2,,,,,,2,2,,,,,,,,,,,,,,9998,,,55.73228
16,1,3,1,4,5,3,1,1,4,24793,24793,0,100,0,0,100,0,100,0,0,100,0,0,0,0,0,0,1000,20,1,3000,400,2000,,,2000,,,0,,1,400,,,0,,1,,,,100,0,0,0,0,0,0,,,,,,,100,0,0,0,2,,2,,,,,,,90,10,0,3,0,0,0,0,103,,,,,,,7,,9,,,,,,,16,,,,,,,,,,,,,,,,,,,,,1,1,,,40,30,,,0,0,,1,1,500,,,1,2,,,100,0,0,0,0,0,3,,,2,,,2,2,1,500,3,2,2,2,2,,7,2,,,,,,6,2,,,,,,,,,,,,,,9998,,,55.73228
16,1,3,1,4,5,3,1,1,4,29700,29700,0,100,0,0,100,0,100,0,0,100,0,0,0,0,0,0,700,15,1,17532.6767,3605.0088,1000,,,80,,,0,,1,80,,,0,,1,,,,0,0,0,0,0,100,0,0,0,0,100,0,0,100,0,0,0,2,,2,,,,,,,0,0,0,5,0,0,0,0,5,,,,,,,7,,,,,,,,,16,,,,,,,,,,,,,,,,,,,,,1,1,,,25,15,,,0,0,,1,1,800,,,1,,,,100,0,0,0,0,0,3,,,2,,,3,3,3,1500,3,1,2,2,2,,3,1,1,,,,,2,1,,,,,,,,,,10,,,,,,,55.73228
16,1,3,1,4,5,3,1,2,,13200,3960,9240,100,0,30,70,0,100,0,100,0,0,100,0,0,100,0,1000,40,1,1500,180,900,,,900,,,0,,1,180,,,0,,1,,,,100,0,0,0,0,0,0,,,,,,,100,0,0,0,2,,2,,,,,,,5,5,10,10,0,0,0,0,30,,2,3,,,,7,,,,,,13,,,16,,18,,20,,,,24,,,,,29,,,,,,,,1,2,,,30,20,,,0,0,,1,3,,,,1,2,,,100,0,0,0,0,0,4,,6,2,,,3,3,2,1000,3,2,2,2,2,,9,2,,,,,,10,2,,,,,,,,,,,,,,9998,,,55.73228
16,1,3,1,4,5,3,3,2,,19800,0,19800,100,0,0,100,0,0,0,0,0,0,100,0,0,100,0,100,25,1,5000,1000,8000,,,8000,,,0,,1,1000,,,0,,1,,,,100,0,0,0,0,0,0,,,,,,,100,0,0,0,2,,2,,,,,,,100,20,30,15,30,20,0,0,215,1,2,3,4,,,,,,,,12,,14,,16,,,,,21,,,24,,,,,29,,,,,,,,1,1,,,50,30,,,0,0,,1,3,,,,1,2,,,100,0,0,0,0,0,3,,,2,,,3,3,1,1500,3,2,2,2,2,,4,2,,,,,,6,2,,,,,,,,,,,,,,9998,,,55.73228
16,1,3,1,4,5,3,5,1,2,3000,3000,0,100,0,0,100,0,100,0,0,100,0,0,0,0,0,0,200,28,1,1400,800,2200,,,2200,,,0,,1,500,,,0,,1,,,,60,0,0,0,20,20,0,70,0,0,30,0,0,30,0,70,0,2,,2,,,,,,,80,0,0,0,0,0,0,0,80,,2,,,,,7,,9,,,,,,,16,,,,,,,,,,,,,29,,,,,,,,1,1,,,250,150,,,0,0,,1,1,300,,,1,2,,,100,0,0,0,0,0,3,,,2,,,2,2,2,1000,3,2,2,2,2,,7,2,,,,,,2,2,,,,,,,,,,,,,,9998,,,55.73228
16,1,3,1,5,1,3,1,2,,70000,0,70000,100,0,0,100,0,0,0,0,0,0,100,0,0,100,0,2800,40,1,2000,400,2000,,,2000,,,0,,1,400,,,0,,1,,,,100,0,0,0,0,0,0,,,,,,,100,0,0,0,2,,2,,,,,,,11,11,0,14,40,0,0,0,76,,2,,,,,7,,,,,,,,,16,,,,,,,,,,,,,,40,,,,,,,2,1,,,30,30,,,0,0,,1,1,500,,,1,2,,,100,0,0,0,0,0,4,,4,3,,3,3,3,3,500,3,2,2,2,2,,7,2,,,,,,6,1,,,,,,,,,,,,,,9998,561,1,55.73228
16,1,3,1,5,2,3,1,2,,16529,0,16529,100,0,0,100,0,0,0,0,0,0,100,0,0,100,0,300,14,1,1600,200,1333,,,1333,,,0,,1,200,,,0,,1,,,,100,0,0,0,0,0,0,,,,,,,100,0,0,0,2,,2,,,,,,,57,0,0,9,0,0,0,0,66,,2,,,,,7,,,,,,,,,16,,,,,,,,,,,,,,,,,,,,,1,1,,,46,25,,,0,0,,1,1,1000,,,1,,,,100,0,0,0,0,0,4,,5,2,,,2,2,1,500,3,2,2,2,2,,7,2,,,,,,10,2,,,,,,,,,,,,,,9998,,,55.73228
16,1,3,1,5,3,3,1,1,2,2300,2300,0,100,0,100,0,0,100,0,100,0,0,0,0,0,0,0,150,5,1,1700,20,153,,,133,,,0,,1,20,,,0,,1,,,,100,0,0,0,0,0,0,,,,,,,100,0,0,0,2,,2,,,,,,,20,0,12,3,0,0,0,0,35,,2,,,,,7,,,,,,,,,16,,,,,,,,,,,,,,,,,,,,,1,1,,,20,5,,,0,0,,1,3,,,,1,,,,100,0,0,0,0,0,4,,2,3,,3,3,3,1,200,3,2,2,3,2,,7,2,,,,,,10,2,,,,,,,,,,,,,,9998,,,55.73228
16,1,3,1,5,3,3,1,1,3,19800,19800,0,100,0,0,100,0,100,0,0,100,0,0,0,0,0,0,380,20,1,5000,650,3500,,,3500,,,0,,1,650,,,0,,1,,,,100,0,0,0,0,0,0,,,,,,,100,0,0,0,2,,2,,,,,,,30,0,10,10,0,0,0,0,50,,2,3,,,,,,,,,,,14,,16,,,,,,,,24,,,,,29,,,,,,,,3,4,,,20,20,,,0,0,,1,1,200,,,1,2,,,100,0,0,0,0,0,3,,,2,,,3,3,1,1500,3,2,2,2,2,,8,2,,,,,,10,1,,,,,,,,,,,,,,9998,561,1,55.73228
16,1,3,1,5,3,3,1,2,,3300,3300,0,100,0,0,100,0,100,0,0,100,0,0,0,0,0,0,50,20,1,1014.1,117,150,,,150,,,0,,1,100,,,0,,1,,,,100,0,0,0,0,0,0,,,,,,,100,0,0,0,2,,2,,,,,,,10,0,5,5,0,0,0,0,20,,2,,,,,,,9,,,,,,,16,,,,,,,,24,,,,,29,,,,,,,,2,2,,,20,20,,,0,0,,1,3,,,,1,2,,,100,0,0,0,0,0,3,,,2,,,3,3,1,200,3,2,2,2,2,,4,2,,,,,,6,2,,,,,,,,,,,,,,9998,,,55.73228
16,1,3,1,5,3,3,5,1,2,14850,14850,0,100,0,0,100,0,100,0,0,100,0,0,0,0,0,0,800,30,1,2100,2100,1200,,,1200,,,0,,1,300,,,0,,1,,,,100,0,0,0,0,0,0,,,,,,,100,0,0,0,2,,1,0,100,0,0,0,1,100,0,0,0,0,0,0,0,100,,,,,,,7,,9,,,,,14,,16,,,,,21,,,,,,,,29,,,,,,,,2,1,,,150,90,,,0,0,,1,1,50,,,1,2,,,100,0,0,0,0,0,3,,,2,,,3,3,1,600,3,2,2,1,2,,3,2,,,,,,6,2,,,,,,,,,,,,,,9998,,,55.73228
16,1,3,1,5,4,3,1,1,1,30000,30000,0,100,0,0,100,0,100,0,0,100,0,0,0,0,0,0,350,20,1,987.569,151.82,1000,,,1000,,,0,,1,200,,,0,,1,,,,100,0,0,0,0,0,0,,,,,,,100,0,0,0,2,,2,,,,,,,17,0,0,6,0,0,0,0,23,,2,,,,,7,,,,,,,,,16,,,,,,,,,,,,,,,,,,,,,1,1,,,30,30,,,0,0,,1,1,100,,,1,,,,100,0,0,0,0,0,4,,4,2,,,3,3,1,300,3,2,2,2,2,,9,2,,,,,,6,2,,,,,,,,,,,,,,9998,,,55.73228
16,1,3,1,5,4,3,1,1,1,6611,6611,0,100,0,0,100,0,100,0,0,100,0,0,0,0,0,0,250,25,1,5000,3500,450,,,400,,,0,,1,60,,,0,,1,,,,100,0,0,0,0,0,0,,,,,,,100,0,0,0,2,,2,,,,,,,0,0,0,15,0,0,0,0,15,,,,,,,7,,,,,,,,,16,,,,,,,,,,,,,,,,,,,,,1,1,,,40,20,,,0,0,,1,3,,,,1,,,,100,0,0,0,0,0,4,,6,3,,1,3,3,3,500,3,2,2,2,1,8,9,2,,,,,,7,1,,,,,,,,,,,,,,9998,,,55.73228
16,1,3,1,5,4,3,1,1,2,9900,9900,0,100,0,0,100,0,100,0,0,100,0,0,0,0,0,0,50,20,1,2000,700,6000,,,6000,,,0,,1,700,,,0,,1,,,,100,0,0,0,0,0,0,,,,,,,100,0,0,0,2,,2,,,,,,,100,10,20,10,0,20,120,0,280,,2,3,,,,7,8,9,10,11,,,,,16,,,,,,,,24,,,,,29,,,,,,4,,2,2,2,,40,30,120,,0,0,1,1,3,,,,1,,,,100,0,0,0,0,0,3,,,4,,3,3,3,1,1000,3,2,2,2,2,,4,2,,,,,,10,2,,,,,,,,,,,,,,9998,,,55.73228
16,1,3,1,5,4,3,1,1,2,9900,9900,0,100,0,0,100,0,100,0,0,100,0,0,0,0,0,0,50,30,1,5954.7452,1045.3,300,,,300,,,0,,1,300,,,0,,1,,,,100,0,0,0,0,0,0,,,,,,,100,0,0,0,2,,2,,,,,,,40,40,5,5,0,5,0,0,95,1,2,3,,,,7,,,,,,13,14,,16,,,,,21,,,24,,,,,29,,,,,,,,2,2,,,30,30,,,0,0,,1,1,200,,,1,,,,100,0,0,0,0,0,3,,,2,,,2,2,1,500,3,2,2,2,2,,3,2,,,,,,6,2,,,,,,,,,,,,,,9998,,,55.73228
16,1,3,1,5,4,3,1,1,3,1652,1652,0,100,0,0,100,0,100,0,0,100,0,0,0,0,0,0,65,20,1,500,80,700,,,650,,,0,,1,80,,,0,,1,,,,70,0,0,0,0,30,0,0,0,0,100,0,0,100,0,0,0,2,,2,,,,,,,10,5,0,1,0,0,0,0,16,,2,,,,,7,,,,,,,14,,16,,,,,21,,,,,,,,,,,,,,,,1,1,,,40,20,,,0,0,,1,3,,,,1,2,,,100,0,0,0,0,0,3,,,2,,,3,3,3,200,3,2,2,2,2,,3,2,,,,,,6,1,,,,,,,,,,,,,,9998,561,1,55.73228
16,1,3,1,5,4,3,1,1,4,6611,6611,0,100,0,0,100,0,100,0,0,100,0,0,0,0,0,0,200,28,1,2500,100,1000,,,800,,,0,,1,100,,,0,,1,,,,100,0,0,0,0,0,0,,,,,,,100,0,0,0,2,,2,,,,,,,30,0,0,20,0,0,0,0,50,,,,,,,7,,9,,,,,14,,16,,,,,21,,,,,,,,,,,,,,,,1,1,,,35,15,,,0,0,,1,3,,,,1,,,,100,0,0,0,0,0,4,,5,3,,1,3,3,3,500,3,2,2,3,2,,3,2,,,,,,6,1,,,,,,,,,,,,,,9998,534,1,55.73228
16,1,3,1,5,4,3,1,2,,9000,0,9000,100,0,20,80,0,0,0,0,0,0,100,0,20,80,0,500,50,1,1500,150,855,,,833,,,0,,1,150,,,0,,1,,,,0,0,0,0,60,40,0,100,0,0,0,0,0,100,0,0,0,2,,2,,,,,,,50,10,0,3,0,0,0,0,63,,2,,,,,7,,,10,,,,,,16,,,,,,,,,,,,,,,,,,,,,1,1,,,42,20,,,0,0,,1,3,,,,1,2,,,100,0,0,0,0,0,4,,2,2,,,3,3,1,600,3,2,2,2,2,,3,2,,,,,,10,2,,,,,,,,,,,,,,9998,,,55.73228
16,1,3,1,5,4,3,1,2,,9900,0,9900,100,0,0,100,0,0,0,0,0,0,100,0,0,100,0,50,20,1,1000,150,1500,,,1500,,,0,,1,150,,,0,,1,,,,100,0,0,0,0,0,0,,,,,,,100,0,0,0,2,,2,,,,,,,20,0,5,5,5,5,60,0,100,,,,,,,7,,,,,,,,,16,,,,,,,,24,,,,,29,,,,,,2,,1,2,2,,5,20,150,,0,0,1,1,3,,,,1,,,,100,0,0,0,0,0,3,,,4,,3,3,3,1,500,3,2,2,2,2,,4,2,,,,,,6,2,,,,,,,,,,,,,,9998,,,55.73228
16,1,3,1,5,4,3,1,2,,9900,9900,0,100,0,0,100,0,100,0,0,100,0,0,0,0,0,0,50,30,1,1000,150,1300,,,1300,,,0,,1,150,,,0,,1,,,,100,0,0,0,0,0,0,,,,,,,100,0,0,0,2,,2,,,,,,,30,5,5,2,0,5,0,0,47,,2,3,,,,,,,,,,,,,16,,,,,,,,24,,,,,29,,,,,,,,1,1,,,30,45,,,0,0,,1,3,,,,1,2,,,100,0,0,0,0,0,3,,,2,,,3,3,1,300,3,2,2,1,2,,3,2,,,,,,10,2,,,,,,,,,,,,,,9998,,,55.73228
16,1,3,1,5,4,3,3,1,1,29752,9917,19835,100,33.3338935197634,0,66.6661064802366,0,100,0,0,100,0,100,50,0,50,0,900,25,1,800,200,1000,,,1000,,,0,,1,200,,,0,,1,,,,0,0,0,0,100,0,0,,,,,,,100,0,0,0,2,,2,,,,,,,31,0,0,6,0,0,0,0,37,,,,,,,7,,,,,,,,,16,,,,,,,,,,,,,,,,,,,,,1,1,,,35,30,,,0,0,,1,1,500,,,1,,,,100,0,0,0,0,0,3,,,2,,,2,2,1,500,3,2,2,2,2,,4,2,,,,,,3,2,,,,,,,,,,,,,,9998,,,55.73228
16,1,3,1,5,4,3,3,2,,9900,9900,0,100,0,30,70,0,100,0,30,70,0,0,0,0,0,0,50,30,1,5009.7838,112,400,,,400,,,0,,1,50,,,0,,1,,,,100,0,0,0,0,0,0,,,,,,,100,0,0,0,2,,2,,,,,,,0,0,0,3,0,5,0,0,8,,2,,,,,7,,,,,,13,14,,,,,,,21,,,24,,,,,,,,,,,,,2,,,,10,,,,0,0,,1,3,,,,1,,,,100,0,0,0,0,0,3,,,2,,,3,3,1,200,3,2,2,2,2,,4,2,,,,,,10,2,,,,,,,,,,,,,,9998,,,55.73228
16,1,3,1,5,4,3,5,1,2,19800,19800,0,100,0,0,100,0,100,0,0,100,0,0,0,0,0,0,600,40,1,2800,2800,1700,,,1700,,,0,,1,390,,,0,,1,,,,100,0,0,0,0,0,0,,,,,,,100,0,0,0,1,180,2,,,,,,,120,4,0,0,0,0,0,0,124,1,,,,,,7,,9,10,,,,,,16,,,,,21,,,,,26,,,29,,,,,,,,2,1,,,180,90,,,0,0,,1,1,400,,,1,,,,100,0,0,0,0,0,3,,,2,,,3,3,3,700,3,2,2,1,2,,7,2,,,,,,2,2,,,,,,,,,,,,,,9998,,,55.73228
16,1,3,1,5,4,3,5,1,4,49500,49500,0,100,0,0,100,0,100,0,0,100,0,0,0,0,0,0,300,30,1,1900,800,3200,,,3200,,,0,,1,800,,,0,,1,,,,100,0,0,0,0,0,0,,,,,,,100,0,0,0,2,,2,,,,,,,300,6,0,0,0,0,0,0,306,,2,,,,,7,,,,,,,,,16,,,,,,,,,,26,,,29,,,,,,,,2,1,,,280,150,,,0,0,,1,1,5000,,,1,2,,,100,0,0,0,0,0,3,,,2,,,3,3,3,1000,3,2,2,2,2,,3,2,,,,,,2,2,,,,,,,,,,,,,,9998,,,55.73228
16,1,3,1,5,5,3,1,1,1,15840,15840,0,100,0,0,100,0,100,0,0,100,0,0,0,0,0,0,300,15,1,5000,1600,3340,,,3340,,,0,,1,600,,,0,,1,,,,0,0,0,100,0,0,0,,,,,,,100,0,0,0,2,,2,,,,,,,60,0,0,5,0,0,0,0,65,,2,,,,,7,,,,,,,,,16,,,,,,,,,,,,,,,,,,,,,1,1,,,60,30,,,0,0,,1,1,300,,,1,,,,100,0,0,0,0,0,2,1,,2,,,3,3,1,1000,3,1,2,3,2,,9,1,1,,,,,1,2,,,,,,,,,,,,,,9998,,,55.73228
16,1,3,1,5,5,3,1,1,1,16500,9900,6600,100,0,0,100,0,100,0,0,100,0,100,0,0,100,0,450,20,1,1800,300,1700,,,1670,,,0,,1,300,,,0,,1,,,,100,0,0,0,0,0,0,,,,,,,100,0,0,0,2,,2,,,,,,,50,0,0,5,20,0,0,0,75,,2,,,,,7,,,,,,,,,16,,,,,,,,,,,,,,,,,,,,,1,1,,,60,30,,,0,0,,1,3,,,,1,,,,100,0,0,0,0,0,2,9997,,2,,,3,2,3,500,3,1,2,2,2,,3,2,,,,,,2,1,,,,,,,,,,,,,,9998,,,55.73228
16,1,3,1,5,5,3,1,1,1,19800,8250,11550,100,0,0,100,0,100,0,0,100,0,100,0,0,100,0,400,20,1,2000,600,2500,,,2300,,,0,,1,400,,,0,,1,,,,100,0,0,0,0,0,0,,,,,,,100,0,0,0,2,,2,,,,,,,52,5,0,15,15,0,0,0,87,,2,,,,,7,,,10,,,,,,16,,,,,,,,,,,,,,,,,,,,,1,1,,,40,30,,,0,0,,1,1,500,,,1,,,,100,0,0,0,0,0,2,2,,2,,,3,3,1,700,3,2,2,2,2,,3,2,,,,,,6,2,,,,,,,,,,,,,,9998,561,1,55.73228
16,1,3,1,5,5,3,1,1,1,9917,0,9917,100,0,0,100,0,0,0,0,0,0,100,0,0,100,0,300,15,1,3000,300,1500,,,1500,,,0,,1,300,,,0,,1,,,,100,0,0,0,0,0,0,,,,,,,100,0,0,0,2,,2,,,,,,,20,0,0,6,0,0,0,0,26,,2,,,,,7,,,,,,,,,16,,,,,,,,,,,,,,,,,,,,,1,1,,,37,30,,,0,0,,1,1,20,,,1,,,,100,0,0,0,0,0,4,,2,2,,,2,2,1,400,3,2,2,9997,2,,8,2,,,,,,6,2,,,,,,,,,,,,,,9998,,,55.73228
16,1,3,1,5,5,3,1,1,2,19800,19800,0,100,0,0,100,0,100,0,0,100,0,0,0,0,0,0,100,20,1,3000,600,5000,,,5000,,,0,,1,600,,,0,,1,,,,100,0,0,0,0,0,0,,,,,,,100,0,0,0,2,,2,,,,,,,50,5,5,5,0,5,120,0,190,,,,,,,,,9,,,,,,,16,,,,,,,,24,,,,,29,,,,,,,3,1,1,,5,30,30,,80,0,0,1,1,3,,,,1,,,,100,0,0,0,0,0,3,,,2,,,3,3,1,800,3,2,2,2,2,,4,2,,,,,,10,2,,,,,,,,,,,,,,9998,,,55.73228
16,1,3,1,5,5,3,1,1,2,19800,19800,0,100,0,0,100,0,100,0,0,100,0,0,0,0,0,0,200,30,1,1200,50,277,,,277,,,0,,1,50,,,0,,1,,,,100,0,0,0,0,0,0,,,,,,,100,0,0,0,2,,2,,,,,,,3,0,3,3,0,0,0,0,9,,2,3,,,,7,,,,,,,,,16,,18,,,,,,24,,,,,,,,,,,,,2,3,,,4,5,,,0,0,,1,3,,,,1,2,,,100,0,0,0,0,0,4,,6,2,,,3,3,3,1000,3,2,2,2,2,,9,2,,,,,,6,2,,,,,,,,,,,,,,9998,,,55.73228
16,1,3,1,5,5,3,1,1,2,19800,19800,0,100,0,0,100,0,100,0,0,100,0,0,0,0,0,0,450,20,1,1500,800,1000,,,1000,,,0,,1,200,,,0,,1,,,,100,0,0,0,0,0,0,,,,,,,100,0,0,0,2,,2,,,,,,,50,0,0,5,0,0,0,0,55,,2,,,,,7,,,,,,,,,16,,,,,,,,,,,,,,,,,,,,,1,1,,,20,30,,,0,0,,1,1,100,,,1,,,,100,0,0,0,0,0,3,,,2,,,3,3,1,800,3,2,2,2,2,,4,2,,,,,,10,2,,,,,,,,,,10,,,,,,,55.73228
16,1,3,1,5,5,3,1,1,2,20000,20000,0,100,0,0,100,0,100,0,0,100,0,0,0,0,0,0,300,26,1,3000,10,72,,,70,,,0,,1,10,,,0,,1,,,,0,0,0,0,0,100,0,0,0,0,100,0,0,100,0,0,0,2,,2,,,,,,,22,0,0,0,0,0,0,0,22,,2,,,,,7,,,,,,,,,16,,,,,,,,,,,,,,,,,,,,,1,1,,,5,1,,,0,0,,1,1,165,,,,,3,,100,0,0,0,0,0,4,,2,3,,3,3,3,1,400,3,2,2,2,2,,4,2,,,,,,10,2,,,,,,,,,,,,,,9998,,,55.73228
16,1,3,1,5,5,3,1,1,2,27720,27720,0,100,0,0,100,0,100,0,0,100,0,0,0,0,0,0,400,30,1,4465.1973,2427.8297,3000,,,3000,,,0,,1,400,,,0,,1,,,,100,0,0,0,0,0,0,,,,,,,100,0,0,0,2,,2,,,,,,,40,30,0,10,0,0,0,0,80,,2,,,,,7,,,,,,,14,,16,,,,,,,,,,,,,,,,,,,,,1,1,,,35,30,,,0,0,,1,1,300,,,1,,,,100,0,0,0,0,0,3,,,2,,,3,3,1,700,3,1,2,2,2,,3,2,,,,,,10,2,,,,,,,,,,10,,,,,,,55.73228
16,1,3,1,5,5,3,1,1,2,4958,4958,0,100,0,0,100,0,100,0,0,100,0,0,0,0,0,0,150,30,1,3000,100,1050,,,1000,,,0,,1,100,,,0,,1,,,,100,0,0,0,0,0,0,,,,,,,100,0,0,0,2,,2,,,,,,,15,10,0,10,8,0,0,0,43,,2,,,,,7,,,,,,,14,,16,,,,,21,,,,,,,,,,,,,,,,1,1,,,25,15,,,0,0,,1,3,,,,1,,,,100,0,0,0,0,0,3,,,2,,,3,3,3,400,3,2,2,2,2,,9,2,,,,,,10,2,,,,,,,,,,,,,,9998,561,1,55.73228
16,1,3,1,5,5,3,1,1,3,24793,24793,0,100,0,0,100,0,100,0,0,100,0,0,0,0,0,0,750,30,1,1500,243,1220,,,1220,,,0,,1,243,,,0,,1,,,,100,0,0,0,0,0,0,,,,,,,100,0,0,0,2,,2,,,,,,,0,13,3,0,0,0,0,0,16,,,,,,,7,,,,,,,,,16,,,,,,,,,,,,,,40,,,,,,,1,1,,,28,33,,,0,0,,1,1,300,,,,2,,,100,0,0,0,0,0,4,,2,4,,3,3,3,1,300,3,2,2,2,2,,4,2,,,,,,10,2,,,,,,,,,,,,,,9998,,,55.73228
16,1,3,1,5,5,3,1,1,3,30000,30000,0,100,0,0,100,0,100,0,0,100,0,0,0,0,0,0,1050,20,1,1000,350,2333,,,2333,,,0,,1,350,,,0,,1,,,,100,0,0,0,0,0,0,,,,,,,100,0,0,0,2,,2,,,,,,,22,50,0,10,0,0,0,0,82,,2,,,,,7,,,,,,,,,16,,,,,,,,,,,,,,,,,,,,,1,,,,30,,,,0,0,,1,1,500,,,1,,,,100,0,0,0,0,0,4,,2,2,,,3,3,1,500,3,2,2,2,2,,3,2,,,,,,6,2,,,,,,,,,,,,,,9998,,,55.73228
16,1,3,1,5,5,3,1,1,4,14876,14876,0,100,0,0,100,0,100,0,0,100,0,0,0,0,0,0,450,25,1,4000,100,500,,,500,,,0,,1,100,,,0,,1,,,,100,0,0,0,0,0,0,,,,,,,100,0,0,0,2,,2,,,,,,,26,15,0,5,0,0,0,0,46,,2,,,,,7,,9,10,,,,,,16,,,,,,,,,,,,,29,,,,,,,,1,1,,,40,30,,,0,0,,1,1,600,,,1,2,,,100,0,0,0,0,0,4,,4,3,,3,3,3,1,500,3,2,2,2,2,,9998,2,,,,,,6,2,,,,,,,,,,,,,,9998,,,55.73228
16,1,3,1,5,5,3,1,1,4,59504,59504,0,100,0,0,100,0,100,0,0,100,0,0,0,0,0,0,18000,25,1,1500,300,1200,,,1200,,,0,,1,300,,,0,,1,,,,100,0,0,0,0,0,0,,,,,,,100,0,0,0,2,,2,,,,,,,32,4,0,8,0,0,0,0,44,,2,,,,,7,,9,,,,,,,16,,,,,,,,,,,,,,40,,,,,,,2,1,,,70,30,,,0,0,,1,1,2000,,,1,2,,,100,0,0,0,0,0,4,,2,2,,,2,2,1,500,3,2,2,2,2,,7,2,,,,,,10,2,,,,,,,,,,,,,,9998,,,55.73228
16,1,3,1,5,5,3,1,2,,1552,310,1242,100,0,19.9742268041237,80.0257731958763,0,100,0,100,0,0,100,0,0,100,0,150,20,1,1000,150,937,,,937,,,0,,1,150,,,0,,1,,,,50,50,0,0,0,0,0,,,,,,,100,0,0,0,2,,2,,,,,,,5,0,10,10,0,0,0,0,25,,2,3,,,,,,,,,12,,,,16,,18,,,,,,24,,,,,29,,,,,,,,1,1,,,35,35,,,0,0,,1,1,100,,,1,2,,,100,0,0,0,0,0,4,,2,2,,,3,3,1,1000,3,2,2,2,2,,9,2,,,,,,10,2,,,,,,,,,,,,,,9998,,,55.73228
16,1,3,1,5,5,3,1,2,,20000,0,20000,100,0,0,100,0,0,0,0,0,0,100,0,0,100,0,500,16,1,2000,200,1211,,,1111,,,0,,1,200,,,0,,1,,,,100,0,0,0,0,0,0,,,,,,,100,0,0,0,2,,2,,,,,,,33,3,0,6,0,0,0,0,42,,2,,,,,7,,,10,,,,,,16,,,,,,,,,,,,,,40,,,,,,,1,1,,,35,1,,,0,0,,1,1,1000,,,1,2,,,100,0,0,0,0,0,4,,2,2,,,2,2,1,1000,3,2,2,2,2,,1,2,,,,,,6,2,,,,,,,,,,,,,,9998,,,55.73228
16,1,3,1,5,5,3,1,2,,20000,0,20000,100,0,0,100,0,0,0,0,0,0,100,0,0,100,0,600,20,1,3315.3733,616.03,385,,,385,,,0,,1,77,,,0,,1,,,,0,0,0,0,100,0,0,,,,,,,100,0,0,0,2,,2,,,,,,,0,15,0,2,50,0,0,0,67,,2,,,,,7,,,10,,,,,,16,,,,,,,,,,,,,,,,,,,,,1,1,,,25,25,,,0,0,,1,1,200,,,1,2,,,100,0,0,0,0,0,4,,5,2,,,3,3,1,400,3,2,2,2,2,,3,2,,,,,,10,2,,,,,,,,,,,,,,9998,563,1,55.73228
16,1,3,1,5,5,3,1,2,,6600,1320,5280,100,0,20,80,0,100,0,100,0,0,100,0,0,100,0,400,9,1,1200,200,1000,,,1000,,,0,,1,200,,,0,,1,,,,100,0,0,0,0,0,0,,,,,,,100,0,0,0,2,,2,,,,,,,30,40,5,3,0,0,0,0,78,,2,3,,,,7,,,,,12,13,,,16,,18,,20,,,,24,,,,,,,,,,,,,1,1,,,30,35,,,0,0,,1,1,300,,,1,2,,,100,0,0,0,0,0,2,2,,1,2,,1,1,1,1500,3,2,2,3,2,,9,2,,,,,,6,2,,,,,,,,,,,,,,9998,,,55.73228
16,1,3,1,5,5,3,1,2,,6600,6600,0,100,0,100,0,0,100,0,100,0,0,0,0,0,0,0,1000,20,1,650,100,555,,,555,,,0,,1,100,,,0,,1,,,,100,0,0,0,0,0,0,,,,,,,100,0,0,0,2,,2,,,,,,,5,3,3,5,0,0,0,0,16,,2,3,4,,,7,,,,,,,,,16,,,,20,,,,,,,,,,,,,,,,,2,2,,,7,30,,,0,0,,1,3,,,,1,2,,,100,0,0,0,0,0,3,,,2,,,3,3,1,800,3,2,2,2,2,,3,2,,,,,,6,2,,,,,,,,,,,,,,9998,,,55.73228
16,1,3,1,5,5,3,1,2,,9900,0,9900,100,0,0,100,0,0,0,0,0,0,100,0,0,100,0,300,25,1,1039.384,171.84,500,,,500,,,0,,1,100,,,0,,1,,,,100,0,0,0,0,0,0,,,,,,,100,0,0,0,2,,2,,,,,,,23,20,0,3,0,0,0,0,46,,2,,,,,7,,,,,,,,,16,,,,,,,,,,,,,,,,,,,,,1,8,,,40,,,,0,0,,1,1,100,,,1,,,,100,0,0,0,0,0,3,,,2,,,3,3,1,500,3,2,2,2,2,,3,2,,,,,,10,1,,,,,,,,,,10,,,,,,,55.73228
16,1,3,1,5,5,3,1,2,,9917,0,9917,100,0,0,100,0,0,0,0,0,0,100,0,0,100,0,350,20,1,1000,200,1330,,,1330,,,0,,1,200,,,0,,1,,,,100,0,0,0,0,0,0,,,,,,,100,0,0,0,2,,2,,,,,,,30,3,0,15,0,0,0,0,48,,2,,,,,7,,,10,,,,,,16,,,,,,,,,,,,,,40,,,,,,,1,1,,,30,20,,,0,0,,1,1,500,,,1,2,,,100,0,0,0,0,0,4,,2,2,,,3,3,1,400,3,2,2,3,2,,7,2,,,,,,6,2,,,,,,,,,,,,,,9998,,,55.73228
16,1,3,1,5,5,3,1,2,,9917,0,9917,100,0,0,100,0,0,0,0,0,0,100,0,0,100,0,350,20,1,2000,600,3000,,,3000,,,0,,1,6000,,,0,,1,,,,100,0,0,0,0,0,0,,,,,,,100,0,0,0,2,,2,,,,,,,15,10,0,6,0,0,0,0,31,,2,,,,,7,,9,,,,,,,16,,,,,,,,,,,,,,40,,,,,,,1,1,,,40,30,,,0,0,,1,1,70,,,1,2,,,99,1,0,0,0,0,4,,2,2,,,3,2,1,800,3,2,2,3,2,,8,2,,,,,,10,2,,,,,,,,,,,,,,9998,,,55.73228
16,1,3,1,5,5,3,3,1,3,29700,29700,0,100,0,0,100,0,100,0,0,100,0,0,0,0,0,0,500,18,1,7938.1456,3116.098,3000,,,2800,,,0,,1,500,,,0,,1,,,,100,0,0,0,0,0,0,,,,,,,100,0,0,0,2,,2,,,,,,,100,0,0,10,0,0,150,0,260,,2,,,,,7,,,,,,,14,,16,,,,,,,,,,,,,,,,,,,7,,1,1,1,,35,30,150,,0,0,1,1,1,1000,,,1,,,,100,0,0,0,0,0,3,,,2,,,3,3,1,1000,2,1,2,2,2,,4,2,,,,,,6,1,,,,,,,,,,10,,,,,,,55.73228
16,1,3,1,5,5,3,5,1,3,12000,12000,0,100,0,0,100,0,100,0,0,100,0,0,0,0,0,0,1000,38,1,2200,300,1300,,,1300,,,0,,1,300,,,0,,1,,,,100,0,0,0,0,0,0,,,,,,,100,0,0,0,2,,2,,,,,,,60,4,0,0,0,0,100,0,164,,,,,,,,,,,,,,,,16,,,,,21,,,,,26,,,29,,,,,,,3,1,1,,5,250,150,,100,0,0,1,1,2,,2023,200,1,,,,100,0,0,0,0,0,4,,5,3,,3,3,3,1,1000,3,2,2,1,2,,3,1,1,,,4,,7,1,,,,,,,,,,,,,,9998,,,55.73228
16,1,3,1,5,5,3,5,1,3,31680,31680,0,100,0,0,100,0,100,0,0,100,0,0,0,0,0,0,500,25,1,1600,1000,2250,,,2250,,,0,,1,500,,,0,,1,,,,100,0,0,0,0,0,0,,,,,,,100,0,0,0,2,,2,,,,,,,100,0,0,0,0,0,196,0,296,,2,,,,,7,,9,,,,,,,16,,,,,,,,,,,,,29,,,,,,,4,1,1,,7,200,80,,70,0,0,3,1,1,70,,,1,,,,100,0,0,0,0,0,3,,,1,3,,3,3,2,2000,3,1,1,2,2,,7,2,,,,,,2,2,,,,,,,,,,,,,,9998,,,55.73228
16,1,3,1,5,5,3,5,1,3,39600,39600,0,100,0,0,100,0,100,0,0,100,0,0,0,0,0,0,800,20,1,1864.74,435,3000,,,2500,,,0,,1,1000,,,0,,1,,,,50,0,0,0,0,50,0,0,0,0,100,0,0,100,0,0,0,2,,2,,,,,,,65,100,0,10,0,0,80,0,175,,,,,,,7,,,,,,,,,16,,,,,,,,,,,,,,,,,,,,1,1,1,,10,40,30,,80,0,0,1,1,1,500,,,1,,,,100,0,0,0,0,0,2,1,,2,,,2,2,1,1500,3,2,2,2,2,,9,2,,,,,,10,1,,,,,,,,,,10,,,,,,,55.73228
16,1,3,1,5,5,3,5,2,,1980,1980,0,100,0,100,0,0,100,0,100,0,0,0,0,0,0,0,50,28,1,1300,400,270,,,270,,,0,,1,62,,,0,,1,,,,100,0,0,0,0,0,0,,,,,,,100,0,0,0,2,,2,,,,,,,20,10,0,0,0,0,0,0,30,,2,,,,,7,,,,,,,,,16,,,,,,,,,,,,,29,,,,,,,,1,1,,,150,90,,,0,0,,1,3,,,,1,2,,,100,0,0,0,0,0,3,,,2,,,2,2,1,300,3,2,2,1,2,,7,2,,,,,,6,2,,,,,,,,,,,,,,9998,,,55.73228
16,1,3,2,3,2,3,5,1,1,9900,9900,0,100,0,0,100,0,100,0,0,100,0,0,0,0,0,0,80,20,1,2800,400,450,,,450,,,0,,1,100,,,0,,1,,,,100,0,0,0,0,0,0,,,,,,,100,0,0,0,2,,2,,,,,,,0,20,0,0,0,0,0,0,20,,,,,,,7,,9,,,,,,,16,,,,,21,,,,,26,,,,,,,,,,,1,1,,,120,120,,,0,0,,1,1,100,,,1,,,,100,0,0,0,0,0,5,,6,2,,,3,3,3,300,3,2,2,2,2,,8,2,,,,,,2,2,,,,,,,,,,,,,,9998,,,55.73228
16,1,3,2,3,2,3,5,1,4,39600,39600,0,100,0,0,100,0,100,0,0,100,0,0,0,0,0,0,800,15,1,2200,300,1400,,,1400,,,0,,1,300,,,0,,1,,,,100,0,0,0,0,0,0,,,,,,,100,0,0,0,2,,2,,,,,,,120,4,0,0,0,0,0,0,124,1,,,,,,7,,9,10,,,,,,16,,,,,21,,,,,,,,29,,,,,,,2,,1,,10,,150,,80,0,0,2,1,1,600,,,1,,,,100,0,0,0,0,0,3,,,2,,,3,3,3,800,3,2,2,1,2,,3,2,,,,,,6,2,,,,,,,,,,,,,,9998,,,55.73228
16,1,3,2,3,4,3,1,2,,30000,0,30000,100,0,0,100,0,0,0,0,0,0,100,0,0,100,0,1000,25,1,3000,50,250,,,250,,,0,,1,500,,,0,,1,,,,100,0,0,0,0,0,0,,,,,,,100,0,0,0,2,,2,,,,,,,0,0,0,1,50,0,0,0,51,,,,,,,7,,,,,,,,,16,,,,,,,,,,,,,,,,,,,,,1,1,,,1,3,,,0,0,,1,1,2500,,,1,,,,100,0,0,0,0,0,3,,,2,,,3,3,3,300,3,2,2,2,2,,3,2,,,,,,10,2,,,,,,,,,,,,,,9998,,,55.73228
16,1,3,2,4,3,3,1,2,,12870,0,12870,100,0,0,100,0,0,0,0,0,0,100,0,0,100,0,250,25,1,1500,100,555,,,555,,,0,,1,100,,,0,,1,,,,100,0,0,0,0,0,0,,,,,,,100,0,0,0,2,,2,,,,,,,50,0,0,0,5,0,0,0,55,,2,,,,,7,,,,,,,,,16,,,,,,,,,,,,,,,,,,,,,1,1,,,10,40,,,0,0,,1,3,,,,1,,,,100,0,0,0,0,0,3,,,2,,,3,3,3,300,3,2,2,2,2,,3,2,,,,,,10,2,,,,,,,,,,,,,,9998,,,55.73228
16,1,3,2,4,3,3,4,1,2,9900,9900,0,100,0,0,100,0,100,0,0,100,0,0,0,0,0,0,50,20,1,1842.7,39,1200,,,1200,,,0,,1,150,,,0,,1,,,,100,0,0,0,0,0,0,,,,,,,100,0,0,0,2,,2,,,,,,,20,0,0,2,0,0,60,0,82,,,3,,,,7,,,,,,,,,16,,,,,,,,,,,,,29,,,,,,2,,1,2,2,,5,10,150,,0,0,1,1,3,,,,1,,,,100,0,0,0,0,0,3,,,4,,3,3,3,1,500,3,2,2,2,2,,4,2,,,,,,10,2,,,,,,,,,,,,,,9998,,,55.73228
16,1,3,2,4,4,3,1,1,3,9900,9900,0,100,0,0,100,0,100,0,0,100,0,0,0,0,0,0,300,40,1,1000,200,1111,,,1111,,,0,,1,200,,,0,,1,,,,100,0,0,0,0,0,0,,,,,,,100,0,0,0,2,,2,,,,,,,5,0,5,5,0,0,0,0,15,,,3,,,,7,,,,,12,,14,,16,,18,,20,,,,24,,,,,29,,,,,,,,1,1,,,35,35,,,0,0,,1,3,,,,1,2,,,100,0,0,0,0,0,3,,,2,,,3,3,1,500,3,2,2,2,2,,9,2,,,,,,7,2,,,,,,,,,,,,,,9998,,,55.73228
16,1,3,2,5,2,3,1,1,1,1320,1320,0,100,0,0,100,0,100,0,0,100,0,0,0,0,0,0,60,10,1,900,50,250,,,250,,,0,,1,50,,,0,,1,,,,100,0,0,0,0,0,0,,,,,,,100,0,0,0,2,,2,,,,,,,3,0,5,5,0,0,0,0,13,,,3,,,,,,,,,,,,,16,,,,20,,,,,,,,,,,,,,,,,,1,,,,10,,,0,0,,1,3,,,,,2,,,100,0,0,0,0,0,4,,5,2,,,3,3,2,500,3,2,2,2,2,,9,2,,,,,,6,2,,,,,,,,,,,,,,9998,,,55.73228
16,1,3,2,5,4,3,1,2,,4950,1980,2970,100,0,40,60,0,100,0,100,0,0,100,0,0,100,0,300,30,1,800,10,115,,,115,,,0,,1,10,,,0,,1,,,,0,0,0,0,0,100,0,0,0,0,100,0,0,100,0,0,0,2,,2,,,,,,,2,0,2,2,0,0,0,0,6,,,,,,,7,,,,,,,,,16,,18,,,,,,,,,,,,,,,,,,,,1,,,,10,,,0,0,,1,3,,,,,2,,,100,0,0,0,0,0,4,,6,2,,,3,3,2,500,3,2,2,2,2,,9,2,,,,,,6,2,,,,,,,,,,,,,,9998,,,55.73228
16,1,3,2,5,5,3,1,1,1,3300,3300,0,100,0,0,100,0,100,0,0,100,0,0,0,0,0,0,150,25,1,1800,750,680,,,680,,,0,,1,150,,,0,,1,,,,100,0,0,0,0,0,0,,,,,,,100,0,0,0,2,,2,,,,,,,45,30,0,0,0,0,0,0,75,1,2,,,,,7,,9,,,,,,,16,,,,,21,,,,,,,28,29,,,,,,,,1,1,,,180,100,,,0,0,,1,1,5,,,1,,,,100,0,0,0,0,0,4,,2,2,,,2,2,1,500,3,2,2,2,2,,8,2,,,,,,2,2,,,,,,,,,,,,,,9998,,,55.73228
16,1,3,2,5,5,3,1,1,2,24793,24793,0,100,0,0,100,0,100,0,0,100,0,0,0,0,0,0,800,30,1,1500,1000,500,,,400,,,0,,1,30,,,0,,1,,,,0,0,0,0,0,100,0,0,0,0,100,0,0,100,0,0,0,2,,2,,,,,,,30,0,0,20,0,0,0,0,50,,,,,,,7,,,,,,,,,16,,,,,,,,,,,,,,,,,,,,,1,1,,,3,70,,,0,0,,1,1,200,,,1,,3,,100,0,0,0,0,0,4,,5,2,,,3,3,3,1000,3,1,2,1,2,,3,2,,,,,,10,1,,,,,,,,,,,,,,9998,513,1,55.73228
16,1,3,2,5,5,3,1,1,2,30082,30082,0,100,0,0,100,0,100,0,0,100,0,0,0,0,0,0,800,30,1,1500,300,200,,,150,,,0,,1,20,,,0,,1,,,,0,0,0,0,0,100,0,0,0,0,100,0,0,100,0,0,0,2,,2,,,,,,,0,0,0,0,0,0,0,0,0,,2,,,,,7,,,,,,,,,16,,,,,,,,,,,,,,,,,,,,,,1,,,,3,,,0,0,,1,3,,,,,,,9997,100,0,0,0,0,0,5,,2,3,,3,3,3,1,300,3,2,2,1,2,,8,2,,,,,,6,1,,,,,,,,,,,,,,9998,,,55.73228
16,1,3,2,5,5,3,1,1,2,9900,9900,0,100,0,0,100,0,100,0,0,100,0,0,0,0,0,0,200,40,1,700,15,100,,,100,,,0,,1,15,,,0,,1,,,,0,0,0,0,0,100,0,0,0,0,100,0,0,100,0,0,0,2,,2,,,,,,,3,3,3,3,0,0,0,0,12,,,3,,,,,,,,,,,,,16,,,,,,,,24,,,,,,,,,,,,,1,1,,,3,10,,,0,0,,1,3,,,,1,2,,,100,0,0,0,0,0,4,,6,2,,,3,3,1,500,3,2,2,2,2,,9,2,,,,,,6,2,,,,,,,,,,,,,,9998,,,55.73228
16,1,3,2,5,5,3,1,1,3,16500,16500,0,100,0,0,100,0,100,0,0,100,0,0,0,0,0,0,1000,40,1,800,40,235,,,235,,,0,,1,40,,,0,,1,,,,100,0,0,0,0,0,0,,,,,,,100,0,0,0,2,,2,,,,,,,5,0,5,5,0,0,0,0,15,,,,,,,7,,,,,,,,,16,,18,,20,,,,24,,,,,,,,,,,,,1,1,,,3,35,,,0,0,,1,3,,,,1,2,,,100,0,0,0,0,0,3,,,2,,,3,3,3,500,3,2,2,2,2,,9,2,,,,,,10,2,,,,,,,,,,,,,,9998,,,55.73228
16,1,3,2,5,5,3,1,1,3,9917,9917,0,100,0,0,100,0,100,0,0,100,0,0,0,0,0,0,250,35,1,150,20,200,,,150,,,0,,1,20,,,0,,1,,,,100,0,0,0,0,0,0,,,,,,,100,0,0,0,2,,2,,,,,,,0,0,0,0,0,0,0,0,0,,,,,,,,,,,,,,,,16,,,,,,,,,,,,,,,,,,,,,,1,,,,5,,,0,0,,1,3,,,,,,3,,100,0,0,0,0,0,5,,2,3,,3,3,3,1,20,3,2,2,2,2,,7,2,,,,,,6,2,,,,,,,,,,,,,,9998,,,55.73228
16,1,3,2,5,5,3,1,2,,1650,1650,0,100,0,100,0,0,100,0,100,0,0,0,0,0,0,0,300,42,1,800,100,555,,,555,,,0,,1,100,,,0,,1,,,,100,0,0,0,0,0,0,,,,,,,100,0,0,0,2,,2,,,,,,,4,0,10,10,0,0,0,0,24,,,3,,,,7,,,,,,,,,16,,,,,,,,24,,,,,29,,,,,,,,2,1,,,4,15,,,0,0,,1,3,,,,1,2,,,100,0,0,0,0,0,4,,2,2,,,3,3,1,500,3,2,2,3,2,,9,2,,,,,,6,2,,,,,,,,,,,,,,9998,,,55.73228
16,1,3,2,5,5,3,1,2,,3300,0,3300,100,0,0,100,0,0,0,0,0,0,100,0,0,100,0,200,30,1,800,50,384,,,384,,,0,,1,50,,,0,,1,,,,0,0,0,0,100,0,0,,,,,,,100,0,0,0,2,,2,,,,,,,10,0,5,5,0,0,0,0,20,,,,,,,7,,,,,,,,,16,,18,,,,,,24,,,,,,,,,,,,,1,1,,,3,30,,,0,0,,1,3,,,,1,2,,,100,0,0,0,0,0,4,,5,2,,,3,3,2,500,3,2,2,2,2,,9,2,,,,,,10,2,,,,,,,,,,,,,,9998,,,55.73228
3,1,3,1,4,4,3,6,1,2,210000,210000,0,100,0,0,100,0,100,0,0,100,0,0,0,0,0,0,1500,50,1,2500,500,5000,,,5000,,,,1,,500,,,0,,1,,,,0,0,0,0,0,100,0,0,0,0,100,0,0,100,0,0,0,2,,2,,,,,,,300,0,10,100,0,30,0,0,440,1,2,3,,,,7,,9,,,,,,,16,,,,,21,,,,,,,28,,,,,,,,,2,1,,,120,120,,,0,0,,1,3,,,,1,,,,100,0,0,0,0,0,3,,,2,,,2,2,1,2000,3,2,2,1,1,2,7,2,,,,,,10,1,,,,,,,,,,,,,,9998,619,3,49.16667
3,1,3,2,4,4,3,6,1,1,2479,2479,0,100,0,100,0,0,100,0,100,0,0,0,0,0,0,0,700,40,1,1500,300,2000,,,2000,,,,1,,250,,,0,,1,,,,0,0,0,0,100,0,0,,,,,,,100,0,0,0,2,,2,,,,,,,50,0,50,50,0,10,0,0,160,,2,,,,,,,,,,,,14,,16,,,,,,,,,,,,,,,,,,,,,1,1,,,120,120,,,0,0,,1,3,,,,1,,,,100,0,0,0,0,0,3,,,2,,,2,2,1,1000,3,2,2,2,2,,7,2,,,,,,10,1,,,,,,,,,,,,,,9998,,,49.16667
6,1,2,1,5,5,2,1,1,3,45045,45045,0,100,0,0,100,0,100,0,0,100,0,0,0,0,0,0,1360,40,1,3000,2000,10000,,,10000,,,,1,,2000,,,0,,1,,,,0,0,0,0,0,100,0,50,50,0,0,0,0,100,0,0,0,2,,2,,,,,,,200,100,20,30,0,0,700,0,1050,,,3,,,,,,9,10,,,13,,,16,,,,,21,,,24,,,,,,,,,,,1,4,1,1,20,20,60,30,120,100,0,0,1,1,1,4000,,,1,2,,,100,0,0,0,0,0,4,,2,2,,,3,3,1,5000,3,1,2,1,2,,1,2,,,,,,6,1,,,,,,,,,,,,,,9998,,,49.16667
8,1,1,1,4,3,1,,1,1,13200,8250,4950,100,0,0,100,0,100,0,0,100,0,100,0,0,100,0,200,16,1,8615.5613,1089.8217,2726,,,2726,,,0,,1,1363,,,0,,1,,,,70,0,0,0,0,30,0,0,0,0,100,0,0,100,0,0,0,2,,2,,,,,,,70,20,0,30,15,40,100,0,275,,,,,,,7,,9,,,,13,,,16,,,,,21,,,,,,,,,,,,,,,,1,1,,,90,90,,,0,0,,1,3,,,,1,,,,100,0,0,0,0,0,3,,,2,,,3,2,1,1600,3,2,2,2,2,,8,2,,,,,,2,2,,,,,,,,,,,,,,9998,,,49.16667
8,1,2,1,3,3,2,6,1,2,145038,21146,123892,100,1.8542037259201,0,98.1457962740799,0,100,1,0,99,0,100,2,0,98,0,8550,17,1,34013.855,29671.497,36180,,,7236,,,28944,,,3618,,,14472,,,1,,,50,0,0,0,0,50,0,20,20,0,60,0,0,100,0,0,0,1,12000,1,10,30,30,20,10,2,700,800,400,300,400,600,3000,0,6200,,2,3,4,5,,7,,9,10,11,12,13,,,16,,18,,20,21,,23,24,,26,27,,,,,,,,2,10,1,2,30,30,300,300,165,130,0,0,3,1,1,7000,,,1,,,,50,50,0,0,0,0,2,4,,2,,,1,1,1,30000,2,2,2,2,2,,6,1,,,3,,,4,1,1,2,,,5,,,,9,,,,,,536,1,49.16667
8,1,3,1,4,5,3,1,1,2,29700,29700,0,100,0,0,100,0,100,0,0,100,0,0,0,0,0,0,800,40,1,2500,1000,5000,,,5000,,,0,,1,1000,,,0,,1,,,,30,0,0,0,50,20,0,50,50,0,0,0,0,100,0,0,0,2,,2,,,,,,,200,100,5,5,0,0,300,0,610,,,,,,,7,,9,,,,13,,,16,,,,,,,,,,,,,,,,,,,1,4,1,1,7,7,60,30,120,80,0,0,1,1,1,3000,,,1,2,,,100,0,0,0,0,0,4,,1,3,,3,3,3,1,3000,3,1,2,2,2,,4,2,,,,,,6,1,,,,,,,,,,,,,,9998,,,49.16667
9,1,1,1,5,3,1,,1,4,115702,115702,0,100,0,0,100,0,100,0,0,100,0,0,0,0,0,0,4000,26,1,15000,15000,25000,,,25000,,,0,,1,15000,,,0,,1,,,,100,0,0,0,0,0,0,,,,,,,100,0,0,0,2,,2,,,,,,,1000,500,1500,0,0,0,4000,0,7000,,2,,,,,,8,9,,,,13,14,,16,,,,20,21,,,,,,27,,29,,,,,,200,300,1,1,200,200,340,340,110,90,0,0,9997,2,1,7000,,,1,,,,97,3,0,0,0,0,4,,2,2,,,2,2,1,20000,2,2,2,2,2,,3,1,1,2,3,4,,2,1,,,,,,,,,9,,,,,,542,1,58
9,1,2,1,5,3,2,1,1,4,198347,198347,0,100,0,0,100,0,100,0,0,100,0,0,0,0,0,0,1500,18,1,3000,1500,8000,,,8000,,,,1,,1500,,,0,,1,,,,0,0,0,0,100,0,0,,,,,,,100,0,0,0,1,2400,2,,,,,,,300,250,0,0,600,0,350,0,1500,,,3,,5,,7,,,10,,12,13,,,16,,,,,21,,,24,,,,,,,,,,,6,90,1,1,3,30,30,30,110,90,0,0,9997,2,1,700,,,1,,,,100,0,0,0,0,0,4,,6,4,,1,2,3,2,5000,2,2,2,1,2,,8,1,1,,,,,2,1,,,,,,,,,,,,,,9998,803,7,58
9,1,3,1,5,2,3,1,2,,3031,3031,0,100,0,100,0,0,100,0,100,0,0,0,0,0,0,0,200,9,1,5000,0,0,,1,0,,1,0,,1,0,,1,0,,1,,,,0,0,0,0,100,0,0,,,,,,,100,0,0,0,2,,2,,,,,,,76,20,10,0,0,0,0,0,106,1,,3,,,6,7,8,9,10,11,,13,14,,,,18,,20,21,,,24,,,,28,,,,,,,,,1,1,,,15,15,,,0,0,,1,3,,,,1,,,,90,10,0,0,0,0,3,,,4,,4,2,2,1,500,3,2,2,3,1,9997,11,2,,,,,,6,1,,,,,,,,,,10,,,,,530,1,58
9,1,3,1,5,3,3,1,2,,3306,0,3306,100,0,0,100,0,0,0,0,0,0,100,0,0,100,0,90,20,1,1200,30,80,,,80,,,0,,1,30,,,0,,1,,,,0,0,0,0,0,100,0,0,0,0,100,0,0,100,0,0,0,2,,2,,,,,,,20,30,5,0,0,0,0,0,55,1,,,,,,,,,10,,,,,,16,,18,,,,,,,,,,,,,,,,,,,1,1,,,5,5,,,0,0,,1,1,60,,,,,3,,100,0,0,0,0,0,3,,,2,,,3,3,4,100,3,2,2,9998,2,,3,2,,,,,,10,2,,,,,,,,,,,,,,9998,,,58
9,1,3,2,5,1,3,1,1,1,5822,5822,0,100,0,0,100,0,100,0,0,100,0,0,0,0,0,0,30,8,1,700,50,35,,,20,,,0,,1,50,,,0,,1,,,,0,0,0,0,0,0,100,,,,,,,100,0,0,0,1,15,2,,,,,,,9,2,0,0,0,0,0,0,11,1,,3,,,,,,,10,,,,,,16,,18,,,,,,,,,,,,,,,,,,,1,1,,,15,15,,,0,0,,1,1,96,,,1,,,,100,0,0,0,0,0,3,,,2,,,2,2,1,200,3,2,2,2,2,,4,1,1,,,,,9,1,,,,,,,,,,,,,,9998,803,7,58
