"지역","업종구분","경영형태","경영주 성별","연령","종사 기간별","전겸업 여부","겸업 주 업종","산림 소유 여부","산림 규모별","산림 임차 여부","임차한 산림 면적","재배장 면적 노지재배지_본인 소유","재배장 면적 노지재배지_임차","재배장 면적 시설재배사_본인 소유","재배장 면적  시설재배사_임차","재배장 면적 시설(톱밥) 재배사_본인 소유","재배장 면적 시설(톱밥) 재배사_임차","표고버섯 평균 재배본수","톱밥배지 표고 재배 전향 의향 여부","톱밥배지 표고 재배형태","톱밥배지 평균 중량","톱밥배지 수량","가구 총 수입","임업 총 수입","생표고_생산량","생표고_생산량_없음","생표고_생산량_포전판매","생표고 판매량_원물","생표고 판매량_원물_없음","생표고 판매량_원물_포전판매","생표고 판매량_가공","생표고 판매량_가공_없음","생표고 판매량_가공_포전판매","생표고 판매 수입_원물","생표고 판매 수입_원물_없음","생표고 판매 수입_원물_포전판매","생표고 판매 수입_가공","생표고 판매 수입_가공_없음","생표고 판매 수입_가공_포전판매","건표고_생산량","건표고_생산량_없음","건표고_생산량_포전판매","건표고 판매량_원물","건표고 판매량_원물_없음","건표고 판매량_원물_포전판매","건표고 판매량_가공","건표고 판매량_가공_없음","건표고 판매량_가공_포전판매","건표고 판매 수입_원물","건표고 판매 수입_원물_없음","건표고 판매 수입_원물_포전판매","건표고 판매 수입_가공","건표고 판매 수입_가공_없음","건표고 판매 수입_가공_포전판매","톱밥배지_생산량","톱밥배지_생산량_없음","톱밥배지_생산량_포전판매","톱밥배지 판매량_원물","톱밥배지 판매량_원물_없음","톱밥배지 판매량_원물_포전판매","톱밥배지 판매량_가공","톱밥배지 판매량_가공_없음","톱밥배지 판매량_가공_포전판매","톱밥배지 판매 수입_원물","톱밥배지 판매 수입_원물_없음","톱밥배지 판매 수입_원물_포전판매","톱밥배지 판매 수입_가공","톱밥배지 판매 수입_가공_없음","톱밥배지 판매 수입_가공_포전판매","가장 많이 판매한 가공품 1","가장 많이 판매한 가공품 2","가장 많이 판매한 가공품 3","작년 생산한 임산물 중 재고여부","작년 생산한 임산물 재고량","주요 판매처 비율_농협","주요 판매처 비율_산림조합","주요 판매처 비율_수집상","주요 판매처 비율_가공업체","주요 판매처 비율_도소매상","주요 판매처 비율_직거래","주요 판매처 비율_기타","직거래 임산물 판매방법_전화 주문","직거래 임산물 판매방법_인터넷 주문","직거래 임산물 판매방법_온라인 판매_기타","직거래 임산물 판매방법_온라인 판매_기타항목","직거래 임산물 판매방법_직접 판매","직거래 임산물 판매방법_임산물 축제","직거래 임산물 판매방법_오프라인 판매_기타","직거래 임산물 판매방법_오프라인 판매_기타항목","코로나 온라인 판매량","작년 판매대금 결제방법_1개월 이내 현금","작년 판매대금 결제방법_후불(어음 또는 1개월 이후 현금)","작년 판매대금 결제방법_선도금","작년 판매대금 결제방법_기타","생표고 평균 저장개월","폐골목 처리 방법","투입비용_표고지목 구입비(원목)/톱밥배지 구입비(톱밥)","투입비용_종균비","투입비용_기타재료비","투입비용_수도광열비","투입비용_임차료","투입비용_수선비","투입비용_인건비","투입비용_기타","보유시설 및 장비_건조기","보유시설 및 장비_기계톱","보유시설 및 장비_저온 저장고","보유시설 및 장비_드릴","보유시설 및 장비_천공기","보유시설 및 장비_자동 접종기","보유시설 및 장비_종균 성형기","보유시설 및 장비_소형 화물차","보유시설 및 장비_경운기","보유시설 및 장비_양수기","보유시설 및 장비_예취기","보유시설 및 장비_기타","총 인원 수-고용남성(男)","총 인원 수-고용여성(女)","총 인원 수-자가남성(男)","총 인원 수-자가여성(女)","1인당 평균 작업 일 수-고용남성(男)","1인당 평균 작업 일 수-고용여성(女)","1인당 평균 작업 일 수-자가남성(男)","1인당 평균 작업 일 수-자가여성(女)","1인당 하루 평균 노동비 (간식^ 현물 등 포함)-고용남성(男)","1인당 하루 평균 노동비 (간식^ 현물 등 포함)-고용여성(女)","1인당 하루 평균 노동비 (간식^ 현물 등 포함)-자가남성(男)","1인당 하루 평균 노동비 (간식^ 현물 등 포함)-자가여성(女)","고용노동력 확보지역","작년 생산비 조달 방법_자부담","작년 생산비 조달 방법_정부 보조","작년 생산비 조달 방법_정부 융자","작년 생산비 조달 방법_금융기관 융자","작년 생산비 조달 방법_수집상 선도금","작년 생산비 조달 방법_기타","버섯 재배업 전망","버섯 재배업 전망이유_긍정","버섯 재배업 전망이유_부정","3년간 생산량 변화","3년간 소득 변화","버섯 재배업 재배계획","버섯 재배 늘리려는 이유","버섯 재배 줄이려는 이유","버섯 재배업 애로사항","버섯 재배업 개선 필요 사항","가장 시급한 산림정책","공식 인증 여부","받은 공식인증_친환경 인증","받은 공식인증_지리적 표시제","받은 공식인증_GAP(추진이력제)","받은 공식인증_품질 인증","받은 공식인증_기타","사업 정보 획득 경로","임업경영체 등록여부","임업관련 지원금 수혜여부_산림경영기반조성(숲가꾸기 및 임도시설)","임업관련 지원금 수혜여부_산림경영기반조성(전문임업인기반조성)","임업관련 지원금 수혜여부_산양삼 생산","임업관련 지원금 수혜여부_귀산촌인 창업 및 주택구입 지원","임업관련 지원금 수혜여부_단기산림소득지원","임업관련 지원금 수혜여부_단기산림소득지원 관련 보조수반 융자사업","임업관련 지원금 수혜여부_조림목 묘목 생산","임업관련 지원금 수혜여부_목재이용활성화 지원","임업관련 지원금 수혜여부_임업인경영자금 지원","임업관련 지원금 수혜여부_임업인 재해복구 긴급지원","임업관련 지원금 수혜여부_산림소득 유통분야 공모사업","임업관련 지원금 수혜여부_임산물 수출지원","임업관련 지원금 수혜여부_임산물 판로지원 사업","임업관련 지원금 수혜여부_없음","산림청에 바라는 점","산림청에 바라는 점_없음","가중치"
10,1,2,1,3,1,2,6,1,1,2,0,2700,600,0,0,,,3000,1,,,,7075.2296,2398.8,700,,,700,,,,1,,700,,,,1,,,1,,,1,,,1,,,1,,,1,,,,,,,,,,,,,,,,,,,,1,20,0,0,0,0,0,100,0,0,80,0,,20,0,0,,3,0,0,100,0,2,3,0,0,35,0,20,0,0,0,,2,3,4,5,,,,,,,,0,0,1,1,0,0,60,30,0,0,0,0,,100,0,0,0,0,0,4,,6,3,3,2,,,2,3,2,2,,,,,,1,1,,,,,,,,,,,,,,9998,98,9998,17.78571
10,1,2,1,4,1,2,6,2,,2,0,0,1320,0,0,,,1000,2,,,,1500,800,890,,,890,,,,1,,800,,,,1,,,1,,,1,,,1,,,1,,,1,,,,,,,,,,,,,,,,,,,,2,,0,0,0,0,0,100,0,0,0,0,,100,0,0,,,100,0,0,0,1,4,0,0,0,3,30,0,0,0,,2,,4,,,,,,,,,0,0,1,0,0,0,60,0,0,0,0,0,,100,0,0,0,0,0,3,,,3,3,3,,1,2,5,5,2,,,,,,6,1,,,,,,,,,,,,,,9998,98,9998,17.78571
10,1,2,2,3,2,2,5,1,4,2,0,300,0,0,0,,,2000,2,,,,10000,10000,625,,,625,,,0,,,1000,,,,1,,,1,,,1,,,1,,,1,,,1,,,,,,,,,,,,,,,,,,,,2,,0,0,0,0,50,50,0,0,0,0,,100,0,0,,,100,0,0,0,2,3,0,0,0,5,0,0,0,0,1,2,3,4,,,,8,9,,,,0,0,1,1,0,0,60,60,0,0,0,0,,100,0,0,0,0,0,1,1,,1,1,1,3,,2,6,2,2,,,,,,10,2,,,,,,,,,,,,,,9998,98,9998,17.78571
10,1,3,1,4,2,3,1,1,4,2,0,4290,0,0,0,,,8000,2,,,,1000,0,50,,,,1,,,1,,,1,,,1,,,1,,,1,,,1,,,1,,,1,,,,,,,,,,,,,,,,,,,,2,,,,,,,,,,,,,,,,,,,,,,1,4,0,0,0,2,0,0,20,0,1,2,,4,,,,8,9,,,,2,0,1,0,1,0,2,0,100,0,0,0,1,100,0,0,0,0,0,3,,,3,3,3,,3,1,5,2,2,,,,,,10,2,,,,,,,,,,,,,,9998,98,9998,17.78571
10,1,3,1,4,3,3,1,1,1,2,0,900,0,0,0,,,1100,2,,,,5000,1500,200,,,200,,,,1,,200,,,,1,,,1,,,1,,,1,,,1,,,1,,,,,,,,,,,,,,,,,,,,2,,0,0,0,0,0,100,0,0,0,0,,100,0,0,,,100,0,0,0,1,4,0,0,0,3,0,0,0,0,1,2,3,4,,,,8,,,,,0,0,1,1,0,0,60,60,0,0,0,0,,100,0,0,0,0,0,2,4,,2,2,2,,,2,5,5,2,,,,,,10,1,,,,,,,,,,,,,,9998,98,9998,17.78571
10,1,3,1,5,2,3,1,2,,1,0.165289,0,1650,0,0,,,1500,2,,,,8000,0,20,,,,1,,,1,,,1,,,1,,,1,,,1,,,1,,,1,,,1,,,,,,,,,,,,,,,,,,,,2,,,,,,,,,,,,,,,,,,,,,,1,4,400,40,5,3,0,0,280,0,1,2,3,4,5,,,8,,,,9997,6,6,1,1,2,2,30,30,150,100,0,0,1,100,0,0,0,0,0,3,,,2,2,2,,,2,2,2,2,,,,,,10,2,,,,,,,,,,,,,,9998,98,9998,17.78571
10,1,3,1,5,3,3,1,2,,1,6,0,330,0,0,,,200,2,,,,2011.535,145.5,30,,,30,,,,1,,30,,,,1,,,1,,,1,,,1,,,1,,,1,,,,,,,,,,,,,,,,,,,,2,,0,0,0,0,0,0,100,,,,,,,,,,0,0,0,100,1,4,0,0,0,5,10,0,0,0,,2,,,,,,8,,,,,0,0,1,1,0,0,7,15,0,0,0,0,,100,0,0,0,0,0,3,,,2,2,3,,6,3,5,2,2,,,,,,6,2,,,,,,,,,,,,,,9998,98,9998,17.78571
10,1,3,1,5,5,3,1,1,1,2,0,9917,0,0,0,,,500,2,,,,1800,50,30,,,30,,,0,,,0,,,0,,,2,,,2,,,0,,,15,,,0,,,,,,,,,,,,,,,,,,,,,2,,0,0,0,0,0,100,0,0,0,0,,100,0,0,,,100,0,0,0,2,2,100,10,20,0,0,0,0,0,1,,3,4,,,,8,,,,,0,0,1,1,0,0,20,20,0,0,0,0,,100,0,0,0,0,0,3,,,2,2,3,,1,3,5,2,2,,,,,,3,1,,,,,,,,,,,,,,9998,98,9998,17.78571
10,2,1,1,3,3,1,,2,,2,0,,,,,330,0,,,3,2,70000,6425.5472,5696.3674,,,,,,,,,,,,,,,,,,,,,,,,,,,,,,,999,,,999,,,,1,,7000,,,,1,,,,,2,,0,0,0,0,0,100,0,20,0,0,,80,0,0,,2,100,0,0,0,2,,1800,0,120,250,0,0,0,0,1,2,3,4,5,,7,8,,,,9997,0,0,1,1,0,0,280,280,0,0,0,0,,100,0,0,0,0,0,2,4,,2,2,2,,,2,2,6,1,1,,3,4,,6,1,,,,,,,,,,,,,,9998,98,9998,3.8
10,2,1,1,4,1,1,,1,4,2,0,,,,,330,0,,,2,2,11000,5000,351,,,,,,,,,,,,,,,,,,,,,,,,,,,,,,,445,,,445,,,,1,,351,,,,1,,,,,2,,0,0,0,0,0,100,0,0,0,0,,100,0,0,,,100,0,0,0,2,,870,0,20,40,0,0,0,45,1,2,3,4,,,,8,9,,,9997,0,0,1,1,0,0,60,60,0,0,0,0,,100,0,0,0,0,0,3,,,2,2,2,,,2,5,5,2,,,,,,6,2,,,,,,,,,,,,,,9998,98,9998,3.8
10,2,1,1,4,2,1,,2,,2,0,,,,,825,0,,,3,2,12000,3577.45,3077.45,,,,,,,,,,,,,,,,,,,,,,,,,,,,,,,3000,,,2000,,,62,,,1500,,,500,,,1,,,2,,0,0,0,0,10,90,0,50,0,0,,50,0,0,,4,100,0,0,0,2,,2760,0,30,30,0,0,200,0,1,2,3,4,,,,8,,,,,3,0,1,1,5,0,300,50,140,0,0,0,1,50,50,0,0,0,0,4,,1,3,3,3,,4,2,5,2,2,,,,,,3,2,,,,,,,,,9,,,,,,506,,3.8
10,2,2,1,4,2,2,1,2,,2,0,,,,,2310,0,,,3,2,40000,2500,2000,,,,,,,,,,,,,,,,,,,,,,,,,,,,,,,999,,,999,,,,1,,2000,,,,1,,,,,2,,0,0,0,0,0,100,0,20,0,0,,80,0,0,,4,100,0,0,0,2,,1500,0,30,100,0,0,200,0,1,2,3,4,,6,7,8,9,,,9997,0,20,1,1,0,10,200,200,0,90,0,0,1,100,0,0,0,0,0,3,,,3,3,2,,,2,2,1,1,1,,3,4,,6,1,,,,,,,,,,,,,,9998,98,9998,17.78571
10,2,2,1,4,3,2,1,1,2,2,0,,,,,635,0,,,3,3,2000,5000,1000,,,,,,,,,,,,,,,,,,,,,,,,,,,,,,,1100,,,1100,,,,1,,1000,,,,1,,,,,2,,0,0,0,0,0,100,0,0,0,0,,100,0,0,,,100,0,0,0,2,,400,0,20,20,0,0,0,0,,,3,,,,,8,,,,,0,0,1,1,0,0,60,60,0,0,0,0,,100,0,0,0,0,0,3,,,2,2,2,,,2,2,3,2,,,,,,6,2,,,,,,,,,,,,,,9998,98,9998,17.78571
10,3,1,1,3,1,1,,2,,2,0,0,0,990,0,,,5400,2,,,,2000,2000,1420,,,1420,,,,1,,2000,,,,1,,,1,,,1,,,1,,,1,,,1,,,,,,,,,,,,,,,,,,,,2,,0,0,0,0,0,100,0,80,0,0,,20,0,0,,2,100,0,0,0,3,3,700,55,5,20,0,0,52,0,1,2,,4,5,,,8,,,,,2,4,1,0,1,1,160,0,100,80,0,0,1,100,0,0,0,0,0,2,1,,1,1,1,3,,2,5,2,1,,,3,,,5,2,,,,,,,,,,,,,,9998,98,9998,3.8
10,3,1,1,4,2,1,,2,,2,0,0,0,2310,0,,,3000,2,,,,1100,1100,700,,,700,,,,1,,1100,,,,1,,,1,,,1,,,1,,,1,,,1,,,,,,,,,,,,,,,,,,,,2,,0,0,0,0,0,100,0,0,10,0,,90,0,0,,3,100,0,0,0,2,3,500,130,0,45,0,0,0,0,1,,3,4,5,,,8,,,,,0,0,1,1,0,0,90,90,0,0,0,0,,100,0,0,0,0,0,3,,,3,3,2,,,3,2,2,1,,,3,,,6,2,,,,,,,,,,,,,,9998,98,9998,3.8
10,3,2,1,4,4,2,1,1,2,1,2,0,825,0,825,,,80000,2,,,,8114.844,5594.2,1500,,,1000,,,500,,,1000,,,500,,,999,,,500,,,500,,,500,,,500,,,,,,,,,,,,,,,,,,3,2,9997,1,100,0,0,0,0,0,100,0,0,0,0,,100,0,0,,,100,0,0,0,2,1,500,80,0,0,0,0,0,0,1,2,3,4,5,6,,8,9,,,,0,0,2,1,0,0,90,90,0,0,0,0,,50,50,0,0,0,0,3,,,2,2,2,,,2,3,5,2,,,,,,9,1,,,,,,,,,,,,,,9998,98,9998,17.78571
10,3,3,1,3,1,3,1,1,1,2,0,0,0,1980,0,,,3200,2,,,,4000,1000,750,,,750,,,,1,,1000,,,,1,,,1,,,1,,,1,,,1,,,1,,,,,,,,,,,,,,,,,,,,2,,0,0,0,0,0,100,0,0,0,0,,100,0,0,,,100,0,0,0,2,1,750,50,5,45,0,0,70,0,1,2,3,4,5,,,8,9,,,,0,10,1,1,0,5,50,30,0,70,0,0,2,100,0,0,0,0,0,4,,6,3,3,2,,,2,3,2,1,,,3,4,,5,1,,,,,,,,,,,,,,9998,98,9998,17.78571
10,3,3,1,4,1,3,6,2,,2,0,0,0,660,0,,,320,2,,,,3000,500,370,,,340,,,,1,,500,,,,1,,,1,,,1,,,1,,,1,,,1,,,,,,,,,,,,,,,,,,,,2,,0,0,0,0,0,100,0,0,0,0,,100,0,0,,,100,0,0,0,1,4,360,40,10,10,0,0,80,0,1,2,3,4,,,,8,,,,,0,10,1,1,0,1,60,60,0,100,0,0,1,20,0,0,80,0,0,2,1,,1,1,2,,,2,5,2,2,,,,,,1,2,,,,,,,,,9,,,,,,576,,17.78571
10,3,3,2,4,1,3,6,2,,2,0,0,0,330,0,,,200,2,,,,3500,54,150,,,60,,,0,,,54,,,,1,,,1,,,1,,,1,,,1,,,1,,,,,,,,,,,,,,,,,,,,2,,0,0,0,0,0,100,0,0,0,0,,100,0,0,,,100,0,0,0,1,4,0,0,0,5,0,0,0,0,1,2,3,,,,,8,,,,,0,0,1,0,0,0,35,0,0,0,0,0,,100,0,0,0,0,0,3,,,3,3,3,,1,1,5,6,2,,,,,,10,2,,,,,,,,,,,,,,9998,98,9998,17.78571
11,1,3,1,4,2,3,1,2,,2,0,330,0,0,0,,,500,2,,,,800,0,30,,,,1,,,1,,,1,,,1,,,1,,,1,,,1,,,1,,,1,,,,,,,,,,,,,,,,,,,,2,,,,,,,,,,,,,,,,,,,,,,1,3,0,0,0,0,0,3,0,0,,,,,,,,,,,,9997,0,0,1,1,0,0,15,5,0,0,0,0,,100,0,0,0,0,0,4,,6,2,2,2,,,2,6,1,2,,,,,,10,2,,,,,,,,,,,,,,9998,98,9998,17.625
11,1,3,1,5,2,3,1,1,1,2,0,330,0,660,0,,,600,2,,,,1000,200,250,,,200,,,,1,,200,,,,1,,10,,,4,,,,1,,8,,,,1,,,,,,,,,,,,,,,,,,,,1,6,0,0,0,0,0,100,0,0,0,0,,100,0,0,,,100,0,0,0,2,1,0,0,5,5,0,0,0,0,1,2,3,4,,,7,,9,,,,0,0,1,1,0,0,30,15,0,0,0,0,,100,0,0,0,0,0,4,,1,3,3,3,,1,2,9997,1,2,,,,,,6,2,,,,,,,,,,,,,,9998,533,,17.625
11,1,3,1,5,4,3,6,1,1,2,0,1650,0,2080,0,,,7000,2,,,,1500,650,400,,,400,,,,1,,520,,,,1,,25,,,15,,,,1,,120,,,,1,,,,,,,,,,,,,,,,,,,,1,10,0,0,0,0,0,100,0,50,0,0,,50,0,0,,3,100,0,0,0,2,3,250,40,30,5,0,20,0,0,1,2,3,4,,,7,8,9,,,,0,0,1,1,0,0,60,20,0,0,0,0,,100,0,0,0,0,0,4,,6,3,3,3,,1,9997,5,1,2,,,,,,6,1,,,,,,,,,,,,,,9998,551,,17.625
11,2,1,1,2,1,1,,2,,2,0,,,,,1600,0,,,2,1.3,85000,12000,12000,,,,,,,,,,,,,,,,,,,,,,,,,,,,,,,29750,,,29490,,,260,,,12000,,,,1,,,,,1,260,50,0,0,0,50,0,0,,,,,,,,,,100,0,0,0,2,,7225,0,50,200,200,0,5000,0,1,,3,,,,,8,,,,9997,1,1,1,1,340,340,360,180,70,70,0,0,4,100,0,0,0,0,0,4,,2,3,3,2,,,1,3,2,1,1,,,,,9,2,,,,,,,,,,,,,,9998,578,,8.8
11,2,1,1,3,1,1,,2,,2,0,,,,,2310,0,,,2,1.5,50000,5000,5000,,,,,,,,,,,,,,,,,,,,,,,,,,,,,,,10000,,,10000,,,,1,,5000,,,,1,,,,,2,,70,0,0,0,30,0,0,,,,,,,,,,100,0,0,0,2,,3500,0,50,200,0,0,100,0,,,3,,,,,8,,,,,0,1,1,1,0,10,300,180,80,80,0,0,1,100,0,0,0,0,0,4,,6,2,2,2,,,1,2,6,2,,,,,,5,2,,,,,,,,,,,,,,9998,532,,8.8
11,2,1,1,3,1,1,,2,,2,0,,,,,2777,0,,,2,1.3,120000,22000,18000,,,,,,,,,,,,,,,,,,,,,,,,,,,,,,,36000,,,32400,,,3600,,,16200,,,1800,,,1,,,2,,0,0,0,10,90,0,0,,,,,,,,,,100,0,0,0,2,,10000,0,500,840,150,200,5000,0,1,,3,4,,,,8,,,,9997,1,1,1,1,360,360,360,90,60,60,0,0,4,100,0,0,0,0,0,5,,6,3,3,3,,3,9997,6,9997,2,,,,,,6,2,,,,,,,,,,,,,,9998,536,,8.8
11,2,1,1,3,2,1,,2,,2,0,,,,,826,0,,,2,1.3,30000,3000,3000,,,,,,,,,,,,,,,,,,,,,,,,,,,,,,,10500,,,10500,,,,1,,5400,,,,1,,,,,2,,90,0,0,0,10,0,0,,,,,,,,,,100,0,0,0,2,,2400,0,70,180,0,300,200,0,,,3,,,,,8,,,,9997,0,2,1,0,0,15,360,0,0,65,0,0,3,100,0,0,0,0,0,5,,6,2,3,4,,1,1,6,9997,2,,,,,,6,2,,,,,,,,,,,,,,9998,532,,8.8
11,2,1,1,4,2,1,,2,,2,0,,,,,23000,0,,,2,2,55000,8000,8000,,,,,,,,,,,,,,,,,,,,,,,,,,,,,,,16000,,,16000,,,,1,,8000,,,,1,,,,,2,,0,0,0,0,100,0,0,,,,,,,,,,100,0,0,0,2,,1000,500,500,500,0,100,350,0,1,2,3,4,,,,8,,,,9997,1,2,1,1,8,7,200,200,0,0,0,0,1,100,0,0,0,0,0,4,,1,3,3,2,,,2,9997,2,2,,,,,,2,1,,,,,,,,,,,,,,9998,98,9998,8.8
11,2,1,2,3,1,1,,2,,2,0,,,,,660,0,,,2,2,15000,1973.5753,1780.6303,,,,,,,,,,,,,,,,,,,,,,,,,,,,,,,3000,,,2500,,,30,,,1500,,,150,,,3,2,,1,20,0,0,0,0,85,15,0,60,0,0,,40,0,0,,2,100,0,0,0,2,,1800,0,50,70,0,0,0,32,1,,3,,,,,,,,,9997,0,0,1,1,0,0,30,90,0,0,0,0,,54,46,0,0,0,0,4,,4,3,3,3,,1,3,2,2,1,,,3,,,6,2,,,,,5,,,,,,,,,,98,9998,8.8
11,2,2,1,3,2,2,5,2,,2,0,,,,,2645,0,,,2,1.3,40000,7000,7000,,,,,,,,,,,,,,,,,,,,,,,,,,,,,,,12000,,,12000,,,,1,,6000,,,,1,,,,,2,,0,0,0,0,95,5,0,0,0,0,,100,0,0,,,100,0,0,0,2,,3400,0,350,960,360,500,0,0,,,3,,,,,8,,,,9997,0,0,1,1,0,0,240,150,0,0,0,0,,100,0,0,0,0,0,4,,4,3,3,2,,,3,2,4,2,,,,,,6,2,,,,,,,,,,,,,,9998,532,,17.625
11,2,2,1,3,2,2,6,2,,2,0,,,,,4959,0,,,2,1.3,120000,18000,18000,,,,,,,,,,,,,,,,,,,,,,,,,,,,,,,42000,,,29400,,,12600,,,12600,,,5400,,,1,,,2,,0,0,0,0,100,0,0,,,,,,,,,,100,0,0,0,2,,10200,0,1080,720,0,100,6000,0,1,,3,,,,,8,,,,9997,5,9,1,0,80,50,360,0,77,60,0,0,4,85,15,0,0,0,0,5,,6,3,3,3,,1,1,6,9997,2,,,,,,3,2,,,,,,,,,,10,,,,,618,,17.625
11,2,2,1,4,1,2,5,2,,2,0,,,,,2314,0,,,2,,25000,7135.2122,5515.731,,,,,,,,,,,,,,,,,,,,,,,,,,,,,,,7500,,,7500,,,,1,,3800,,,,1,,,,,2,,80,0,0,0,0,20,0,0,0,0,,100,0,0,,,100,0,0,0,2,,1750,0,200,360,100,50,400,0,1,,3,,,,,8,,,,,4,0,1,2,5,0,270,180,200,0,0,0,1,100,0,0,0,0,0,3,,,3,3,1,2,,1,6,2,2,,,,,,6,2,,,,,,,,,,,,,,9998,662,,17.625
11,2,2,1,5,1,2,5,2,,2,0,,,,,2645,0,,,2,1.3,35000,5100,5100,,,,,,,,,,,,,,,,,,,,,,,,,,,,,,,8350,,,8350,,,,1,,5000,,,,1,,,,,2,,0,0,0,0,100,0,0,,,,,,,,,,100,0,0,0,2,,2625,0,30,120,70,10,70,0,1,,3,,,,,8,,,,9997,0,2,1,1,0,5,210,210,0,70,0,0,1,100,0,0,0,0,0,5,,6,2,3,4,,3,1,3,2,2,,,,,,6,2,,,,,,,,,,,,,,9998,576,,17.625
11,2,2,2,3,1,2,1,2,,2,0,,,,,990,0,,,1,2,30000,9000,9000,,,,,,,,,,,,,,,,,,,,,,,,,,,,,,,16000,,,16000,,,,1,,9500,,,,1,,,,,2,,0,0,0,0,95,5,0,50,0,0,,50,0,0,,3,100,0,0,0,2,,5940,0,100,30,0,0,88,100,,,3,,,,,8,,,,,1,4,1,1,2,2,180,210,120,80,0,0,3,100,0,0,0,0,0,4,,4,3,3,2,,,9997,2,6,1,1,,,,,2,2,,,,,,,,,,,,,,9998,532,,17.625
11,2,3,1,3,1,3,5,2,,2,0,,,,,1983,0,,,2,1.3,20000,10000,6500,,,,,,,,,,,,,,,,,,,,,,,,,,,,,,,6000,,,6000,,,,1,,3000,,,,1,,,,,2,,0,0,0,0,100,0,0,,,,,,,,,,100,0,0,0,2,,1400,0,200,500,40,200,600,0,,,3,,,,,8,,,,9997,0,1,1,1,0,60,300,120,0,100,0,0,1,100,0,0,0,0,0,4,,6,1,2,1,5,,9997,5,2,2,,,,,,1,2,,,,,,,,,,,,,,9998,515,,17.625
11,2,3,1,3,2,3,6,1,2,2,0,,,,,3300,0,,,2,1.5,30000,15000,8000,,,,,,,,,,,,,,,,,,,,,,,,,,,,,,,12000,,,12000,,,,1,,8000,,,,1,,,,,2,,0,0,0,0,10,90,0,100,0,0,,0,0,0,,3,100,0,0,0,2,,3900,0,100,500,0,50,60,0,1,,3,,,,,8,,,,,2,0,1,1,2,0,200,20,150,0,0,0,1,100,0,0,0,0,0,5,,1,3,3,3,,1,2,5,2,2,,,,,,2,2,,,,,,,,,,,,,,9998,98,9998,17.625
11,3,1,1,4,3,1,,2,,2,0,0,0,1000,0,,,6000,2,,,,2000,2000,1000,,,1000,,,0,,,1000,,,0,,,100,,,100,,,0,,,200,,,0,,,,,,,,,,,,,,,,,,,,,2,,0,0,0,0,0,100,0,0,0,0,,100,0,0,,,100,0,0,0,2,9997,0,0,0,50,0,30,30,0,1,2,3,4,5,6,,8,9,,,,2,0,1,1,1,0,100,30,150,0,0,0,1,100,0,0,0,0,0,5,,7,3,3,3,,4,2,5,5,1,,,3,,,2,2,,,,,,,,,,,,,,9998,98,9998,8.8
11,3,1,1,4,3,1,,2,,2,0,0,0,660,0,,,3000,2,,,,1200,300,300,,,300,,,,1,,300,,,,1,,,1,,,1,,,1,,,1,,,1,,,,,,,,,,,,,,,,,,,,2,,0,0,0,0,0,100,0,0,0,0,,100,0,0,,,100,0,0,0,2,3,0,0,5,5,0,0,0,0,1,2,3,4,,,,,,,,,0,0,1,0,0,0,40,0,0,0,0,0,,100,0,0,0,0,0,5,,7,3,3,4,,4,2,5,5,1,,,3,,,2,2,,,,,,,,,,,,,,9998,731,,8.8
11,3,1,1,4,4,1,,2,,2,0,0,0,2805,0,,,5000,2,,,,2000,1000,1050,,,1050,,,0,,,950,,,0,,,15,,,10,,,0,,,50,,,0,,,,,,,,,,,,,,,,,,,,,1,10,0,0,0,0,0,100,0,0,0,0,,100,0,0,,,100,0,0,0,2,4,0,0,0,30,0,35,30,0,1,2,3,4,5,6,7,8,9,,,,1,1,1,1,1,1,0,0,150,70,0,0,1,100,0,0,0,0,0,5,,2,3,3,3,,4,1,5,5,1,,,,4,,2,2,,,,,,,,,,,,,,9998,98,9998,8.8
11,3,1,1,5,4,1,,2,,2,0,0,0,1650,0,,,10000,2,,,,2500,2500,2000,,,2000,,,0,,,2000,,,0,,,5,,,5,,,0,,,25,,,0,,,,,,,,,,,,,,,,,,,,,2,,0,0,0,0,0,100,0,0,0,0,,100,0,0,,,100,0,0,0,2,4,0,0,10,40,0,10,150,0,1,2,3,4,5,6,7,8,9,,,,2,1,1,1,6,2,100,60,100,100,0,0,1,100,0,0,0,0,0,5,,7,3,3,3,,4,2,5,5,1,1,,,,,2,2,,,,,,,,,,,,,,9998,582,,8.8
11,3,2,1,4,4,2,1,2,,2,0,0,0,1000,0,,,3000,2,,,,2000,100,100,,,100,,,0,,,100,,,0,,,10,,,5,,,0,,,50,,,0,,,,,,,,,,,,,,,,,,,,,2,,0,0,0,0,0,100,0,0,0,0,,100,0,0,,,100,0,0,0,2,9997,0,0,10,30,0,20,0,0,1,2,3,4,5,6,7,8,9,,,,0,0,1,0,1,0,0,0,0,0,0,0,,100,0,0,0,0,0,4,,7,3,3,2,,,2,5,5,1,,,3,,,2,2,,,,,,,,,,,,,,9998,98,9998,17.625
11,3,2,1,5,5,2,1,2,,2,0,0,0,0,300,,,6500,2,,,,3877.2642,829.3464,150,,,50,,,,1,,50,,,,1,,30,,,25,,,10,,,100,,,40,,,,,,,,,,,,,,,,,,2,,,2,,0,80,0,0,0,20,0,0,0,0,,100,0,0,,,100,0,0,0,2,1,0,0,5,10,10,0,0,0,1,,,,,,,8,,,,,0,0,1,1,0,0,90,90,0,0,0,0,,100,0,0,0,0,0,5,,2,3,3,4,,3,1,3,9997,2,,,,,,4,2,,,,,,,,,,,,,,9998,761,,17.625
11,3,3,1,3,3,3,5,1,2,2,0,0,0,2400,0,,,8600,2,,,,25519.9416,17748.93,100,,,100,,,,1,,220,,,,1,,400,,,180,,,220,,,900,,,1100,,,,,,,,,,,,,,,,,,3,2,,2,,0,40,0,0,0,60,0,0,0,0,,100,0,0,,,100,0,0,0,2,9997,630,105,100,150,0,50,500,0,1,2,3,4,5,,,8,,,,9997,4,2,1,1,7,3,90,60,150,120,0,0,1,80,20,0,0,0,0,4,,6,3,3,2,,,9997,5,6,2,,,,,,6,1,,,,,,,,,,10,,,,,536,,17.625
11,3,3,1,4,4,3,5,2,,2,0,0,0,3306,0,,,13000,1,,,,1000,300,180,,,180,,,,1,,180,,,,1,,48,,,,1,,48,,,,1,,120,,,,,,,,,,,,,,,,,,3,,,2,,0,0,0,0,0,100,0,0,0,0,,100,0,0,,,100,0,0,0,2,1,1700,0,5,150,0,10,0,0,1,2,3,4,,,,8,9,,,,0,0,1,2,0,0,150,90,0,0,0,0,,100,0,0,0,0,0,3,,,3,3,2,,,1,2,3,2,,,,,,6,2,,,,,,,,,,,,,,9998,662,,17.625
11,3,3,1,4,5,3,1,1,1,2,0,0,0,2975,0,,,20000,2,,,,4000,2000,1750,,,1750,,,,1,,1400,,,,1,,300,,,200,,,100,,,400,,,200,,,,,,,,,,,,,,,,,,3,2,,2,,0,10,0,0,90,0,0,,,,,,,,,,100,0,0,0,1,1,1500,500,200,100,78,100,700,0,1,2,3,4,5,,,8,,,,9997,3,10,1,1,5,6,120,90,200,60,0,0,1,80,20,0,0,0,0,2,4,,1,1,2,,,1,2,2,2,,,,,,6,2,,,,,5,,,,,,,,,,662,,17.625
11,3,3,1,5,5,3,1,2,,2,0,0,0,991,0,,,1500,2,,,,700,150,240,,,120,,,,1,,60,,,,1,,50,,,50,,,,1,,90,,,,1,,,,,,,,,,,,,,,,,,,,2,,0,0,0,0,0,100,0,0,0,0,,100,0,0,,,100,0,0,0,1,3,0,0,0,24,30,40,0,0,1,2,,4,,,,8,,,,,0,0,1,1,0,0,120,120,0,0,0,0,,100,0,0,0,0,0,3,,,3,3,3,,3,1,3,2,2,,,,,,10,2,,,,,,,,,,,,,,9998,98,9998,17.625
12,1,1,1,4,3,1,,2,,2,0,0,1000,0,0,,,5000,2,,,,7821.6919,2549.5139,500,,,500,,,0,,,500,,,0,,,0,,,0,,,0,,,0,,,0,,,,,,,,,,,,,,,,,,,,,2,,20,0,0,0,0,80,0,0,0,0,,100,0,0,,,100,0,0,0,1,4,500,60,2,2,0,3,192,0,1,2,3,,,,,,,,,,6,0,1,1,1,0,40,40,160,80,0,0,3,100,0,0,0,0,0,5,,4,3,3,3,,3,3,2,3,1,1,,,,,2,1,,,,,,,,,,,,,,9998,616,,7.61538
12,1,1,1,4,5,1,,2,,1,3,0,29700,0,0,,,50000,2,,,,10000,10000,4000,,,4000,,,,1,,10000,,,,1,,,1,,,1,,,1,,,1,,,1,,,,,,,,,,,,,,,,,,,,2,,0,0,100,0,0,0,0,,,,,,,,,,100,0,0,0,2,4,0,0,200,200,300,0,0,0,1,2,3,4,,,,8,,,,,0,0,1,3,0,0,90,90,0,0,0,0,,100,0,0,0,0,0,4,,6,3,3,2,,,9997,9997,3,1,1,,,,,6,1,,,,,,,,,,,,,,9998,98,9998,7.61538
12,1,1,1,5,4,1,,2,,1,2,0,19800,0,0,,,25000,2,,,,2434,2434,1460,,,1460,,,,1,,1594,,,,1,,120,,,120,,,,1,,840,,,,1,,,,,,,,,,,,,,,,,,,,2,,50,0,50,0,0,0,0,,,,,,,,,,100,0,0,0,2,4,0,0,0,50,100,0,0,0,1,2,3,,,,,8,,,,,0,0,1,1,0,0,60,60,0,0,0,0,,100,0,0,0,0,0,3,,,3,3,2,,,3,3,2,2,,,,,,6,2,,,,,,,,,,,,,,9998,98,9998,7.61538
12,1,1,1,5,5,1,,2,,1,2,0,6000,0,0,,,20000,2,,,,5232.9754,4626.3754,6150,,,6150,,,0,,,4000,,,0,,,,1,,,1,,,1,,,1,,,1,,,,,,,,,,,,,,,,,,,,2,,70,0,30,0,0,0,0,,,,,,,,,,100,0,0,0,1,4,1500,180,5,10,0,5,1060,0,1,2,,,,,,,,,,,9,6,1,0,7,1,40,0,180,100,0,0,1,100,0,0,0,0,0,2,9997,,1,1,2,,,3,2,3,2,,,,,,6,2,,,,,,,,,,,,,,9998,550,,7.61538
12,1,2,1,4,5,2,1,1,3,2,0,59400,0,0,0,,,80000,2,,,,38500,16000,600,,,600,,,,1,,16000,,,,1,,,1,,,1,,,1,,,1,,,1,,,,,,,,,,,,,,,,,,,,2,,50,0,0,0,0,50,0,0,0,0,,100,0,0,,,100,0,0,0,2,4,0,0,300,500,0,0,2890,0,1,2,3,4,,,,,9,,,,10,14,1,1,5,20,100,90,175,85,0,0,1,100,0,0,0,0,0,3,,,2,3,2,,,2,3,2,2,,,,,,6,2,,,,,,,,,,,,,,9998,98,9998,18.76596
12,1,3,1,2,2,3,1,1,1,2,0,3000,0,0,0,,,10000,2,,,,4000,1300,1400,,,1400,,,,1,,1400,,,,1,,80,,,80,,,,1,,70,,,,1,,,,,,,,,,,,,,,,,,,,2,,0,0,0,0,0,100,0,0,0,0,,100,0,0,,,100,0,0,0,1,3,750,195,20,50,0,200,128,0,1,2,3,4,,,,8,,,,,0,16,1,1,0,4,300,300,0,100,0,0,2,100,0,0,0,0,0,4,,1,2,3,2,,,2,5,3,2,,,,,,2,1,,,,,,,,,,,,,,9998,98,9998,18.76596
12,1,3,1,2,2,3,4,2,,2,0,3960,0,0,0,,,5000,2,,,,5000,1022,400,,,400,,,0,,,320,,,0,,,209,,,209,,,0,,,702,,,0,,,,,,,,,,,,,,,,,,,,,2,,100,0,0,0,0,0,0,,,,,,,,,,100,0,0,0,2,3,0,0,0,80,0,0,0,0,1,2,3,4,,,,8,,,,,0,0,1,1,0,0,76,66,0,0,0,0,,100,0,0,0,0,0,3,,,3,3,2,,,3,2,6,2,,,,,,2,2,,,,,,,,,,,,,,9998,98,9998,18.76596
12,1,3,1,3,2,3,1,2,,1,1,0,200,0,2800,,,1000,2,,,,4000,3000,,1,,,1,,,1,,,1,,,1,,10,,,10,,,,1,,40,,,,1,,,,,,,,,,,,,,,,,,,,2,,100,0,0,0,0,0,0,,,,,,,,,,100,0,0,0,1,3,0,0,3,3,5,3,0,0,1,2,3,4,,,,8,,,,,0,0,1,0,0,0,90,90,0,0,0,0,,100,0,0,0,0,0,5,,1,3,3,3,,1,2,5,3,2,,,,,,6,2,,,,,,,,,,,,,,9998,98,9998,18.76596
12,1,3,1,3,2,3,5,1,1,2,0,2277,0,0,0,,,10000,1,,,,6000,744,705,,,705,,,,1,,744,,,,1,,,1,,,1,,,1,,,1,,,1,,,,,,,,,,,,,,,,,,,,2,,30,0,70,0,0,0,0,,,,,,,,,,100,0,0,0,2,4,0,0,20,50,0,0,0,0,1,2,3,4,,,,8,,,,,0,0,1,1,0,0,30,30,0,0,0,0,,100,0,0,0,0,0,3,,,3,3,2,,,3,3,3,2,,,,,,6,2,,,,,,,,,,,,,,9998,98,9998,18.76596
12,1,3,1,4,2,3,1,1,1,2,0,0,2300,0,0,,,5000,2,,,,1550,250,390,,,390,,,0,,,250,,,0,,,0,,,0,,,0,,,0,,,0,,,,,,,,,,,,,,,,,,,,,2,,100,0,0,0,0,0,0,,,,,,,,,,100,0,0,0,2,3,0,0,0,11,0,0,0,0,1,2,3,4,,,,8,9,,,,0,0,1,1,0,0,30,15,0,0,0,0,,100,0,0,0,0,0,3,,,3,3,4,,3,1,6,2,2,,,,,,6,1,,,,,,,,,,,,,,9998,98,9998,18.76596
12,1,3,1,4,3,3,1,1,1,1,1,0,9900,0,0,,,9000,2,,,,6000,3218,220,,,220,,,,1,,3700,,,,1,,483,,,483,,,,1,,2848,,,,1,,,,,,,,,,,,,,,,,,,,2,,70,0,30,0,0,0,0,,,,,,,,,,100,0,0,0,2,4,0,0,50,200,0,0,0,0,1,2,3,4,,,,8,,,,,0,0,1,1,0,0,60,60,0,0,0,0,,100,0,0,0,0,0,3,,,3,3,2,,,3,3,2,2,,,,,,6,2,,,,,,,,,,,,,,9998,98,9998,18.76596
12,1,3,1,4,3,3,1,2,,1,1,0,9900,0,0,,,5000,1,,,,3500,1360,300,,,300,,,0,,,360,,,0,,,0,,,0,,,0,,,0,,,0,,,,,,,,,,,,,,,,,,,,,2,,100,0,0,0,0,0,0,,,,,,,,,,100,0,0,0,2,3,165,20,2,17,10,0,0,0,1,2,3,4,,,,8,9,,,,0,0,1,1,0,0,45,45,0,0,0,0,,100,0,0,0,0,0,4,,4,3,3,4,,1,3,2,6,2,,,,,,2,1,,,,,,,,,,,,,,9998,98,9998,18.76596
12,1,3,1,4,3,3,5,2,,1,0.1,0,990,0,0,,,5000,2,,,,3200,3200,200,,,200,,,,1,,200,,,,1,,,1,,,1,,,1,,,1,,,1,,,,,,,,,,,,,,,,,,,,2,,0,0,100,0,0,0,0,,,,,,,,,,100,0,0,0,2,4,0,0,20,50,10,0,0,0,1,2,3,4,,,,8,,,,,0,0,1,1,0,0,30,30,0,0,0,0,,100,0,0,0,0,0,3,,,3,3,2,,,3,2,2,2,,,,,,6,2,,,,,,,,,,,,,,9998,98,9998,18.76596
12,1,3,1,4,5,3,1,2,,1,1,0,3000,0,0,,,2000,1,,,,5000,1000,30,,,10,,,,,1,10,,,,1,,5,,,5,,,,1,,25,,,,1,,,,,,,,,,,,,,,,,,,,2,,10,0,0,0,0,90,0,0,0,0,,100,0,0,,,100,0,0,0,1,3,0,0,3,2,15,0,0,0,1,2,3,4,,,,8,,,,,0,0,1,1,0,0,0,0,0,0,0,0,,100,0,0,0,0,0,5,,6,3,3,4,,1,2,5,3,2,,,,,,6,2,,,,,,,,,,,,,,9998,98,9998,18.76596
12,1,3,1,5,4,3,1,1,2,1,1,3000,0,0,0,,,3000,2,,,,3000,1500,,1,,,1,,,1,,,1,,,1,,110,,,110,,,,1,,450,,,,1,,,,,,,,,,,,,,,,,,,,2,,100,0,0,0,0,0,0,,,,,,,,,,100,0,0,0,1,3,0,0,5,30,0,5,0,0,1,2,3,4,,,,8,,,,,0,0,1,1,0,0,150,150,0,0,0,0,,100,0,0,0,0,0,3,,,2,2,2,,,3,5,3,2,,,,,,6,1,,,,,,,,,,,,,,9998,98,9998,18.76596
12,2,1,1,3,1,1,,2,,2,0,,,,,495,0,,,1,3,18000,6269.24,6188.4,,,,,,,,,,,,,,,,,,,,,,,,,,,,,,,8000,,,8000,,,0,,,6000,,,0,,,,,,2,,30,0,0,0,0,40,30,0,0,0,,100,0,0,,,100,0,0,0,1,,4500,0,100,140,0,10,0,0,1,,3,,,,,8,,,,,0,0,1,1,0,0,300,200,0,0,0,0,,100,0,0,0,0,0,4,,1,3,3,2,,,1,1,6,1,1,,,,,5,2,,,,,,,,,,,,,,9998,98,9998,7.61538
12,2,1,1,4,1,1,,2,,2,0,,,,,0,3300,,,2,1.5,25000,2224,2224,,,,,,,,,,,,,,,,,,,,,,,,,,,,,,,4020,,,4020,,,,1,,2224,,,,1,,,,,2,,0,0,100,0,0,0,0,,,,,,,,,,100,0,0,0,2,,2500,0,50,200,50,0,0,0,1,,3,,,,,8,,,,,0,0,1,1,0,0,150,150,0,0,0,0,,100,0,0,0,0,0,3,,,3,3,2,,,2,3,2,2,,,,,,6,2,,,,,,,,,,,,,,9998,98,9998,7.61538
12,2,1,1,5,2,1,,2,,1,1,,,,,0,10560,,,2,1.5,150000,17411,17411,,,,,,,,,,,,,,,,,,,,,,,,,,,,,,,18115,,,18115,,,,1,,17411,,,,1,,,,,2,,0,0,0,0,100,0,0,,,,,,,,,,100,0,0,0,2,,1270,0,200,1000,600,0,3064,0,1,,3,,,,7,8,,,,,1,1,1,2,276,276,240,240,70,70,0,0,4,100,0,0,0,0,0,3,,,3,3,2,,,2,1,6,2,,,,,,6,2,,,,,,,,,,,,,,9998,98,9998,7.61538
12,2,2,1,3,1,2,1,1,1,2,0,,,,,990,0,,,2,1,50000,0,0,,,,,,,,,,,,,,,,,,,,,,,,,,,,,,,7200,,,7200,,,0,,,0,,,0,,,,,,2,,0,0,50,0,40,10,0,100,0,0,,0,0,0,,4,,,,,2,,5500,0,0,360,0,0,100,0,1,2,3,4,,,,8,,,,,4,0,1,1,5,0,300,300,120,0,0,0,4,100,0,0,0,0,0,4,,4,3,3,2,,,3,3,4,1,1,,3,,,7,2,,,,,,,,,,,,,,9998,98,9998,18.76596
12,2,2,1,3,2,2,6,2,,2,0,,,,,2640,0,,,2,2,65000,8014.5374,7752.1874,,,,,,,,,,,,,,,,,,,,,,,,,,,,,,,15000,,,15000,,,0,,,9000,,,0,,,,,,2,,30,0,30,0,20,20,0,0,0,0,,100,0,0,,,100,0,0,0,1,,3000,800,200,500,0,300,1000,0,1,,3,,,,,8,,,,,10,10,1,1,10,10,250,300,80,70,0,0,4,70,30,0,0,0,0,3,,,2,2,2,,,2,2,2,1,1,,3,,,6,1,,,,,,,,,9,,,,,,98,9998,18.76596
12,2,2,1,3,2,2,6,2,,2,0,,,,,4950,0,,,2,2,120000,16724.272,16705.772,,,,,,,,,,,,,,,,,,,,,,,,,,,,,,,25000,,,25000,,,0,,,15000,,,0,,,,,,2,,30,0,10,0,30,30,0,0,0,0,,100,0,0,,,100,0,0,0,2,,4000,1000,200,600,0,500,700,0,1,,3,,,,7,8,,,,,1,1,1,1,300,300,300,300,80,80,0,0,4,80,20,0,0,0,0,3,,,2,2,2,,,2,3,5,1,1,,3,,,1,1,,,,,,,,,9,,,,,,98,9998,18.76596
12,2,2,1,4,1,2,1,2,,2,0,,,,,6600,2640,,,9997,2,35000,7490,7490,,,,,,,,,,,,,,,,,,,,,,,,,,,,,,,25000,,,20000,,,5000,,,1050,,,2500,,,3,,,2,,50,0,0,0,50,0,0,,,,,,,,,,100,0,0,0,2,,1500,400,200,200,50,200,1620,0,1,2,3,4,,,7,8,,,,,10,0,1,1,10,0,300,200,67,0,0,0,4,70,30,0,0,0,0,3,,,2,2,2,,,2,1,6,1,1,,3,,,1,1,,,,,,,,,,,11,,,,98,9998,18.76596
12,2,2,1,4,1,2,1,2,,2,0,,,,,825,0,,,2,2.5,20000,0,0,,,,,,,,,,,,,,,,,,,,,,,,,,,,,,,4000,,,4000,,,,,1,1600,,,,1,,,,,2,,0,0,0,0,100,0,0,,,,,,,,,,100,0,0,0,2,,2500,0,20,480,0,0,0,0,,2,3,4,,,,8,,,,,0,0,1,1,0,0,300,120,0,0,0,0,,100,0,0,0,0,0,3,,,3,3,2,,,2,5,1,1,1,,,,,6,1,,,,,,,,,,,,,,9998,98,9998,18.76596
12,2,3,1,4,2,3,1,2,,2,0,,,,,2310,0,,,2,2,16000,6000,2500,,,,,,,,,,,,,,,,,,,,,,,,,,,,,,,4200,,,4200,,,,1,,2500,,,,1,,,,,2,,100,0,0,0,0,0,0,,,,,,,,,,100,0,0,0,2,,640,0,100,250,0,10,0,0,1,,3,4,,,,8,,,,,0,0,1,1,0,0,200,240,0,0,0,0,,50,50,0,0,0,0,3,,,2,2,2,,,3,5,1,1,1,,,,,2,1,,,,,,,,,,,,,13,,98,9998,18.76596
12,3,1,1,1,1,1,,2,,2,0,0,0,3300,0,,,10000,2,,,,2090.8886,2090.8886,2000,,,2000,,,,1,,,1,,,1,,,1,,,1,,,1,,,1,,,1,,,,,,,,,,,,,,,,,,,,2,,100,0,0,0,0,0,0,,,,,,,,,,,,,,2,1,0,0,40,20,0,0,0,0,,2,3,4,,,,8,,,,,0,0,1,0,0,0,240,0,0,0,0,0,,100,0,0,0,0,0,4,,4,3,3,4,,1,3,6,6,2,,,,,,2,1,,,,,,,,,,,,,,9998,98,9998,7.61538
12,3,1,1,1,1,1,,2,,2,0,0,0,5610,0,,,15000,2,,,,0,0,21000,,,21000,,,,1,,,1,,,1,,,1,,,1,,,1,,,1,,,1,,,,,,,,,,,,,,,,,,,,2,,100,0,0,0,0,0,0,,,,,,,,,,,,,,2,1,0,0,20,20,0,0,0,0,,2,3,4,,,,8,,,,,0,0,1,1,0,0,240,180,0,0,0,0,,100,0,0,0,0,0,3,,,2,2,2,,,9997,5,5,2,,,,,,2,1,,,,,,,,,,,,,,9998,98,9998,7.61538
12,3,1,1,2,2,1,,2,,2,0,0,0,3300,4950,,,30000,1,,,,7000,7000,8750,,,8700,,,50,,,6960,,,40,,,5,,,6960,,,5,,,5,,,0,,,,,,,,,,,,,,,,,,1,,,2,,0,0,100,0,0,0,0,,,,,,,,,,100,0,0,0,1,4,5000,580,30,5,50,50,2500,0,1,2,3,4,,,,8,,,,,4,8,2,2,10,10,120,100,200,60,0,0,3,70,30,0,0,0,0,4,,4,3,3,3,,3,3,5,2,1,1,,,,,2,1,,,,,5,,,,,,,,,,98,9998,7.61538
12,3,1,1,4,2,1,,2,,2,0,0,0,3000,0,,,15000,2,,,,590.87,524.62,3000,,,1000,,,,1,,1000,,,1500,,,1000,,,1000,,,,1,,,1,,,1,,,,,,,,,,,,,,,,,1,,,2,,30,20,0,0,0,50,0,50,0,0,,50,0,0,,2,100,0,0,0,2,3,0,0,100,50,0,200,0,0,1,2,3,4,,,7,8,,,,,0,0,1,1,0,0,180,30,0,0,0,0,,100,0,0,0,0,0,2,1,,3,3,2,,,3,6,2,2,,,,,,6,2,,,,,,,,,,,,,,9998,533,,7.61538
12,3,1,1,5,5,1,,2,,1,3,0,0,0,9000,,,40000,2,,,,5200,4800,,1,,,1,,,1,,,1,,,1,,1700,,,1700,,,,1,,4800,,,,1,,,,,,,,,,,,,,,,,,,,2,,100,0,0,0,0,0,0,,,,,,,,,,100,0,0,0,1,4,2250,416,30,100,90,30,407,0,1,2,3,4,,,,8,,,,,1,2,1,1,22,22,350,350,120,65,0,0,2,100,0,0,0,0,0,3,,,2,2,2,,,1,5,2,1,1,,,,,6,1,,,,,,,,,,,,,,9998,98,9998,7.61538
12,3,1,1,5,5,1,,2,,2,0,0,0,2310,0,,,5000,2,,,,0,0,576,,,576,,,0,,,0,,,0,,,0,,,0,,,0,,,0,,,0,,,,,,,,,,,,,,,,,,,,,2,,0,0,0,0,100,0,0,,,,,,,,,,,,,,1,4,0,0,0,84,0,0,0,0,,2,3,4,,,,,,,,,0,0,1,0,0,0,180,0,0,0,0,0,,100,0,0,0,0,0,5,,4,3,3,4,,3,3,5,6,2,,,,,,2,2,,,,,,,,,,,,,,9998,98,9998,7.61538
12,3,2,1,1,1,2,6,2,,2,0,0,0,0,5214,,,8000,2,,,,0,0,3000,,,3000,,,,1,,,1,,,1,,,1,,,1,,,1,,,1,,,1,,,,,,,,,,,,,,,,,,,,2,,100,0,0,0,0,0,0,,,,,,,,,,,,,,2,1,1800,250,50,25,600,0,1500,0,,2,3,4,,,,8,,,,,5,10,1,1,10,10,180,180,150,80,0,0,4,100,0,0,0,0,0,3,,,2,2,1,9997,,3,3,6,2,,,,,,2,1,,,,,,,,,,,,,,9998,98,9998,18.76596
12,3,2,1,2,1,2,1,2,,2,0,0,0,0,3300,,,8000,1,,,,4201.94,4194.44,2500,,,2500,,,,1,,,1,,,1,,,1,,,1,,,1,,,1,,,1,,,,,,,,,,,,,,,,,,,,2,,0,0,0,0,0,100,0,0,0,0,,100,0,0,,,,,,,2,1,0,0,40,25,250,0,0,0,,2,3,4,,,,8,,,,,0,0,1,0,0,0,120,0,0,0,0,0,,100,0,0,0,0,0,4,,4,3,3,3,,1,3,6,6,2,,,,,,2,1,,,,,,,,,,,,,,9998,98,9998,18.76596
12,3,2,1,2,2,2,6,2,,2,0,0,0,9900,0,,,25000,1,,,,0,0,9600,,,9600,,,0,,,0,,,0,,,0,,,0,,,0,,,0,,,0,,,,,,,,,,,,,,,,,,,,,2,,100,0,0,0,0,0,0,,,,,,,,,,,,,,2,1,4000,250,0,120,0,100,1000,0,,2,3,4,,,,8,,,,,30,0,1,0,1,0,180,0,160,0,0,0,1,100,0,0,0,0,0,5,,4,3,3,2,,,3,1,6,2,,,,,,2,2,,,,,,,,,,,,,,9998,98,9998,18.76596
12,3,2,1,3,1,2,1,2,,2,0,0,0,0,4620,,,14000,2,,,,5563.2756,2524.5825,2500,,,2500,,,,1,,,1,,,1,,,1,,,1,,,1,,,1,,,1,,,,,,,,,,,,,,,,,,,,2,,100,0,0,0,0,0,0,,,,,,,,,,,,,,2,1,0,0,0,20,100,0,0,0,1,2,3,4,,,,8,,,,,0,0,1,1,0,0,210,210,0,0,0,0,,100,0,0,0,0,0,4,,4,3,3,4,,1,3,6,1,2,,,,,,2,1,,,,,,,,,,,,,,9998,98,9998,18.76596
12,3,2,1,3,3,2,1,1,1,2,0,0,0,6930,0,,,17000,1,,,,0,0,2000,,,1000,,,,1,,,1,,,1,,250,,,250,,,,1,,500,,,,1,,,,,,,,,,,,,,,,,,,,2,,0,0,0,0,0,0,100,,,,,,,,,,100,0,0,0,2,1,0,0,210,25,0,0,460,0,1,2,3,4,,,,8,,,,,1,1,1,0,20,20,180,0,150,80,0,0,1,100,0,0,0,0,0,4,,4,3,3,4,,3,3,1,3,2,,,,,,2,1,,,,,,,,,,,,,,9998,98,9998,18.76596
12,3,2,1,3,4,2,1,1,2,2,0,0,0,3000,0,,,30000,2,,,,5000,4700,5100,,,5100,,,,1,,3200,,,,1,,430,,,430,,,,1,,1500,,,,1,,,,,,,,,,,,,,,,,,,,2,,100,0,0,0,0,0,0,,,,,,,,,,100,0,0,0,1,9997,0,0,500,500,0,200,0,0,1,2,3,4,,,,8,,,,,8,0,1,1,0,0,320,320,0,0,0,0,2,100,0,0,0,0,0,3,,,2,2,2,,,3,5,2,2,,,,,,2,1,,,,,,,,,,,,,,9998,98,9998,18.76596
12,3,2,1,4,2,2,1,2,,2,0,0,0,6600,0,,,10000,2,,,,18318.592,17408,9000,,,8000,,,1000,,,5300,,,2500,,,0,,,0,,,1000,,,5300,,,2500,,,,,,,,,,,,,,,,,,3,2,,2,,50,0,0,0,50,0,0,,,,,,,,,,100,0,0,0,1,4,5000,500,50,50,0,100,1100,0,1,2,3,4,,,,8,,,,,5,5,1,1,10,100,180,150,200,60,0,0,1,50,50,0,0,0,0,3,,,3,2,2,,,3,1,1,2,,,,,,2,1,,,,,,,,,,,11,,,,98,9998,18.76596
12,3,2,1,4,2,2,1,2,,2,0,0,0,6600,0,,,25000,2,,,,0,0,2000,,,2000,,,0,,,0,,,0,,,600,,,600,,,,1,,,1,,,1,,,,,,,,,,,,,,,,,,,,2,,100,0,0,0,0,0,0,,,,,,,,,,,,,,2,1,0,0,0,0,0,0,0,0,1,2,3,4,,,,8,,,,,0,0,1,1,0,0,120,120,0,0,0,0,,100,0,0,0,0,0,4,,4,3,3,3,,1,3,1,6,2,,,,,,2,1,,,,,,,,,,,,,,9998,98,9998,18.76596
12,3,2,1,4,3,2,1,2,,2,0,0,0,1980,0,,,5000,2,,,,0,0,600,,,600,,,,1,,,1,,,1,,,1,,,1,,,1,,,1,,,1,,,,,,,,,,,,,,,,,,,,2,,100,0,0,0,0,0,0,,,,,,,,,,,,,,1,1,0,0,30,12,0,0,48,0,,2,3,4,,,,8,,,,,4,0,1,1,1,0,180,90,120,0,0,0,1,100,0,0,0,0,0,4,,4,3,3,3,,3,3,5,6,2,,,,,,2,1,,,,,,,,,,,,,,9998,98,9998,18.76596
12,3,2,1,4,4,2,1,2,,2,0,0,0,13200,0,,,45000,2,,,,27560.2365,22292.3888,16700,,,16000,,,,1,,,1,,,1,,1940,,,1940,,,,1,,4850,,,,1,,,,,,,,,,,,,,,,,,,,2,,100,0,0,0,0,0,0,,,,,,,,,,100,0,0,0,2,1,4000,800,70,50,0,50,1200,0,1,2,3,4,,,,8,,,,,2,10,1,1,20,10,210,210,130,70,0,0,4,100,0,0,0,0,0,4,,4,3,3,4,,1,3,1,6,2,,,,,,2,1,,,,,,,,,,,,,,9998,98,9998,18.76596
12,3,2,1,4,4,2,1,2,,2,0,0,0,1980,0,,,15000,2,,,,0,0,4800,,,4800,,,,1,,,1,,,1,,,1,,,1,,,1,,,1,,,1,,,,,,,,,,,,,,,,,,,,2,,0,0,100,0,0,0,0,,,,,,,,,,,,,,2,1,0,0,5,20,0,50,200,0,1,2,3,4,,,,8,,,,,1,0,1,1,10,0,180,180,150,0,0,0,1,100,0,0,0,0,0,4,,4,3,3,4,,1,3,3,3,2,,,,,,1,1,,,,,,,,,,,,,,9998,98,9998,18.76596
12,3,2,1,4,4,2,1,2,,2,0,0,0,4620,0,,,10000,2,,,,0,0,1500,,,1000,,,,1,,,1,,,1,,100,,,100,,,,1,,,1,,,1,,,,,,,,,,,,,,,,,,,,2,,100,0,0,0,0,0,0,,,,,,,,,,,,,,2,1,0,0,0,12,0,0,0,0,,2,3,4,,,,8,,,,,0,0,1,1,0,0,60,60,0,0,0,0,,100,0,0,0,0,0,4,,4,3,3,4,,9997,3,1,1,1,1,,3,,,2,1,,,,,,,,,,,,,,9998,98,9998,18.76596
12,3,2,1,4,5,2,1,2,,1,1,0,0,0,300,,,20000,2,,,,3000,2300,3856,,,3856,,,,1,,23120,,,,1,,,1,,,1,,,1,,,1,,,1,,,,,,,,,,,,,,,,,,,,2,,0,0,0,0,100,0,0,,,,,,,,,,100,0,0,0,1,4,1800,272,30,100,100,30,920,0,1,2,3,4,,,,8,,,,,5,10,1,1,7,6,350,350,160,60,0,0,2,100,0,0,0,0,0,4,,1,2,2,2,,,3,5,3,2,,,,,,3,1,,,,,,,,,,,,,,9998,98,9998,18.76596
12,3,2,1,4,5,2,5,2,,1,3,0,0,600,0,,,12000,2,,,,4165.9,3131.4,,1,,,1,,,1,,,1,,,1,,700,,,700,,,,1,,3000,,,,1,,,,,,,,,,,,,,,,,,,,2,,100,0,0,0,0,0,0,,,,,,,,,,100,0,0,0,2,3,0,0,50,50,0,100,300,0,1,2,3,4,,,7,8,9,,,,1,1,1,1,10,10,30,30,200,100,0,0,1,100,0,0,0,0,0,4,,2,3,3,4,,3,1,6,6,2,,,,,,6,1,,,,,,,,,,,,,,9998,98,9998,18.76596
12,3,2,1,5,2,2,1,1,1,2,0,0,0,5280,0,,,18000,2,,,,5338.5047,3374.845,8000,,,8000,,,,1,,,1,,,1,,,1,,,1,,,1,,,1,,,1,,,,,,,,,,,,,,,,,,,,2,,100,0,0,0,0,0,0,,,,,,,,,,,,,,2,1,1500,200,50,25,0,0,1000,0,1,2,3,4,,,,8,,,,,2,10,1,1,10,10,240,200,150,80,0,0,4,100,0,0,0,0,0,4,,4,2,2,2,,,3,1,6,2,,,,,,6,1,,,,,,,,,,,,,,9998,98,9998,18.76596
12,3,3,1,3,2,3,1,2,,2,0,0,0,2673,1980,,,15420,2,,,,8000,3051,6092,,,6092,,,0,,,2751,,,0,,,100,,,100,,,0,,,300,,,0,,,,,,,,,,,,,,,,,,,,,2,,100,0,0,0,0,0,0,,,,,,,,,,100,0,0,0,2,3,0,0,172,105,0,40,147,0,1,2,3,4,5,,,8,9,,,,3,0,1,1,3,0,150,130,165,0,0,0,1,100,0,0,0,0,0,4,,3,3,3,2,,,2,5,2,2,,,,,,2,1,,,,,,,,,,,,,,9998,582,,18.76596
12,3,3,1,4,1,3,1,2,,2,0,0,0,3300,0,,,5000,2,,,,8214.48,7404.19,900,,,900,,,,1,,,1,,,1,,,1,,,1,,,1,,,1,,,1,,,,,,,,,,,,,,,,,,,,2,,0,30,40,0,0,30,0,0,0,0,,100,0,0,,,,,,,2,4,0,0,0,10,0,0,0,0,1,2,3,4,,,,8,,,,,0,0,1,1,0,0,150,150,0,0,0,0,,100,0,0,0,0,0,5,,4,3,3,4,,1,3,6,1,2,,,,,,2,1,,,,,,,,,,,,,,9998,98,9998,18.76596
12,3,3,1,4,2,3,1,2,,2,0,0,0,0,990,,,5000,2,,,,11505.34,5886.3152,1000,,,1000,,,,1,,,1,,,1,,,1,,,1,,,1,,,1,,,1,,,,,,,,,,,,,,,,,,,,2,,0,0,50,0,0,50,0,0,0,0,,100,0,0,,,,,,,2,1,0,0,0,15,30,0,0,0,,2,3,4,,,,8,,,,,0,0,1,1,0,0,120,120,0,0,0,0,,100,0,0,0,0,0,4,,4,3,3,3,,1,3,6,6,1,1,,,,,1,1,,,,,,,,,,,,,,9998,98,9998,18.76596
12,3,3,1,4,3,3,1,1,1,2,0,0,0,0,700,,,6500,2,,,,10142.24,9582.64,,1,,,1,,250,,,,1,,1250,,,,1,,,1,,,1,,,1,,,1,,,,,,,,,,,,,,,,,1,,,,,50,0,0,0,0,50,0,0,0,0,,100,0,0,,,100,0,0,0,1,3,0,0,0,10,10,0,0,0,1,2,3,4,,,7,8,,,,,0,0,1,1,0,0,50,15,0,0,0,0,,100,0,0,0,0,0,2,1,,3,3,2,,,3,2,3,2,,,,,,2,2,,,,,,,,,,,,,,9998,645,,18.76596
12,3,3,1,4,3,3,1,2,,1,1,0,0,0,50,,,5000,2,,,,2500,200,,1,,,1,,,1,,,1,,,1,,50,,,50,,,,1,,200,,,,1,,,,,,,,,,,,,,,,,,,,2,,100,0,0,0,0,0,0,,,,,,,,,,100,0,0,0,1,3,0,0,5,20,100,0,0,0,1,2,3,4,,,,,9,,,,0,0,1,0,0,0,120,0,0,0,0,0,,100,0,0,0,0,0,4,,1,2,3,2,,,3,5,3,2,,,,,,6,2,,,,,,,,,,,,,,9998,98,9998,18.76596
12,3,3,1,4,3,3,1,2,,1,3,0,0,600,0,,,8000,2,,,,13122.6406,6643.194,,1,,,1,,,1,,,1,,,1,,200,,,200,,,,1,,900,,,,1,,,,,,,,,,,,,,,,,,,,2,,0,100,0,0,0,0,0,,,,,,,,,,100,0,0,0,2,3,0,0,30,50,0,0,0,0,1,2,3,4,,6,7,8,9,,,,0,0,1,1,0,0,10,30,0,0,0,0,,100,0,0,0,0,0,5,,2,3,3,4,,3,1,6,1,2,,,,,,6,1,,,,,,,,,,,,,,9998,98,9998,18.76596
12,3,3,1,4,3,3,1,2,,2,0,0,0,3267,0,,,9000,2,,,,2000,450,430,,,430,,,,1,,450,,,,1,,,1,,,1,,,1,,,1,,,1,,,,,,,,,,,,,,,,,,,,2,,0,0,100,0,0,0,0,,,,,,,,,,100,0,0,0,2,4,0,0,20,50,0,0,0,0,1,2,3,4,,,,8,9,,,,0,0,2,1,0,0,35,35,0,0,0,0,,100,0,0,0,0,0,4,,6,3,3,2,,,3,3,2,2,,,,,,6,2,,,,,,,,,,,,,,9998,98,9998,18.76596
12,3,3,1,4,4,3,5,1,3,2,0,0,0,3300,0,,,3000,2,,,,10106.2917,4382.6518,700,,,700,,,0,,,400,,,,1,,,1,,,1,,,1,,,1,,,1,,,,,,,,,,,,,,,,,,,,2,,0,0,100,0,0,0,0,,,,,,,,,,100,0,0,0,1,1,300,50,50,20,0,0,0,0,1,2,3,4,,,,8,,,,,0,0,2,1,0,0,90,90,0,0,0,0,,50,50,0,0,0,0,5,,6,3,3,4,,1,3,6,3,1,1,,3,,,1,1,,,,,,,,,9,10,,,,,645,,18.76596
12,3,3,1,4,4,3,6,1,1,2,0,0,0,0,7920,,,23000,2,,,,7400,2406,1208,,,1208,,,,1,,1856,,,,1,,120,,,120,,,,1,,550,,,,1,,,,,,,,,,,,,,,,,,,,2,,50,0,50,0,0,0,0,,,,,,,,,,100,0,0,0,2,4,0,0,20,50,0,0,150,0,1,2,3,4,,,,8,,,,,1,0,2,2,10,0,50,40,150,0,0,0,1,100,0,0,0,0,0,4,,6,3,3,3,,1,2,5,2,2,,,,,,6,2,,,,,,,,,,,,,,9998,98,9998,18.76596
12,3,3,1,4,4,3,6,1,1,2,0,0,0,3564,0,,,18000,2,,,,5000,1109,940,,,940,,,,1,,1109,,,,1,,,1,,,1,,,1,,,1,,,1,,,,,,,,,,,,,,,,,,,,2,,50,0,40,0,0,10,0,0,0,0,,100,0,0,,,100,0,0,0,2,4,0,0,100,100,0,0,0,0,1,2,3,4,,,,8,9,,,,0,0,1,1,0,0,40,30,0,0,0,0,,100,0,0,0,0,0,3,,,3,3,2,,,3,5,2,2,,,,,,6,2,,,,,,,,,,,,,,9998,98,9998,18.76596
12,3,3,1,5,2,3,5,1,3,2,0,0,0,4059,0,,,10000,2,,,,4155.112,3700,350,,,350,,,0,,,350,,,0,,,0,,,0,,,0,,,0,,,0,,,,,,,,,,,,,,,,,,,,,2,,100,0,0,0,0,0,0,,,,,,,,,,100,0,0,0,2,3,750,95,221,61,0,0,700,0,1,2,3,4,,,,,9,,,,8,0,1,1,3,0,90,60,150,0,0,0,1,100,0,0,0,0,0,4,,4,3,3,3,,7,3,5,2,1,,,3,,,6,1,,,,,,,,,,,,,,9998,98,9998,18.76596
12,3,3,1,5,2,3,5,2,,1,2,0,0,0,22275,,,42000,2,,,,7000,940,,1,,,1,,,1,,,1,,,1,,120,,,120,,,,1,,940,,,,1,,,,,,,,,,,,,,,,,,,,2,,90,0,10,0,0,0,0,,,,,,,,,,100,0,0,0,2,4,1750,265,7000,0,0,0,450,0,1,2,3,4,,,,8,,,,,2,20,1,1,10,2,50,40,150,80,0,0,1,100,0,0,0,0,0,4,,4,3,3,2,,,2,2,2,2,,,,,,6,2,,,,,,,,,,,,,,9998,98,9998,18.76596
12,3,3,1,5,5,3,1,1,2,2,0,0,0,3300,0,,,5000,2,,,,0,0,1000,,,1000,,,,1,,,1,,,1,,,1,,,1,,,1,,,1,,,1,,,,,,,,,,,,,,,,,,,,2,,100,0,0,0,0,0,0,,,,,,,,,,,,,,2,1,0,0,0,15,0,0,0,0,,2,3,4,,,,,,,,,0,0,1,1,0,0,180,180,0,0,0,0,,100,0,0,0,0,0,4,,4,3,3,4,,3,3,6,1,2,,,,,,2,1,,,,,,,,,,,,,,9998,98,9998,18.76596
12,3,3,1,5,5,3,5,2,,2,0,0,0,6534,0,,,19000,2,,,,7360,7360,250,,,250,,,,1,,260,,,,1,,260,,,260,,,,1,,1110,,,,1,,,,,,,,,,,,,,,,,,,,2,,70,0,30,0,0,0,0,,,,,,,,,,100,0,0,0,2,4,0,0,50,100,0,0,0,0,1,2,3,4,,,,8,,,,,0,0,1,2,0,0,30,30,0,0,0,0,,100,0,0,0,0,0,3,,,3,3,2,,,3,3,2,2,,,,,,6,2,,,,,,,,,,,,,,9998,98,9998,18.76596
12,3,3,2,5,4,3,1,2,,1,1,0,0,0,3267,,,6000,2,,,,3500,3220,260,,,268,,,,1,,420,,,,1,,580,,,580,,,,1,,2800,,,,1,,,,,,,,,,,,,,,,,,,,2,,70,0,30,0,0,0,0,,,,,,,,,,100,0,0,0,2,4,0,0,20,200,100,0,0,0,1,2,3,4,,,,8,,,,,0,0,1,1,0,0,47,30,0,0,0,0,,100,0,0,0,0,0,4,,6,2,3,2,,,2,3,2,2,,,,,,6,2,,,,,,,,,,,,,,9998,98,9998,18.76596
13,1,3,1,4,2,3,1,2,,2,0,2640,0,0,0,,,5000,2,,,,2000,250,300,,,250,,,,1,,250,,,,1,,,1,,,1,,,1,,,1,,,1,,,,,,,,,,,,,,,,,,,,2,,0,0,0,0,50,50,0,0,0,0,,0,0,100,,,100,0,0,0,2,3,0,0,20,3,0,5,0,0,,2,3,4,5,,,,,,,,0,0,1,0,0,0,30,0,0,0,0,0,,100,0,0,0,0,0,5,,1,3,3,4,,1,2,5,9997,2,,,,,,6,2,,,,,,,,,,,,,,9998,607,,22.41176
13,1,3,1,4,2,3,1,2,,2,0,2700,0,0,0,,,5000,2,,,,8000,150,170,,,150,,,0,,,150,,,,1,,,1,,,1,,,1,,,1,,,1,,,,,,,,,,,,,,,,,,,,2,,0,0,0,0,0,100,0,0,0,0,,100,0,0,,,100,0,0,0,2,3,0,0,10,3,0,0,0,0,,2,3,4,5,,,8,,,,,0,0,1,1,0,0,20,10,0,0,0,0,,100,0,0,0,0,0,5,,7,3,3,4,,1,2,5,5,2,,,,,,6,2,,,,,,,,,,,,,,9998,751,,22.41176
13,1,3,1,5,1,3,1,2,,2,0,661,0,0,0,,,500,2,,,,2000,200,,1,,,1,,,1,,,1,,,1,,40,,,,1,,40,,,,1,,200,,,,,,,,,,,,,,,,,,1,,,2,,0,0,0,0,0,0,100,,,,,,,,,,100,0,0,0,2,4,0,50,0,0,0,0,80,0,,,,4,,,,8,,,,,0,10,1,1,0,5,30,30,0,80,0,0,1,100,0,0,0,0,0,2,1,,3,3,2,,,9997,5,1,2,,,,,,10,2,,,,,,,,,,,,,,9998,608,,22.41176
13,1,3,1,5,3,3,1,2,,2,0,990,0,0,0,,,1500,2,,,,6748.6992,527.375,30,,,30,,,0,,,45,,,0,,,,1,,,1,,,1,,,1,,,1,,,,,,,,,,,,,,,,,,,,2,,0,0,0,0,0,100,0,0,100,0,,0,0,0,,3,100,0,0,0,2,4,0,0,0,5,0,0,0,0,,2,,4,,,7,8,,,,,0,0,1,0,0,0,20,0,0,0,0,0,,100,0,0,0,0,0,4,,4,3,3,2,,,3,2,3,2,,,,,,6,2,,,,,,6,,,,,,,,,98,9998,22.41176
13,1,3,1,5,5,3,1,1,3,2,0,1652,0,0,0,,,500,2,,,,3000,300,225,,,225,,,,1,,300,,,,1,,,1,,,1,,,1,,,1,,,1,,,,,,,,,,,,,,,,,,,,2,,0,0,0,0,0,100,0,0,0,0,,100,0,0,,,100,0,0,0,1,9997,0,0,0,0,0,0,42,0,,,,,,,,,,,,,0,6,1,1,0,6,30,30,0,70,0,0,1,100,0,0,0,0,0,2,1,,1,1,2,,,4,5,6,2,,,,,,10,2,,,,,,,,,,,,,,9998,502,,22.41176
13,2,1,1,1,1,1,,2,,2,0,,,,,1653,0,,,1,2.4,45000,12134.4793,11703,,,,,,,,,,,,,,,,,,,,,,,,,,,,,,,12000,,,12000,,,0,,,9600,,,0,,,,,,2,,0,0,0,0,100,0,0,,,,,,,,,,100,0,0,0,2,,8600,0,200,500,200,200,400,0,,,3,,,,,8,,,,,10,10,1,1,2,2,210,210,100,80,0,0,1,50,0,0,50,0,0,5,,1,3,3,3,,1,2,5,2,1,,,3,,,3,1,,,,,,,,,,,,,,9998,507,,5.77778
13,2,1,1,2,1,1,,2,,2,0,,,,,0,990,,,2,1.6,27000,3300,3300,,,,,,,,,,,,,,,,,,,,,,,,,,,,,,,6000,,,6000,,,,1,,3300,,,,1,,,,,2,,0,0,0,0,80,20,0,100,0,0,,0,0,0,,3,100,0,0,0,1,,3500,0,60,120,100,50,0,0,,,3,,,,,8,,,,,0,0,1,1,0,0,240,240,0,0,0,0,,80,20,0,0,0,0,4,,4,3,3,2,,,3,2,3,2,,,,,,6,2,,,,,,6,,,,,,,,,518,,5.77778
13,2,1,1,4,3,1,,2,,2,0,,,,,1653,0,,,1,1.6,30000,8157.3552,8157.3552,,,,,,,,,,,,,,,,,,,,,,,,,,,,,,,8000,,,8000,,,0,,,4800,,,0,,,,,,2,,0,0,0,0,95,5,0,100,0,0,,0,0,0,,4,100,0,0,0,2,,3900,0,100,200,0,100,500,0,1,2,3,4,,,,8,,,,,10,10,1,1,1,1,270,230,100,80,0,0,1,100,0,0,0,0,0,5,,1,3,3,3,,1,9997,5,6,1,,,3,,,3,1,,,,,,,,,,,,,,9998,507,,5.77778
13,2,2,1,4,2,2,1,1,2,2,0,,,,,660,0,,,1,1.6,5000,3577.8,2012.86,,,,,,,,,,,,,,,,,,,,,,,,,,,,,,,1170,,,1170,,,0,,,700,,,0,,,,,,2,,0,0,0,0,100,0,0,,,,,,,,,,100,0,0,0,2,,700,0,20,20,0,5,0,0,,2,3,4,,,7,8,,,,,0,0,1,1,0,0,3,30,0,0,0,0,,100,0,0,0,0,0,4,,4,3,3,2,,,9997,9997,2,2,,,,,,6,2,,,,,,,,,,,,,,9998,618,,22.41176
13,2,2,1,4,2,2,1,2,,2,0,,,,,627,0,,,1,1.6,4000,1196.255,952.8,,,,,,,,,,,,,,,,,,,,,,,,,,,,,,,1000,,,1000,,,0,,,700,,,0,,,,,,2,,0,0,0,0,0,100,0,80,0,0,,20,0,0,,4,100,0,0,0,2,,520,0,11,30,0,0,0,0,,2,3,4,,,7,8,,,,,0,0,1,1,0,0,60,60,0,0,0,0,,100,0,0,0,0,0,4,,6,3,3,2,,,3,2,2,1,,,3,,,6,2,,,,,,,,,,,,,,9998,550,,22.41176
13,2,2,1,4,2,2,1,2,,2,0,,,,,825,0,,,2,1.6,8000,1000,750,,,,,,,,,,,,,,,,,,,,,,,,,,,,,,,1500,,,1500,,,,1,,750,,,,1,,,,,2,,0,0,0,0,100,0,0,,,,,,,,,,100,0,0,0,1,,1000,0,30,10,0,10,0,0,,,3,,,,7,,,,,,0,0,1,1,0,0,210,210,0,0,0,0,,90,10,0,0,0,0,4,,4,3,3,4,,1,3,2,6,2,,,,,,2,1,,,,,,6,,,,,,,,,662,,22.41176
13,2,2,1,5,4,2,1,1,2,2,0,,,,,990,0,,,1,1.6,5500,3827.9862,1886.5715,,,,,,,,,,,,,,,,,,,,,,,,,,,,,,,1500,,,1500,,,0,,,1050,,,0,,,,,,2,,0,0,0,0,60,40,0,100,0,0,,0,0,0,,3,100,0,0,0,2,,625,0,30,20,0,10,0,0,,2,3,4,,,7,,,,,,0,0,1,1,0,0,60,60,0,0,0,0,,100,0,0,0,0,0,4,,9997,3,3,2,,,3,9997,2,2,,,,,,6,2,,,,,,,,,,,,,,9998,751,,22.41176
13,2,2,1,5,4,2,1,2,,2,0,,,,,1650,0,,,2,1.6,20000,6721.64,4518.7,,,,,,,,,,,,,,,,,,,,,,,,,,,,,,,4000,,,4000,,,0,,,3200,,,0,,,,,,2,,0,0,0,0,60,40,0,0,0,0,,100,0,0,,,100,0,0,0,2,,2800,0,60,60,0,20,70,0,1,2,3,4,,,7,8,9,,,,1,0,1,1,7,0,120,120,100,0,0,0,1,100,0,0,0,0,0,4,,4,3,3,2,,,9997,2,3,2,,,,,,6,2,,,,,,,,,,,,,,9998,550,,22.41176
13,3,1,1,3,1,1,,2,,2,0,0,0,0,9719,,,18000,1,,,,8500,8500,10550,,,10537,,,,1,,8220,,,,1,,10,,,120,,,,1,,280,,,,1,,,,,,,,,,,,,,,,,,,,2,,85,0,0,0,0,15,0,20,0,0,,80,0,0,,3,100,0,0,0,2,9997,2000,300,300,100,594,30,1032,0,1,2,3,4,,,,8,,,,9997,4,5,1,1,9,9,360,350,170,95,0,0,1,100,0,0,0,0,0,4,,6,3,3,2,,,2,2,3,2,,,,,,6,2,,,,,,,,,,,,,,9998,607,,5.77778
13,3,1,1,3,1,1,,2,,2,0,0,0,3960,0,,,40000,2,,,,0,0,15000,,,,1,,,1,,20000,,,,1,,,1,,,1,,,1,,,1,,,1,,,,,,,,,,,,,,,,,,,,2,,,,,,,,,,,,,,,,,,100,0,0,0,2,1,0,0,500,1500,0,0,2400,20000,,2,3,4,,,7,8,,,,,0,1,1,1,0,0,200,200,0,80,0,0,1,100,0,0,0,0,0,5,,3,3,3,4,,9997,9997,1,6,1,1,,,,,1,1,,,,,,,,,,,,,,9998,98,9998,5.77778
13,3,1,1,4,1,1,,2,,2,0,0,0,3300,0,,,20000,2,,,,3600,3600,10000,,,,1,,,1,,15000,,,,1,,,1,,,1,,,1,,,1,,,1,,,,,,,,,,,,,,,,,,,,2,,,,,,,,,,,,,,,,,,100,0,0,0,1,3,2000,500,500,1000,0,100,2800,0,,2,3,4,,6,7,8,,,,,0,2,1,1,0,200,240,240,0,70,0,0,4,100,0,0,0,0,0,3,,,2,3,2,,,2,3,3,1,1,,,,,1,1,,,,,,,,,,,,,,9998,98,9998,5.77778
13,3,1,1,4,3,1,,1,1,2,0,0,0,2645,0,,,10000,1,,,,2800,2800,1000,,,1000,,,,1,,1000,,,,1,,100,,,100,,,,1,,1800,,,,1,,,,,,,,,,,,,,,,,,,,2,,0,0,0,0,0,100,0,50,50,0,,0,0,0,,3,100,0,0,0,2,1,500,150,250,25,0,15,300,0,1,2,3,4,5,,,8,,,,,1,5,1,0,5,5,300,0,150,90,0,0,2,70,30,0,0,0,0,1,1,,2,2,2,,,9997,6,6,1,1,,,,,4,2,,,,,,,,,,,,,,9998,98,9998,5.77778
13,3,1,1,5,2,1,,2,,2,0,0,0,660,0,,,6000,2,,,,1620,300,250,,,200,,,0,,,0,,,0,,,0,,,0,,,0,,,0,,,0,,,,,,,,,,,,,,,,,,,,,2,,0,0,0,0,80,20,0,0,0,0,,100,0,0,,,,,,,2,4,0,0,100,10,0,0,0,0,1,,3,,,,,,,,,,0,0,1,1,0,0,120,120,0,0,0,0,,100,0,0,0,0,0,3,,,3,3,4,,3,3,2,4,2,,,,,,6,2,,,,,,,,,,,,,,9998,98,9998,5.77778
13,3,1,2,3,1,1,,2,,2,0,0,0,1650,0,,,5000,2,,,,5000,2000,1500,,,,1,,,1,,2000,,,,1,,,1,,,1,,,1,,,1,,,1,,,,,,,,,,,,,,,,,,,,2,,,,,,,,,,,,,,,,,,100,0,0,0,1,4,1000,200,100,800,0,0,1200,0,,2,3,4,,6,7,,,,,,0,1,1,1,0,1,100,240,0,80,0,0,1,100,0,0,0,0,0,3,,,1,1,2,,,1,5,3,1,1,,,,,1,1,,,,,,,,,,,,,,9998,98,9998,5.77778
13,3,2,1,3,2,2,1,2,,2,0,0,0,6600,0,,,15000,2,,,,5200,5000,540,,,400,,,140,,,600,,,200,,,53,,,400,,,53,,,600,,,200,,,,,,,,,,,,,,,,,,1,,,2,,0,0,0,0,100,0,0,,,,,,,,,,100,0,0,0,4,3,0,0,0,2,0,50,90,0,1,2,3,4,5,,,8,,,,,2,0,1,0,3,0,30,0,150,0,0,0,1,100,0,0,0,0,0,2,9997,,2,2,1,1,,2,5,5,2,,,,,,3,2,,,,,,,,,,,,,,9998,98,9998,22.41176
13,3,2,1,3,3,2,1,1,2,2,0,0,0,1650,0,,,10000,1,,,,9577.5928,6600.4106,70,,,70,,,0,,,112,,,0,,,,1,,,1,,,1,,,1,,,1,,,,,,,,,,,,,,,,,,,,2,,0,0,0,0,0,0,100,,,,,,,,,,100,0,0,0,2,4,0,0,0,5,0,10,0,0,,2,3,4,,,7,8,,,,,0,0,1,1,0,0,25,5,0,0,0,0,,100,0,0,0,0,0,4,,4,3,3,2,,,3,2,6,1,1,,3,,,2,2,,,,,,,,,,,,,,9998,98,9998,22.41176
13,3,3,1,3,2,3,1,2,,2,0,0,0,3960,0,,,10000,1,,,,9295.55,3087,100,,,100,,,0,,,150,,,0,,,,1,,,1,,,1,,,1,,,1,,,,,,,,,,,,,,,,,,,,2,,0,0,0,0,90,10,0,100,0,0,,0,0,0,,3,100,0,0,0,2,4,0,0,5,5,0,5,0,0,,2,3,4,,,7,8,,,,,0,0,1,0,0,0,30,0,0,0,0,0,,100,0,0,0,0,0,5,,4,3,3,3,,9997,3,2,3,1,1,,,,,2,2,,,,,,,,,,,,,,9998,550,,22.41176
13,3,3,1,3,2,3,6,1,2,1,2,0,0,1650,0,,,5000,2,,,,10000,400,300,,,266,,,,1,,400,,,,1,,,1,,,1,,,1,,400,,,,1,,,,,,,,,,,,,,,,,,,,2,,0,0,0,0,0,100,0,50,0,0,,50,0,0,,3,100,0,0,0,2,3,0,0,20,5,0,50,50,0,,2,3,4,5,,,8,,,,,2,0,1,1,2,0,30,10,130,0,0,0,1,100,0,0,0,0,0,3,,,2,2,2,,,3,5,4,2,,,,,,6,2,,,,,,,,,,,,,,9998,98,9998,22.41176
13,3,3,1,4,1,3,5,2,,2,0,0,0,0,661,,,6000,2,,,,3000,1550,1300,,,1220,,,,1,,985,,,,1,,215,,,200,,,,1,,475,,,,1,,,,,,,,,,,,,,,,,,,,1,15,60,0,0,0,0,40,0,80,0,0,,20,0,0,,3,100,0,0,0,2,3,0,0,65,40,20,10,24,0,1,2,3,4,,,,8,,,11,,1,0,1,1,2,0,100,40,120,0,0,0,1,100,0,0,0,0,0,4,,6,3,3,4,,1,9997,5,6,2,,,,,,6,2,,,,,,,,,,,,,,9998,582,,22.41176
13,3,3,1,4,4,3,1,2,,2,0,0,0,660,0,,,5000,2,,,,3000,500,500,,,500,,,0,,,500,,,0,,,,1,,,1,,,1,,,1,,,1,,,,,,,,,,,,,,,,,,,,2,,0,0,0,0,0,100,0,80,0,0,,20,0,0,,3,100,0,0,0,2,3,400,4,5,5,0,0,0,0,,2,3,4,,,7,8,,,,,0,0,1,1,0,0,40,40,0,0,0,0,,100,0,0,0,0,0,4,,6,3,3,2,,,9997,2,6,2,,,,,,6,2,,,,,,,,,,,,,,9998,576,,22.41176
13,3,3,1,5,1,3,1,2,,2,0,0,0,0,7933,,,25000,2,,,,11130.8403,3818.5648,,1,,,1,,,1,,,1,,,1,,587.7,,,,1,,587.7,,,,1,,1820,,,,,,,,,,,,,,,,,,1,,,2,,0,0,0,0,0,0,100,,,,,,,,,,100,0,0,0,1,3,0,0,20,40,240,0,0,0,1,,,,,,,8,,,,,0,0,1,1,0,0,40,40,0,0,0,0,,100,0,0,0,0,0,3,,,3,2,4,,1,2,5,5,2,,,,,,3,2,,,,,,,,,,,,,,9998,577,,22.41176
14,1,1,1,2,2,1,,2,,1,5,0,49000,0,0,,,10000,2,,,,5000,5000,,1,,,1,,,1,,,1,,,1,,3340,,,3333,,,,1,,5000,,,,1,,,,,,,,,,,,,,,,,,,,2,,100,0,0,0,0,0,0,,,,,,,,,,100,0,0,0,1,4,0,0,0,0,50,500,3000,100,1,2,3,4,,,,8,,,,,2,3,1,1,40,50,100,100,190,80,0,0,3,100,0,0,0,0,0,5,,6,3,3,4,,9997,4,2,9997,1,1,,,,,3,1,,,,,,,,,,,,,,9998,592,,7.18182
14,1,1,1,3,2,1,,1,3,2,0,1287,0,5940,0,,,5050,2,,,,5500,5060,,1,,,1,,,1,,,1,,,1,,64,,,,1,,64,,,,1,,288,,,,,,,,,,,,,,,,,,3,,,2,,0,0,0,0,90,10,0,100,0,0,,0,0,0,,3,100,0,0,0,4,4,0,0,0,25,0,0,0,0,1,2,3,4,,,,8,,,,,0,0,1,1,0,0,45,30,0,0,0,0,,100,0,0,0,0,0,3,,,3,3,2,,,3,3,2,1,1,,,,,2,1,,,,,,,,,,,,,,9998,98,9998,7.18182
14,1,1,1,4,1,1,,1,4,2,0,9900,0,0,0,,,15000,2,,,,6851.607,2055.9,345,,,340,,,,1,,696,,,,1,,,1,,,1,,,1,,,1,,,1,,,,,,,,,,,,,,,,,,,,2,,20,0,0,0,0,80,0,30,70,0,,0,0,0,,2,100,0,0,0,2,4,450,60,10,5,0,0,441,0,1,2,3,4,,,,,,,,,5,7,2,1,3,3,60,60,140,110,0,0,1,100,0,0,0,0,0,4,,4,3,3,2,,,3,2,6,2,,,,,,8,1,,,,,,,,,,,,,,9998,98,9998,7.18182
14,1,1,1,4,1,1,,2,,1,4.2,0,39669,0,0,,,60000,2,,,,15000,10000,1750,,,1739,,,,1,,4000,,,,1,,1579,,,1579,,,,1,,6000,,,,1,,,,,,,,,,,,,,,,,,,,2,,60,0,0,0,0,40,0,10,90,0,,0,0,0,,3,100,0,0,0,2,1,1200,150,0,0,50,100,806,144,1,2,3,4,,,,8,,,,,5,7,1,0,6,10,30,0,170,80,0,0,3,100,0,0,0,0,0,5,,2,3,3,3,,3,1,5,2,1,1,,,,,2,2,,,,,,,,,,,,,,9998,98,9998,7.18182
14,1,2,1,2,2,2,5,1,2,1,1.3,8,13223,0,0,,,30000,2,,,,25000,20000,,1,,,1,,,1,,,1,,,1,,3333,,,3333,,,,1,,10000,,,,1,,,,,,,,,,,,,,,,,,,,2,,100,0,0,0,0,0,0,,,,,,,,,,100,0,0,0,1,4,2150,250,100,0,50,500,464,30,1,2,3,4,,,,8,9,,,,8,0,1,1,8,0,150,150,170,0,0,0,1,100,0,0,0,0,0,3,,,3,3,2,,,3,5,5,1,1,,,,,2,2,,,,,,,,,,,,,,9998,533,,11.36842
14,1,2,1,3,1,2,6,2,,1,1,0,9917,0,0,,,20000,2,,,,16000,10960,10100,,,10000,,,,1,,7000,,,,1,,1000,,,1000,,,192,,,3000,,,960,,,,,,,,,,,,,,,,,,2,,,1,200,0,0,0,0,10,90,0,20,10,0,,70,0,0,,3,100,0,0,0,2,1,1760,200,0,7,20,200,0,20,1,2,3,4,,,,8,,,,,0,0,1,1,0,0,170,80,0,0,0,0,,100,0,0,0,0,0,2,4,,1,1,2,,,3,3,6,1,1,,,,,6,1,,,,,,,,,,,,,,9998,503,,11.36842
14,1,2,1,3,2,2,1,2,,2,0,19800,0,0,0,,,24000,2,,,,3800,2400,200,,,200,,,,1,,200,,,,1,,690,,,690,,,,1,,2200,,,,1,,,,,,,,,,,,,,,,,,,,2,,90,0,0,0,10,0,0,,,,,,,,,,100,0,0,0,1,4,1350,1060,8,250,0,8,315,0,1,2,3,4,,,,8,,,11,,3,5,1,1,5,5,100,60,150,60,0,0,1,100,0,0,0,0,0,5,,4,3,3,3,,1,3,5,6,1,1,,,,,2,2,,,,,,,,,9,,,,,,98,9998,11.36842
14,1,2,1,3,3,2,3,1,2,2,0,4950,0,0,0,,,20000,2,,,,9000,3844,,1,,,1,,,1,,,1,,,1,,1240,,,1188,,,52,,,3714,,,130,,,,,,,,,,,,,,,,,,3,,,2,,94,0,0,0,6,0,0,,,,,,,,,,100,0,0,0,1,4,1350,165,16,250,0,10,0,0,1,2,3,4,,,,8,,,11,,0,0,1,1,0,0,120,90,0,0,0,0,,100,0,0,0,0,0,5,,1,3,3,3,,1,9997,2,5,1,1,,,,,2,1,,,,,,,,,9,,,,,,98,9998,11.36842
14,1,2,1,3,3,2,5,1,4,1,2,0,19834,0,0,,,33000,2,,,,7500,4745,250,,,200,,,,1,,300,,,,1,,1270,,,1270,,,,1,,4445,,,,1,,,,,,,,,,,,,,,,,,,,2,,95,0,0,0,0,5,0,100,0,0,,0,0,0,,3,100,0,0,0,2,4,2100,250,30,0,40,0,900,0,1,2,3,4,,,,8,,,,,4,4,1,1,11,5,120,60,170,65,0,0,1,0,0,0,0,100,0,4,,4,3,3,2,,,3,2,5,1,1,,,,,6,1,,,,,,,,,,,,,,9998,662,,11.36842
14,1,2,1,3,3,2,6,2,,1,3,0,2314,0,0,,,50000,2,,,,10077.9533,7247.6382,2600,,,2500,,,,1,,2000,,,,1,,1430,,,1430,,,,1,,5000,,,,1,,,,,,,,,,,,,,,,,,,,2,,70,0,0,0,30,0,0,,,,,,,,,,100,0,0,0,2,4,1680,200,10,10,0,0,626,30,1,2,3,4,,,,8,,,,,5,7,1,1,11,4,200,20,160,70,0,0,1,100,0,0,0,0,0,3,,,2,2,2,,,1,6,1,1,1,,,,,2,2,,,,,,,,,,,,,,9998,98,9998,11.36842
14,1,2,1,3,5,2,6,1,1,1,2,0,38000,0,0,,,30000,2,,,,3000,2500,,1,,,1,,,1,,,1,,,1,,833,,,833,,,,1,,2500,,,,1,,,,,,,,,,,,,,,,,,,,2,,100,0,0,0,0,0,0,,,,,,,,,,100,0,0,0,2,4,2150,250,50,5,45,100,580,20,1,2,3,4,,,,8,,,,,4,6,1,1,9,4,90,90,170,70,0,0,1,100,0,0,0,0,0,4,,1,3,3,2,,,3,2,5,1,1,,,,,4,2,,,,,,,,,,,,,,9998,515,,11.36842
14,1,2,1,4,2,2,1,2,,1,4,0,13223,0,0,,,10000,2,,,,2500,1500,,1,,,1,,,1,,,1,,,1,,600,,,600,,,,1,,1500,,,,1,,,,,,,,,,,,,,,,,,,,2,,90,0,0,0,0,10,0,100,0,0,,0,0,0,,3,100,0,0,0,1,4,0,0,0,0,50,0,0,20,1,2,3,4,,,,8,,,,,0,0,1,1,0,0,30,30,0,0,0,0,,100,0,0,0,0,0,4,,4,3,3,2,,,3,5,5,1,1,,,,,2,1,,,,,,,,,,,,,,9998,98,9998,11.36842
14,1,2,1,4,2,2,6,1,1,1,3,0,16529,0,0,,,30500,2,,,,5852.4473,4084.0411,2100,,,2000,,,,1,,2000,,,,1,,445,,,445,,,,1,,2000,,,,1,,,,,,,,,,,,,,,,,,,,2,,60,0,0,0,30,10,0,0,0,0,,100,0,0,,,100,0,0,0,2,1,2200,250,100,2,0,12,540,50,1,2,3,4,,,,8,9,,,,5,7,1,1,6,5,100,100,160,140,0,0,1,100,0,0,0,0,0,4,,4,3,3,2,,,3,5,5,1,1,,,,,2,1,,,,,,,,,,,,,,9998,533,,11.36842
14,1,2,1,4,3,2,1,1,1,1,4,0,29752,0,0,,,33000,2,,,,6000,4000,,1,,,1,,,1,,,1,,,1,,1333,,,1333,,,,1,,4000,,,,1,,,,,,,,,,,,,,,,,,,,2,,100,0,0,0,0,0,0,,,,,,,,,,100,0,0,0,2,4,0,0,100,0,50,100,150,60,1,2,3,4,,,,8,9,,,,0,1,1,1,0,15,90,90,0,110,0,0,1,100,0,0,0,0,0,4,,4,3,3,2,,,3,2,6,1,1,,,,,6,1,,,,,,,,,,,,,,9998,662,,11.36842
14,1,2,1,4,3,2,1,2,,2,0,10082,0,0,0,,,25000,2,,,,5585.8903,3888.2828,150,,,120,,,0,,,180,,,0,,,1140,,,1140,,,0,,,3420,,,0,,,,,,,,,,,,,,,,,,,,,2,,95,0,0,0,0,5,0,100,0,0,,0,0,0,,4,100,0,0,0,2,4,280,70,10,0,0,200,51,40,1,2,3,4,,,,8,,,,,1,0,1,1,3,0,100,100,170,0,0,0,1,100,0,0,0,0,0,4,,4,3,3,2,,,3,2,6,1,1,,,,,9,1,,,,,,,,,,,,,,9998,662,,11.36842
14,1,2,1,4,3,2,1,2,,2,0,12870,0,0,0,,,16500,2,,,,4200,3190,240,,,240,,,,1,,240,,,,1,,650,,,650,,,,1,,2950,,,,1,,,,,,,,,,,,,,,,,,,,2,,90,0,0,0,0,10,0,0,0,0,,100,0,0,,,100,0,0,0,1,4,1350,1590,10,200,0,10,675,0,1,2,3,4,,,,8,,,11,,7,5,1,1,3,3,90,90,180,80,0,0,1,100,0,0,0,0,0,4,,4,3,3,3,,1,3,2,3,1,1,,,,,2,2,,,,,,,,,,,,,,9998,98,9998,11.36842
14,1,2,1,4,3,2,3,1,3,1,12,0,32000,0,0,,,4000,2,,,,10997.247,10890.772,300,,,260,,,,1,,260,,,,1,,1080,,,1080,,,,1,,4320,,,,1,,,,,,,,,,,,,,,,,,,,1,200,0,0,0,0,0,100,0,50,0,0,,50,0,0,,3,100,0,0,0,2,2,2400,250,70,0,30,300,544,50,1,2,3,,,,7,8,9,,,,4,10,1,1,12,6,60,60,160,110,0,0,1,100,0,0,0,0,0,3,,,3,3,2,,,1,2,2,1,1,,,,,6,1,,,,,,,,,,,,,,9998,98,9998,11.36842
14,1,2,1,4,3,2,6,2,,1,2,0,19834,0,0,,,18000,2,,,,2156.75,832.2,160,,,143,,,,1,,130,,,,1,,472,,,472,,,,1,,1320,,,,1,,,,,,,,,,,,,,,,,,,,2,,90,0,0,0,10,0,0,,,,,,,,,,100,0,0,0,2,3,2150,250,30,2,50,150,724,30,1,2,3,4,,,,8,,,,,4,8,1,1,11,7,120,30,160,70,0,0,1,100,0,0,0,0,0,4,,4,3,3,2,,,3,2,6,1,1,,,,,6,1,,,,,,,,,,,,,,9998,662,,11.36842
14,1,2,1,4,4,2,1,2,,1,4,0,13223,0,0,,,38000,2,,,,4000,2600,,1,,,1,,,1,,,1,,,1,,930,,,930,,,,1,,2600,,,,1,,,,,,,,,,,,,,,,,,,,2,,100,0,0,0,0,0,0,,,,,,,,,,100,0,0,0,2,4,2730,300,70,1,40,0,472,50,1,2,3,4,,,,8,,,,,4,10,1,0,12,6,120,0,160,70,0,0,1,100,0,0,0,0,0,4,,4,3,3,2,,,3,3,5,1,1,,,,,9,1,,,,,,,,,,,,,,9998,662,,11.36842
14,1,2,1,4,4,2,1,2,,1,7,0,29752,0,0,,,40000,2,,,,15000,5000,200,,,160,,,0,,,200,,,0,,,1600,,,1600,,,0,,,4800,,,0,,,,,,,,,,,,,,,,,,,,,2,,98,0,0,0,0,2,0,100,0,0,,0,0,0,,3,100,0,0,0,2,2,2100,250,100,0,17,200,930,50,1,2,3,4,,,,8,,,,,8,8,1,1,10,5,20,60,160,70,0,0,1,100,0,0,0,0,0,3,,,2,2,2,,,1,2,5,1,1,,,,,2,1,,,,,,,,,,,,,,9998,98,9998,11.36842
14,1,2,1,4,4,2,6,2,,2,0,3966,0,0,0,,,10000,2,,,,3177.272,1275.4,50,,,50,,,,1,,300,,,,1,,50,,,50,,,,1,,400,,,,1,,,,,,,,,,,,,,,,,,,,2,,50,0,0,0,0,50,0,100,0,0,,0,0,0,,3,100,0,0,0,2,2,1200,150,0,1,0,0,30,10,1,2,3,4,,,,8,,,,,0,3,0,0,0,2,0,0,0,60,0,0,1,100,0,0,0,0,0,4,,4,3,3,2,,,3,2,6,2,,,,,,2,1,,,,,,,,,,,,,,9998,662,,11.36842
14,1,2,1,5,2,2,1,1,2,2,0,4950,0,990,0,,,15000,2,,,,6601.425,2217.17,313,,,313,,,,1,,313,,,,1,,48,,,48,,,,1,,168,,,,1,,,,,,,,,,,,,,,,,,,,2,,0,0,0,0,0,100,0,50,0,0,,50,0,0,,4,100,0,0,0,2,4,260,180,6,25,0,2,30,0,1,2,3,4,,,,8,,,11,,1,0,1,1,2,0,90,90,150,0,0,0,1,100,0,0,0,0,0,5,,1,3,3,3,,3,1,5,6,1,1,,,,,7,1,,,,,,,,,9,,,,,,98,9998,11.36842
14,1,2,1,5,2,2,1,2,,2,0,10890,0,0,0,,,9500,2,,,,3000,1306,70,,,70,,,,1,,70,,,,1,,518,,,518,,,,1,,1236,,,,1,,,,,,,,,,,,,,,,,,,,2,,98,0,0,0,0,2,0,0,0,0,,100,0,0,,,100,0,0,0,1,4,800,138,6,200,0,8,312,0,1,2,3,4,,,,8,9,,11,,3,6,1,1,3,3,100,90,170,60,0,0,1,100,0,0,0,0,0,4,,4,3,3,3,,1,3,2,3,1,1,,,,,2,2,,,,,,,,,,,,,,9998,98,9998,11.36842
14,1,2,1,5,2,2,5,1,3,2,0,1188,0,0,0,,,5000,2,,,,1200,300,120,,,80,,,,1,,80,,,,1,,,1,,,1,,,1,,,1,,,1,,,,,,,,,,,,,,,,,,,,2,,0,0,0,0,0,100,0,60,0,0,,40,0,0,,4,100,0,0,0,2,3,0,7,5,6,0,3,68,0,1,2,3,4,,,,8,,,,,4,4,1,0,1,1,20,0,100,70,0,0,1,100,0,0,0,0,0,4,,4,3,3,2,,,3,2,2,2,,,,,,2,1,,,,,,,,,,,,,,9998,98,9998,11.36842
14,1,2,1,5,4,2,1,2,,1,1,0,6611,0,330,,,7000,2,,,,2276.302,475.72,,1,,,1,,,1,,,1,,,1,,600,,,600,,,,1,,1500,,,,1,,,,,,,,,,,,,,,,,,,,2,,100,0,0,0,0,0,0,,,,,,,,,,100,0,0,0,1,3,0,0,0,0,60,100,0,7,1,2,3,4,,,,8,,,,,0,0,1,1,0,0,40,40,0,0,0,0,,100,0,0,0,0,0,4,,4,3,3,2,,,3,2,5,2,,,,,,6,1,,,,,,,,,,,,,,9998,98,9998,11.36842
14,1,2,1,5,4,2,1,2,,2,0,0,39669,0,0,,,70000,2,,,,8500,7000,50,,,40,,,,1,,40,,,,1,,2450,,,2450,,,0,,,6860,,,0,,,,,,,,,,,,,,,,,,,,,2,,90,0,0,0,0,10,0,20,0,0,,80,0,0,,3,100,0,0,0,2,1,3360,500,50,0,132,0,882,50,1,2,3,4,,,,8,,,,,16,8,1,1,11,10,90,90,180,70,0,0,3,0,0,0,0,100,0,3,,,2,2,2,,,1,2,6,1,1,,,,,6,2,,,,,,,,,,,,,,9998,542,,11.36842
14,1,2,2,4,3,2,6,1,1,1,1,0,6611,0,0,,,10500,2,,,,4884.9246,2750.231,70,,,63,,,,1,,50,,,,1,,450,,,450,,,,1,,1200,,,,1,,,,,,,,,,,,,,,,,,,,2,,98,0,0,0,0,2,0,0,0,0,,100,0,0,,,100,0,0,0,2,4,840,105,10,1,0,0,428,0,1,,,4,,,,,,,,,4,8,0,1,10,2,0,90,170,70,0,0,1,100,0,0,0,0,0,4,,4,3,3,3,,1,3,2,6,2,,,,,,6,1,,,,,,,,,,,,,,9998,533,,11.36842
14,1,2,2,4,4,2,1,2,,1,1,0,9917,0,0,,,19000,2,,,,4000,3800,10,,,,1,,,1,,,1,,,1,,1270,,,1270,,,,1,,3800,,,,1,,,,,,,,,,,,,,,,,,,,2,,100,0,0,0,0,0,0,,,,,,,,,,100,0,0,0,1,4,1600,200,20,0,50,0,520,50,1,2,3,4,,,,8,,,,,5,8,1,1,8,4,60,60,160,70,0,0,1,100,0,0,0,0,0,3,,,3,3,2,,,3,2,5,1,1,,,,,2,1,,,,,,,,,,,,,,9998,533,,11.36842
14,1,2,2,4,4,2,1,2,,1,2,0,16528,0,0,,,17000,2,,,,3500,2000,650,,,570,,,,1,,570,,,,1,,355,,,355,,,,1,,1065,,,,1,,,,,,,,,,,,,,,,,,,,2,,50,0,0,0,0,50,0,50,0,0,,50,0,0,,3,100,0,0,0,2,2,0,0,0,0,100,0,130,0,1,2,3,4,,,,8,,,,,2,0,1,1,4,0,40,40,160,0,0,0,1,100,0,0,0,0,0,3,,,2,2,2,,,1,5,5,1,1,,,,,2,1,,,,,,,,,,,,,,9998,98,9998,11.36842
14,1,2,2,5,2,2,1,1,2,2,0,19834,0,0,0,,,24000,2,,,,4664.6412,3713.6162,900,,,824,,,0,,,700,,,0,,,833,,,833,,,0,,,2500,,,0,,,,,,,,,,,,,,,,,,,,,2,,90,0,0,0,0,10,0,100,0,0,,0,0,0,,3,100,0,0,0,2,4,1720,200,0,0,0,100,480,170,1,2,3,4,,,,8,,,,,6,11,1,1,10,2,90,90,160,70,0,0,1,100,0,0,0,0,0,3,,,3,3,2,,,3,2,6,1,1,,,,,6,1,,,,,,,,,,,,,,9998,98,9998,11.36842
14,1,3,1,2,2,3,5,1,4,2,0,6600,0,0,0,,,10000,2,,,,2000,600,300,,,250,,,,1,,375,,,,1,,,1,,,1,,,1,,,1,,,1,,,,,,,,,,,,,,,,,,,,2,,0,0,0,0,0,100,0,0,0,0,,100,0,0,,,100,0,0,0,3,4,0,0,0,3,0,3,0,0,1,2,3,4,,,,8,,,,,0,0,1,1,0,0,50,20,0,0,0,0,,100,0,0,0,0,0,4,,2,3,3,3,,1,1,2,5,2,,,,,,10,1,,,,,,,,,,,,,,9998,98,9998,11.36842
14,1,3,1,3,2,3,3,2,,2,0,3960,0,0,0,,,9000,2,,,,8000,1315,40,,,40,,,,1,,40,,,,1,,364,,,364,,,,1,,1275,,,,1,,,,,,,,,,,,,,,,,,,,2,,95,0,0,0,0,5,0,5,0,0,,95,0,0,,3,100,0,0,0,1,4,900,110,6,250,0,10,108,0,1,2,3,4,,,,8,,,11,,5,8,1,1,1,1,100,100,120,60,0,0,1,100,0,0,0,0,0,4,,1,3,3,2,,,9997,2,6,1,1,,,,,2,1,,,,,,,,,9,,,,,,98,9998,11.36842
14,1,3,1,4,1,3,1,2,,1,3,0,6611,0,0,,,8500,2,,,,5714.892,2323.071,,1,,,1,,,1,,,1,,,1,,,1,,480,,,,1,,1200,,,,1,,,,,,,,,,,,,,,,,,,,,,100,0,0,0,0,0,0,,,,,,,,,,100,0,0,0,1,4,0,0,0,0,0,100,0,40,1,2,3,4,,,,8,,,,,0,0,1,1,0,0,30,30,0,0,0,0,,100,0,0,0,0,0,4,,4,3,3,3,,1,3,2,9997,2,,,,,,2,2,,,,,,,,,,,,,,9998,659,,11.36842
14,1,3,1,4,3,3,1,2,,1,1,0,3300,0,0,,,10000,2,,,,5358.17,2250,80,,,80,,,,1,,80,,,,1,,150,,,150,,,0,,,370,,,0,,,,,,,,,,,,,,,,,,,,,2,,100,0,0,0,0,0,0,,,,,,,,,,100,0,0,0,2,4,0,0,0,30,10,5,0,0,1,2,3,4,,,,8,9,,,,0,0,1,1,0,0,90,90,0,0,0,0,,100,0,0,0,0,0,4,,4,3,3,1,4,,3,1,1,2,,,,,,6,2,,,,,,,,,,,,,,9998,98,9998,11.36842
14,1,3,1,4,3,3,4,1,2,2,0,1650,0,0,0,,,11700,2,,,,3589.169,1117.2,,1,,,1,,180,,,,1,,,1,,180,,,,1,,180,,,,1,,375,,,,,,,,,,,,,,,,,,1,,,2,,100,0,0,0,0,0,0,,,,,,,,,,100,0,0,0,4,4,0,20,0,30,0,3,0,0,1,2,3,,,,,,,,,,0,0,1,0,0,0,90,0,0,0,0,0,,100,0,0,0,0,0,4,,2,3,3,1,4,,1,1,1,2,,,,,,7,2,,,,,,,,,,,,,,9998,551,,11.36842
14,1,3,1,5,4,3,1,2,,2,0,990,0,0,0,,,8000,2,,,,2000,1372,0,,,0,,,0,,,0,,,0,,,408,,,408,,,,1,,1372,,,,1,,,,,,,,,,,,,,,,,,,,2,,0,100,0,0,0,0,0,,,,,,,,,,100,0,0,0,1,4,0,0,0,20,0,3,0,0,1,2,3,4,,,,,9,,11,,0,0,1,0,0,0,90,0,0,0,0,0,,100,0,0,0,0,0,5,,4,3,3,4,,3,1,2,3,2,,,,,,10,2,,,,,,,,,,,,,,9998,98,9998,11.36842
14,1,3,1,5,5,3,1,2,,2,0,7920,0,0,0,,,13000,2,,,,1100,210,30,,,30,,,,1,,30,,,,1,,60,,,60,,,60,,,,1,,180,,,,,,,,,,,,,,,,,,3,,,2,,0,0,0,0,0,100,0,100,0,0,,0,0,0,,3,100,0,0,0,1,4,0,0,0,6,0,3,0,0,1,2,3,4,,,,,,,,,0,0,1,1,0,0,60,600,0,0,0,0,,100,0,0,0,0,0,5,,9997,3,3,4,,9997,9997,2,3,2,,,,,,10,2,,,,,,,,,,,,,,9998,98,9998,11.36842
14,1,3,2,5,4,3,1,2,,2,0,0,0,1320,0,,,6700,2,,,,8381.358,3750.773,100,,,100,,,,1,,100,,,,1,,96,,,,1,,96,,,,1,,288,,,,,,,,,,,,,,,,,,3,,,2,,0,0,0,0,0,100,0,0,0,0,,100,0,0,,,100,0,0,0,2,4,0,0,2,22,0,1,0,0,1,2,3,4,,,,,9,,11,,0,0,0,1,0,0,0,100,0,0,0,0,,100,0,0,0,0,0,5,,1,3,3,3,,1,9997,5,6,2,,,,,,10,2,,,,,,,,,9,,,,,,98,9998,11.36842
14,2,1,1,3,1,1,,2,,2,0,,,,,4793,0,,,1,3,90000,12623,12617.3,,,,,,,,,,,,,,,,,,,,,,,,,,,,,,,42100,,,42000,,,,1,,25000,,,,1,,,,,2,,0,0,0,0,80,20,0,10,90,0,,0,0,0,,3,100,0,0,0,2,,11700,0,200,600,0,0,3600,30,,,3,,,,,8,,,,,2,0,1,0,300,0,300,0,60,0,0,0,1,100,0,0,0,0,0,3,,,1,1,2,,,2,1,6,2,,,,,,5,1,,,,,,,,,,,,,,9998,578,,7.18182
14,2,1,1,3,2,1,,2,,2,0,,,,,991,0,,,1,3,46800,27000,23000,,,,,,,,,,,,,,,,,,,,,,,,,,,,,,,37540,,,37440,,,,1,,23000,,,,1,,,,,2,,70,0,0,0,25,5,0,100,0,0,,0,0,0,,4,100,0,0,0,2,,13000,0,50,240,0,0,1160,100,,,3,,,,,8,,,,,4,0,1,1,29,0,300,20,100,0,0,0,1,100,0,0,0,0,0,3,,,1,1,2,,,1,5,2,1,1,,,,,1,2,,,,,,,,,,,,,,9998,645,,7.18182
14,2,1,1,3,3,1,,1,2,2,0,,,,,4958,0,,,1,3,200000,58000,58000,,,,,,,,,,,,,,,,,,,,,,,,,,,,,,,116000,,,116000,,,,1,,58000,,,,1,,,,,2,,0,0,0,0,100,0,0,,,,,,,,,,100,0,0,0,2,,34000,2000,1000,1200,0,2000,2940,20,1,,3,,,6,,8,,,,,7,0,1,1,60,0,300,300,200,0,0,0,4,100,0,0,0,0,0,3,,,3,3,2,,,1,5,2,1,1,,,,,4,2,,,,,,,,,,,,,,9998,98,9998,7.18182
14,2,1,1,4,2,1,,2,,2,0,,,,,694,0,,,1,1.8,35200,6500,3100,,,,,,,,,,,,,,,,,,,,,,,,,,,,,,,10100,,,10040,,,,1,,6530,,,,1,,,,,2,,0,0,0,0,70,30,0,100,0,0,,0,0,0,,3,100,0,0,0,2,,5632,0,0,300,0,2000,0,20,,,3,,,,,8,,,,,0,0,1,1,0,0,300,150,0,0,0,0,,100,0,0,0,0,0,4,,1,3,3,3,,1,2,2,2,2,,,,,,6,2,,,,,,,,,,,,,,9998,532,,7.18182
14,2,2,1,1,1,2,6,2,,2,0,,,,,1190,0,,,2,2,40000,9764,8915,,,,,,,,,,,,,,,,,,,,,,,,,,,,,,,10100,,,10000,,,0,,,10000,,,0,,,,,,2,,0,0,0,0,90,10,0,100,0,0,,0,0,0,,3,100,0,0,0,2,,8640,0,30,600,0,50,0,0,1,,3,,,,,8,,,,,0,0,3,1,0,0,200,30,0,0,0,0,,100,0,0,0,0,0,3,,,1,1,2,,,2,2,1,1,1,,,,,6,2,,,,,,,,,,,,,,9998,535,,11.36842
14,2,2,1,2,1,2,6,2,,2,0,,,,,1652,0,,,1,3,10000,8000,6000,,,,,,,,,,,,,,,,,,,,,,,,,,,,,,,6100,,,5714,,,400,,,4000,,,2000,,,3,9997,,2,,0,0,0,0,60,40,0,0,0,0,,100,0,0,,,100,0,0,0,2,,2250,0,15,360,0,30,540,0,1,,3,,,,,8,,,,9997,0,1,1,1,0,90,200,200,0,60,0,0,1,0,0,0,100,0,0,2,2,,3,3,1,5,,9997,2,6,1,1,,,,,10,1,,,,,,,,,,,,,,9998,662,,11.36842
14,2,2,1,3,1,2,6,2,,2,0,,,,,1652,0,,,1,3,44000,4000,3000,,,,,,,,,,,,,,,,,,,,,,,,,,,,,,,6100,,,6000,,,0,,,3000,,,0,,,,,,2,,0,0,0,0,30,70,0,10,0,0,,90,0,0,,3,100,0,0,0,2,,5720,0,0,500,0,100,0,0,1,,3,,,,,8,,,,,0,0,1,1,0,0,300,300,0,0,0,0,,100,0,0,0,0,0,3,,,2,2,2,,,1,2,6,2,,,,,,6,1,,,,,,,,,,,,,,9998,524,,11.36842
14,2,2,1,4,1,2,5,1,4,2,0,,,,,694,1983,,,1,2,10500,8436.479,5500.4206,,,,,,,,,,,,,,,,,,,,,,,,,,,,,,,10000,,,10000,,,0,,,5000,,,0,,,,,,2,,0,0,0,0,100,0,0,,,,,,,,,,100,0,0,0,2,,2828,0,20,250,0,100,56,146,1,2,3,4,,,,8,,,,,2,0,1,1,2,0,30,30,140,0,0,0,1,100,0,0,0,0,0,4,,1,3,3,2,,,3,2,6,2,,,,,,6,2,,,,,,,,,,,,,,9998,662,,11.36842
14,2,2,2,3,1,2,1,2,,2,0,,,,,661,0,,,1,3,7000,7000,2000,,,,,,,,,,,,,,,,,,,,,,,,,,,,,,,5100,,,5000,,,,1,,2000,,,,1,,,,,2,,0,0,0,0,100,0,0,,,,,,,,,,100,0,0,0,2,,1750,0,0,600,80,500,0,20,,,3,,,,,8,,,,,0,0,0,1,0,0,0,180,0,0,0,0,,100,0,0,0,0,0,5,,6,3,3,4,,2,2,1,2,2,,,,,,5,2,,,,,,,,,,,,,,9998,98,9998,11.36842
14,3,1,1,2,2,1,,2,,2,0,0,0,4297,0,,,20000,2,,,,5500,4550,1800,,,1800,,,,1,,1800,,,,1,,550,,,550,,,,1,,2750,,,,1,,,,,,,,,,,,,,,,,,,,2,,0,0,0,0,0,100,0,10,0,0,,90,0,0,,3,100,0,0,0,2,2,2150,250,150,0,0,0,745,50,1,2,3,4,,,,8,,,,,5,10,1,0,10,5,200,0,160,70,0,0,1,100,0,0,0,0,0,3,,,3,3,2,,,3,2,5,1,1,,,,,6,1,,,,,,,,,,,,,,9998,98,9998,7.18182
14,3,1,1,3,2,1,,2,,1,1,0,9917,1322,330,,,10000,2,,,,6936.18,6195.6947,700,,,625,,,,1,,500,,,,1,,544,,,544,,,,1,,1632,,,,1,,,,,,,,,,,,,,,,,,,,2,,90,0,0,0,10,0,0,,,,,,,,,,100,0,0,0,2,2,0,0,10,20,10,0,0,30,1,2,3,4,,,,8,,,,,0,0,1,0,0,0,200,0,0,0,0,0,,70,0,0,0,30,0,3,,,1,1,2,,,1,5,5,1,1,,,,,2,1,,,,,,,,,,,,,,9998,98,9998,7.18182
14,3,1,1,4,4,1,,1,1,2,0,0,0,0,1487,,,10000,2,,,,16000,950,,1,,,1,,,1,,,1,,,1,,413,,,413,,,,1,,950,,,,1,,,,,,,,,,,,,,,,,,,,2,,100,0,0,0,0,0,0,,,,,,,,,,100,0,0,0,1,1,1092,150,20,24,50,100,569,10,1,2,3,4,,,,8,,,,,6,8,1,1,6,3,60,60,170,70,0,0,3,100,0,0,0,0,0,4,,3,3,3,2,,,3,6,3,2,,,,,,6,2,,,,,,,,,,,,,,9998,98,9998,7.18182
14,3,2,1,2,2,2,5,1,3,2,0,0,0,4290,0,,,13300,2,,,,5000,4800,,1,,,1,,,1,,,1,,,1,,1080,,,,1,,1067,,,,1,,4800,,,,,,,,,,,,,,,,,,3,1,,2,,0,0,0,0,100,0,0,,,,,,,,,,100,0,0,0,4,4,1125,220,10,36,0,11,470,0,1,2,3,4,,,,8,,,,,2,3,1,0,10,10,100,0,130,70,0,0,1,70,30,0,0,0,0,3,,,2,2,2,,,3,3,5,1,1,,,,,7,1,,,,,,,,,,,,,,9998,98,9998,11.36842
14,3,2,1,3,1,2,1,2,,2,0,0,0,2640,0,,,26300,2,,,,5000,2591,110,,,110,,,,1,,112,,,,1,,953,,,953,,,,1,,2479,,,,1,,,,,,,,,,,,,,,,,,,,2,,95,0,0,0,0,5,0,100,0,0,,0,0,0,,3,100,0,0,0,1,4,2310,210,71,250,0,15,255,0,1,2,3,4,,,,8,,,11,,3,0,2,2,5,0,120,30,170,0,0,0,1,100,0,0,0,0,0,4,,1,3,3,2,,,9997,2,3,1,1,,,,,2,1,,,,,,,,,9,,,,,,98,9998,11.36842
14,3,2,1,3,3,2,1,1,3,2,0,0,0,2170,0,,,11350,2,,,,3000,1200,1705,,,1710,,,,1,,1197,,,,1,,,1,,,1,,,1,,,1,,,1,,,,,,,,,,,,,,,,,,,,2,,0,0,0,0,80,20,0,20,0,0,,80,0,0,,3,100,0,0,0,2,3,0,0,0,20,0,0,0,0,1,2,3,4,,,,8,,,,,0,0,0,1,0,0,0,45,0,0,0,0,,100,0,0,0,0,0,3,,,3,3,2,,,3,3,2,2,,,,,,2,1,,,,,,,,,,,,,,9998,98,9998,11.36842
14,3,2,1,4,2,2,1,2,,1,2,3305,9917,991,3173,,,25000,2,,,,6000,3785,3400,,,3560,,,,1,,3560,,,,1,,50,,,50,,,,1,,225,,,,1,,,,,,,,,,,,,,,,,,,,2,,0,0,0,0,0,100,0,10,0,0,,90,0,0,,3,100,0,0,0,2,4,3200,400,70,60,70,0,1020,30,1,2,3,4,,,,8,,,,,12,11,1,1,8,4,120,30,160,70,0,0,1,100,0,0,0,0,0,4,,4,3,3,2,,,3,2,2,1,1,,,,,1,1,,,,,,,,,,,,,,9998,98,9998,11.36842
14,3,2,1,4,2,2,1,2,,2,0,0,0,2975,0,,,10500,2,,,,4000,2500,,1,,,1,,,1,,,1,,,1,,900,,,900,,,,1,,2500,,,,1,,,,,,,,,,,,,,,,,,,,2,,95,0,0,0,0,5,0,100,0,0,,0,0,0,,3,100,0,0,0,1,1,1260,210,20,30,0,220,350,0,1,2,3,4,,,,8,,,,,4,5,1,1,8,4,210,210,170,70,0,0,1,90,10,0,0,0,0,3,,,3,3,2,,,3,6,6,1,1,,,,,6,1,,,,,,,,,,,,,,9998,640,,11.36842
14,3,2,1,4,2,2,3,1,2,2,0,0,0,1980,0,,,13000,2,,,,7000,2169,210,,,210,,,,1,,210,,,,1,,674,,,674,,,,1,,1959,,,,1,,,,,,,,,,,,,,,,,,,,2,,90,0,0,0,10,0,0,,,,,,,,,,100,0,0,0,1,4,2100,280,6,150,0,3,503,0,1,2,3,4,,,,8,9,,11,,4,11,1,1,4,3,90,90,170,70,0,0,1,100,0,0,0,0,0,4,,9997,3,3,3,,1,9997,2,6,1,1,,,,,2,1,,,,,,,,,9,,,,,,98,9998,11.36842
14,3,2,1,5,1,2,1,2,,2,0,0,0,1586,0,,,12000,2,,,,2000,1000,450,,,400,,,0,,,500,,,0,,,200,,,200,,,0,,,500,,,0,,,,,,,,,,,,,,,,,,,,,2,,20,0,0,0,0,80,0,100,0,0,,0,0,0,,3,100,0,0,0,2,2,504,100,40,30,0,100,320,40,1,2,3,4,,,,8,,,,,4,13,1,1,4,4,50,40,170,70,0,0,1,100,0,0,0,0,0,4,,1,3,3,2,,,2,3,5,1,1,,,,,9,1,,,,,,,,,,,,,,9998,578,,11.36842
14,3,2,1,5,2,2,1,2,,1,0.6,0,0,2975,0,,,3800,2,,,,9179.658,5162.624,3500,,,3437,,,,1,,2750,,,,1,,500,,,500,,,,1,,1250,,,,1,,,,,,,,,,,,,,,,,,,,2,,25,0,0,0,70,5,0,0,0,0,,100,0,0,,,100,0,0,0,2,2,1596,380,70,30,0,100,500,50,1,2,3,4,,,,8,9,,,,16,11,1,1,6,3,210,210,160,70,0,0,1,100,0,0,0,0,0,4,,4,3,3,2,,,3,6,6,2,,,,,,6,1,,,,,,,,,,,,,,9998,98,9998,11.36842
14,3,2,1,5,5,2,1,2,,1,3,0,0,1652,3305,,,4000,2,,,,3184.1638,2073.2877,600,,,500,,,,1,,500,,,,1,,670,,,670,,,20,,,2000,,,80,,,,,,,,,,,,,,,,,,2,,,2,,80,0,0,0,20,0,0,,,,,,,,,,100,0,0,0,2,1,0,0,10,20,120,100,64,0,1,2,3,4,,,,8,,,,,1,0,1,1,4,0,40,40,16,0,0,0,1,100,0,0,0,0,0,4,,1,3,3,2,,,2,2,5,2,,,,,,2,1,,,,,,,,,,,,,,9998,533,,11.36842
14,3,2,2,4,3,2,5,1,2,2,0,0,0,1983,0,,,7300,2,,,,3247.1132,1721.243,850,,,850,,,,1,,1000,,,,1,,330,,,330,,,,1,,1000,,,,1,,,,,,,,,,,,,,,,,,,,2,,70,0,0,0,20,10,0,100,0,0,,0,0,0,,4,100,0,0,0,2,4,504,60,2,20,0,50,150,20,1,2,3,4,,,,,,,,,6,4,0,1,2,1,0,120,160,65,0,0,1,100,0,0,0,0,0,4,,6,3,3,2,,,3,2,6,1,1,,,,,9,1,,,,,,,,,,,,,,9998,662,,11.36842
14,3,3,1,3,1,3,1,1,1,2,0,0,0,1980,0,,,9200,2,,,,3516.62,2591.5,688,,,688,,,,1,,688,,,,1,,93,,,93,,,,1,,420,,,,1,,,,,,,,,,,,,,,,,,,,2,,0,0,0,0,0,100,0,10,0,0,,90,0,0,,4,100,0,0,0,1,4,90,17,0,90,0,1,0,0,1,2,3,4,,,,8,,,,9997,0,0,1,0,0,0,100,0,0,0,0,0,,100,0,0,0,0,0,4,,4,3,3,3,,1,3,2,6,1,1,,,,,10,2,,,,,,,,,,,,,,9998,518,,11.36842
14,3,3,1,3,2,3,4,1,1,2,0,0,0,0,2314,,,7000,2,,,,3484.9209,1080.8049,90,,,83,,,,1,,100,,,,1,,304,,,304,,,,1,,700,,,,1,,,,,,,,,,,,,,,,,,,,2,,90,0,0,0,0,10,0,100,0,0,,0,0,0,,3,100,0,0,0,2,1,0,0,0,20,140,100,0,10,1,2,3,4,,,,,9,,,,0,0,1,0,0,0,90,0,0,0,0,0,,100,0,0,0,0,0,4,,4,3,3,2,,,3,2,2,1,1,,,,,2,2,,,,,,,,,,,,,,9998,535,,11.36842
14,3,3,1,3,2,3,4,1,1,2,0,0,0,1320,0,,,7260,2,,,,9139.451,931.485,137,,,137,,,,1,,123,,,,1,,131,,,88,,,43,,,390,,,129,,,,,,,,,,,,,,,,,,3,,,2,,0,0,0,0,0,100,0,30,0,0,,70,0,0,,3,100,0,0,0,1,4,900,408,28,45,0,2,1082,0,1,2,3,4,,,,8,9,,11,,11,25,1,1,5,5,100,150,160,75,0,0,1,100,0,0,0,0,0,5,,4,3,3,2,,,3,2,9997,1,1,,,,,6,2,,,,,,,,,,,,,,9998,518,,11.36842
14,3,3,1,3,2,3,5,1,2,2,0,0,0,1320,0,,,9500,2,,,,6500,5000,150,,,150,,,,1,,150,,,0,,,0,,,0,,,0,,,0,,,0,,,,,,,,,,,,,,,,,,,,,2,,0,0,0,0,0,100,0,100,0,0,,0,0,0,,3,100,0,0,0,1,4,675,160,6,45,0,3,206,0,1,2,3,4,,,,8,,,11,,3,4,1,0,2,4,60,0,130,80,0,0,1,100,0,0,0,0,0,5,,1,3,3,3,,1,9997,5,6,2,,,,,,10,1,,,,,,,,,9,,,,,,98,9998,11.36842
14,3,3,1,4,2,3,6,2,,2,0,0,0,0,1752,,,8500,2,,,,3500,800,100,,,80,,,,1,,80,,,,1,,257,,,257,,,,1,,720,,,,1,,,,,,,,,,,,,,,,,,,,2,,90,0,0,0,0,10,0,0,0,0,,100,0,0,,,100,0,0,0,2,1,0,0,0,15,50,10,0,30,1,2,3,4,,,,8,9,,,,0,0,1,1,0,0,30,30,0,0,0,0,,100,0,0,0,0,0,4,,4,3,3,2,,,3,5,5,1,1,,,,,4,2,,,,,,,,,,,,,,9998,533,,11.36842
14,3,3,1,4,3,3,1,2,,2,0,0,0,660,0,,,5400,2,,,,1700,328,450,,,410,,,,1,,328,,,,1,,,1,,,1,,,1,,,1,,,1,,,,,,,,,,,,,,,,,,,,2,,0,0,0,0,100,0,0,,,,,,,,,,100,0,0,0,3,3,0,0,0,5,0,0,0,0,,2,3,4,,,,8,,,,,0,0,1,0,0,0,15,0,0,0,0,0,,80,20,0,0,0,0,4,,9997,3,3,2,,,3,2,1,2,,,,,,2,2,,,,,,,,,,,,,,9998,98,9998,11.36842
14,3,3,1,5,3,3,1,1,2,2,0,0,0,3168,0,,,5000,2,,,,2700,94,100,,,70,,,,1,,70,,,,1,,5,,,,1,,5,,,,1,,20,,,,,,,,,,,,,,,,,,3,,,2,,30,0,0,50,0,20,0,100,0,0,,0,0,0,,3,100,0,0,0,2,3,0,0,3,5,0,0,0,0,1,2,3,4,,,,8,,,,,0,0,2,0,0,0,7,0,0,0,0,0,,90,10,0,0,0,0,4,,9997,3,3,3,,1,3,6,6,2,,,,,,2,2,,,,,,,,,,,,,,9998,98,9998,11.36842
14,3,3,2,5,4,3,1,2,,2,0,0,0,1320,0,,,6700,2,,,,1200,200,80,,,80,,,,,1,68,,,,1,,66,,,0,,,66,,,,1,,132,,,,,,,,,,,,,,,,,,3,,,2,,0,0,0,0,0,100,0,0,0,0,,100,0,0,,,100,0,0,0,1,4,0,0,2,12,0,6,0,0,1,,3,4,,,,,9,,11,,0,0,0,1,0,0,0,60,0,0,0,0,,100,0,0,0,0,0,5,,1,3,3,4,,1,1,2,6,2,,,,,,10,2,,,,,,,,,,,,,,9998,98,9998,11.36842
15,1,1,1,3,4,1,,2,,1,0.6,0,6000,0,0,,,5000,2,,,,21936.5352,19217.3589,1300,,,1300,,,0,,,1600,,,0,,,50,,,50,,,,1,,150,,,,1,,,,,,,,,,,,,,,,,,,,2,,0,0,0,0,0,100,0,0,0,0,,80,20,0,,,100,0,0,0,2,3,50,8,2,40,0,0,340,0,1,2,3,4,,,,8,9,,,,1,3,2,1,10,20,200,150,100,80,0,0,1,50,0,0,50,0,0,4,,4,3,3,2,,,2,5,5,1,1,,,,,2,1,,,,,,,,,9,,,,13,,98,9998,6.58824
15,1,2,1,4,3,2,6,2,,2,0,3305,0,0,0,,,15000,2,,,,3447.5355,2441.474,7000,,,7000,,,,1,,7000,,,,1,,,1,,,1,,,1,,,1,,,1,,,,,,,,,,,,,,,,,,,,2,,100,0,0,0,0,0,0,,,,,,,,,,100,0,0,0,2,3,3000,1000,100,300,0,100,300,0,1,2,3,4,5,6,7,8,,,,,2,1,1,1,15,15,300,300,120,80,0,0,1,100,0,0,0,0,0,3,,,2,2,2,,,2,5,3,2,,,,,,6,2,,,,,,,,,,,,,,9998,98,9998,19.24138
15,1,3,1,3,1,3,1,1,4,2,0,660,0,0,0,,,700,2,,,,4000,250,210,,,200,,,,1,,250,,,,1,,,1,,,1,,,1,,,1,,,1,,,,,,,,,,,,,,,,,,,,2,,0,0,0,0,0,100,0,0,0,0,,100,0,0,,,100,0,0,0,1,4,0,0,0,10,0,0,0,0,,2,,4,,,,,,,,9997,0,0,1,0,0,0,40,0,0,0,0,0,,100,0,0,0,0,0,4,,6,2,2,2,,,2,5,5,2,,,,,,6,1,,,,,,,,,,,,,,9998,98,9998,19.24138
15,1,3,1,3,1,3,1,2,,1,1,0,9900,0,0,,,5000,2,,,,2000,1700,1700,,,1700,,,,1,,1700,,,,1,,,1,,,1,,,1,,,1,,,1,,,,,,,,,,,,,,,,,,,,2,,0,0,0,0,0,100,0,0,0,0,,100,0,0,,,100,0,0,0,1,3,480,70,0,0,10,0,0,0,,2,3,4,,,,,,,,,0,0,1,0,0,0,200,0,0,0,0,0,,100,0,0,0,0,0,4,,6,2,2,2,,,3,2,2,2,,,,,,2,1,,,,,,,,,,,,,,9998,98,9998,19.24138
15,1,3,1,3,3,3,1,2,,2,0,1983,0,1983,0,,,10000,2,,,,3000,2000,5000,,,5000,,,,1,,4000,,,,1,,,1,,,1,,,1,,,1,,,1,,,,,,,,,,,,,,,,,,,,2,,100,0,0,0,0,0,0,,,,,,,,,,100,0,0,0,2,3,1000,500,200,50,0,50,0,0,1,2,3,4,5,,7,8,,,,,0,0,2,2,0,0,250,200,0,0,0,0,,100,0,0,0,0,0,3,,,2,2,2,,,1,6,3,2,,,,,,10,2,,,,,,,,,,,,,,9998,98,9998,19.24138
15,1,3,1,3,3,3,1,2,,2,0,3305,0,0,0,,,10000,2,,,,2722.7875,589.4,5000,,,5000,,,,1,,5000,,,,1,,,1,,,1,,,1,,,1,,,1,,,,,,,,,,,,,,,,,,,,2,,100,0,0,0,0,0,0,,,,,,,,,,100,0,0,0,2,3,1500,500,100,200,0,100,0,0,1,2,3,4,5,6,7,8,,,,,0,0,1,1,0,0,300,300,0,0,0,0,,100,0,0,0,0,0,4,,2,3,3,3,,3,1,1,1,2,,,,,,6,2,,,,,,,,,,,,,,9998,98,9998,19.24138
15,1,3,1,3,3,3,5,2,,2,0,3305,0,0,0,,,15000,2,,,,1526.9945,1400,8000,,,8000,,,,1,,8000,,,,1,,,1,,,1,,,1,,,1,,,1,,,,,,,,,,,,,,,,,,,,2,,0,0,0,0,0,0,100,,,,,,,,,,100,0,0,0,2,3,2000,700,200,100,0,100,200,0,1,2,3,4,5,6,7,8,,,,,1,2,2,1,15,15,300,250,120,80,0,0,1,100,0,0,0,0,0,3,,,2,2,2,,,1,6,1,2,,,,,,6,2,,,,,,,,,,,,,,9998,98,9998,19.24138
15,1,3,1,4,1,3,6,1,4,2,0,1650,0,0,0,,,5000,2,,,,1500,1000,1020,,,,,1,,1,,1000,,,,1,,,1,,,1,,,1,,,1,,,1,,,,,,,,,,,,,,,,,,,,2,,0,0,0,0,0,100,0,0,0,0,,100,0,0,,,100,0,0,0,1,3,480,90,0,5,0,0,0,0,,2,,4,5,,,,,,,,0,0,1,1,0,0,150,120,0,0,0,0,,100,0,0,0,0,0,2,1,,2,2,2,,,2,5,5,2,,,,,,5,2,,,,,,,,,,,,,,9998,98,9998,19.24138
15,1,3,1,4,2,3,1,1,4,2,0,5000,0,0,0,,,5000,2,,,,3000,1000,520,,,500,,,,1,,1000,,,,1,,,1,,,1,,,1,,,1,,,1,,,,,,,,,,,,,,,,,,,,2,,0,0,0,0,0,100,0,0,0,0,,100,0,0,,,100,0,0,0,1,3,250,35,10,5,0,0,0,0,,2,,4,,,,,,,,,0,0,1,1,0,0,90,60,0,0,0,0,,100,0,0,0,0,0,4,,7,3,3,4,,3,2,2,2,1,1,,,,,6,1,,,,,,,,,,,,,,9998,576,,19.24138
15,1,3,1,4,3,3,5,2,,2,0,3305,0,0,0,,,10000,2,,,,4518.6205,1120,6000,,,6000,,,,1,,6000,,,,1,,,1,,,1,,,1,,,1,,,1,,,,,,,,,,,,,,,,,,,,2,,100,0,0,0,0,0,0,,,,,,,,,,100,0,0,0,2,3,3000,500,100,100,0,100,0,0,1,2,3,4,5,6,7,8,,,,,0,0,2,1,0,0,300,300,0,0,0,0,,100,0,0,0,0,0,4,,4,3,3,3,,3,2,6,6,2,,,,,,6,2,,,,,,,,,,,,,,9998,98,9998,19.24138
15,1,3,1,4,5,3,1,2,,2,0,1320,0,0,0,,,23000,2,,,,4000,1960,2800,,,2800,,,0,,,1960,,,0,,,0,,,0,,,0,,,0,,,0,,,,,,,,,,,,,,,,,,,,,2,,0,0,0,0,70,30,0,50,0,0,,50,0,0,,4,100,0,0,0,2,3,0,0,20,40,0,5,80,0,,,3,4,,6,7,8,9,,,,0,1,2,1,0,8,80,40,0,80,0,0,1,100,0,0,0,0,0,4,,4,3,3,3,,1,3,5,5,2,,,,,,3,2,,,,,,,,,,,,,,9998,98,9998,19.24138
15,1,3,1,5,4,3,1,2,,2,0,0,3300,0,0,,,6000,2,,,,1500,700,1175,,,1170,,,,1,,700,,,,1,,,1,,,1,,,1,,,1,,,1,,,,,,,,,,,,,,,,,,,,2,,70,0,0,0,0,30,0,0,0,0,,100,0,0,,,100,0,0,0,2,3,1500,120,15,5,50,0,0,0,,2,3,,,6,,,9,,,,0,0,1,0,0,0,200,0,0,0,0,0,,100,0,0,0,0,0,4,,4,3,3,3,,1,3,1,2,2,,,,,,6,2,,,,,,,,,,,,,,9998,98,9998,19.24138
15,1,3,2,4,3,3,1,2,,2,0,330,0,0,0,,,5000,2,,,,10030.8285,2227.555,450,,,450,,,0,,,270,,,0,,,0,,,0,,,0,,,0,,,0,,,,,,,,,,,,,,,,,,,,,2,,0,0,0,0,40,60,0,10,40,0,,50,0,0,,3,100,0,0,0,1,3,0,10,2,20,0,0,0,0,,2,3,,5,6,7,8,9,,,,0,0,1,1,0,0,5,45,0,0,0,0,,100,0,0,0,0,0,4,,1,2,3,2,,,3,5,2,2,,,,,,6,2,,,,,,,,,,,,,,9998,98,9998,19.24138
15,2,1,1,3,2,1,,2,,2,0,,,,,330,330,,,1,,30000,20000,20000,,,,,,,,,,,,,,,,,,,,,,,,,,,,,,,20000,,,20000,,,,,1,20000,,,,1,,,,,2,,0,0,0,0,0,100,0,100,0,0,,0,0,0,,3,100,0,0,0,2,,500,1000,1000,0,0,10,200,0,,,3,,,,,8,,,,,2,1,2,1,10,10,365,365,100,100,0,0,1,100,0,0,0,0,0,3,,,2,2,2,,,1,5,3,1,1,,,,,6,2,,,,,,,,,,,,,,9998,98,9998,6.58824
15,2,1,1,4,2,1,,1,2,2,0,,,,,1320,0,,,3,1,20000,7200,7200,,,,,,,,,,,,,,,,,,,,,,,,,,,,,,,,,1,12000,,,,1,,7200,,,,1,,,,,,,100,0,0,0,0,0,0,,,,,,,,,,100,0,0,0,1,,2200,0,10,240,0,0,0,0,,,,,,,,,9,,,9997,0,0,1,1,0,0,280,280,0,0,0,0,,100,0,0,0,0,0,5,,1,3,3,4,,3,2,3,2,1,1,,,,,6,1,,,,,,,,,,,,,,9998,98,9998,6.58824
15,2,1,1,4,2,1,,1,4,2,0,,,,,0,2310,,,2,1,44000,9500,9500,,,,,,,,,,,,,,,,,,,,,,,,,,,,,,,15850,,,15840,,,,1,,9500,,,,1,,,,,2,,40,0,0,0,0,60,0,0,0,0,,100,0,0,,,100,0,0,0,2,,5500,0,0,250,0,0,0,0,,,3,,,,,8,,,,,0,0,1,1,0,0,320,320,0,0,0,0,,100,0,0,0,0,0,5,,7,2,2,2,,,2,5,1,1,1,,,,,6,2,,,,,,,,,,,,,,9998,98,9998,6.58824
15,2,1,1,4,2,1,,2,,2,0,,,,,7600,300,,,2,4,30000,2000,1700,,,,,,,,,,,,,,,,,,,,,,,,,,,,,,,3400,,,3400,,,,1,,1700,,,,1,,,,,2,,80,0,0,0,0,20,0,0,0,0,,100,0,0,,,100,0,0,0,2,,0,200,50,90,0,0,5,0,1,2,3,4,5,,,8,,,,,0,0,1,1,0,0,300,300,0,0,0,0,,100,0,0,0,0,0,4,,7,3,3,2,,,2,5,2,2,,,,,,10,2,,,,,,,,,,,,,,9998,98,9998,6.58824
15,2,3,1,2,1,3,6,1,1,2,0,,,,,1320,0,,,3,1,10000,5000,2700,,,,,,,,,,,,,,,,,,,,,,,,,,,,,,,4550,,,4500,,,,1,,2700,,,,1,,,,,2,,100,0,0,0,0,0,0,,,,,,,,,,100,0,0,0,1,,1200,0,15,40,0,0,0,0,,,,,,,,,9,,,,0,0,1,1,0,0,200,150,0,0,0,0,,100,0,0,0,0,0,3,,,2,2,2,,,3,1,3,2,,,,,,6,2,,,,,,,,,,,,,,9998,98,9998,19.24138
15,2,3,1,4,1,3,5,2,,2,0,,,,,991,0,,,1,3,10000,1551.736,1120,,,,,,,,,,,,,,,,,,,,,,,,,,,,,,,2000,,,2000,,,,1,,14000,,,,1,,,,,2,,0,0,0,0,0,0,100,,,,,,,,,,100,0,0,0,2,,7000,1000,300,500,0,100,0,0,1,2,3,4,5,6,7,8,,,,,0,0,1,1,0,0,300,300,0,0,0,0,,100,0,0,0,0,0,4,,2,2,2,3,,3,1,2,6,2,,,,,,10,2,,,,,,,,,,,,,,9998,98,9998,19.24138
15,2,3,1,5,1,3,1,2,,2,0,,,,,1980,0,,,2,1,20000,14000,12600,,,,,,,,,,,,,,,,,,,,,,,,,,,,,,,21000,,,21000,,,,1,,12600,,,,1,,,,,2,,100,0,0,0,0,0,0,,,,,,,,,,100,0,0,0,1,,2400,0,50,200,0,0,1000,0,,,,,,,,,9,,,9997,0,5,2,2,0,24,360,300,0,80,0,0,1,100,0,0,0,0,0,2,4,,1,1,2,,,1,1,4,2,,,,,,2,2,,,,,,,,,,,,,,9998,98,9998,19.24138
15,3,1,1,2,2,1,,2,,2,0,0,0,4000,0,,,10000,2,,,,1200,1200,1300,,,1300,,,0,,,1200,,,0,,,0,,,0,,,0,,,0,,,0,,,,,,,,,,,,,,,,,,,,,2,,0,0,0,0,0,100,0,50,0,0,,50,0,0,,3,100,0,0,0,2,3,0,0,20,52,0,30,5,0,,2,,4,,,,8,,,,,0,0,1,1,0,0,200,30,0,0,0,0,,100,0,0,0,0,0,4,,4,3,3,2,,,3,2,3,2,,,,,,10,2,,,,,,,,,,,,,,9998,98,9998,6.58824
15,3,1,1,3,3,1,,2,,2,0,0,0,0,2970,,,8200,2,,,,8500,1000,4050,,,4000,,,,1,,3200,,,,1,,,1,,,1,,,1,,,1,,,1,,,,,,,,,,,,,,,,,,,,2,,50,0,0,0,0,50,0,0,0,0,,90,10,0,,,100,0,0,0,1,4,1250,155,10,50,140,10,630,0,,2,3,4,,,7,,,,,,3,3,1,0,7,7,150,0,200,100,0,0,1,100,0,0,0,0,0,5,,6,2,2,3,,1,3,6,2,2,,,,,,6,2,,,,,,,,,9,,,,,,98,9998,6.58824
15,3,1,1,3,3,1,,2,,2,0,0,0,991,0,,,5600,2,,,,1300,450,600,,,400,,,,1,,450,,,,1,,,1,,,1,,,1,,,1,,,1,,,,,,,,,,,,,,,,,,,,2,,0,30,20,0,30,20,0,0,0,0,,100,0,0,,,100,0,0,0,3,2,0,0,0,0,0,0,0,0,1,2,3,4,,,7,8,9,,,,0,0,1,1,0,0,60,60,0,0,0,0,,40,60,0,0,0,0,4,,4,3,3,2,,,3,5,3,2,,,,,,2,2,,,,,,,,,,,,,,9998,98,9998,6.58824
15,3,1,1,4,2,1,,2,,2,0,0,0,0,2500,,,6000,2,,,,2200,600,600,,,600,,,,1,,600,,,,1,,,1,,,1,,,1,,,1,,,1,,,,,,,,,,,,,,,,,,,,2,,0,0,0,0,0,100,0,0,0,0,,100,0,0,,,100,0,0,0,1,4,420,0,0,50,0,0,10,0,,,3,,,,,8,,,,,0,0,1,0,0,0,200,0,0,0,0,0,,100,0,0,0,0,0,4,,4,3,3,2,,,3,2,6,2,,,,,,8,2,,,,,,,,,,,,,,9998,98,9998,6.58824
15,3,1,1,4,4,1,,2,,2,0,0,0,0,3960,,,13000,2,,,,3500,3500,4380,,,4375,,,,1,,3500,,,,1,,,1,,,1,,,1,,,1,,,1,,,,,,,,,,,,,,,,,,,,2,,30,0,0,0,0,70,0,0,0,0,,90,10,0,,,100,0,0,0,2,4,720,45,30,20,300,0,280,0,,2,,4,,,,,,10,,,2,3,1,1,4,4,150,10,200,100,0,0,1,100,0,0,0,0,0,5,,7,3,3,4,,2,2,2,3,2,,,,,,6,2,,,,,,,,,,,,,,9998,99,,6.58824
15,3,1,1,5,2,1,,2,,2,0,0,0,20500,0,,,10000,2,,,,1800,1200,800,,,800,,,,1,,1000,,,,1,,50,,,50,,,,1,,200,,,,1,,,,,,,,,,,,,,,,,,,,2,,50,0,0,0,0,50,0,0,0,0,,100,0,0,,,100,0,0,0,2,3,0,0,0,100,0,20,5,0,1,2,3,4,,,,8,9,,,,0,0,1,1,0,0,240,200,0,0,0,0,,100,0,0,0,0,0,4,,4,3,3,2,,,1,5,6,2,,,,,,6,2,,,,,,,,,,,,,,9998,98,9998,6.58824
15,3,1,1,5,3,1,,2,,2,0,0,0,1652,0,,,9000,2,,,,1600,880,700,,,600,,,,1,,720,,,,1,,,1,,,1,,,1,,,1,,,1,,,,,,,,,,,,,,,,,,,,2,,0,20,30,0,40,10,0,0,0,0,,100,0,0,,,100,0,0,0,2,2,780,600,10,0,0,10,50,0,1,2,3,4,,,7,8,9,,,,1,1,1,1,3,2,60,60,110,85,0,0,1,40,60,0,0,0,0,3,,,2,2,2,,,2,1,1,2,,,,,,7,2,,,,,,,,,,,,,,9998,98,9998,6.58824
15,3,1,1,5,3,1,,2,,2,0,0,0,3000,0,,,10000,2,,,,2000,1000,800,,,600,,,200,,,800,,,0,,,80,,,80,,,0,,,240,,,0,,,,,,,,,,,,,,,,,,,,,2,,80,0,0,0,0,20,0,0,0,0,,100,0,0,,,100,0,0,0,2,4,0,0,0,120,0,0,5,0,1,2,3,4,,,,8,,,,,0,0,1,1,0,0,240,60,0,0,0,0,,100,0,0,0,0,0,4,,4,3,3,3,,3,3,2,6,2,,,,,,10,2,,,,,,,,,,,,,,9998,98,9998,6.58824
15,3,1,1,5,3,1,,2,,2,0,0,0,9917,0,,,5400,2,,,,1600,400,500,,,320,,,,1,,400,,,,1,,,1,,,1,,,1,,,1,,,1,,,,,,,,,,,,,,,,,,,,2,,0,100,0,0,0,0,0,,,,,,,,,,100,0,0,0,3,1,0,0,0,0,0,0,0,0,1,2,3,4,,,,8,9,,,,0,0,1,1,0,0,60,60,0,0,0,0,,50,50,0,0,0,0,4,,3,2,2,2,,,2,3,3,1,1,,,4,,7,2,,,,,,,,,,,,,,9998,98,9998,6.58824
15,3,1,1,5,5,1,,2,,2,0,0,0,1652,0,,,9000,2,,,,1500,800,880,,,800,,,,1,,800,,,,1,,,1,,,1,,,1,,,1,,,1,,,,,,,,,,,,,,,,,,,,2,,0,20,40,0,30,10,0,0,0,0,,100,0,0,,,100,0,0,0,2,2,629,510,10,0,0,0,0,0,1,2,3,4,,,7,8,9,,,,0,0,1,1,0,0,60,60,0,0,0,0,,30,70,0,0,0,0,4,,4,3,3,2,,,3,5,3,1,,,,4,,3,2,,,,,,,,,,,,,,9998,98,9998,6.58824
15,3,1,2,5,3,1,,2,,2,0,0,0,1652,0,,,7500,2,,,,1000,500,600,,,450,,,,1,,500,,,,1,,,1,,,1,,,1,,,1,,,1,,,,,,,,,,,,,,,,,,,,2,,0,50,0,0,50,0,0,,,,,,,,,,100,0,0,0,3,2,0,0,0,0,0,0,0,0,1,2,3,4,,,7,,9,,,,0,0,1,1,0,0,60,60,0,0,0,0,,40,60,0,0,0,0,3,,,2,2,2,,,3,3,4,2,,,,,,7,2,,,,,,,,,,,,,,9998,98,9998,6.58824
15,3,1,2,5,5,1,,2,,2,0,0,0,1322,0,,,5000,2,,,,1200,300,1100,,,800,,,,1,,800,,,,1,,,1,,,1,,,1,,,1,,,1,,,,,,,,,,,,,,,,,,,,2,,0,100,0,0,0,0,0,,,,,,,,,,100,0,0,0,3,2,680,500,10,0,10,10,30,0,1,2,3,4,,,,8,9,,,,1,0,1,1,3,0,60,60,100,0,0,0,4,40,60,0,0,0,0,4,,1,3,3,2,,,3,3,3,1,,,,4,,3,2,,,,,,,,,,,,,,9998,98,9998,6.58824
15,3,2,1,5,3,2,1,2,,2,0,0,6000,0,0,,,8000,2,,,,8500,5000,1500,,,1500,,,,1,,1200,,,,1,,,1,,,1,,,1,,,1,,,1,,,,,,,,,,,,,,,,,,,,2,,0,0,0,0,80,20,0,0,0,0,,80,20,0,,,100,0,0,0,2,3,1100,30,20,200,0,0,400,0,1,2,3,4,,,,8,9,,,,3,6,1,1,3,5,180,150,100,80,0,0,1,50,0,0,50,0,0,4,,4,3,3,2,,,3,5,5,1,1,,,,,9,1,,,,,,,,,,,,,,9998,98,9998,19.24138
15,3,2,1,5,4,2,1,2,,2,0,0,0,4300,0,,,5000,2,,,,5000,900,830,,,830,,,0,,,900,,,0,,,0,,,0,,,0,,,0,,,0,,,,,,,,,,,,,,,,,,,,,2,,0,0,0,0,0,100,0,50,0,0,,50,0,0,,5,100,0,0,0,2,3,250,285,50,100,0,5,85,0,1,2,3,4,,,,8,9,,,,1,1,1,1,2,2,150,130,100,80,0,0,1,100,0,0,0,0,0,5,,4,3,3,3,,1,3,2,5,2,,,,,,10,2,,,,,,,,,,,,,,9998,98,9998,19.24138
15,3,3,1,3,1,3,1,2,,2,0,0,0,0,1980,,,5000,2,,,,2000,1200,1720,,,1715,,,,1,,1200,,,,1,,,1,,,1,,,1,,,1,,,1,,,,,,,,,,,,,,,,,,,,2,,100,0,0,0,0,0,0,,,,,,,,,,100,0,0,0,1,4,0,0,15,50,50,0,0,0,,2,,4,,,,,9,10,,,0,0,1,0,0,0,120,0,0,0,0,0,,100,0,0,0,0,0,4,,4,3,3,3,,1,3,2,3,2,,,,,,6,2,,,,,,,,,,,,,,9998,98,9998,19.24138
15,3,3,1,3,4,3,5,1,4,2,0,0,0,0,2310,,,3000,2,,,,4000,800,1350,,,1350,,,,1,,800,,,,1,,,1,,,1,,,1,,,1,,,1,,,,,,,,,,,,,,,,,,,,2,,0,0,0,0,0,100,0,0,0,0,,100,0,0,,,100,0,0,0,1,3,450,22,10,15,50,10,0,0,,2,3,4,,,,8,,,,,0,0,1,0,0,0,140,0,0,0,0,0,,100,0,0,0,0,0,5,,6,3,3,3,,1,2,3,2,2,,,,,,6,2,,,,,,,,,,,,,,9998,98,9998,19.24138
15,3,3,1,4,2,3,1,2,,2,0,0,0,1000,0,,,5000,2,,,,5000,400,350,,,350,,,0,,,400,,,0,,,,1,,,1,,,1,,,1,,,1,,,,,,,,,,,,,,,,,,,,2,,0,0,0,0,0,100,0,80,0,0,,20,0,0,,5,100,0,0,0,2,3,0,0,5,50,0,0,0,0,1,2,3,4,,,,8,,,,,0,0,1,1,0,0,90,90,0,0,0,0,,100,0,0,0,0,0,3,,,3,3,3,,1,3,5,3,2,,,,,,6,2,,,,,,,,,,,,,,9998,98,9998,19.24138
15,3,3,1,4,2,3,1,2,,2,0,0,0,990,0,,,3000,2,,,,3000,800,1160,,,1150,,,,1,,800,,,,1,,,1,,,1,,,1,,,1,,,1,,,,,,,,,,,,,,,,,,,,2,,100,0,0,0,0,0,0,,,,,,,,,,100,0,0,0,1,1,0,0,25,15,0,0,0,0,,2,3,4,,,,,9,,,,0,0,1,0,0,0,150,0,0,0,0,0,,100,0,0,0,0,0,5,,6,3,3,3,,1,2,5,3,2,,,,,,3,2,,,,,,,,,,,,,,9998,98,9998,19.24138
15,3,3,1,4,3,3,1,2,,2,0,0,0,0,2970,,,5000,2,,,,2650,550,700,,,690,,,,1,,550,,,,1,,,1,,,1,,,1,,,1,,,1,,,,,,,,,,,,,,,,,,,,2,,100,0,0,0,0,0,0,,,,,,,,,,100,0,0,0,1,4,1200,155,10,500,140,0,630,0,,2,3,4,,,,,,,,,2,2,1,0,6,6,150,0,200,100,0,0,1,100,0,0,0,0,0,4,,4,3,3,2,,,3,6,3,2,,,,,,2,2,,,,,,,,,,,,,,9998,98,9998,19.24138
15,3,3,1,4,3,3,1,2,,2,0,0,0,2640,0,,,5800,2,,,,3000,1400,2050,,,2000,,,,1,,1400,,,,1,,,1,,,1,,,1,,,1,,,1,,,,,,,,,,,,,,,,,,,,2,,100,0,0,0,0,0,0,,,,,,,,,,100,0,0,0,1,4,0,0,20,50,0,0,0,0,,2,,4,,,,,,10,,,0,0,1,1,0,0,100,150,0,0,0,0,,100,0,0,0,0,0,4,,4,3,3,3,,7,3,1,6,2,,,,,,6,2,,,,,,,,,,,,,,9998,98,9998,19.24138
15,3,3,1,4,3,3,3,2,,2,0,0,0,0,1980,,,6000,2,,,,2900,1900,2730,,,2715,,,,1,,1900,,,,1,,,1,,,1,,,1,,,1,,,1,,,,,,,,,,,,,,,,,,,,2,,100,0,0,0,0,0,0,,,,,,,,,,100,0,0,0,1,4,1440,120,150,40,110,0,0,0,,2,3,4,5,,,,9,10,,,0,0,1,0,0,0,150,0,0,0,0,0,,100,0,0,0,0,0,4,,6,3,3,4,,1,3,6,3,2,,,,,,6,2,,,,,,,,,,,,,,9998,99,,19.24138
15,3,3,1,5,1,3,1,2,,2,0,0,0,1700,0,,,5000,2,,,,2500,400,450,,,450,,,0,,,400,,,0,,,0,,,0,,,0,,,0,,,0,,,,,,,,,,,,,,,,,,,,,2,,0,0,0,0,0,100,0,0,0,0,,100,0,0,,,100,0,0,0,2,3,50,6,2,70,0,0,5,0,1,2,3,4,,,,8,9,,,,0,0,1,1,0,0,30,60,0,0,0,0,,100,0,0,0,0,0,4,,3,3,3,2,,,1,5,5,2,,,,,,6,2,,,,,,,,,,,,,,9998,98,9998,19.24138
15,3,3,1,5,5,3,1,2,,2,0,0,0,1188,0,,,700,2,,,,1000,400,500,,,400,,,,1,,400,,,,1,,,1,,,1,,,1,,,1,,,1,,,,,,,,,,,,,,,,,,,,2,,0,60,10,0,30,0,0,,,,,,,,,,100,0,0,0,2,2,0,0,0,0,0,0,0,0,1,2,3,4,,,,,9,,,,0,0,1,1,0,0,60,60,0,0,0,0,,50,50,0,0,0,0,4,,3,3,3,2,,,3,5,3,1,,,,4,,7,2,,,,,,,,,,,,,,9998,98,9998,19.24138
15,3,3,1,5,5,3,1,2,,2,0,0,0,1952,0,,,900,2,,,,1500,500,550,,,500,,,,1,,500,,,,1,,,1,,,1,,,1,,,1,,,1,,,,,,,,,,,,,,,,,,,,2,,0,100,0,0,0,0,0,,,,,,,,,,100,0,0,0,3,1,0,0,0,0,0,0,0,0,1,2,3,4,,,,8,9,,,,0,0,1,1,0,0,60,60,0,0,0,0,,50,50,0,0,0,0,4,,4,3,3,3,,4,3,5,6,1,,,,4,,7,2,,,,,,,,,,,,,,9998,98,9998,19.24138
15,3,3,1,5,5,3,1,2,,2,0,0,0,2644,0,,,11000,2,,,,5000,3000,15000,,,14000,,,,1,,1600,,,,1,,,1,,,1,,,1,,,1,,,1,,,,,,,,,,,,,,,,,,,,2,,0,50,10,0,30,10,0,0,0,0,,100,0,0,,,100,0,0,0,3,2,780,600,15,0,0,10,200,0,1,2,3,4,,,,8,9,,,,1,1,1,1,13,7,60,60,130,70,0,0,1,38,62,0,0,0,0,4,,1,3,3,2,,,2,5,2,2,,,,,,4,2,,,,,,,,,,,,,,9998,98,9998,19.24138
15,3,3,2,5,5,3,1,2,,2,0,0,0,991,0,,,5500,2,,,,1000,500,500,,,400,,,,1,,500,,,,1,,,1,,,1,,,1,,,1,,,1,,,,,,,,,,,,,,,,,,,,2,,0,100,0,0,0,0,0,,,,,,,,,,100,0,0,0,2,2,780,600,10,0,0,10,60,0,1,2,3,4,,,,,9,,,,1,0,1,1,6,0,60,60,60,0,0,0,1,50,50,0,0,0,0,4,,4,3,3,2,,,2,3,4,1,,,,4,,2,2,,,,,,,,,,,,,,9998,98,9998,19.24138
16,1,1,1,3,2,1,,2,,2,0,3300,0,0,0,,,4000,2,,,,5000,5000,400,,,400,,,,1,,600,,,,1,,690,,,670,,,3,,,2500,,,15,,,,,,,,,,,,,,,,,,1,,,2,,90,0,0,0,10,0,0,,,,,,,,,,100,0,0,0,2,4,1000,230,50,15,0,0,400,0,1,2,3,4,5,,,8,9,,,,4,3,1,1,4,7,150,150,110,60,0,0,1,100,0,0,0,0,0,3,,,2,2,2,,,2,6,5,2,,,,,,2,2,,,,,,,,,,,,,,9998,98,9998,7.66667
16,1,1,1,3,2,1,,2,,2,0,6600,0,0,0,,,35000,2,,,,15000,15000,1700,,,1700,,,0,,,2600,,,0,,,1900,,,1700,,,200,,,6700,,,1100,,,,,,,,,,,,,,,,,,1,,,2,,100,0,0,0,0,0,0,,,,,,,,,,100,0,0,0,2,4,20000,0,3000,480,0,1500,5000,0,1,2,3,4,5,,,8,9,,,,2,2,1,1,30,250,300,300,150,80,0,0,1,50,0,0,50,0,0,3,,,2,2,2,,,2,2,6,2,,,,,,6,2,,,,,,,,,,,,,,9998,98,9998,7.66667
16,1,2,1,3,2,2,5,2,,2,0,1210,0,0,2117,,,8000,2,,,,4000,3000,500,,,500,,,,1,,500,,,,1,,300,,,300,,,,1,,1000,,,,1,,,,,,,,,,,,,,,,,,,,2,,35,0,50,0,0,15,0,100,0,0,,0,0,0,,3,100,0,0,0,2,3,0,240,10,120,40,0,300,250,1,2,3,4,,,,8,,,,,2,2,1,1,9,5,80,50,125,70,0,0,1,100,0,0,0,0,0,4,,1,2,2,3,,1,2,5,2,2,,,,,,6,2,,,,,,,,,,,,,,9998,98,9998,14.22222
16,1,2,1,3,2,2,6,2,,2,0,0,5989,0,0,,,13000,2,,,,2000,1200,300,,,30,,,,1,,300,,,,1,,300,,,250,,,50,,,740,,,160,,,,,,,,,,,,,,,,,,2,,,2,,30,0,0,0,50,20,0,90,0,0,,10,0,0,,3,100,0,0,0,2,4,1500,240,20,150,50,0,296,0,1,2,3,4,,,,8,,,,,1,3,1,1,8,8,70,40,130,80,0,0,1,65,35,0,0,0,0,4,,4,3,3,2,,,3,2,6,2,,,,,,6,2,,,,,,,,,,,,,,9998,98,9998,14.22222
16,1,2,1,4,3,2,1,1,1,2,0,0,3300,990,660,,,30000,2,,,,8065.9621,3046.6821,500,,,50,,,,1,,500,,,,1,,400,,,350,,,50,,,105,,,50,,,,,,,,,,,,,,,,,,2,,,2,,50,0,0,0,0,50,0,50,0,0,,50,0,0,,3,100,0,0,0,2,3,0,0,30,180,50,50,0,0,1,2,3,4,5,,,8,,,,,0,0,1,3,0,0,60,40,0,0,0,0,,100,0,0,0,0,0,4,,1,3,3,3,,1,1,2,5,2,,,,,,2,1,,,,,,,,,,,,,,9998,98,9998,14.22222
16,1,2,1,4,3,2,5,2,,2,0,0,3025,3025,0,,,13000,2,,,,5944.8544,3855.6544,1000,,,1000,,,,1,,1000,,,,1,,350,,,250,,,100,,,800,,,300,,,,,,,,,,,,,,,,,,3,2,,2,,25,0,0,0,0,75,0,50,0,0,,50,0,0,,4,100,0,0,0,2,2,1000,254,30,150,0,10,204,0,1,2,3,4,,,,8,,,,,1,3,1,1,6,6,70,45,130,70,0,0,1,100,0,0,0,0,0,3,,,2,2,2,,,1,5,6,2,,,,,,6,2,,,,,,,,,,,,,,9998,98,9998,14.22222
16,1,2,1,4,4,2,1,1,1,2,0,6080,0,1512,0,,,14000,2,,,,4000,2000,700,,,700,,,,1,,700,,,,1,,300,,,270,,,30,,,1000,,,100,,,,,,,,,,,,,,,,,,3,2,,2,,50,0,0,0,20,30,0,70,0,0,,30,0,0,,3,100,0,0,0,2,3,900,160,10,100,0,10,128,0,1,2,3,4,,,,8,,,,,0,2,1,1,0,8,80,50,0,80,0,0,1,100,0,0,0,0,0,3,,,2,2,2,,,1,2,6,2,,,,,,6,2,,,,,,,,,,,,,,9998,98,9998,14.22222
16,1,2,1,4,4,2,5,1,3,2,0,1361,0,2247,0,,,10000,2,,,,5000,4000,1500,,,1500,,,,1,,1500,,,,1,,570,,,550,,,20,,,500,,,260,,,,,,,,,,,,,,,,,,2,,,2,,38,0,0,0,0,62,0,20,0,0,,80,0,0,,3,100,0,0,0,2,2,1040,280,30,200,0,30,222,0,1,2,3,4,5,,,8,,,,,1,3,1,1,6,6,100,40,130,80,0,0,1,100,0,0,0,0,0,4,,1,2,2,2,,,1,2,5,2,,,,,,2,1,,,,,,,,,,,,,,9998,662,,14.22222
16,1,2,1,4,5,2,5,1,2,2,0,0,3025,3025,0,,,20000,2,,,,6500,5800,2500,,,2500,,,,1,,3000,,,,1,,600,,,580,,,20,,,2000,,,260,,,,,,,,,,,,,,,,,,2,,,2,,40,0,0,0,0,60,0,20,0,0,,80,0,0,,3,100,0,0,0,2,2,1560,252,40,200,0,50,314,0,1,2,3,4,,,,8,,,,,1,4,1,1,8,11,100,50,130,80,0,0,1,100,0,0,0,0,0,3,,,2,2,2,,,1,2,6,2,,,,,,2,1,,,,,,,,,,,,,,9998,662,,14.22222
16,1,3,1,3,3,3,1,2,,2,0,1058,0,0,0,,,11000,2,,,,3000,1100,500,,,500,,,,1,,500,,,,1,,200,,,200,,,,1,,600,,,,1,,,,,,,,,,,,,,,,,,,,2,,45,0,40,0,0,15,0,100,0,0,,0,0,0,,4,100,0,0,0,2,3,0,0,1,50,0,0,0,0,1,,3,,,,,8,,,,,0,0,1,1,0,0,30,10,0,0,0,0,,100,0,0,0,0,0,4,,1,3,3,3,,1,2,5,2,2,,,,,,3,2,,,,,,,,,,,,,,9998,98,9998,14.22222
16,1,3,1,4,1,3,5,2,,2,0,1815,0,0,0,,,3500,2,,,,3593.2121,2448.6861,100,,,100,,,,1,,100,,,,1,,170,,,170,,,,1,,400,,,,1,,,,,,,,,,,,,,,,,,,,2,,50,0,0,0,0,50,0,50,0,0,,50,0,0,,3,100,0,0,0,2,3,0,0,1,40,0,0,0,0,1,2,3,,,,,8,,,,,0,0,1,1,0,0,15,15,0,0,0,0,,100,0,0,0,0,0,4,,1,2,2,3,,1,1,5,2,2,,,,,,6,2,,,,,,,,,,,,,,9998,98,9998,14.22222
16,1,3,1,4,1,3,5,2,,2,0,907,0,0,0,,,3500,2,,,,3436.085,2472.66,100,,,100,,,,1,,100,,,,1,,200,,,200,,,,1,,600,,,,1,,,,,,,,,,,,,,,,,,,,2,,40,0,0,0,0,60,0,100,0,0,,0,0,0,,3,100,0,0,0,2,3,0,0,1,50,0,0,0,0,1,2,3,,,,,8,,,,,0,0,1,1,0,0,20,20,0,0,0,0,,100,0,0,0,0,0,3,,,2,2,3,,1,1,5,2,2,,,,,,6,2,,,,,,,,,,,,,,9998,98,9998,14.22222
16,1,3,1,4,1,3,5,2,,2,0,907,0,0,0,,,3500,2,,,,6586.53,2657.3,200,,,200,,,,1,,200,,,,1,,150,,,150,,,,1,,400,,,,1,,,,,,,,,,,,,,,,,,,,2,,40,0,0,0,0,60,0,70,0,0,,30,0,0,,2,100,0,0,0,2,3,0,0,1,40,0,0,0,0,1,2,3,,,,,8,,,,,0,0,1,1,0,0,20,20,0,0,0,0,,100,0,0,0,0,0,3,,,2,2,3,,3,1,5,6,2,,,,,,6,2,,,,,,,,,,,,,,9998,98,9998,14.22222
16,1,3,1,4,2,3,5,1,1,2,0,3300,0,0,0,,,4000,2,,,,2100,0,450,,,450,,,,1,,675,,,,1,,,1,,,1,,,1,,,1,,,1,,,,,,,,,,,,,,,,,,,,2,,0,0,0,0,0,100,0,0,0,0,,100,0,0,,,100,0,0,0,2,4,0,10,0,0,0,0,0,0,,2,,,5,,,,,,,,0,0,1,0,0,0,150,0,0,0,0,0,,100,0,0,0,0,0,3,,,3,3,2,,,3,4,6,2,,,,,,2,2,,,,,,,,,,,,,,9998,98,9998,14.22222
16,1,3,1,5,2,3,5,1,3,2,0,330,0,0,8,,,500,2,,,,6000,150,140,,,10,,,,,1,20,,,,1,,27,,,20,,,,,1,125,,,,1,,,,,,,,,,,,,,,,,,,,2,,0,0,0,0,0,100,0,80,0,0,,20,0,0,,3,100,0,0,0,3,3,0,0,0,10,0,0,0,0,1,2,3,4,5,,,,9,,,,0,0,1,1,0,0,30,10,0,0,0,0,,100,0,0,0,0,0,3,,,2,2,2,,,2,3,2,2,,,,,,6,1,,,,,,,,,,,,,,9998,98,9998,14.22222
16,1,3,2,3,2,3,6,1,2,2,0,99,0,0,0,,,50,2,,,,5000,20,12,,,0,,,0,,,0,,,0,,,3,,,3,,,,1,,20,,,,1,,,,,,,,,,,,,,,,,,,,2,,0,0,0,0,0,100,0,0,0,0,,100,0,0,,,100,0,0,0,1,3,0,0,0,3,0,0,0,0,1,2,3,4,5,,,8,9,,,,0,0,1,0,0,0,5,5,0,0,0,0,,100,0,0,0,0,0,3,,,3,3,2,,,3,2,5,2,,,,,,10,1,,,,,,,,,,,,,,9998,98,9998,14.22222
16,1,3,2,4,2,3,5,1,2,2,0,1650,0,0,0,,,3000,2,,,,1800,1800,220,,,200,,,,1,,330,,,,1,,,1,,,1,,,1,,,1,,,1,,,,,,,,,,,,,,,,,,,,2,,0,0,0,0,0,100,0,0,0,0,,100,0,0,,,100,0,0,0,2,4,80,10,0,0,0,0,0,0,,2,3,,5,,,,,,,,0,0,1,1,0,0,90,60,0,0,0,0,,100,0,0,0,0,0,3,,,2,2,2,,,1,4,1,2,,,,,,10,2,,,,,,,,,,,,,,9998,98,9998,14.22222
16,1,3,2,5,2,3,5,1,4,2,0,165,0,0,0,,,150,2,,,,4000,100,72,,,10,,,,,1,15,,,,1,,13,,,12,,,,,1,85,,,,1,,,,,,,,,,,,,,,,,,,,2,,0,0,0,0,0,100,0,80,0,0,,20,0,0,,3,100,0,0,0,1,3,0,0,5,5,0,0,0,0,1,2,3,4,5,,,8,9,,,,0,0,1,1,0,0,10,10,0,0,0,0,,100,0,0,0,0,0,3,,,2,2,2,,,3,2,3,2,,,,,,7,1,,,,,,,,,,10,,,,,98,9998,14.22222
16,2,1,1,3,2,1,,1,1,2,0,,,,,7260,0,,,1,1,26000,13460.115,11077,,,,,,,,,,,,,,,,,,,,,,,,,,,,,,,35000,,,30000,,,5000,,,18000,,,2000,,,1,,,2,,80,0,0,0,0,20,0,0,0,0,,100,0,0,,,100,0,0,0,2,,7500,0,2500,1000,0,1500,3000,0,1,2,3,4,5,,,8,,,,,2,3,1,1,10,120,250,250,100,80,0,0,1,60,20,20,0,0,0,3,,,2,2,2,,,2,2,6,2,,,,,,6,2,,,,,,,,,,,,,,9998,98,9998,7.66667
16,2,1,1,3,2,1,,2,,2,0,,,,,3300,6600,,,3,3,270000,57297.8,57207.8,,,,,,,,,,,,,,,,,,,,,,,,,,,,,,,189000,,,189000,,,,1,,60000,,,,1,,,,,2,,65,0,30,0,0,5,0,0,0,0,,100,0,0,,,100,0,0,0,2,,8640,1200,8500,8000,600,1300,13000,0,,,3,,,6,,8,,,,9997,4,3,1,0,30,30,30,0,100,100,0,0,4,100,0,0,0,0,0,4,,1,2,2,2,,,2,5,2,1,1,,,,,1,2,,,,,,,,,,,,,,9998,98,9998,7.66667
16,2,1,1,3,2,1,,2,,2,0,,,,,6600,0,,,1,1,5000,3416.7,3240,,,,,,,,,,,,,,,,,,,,,,,,,,,,,,,5000,,,5000,,,0,,,3000,,,0,,,,,,2,,50,0,0,0,0,50,0,0,0,0,,100,0,0,,,100,0,0,0,2,,1100,0,500,300,0,500,480,0,1,2,3,4,5,6,7,8,9,,,,2,2,2,2,5,25,100,100,150,66,0,0,1,50,0,0,50,0,0,3,,,2,2,2,,,3,6,3,2,,,,,,6,2,,,,,,,,,,,,,,9998,98,9998,7.66667
16,2,2,1,3,1,2,1,2,,2,0,,,,,6600,0,,,1,1,3400,10202.6,4285,,,,,,,,,,,,,,,,,,,,,,,,,,,,,,,9200,,,9200,,,0,,,5500,,,0,,,,,,2,,100,0,0,0,0,0,0,,,,,,,,,,100,0,0,0,2,,750,0,500,200,0,500,800,0,1,2,3,4,,,,8,9,,,,2,2,1,1,10,25,90,90,150,100,0,0,1,100,0,0,0,0,0,3,,,2,2,2,,,2,6,6,2,,,,,,6,2,,,,,,,,,,,,,,9998,98,9998,14.22222
16,2,2,1,3,2,2,1,1,2,2,0,,,,,990,0,,,1,1,5000,1649.241,1552.241,,,,,,,,,,,,,,,,,,,,,,,,,,,,,,,2500,,,2500,,,0,,,2500,,,0,,,,,,2,,50,0,0,0,0,0,50,,,,,,,,,,100,0,0,0,2,,1100,0,300,200,0,100,500,0,1,2,3,4,5,6,,8,9,,,,2,2,1,40,3,30,100,40,90,70,0,0,1,50,0,0,50,0,0,3,,,2,2,2,,,2,6,4,2,,,,,,10,2,,,,,,,,,,,,,,9998,98,9998,14.22222
16,3,1,1,3,1,1,,2,,2,0,0,0,1983,0,,,7000,2,,,,1870,1870,1350,,,1350,,,,1,,1350,,,,1,,164,,,120,,,25,,,420,,,100,,,,,,,,,,,,,,,,,,2,,,2,,30,0,0,0,0,70,0,0,0,0,,100,0,0,,,100,0,0,0,2,1,860,150,15,20,0,0,500,0,1,2,3,4,,,,,,,,,2,3,1,1,10,9,110,90,160,80,0,0,1,90,10,0,0,0,0,4,,3,1,2,2,,,1,3,9997,2,,,,,,9,2,,,,,,,,,,,,,,9998,533,,7.66667
16,3,2,1,1,1,2,5,2,,2,0,840,0,240,0,,,4500,2,,,,4000,2400,1300,,,1300,,,,1,,1300,,,,1,,306,,,286,,,20,,,1000,,,100,,,,,,,,,,,,,,,,,,2,,,2,,20,0,0,0,0,80,0,0,0,0,,100,0,0,,,100,0,0,0,2,2,0,0,50,30,0,0,100,0,1,2,3,4,,,,,,,,,2,0,1,1,7,0,120,30,70,0,0,0,1,100,0,0,0,0,0,3,,,2,2,2,,,3,3,2,2,,,,,,6,2,,,,,,,,,,,,,,9998,751,,14.22222
16,3,2,1,4,4,2,1,1,3,1,2,16529,0,0,0,,,17000,2,,,,5000,3020,400,,,400,,,,1,,600,,,,1,,689,,,685,,,4,,,2400,,,20,,,,,,,,,,,,,,,,,,2,,,2,,65,0,0,0,0,35,0,100,0,0,,0,0,0,,4,100,0,0,0,1,4,1000,240,40,10,20,0,350,0,1,2,3,4,,,,,,,,,4,3,1,1,4,8,150,150,120,60,0,0,1,92,8,0,0,0,0,4,,2,3,3,3,,3,2,3,2,2,,,,,,2,2,,,,,,,,,,,,,,9998,98,9998,14.22222
16,3,2,1,4,4,2,5,1,4,2,0,4.95,0,3.3,0,,,18000,2,,,,9000,7000,1333,,,1333,,,,1,,2000,,,,1,,1533,,,1333,,,200,,,4000,,,1000,,,,,,,,,,,,,,,,,,2,,,2,,70,0,0,0,0,30,0,0,0,0,,100,0,0,,,100,0,0,0,1,2,1300,400,85,6,0,0,300,0,1,2,3,4,,,,,,,,,0,2,1,1,0,15,120,30,0,100,0,0,1,58,42,0,0,0,0,4,,2,3,3,3,,3,1,3,2,2,,,,,,2,2,,,,,,,,,,,,,,9998,665,,14.22222
16,3,2,1,5,3,2,5,1,1,2,0,0,0,1210,0,,,6000,2,,,,3122.8788,1987.8478,200,,,200,,,,1,,200,,,,1,,300,,,300,,,,1,,900,,,,1,,,,,,,,,,,,,,,,,,,,2,,60,0,0,0,0,40,0,10,0,0,,90,0,0,,4,100,0,0,0,2,3,0,0,5,50,0,0,0,0,1,2,3,4,,,,8,9,,,,0,0,1,2,0,0,60,30,0,0,0,0,,100,0,0,0,0,0,3,,,3,3,3,,1,3,5,6,2,,,,,,6,2,,,,,,,,,,,,,,9998,98,9998,14.22222
16,3,3,1,3,1,3,6,1,4,2,0,2645,0,1722,0,,,12000,2,,,,7500,3000,1000,,,1000,,,,1,,15000,,,,1,,333,,,333,,,,1,,1500,,,,1,,,,,,,,,,,,,,,,,,,,2,,40,0,0,0,0,60,0,90,0,0,,10,0,0,,4,100,0,0,0,1,1,0,0,400,7,0,0,144,0,1,2,,4,,,,,,,,,0,0,1,1,0,0,9,180,0,80,0,0,,98,2,0,0,0,0,4,,7,3,3,3,,3,1,3,5,2,,,,,,2,1,,,,,,,,,,,,,,9998,551,,14.22222
16,3,3,1,3,2,3,1,1,3,1,1,1322,0,1322,0,,,6000,2,,,,3000,300,,1,,,1,,,1,,,1,,,1,,75,,,75,,,,1,,300,,,,1,,,,,,,,,,,,,,,,,,,,2,,80,0,0,0,0,20,0,100,0,0,,0,0,0,,4,100,0,0,0,1,1,860,80,10,5,0,0,0,0,1,2,,4,,,,,,,,,0,0,1,1,0,0,90,90,0,0,0,0,,95,5,0,0,0,0,4,,4,3,3,3,,3,9997,3,2,2,,,,,,6,2,,,,,,,,,,,,,,9998,582,,14.22222
16,3,3,1,3,3,3,5,1,2,2,0,1653,0,3306,0,,,15000,2,,,,7000,1800,667,,,667,,,0,,,1000,,,0,,,225,,,200,,,25,,,700,,,100,,,,,,,,,,,,,,,,,,2,,,2,,30,0,0,0,0,70,0,10,0,0,,90,0,0,,3,100,0,0,0,2,1,1430,150,150,12,0,0,0,0,1,2,3,4,,,,,,,,,0,0,1,1,0,0,90,30,0,0,0,0,,92,8,0,0,0,0,4,,2,2,2,2,,,2,3,2,2,,,,,,2,2,,,,,,,,,,,,,,9998,98,9998,14.22222
16,3,3,1,4,1,3,1,2,,2,0,0,0,992,0,,,7000,2,,,,4000,700,100,,,100,,,,1,,100,,,,1,,171,,,171,,,,1,,600,,,,1,,,,,,,,,,,,,,,,,,,,2,,0,0,0,0,90,10,0,100,0,0,,0,0,0,,4,100,0,0,0,1,9997,0,0,0,3,0,0,0,0,,,,,,,,,,,,,0,0,1,1,0,0,90,30,0,0,0,0,,100,0,0,0,0,0,4,,7,3,3,2,,,2,3,2,2,,,,,,6,2,,,,,,,,,,,,,,9998,614,,14.22222
16,3,3,1,4,1,3,5,1,2,2,0,0,0,907,0,,,4500,2,,,,11900.5,10009.5,300,,,300,,,,1,,300,,,,1,,250,,,150,,,100,,,450,,,250,,,,,,,,,,,,,,,,,,2,3,,2,,0,0,0,0,0,100,0,30,0,0,,60,10,0,,4,100,0,0,0,2,4,200,50,30,50,0,5,135,0,1,2,3,4,,,,8,,,,,1,2,1,1,5,5,45,25,130,70,0,0,1,100,0,0,0,0,0,3,,,2,2,2,,,1,5,6,2,,,,,,2,1,,,,,,,,,,,,,,9998,98,9998,14.22222
3,1,3,1,4,3,3,1,2,,2,0,330,0,0,0,,,1000,2,,,,5000,200,200,,,150,,,,1,,200,,,,1,,,1,,,1,,,1,,,1,,,1,,,,,,,,,,,,,,,,,,,,2,,0,40,20,0,20,20,0,0,0,0,,100,0,0,,,100,0,0,0,3,2,0,0,0,0,0,0,0,0,1,2,3,4,,,7,8,9,,,,0,0,1,1,0,0,60,60,0,0,0,0,,100,0,0,0,0,0,4,,1,2,2,2,,,3,3,3,2,,,,,,7,2,,,,,,,,,,,,,,9998,98,9998,223
9,1,1,1,3,3,1,,2,,2,0,6611,0,0,0,,,3000,2,,,,450,450,0,,,0,,,0,,,0,,,0,,,360,,,360,,,0,,,450,,,0,,,,,,,,,,,,,,,,,,,,,2,,0,0,100,0,0,0,0,,,,,,,,,,50,50,0,0,3,3,100,20,10,0,13,0,150,0,1,2,3,4,,,,,,,,9997,1,0,2,2,5,0,60,35,250,0,0,0,3,90,0,10,0,0,0,4,,3,3,3,3,,7,2,2,2,1,1,,,,,3,1,,,,,,,,,,,,,,9998,98,9998,4.5
9,1,2,1,4,1,2,1,2,,1,0.13,0,1322,0,0,,,12000,2,,,,1800,1800,1800,,,1800,,,0,,,1800,,,0,,,0,,,0,,,0,,,0,,,0,,,,,,,,,,,,,,,,,,,,,1,12,0,0,0,0,0,100,0,0,0,0,,100,0,0,,,80,20,0,0,3,3,50,30,5,5,18,5,0,0,1,,3,,,6,7,8,9,,,,0,0,2,1,0,0,90,60,0,0,0,0,,100,0,0,0,0,0,4,,1,3,3,3,,3,1,9997,1,2,,,,,,10,2,,,,,,,,,,,,,,9998,552,,19.625
9,1,2,2,4,2,2,1,1,1,2,0,330,0,0,0,,,1000,1,,,,1580,300,300,,,300,,,0,,,300,,,0,,,0,,,0,,,0,,,0,,,0,,,,,,,,,,,,,,,,,,,,,2,,0,0,0,0,0,100,0,0,0,0,,100,0,0,,,100,0,0,0,1,3,10,20,10,3,0,5,0,0,1,,3,,,6,7,8,9,,,,0,0,2,2,0,0,30,25,0,0,0,0,,100,0,0,0,0,0,4,,1,3,3,3,,3,1,2,1,2,,,,,,1,1,,,,,,,,,,,,,,9998,98,9998,19.625
9,1,3,1,3,2,3,1,2,,2,0,0,0,0,0,,,50,2,,,,3000,999,999,,,999,,,,1,,999,,,,1,,,1,,,1,,,1,,,1,,,1,,,,,,,,,,,,,,,,,,,,2,,0,0,0,0,0,100,0,0,0,0,,100,0,0,,,100,0,0,0,1,4,0,0,0,0,0,0,0,0,1,2,3,,5,6,7,8,9,,,,0,0,1,0,0,0,7,0,0,0,0,0,,100,0,0,0,0,0,3,,,2,2,2,,,1,6,2,2,,,,,,6,1,,,,,,,,,,,,,,9998,578,,19.625
9,1,3,1,4,3,3,3,2,,2,0,660,0,1980,0,,,18000,2,,,,5000,2500,3000,,,2500,,,500,,,2000,,,500,,,,1,,,1,,,1,,,1,,,1,,,,,,,,,,,,,,,,,2,,,2,,0,0,0,0,0,100,0,20,0,0,,80,0,0,,3,100,0,0,0,2,3,600,140,100,80,0,500,280,0,1,2,3,4,,,,8,,,,9997,15,6,1,1,1,1,150,120,150,80,0,0,1,100,0,0,0,0,0,4,,4,3,3,2,,,3,6,5,2,,,,,,10,2,,,,,,,,,,,,,,9998,98,9998,19.625
9,1,3,1,5,3,3,1,2,,2,0,330,0,0,0,,,500,2,,,,1500,200,300,,,300,,,,1,,200,,,,1,,,1,,,1,,,1,,,1,,,1,,,,,,,,,,,,,,,,,,,,2,,0,0,0,0,0,100,0,0,0,0,,100,0,0,,,100,0,0,0,1,1,0,11,0,0,0,0,0,0,1,2,3,4,,,7,8,9,,,,0,0,1,1,0,0,290,290,0,0,0,0,,100,0,0,0,0,0,4,,2,2,2,3,,3,1,6,2,2,,,,,,2,2,,,,,,,,,,,,,,9998,731,,19.625
9,1,3,1,5,5,3,1,2,,2,0,1000,0,0,0,,,10000,2,,,,3500,1000,1500,,,1500,,,,1,,700,,,,1,,100,,,100,,,,1,,300,,,,1,,,,,,,,,,,,,,,,,,,,2,,0,0,0,0,0,100,0,0,0,0,,100,0,0,,,100,0,0,0,2,3,0,80,0,25,0,0,0,0,1,2,3,,5,,7,8,9,,,9997,0,0,1,1,0,0,96,96,0,0,0,0,,50,0,50,0,0,0,4,,2,2,2,3,,3,1,1,6,1,1,2,3,,,2,1,,,,,,,,,,,,,,9998,578,,19.625
9,1,3,2,5,3,3,1,1,1,2,0,600,0,0,0,,,1500,2,,,,2320,400,1000,,,1000,,,,1,,400,,,,1,,,1,,,1,,,1,,,1,,,1,,,,,,,,,,,,,,,,,,,,2,,0,0,0,0,0,100,0,0,0,0,,100,0,0,,,100,0,0,0,2,3,0,0,0,12,0,0,96,0,1,2,3,4,5,6,7,,,,,,1,0,5,1,8,0,300,300,120,0,0,0,3,100,0,0,0,0,0,4,,6,3,3,3,,1,1,2,6,1,1,,,4,,6,1,,,,,,,,,,,,,,9998,98,9998,19.625
9,2,1,1,1,2,1,,2,,2,0,,,,,9917,0,,,1,,5000,4200,4200,,,,,,,,,,,,,,,,,,,,,,,,,,,,,,,1500,,,1700,,,0,,,2100,,,0,,,,,,2,,0,0,0,0,0,100,0,20,0,0,,80,0,0,,3,90,0,10,0,2,,0,0,0,0,0,0,1800,0,1,,3,,,6,,,9,,,,2,0,2,2,60,0,60,60,150,0,0,0,1,80,0,0,20,0,0,3,,,2,2,2,,,1,1,1,2,,,,,,10,1,,,,,,,,,,,,,,9998,98,9998,4.5
9,2,1,1,3,2,1,,2,,2,0,,,,,1653,0,,,2,,40000,7000,7000,,,,,,,,,,,,,,,,,,,,,,,,,,,,,,,8000,,,8000,,,,1,,7000,,,,1,,,,,2,,100,0,0,0,0,0,0,,,,,,,,,,100,0,0,0,2,,5000,0,0,600,0,0,5440,0,1,2,3,4,,6,,8,,,,,2,0,1,0,340,0,365,0,80,0,0,0,4,100,0,0,0,0,0,4,,6,3,3,2,,,2,5,2,1,1,2,3,,,9,1,,,,,,,,,,,,,,9998,662,,4.5
9,2,1,1,3,2,1,,2,,2,0,,,,,4298,0,,,1,2,100000,20000,20000,,,,,,,,,,,,,,,,,,,,,,,,,,,,,,,50000,,,50000,,,,1,,20000,,,,1,,,,,2,,0,0,0,0,40,60,0,0,0,0,,100,0,0,,,100,0,0,0,2,,9000,1000,500,300,0,0,364,0,1,,3,,,,,,,,,,4,0,1,1,7,0,300,300,100,0,0,0,3,30,30,0,40,0,0,3,,,3,3,2,,,1,5,2,1,1,,,,,2,1,,,,,,,,,9,,,,,,662,,4.5
9,2,1,1,3,3,1,,2,,2,0,,,,,1320,0,,,2,3,6000,4500,2800,,,,,,,,,,,,,,,,,,,,,,,,,,,,,,,3000,,,3000,,,0,,,2800,,,,1,,,,,2,,0,0,0,0,50,50,0,10,0,0,,90,0,0,,3,100,0,0,0,2,,1200,0,100,100,0,200,200,0,1,2,3,,,,,8,,,,,1,1,1,1,10,5,300,300,150,100,0,0,1,100,0,0,0,0,0,4,,4,3,3,2,,,3,6,3,2,,,,,,3,2,,,,,,,,,9,,,,,,98,9998,4.5
9,2,1,1,3,3,1,,2,,2,0,,,,,5289,0,,,1,3,2000000,150000,150000,,,,,,,,,,,,,,,,,,,,,,,,,,,,,,,363,,,363,,,,1,,110000,,,,1,,,,,2,,0,0,0,0,100,0,0,,,,,,,,,,100,0,0,0,1,,37500,0,2400,20000,0,0,70000,0,1,2,3,4,5,6,7,,9,,,9997,48,0,1,1,180,0,365,300,80,0,0,0,3,90,10,0,0,0,0,3,,,2,2,2,,,1,6,2,1,1,,,,,10,1,,,,,,,,,9,,,,,,535,,4.5
9,2,2,1,4,3,2,4,1,1,2,0,,,,,1322,0,,,1,,10000,2000,2000,,,,,,,,,,,,,,,,,,,,,,,,,,,,,,,2000,,,2000,,,,1,,2000,,,,1,,,,,2,,0,0,0,0,0,100,0,0,0,0,,100,0,0,,,0,20,80,0,2,,120,0,50,10,0,0,0,0,,2,3,4,,,,8,9,,,9997,0,0,2,1,0,0,50,30,0,0,0,0,,100,0,0,0,0,0,3,,,3,3,3,,4,1,1,2,2,,,,,,10,1,,,,,,,,,,,,,,9998,98,9998,19.625
9,2,2,1,4,5,2,1,1,1,1,2.97,,,,,165,0,,,1,,3000,3500,500,,,,,,,,,,,,,,,,,,,,,,,,,,,,,,,200,,,200,,,0,,,500,,,0,,,,,,2,,0,0,0,0,0,100,0,0,0,0,,100,0,0,,,100,0,0,0,2,,20,3,2,0,0,0,0,0,1,,3,,,,,,9,,,,0,0,1,1,0,0,5,3,0,0,0,0,,100,0,0,0,0,0,2,1,,2,3,3,,2,1,6,3,2,,,,,,6,1,,,,,,,,,,,,,,9998,98,9998,19.625
9,2,2,2,3,2,2,6,2,,2,0,,,,,1983,0,,,1,,100000,10000,10000,,,,,,,,,,,,,,,,,,,,,,,,,,,,,,,30000,,,,1,,30000,,,,1,,10000,,,2,9997,,2,,20,0,0,0,20,0,60,,,,,,,,,,100,0,0,0,3,,0,0,0,300,0,0,2400,0,1,,,,,,,,,,,,2,0,1,1,365,0,365,365,30,0,0,0,9997,100,0,0,0,0,0,4,,2,3,3,3,,9997,1,3,2,1,1,2,3,,,9,1,,,,,,,,,,,,,,9998,617,,19.625
9,3,1,1,1,2,1,,2,,2,0,0,0,105785,0,,,32000,2,,,,3000,3000,2000,,,2000,,,,1,,2400,,,,1,,200,,,200,,,,1,,600,,,,1,,,,,,,,,,,,,,,,,,,,2,,0,0,0,0,0,100,0,0,0,0,,100,0,0,,,100,0,0,0,2,3,0,0,0,0,0,0,300,0,1,2,3,4,,,7,8,9,,,,1,0,1,1,30,0,200,200,100,0,0,0,1,100,0,0,0,0,0,3,,,2,2,2,,,1,2,3,2,,,,,,1,1,,,,,,,,,,,,,,9998,98,9998,4.5
9,3,1,1,4,4,1,,2,,2,0,0,0,1320,0,,,9000,2,,,,3000,1800,2000,,,2000,,,0,,,1800,,,,1,,,1,,,1,,,1,,,1,,,1,,,,,,,,,,,,,,,,,,,,2,,0,0,0,0,0,100,0,20,0,0,,80,0,0,,3,100,0,0,0,2,3,0,0,100,60,0,300,0,0,1,2,3,4,,,,8,,,,,0,0,1,1,0,0,150,60,0,0,0,0,,100,0,0,0,0,0,4,,4,3,3,2,,,3,6,6,2,,,,,,6,2,,,,,,,,,,,,,,9998,98,9998,4.5
9,3,1,1,5,4,1,,2,,2,0,0,0,4590,0,,,25000,2,,,,3746.607,2615.72,3700,,,3000,,,500,,,2700,,,300,,,500,,,500,,,300,,,0,,,300,,,,,,,,,,,,,,,,,,2,,,2,,50,0,0,0,0,50,0,30,0,0,,70,0,0,,4,100,0,0,0,2,3,1400,350,0,100,0,0,200,0,1,2,3,4,5,6,7,8,9,,,,5,5,1,1,2,2,250,30,150,80,0,0,1,90,10,0,0,0,0,4,,4,3,3,2,,,3,2,3,2,,,,,,1,1,,,,,,,,,9,,,,,,533,,4.5
9,3,1,2,3,2,1,,2,,2,0,0,0,1320,0,,,7000,2,,,,6000,1200,1500,,,1500,,,,1,,1200,,,,1,,,1,,,1,,,1,,,1,,,1,,,,,,,,,,,,,,,,,,,,2,,0,0,0,0,0,100,0,30,0,0,,70,0,0,,3,100,0,0,0,2,4,0,0,100,50,0,200,0,0,1,,3,4,,,,8,,,,,0,0,1,0,0,0,150,0,0,0,0,0,,100,0,0,0,0,0,4,,7,3,3,2,,,3,2,6,2,,,,,,10,2,,,,,,,,,,,,,,9998,98,9998,4.5
9,3,2,1,3,2,2,1,2,,2,0,0,0,990,0,,,5000,2,,,,3800,1000,1200,,,1200,,,0,,,1000,,,,1,,,1,,,1,,,1,,,1,,,1,,,,,,,,,,,,,,,,,,,,2,,0,0,0,0,30,70,0,20,0,0,,80,0,0,,3,100,0,0,0,2,3,0,0,50,30,0,100,0,0,1,,3,4,,,,8,,,,,0,0,1,1,0,0,80,40,0,0,0,0,,100,0,0,0,0,0,4,,4,3,3,2,,,3,6,6,2,,,,,,10,2,,,,,,,,,,,,,,9998,98,9998,19.625
9,3,2,1,4,3,2,1,2,,2,0,0,0,1980,0,,,14000,2,,,,4910.3475,4654.79,1800,,,1800,,,0,,,2000,,,,1,,,1,,,1,,,1,,,1,,,1,,,,,,,,,,,,,,,,,,,,2,,0,0,0,0,0,100,0,20,0,0,,80,0,0,,3,100,0,0,0,2,3,540,140,200,50,0,300,260,0,1,2,3,,,,,8,,,,,5,6,1,1,2,2,140,100,160,80,0,0,1,100,0,0,0,0,0,4,,4,3,3,3,,1,3,6,3,2,,,,,,10,2,,,,,,,,,9,,,,,,98,9998,19.625
9,3,2,1,4,4,2,1,2,,2,0,0,0,1650,0,,,9000,2,,,,4000,2600,4500,,,4500,,,0,,,2600,,,,1,,,1,,,1,,,1,,,1,,,1,,,,,,,,,,,,,,,,,,,,2,,0,0,0,0,0,100,0,10,0,0,,90,0,0,,3,100,0,0,0,2,3,0,0,100,80,0,500,0,0,1,,3,4,,,,8,,,,,0,0,1,1,0,0,150,100,0,0,0,0,,100,0,0,0,0,0,4,,4,3,3,2,,,3,6,3,2,,,,,,6,2,,,,,,,,,9,,,,,,98,9998,19.625
9,3,3,1,4,2,3,1,1,1,2,0,0,0,1653,0,,,2000,2,,,,3351.5,1360,200,,,130,,,,1,,350,,,,1,,30,,,,1,,30,,,,1,,150,,,,,,,,,,,,,,,,,,2,,,2,,0,0,0,0,0,0,100,,,,,,,,,,100,0,0,0,2,3,100,10,10,0,0,0,0,0,1,2,3,4,,,,8,9,,,,0,0,1,1,0,0,80,50,0,0,0,0,,100,0,0,0,0,0,4,,4,3,3,3,,9997,9997,1,4,2,,,,,,6,2,,,,,,,,,,,,,,9998,533,,19.625
9,3,3,1,4,3,3,1,2,,2,0,0,0,1650,0,,,2000,2,,,,3703.0241,880.88,500,,,500,,,,1,,300,,,,1,,,1,,,1,,,1,,,1,,,1,,,,,,,,,,,,,,,,,,,,2,,0,0,0,0,100,0,0,,,,,,,,,,100,0,0,0,1,3,0,0,0,10,0,0,0,0,1,2,3,4,5,,7,8,9,,,,0,0,1,1,0,0,150,30,0,0,0,0,,100,0,0,0,0,0,4,,4,3,3,4,,5,3,1,1,2,,,,,,3,2,,,,,,,,,,,,,,9998,98,9998,19.625
9,3,3,1,4,5,3,6,1,1,1,11.2,0,0,993,0,,,1500,2,,,,5628.5,1198.5,300,,,250,,,,1,,300,,,,1,,,1,,,1,,,1,,,1,,,1,,,,,,,,,,,,,,,,,,,,2,,0,0,0,0,0,100,0,10,0,0,,90,0,0,,3,100,0,0,0,2,3,0,0,30,0,0,0,0,0,1,2,3,4,,,7,8,9,,,,0,0,1,2,0,0,60,30,0,0,0,0,,100,0,0,0,0,0,4,,4,3,3,3,,3,3,2,1,2,,,,,,4,2,,,,,,,,,,,,,,9998,98,9998,19.625
