"경영주 연령","연령별","농약비_살균제_지출액","농약비_살충제_지출액","농약비_제초제_지출액","농약비_전착제_지출액","농약비_항공방제_지출액","농약비_기타_지출액","수도광열비_임업전기료_지출액","수도광열비_휘발유_지출액","수도광열비_등유_지출액","수도광열비_경유_지출액","수도광열비_가스_지출액","수도광열비_수돗물_지출액","수도광열비_기타_지출액","기타재료비_차광막_지출액","기타재료비_비닐_지출액","기타재료비_호스_지출액","기타재료비_목재_지출액","기타재료비_철사_지출액","기타재료비_철망_지출액","기타재료비_마대_지출액","기타재료비_골판지 상자_지출액","기타재료비_지주_지출액","기타재료비_부직포_지출액","기타재료비_묘상용 흙(상토)_지출액","기타재료비_친환경농업자재_지출액","기타재료비_새끼_지출액","기타재료비_볏짚_지출액","기타재료비_묘상의 열낼재료_지출액","기타재료비_낙엽_지출액","기타재료비_허수아비_지출액","기타재료비_화약_지출액","기타재료비_딱총_지출액","기타재료비_포트_지출액","기타재료비_철죽_지출액","기타재료비_포장상자_지출액","기타재료비_기타_지출액","수선비_모터싸이클_지출액","수선비_일반승용차_지출액","수선비_다목적승용차_지출액","수선비_화물트럭_지출액","수선비_소형승합차_지출액","수선비_기타자동차_지출액","exp611","exp612","exp613","exp6211","exp6212","exp6213","exp6214","exp6215","exp6216","임차료_기계/대농구_지출액","임차료_건물/시설물_지출액","임차료_수리시설물_지출액","소농구비_괭이_지출액","소농구비_삽_지출액","소농구비_호미_지출액","소농구비_낫_지출액","소농구비_모종삽_지출액","소농구비_갈퀴_지출액","소농구비_물뿌리개_지출액","소농구비_톱_지출액","소농구비_도끼_지출액","소농구비_망치_지출액","소농구비_물장화_지출액","소농구비_우의_지출액","소농구비_장화_지출액","소농구비_자급 소농구_지출액","소농구비_임차 소농구_지출액","소농구비_기타 소농구_지출액","위탁비_위탁 영농비_지출액","위탁비_재배장 관리_지출액","위탁비_비료 주기_지출액","위탁비_제초 작업_지출액","위탁비_병충해방제_지출액","위탁비_수확 작업_지출액","위탁비_수확물운반_지출액","위탁비_건조 작업_지출액","위탁비_기타직접노동_지출액","기타비용_임업부담금_지출액","기타비용_세금_지출액","기타비용_보험료_지출액","기타비용_이자 비용_지출액","기타비용_인력 수송비_지출액","기타비용_토지 임차료_지출액","기타비용_검사수수료_지출액","기타비용_협회비_지출액","기타비용_등기료_지출액","기타비용_측량비_지출액","기타비용_객토비_지출액","기타비용_영농교육참가비_지출액","기타비용_기타_지출액","농약비_지출액","수도광열비_지출액","기타재료비_지출액","자동차비_수선비_지출액","자동차비_임차료_지출액","수선비_지출액","임차료_지출액","소농구비_지출액","위탁영농비_지출액","세금및부담금_지출액","이자비용_지출액","보험금및기타_지출액","기타비용_지출액","노동시간_경영주","노동시간_배우자","노동인원_기타가족_남","노동시간_기타가족_남","노동인원_기타가족_여","노동시간_기타가족_여","노동인원_보통고용_남","노동시간_보통고용_남_1","노동비_보통고용_남","노동인원_보통고용_여","노동시간_보통고용_여_1","노동비_보통고용_여","노동인원_일손돕기_남","노동시간_일손돕기_남","노동인원_일손돕기_여","노동시간_일손돕기_여","노동인원_특수자가","노동시간_특수자가","노동인원_특수고용","노동시간_특수고용","노동비_특수고용","인력수송비","급여물비_주식","급여물비_간식","급여물비_기타","임금단가_남","임금단가_여","임금단가_특수","노동비_보통자가_남","노동비_보통자가기타_남","노동비_보통자가_여","노동비_보통자가기타_여","노동비_일손돕기_남","노동비_일손돕기_여","노동비_특수자가","노동비_자가","노동비_고용","노동시간_보통자가_남","노동시간_보통자가_여","노동시간_보통자가_합","노동시간_보통고용_남_2","노동시간_보통고용_여_2","노동시간_보통고용_합","노동시간_자가","노동시간_고용","노동시간_합계","급식물비","노동비용","간벌","건조","경운","관수(살수)","두둑","멀칭","배수로 정비 및 관리","병해충방제","보식작업","선별","수확 및 운반","시비","시설물 보수","식재(조림)","열매솎기(적과)","인공교배 또는 수정","재배지 정리","전정","접목 및 관리","정지","제초","종묘 이식","차광막 설치","채종","꽃눈솎기(적뢰)","출하","지주세우기","일반관리","파종","표고목 눕히기","표고목 뒤집기","표고목 벌채","표고목 세우기","표고목 폐기","버섯발생작업","재배장 소독","종균접종","천공작업","표고세척","기타","수확량","판매량","평가액","생표고_상품 수확량","생표고_상품 판매량","생표고_상품 판매금액","생표고_중품 수확량","생표고_중품 판매량","생표고_중품 판매금액","생표고_하품 수확량","생표고_하품 판매량","생표고_하품 판매금액","생표고_4 수확량","생표고_4 판매량","생표고_4 판매금액","생표고_5 수확량","생표고_5 판매량","생표고_5 판매금액","건표고_화고 수확량","건표고_화고 판매량","건표고_화고 판매금액","건표고_동고 수확량","건표고_동고 판매량","건표고_동고 판매금액","건표고_향고 수확량","건표고_향고 판매량","건표고_향고 판매금액","건표고_향신 수확량","건표고_향신 판매량","건표고_향신 판매금액","건표고_등외 수확량","건표고_등외 판매량","건표고_등외 판매금액","생표고_상품(생표고 기준) 판매금액","생표고_중품(생표고 기준) 판매금액","생표고_하품(생표고 기준) 판매금액","생표고_4(생표고 기준) 판매금액","생표고_5(생표고 기준) 판매금액","건표고_화고(생표고 기준) 판매금액","건표고_동고(생표고 기준) 판매금액","건표고_향고(생표고 기준) 판매금액","건표고_향신(생표고 기준) 판매금액","건표고_등외(생표고 기준) 판매금액","타용도 소비량","지역별","규모별","조성비","재배면적_합계_계","재배면적_합계_논","재배면적_합계_밭","재배면적_합계_임지","재배면적_합계_기타","재배면적_자작지_계","재배면적_자작지_논","재배면적_자작지_밭","재배면적_자작지_임지","재배면적_자작지_기타","재배면적_차용지_계","재배면적_차용지_논","재배면적_차용지_밭","재배면적_차용지_임지","재배면적_차용지_기타","골목본수_계","토지용역비","자가_토지용역비","임차_토지용역비","신규취득가격_기계기구","감가상각비_기계기구","자본용역비_기계기구","신규취득가격_시설물","감가상각비_시설물","자본용역비_시설물","전/겸업별","생산량","농약비_만본당","수도광열비_만본당","제재료비_만본당","소농구비_만본당","수선비_만본당","임차료_만본당","수선비(자동차)_만본당","임차료(자동차)_만본당","위탁영농비_만본당","기타비용_만본당","기타_만본당","기계(자동차)_감가상각비_만본당","기계_감가상각비_만본당","시설물_감가상각비_만본당","감가상각비_만본당","자동차비_만본당","중간재비","자가토지용역비_만본당","임차토지용역비_만본당","토지용역비_만본당","임차료","자가노동비_만본당","고용노동비_만본당","급식물비_만본당","노동비_만본당","자가노동비(급식물 포함)_만본당","고용노동비(급식물 포함)_만본당","경영비","고정자본용역비_만본당","유동자본용역비_만본당","자본용역비_만본당","총 생산량_만본당","총 평가액_만본당","생표고_상품 수량_만본당","생표고_중품 수량_만본당","생표고_하품 수량_만본당","생표고_4 수량_만본당","생표고_5 수량_만본당","생표고_소계 수량_만본당","건표고_화고 수량_만본당","건표고_동고 수량_만본당","건표고_향고 수량_만본당","건표고_향신 수량_만본당","건표고_등외 수량_만본당","건표고_소계(생표고 기준) 수량_만본당","총 생산량(생표고 기준)_만본당","생표고_상품(생표고 기준) 평가액_만본당","생표고_중품(생표고 기준) 평가액_만본당","생표고_하품(생표고 기준) 평가액_만본당","생표고_4(생표고 기준) 평가액_만본당","생표고_5(생표고 기준) 평가액_만본당","생표고_소계(생표고 기준) 평가액_만본당","건표고_화고(생표고 기준) 평가액_만본당","건표고_동고(생표고 기준) 평가액_만본당","건표고_향고(생표고 기준) 평가액_만본당","건표고_향신(생표고 기준) 평가액_만본당","건표고_등외(생표고 기준) 평가액_만본당","건표고_소계(생표고 기준) 평가액_만본당","총 평가액(생표고 기준)_만본당","부산물 생산량_만본당","총 노동시간_보통자가_만본당","총 노동시간_보통자가_남_만본당","총 노동시간_보통자가_여_만본당","총 노동시간_보통고용_만본당","총 노동시간_보통고용_남_만본당","총 노동시간_보통고용_여_만본당","총 노동시간_특수자가_만본당","총 노동시간_특수고용_만본당","총 노동시간_합계_만본당","간벌_시간_만본당","건조_시간_만본당","경운_시간_만본당","관수(살수)_시간_만본당","두둑_시간_만본당","멀칭_시간_만본당","배수로 정비 및 관리_시간_만본당","병해충방제_시간_만본당","보식작업_시간_만본당","선별_시간_만본당","수확 및 운반_시간_만본당","시비_시간_만본당","시설물 보수_시간_만본당","식재(조림)_시간_만본당","열매솎기(적과)_시간_만본당","인공교배 또는 수정_시간_만본당","재배지 정리_시간_만본당","전정_시간_만본당","접목 및 관리_시간_만본당","정지_시간_만본당","제초_시간_만본당","종묘 이식_시간_만본당","차광막 설치_시간_만본당","채종_시간_만본당","꽃눈솎기(적뢰)_시간_만본당","출하_시간_만본당","지주세우기_시간_만본당","일반관리_시간_만본당","파종_시간_만본당","표고목 눕히기_시간_만본당","표고목 뒤집기_시간_만본당","표고목 벌채_시간_만본당","표고목 세우기_시간_만본당","표고목 폐기_시간_만본당","버섯발생작업_시간_만본당","재배장 소독_시간_만본당","종균접종_시간_만본당","천공작업_시간_만본당","표고세척_시간_만본당","기타_시간_만본당","내급비","조수입","소득","부가가치","소득률","노동생산성","자본생산성","토지생산성","자가노동비율","직접생산비","간접생산비","생산비 합계_만본당","순수익","가중치"
44,1,0,0,0,0,0,0,197030,0,0,321100,0,0,0,0,0,0,0,0,0,0,0,0,0,0,0,0,0,0,0,0,0,0,0,0,0,0,0,0,0,0,0,0,0,0,0,0,0,0,0,0,0,0,0,0,0,0,0,0,0,0,0,0,0,0,0,0,0,0,0,0,0,0,0,0,0,0,0,0,0,0,0,0,0,0,0,0,0,0,0,0,0,0,0,518130,0,0,0,0,0,0,0,0,0,0,0,225,79,0,0,0,0,0,0,0,6,24,180000,10,80,10,80,0,0,0,0,0,0,60000,18000,0,157816,107873,206195,3230509,0,765905,0,1140480,775600,0,3996414,2096080,225,79,304,80,104,184,304,184,488,78000,6170494,0,0,0,16,0,0,0,0,0,79,375,0,0,0,0,0,0,0,0,0,0,0,0,0,0,0,0,0,0,0,18,0,0,0,0,0,0,0,0,0,959,959,12945058,0,0,0,625,625,2812500,0,0,0,0,0,0,0,0,0,0,0,0,0,0,0,334,334,10132558,0,0,0,0,0,0,0,2812500,0,0,0,0,0,21126588.84,0,0,0,34,1,16067060,0.4,0,0.4,0,0,0.4,0,0.4,0,0,0,0,0,0,0,5000,55000,55000,0,14456800,58650,232050,23256000,1377000,14886900,2,1918,0,1036260,0,0,0,0,0,0,0,0,0,1133333.33333333,117300,2754000,2871300,1133333.33333333,21107953.3333333,110000,0,110000,0,7992828,4192160,156000,12340988,8095157.28977854,4245830.71022146,25353784.0435548,388557.015,171897.6368,560454.6518,1918,25890116,0,1250,0,0,0,1250,0,0,668,0,0,4769.52,6019.52,0,5625000,0,0,0,5625000,0,0,42253177.68,0,0,42253177.68,47878177.68,0,608,450,158,368,160,208,0,0,976,0,0,0,32,0,0,0,0,0,158,750,0,0,0,0,0,0,0,0,0,0,0,0,0,0,0,0,0,0,0,36,0,0,0,0,0,0,0,0,0,8765611.94157854,47878177.68,22524393.6364452,26770224.3466667,47.0452191956634,54857.0171038251,68.8965153458024,53540448.6933333,62.2950819672131,33448941.3333333,670454.6518,34119395.9851333,13758781.6948667,13.3125
45,1,0,0,0,0,0,0,276062,22800,0,0,0,0,0,0,0,0,0,348000,0,0,0,0,0,0,0,0,0,0,0,0,0,0,0,0,0,0,0,0,0,0,0,0,0,0,0,0,0,0,0,0,0,0,0,0,0,0,0,0,0,0,0,0,0,0,0,0,0,0,0,0,0,0,0,0,0,0,0,0,0,114500,93690,480000,0,0,0,0,0,0,0,0,0,0,0,298862,696000,0,0,0,0,0,0,208190,0,480000,688190,204,164,1,7,10,93,18,144,2080000,7,63,420000,0,0,0,0,0,14,4,24,440000,0,215000,130400,0,100318,68503,131215,2918315,101129,1609606,911625,0,0,262430,5803105,2940000,211,257,468,144,63,207,482,231,713,345400,9088505,0,0,0,0,0,0,0,0,0,0,427,0,0,0,0,0,0,0,0,0,38,0,0,0,0,0,0,0,0,0,0,0,248,0,0,0,0,0,0,0,2551,2465,16347399,0,0,0,85,0,685015,0,0,0,0,0,0,0,0,0,0,0,0,0,0,0,0,0,0,0,0,0,2466,2465,15662384,0,685015,0,0,0,0,0,0,0,155982539.16,97,36,3,16067060,1.65,0,0,1.65,0,1.65,0,0,1.65,0,0,0,0,0,0,35000,275000,275000,0,129067400,2094162,31757409.8666667,7650000,203490,3919095,2,728.857142857143,0,85389.1428571429,198857.142857143,0,0,0,0,0,0,196625.714285714,196625.714285714,783619.047619048,598332,58140,656472,783619.047619048,17988023.047619,78571.4285714286,0,78571.4285714286,0,1658030,840000,98685.7142857143,2596715.71428571,1723531.16486077,873184.549424947,18861207.597044,130983.73929619,39547.0021285714,170530.741424762,728.857142857143,4670685.42857143,0,24.2857142857143,0,0,0,24.2857142857143,0,0,0,0,704.571428571429,5030.64,5054.92571428571,0,195718.571428571,0,0,0,195718.571428571,0,0,0,0,44566439.76,44566439.76,44762158.3314286,0,133.714285714286,60.2857142857143,73.4285714285714,59.1428571428571,41.1428571428571,18,4,6.85714285714286,203.714285714286,0,0,0,0,0,0,0,0,0,0,122,0,0,0,0,0,0,0,0,0,10.8571428571429,0,0,0,0,0,0,0,0,0,0,0,70.8571428571429,0,0,0,0,0,0,0,1972633.33485696,44762158.3314286,25900950.7343846,26774135.2838095,57.8634983206315,37551.3818847258,204.408084756733,7649752.93823129,67.601683029453,20584738.7619048,249102.16999619,20833840.931901,23928317.3995276,7.39285714285714
47,1,0,0,0,0,0,0,587100,0,0,1236900,0,0,0,0,0,0,0,0,0,0,0,0,0,0,0,0,0,0,0,0,0,0,0,0,0,0,0,0,0,981600,0,0,0,0,0,0,0,0,0,0,0,0,0,0,0,0,0,0,0,0,0,0,0,0,0,0,0,0,0,0,0,0,0,0,0,0,0,0,0,0,38000,700000,0,0,0,0,0,0,0,0,0,0,0,1824000,0,981600,0,0,0,0,0,38000,0,700000,738000,871,277,0,0,0,0,0,0,0,2,8,68000,0,0,0,0,0,0,0,0,0,0,0,0,0,400952,273550,524860,12457573,0,2724193,0,0,0,0,15181766,68000,871,277,1148,0,8,8,1148,8,1156,0,15249766,0,0,0,16,0,0,0,0,0,0,471,0,0,0,0,0,0,0,0,0,0,0,0,0,0,0,0,0,0,237,171,0,261,0,0,0,0,0,0,0,1557,1557,8299500,0,0,0,1542,1542,7849500,0,0,0,0,0,0,0,0,0,0,0,0,15,15,450000,0,0,0,0,0,0,0,0,0,0,7849500,0,0,0,0,948798.9,0,0,0,0,34,1,16067060,1.3,0,0,1.3,0,1.3,0,0,1.3,0,0,0,0,0,0,8000,132000,132000,0,14749200,82518,2685700.8,27540000,137700,12806100,2,1946.25,0,2280000,0,0,0,0,1227000,0,0,922500,922500,255000,103147.5,172125,275272.5,1482000,21026832.5,165000,0,165000,0,18977207.5,85000,0,19062207.5,18977207.5,85000,21111832.5,248837.05035,301868.441375,550705.491725,1946.25,10374375,0,1927.5,0,0,0,1927.5,0,18.75,0,0,0,133.875,2061.375,0,9811875,0,0,0,9811875,0,1185998.625,0,0,0,1185998.625,10997873.625,0,1435,1088.75,346.25,10,0,10,0,0,1445,0,0,0,20,0,0,0,0,0,0,588.75,0,0,0,0,0,0,0,0,0,0,0,0,0,0,0,0,0,0,296.25,213.75,0,326.25,0,0,0,0,0,0,0,19692912.991725,10997873.625,-10113958.875,-10028958.875,-91.9628577292367,-8675.56996107266,-40.3033184202025,-12536198.59375,99.3079584775086,40089040,715705.491725,40804745.491725,-29806871.866725,13.3125
47,1,0,0,0,0,0,0,657210,0,0,547200,0,0,0,0,0,0,0,0,0,0,0,0,0,0,0,0,0,0,0,0,0,0,0,0,0,0,0,0,0,0,0,0,0,0,0,0,0,0,0,0,0,0,0,0,0,0,0,0,0,0,0,0,0,0,0,0,0,0,0,0,0,0,0,0,0,0,0,0,0,24000,0,0,0,0,0,0,0,0,0,0,0,0,0,1204410,0,0,0,0,0,0,0,24000,0,0,24000,108,7,0,0,0,0,0,0,0,0,0,0,1,10,1,10,0,0,0,0,0,0,0,0,0,127734,86475,168705,1526420,0,65667,0,140180,93810,0,1592087,233990,108,7,115,10,10,20,115,20,135,0,1826077,0,0,0,1,0,0,0,0,0,22,104,0,0,0,0,0,0,0,0,0,0,0,0,0,0,8,0,0,0,0,0,0,0,0,0,0,0,0,0,0,638,575,4277000,338,338,2197000,56,56,308000,0,0,0,0,0,0,0,0,0,0,0,0,3,5,129000,180,75,900000,30,75,600000,31,26,143000,2197000,308000,0,0,0,0,189759.78,11385586.8,1897597.8,1960851.06,20,36,2,16067060,0.47,0,0,0.47,0,0.47,0,0,0.47,0,0,0,0,0,0,11000,82500,82500,0,15361200,183192,3073464,10159200,88944,6421430.4,2,580,0,1094918.18181818,0,0,0,0,0,0,0,21818.1818181818,21818.1818181818,231818.181818182,166538.181818182,80858.1818181818,247396.363636364,231818.181818182,17663010.9090909,75000,0,75000,0,1447351.81818182,212718.181818182,0,1660070,1447351.81818182,212718.181818182,17875729.0909091,110917.630036364,35681.9617727273,146599.591809091,580,3888181.81818182,307.272727272727,50.9090909090909,0,0,0,358.181818181818,0,2.72727272727273,163.636363636364,27.2727272727273,28.1818181818182,1583.78181818182,1941.96363636364,1997272.72727273,280000,0,0,0,2277272.72727273,0,172508.890909091,10350533.4545455,1725088.90909091,1782591.87272727,14030723.1272727,16307995.8545455,0,104.545454545455,98.1818181818182,6.36363636363636,18.1818181818182,9.09090909090909,9.09090909090909,0,0,122.727272727273,0,0,0,0.909090909090909,0,0,0,0,0,20,94.5454545454545,0,0,0,0,0,0,0,0,0,0,0,0,0,0,7.27272727272727,0,0,0,0,0,0,0,0,0,0,0,0,0,0,1668951.40999091,16307995.8545455,-1567733.23636364,-1355015.05454546,-9.61327958595645,-10037.1485521886,-12.2164082851502,-1231831.8677686,85.1851851851852,19323080.9090909,221599.591809091,19544680.5009,-3236684.64635455,7.39285714285714
48,1,0,0,0,0,0,0,0,117534,0,369360,0,0,0,0,0,0,0,0,0,0,0,0,0,0,0,0,0,0,0,0,0,0,0,0,0,0,0,0,0,0,0,0,0,0,0,0,0,0,0,0,0,0,0,0,0,0,0,0,0,0,0,0,0,0,0,0,0,0,0,0,0,0,0,0,0,0,0,0,0,0,0,0,0,0,0,0,0,0,0,0,0,0,0,486894,0,0,0,0,0,0,0,0,0,0,0,108,24,2,15,2,15,0,0,0,0,0,0,0,0,0,0,0,22,0,0,0,0,0,0,0,99790,67827,131215,1522512,211698,232680,142599,0,0,412390,2521879,0,123,39,162,0,0,0,184,0,184,0,2521879,0,0,0,0,0,0,0,0,0,19,49,0,0,0,0,0,0,0,0,0,22,0,0,0,0,4,0,0,0,90,0,0,0,0,0,0,0,0,0,0,510,510,1785000,0,0,0,510,510,1785000,0,0,0,0,0,0,0,0,0,0,0,0,0,0,0,0,0,0,0,0,0,0,0,0,0,1785000,0,0,0,0,0,0,0,0,0,37,2,16067060,0.28,0,0.28,0,0,0.28,0,0.28,0,0,0,0,0,0,0,10000,660000,660000,0,19658800,89413.2,5004446.62666667,8568000,73729.8947368421,5435313.72631579,2,510,0,486894,0,0,0,0,0,0,0,0,0,566666.666666667,89413.2,73729.8947368421,163143.094736842,566666.666666667,17283763.7614035,660000,0,660000,0,2521879,0,0,2521879,2521879,0,17283763.7614035,134150.920535825,38662.73305,172813.653585825,510,1785000,0,510,0,0,0,510,0,0,0,0,0,0,510,0,1785000,0,0,0,1785000,0,0,0,0,0,0,1785000,0,162,123,39,0,0,0,22,0,184,0,0,0,0,0,0,0,0,0,19,49,0,0,0,0,0,0,0,0,0,22,0,0,0,0,4,0,0,0,90,0,0,0,0,0,0,0,0,0,0,3354692.65358582,1785000,-15498763.7614035,-15498763.7614035,-868.278081871345,-84232.4117467582,-115.532295264904,-15498763.7614035,100,19805642.7614035,832813.653585825,20638456.4149893,-18853456.4149893,11.2
50,2,0,0,0,0,0,0,45600,0,0,0,0,0,0,0,0,0,0,0,0,0,0,0,0,0,0,0,0,0,0,0,0,0,0,0,0,0,0,0,0,0,0,0,0,0,0,0,0,0,0,0,0,0,0,0,0,0,0,0,0,0,0,0,0,0,0,0,0,0,0,0,0,0,0,0,0,0,0,0,0,0,0,0,0,0,0,0,0,0,0,0,0,0,0,45600,0,0,0,0,0,0,0,0,0,0,0,278,214,0,0,0,0,0,0,0,0,0,0,0,0,0,0,0,0,0,0,0,0,0,0,0,99816,67851,131215,3954775,0,2074166,0,0,0,0,6028941,0,278,214,492,0,0,0,492,0,492,0,6028941,0,0,0,25,0,0,0,0,0,72,395,0,0,0,0,0,0,0,0,0,0,0,0,0,0,0,0,0,0,0,0,0,0,0,0,0,0,0,0,0,1951,1951,26550500,0,0,0,1313,1313,11160500,0,0,0,0,0,0,0,0,0,0,0,0,0,0,0,638,638,15390000,0,0,0,0,0,0,0,11160500,0,0,0,0,0,40355579.88,0,0,0,99,2,16067060,0.15,0.15,0,0,0,0.15,0.15,0,0,0,0,0,0,0,0,11000,242000,242000,0,8710800,36720,3093184,0,0,0,2,1773.63636363636,0,41454.5454545455,0,0,0,0,0,0,0,0,0,247272.727272727,33381.8181818182,0,33381.8181818182,247272.727272727,16389169.0909091,220000,0,220000,0,5480855.45454545,0,0,5480855.45454545,5480855.45454545,0,16389169.0909091,36134.0130909091,70961.6835,107095.696590909,1773.63636363636,24136818.1818182,0,1193.63636363636,0,0,0,1193.63636363636,0,0,580,0,0,4141.2,5334.83636363636,0,10145909.0909091,0,0,0,10145909.0909091,0,0,36686890.8,0,0,36686890.8,46832799.8909091,0,447.272727272727,252.727272727273,194.545454545455,0,0,0,0,0,447.272727272727,0,0,0,22.7272727272727,0,0,0,0,0,65.4545454545455,359.090909090909,0,0,0,0,0,0,0,0,0,0,0,0,0,0,0,0,0,0,0,0,0,0,0,0,0,0,0,0,0,5807951.15113636,46832799.8909091,30443630.8,30443630.8,65.0049343001368,61877.2983739837,842.520057858153,27676028,100,21870024.5454545,327095.696590909,22197120.2420455,24635679.6488636,14.0909090909091
51,2,0,0,0,0,0,0,114000,15200,0,0,0,0,0,0,0,0,0,0,0,0,0,0,0,0,0,0,0,0,0,0,0,0,0,0,0,0,0,0,0,0,0,0,0,0,0,0,0,0,0,0,0,0,0,0,0,0,0,0,0,0,0,0,0,0,0,0,0,0,0,0,0,0,0,0,0,0,0,0,0,0,0,0,0,0,0,0,0,0,0,0,0,0,0,129200,0,0,0,0,0,0,0,0,0,0,0,230,238,0,0,0,0,20,160,2600000,0,0,0,0,0,0,0,0,1,0,0,0,0,160000,80000,0,85871,58570,112470,3279163,0,2311130,0,0,0,18745,5609038,2600000,230,238,468,160,0,160,469,160,629,240000,8449038,0,0,0,0,0,0,0,0,0,46,582,0,0,0,0,0,0,0,0,0,1,0,0,0,0,0,0,0,0,0,0,0,0,0,0,0,0,0,0,0,2629,2629,58666500,0,0,0,1563,1563,17974500,0,0,0,0,0,0,0,0,0,0,0,0,0,0,0,1003,1003,39117000,63,63,1575000,0,0,0,0,17974500,0,0,0,0,0,63443019.78,3984955.38,0,0,99,3,16067060,0.66,0,0,0.66,0,0,0,0,0,0,0.66,0,0,0.66,0,25000,1100000,0,1100000,13268160,88740,3922920,5202000,26010,2561985,1,1051.6,0,51680,0,0,0,0,0,0,0,0,0,204000,35496,10404,45900,204000,16368640,0,440000,440000,440000,2243615.2,1040000,96000,3379615.2,2309209.6884163,1070405.5115837,17879045.5115837,33332.4117,44092.14332,77424.55502,1051.6,23466600,0,625.2,0,0,0,625.2,0,0,401.2,25.2,0,3044.496,3669.696,0,7189800,0,0,0,7189800,0,0,25377207.912,1593982.152,0,26971190.064,34160990.064,0,187.2,92,95.2,64,64,0,0.4,0,251.6,0,0,0,0,0,0,0,0,0,18.4,232.8,0,0,0,0,0,0,0,0,0,0.4,0,0,0,0,0,0,0,0,0,0,0,0,0,0,0,0,0,0,0,2386634.2434363,34160990.064,16281944.5524163,17792350.064,47.6623907032916,28286.7250620032,533.785260548669,7116940.0256,74.5627980922099,19748255.2,517424.55502,20265679.75502,13895310.30898,14.0909090909091
53,2,0,0,0,0,0,0,238830,0,0,0,0,0,0,0,0,0,0,0,0,0,0,0,0,0,0,0,0,0,0,0,0,0,0,0,0,0,0,0,0,0,0,0,16000,0,0,0,0,0,0,0,0,0,40000,0,0,0,0,0,0,0,0,0,0,0,0,0,0,0,0,0,0,0,0,0,0,0,0,0,0,27500,0,0,0,0,0,0,0,0,0,0,0,0,0,238830,0,0,0,16000,40000,0,0,27500,0,0,27500,160,19,0,0,0,0,0,0,0,0,0,0,0,0,0,0,0,0,0,0,0,0,0,0,0,128399,87303,168705,2285223,0,178239,0,0,0,0,2463462,0,160,19,179,0,0,0,179,0,179,0,2463462,0,0,0,1,0,0,0,0,0,0,131,0,0,0,0,0,0,0,0,0,0,0,0,0,0,0,0,0,0,0,0,0,47,0,0,0,0,0,0,0,1273,1273,6793500,63,63,787500,113,113,960500,25,25,87500,1072,1072,4958000,0,0,0,0,0,0,0,0,0,0,0,0,0,0,0,0,0,0,787500,960500,87500,4958000,0,0,0,0,0,0,0,34,1,16067060,0.32,0,0.32,0,0,0,0,0,0,0,0.32,0,0.32,0,0,7000,660000,0,660000,16405000,13872,2855610.13333333,0,0,0,2,1818.57142857143,0,341185.714285714,0,0,22857.1428571429,57142.8571428571,0,0,0,39285.7142857143,39285.7142857143,372380.952380952,19817.1428571429,0,19817.1428571429,372380.952380952,16862586.6666667,0,942857.142857143,942857.142857143,1000000,3519231.42857143,0,0,3519231.42857143,3519231.42857143,0,17862586.6666667,52420.8431619048,51139.1817142857,103560.02487619,1818.57142857143,9705000,90,161.428571428571,35.7142857142857,1531.42857142857,0,1818.57142857143,0,0,0,0,0,0,1818.57142857143,1125000,1372142.85714286,125000,7082857.14285714,0,9705000,0,0,0,0,0,0,9705000,0,255.714285714286,228.571428571429,27.1428571428571,0,0,0,0,0,255.714285714286,0,0,0,1.42857142857143,0,0,0,0,0,0,187.142857142857,0,0,0,0,0,0,0,0,0,0,0,0,0,0,0,0,0,0,0,0,0,67.1428571428571,0,0,0,0,0,0,0,3622791.45344762,9705000,-8157586.66666667,-7157586.66666667,-84.0555040357204,-39986.5176908752,-136.540853502872,-10225123.8095238,100,20438960.952381,1046417.16773333,21485378.1201143,-11780378.1201143,13.3125
53,2,0,0,0,0,0,0,94050,470957,0,0,0,0,0,0,0,0,0,0,0,0,0,0,0,0,0,0,0,0,0,0,0,0,0,0,0,0,0,0,0,0,0,0,96000,0,0,0,0,0,0,0,0,0,0,0,0,0,0,0,0,0,0,0,0,0,0,0,0,0,0,0,0,0,0,0,0,0,0,0,0,22900,0,1540000,80000,0,0,0,0,0,0,0,0,0,0,565007,0,0,0,96000,0,0,0,22900,80000,1540000,1642900,168,88,0,0,0,0,0,0,0,0,0,0,0,0,0,0,0,63,0,0,0,0,0,0,0,156791,106517,206195,2404917,0,864168,0,0,0,1180935,4450020,0,168,88,256,0,0,0,319,0,319,0,4450020,0,0,0,0,0,0,0,0,0,40,216,0,0,0,0,0,0,0,0,0,38,0,0,0,0,0,0,0,0,0,0,25,0,0,0,0,0,0,0,0,1281,1260,15250144,796,796,6268244,79,79,513500,146,125,423400,0,0,0,0,0,0,0,0,0,0,0,0,0,0,0,0,0,0,260,260,8045000,6268244,513500,423400,0,0,0,0,0,0,16445847.6,33,36,2,16067060,0.99,0,0,0.99,0,0,0,0,0,0,0.99,0,0,0.99,0,15000,110000,0,110000,40908800,134640,12026933.3333333,17748000,104201.052631579,8511671.84210526,2,854,0,376671.333333333,0,0,64000,0,0,0,0,1095266.66666667,1095266.66666667,1530000,89760,69467.3684210526,159227.368421053,1530000,19292225.3684211,0,73333.3333333333,73333.3333333333,73333.3333333333,2966680,0,0,2966680,2966680,0,19365558.7017544,175947.384336257,57858.6413,233806.025636257,854,10166762.6666667,530.666666666667,52.6666666666667,97.3333333333333,0,0,680.666666666667,0,0,0,0,173.333333333333,1237.6,1918.26666666667,4178829.33333333,342333.333333333,282266.666666667,0,0,4803429.33333333,0,0,0,0,10963898.4,10963898.4,15767327.7333333,0,170.666666666667,112,58.6666666666667,0,0,0,42,0,212.666666666667,0,0,0,0,0,0,0,0,0,26.6666666666667,144,0,0,0,0,0,0,0,0,0,25.3333333333333,0,0,0,0,0,0,0,0,0,0,16.6666666666667,0,0,0,0,0,0,0,0,3200486.02563626,15767327.7333333,-3598230.96842105,-3524897.63508772,-22.8208040657017,-11049.83584667,-20.0338166343593,-2349931.75672515,100,22258905.3684211,307139.358969591,22566044.7273906,-6798716.99405731,7.39285714285714
54,2,0,0,0,0,0,0,106430,5472,0,123941,0,0,0,0,0,0,0,380000,0,0,0,1080000,0,0,0,0,0,0,0,0,0,0,0,0,0,0,0,0,0,0,0,0,0,0,0,0,0,0,840000,0,0,1200000,0,0,0,0,0,0,0,0,0,0,0,0,0,0,0,0,0,0,0,0,0,0,0,0,0,0,0,23000,0,858000,0,0,0,0,0,0,0,0,0,0,0,235843,1840000,0,840000,0,1200000,0,0,23000,0,858000,881000,360,460,0,0,0,0,2,16,216000,0,0,0,2,16,2,16,0,9,2,16,400000,0,0,0,0,157269,107183,206195,5183730,0,4501980,0,224288,150096,168705,9854415,990384,360,460,820,32,16,48,829,64,893,0,10844799,0,0,0,0,0,0,0,0,0,36,678,0,0,0,0,0,0,0,0,0,8,0,0,0,0,0,2,0,0,25,0,0,136,8,0,0,0,0,0,0,2872,2844,54422558,500,500,4250000,25,0,201475,1,0,5616,0,0,0,0,0,0,0,0,0,3,3,0,144,144,1220940,461,460,4494300,1738,1737,44250227,4250000,201475,5616,0,0,0,189759.78,9108469.44,29159752.86,109934165.88,21,36,3,16067060,1.66,0,0,1.66,0,1.66,0,0,1.66,0,0,0,0,0,0,30000,275001,275001,0,13188600,490314,2400304.8,22950000,264528.947368421,17169619.7368421,1,957.333333333333,0,78614.3333333333,613333.333333333,0,0,400000,0,280000,0,293666.666666667,293666.666666667,0,163438,88176.3157894737,251614.315789474,280000,17584288.6491228,91667,0,91667,400000,3284805,330128,0,3614933,3284805,330128,18314416.6491228,83824.5100994737,67855.0332333333,151679.543332807,957.333333333333,18140852.6666667,166.666666666667,8.33333333333333,0.333333333333333,0,0,175.333333333333,0,1,48,153.666666666667,579.333333333333,5583.48,5758.81333333333,1416666.66666667,67158.3333333333,1872,0,0,1485697,0,63253.26,3036156.48,9719917.62,36644721.96,49464049.32,50949746.32,0,273.333333333333,120,153.333333333333,16,10.6666666666667,5.33333333333333,3,5.33333333333333,297.666666666667,0,0,0,0,0,0,0,0,0,12,226,0,0,0,0,0,0,0,0,0,2.66666666666667,0,0,0,0,0,0.666666666666667,0,0,8.33333333333333,0,0,45.3333333333333,2.66666666666667,0,0,0,0,0,0,3528151.54333281,50949746.32,32635329.6708772,33365457.6708772,64.053959102965,37363.3344578692,398.039399589485,11121819.2236257,92.8331466965286,21599221.6491228,243346.543332807,21842568.1924556,29107178.1275444,7.39285714285714
55,2,0,0,0,0,0,0,100700,0,0,319200,0,0,0,0,0,0,0,0,0,0,0,0,0,0,0,0,0,0,0,0,0,0,0,0,0,0,0,0,0,0,0,0,0,0,0,0,0,0,0,0,0,0,0,0,0,0,0,0,0,0,0,0,0,0,0,0,0,0,0,0,0,0,0,0,0,0,0,0,0,0,0,0,0,0,0,0,0,0,0,0,0,0,0,419900,0,0,0,0,0,0,0,0,0,0,0,122,86,0,0,0,0,14,120,1260000,14,60,487500,0,0,0,0,0,0,0,0,0,0,300000,50000,0,142848,97274,187450,1737287,0,836388,0,0,0,0,2573675,1747500,122,86,208,120,60,180,208,180,388,350000,4671175,0,0,0,0,0,0,0,0,0,79,309,0,0,0,0,0,0,0,0,0,0,0,0,0,0,0,0,0,0,0,0,0,0,0,0,0,0,0,0,0,514,514,4294000,0,0,0,514,514,4294000,0,0,0,0,0,0,0,0,0,0,0,0,0,0,0,0,0,0,0,0,0,0,0,0,0,4294000,0,0,0,0,0,0,0,0,0,34,2,16067060,0.23,0,0,0.23,0,0.23,0,0,0.23,0,0,0,0,0,0,12000,140250,140250,0,19570400,576300,4169816.66666667,19584000,195840,18604800,1,428.333333333333,0,349916.666666667,0,0,0,0,0,0,0,0,0,264444.444444444,480250,163200,643450,264444.444444444,17324871.1111111,116875,0,116875,0,2144729.16666667,1456250,291666.666666667,3892645.83333333,2318444.69735759,1574201.13597575,18899072.2470869,243878.186805556,54516.928125,298395.114930556,428.333333333333,3578333.33333333,0,428.333333333333,0,0,0,428.333333333333,0,0,0,0,0,0,428.333333333333,0,3578333.33333333,0,0,0,3578333.33333333,0,0,0,0,0,0,3578333.33333333,0,173.333333333333,101.666666666667,71.6666666666667,150,100,50,0,0,323.333333333333,0,0,0,0,0,0,0,0,0,65.8333333333333,257.5,0,0,0,0,0,0,0,0,0,0,0,0,0,0,0,0,0,0,0,0,0,0,0,0,0,0,0,0,0,2733714.81228814,3578333.33333333,-15320738.9137535,-13746537.7777778,-428.152927259064,-35429.2210767468,-56.3664096319443,-11455448.1481481,53.6082474226804,21217516.9444444,415270.114930556,21632787.059375,-18054453.7260417,13.3125
55,2,0,0,0,0,0,0,196080,0,0,547200,0,0,0,0,0,0,0,0,0,0,0,0,0,0,0,0,0,0,0,0,0,0,0,0,0,0,0,0,0,0,0,0,0,0,0,0,0,0,0,0,0,0,0,0,0,0,0,0,0,0,0,0,0,0,0,0,0,0,0,0,0,0,0,0,0,0,0,0,0,0,28000,0,0,0,0,0,0,0,0,0,0,0,0,743280,0,0,0,0,0,0,0,28000,0,0,28000,475,0,0,0,0,0,0,0,0,0,0,0,2,16,0,0,0,0,0,0,0,0,0,0,0,85654,58308,112470,6771836,0,0,0,228096,0,0,6771836,228096,475,0,475,16,0,16,475,16,491,0,6999932,0,0,0,4,0,0,0,0,0,0,217,0,0,0,0,0,0,0,0,0,0,0,0,0,0,0,0,0,0,137,65,0,68,0,0,0,0,0,0,0,63,63,1260000,0,0,0,0,0,0,0,0,0,0,0,0,0,0,0,0,0,0,63,63,1260000,0,0,0,0,0,0,0,0,0,0,0,0,0,0,0,3984955.38,0,0,0,0,34,1,16067060,0.3,0,0.3,0,0,0,0,0,0,0,0.3,0,0.3,0,0,5000,220000,0,220000,12515400,22950,3615900,0,0,0,2,126,0,1486560,0,0,0,0,0,0,0,56000,56000,1020000,45900,0,45900,1020000,18675520,0,440000,440000,440000,13543672,456192,0,13999864,13543672,456192,19571712,92928.63,199720.1484,292648.7784,126,2520000,0,0,0,0,0,0,0,126,0,0,0,899.64,899.64,0,0,0,0,0,0,0,7969910.76,0,0,0,7969910.76,7969910.76,0,950,950,0,32,32,0,0,0,982,0,0,0,8,0,0,0,0,0,0,434,0,0,0,0,0,0,0,0,0,0,0,0,0,0,0,0,0,0,274,130,0,136,0,0,0,0,0,0,0,13836320.7784,7969910.76,-11601801.24,-10705609.24,-145.570026934655,-21803.6848065173,-115.202486467303,-21411218.48,96.7413441955193,32675384,732648.7784,33408032.7784,-25438122.0184,13.3125
56,2,0,0,0,0,0,0,0,0,0,0,0,0,0,0,0,0,0,0,0,0,0,0,0,0,0,0,0,0,0,0,0,0,0,0,0,0,0,0,0,0,0,0,0,0,0,0,0,0,0,0,0,0,0,0,0,0,0,0,0,0,0,0,0,0,0,0,0,0,0,0,0,0,0,0,0,0,0,0,0,0,74000,0,0,0,0,0,0,0,0,0,0,0,0,0,0,0,0,0,0,0,0,74000,0,0,74000,24,10,0,0,0,0,0,0,0,0,0,0,0,0,0,0,0,0,0,0,0,0,0,0,0,42721,29009,56235,342388,0,95380,0,0,0,0,437768,0,24,10,34,0,0,0,34,0,34,0,437768,0,0,0,0,0,0,0,0,0,0,34,0,0,0,0,0,0,0,0,0,0,0,0,0,0,0,0,0,0,0,0,0,0,0,0,0,0,0,0,0,313,288,4225500,313,288,4225500,0,0,0,0,0,0,0,0,0,0,0,0,0,0,0,0,0,0,0,0,0,0,0,0,0,0,0,4225500,0,0,0,0,0,0,0,0,0,20,99,1,16067060,0.17,0,0,0.17,0,0.17,0,0,0.17,0,0,0,0,0,0,5000,550000,550000,0,244800,17136,135374.4,3060000,18360,1769904,2,626,0,0,0,0,0,0,0,0,0,148000,148000,0,34272,36720,70992,0,16286052,1100000,0,1100000,0,875536,0,0,875536,875536,0,16286052,48965.65488,13152.4376,62118.09248,626,8451000,626,0,0,0,0,626,0,0,0,0,0,0,626,8451000,0,0,0,0,8451000,0,0,0,0,0,0,8451000,0,68,48,20,0,0,0,0,0,68,0,0,0,0,0,0,0,0,0,0,68,0,0,0,0,0,0,0,0,0,0,0,0,0,0,0,0,0,0,0,0,0,0,0,0,0,0,0,0,0,2037654.09248,8451000,-7835052,-7835052,-92.7115370962016,-230442.705882353,-160.011175571967,-15670104,100,17161588,1162118.09248,18323706.09248,-9872706.09248,14.0909090909091
56,2,0,0,0,0,0,0,0,145008,0,374695,0,0,0,0,0,0,0,0,0,0,0,0,0,0,0,0,0,0,0,0,0,0,0,0,0,0,0,0,0,0,0,0,0,0,0,0,0,0,0,0,0,0,0,0,0,0,0,0,0,0,0,0,0,0,0,0,0,0,0,0,0,0,0,0,0,0,0,0,0,0,0,0,0,0,0,0,0,0,0,0,0,0,0,519703,0,0,0,0,0,0,0,0,0,0,0,145,65,0,0,0,0,0,0,0,0,0,0,0,0,0,0,0,18,0,0,0,0,0,0,0,128420,87355,168705,2049984,0,623267,0,0,0,337410,3010661,0,145,65,210,0,0,0,228,0,228,0,3010661,0,0,0,0,0,0,0,0,0,10,36,0,0,0,0,0,0,0,0,0,18,0,0,0,0,4,0,0,0,94,66,0,0,0,0,0,0,0,0,0,38,38,513000,0,0,0,0,0,0,0,0,0,38,38,513000,0,0,0,0,0,0,0,0,0,0,0,0,0,0,0,0,0,0,0,0,0,513000,0,0,0,0,0,0,0,37,1,16067060,0.16,0,0.16,0,0,0.16,0,0.16,0,0,0,0,0,0,0,5000,110000,110000,0,13647600,107304,5407836,17748000,118116,11140236,2,76,0,1039406,0,0,0,0,0,0,0,0,0,1428000,214608,236232,450840,1428000,18985306,220000,0,220000,0,6021322,0,0,6021322,6021322,0,18985306,425285.4504,90730.3548,516015.8052,76,1026000,0,0,0,76,0,76,0,0,0,0,0,0,76,0,0,0,1026000,0,1026000,0,0,0,0,0,0,1026000,0,420,290,130,0,0,0,36,0,456,0,0,0,0,0,0,0,0,0,20,72,0,0,0,0,0,0,0,0,0,36,0,0,0,0,8,0,0,0,188,132,0,0,0,0,0,0,0,0,0,6757337.8052,1026000,-17959306,-17959306,-1750.41968810916,-78768.8859649123,-42.2288276805813,-35918612,100,25006628,736015.8052,25742643.8052,-24716643.8052,11.2
56,2,0,0,0,0,0,0,0,94715,0,0,0,0,0,0,0,0,0,0,0,0,0,0,0,0,0,0,0,0,0,0,0,0,0,0,800000,0,0,0,0,0,0,0,0,0,0,0,0,0,0,0,0,0,0,0,0,0,0,0,0,0,0,0,0,0,0,0,0,0,0,0,0,0,0,0,0,0,0,0,0,0,0,0,0,0,0,0,0,0,0,0,0,0,0,94715,800000,0,0,0,0,0,0,0,0,0,0,45,71,0,0,0,0,0,0,0,0,0,0,0,0,0,0,0,14,0,0,0,0,0,0,0,185541,126221,243685,639616,0,689617,0,0,0,262430,1591663,0,45,71,116,0,0,0,130,0,130,0,1591663,0,0,0,0,0,0,0,0,0,12,77,0,0,0,0,0,0,0,0,0,14,0,0,0,0,27,0,0,0,0,0,0,0,0,0,0,0,0,0,0,174,134,965124,63,63,535500,6,6,51000,14,0,78624,0,0,0,0,0,0,0,0,0,0,0,0,10,10,300000,0,0,0,81,55,0,535500,51000,78624,0,0,0,0,632532.6,0,5123514.06,12,36,2,16067060,0.67,0,0,0.67,0,0.67,0,0,0.67,0,0,0,0,0,0,12000,192500,192500,0,6086000,87618,1077599.4,24480000,122400,9400320,2,145,0,78929.1666666667,666666.666666667,0,0,0,0,0,0,0,0,45333.3333333333,73015,102000,175015,45333.3333333333,17033004.1666667,160416.666666667,0,160416.666666667,0,1326385.83333333,0,0,1326385.83333333,1326385.83333333,0,17033004.1666667,112201.053575,26624.9644166667,138826.017991667,145,804270,52.5,5,11.6666666666667,0,0,69.1666666666667,0,0,8.33333333333333,0,67.5,541.45,610.616666666667,446250,42500,65520,0,0,554270,0,0,527110.5,0,4269595.05,4796705.55,5350975.55,0,96.6666666666667,37.5,59.1666666666667,0,0,0,11.6666666666667,0,108.333333333333,0,0,0,0,0,0,0,0,0,10,64.1666666666667,0,0,0,0,0,0,0,0,0,11.6666666666667,0,0,0,0,22.5,0,0,0,0,0,0,0,0,0,0,0,0,0,0,1625628.51799167,5350975.55,-11682028.6166667,-11682028.6166667,-218.315866097849,-89861.7585897436,-104.116924435633,-9735023.84722222,100,18359390,299242.684658333,18658632.6846583,-13307657.1346583,7.39285714285714
56,2,0,0,0,0,0,0,167223,4275,0,364800,0,0,0,0,0,0,0,0,0,0,0,0,0,0,0,0,0,0,0,0,0,0,0,0,0,0,0,0,0,0,0,0,0,0,0,0,0,0,2520000,0,0,1200000,0,0,0,0,0,0,0,0,0,0,0,0,0,0,0,0,0,0,0,0,0,0,0,0,0,0,0,98960,0,270000,0,0,0,0,0,0,0,0,0,0,0,536298,0,0,2520000,0,1200000,0,0,98960,0,270000,368960,389,36,7,42,0,0,39,312,5130000,63,298,2235000,0,0,0,0,0,8,2,16,400000,0,858000,108000,0,142895,97350,187450,5544621,592282,342122,0,0,0,149960,6628985,7765000,431,36,467,312,298,610,475,626,1101,966000,15359985,0,0,0,0,0,0,0,0,0,55,494,0,0,0,0,0,0,0,0,0,8,0,0,0,0,0,0,31,0,158,0,0,355,0,0,0,0,0,0,0,2740,2530,47467070,8,8,68000,0,0,0,0,0,0,0,0,0,0,0,0,0,0,0,67,4,168520,68,68,2125000,664,664,14262720,1933,1786,30842830,68000,0,0,0,0,0,4237968.42,4301221.68,42000164.64,122268551.58,0,36,3,16067060,3.31,0,0,3.31,0,3.31,0,0,3.31,0,0,0,0,0,0,60000,165002,165002,0,34047600,571200,7557486,16218000,100416.315789474,7305186.31578947,1,456.666666666667,0,89383,0,0,0,200000,0,420000,0,61493.3333333333,61493.3333333333,59500,95200,16736.0526315789,111936.052631579,479500,16809372.3859649,27500.3333333333,0,27500.3333333333,200000,1104830.83333333,1294166.66666667,161000,2559997.5,1178977.54010008,1381019.95989992,18390392.3458648,31830.8898763158,42801.7287583333,74632.6186346491,456.666666666667,7911178.33333333,1.33333333333333,0,0,0,0,1.33333333333333,0,11.1666666666667,11.3333333333333,110.666666666667,322.166666666667,3251.08,3252.41333333333,11333.3333333333,0,0,0,0,11333.3333333333,0,706328.07,716870.28,7000027.44,20378091.93,28801317.72,28812651.0533333,0,77.8333333333333,71.8333333333333,6,101.666666666667,52,49.6666666666667,1.33333333333333,2.66666666666667,183.5,0,0,0,0,0,0,0,0,0,9.16666666666667,82.3333333333333,0,0,0,0,0,0,0,0,0,1.33333333333333,0,0,0,0,0,0,5.16666666666667,0,26.3333333333333,0,0,59.1666666666667,0,0,0,0,0,0,0,1281110.49206807,28812651.0533333,10422258.7074685,12003278.6673684,36.1725086947969,10902.1604608251,377.095290581229,2000546.4445614,43.1425976385104,19569369.8859649,102132.951967982,19671502.8379329,9141148.21540044,7.39285714285714
56,2,0,0,0,0,0,0,191695,0,0,611405,0,0,0,0,0,0,0,0,0,0,0,0,0,0,0,0,0,0,0,0,0,0,0,0,0,0,0,0,0,1344000,0,0,0,0,0,0,0,0,2520000,0,0,1800000,0,0,0,0,0,0,0,0,0,0,0,0,0,0,0,0,0,0,0,0,0,0,0,0,0,0,0,62820,0,820300,0,0,0,0,0,0,0,0,0,0,0,803100,0,1344000,2520000,0,1800000,0,0,62820,0,820300,883120,431,85,0,0,8,67,24,192,3180000,12,36,330000,0,0,0,0,0,0,6,48,1044000,0,279000,0,0,113716,77094,149960,6081387,0,826459,637005,0,0,0,7544851,4554000,431,152,583,192,36,228,583,276,859,279000,12377851,0,0,0,0,0,0,0,0,0,0,285,0,0,0,0,0,0,0,0,0,0,0,0,0,0,0,0,0,0,230,0,24,320,0,0,0,0,0,0,0,2095,2085,22486488,409,409,2767783,9,0,72531,0,0,0,0,0,0,0,0,0,0,0,0,0,0,0,0,0,0,0,0,0,1677,1676,19646174,2767783,72531,0,0,0,0,0,0,0,106075717.02,22,36,3,16067060,1.65,0,0,1.65,0,1.65,0,0,1.65,0,0,0,0,0,0,25000,275001,275001,0,15993600,125664,5793382.4,22644000,235136.842105263,12660025.2631579,2,838,0,321240,0,0,0,720000,537600,1008000,0,353248,353248,238000,50265.6,94054.7368421053,144320.336842105,1783600,18669468.3368421,110000.4,0,110000.4,720000,3017940.4,1821600,111600,4951140.4,3087534.2293314,1863606.1706686,21253074.5075107,94850.5153886316,101402.28494,196252.800328632,838,8994595.2,163.6,3.6,0,0,0,167.2,0,0,0,0,670.8,4789.512,4956.712,1107113.2,29012.4,0,0,0,1136125.6,0,0,0,0,42430286.808,42430286.808,43566412.408,0,233.2,172.4,60.8,91.2,76.8,14.4,0,19.2,343.6,0,0,0,0,0,0,0,0,0,0,114,0,0,0,0,0,0,0,0,0,0,0,0,0,0,0,0,0,0,92,0,9.6,128,0,0,0,0,0,0,0,3393787.42966003,43566412.408,22313337.9004893,24896944.0711579,51.2168357851562,28983.6368697996,262.486123234518,9958777.62846315,67.8696158323632,24340608.7368421,306253.200328632,24646861.9371707,18919550.4708293,7.39285714285714
56,2,0,0,0,0,0,0,416406,0,0,228000,0,0,0,0,0,0,0,0,0,0,0,0,0,0,0,0,0,0,0,0,0,0,0,0,120000,0,0,0,0,200000,0,0,0,0,0,0,0,0,0,0,0,1200000,0,0,0,0,0,0,0,0,0,0,0,0,0,0,0,0,0,0,0,0,0,0,0,0,0,0,0,51050,35650,530000,0,0,0,0,0,0,0,0,0,0,0,644406,120000,200000,0,0,1200000,0,0,86700,0,530000,616700,494,426,0,0,0,0,6,36,380000,28,122,1025000,1,8,1,8,0,0,4,36,1300000,0,537000,107000,0,228738,155858,299920,7033007,0,4167768,0,112144,75048,0,11200775,2892192,494,426,920,44,130,174,920,210,1130,644000,14736967,0,0,0,0,0,0,0,0,0,366,489,0,0,0,0,0,7,0,0,0,0,0,0,0,0,0,0,0,0,130,0,0,138,0,0,0,0,0,0,0,4250,698,2598642,71,71,798500,35,0,282065,0,0,0,0,0,0,0,0,0,87,214,920000,59,163,47340,1685,76,306450,63,174,244287,2250,0,0,798500,282065,0,0,0,5503033.62,3731942.34,106581743.1,3984955.38,142319835,84,36,3,16067060,3.5,0,0,3.5,0,3.5,0,0,3.5,0,0,0,0,0,0,53000,165001,165001,0,14566960,88740,-817019.999999998,26316000,296981.052631579,22094810.5263158,1,801.88679245283,0,121586.037735849,22641.5094339623,0,0,226415.094339623,37735.8490566038,0,0,116358.490566038,116358.490566038,192452.830188679,16743.3962264151,56034.1608738828,72777.5571002979,230188.679245283,16630612.2740814,31132.2641509434,0,31132.2641509434,226415.094339623,2113353.77358491,545696.603773585,121509.433962264,2780559.81132075,2209926.75429143,570633.057029325,17427660.4254504,51588.6053326713,42473.0637830189,94061.6691156902,801.88679245283,490309.811320755,13.3962264150943,6.60377358490566,0,0,0,20,16.4150943396226,11.1320754716981,317.924528301887,11.8867924528302,424.528301886792,5582.67169811321,5602.67169811321,150660.377358491,53219.8113207547,0,0,0,203880.188679245,1038308.23018868,704140.064150943,20109762.8490566,751878.373584906,26852799.0566038,49456888.5735849,49660768.7622642,0,173.584905660377,93.2075471698113,80.377358490566,32.8301886792453,8.30188679245283,24.5283018867925,0,6.79245283018868,213.207547169811,0,0,0,0,0,0,0,0,0,69.0566037735849,92.2641509433962,0,0,0,0,0,1.32075471698113,0,0,0,0,0,0,0,0,0,0,0,0,24.5283018867925,0,0,26.0377358490566,0,0,0,0,0,0,0,2335120.68755806,49660768.7622642,32233108.3368138,33030156.4881827,64.9065834866955,29230.2269806927,640.260698562916,6232104.99777033,81.4159292035398,19637587.1797418,125193.933266634,19762781.1130084,29897987.6492557,7.39285714285714
56,2,0,0,0,0,0,0,57000,136800,0,0,0,0,0,0,0,0,0,0,0,0,0,0,0,0,0,0,0,0,0,0,0,0,0,0,0,0,0,0,0,0,0,0,0,0,0,0,0,0,0,0,0,0,0,0,0,0,0,0,0,0,0,0,0,0,0,0,0,0,0,0,0,0,0,0,0,0,0,0,0,0,0,0,0,0,0,0,0,0,0,0,0,0,0,193800,0,0,0,0,0,0,0,0,0,0,0,184,87,0,0,3,12,1,8,150000,17,53,530000,3,15,0,0,0,9,0,0,0,0,0,0,0,186015,126811,243685,2628735,0,832523,116340,213840,0,168705,3746303,893840,184,99,283,23,53,76,292,76,368,0,4640143,0,0,0,0,0,0,0,0,0,0,281,0,0,0,0,0,0,0,0,0,8,0,10,0,0,0,0,0,0,0,15,44,10,0,0,0,0,0,0,0,1021,1021,22981500,25,25,312500,213,213,1886500,357,357,2482500,0,0,0,0,0,0,0,0,0,13,13,910000,0,0,0,250,250,12500000,163,163,4890000,312500,1886500,2482500,0,0,0,822292.38,0,15813315,10310281.38,0,37,1,16067060,0.6,0,0,0.6,0,0,0,0,0,0,0.6,0,0,0.6,0,5000,198000,0,198000,110027400,3808170,20901358.3333333,39780000,300846.315789474,24879152.8421053,2,2042,0,387600,0,0,0,0,0,0,0,0,0,1926666.66666667,7616340,601692.631578947,8218032.63157895,1926666.66666667,26599359.2982456,0,396000,396000,396000,7492606,1787680,0,9280286,7492606,1787680,28783039.2982456,1176559.13720877,124232.3351,1300791.47230877,2042,45963000,50,426,714,0,0,1190,0,26,0,500,326,6083.28,7273.28,625000,3773000,4965000,0,0,9363000,0,1644584.76,0,31626630,20620562.76,53891777.52,63254777.52,0,566,368,198,152,46,106,18,0,736,0,0,0,0,0,0,0,0,0,0,562,0,0,0,0,0,0,0,0,0,16,0,20,0,0,0,0,0,0,0,30,88,20,0,0,0,0,0,0,0,8793397.47230877,63254777.52,34471738.2217544,36655418.2217544,54.4966555464606,99607.1147330282,31.1547605747336,73310836.4435088,79.3478260869565,35879645.2982456,1696791.47230877,37576436.7705544,25678340.7494456,11.2
57,2,0,0,0,0,0,0,0,213408,0,374695,0,0,0,0,0,0,0,0,0,0,0,0,0,0,0,0,0,0,0,0,0,0,0,0,0,0,0,0,0,0,0,0,0,0,0,0,0,0,0,0,0,0,0,0,0,0,0,0,0,0,0,0,0,0,0,0,0,0,0,0,0,0,0,0,0,0,0,0,0,0,0,0,0,0,0,0,0,0,0,0,0,0,0,588103,0,0,0,0,0,0,0,0,0,0,0,147,48,0,0,0,0,0,0,0,0,0,0,0,0,0,0,0,20,0,0,0,0,0,0,0,142438,96736,187450,2073260,0,465360,0,0,0,374900,2913520,0,147,48,195,0,0,0,215,0,215,0,2913520,0,0,0,0,0,0,0,0,0,4,27,0,0,0,0,0,0,0,0,0,20,0,0,0,0,2,0,0,0,94,68,0,0,0,0,0,0,0,0,0,356,356,1246000,0,0,0,356,356,1246000,0,0,0,0,0,0,0,0,0,0,0,0,0,0,0,0,0,0,0,0,0,0,0,0,0,1246000,0,0,0,0,0,0,0,0,0,37,1,16067060,0.28,0,0.28,0,0,0.28,0,0.28,0,0,0,0,0,0,0,7000,660000,660000,0,17508640,112852.8,5105649.66666667,8568000,73729.8947368421,5654654.52631579,2,508.571428571429,0,840147.142857143,0,0,0,0,0,0,0,0,0,688095.238095238,161218.285714286,105328.421052632,266546.706766917,688095.238095238,17861849.0877193,942857.142857143,0,942857.142857143,0,4162171.42857143,0,0,4162171.42857143,4162171.42857143,0,17861849.0877193,197528.441256892,64279.7936428571,261808.234899749,508.571428571429,1780000,0,508.571428571429,0,0,0,508.571428571429,0,0,0,0,0,0,508.571428571429,0,1780000,0,0,0,1780000,0,0,0,0,0,0,1780000,0,278.571428571429,210,68.5714285714286,0,0,0,28.5714285714286,0,307.142857142857,0,0,0,0,0,0,0,0,0,5.71428571428571,38.5714285714286,0,0,0,0,0,0,0,0,0,28.5714285714286,0,0,0,0,2.85714285714286,0,0,0,134.285714285714,97.1428571428571,0,0,0,0,0,0,0,0,0,5366836.80632832,1780000,-16081849.0877193,-16081849.0877193,-903.474667849399,-74799.2980824153,-81.415359658533,-22974070.1253133,100,22024020.5162907,1204665.37775689,23228685.8940476,-21448685.8940476,11.2
57,2,0,0,0,0,0,0,183411,25536,0,0,0,0,0,0,0,0,0,0,0,0,0,0,0,0,0,0,0,0,0,0,0,0,0,0,0,0,0,0,0,32000,0,0,0,0,0,0,0,0,0,0,0,0,0,0,0,0,0,0,0,0,0,0,0,0,0,0,0,0,0,0,0,0,0,0,0,0,0,0,0,46400,25650,343560,0,0,0,0,0,0,0,0,0,0,0,208947,0,32000,0,0,0,0,0,72050,0,343560,415610,267,47,0,0,0,0,4,32,560000,7,26,185000,0,0,0,0,0,42,0,0,0,0,150000,0,0,156984,106793,206195,3801082,0,458627,0,0,0,787290,5046999,745000,267,47,314,32,26,58,356,58,414,150000,5941999,0,0,0,0,0,0,0,0,0,22,246,0,0,0,0,0,0,0,0,0,42,0,0,0,0,0,0,0,0,0,98,0,0,6,0,0,0,0,0,0,3591,3578,44045479,691,691,5836534,841,830,5003839,0,0,0,0,0,0,0,0,0,0,0,0,20,20,700000,288,288,6969600,50,50,0,1701,1699,25535506,5836534,5003839,0,0,0,0,1265065.2,18216938.88,3162663,107593795.26,25,36,3,16067060,1.98,0,0,1.98,0,1.98,0,0,1.98,0,0,0,0,0,0,37000,330000,330000,0,16758600,128367,-4951814.4,15606000,176868,11954196,1,970.540540540541,0,56472.1621621622,0,0,0,0,8648.64864864865,0,0,112327.027027027,112327.027027027,289459.459459459,34693.7837837838,47802.1621621622,82495.9459459459,298108.108108108,16616463.2432432,89189.1891891892,0,89189.1891891892,0,1364053.78378378,201351.351351351,40540.5405405405,1605945.67567568,1399379.76839938,206565.907276292,16823029.1505195,24319.0820432432,22916.6066486486,47235.6886918919,970.540540540541,11904183.5135135,186.756756756757,227.297297297297,0,0,0,414.054054054054,0,5.40540540540541,77.8378378378378,13.5135135135135,459.72972972973,3973.31351351351,4387.36756756757,1577441.62162162,1352388.91891892,0,0,0,2929830.54054054,0,341909.513513513,4923496.99459459,854773.783783784,29079404.1243243,35199584.4162162,38129414.9567568,0,84.8648648648649,72.1621621621622,12.7027027027027,15.6756756756757,8.64864864864865,7.02702702702703,11.3513513513514,0,111.891891891892,0,0,0,0,0,0,0,0,0,5.94594594594595,66.4864864864865,0,0,0,0,0,0,0,0,0,11.3513513513514,0,0,0,0,0,0,0,0,0,26.4864864864865,0,0,1.62162162162162,0,0,0,0,0,0,1535804.64628046,38129414.9567568,21306385.8062372,21512951.7135135,55.8791311914992,51963.6514819167,884.611996261208,5814311.27392257,85.9903381642512,18222408.9189189,136424.877881081,18358833.7968,19770581.1599568,7.39285714285714
57,2,0,0,0,0,0,0,79800,0,0,47500,0,0,0,0,0,0,0,0,0,0,0,0,0,0,0,0,0,0,0,0,0,0,0,0,0,0,0,0,0,0,0,0,0,0,0,0,0,0,0,0,0,0,0,0,0,0,0,0,0,0,0,0,0,0,0,0,0,0,0,0,0,0,0,0,0,0,0,0,0,0,0,0,0,0,0,0,0,0,0,0,0,0,0,127300,0,0,0,0,0,0,0,0,0,0,0,107,73,0,0,0,0,0,0,0,0,0,0,0,0,0,0,0,0,0,0,0,0,0,0,0,114812,78512,149960,1534942,0,719635,0,0,0,0,2254577,0,107,73,180,0,0,0,180,0,180,0,2254577,0,0,0,0,0,0,0,0,0,32,148,0,0,0,0,0,0,0,0,0,0,0,0,0,0,0,0,0,0,0,0,0,0,0,0,0,0,0,0,0,570,570,6370000,0,0,0,570,570,6370000,0,0,0,0,0,0,0,0,0,0,0,0,0,0,0,0,0,0,0,0,0,0,0,0,0,6370000,0,0,0,0,0,0,0,0,0,34,1,16067060,1,0,0,1,0,0,0,0,0,0,1,0,0,1,0,9000,110000,0,110000,13351800,93942,3749669.6,25704000,178671.789473684,13696295.8736842,2,633.333333333333,0,141444.444444444,0,0,0,0,0,0,0,0,0,472222.222222222,104380,198524.210526316,302904.210526316,472222.222222222,16983630.877193,0,122222.222222222,122222.222222222,122222.222222222,2505085.55555556,0,0,2505085.55555556,2505085.55555556,0,17105853.0994152,249089.618152047,34007.9104999999,283097.528652047,633.333333333333,7077777.77777778,0,633.333333333333,0,0,0,633.333333333333,0,0,0,0,0,0,633.333333333333,0,7077777.77777778,0,0,0,7077777.77777778,0,0,0,0,0,0,7077777.77777778,0,200,118.888888888889,81.1111111111111,0,0,0,0,0,200,0,0,0,0,0,0,0,0,0,35.5555555555556,164.444444444444,0,0,0,0,0,0,0,0,0,0,0,0,0,0,0,0,0,0,0,0,0,0,0,0,0,0,0,0,0,2788183.0842076,7077777.77777778,-10028075.3216374,-9905853.0994152,-141.68395273899,-55032.5172189734,-39.7682294946896,-11006503.4437947,100,19488716.4327485,405319.750874269,19894036.1836228,-12816258.405845,13.3125
58,2,0,0,0,0,0,0,0,226974,0,191520,0,0,0,0,0,0,0,0,0,0,0,0,0,0,0,0,0,0,0,0,0,0,0,0,0,0,0,0,0,0,0,0,0,0,0,0,0,0,0,0,0,0,0,0,0,0,0,0,0,0,0,0,0,0,0,0,0,0,0,0,0,0,0,0,0,0,0,0,0,0,0,0,0,0,0,0,0,0,0,0,0,0,0,418494,0,0,0,0,0,0,0,0,0,0,0,252,167,0,0,0,0,0,0,0,0,0,0,0,0,0,0,0,23,0,0,0,0,0,0,0,142438,96736,187450,3554908,0,1594259,0,0,0,431135,5580302,0,252,167,419,0,0,0,442,0,442,0,5580302,0,0,0,0,0,0,0,0,0,12,36,0,0,0,0,0,0,0,0,0,23,0,0,0,0,4,0,0,0,237,130,0,0,0,0,0,0,0,0,0,473,469,1655500,0,0,0,473,469,1655500,0,0,0,0,0,0,0,0,0,0,0,0,0,0,0,0,0,0,0,0,0,0,0,0,0,1655500,0,0,0,0,0,0,0,0,10,37,1,16067060,0.16,0,0.16,0,0,0.16,0,0.16,0,0,0,0,0,0,0,9000,82500,82500,0,12563000,142698,5205817.06666667,10404000,52020,5123970,1,525.555555555556,0,464993.333333333,0,0,0,0,0,0,0,0,0,705185.185185185,158553.333333333,57800,216353.333333333,705185.185185185,17453591.8518519,91666.6666666667,0,91666.6666666667,0,6200335.55555556,0,0,6200335.55555556,6200335.55555556,0,17453591.8518519,147486.40422963,85649.4762222222,233135.880451852,525.555555555556,1839444.44444444,0,525.555555555556,0,0,0,525.555555555556,0,0,0,0,0,0,525.555555555556,0,1839444.44444444,0,0,0,1839444.44444444,0,0,0,0,0,0,1839444.44444444,0,465.555555555556,280,185.555555555556,0,0,0,25.5555555555556,0,491.111111111111,0,0,0,0,0,0,0,0,0,13.3333333333333,40,0,0,0,0,0,0,0,0,0,25.5555555555556,0,0,0,0,4.44444444444444,0,0,0,263.333333333333,144.444444444444,0,0,0,0,0,0,0,0,0,6525138.10267408,1839444.44444444,-15614147.4074074,-15614147.4074074,-848.851263465217,-35326.1253561254,-105.868384879035,-17349052.6748971,100,23653927.4074074,324802.547118519,23978729.9545259,-22139285.5100815,11.2
58,2,0,0,0,0,0,0,0,346560,0,0,0,0,0,0,0,0,0,0,0,0,0,0,0,0,0,0,0,0,0,0,0,0,0,0,0,0,0,0,0,0,0,0,0,172800,0,0,0,0,0,0,0,0,0,0,0,0,0,0,0,0,0,0,0,0,0,0,0,0,0,0,0,0,0,0,0,0,0,0,0,0,0,0,0,0,0,0,0,0,0,0,0,0,0,346560,0,0,0,172800,0,0,0,0,0,0,0,79,50,0,0,0,0,0,0,0,0,0,0,16,128,0,0,0,16,0,0,0,0,0,0,0,85204,57704,112470,1124670,0,480146,0,1794304,0,299920,1904736,1794304,79,50,129,128,0,128,145,128,273,0,3699040,0,0,0,0,0,0,0,0,0,0,115,0,0,0,0,0,0,0,0,0,0,0,14,0,0,0,0,0,0,0,0,144,0,0,0,0,0,0,0,0,832,832,12332500,0,0,0,661,661,7202500,0,0,0,0,0,0,0,0,0,0,0,0,0,0,0,171,171,5130000,0,0,0,0,0,0,0,7202500,0,0,0,0,0,10816307.46,0,0,0,99,1,16067060,0.4,0,0,0.4,0,0,0,0,0,0,0.4,0,0,0.4,0,6000,660000,0,660000,13311000,64260,4353360,3672000,25704,2390472,2,1386.66666666667,0,577600,0,0,288000,0,0,0,0,0,0,850000,107100,42840,149940,850000,17932600,0,1100000,1100000,1100000,3174560,2990506.66666667,0,6165066.66666667,3174560,2990506.66666667,22023106.6666667,144430.402,90344.0666666667,234774.468666667,1386.66666666667,20554166.6666667,0,1101.66666666667,0,0,0,1101.66666666667,0,0,285,0,0,2034.9,3136.56666666667,0,12004166.6666667,0,0,0,12004166.6666667,0,0,18027179.1,0,0,18027179.1,30031345.7666667,0,215,131.666666666667,83.3333333333333,213.333333333333,213.333333333333,0,26.6666666666667,0,455,0,0,0,0,0,0,0,0,0,0,191.666666666667,0,0,0,0,0,0,0,0,0,0,0,23.3333333333333,0,0,0,0,0,0,0,0,240,0,0,0,0,0,0,0,0,3409334.46866667,30031345.7666667,8008239.1,12098745.7666667,26.6662678463406,44317.75006105,83.7686913498078,20164576.2777778,53.1135531135531,24097666.6666667,1334774.46866667,25432441.1353333,4598904.63133334,14.0909090909091
58,2,0,0,0,0,0,0,0,693120,0,0,0,0,0,0,0,0,0,0,0,0,0,0,0,0,0,0,0,0,0,0,0,0,0,0,0,0,0,0,0,0,0,0,38400,0,0,0,0,0,0,0,0,1080000,0,0,0,0,0,0,0,0,0,0,0,0,0,0,0,0,0,0,0,0,0,0,0,0,0,0,0,70000,0,0,0,0,0,0,0,0,0,0,0,0,0,693120,0,0,0,38400,1080000,0,0,70000,0,0,70000,248,353,3,30,3,30,2,16,216000,0,0,0,0,0,0,0,0,30,0,0,0,0,0,0,0,99816,67851,131215,3552457,433410,3409867,297990,0,0,562350,8256074,216000,278,383,661,16,0,16,691,16,707,0,8472074,0,0,0,0,0,0,0,0,0,10,440,0,0,0,0,0,0,0,0,0,0,0,0,0,0,0,0,0,0,0,0,161,96,0,0,0,0,0,0,0,1307,1182,14489000,0,0,0,894,894,5849000,0,0,0,0,0,0,0,0,0,0,0,0,0,0,0,413,288,8640000,0,0,0,0,0,0,0,5849000,0,0,0,0,0,26123596.38,0,0,0,99,1,16067060,0.8,0,0.06,0.67,0.07,0.8,0,0.06,0.67,0.07,0,0,0,0,0,5000,330000,330000,0,9482600,28560,2828686.66666667,5202000,26010,2522970,2,2614,0,1386240,0,0,76800,2160000,0,0,0,140000,140000,589333.333333333,57120,52020,109140,589333.333333333,18368573.3333333,660000,0,660000,2160000,16512148,432000,0,16944148,16512148,432000,20960573.3333333,137537.576333333,266087.3658,403624.942133333,2614,28978000,0,1788,0,0,0,1788,0,0,826,0,0,5897.64,7685.64,0,11698000,0,0,0,11698000,0,0,52247192.76,0,0,52247192.76,63945192.76,0,1322,556,766,32,32,0,60,0,1414,0,0,0,0,0,0,0,0,0,20,880,0,0,0,0,0,0,0,0,0,0,0,0,0,0,0,0,0,0,0,0,322,192,0,0,0,0,0,0,0,17575772.9421333,63945192.76,42984619.4266667,45576619.4266667,67.2210334684534,64464.8082413956,331.375763930928,91153238.8533333,97.7369165487977,37472721.3333333,1063624.94213333,38536346.2754667,25408846.4845333,14.0909090909091
58,2,0,0,0,0,0,0,41040,5700,0,323000,0,0,0,0,0,0,0,0,0,0,0,0,0,0,0,0,0,0,0,0,0,0,0,0,0,0,0,0,0,0,0,0,0,0,0,0,0,0,0,0,0,0,0,0,0,0,0,0,0,0,0,0,0,0,0,0,0,0,0,0,0,0,0,0,0,0,0,0,0,0,0,0,0,0,0,0,0,0,0,0,0,0,0,369740,0,0,0,0,0,0,0,0,0,0,0,362,0,0,0,0,0,0,0,0,0,0,0,0,0,0,0,0,4,0,0,0,0,0,0,0,129231,88383,168705,5206265,0,0,0,0,0,74980,5281245,0,362,0,362,0,0,0,366,0,366,0,5281245,0,0,0,9,0,0,0,0,0,52,301,0,0,0,0,0,0,0,0,0,4,0,0,0,0,0,0,0,0,0,0,0,0,0,0,0,0,0,0,0,3375,3375,17771000,911,911,6378000,1891,1891,9387500,573,573,2005500,0,0,0,0,0,0,0,0,0,0,0,0,0,0,0,0,0,0,0,0,0,6378000,9387500,2005500,0,0,0,0,0,0,0,0,34,1,16067060,0.78,0,0,0.78,0,0,0,0,0,0,0.78,0,0,0.78,0,5200,126500,0,126500,1591200,69360,289170,2570400,16524,1501848,2,6490.38461538462,0,711038.461538462,0,0,0,0,0,0,0,0,0,0,133384.615384615,31776.9230769231,165161.538461538,0,16943260,0,243269.230769231,243269.230769231,243269.230769231,10156240.3846154,0,0,10156240.3846154,10156240.3846154,0,17186529.2307692,44258.8101923076,139644.533173077,183903.343365385,6490.38461538462,34175000,1751.92307692308,3636.53846153846,1101.92307692308,0,0,6490.38461538462,0,0,0,0,0,0,6490.38461538462,12265384.6153846,18052884.6153846,3856730.76923077,0,0,34175000,0,0,0,0,0,0,34175000,0,696.153846153846,696.153846153846,0,0,0,0,7.69230769230769,0,703.846153846154,0,0,0,17.3076923076923,0,0,0,0,0,100,578.846153846154,0,0,0,0,0,0,0,0,0,7.69230769230769,0,0,0,0,0,0,0,0,0,0,0,0,0,0,0,0,0,0,0,10340143.7279808,34175000,16988470.7692308,17231740,49.7102290248157,47081.2568306011,389.340335294303,33137961.5384615,100,27099500.3846154,427172.574134615,27526672.95875,6648327.04125,13.3125
58,2,0,0,0,0,0,0,456950,136800,0,96900,0,0,0,0,0,0,0,0,0,0,0,0,0,0,0,0,0,0,0,0,0,0,0,0,0,0,0,0,0,0,0,0,0,0,0,0,0,0,0,0,0,0,0,0,0,0,0,0,0,0,0,0,0,0,0,0,0,0,0,0,0,0,0,0,0,0,0,0,0,0,2000,0,0,0,0,0,0,0,0,0,0,0,0,690650,0,0,0,0,0,0,0,2000,0,0,2000,214,0,2,70,0,0,0,0,0,0,0,0,0,0,0,0,0,8,0,0,0,0,0,0,0,271365,184715,356155,3045451,997920,0,0,0,0,149960,4193331,0,284,0,284,0,0,0,292,0,292,0,4193331,0,0,0,3,0,0,0,0,0,9,244,0,0,0,0,0,0,0,0,0,4,0,0,0,0,6,0,0,0,0,0,5,0,21,0,0,0,0,0,0,516,501,4820875,0,0,0,0,0,0,0,0,0,0,0,0,0,0,0,0,0,0,0,0,0,226,376,4820875,244,125,0,46,0,0,0,0,0,0,0,0,0,14295236.76,15433795.44,2909649.96,0,36,2,16067060,0.49,0,0,0.49,0,0.49,0,0,0.49,0,0,0,0,0,0,12000,25300,25300,0,23813600,163200,4905979,9180000,45900,4337550,2,430,0,575541.666666667,0,0,0,0,0,0,0,1666.66666666667,1666.66666666667,317333.333333333,136000,38250,174250,317333.333333333,17135851.6666667,21083.3333333333,0,21083.3333333333,0,3494442.5,0,0,3494442.5,3494442.5,0,17135851.6666667,98982.7897083333,52320.7132083333,151303.502916667,430,4017395.83333333,0,0,0,0,0,0,0,0,188.333333333333,203.333333333333,38.3333333333333,3070.2,3070.2,0,0,0,0,0,0,0,0,11912697.3,12861496.2,2424708.3,27198901.8,27198901.8,0,236.666666666667,236.666666666667,0,0,0,0,6.66666666666667,0,243.333333333333,0,0,0,2.5,0,0,0,0,0,7.5,203.333333333333,0,0,0,0,0,0,0,0,0,3.33333333333333,0,0,0,0,5,0,0,0,0,0,4.16666666666667,0,17.5,0,0,0,0,0,0,3666829.33625,27198901.8,10063050.1333333,10063050.1333333,36.9980016374534,34462.500456621,101.664644560792,8385875.11111111,100,20630294.1666667,172386.83625,20802681.0029167,6396220.79708334,7.39285714285714
59,2,0,0,0,0,0,0,16122,0,0,0,0,0,0,0,0,0,0,0,0,0,0,0,0,0,0,0,0,0,0,0,0,0,0,0,0,0,0,0,0,0,0,0,0,0,0,0,0,0,0,0,0,0,0,0,0,0,0,0,0,0,0,0,0,0,0,0,0,0,0,0,0,0,0,0,0,0,0,0,0,10000,0,0,0,0,0,0,0,0,0,0,0,0,0,16122,0,0,0,0,0,0,0,10000,0,0,10000,1,68,0,0,1,13,0,0,0,0,0,0,0,0,6,49,0,0,0,0,0,0,30000,0,0,100127,68265,131215,14256,0,663508,129129,0,468461,0,806893,468461,1,81,82,0,49,49,82,49,131,30000,1305354,0,0,0,0,0,0,0,0,0,39,92,0,0,0,0,0,0,0,0,0,0,0,0,0,0,0,0,0,0,0,0,0,0,0,0,0,0,0,0,0,645,644,6132700,73,73,985500,0,0,0,0,0,0,0,0,0,0,0,0,0,0,0,1,1,0,32,19,0,169,169,0,370,382,5147200,985500,0,0,0,0,0,63253.26,2024104.32,10689800.94,23403706.2,4,36,2,16067060,0.66,0,0,0.66,0,0.66,0,0,0.66,0,0,0,0,0,0,10500,55001,55001,0,1162800,98532,-385927.2,39168000,286995.789473684,21430629.4736842,1,614.285714285714,0,15354.2857142857,0,0,0,0,0,0,0,9523.80952380952,9523.80952380952,0,93840,273329.323308271,367169.323308271,0,16459107.4185464,52381.9047619048,0,52381.9047619048,0,768469.523809524,446153.333333333,28571.4285714286,1243194.28571429,786546.14074434,456648.144969946,16915755.5635163,257547.070682707,16294.7300952381,273841.800777945,614.285714285714,5840666.66666667,69.5238095238095,0,0,0,0,69.5238095238095,0,0.952380952380952,30.4761904761905,160.952380952381,352.380952380952,3889.6,3959.12380952381,938571.428571429,0,0,0,0,938571.428571429,0,60241.2,1927718.4,10180762.8,22289244,34457966.4,35396537.8285714,0,78.0952380952381,0.952380952380952,77.1428571428571,46.6666666666667,0,46.6666666666667,0,0,124.761904761905,0,0,0,0,0,0,0,0,0,37.1428571428571,87.6190476190476,0,0,0,0,0,0,0,0,0,0,0,0,0,0,0,0,0,0,0,0,0,0,0,0,0,0,0,0,0,1112769.84628419,35396537.8285714,18480782.2650551,18937430.4100251,52.2107059016879,144560.537481107,73.5299778787064,18035648.0095477,62.5954198473282,17702301.7042607,326223.70553985,18028525.4098005,17368012.4187709,7.39285714285714
59,2,0,0,0,0,0,0,45889,0,0,0,0,0,0,0,0,0,0,0,0,0,0,88000,0,0,0,0,0,0,0,0,0,0,0,0,0,0,0,0,0,0,0,0,0,0,0,0,0,0,840000,0,0,600000,0,0,0,0,0,0,0,0,0,0,0,0,0,0,0,0,0,0,0,0,0,0,0,0,0,0,0,0,0,468000,224000,0,0,0,0,0,0,0,0,0,0,45889,88000,0,840000,0,600000,0,0,0,224000,468000,692000,61,37,0,0,0,0,9,56,1030000,6,18,140000,0,0,0,0,0,0,3,24,500000,0,101000,10000,0,157269,107183,206195,879122,0,362285,0,0,0,0,1241407,1670000,61,37,98,56,18,74,98,98,196,111000,3022407,0,0,0,0,0,0,0,0,0,0,116,0,0,0,0,0,0,0,0,0,16,0,0,0,0,0,1,0,0,8,0,0,39,0,16,0,0,0,0,0,1188,1188,16480529,259,259,1922579,120,120,735840,0,0,0,0,0,0,0,0,0,0,0,0,0,0,0,21,21,0,0,0,0,788,788,13822110,1922579,735840,0,0,0,0,0,1328318.46,0,49843568.88,0,36,2,16067060,0.73,0,0,0.73,0,0.73,0,0,0.73,0,0,0,0,0,0,10000,165001,165001,0,21428160,89556,-13440676,3672000,48315.7894736842,3285473.68421053,1,1188,0,45889,88000,0,0,600000,0,840000,0,692000,692000,1700000,89556,48315.7894736842,137871.789473684,2540000,19570820.7894737,165001,0,165001,600000,1241407,1670000,111000,3022407,1288736.75396432,1733670.24603568,21904491.0355094,-130494.349757895,67954.6036,-62539.7461578947,1188,16480529,259,120,0,0,0,379,0,0,21,0,788,5776.26,6155.26,1922579,735840,0,0,0,2658419,0,0,1328318.46,0,49843568.88,51171887.34,53830306.34,0,98,61,37,74,56,18,0,24,196,0,0,0,0,0,0,0,0,0,0,116,0,0,0,0,0,0,0,0,0,16,0,0,0,0,0,1,0,0,8,0,0,39,0,16,0,0,0,0,0,1391198.00780643,53830306.34,31925815.3044906,34259485.5505263,59.3082549128414,174793.293625134,-262.536160485781,34259485.5505263,50,23193227.7894737,102461.253842105,23295689.0433158,30534617.2966842,7.39285714285714
60,3,0,0,0,0,0,0,0,0,0,0,0,0,0,0,0,0,0,0,0,0,0,0,0,0,0,0,0,0,0,0,0,0,0,0,0,0,0,0,0,0,0,0,0,0,0,0,0,0,0,0,0,0,0,0,0,0,0,0,0,0,0,0,0,0,0,0,0,0,0,0,0,0,0,0,0,0,0,0,0,0,0,0,0,0,0,0,0,0,0,0,0,0,0,0,0,0,0,0,0,0,0,0,0,0,0,55,74,0,0,0,0,0,0,0,0,0,0,0,0,0,0,0,0,0,0,0,0,0,0,0,172098,117592,224940,794585,0,718992,0,0,0,0,1513577,0,55,74,129,0,0,0,129,0,129,0,1513577,0,0,0,0,0,0,0,0,0,35,84,0,0,0,0,0,0,0,0,0,10,0,0,0,0,0,0,0,0,0,0,0,0,0,0,0,0,0,0,0,1041,851,7702710,625,625,5312500,278,88,2015210,0,0,0,0,0,0,0,0,0,0,0,0,0,0,0,138,138,375000,0,0,0,0,0,0,5312500,2015210,0,0,0,0,0,8728949.88,0,0,0,34,1,16067060,0.36,0.27,0,0,0.09,0.36,0.27,0,0,0.09,0,0,0,0,0,8200,605000,605000,0,3855600,138210,1080486,15912000,428400,3978000,2,1269.51219512195,0,0,0,0,0,0,0,0,0,0,0,0,168548.780487805,522439.024390244,690987.804878049,0,16758047.804878,737804.87804878,0,737804.87804878,0,1845825.6097561,0,0,1845825.6097561,1845825.6097561,0,16758047.804878,79270.1769512195,23718.8590853659,102989.036036585,1269.51219512195,9393548.78048781,762.19512195122,339.024390243902,0,0,0,1101.21951219512,0,0,168.292682926829,0,0,1201.60975609756,2302.82926829268,6478658.53658537,2457573.17073171,0,0,0,8936231.70731707,0,0,10645060.8292683,0,0,10645060.8292683,19581292.5365854,0,157.317073170732,67.0731707317073,90.2439024390244,0,0,0,0,0,157.317073170732,0,0,0,0,0,0,0,0,0,42.6829268292683,102.439024390244,0,0,0,0,0,0,0,0,0,12.1951219512195,0,0,0,0,0,0,0,0,0,0,0,0,0,0,0,0,0,0,0,2686619.52384146,19581292.5365854,2823244.73170732,2823244.73170732,14.4180713629216,21885.6180752505,35.615471546691,3442981.38013087,100,18603873.4146341,840793.914085366,19444667.3287195,136625.207865853,13.3125
60,3,0,0,0,0,0,0,0,0,0,0,0,0,0,0,0,0,0,0,0,0,0,0,0,0,0,0,0,0,0,0,0,0,0,0,0,0,0,0,0,0,0,0,0,0,0,0,0,0,0,0,0,0,0,0,0,0,0,0,0,0,0,0,0,0,0,0,0,0,0,0,0,0,0,0,0,0,0,0,0,200000,0,0,0,0,0,0,0,0,0,0,0,0,0,0,0,0,0,0,0,0,0,200000,0,0,200000,56,56,0,0,0,0,0,0,0,0,0,0,0,0,0,0,0,0,0,0,0,0,0,0,0,71424,48637,93725,801304,0,545816,0,0,0,0,1347120,0,56,56,112,0,0,0,112,0,112,0,1347120,0,0,0,0,0,0,0,0,0,23,89,0,0,0,0,0,0,0,0,0,0,0,0,0,0,0,0,0,0,0,0,0,0,0,0,0,0,0,0,0,555,496,7167500,0,0,0,455,455,3867500,0,0,0,0,0,0,0,0,0,0,0,0,0,0,0,100,41,3300000,0,0,0,0,0,0,0,3867500,0,0,0,0,0,6325326,0,0,0,99,1,16067060,0.16,0.16,0,0,0,0.16,0.16,0,0,0,0,0,0,0,0,5000,275000,275000,0,13100200,23460,3811966.66666667,0,0,0,2,1110,0,0,0,0,0,0,0,0,0,400000,400000,1048333.33333333,46920,0,46920,1048333.33333333,17562313.3333333,550000,0,550000,0,2694240,0,0,2694240,2694240,0,17562313.3333333,97967.5433333333,39760.984,137728.527333333,1110,14335000,0,910,0,0,0,910,0,0,200,0,0,1428,2338,0,7735000,0,0,0,7735000,0,0,12650652,0,0,12650652,20385652,0,224,112,112,0,0,0,0,0,224,0,0,0,0,0,0,0,0,0,46,178,0,0,0,0,0,0,0,0,0,0,0,0,0,0,0,0,0,0,0,0,0,0,0,0,0,0,0,0,0,3381968.52733333,20385652,2823338.66666667,2823338.66666667,13.8496363357261,25208.380952381,28.8191228503127,5646677.33333334,100,20256553.3333333,687728.527333333,20944281.8606667,-558629.860666666,14.0909090909091
60,3,0,0,0,0,0,0,0,0,0,0,0,0,0,0,0,0,0,0,0,0,0,0,0,0,0,0,0,0,0,0,0,0,0,0,0,0,0,0,0,0,0,0,0,0,0,0,0,0,0,0,0,580000,0,0,0,0,0,0,0,0,0,0,0,0,0,0,0,0,0,0,0,0,0,0,0,0,0,0,0,0,12000,0,0,0,0,0,0,0,0,0,0,0,0,0,0,0,0,0,580000,0,0,12000,0,0,12000,44,95,0,0,0,0,0,0,0,0,0,0,0,0,0,0,0,0,0,0,0,0,0,0,0,213935,145473,281175,624918,0,928675,0,0,0,0,1553593,0,44,95,139,0,0,0,139,0,139,0,1553593,0,0,0,0,0,0,16,0,0,2,74,0,0,0,0,0,0,0,0,0,30,0,13,0,0,4,0,0,0,0,0,0,0,0,0,0,0,0,0,0,681,658,7076000,326,326,3840000,192,192,1750000,142,128,909000,8,0,44000,0,0,0,1,1,50000,6,6,303000,0,0,0,0,0,0,6,5,180000,3840000,1750000,909000,44000,0,63253.26,379519.56,0,0,379519.56,29,37,1,16067060,0.1,0.05,0.05,0,0,0.1,0.05,0.05,0,0,0,0,0,0,0,5100,1034000,1034000,0,13402800,56508,2122048.8,15300000,80526.3157894737,5604631.57894737,2,1335.29411764706,0,0,0,0,0,1137254.90196078,0,0,0,23529.4117647059,23529.4117647059,450000,110800,157894.736842105,268694.736842105,450000,16809284.1486068,2027450.98039216,0,2027450.98039216,1137254.90196078,3046260.78431373,0,0,3046260.78431373,3046260.78431373,0,17946539.0505676,194682.044842105,54060.5295098039,248742.574351909,1335.29411764706,13874509.8039216,639.21568627451,376.470588235294,278.43137254902,15.6862745098039,0,1309.80392156863,1.96078431372549,11.7647058823529,0,0,11.7647058823529,182,1491.80392156863,7529411.76470588,3431372.54901961,1782352.94117647,86274.5098039216,0,12829411.7647059,124026,744156,0,0,744156,1612338,14441749.7647059,0,272.549019607843,86.2745098039216,186.274509803922,0,0,0,0,0,272.549019607843,0,0,0,0,0,0,31.3725490196078,0,0,3.92156862745098,145.098039215686,0,0,0,0,0,0,0,0,0,58.8235294117647,0,25.4901960784314,0,0,7.84313725490196,0,0,0,0,0,0,0,0,0,0,0,0,0,0,5322454.33905779,14441749.7647059,-3504789.28586171,-2367534.38390093,-24.2684532204473,-17032.6214669132,-12.1610310073592,-4642224.28215868,100,20992799.8348813,2276193.55474407,23268993.3896254,-8827243.6249195,11.2
60,3,0,0,0,0,0,0,68970,26182,0,495763,0,0,0,0,0,0,0,0,0,0,0,0,0,0,0,0,0,0,0,0,0,0,0,0,0,40000,0,0,0,0,0,0,0,0,0,0,0,0,0,0,0,0,0,0,0,0,0,0,0,0,0,0,0,0,0,0,0,0,0,0,0,0,0,0,0,0,0,0,0,0,0,400000,200000,0,0,0,0,0,0,0,0,0,0,590915,40000,0,0,0,0,0,0,0,200000,400000,600000,194,164,0,0,0,0,0,0,0,3,12,75000,15,124,23,190,0,45,0,0,0,0,0,0,0,157651,107659,206195,2784159,0,1602304,0,1743944,1794950,843525,5229988,3613894,194,164,358,124,202,326,403,326,729,0,8843882,0,0,0,0,0,0,0,0,0,0,652,0,24,0,0,0,0,0,0,0,40,0,8,0,0,0,0,0,0,0,0,0,0,5,0,0,0,0,0,0,1040,994,22719451,128,128,1794500,44,0,354596,0,0,0,0,0,0,0,0,0,3,3,360000,14,14,626300,74,74,2433480,26,26,611728,751,749,16538847,1794500,354596,0,0,0,189759.78,885545.64,4680741.24,1644584.76,47503198.26,81,36,3,16067060,1.05,0,0,0,1.05,1.05,0,0,0,1.05,0,0,0,0,0,29000,550003,550003,0,109772400,661266,-2347570.8,10404000,144947.368421053,6248358.94736842,2,358.620689655172,0,203763.793103448,13793.1034482759,0,0,0,0,0,0,206896.551724138,206896.551724138,1954022.98850575,228022.75862069,49981.8511796733,278004.609800363,1954022.98850575,18723541.046582,189656.206896552,0,189656.206896552,0,1803444.13793103,1246170.34482759,0,3049614.48275862,1803444.13793103,1246170.34482759,19969711.3914096,17284.5267909256,44641.7729137931,61926.2997047187,358.620689655172,7834293.44827586,44.1379310344828,15.1724137931034,0,0,0,59.3103448275862,1.03448275862069,4.82758620689655,25.5172413793103,8.96551724137931,258.965517241379,2137.07586206897,2196.38620689655,618793.103448276,122274.482758621,0,0,0,741067.586206896,65434.4068965517,305360.565517241,1614048.70344828,567098.193103448,16380413.1931034,18932355.062069,19673422.6482759,0,123.448275862069,66.8965517241379,56.551724137931,112.413793103448,42.7586206896552,69.6551724137931,15.5172413793103,0,251.379310344828,0,0,0,0,0,0,0,0,0,0,224.827586206897,0,8.27586206896552,0,0,0,0,0,0,0,13.7931034482759,0,2.75862068965517,0,0,0,0,0,0,0,0,0,0,1.72413793103448,0,0,0,0,0,0,2055026.6445323,19673422.6482759,-296288.743133694,949881.601693891,-1.5060355710889,1302.99259491617,54.9556035397268,327545.379894445,55.281207133059,21773155.5293406,251582.50660127,22024738.0359419,-2351315.387666,7.39285714285714
61,3,0,0,0,0,0,0,0,259920,0,0,0,0,0,0,0,0,0,0,0,0,0,0,0,0,0,0,0,0,0,0,0,0,0,0,0,0,0,0,0,0,0,0,0,0,0,0,0,0,0,0,0,0,0,0,0,0,0,0,0,0,0,0,0,0,0,0,0,0,0,0,0,0,0,0,0,0,0,0,0,0,0,0,0,0,0,0,0,0,0,0,0,0,0,259920,0,0,0,0,0,0,0,0,0,0,0,167,139,0,0,1,10,5,40,650000,0,0,0,0,0,0,0,0,12,0,0,0,0,30000,20000,0,99816,67851,131215,2399404,0,1321857,99330,0,0,224940,4045531,650000,167,149,316,40,0,40,328,40,368,50000,4745531,0,0,0,0,0,0,0,0,0,18,204,0,0,0,0,0,0,0,0,0,0,0,0,0,0,0,0,0,0,0,0,58,88,0,0,0,0,0,0,0,1086,1086,14564000,0,0,0,976,976,11224000,0,0,0,0,0,0,0,0,0,0,0,0,1,1,70000,109,109,3270000,0,0,0,0,0,0,0,11224000,0,0,0,0,63253.26,6894605.34,0,0,0,99,1,16067060,0.66,0,0,0.66,0,0.66,0,0,0.66,0,0,0,0,0,0,5000,550000,550000,0,13268160,88740,4070820,8262000,82620,7717320,2,2172,0,519840,0,0,0,0,0,0,0,0,0,816000,177480,165240,342720,816000,17745620,1100000,0,1100000,0,8091062,1300000,100000,9491062,8177219.0501824,1313842.9498176,19059462.9498176,302955.198,128640.0907,431595.2887,2172,29128000,0,1952,0,0,0,1952,0,2,218,0,0,1570.8,3522.8,0,22448000,0,0,0,22448000,0,126506.52,13789210.68,0,0,13915717.2,36363717.2,0,632,334,298,80,80,0,24,0,736,0,0,0,0,0,0,0,0,0,36,408,0,0,0,0,0,0,0,0,0,0,0,0,0,0,0,0,0,0,0,0,116,176,0,0,0,0,0,0,0,9708814.3388824,36363717.2,17304254.2501824,18618097.2,47.5865934030045,50592.6554347826,61.4549521609463,37236194.4,89.1304347826087,27236682,1531595.2887,28768277.2887,7595439.9113,14.0909090909091
62,3,0,0,0,0,0,0,0,0,0,0,0,0,0,0,0,0,0,0,0,0,0,0,0,0,0,0,0,0,0,0,0,0,0,0,0,0,0,0,0,0,0,0,0,0,0,0,0,0,0,0,0,0,0,0,0,0,0,0,0,0,0,0,0,0,0,0,0,0,0,0,0,0,0,0,0,0,0,0,0,0,0,0,0,0,0,0,0,0,0,0,0,0,0,0,0,0,0,0,0,0,0,0,0,0,0,11,0,0,0,0,0,0,0,0,0,0,0,0,0,0,0,0,0,0,0,0,0,0,0,0,28512,19390,37490,156816,0,0,0,0,0,0,156816,0,11,0,11,0,0,0,11,0,11,0,156816,0,0,0,0,0,0,0,0,0,0,11,0,0,0,0,0,0,0,0,0,0,0,0,0,0,0,0,0,0,0,0,0,0,0,0,0,0,0,0,0,23,11,177298,0,0,0,22,6,177298,0,0,0,0,0,0,0,0,0,0,0,0,1,5,0,0,0,0,0,0,0,0,0,0,0,177298,0,0,0,0,63253.26,0,0,0,0,37,1,16067060,0.99,0,0,0.99,0,0,0,0,0,0,0.99,0,0,0.99,0,5000,109999,0,109999,0,0,0,0,0,0,2,46,0,0,0,0,0,0,0,0,0,0,0,0,0,0,0,0,16067060,0,219998,219998,219998,313632,0,0,313632,313632,0,16287058,0,4030.1712,4030.1712,46,354596,0,44,0,0,0,44,0,2,0,0,0,14.28,58.28,0,354596,0,0,0,354596,0,126506.52,0,0,0,126506.52,481102.52,0,22,22,0,0,0,0,0,0,22,0,0,0,0,0,0,0,0,0,0,22,0,0,0,0,0,0,0,0,0,0,0,0,0,0,0,0,0,0,0,0,0,0,0,0,0,0,0,0,0,317662.1712,481102.52,-15805955.48,-15585957.48,-3285.36119079152,-1416905.22545455,,-31171914.96,100,16380692,224028.1712,16604720.1712,-16123617.6512,11.2
62,3,0,0,0,0,0,0,0,0,0,11400,0,0,0,0,0,0,0,0,0,0,0,0,0,0,0,0,0,0,0,0,0,0,0,0,0,0,0,0,0,0,0,0,0,0,0,0,0,0,0,0,0,0,0,0,0,0,0,0,0,0,0,0,0,0,0,0,0,0,0,0,0,0,0,0,0,0,0,0,0,0,10000,0,0,0,0,0,0,0,0,0,0,0,0,11400,0,0,0,0,0,0,0,10000,0,0,10000,61,50,0,0,0,0,0,0,0,0,0,0,0,0,0,0,0,0,0,0,0,0,0,0,0,71943,49265,93725,877763,0,492950,0,0,0,0,1370713,0,61,50,111,0,0,0,111,0,111,0,1370713,0,0,0,0,0,0,0,0,0,20,66,0,0,0,0,0,0,0,0,0,25,0,0,0,0,0,0,0,0,0,0,0,0,0,0,0,0,0,0,0,163,82,1385500,0,0,0,163,82,1385500,0,0,0,0,0,0,0,0,0,0,0,0,0,0,0,0,0,0,0,0,0,0,0,0,0,1385500,0,0,0,0,0,0,0,0,50,99,1,16067060,0.16,0.08,0.08,0,0,0.16,0.08,0.08,0,0,0,0,0,0,0,6000,220000,220000,0,13600000,0,2538666.66666667,0,0,0,2,271.666666666667,0,19000,0,0,0,0,0,0,0,16666.6666666667,16666.6666666667,377777.777777778,0,0,0,377777.777777778,16480504.4444444,366666.666666667,0,366666.666666667,0,2284521.66666667,0,0,2284521.66666667,2284521.66666667,0,16480504.4444444,54369.7777777778,29814.4200833333,84184.1978611111,271.666666666667,2309166.66666667,0,271.666666666667,0,0,0,271.666666666667,0,0,0,0,0,0,271.666666666667,0,2309166.66666667,0,0,0,2309166.66666667,0,0,0,0,0,0,2309166.66666667,0,185,101.666666666667,83.3333333333333,0,0,0,0,0,185,0,0,0,0,0,0,0,0,0,33.3333333333333,110,0,0,0,0,0,0,0,0,0,41.6666666666667,0,0,0,0,0,0,0,0,0,0,0,0,0,0,0,0,0,0,0,2735372.53119444,2309166.66666667,-14171337.7777778,-14171337.7777778,-613.699218092145,-127669.70970971,-260.647336755714,-23618896.2962963,100,18765026.1111111,450850.864527778,19215876.9756389,-16906710.3089722,14.0909090909091
62,3,0,0,0,0,0,0,0,20900,0,9500,0,0,0,0,0,0,0,0,0,0,0,0,0,0,0,0,0,0,0,0,0,0,0,0,0,0,0,0,0,0,0,0,1600,0,0,0,0,0,0,0,0,2000,0,0,0,0,0,0,0,0,0,0,0,0,0,0,0,0,0,0,0,0,0,0,0,0,0,0,0,0,0,0,0,0,0,0,0,0,0,0,0,0,0,30400,0,0,0,1600,2000,0,0,0,0,0,0,57,38,0,0,0,0,0,0,0,0,0,0,0,0,0,0,0,10,0,0,0,0,0,0,0,72089,49465,93725,822092,0,377454,0,0,0,187450,1386996,0,57,38,95,0,0,0,105,0,105,0,1386996,0,0,0,0,0,0,0,0,0,0,76,0,0,0,0,0,0,0,0,0,29,0,0,0,0,0,0,0,0,0,0,0,0,0,0,0,0,0,0,0,163,163,1021500,0,0,0,125,125,812500,0,0,0,38,38,209000,0,0,0,0,0,0,0,0,0,0,0,0,0,0,0,0,0,0,0,812500,0,209000,0,0,0,0,0,0,0,99,1,16067060,0.15,0,0.15,0,0,0,0,0,0,0,0.15,0,0.15,0,0,5000,330000,0,330000,13600000,0,1337333.33333333,0,0,0,2,326,0,60800,0,0,3200,4000,0,0,0,0,0,226666.666666667,0,0,0,226666.666666667,16357726.6666667,0,660000,660000,664000,2773992,0,0,2773992,2773992,0,17021726.6666667,34369.4666666667,36519.5972,70889.0638666667,326,2043000,0,250,0,76,0,326,0,0,0,0,0,0,326,0,1625000,0,418000,0,2043000,0,0,0,0,0,0,2043000,0,190,114,76,0,0,0,20,0,210,0,0,0,0,0,0,0,0,0,0,152,0,0,0,0,0,0,0,0,0,58,0,0,0,0,0,0,0,0,0,0,0,0,0,0,0,0,0,0,0,2844881.06386667,2043000,-14978726.6666667,-14314726.6666667,-733.173111437428,-136330.73015873,-416.495455268436,-28629453.3333333,100,19135718.6666667,730889.063866667,19866607.7305333,-17823607.7305333,14.0909090909091
62,3,0,0,0,0,0,0,467400,109440,0,760703,0,0,0,0,0,0,0,0,0,0,0,0,0,0,0,0,0,0,0,0,0,0,0,0,600000,0,0,0,0,0,0,0,0,0,0,0,0,0,0,0,0,0,0,0,0,0,0,0,0,0,0,0,0,0,0,0,0,0,0,0,0,0,0,0,0,0,120000,0,0,0,298000,0,0,0,0,0,0,0,0,0,0,0,0,1337543,600000,0,0,0,0,0,120000,298000,0,0,298000,248,223,0,0,0,0,0,0,0,0,0,0,0,0,0,0,0,4,0,0,0,0,0,0,0,171596,116940,224940,3528325,0,2158311,0,0,0,74980,5761616,0,248,223,471,0,0,0,475,0,475,0,5761616,0,0,0,0,0,0,0,0,0,67,356,0,0,0,0,0,0,0,0,0,28,0,0,0,0,24,0,0,0,0,0,0,0,0,0,0,0,0,0,0,1171,930,15436008,0,0,0,33,30,363000,13,0,73008,0,0,0,0,0,0,0,0,0,375,375,7500000,750,525,7500000,0,0,0,0,0,0,0,363000,73008,0,0,0,23719972.5,47439945,0,0,5,36,3,16067060,1.5,0,0,1.5,0,0,0,0,0,0,1.5,0,0,1.5,0,22400,214500,0,214500,16078600,169218,1678899.6,21420000,106335,8073504,2,522.767857142857,0,597117.410714286,267857.142857143,0,0,0,0,0,53571.4285714286,133035.714285714,186607.142857143,151785.714285714,75543.75,47470.9821428571,123014.732142857,151785.714285714,17393442.1428571,0,95758.9285714286,95758.9285714286,95758.9285714286,2572150,0,0,2572150,2572150,0,17489201.0714286,55945.7081517857,46564.9522991071,102510.660450893,522.767857142857,6891075,0,14.7321428571429,5.80357142857143,0,0,20.5357142857143,0,167.410714285714,334.821428571429,0,0,3585.9375,3606.47321428571,0,162053.571428571,32592.8571428571,0,0,194646.428571429,0,10589273.4375,21178546.875,0,0,31767820.3125,31962466.7410714,0,210.267857142857,110.714285714286,99.5535714285714,0,0,0,1.78571428571429,0,212.053571428571,0,0,0,0,0,0,0,0,0,29.9107142857143,158.928571428571,0,0,0,0,0,0,0,0,0,12.5,0,0,0,0,10.7142857142857,0,0,0,0,0,0,0,0,0,0,0,0,0,0,2674660.66045089,31962466.7410714,14473265.6696429,14569024.5982143,45.2820672036707,30671.6307330827,260.413623842015,6504028.83848852,100,19965592.1428571,198269.589022321,20163861.7318795,11798605.009192,7.39285714285714
62,3,0,0,0,0,0,0,91200,7296,0,0,0,0,0,0,0,0,0,0,0,0,0,0,0,0,0,0,0,0,0,0,0,0,0,0,0,0,0,0,0,0,0,0,16000,0,0,0,0,0,0,0,0,0,0,0,0,0,0,0,0,0,0,0,0,0,0,0,0,0,0,0,0,0,0,0,0,0,0,0,0,0,0,450000,0,0,0,0,0,0,0,0,0,0,0,98496,0,0,0,16000,0,0,0,0,0,450000,450000,30,0,0,0,0,0,0,0,0,4,20,150000,0,0,0,0,0,12,0,0,0,0,36000,0,0,57095,38842,74980,427210,0,0,0,0,0,224940,652150,150000,30,0,30,0,20,20,42,20,62,36000,838150,0,0,0,0,0,0,0,0,0,0,50,0,0,0,0,0,0,0,0,0,12,0,0,0,0,0,0,0,0,0,0,0,0,0,0,0,0,0,0,0,702,607,2512472,288,288,2448000,8,0,64472,0,0,0,0,0,0,0,0,0,0,0,0,5,5,0,214,13,0,0,0,0,187,301,0,2448000,64472,0,0,0,0,316266.3,13536197.64,0,11828359.62,20,36,3,16067060,1.32,0.66,0,0.66,0,1.32,0.66,0,0.66,0,0,0,0,0,0,24000,1100000,1100000,0,15497200,143820,-13920648.3333333,25398000,133271.052631579,11349580.2631579,1,292.5,0,41040,0,0,6666.66666666667,0,0,0,0,187500,187500,472222.222222222,59925,55529.6052631579,115454.605263158,472222.222222222,16889943.494152,458333.333333333,0,458333.333333333,0,271729.166666667,62500,15000,349229.166666667,283924.205001143,65304.9616655239,16955248.4558176,-13765.9269590643,7510.00045833333,-6255.92650073099,292.5,1046863.33333333,120,3.33333333333333,0,0,0,123.333333333333,0,2.08333333333333,89.1666666666667,0,77.9166666666667,1207.85,1331.18333333333,1020000,26863.3333333333,0,0,0,1046863.33333333,0,131777.625,5640082.35,0,4928483.175,10700343.15,11747206.4833333,0,12.5,12.5,0,8.33333333333333,0,8.33333333333333,5,0,25.8333333333333,0,0,0,0,0,0,0,0,0,0,20.8333333333333,0,0,0,0,0,0,0,0,0,5,0,0,0,0,0,0,0,0,0,0,0,0,0,0,0,0,0,0,0,736001.611833745,11747206.4833333,-5208041.97248423,-5142737.01081871,-44.3343017752628,-82947.3711422373,373.584505141691,-2142807.08784113,67.741935483871,17239172.6608187,452077.406832602,17691250.0676513,-5944043.58431798,7.39285714285714
63,3,0,0,0,0,0,0,128537,0,0,0,0,0,0,0,0,0,0,0,0,0,0,0,0,0,0,0,0,0,0,0,0,0,0,0,0,384000,0,0,0,0,0,0,0,0,0,0,0,0,0,0,0,0,0,0,0,0,0,0,0,0,0,0,0,0,0,0,0,0,0,150000,0,0,0,0,0,0,0,0,0,0,25650,575950,0,0,0,0,0,0,0,0,0,0,0,128537,384000,0,0,0,0,150000,0,25650,0,575950,601600,290,155,0,0,0,0,18,144,2480000,0,0,0,15,83,8,35,0,0,0,0,0,0,193000,48000,0,156246,105865,206195,4129137,0,1496995,0,1172062,333359,0,5626132,3985421,290,155,445,227,35,262,445,262,707,241000,9852553,0,0,0,0,0,0,0,0,0,14,320,0,0,0,0,0,0,0,0,0,7,0,0,0,0,0,0,16,0,0,0,0,350,0,0,0,0,0,0,0,1017,978,7696715,156,156,1544250,39,0,314301,0,0,0,0,0,0,0,0,0,0,0,0,0,0,0,25,25,0,0,0,0,797,797,5838164,1544250,314301,0,0,0,0,0,1581331.5,0,50412848.22,61,36,2,16067060,1.78,0,0,1.78,0,1.78,0,0,1.78,0,0,0,0,0,0,11500,110002,110002,0,15002160,46022.4,5685798.24,6426000,35995.2631578947,3124904.21052632,2,884.347826086957,0,111771.304347826,333913.043478261,130434.782608696,0,0,0,0,0,523130.434782609,523130.434782609,517391.304347826,40019.4782608696,31300.2288329519,71319.7070938215,517391.304347826,17755020.576659,95653.9130434783,0,95653.9130434783,0,4892288.69565217,3465583.47826087,209565.217391304,8567437.39130435,5014957.90172659,3552479.48957776,21307500.0662368,98450.0230341419,124216.927391304,222666.950425446,884.347826086957,6692795.65217391,135.652173913043,33.9130434782609,0,0,0,169.565217391304,0,0,21.7391304347826,0,693.04347826087,5103.54782608696,5273.11304347826,1342826.08695652,273305.217391304,0,0,0,1616131.30434783,0,0,1375070.86956522,0,43837259.3217391,45212330.1913043,46828461.4956522,0,386.95652173913,252.173913043478,134.782608695652,227.826086956522,197.391304347826,30.4347826086957,0,0,614.782608695652,0,0,0,0,0,0,0,0,0,12.1739130434783,278.260869565217,0,0,0,0,0,0,0,0,0,6.08695652173913,0,0,0,0,0,0,13.9130434782609,0,0,0,0,304.347826086957,0,0,0,0,0,0,0,5333278.76519552,46828461.4956522,25520961.4294154,29073440.9189931,54.498825317558,41122.2643833,295.311672084735,25281252.9730375,62.9420084865629,26322457.9679634,318320.863468924,26640778.8314323,20187682.6642199,7.39285714285714
63,3,0,0,0,0,0,0,312634,0,0,611040,0,0,0,0,0,0,0,0,0,0,0,0,0,0,0,0,0,0,0,0,0,0,0,0,0,0,0,0,0,0,0,0,0,0,0,0,0,0,0,0,0,1200000,0,0,0,0,0,0,0,0,0,0,0,0,0,0,0,0,0,0,0,0,0,0,0,0,0,0,0,45800,4700,650000,0,0,0,0,0,0,0,0,0,0,0,923674,0,0,0,0,1200000,0,0,50500,0,650000,700500,251,407,0,0,0,0,7,60,840000,0,0,0,5,41,4,18,0,30,8,64,1150000,40000,56000,0,0,156913,106731,206195,3560142,0,3935537,0,580074,174996,562350,8058029,2745070,251,407,658,101,18,119,688,183,871,56000,10859099,0,0,0,0,0,0,0,0,0,78,368,0,0,0,0,0,0,0,0,0,0,0,0,0,0,0,0,0,0,157,0,92,176,0,0,0,0,0,0,0,2131,2018,9311747,0,0,0,10,0,80590,0,0,0,0,0,0,0,0,0,0,0,0,12,12,0,308,308,953800,1044,941,4049430,757,757,4227927,0,80590,0,0,0,0,759039.12,19482004.08,66036403.44,47882717.82,24,36,3,16067060,3.3,0,0,3.3,0,3.3,0,0,3.3,0,0,0,0,0,0,38000,1100000,1100000,0,63202600,2174130,31661820,36720000,213555.789473684,15885780.6315789,2,560.789473684211,0,243072.105263158,0,0,0,315789.473684211,0,0,0,184342.105263158,184342.105263158,268421.052631579,572139.473684211,56198.891966759,628338.36565097,268421.052631579,17391233.6288089,289473.684210526,0,289473.684210526,315789.473684211,2120533.94736842,722386.842105263,14736.8421052632,2857657.63157895,2131526.15442425,726131.477154696,18433154.5796478,160785.965293629,46271.0679078947,207057.033201524,560.789473684211,2450459.73684211,0,2.63157894736842,0,0,0,2.63157894736842,0,3.15789473684211,81.0526315789474,274.736842105263,199.210526315789,3985.24736842105,3987.87894736842,0,21207.8947368421,0,0,0,21207.8947368421,0,199747.136842105,5126843.17894737,17378000.9052632,12600715.2157895,35305306.4368421,35326514.3315789,0,173.157894736842,66.0526315789474,107.105263157895,31.3157894736842,26.5789473684211,4.73684210526316,7.89473684210526,16.8421052631579,229.210526315789,0,0,0,0,0,0,0,0,0,20.5263157894737,96.8421052631579,0,0,0,0,0,0,0,0,0,0,0,0,0,0,0,0,0,0,41.3157894736842,0,24.2105263157895,46.3157894736842,0,0,0,0,0,0,0,2628056.8718363,35326514.3315789,16893359.7519312,17935280.7027701,47.82062445609,20591.596673674,111.547551243148,4719810.71125528,78.9896670493685,20564680.734072,496530.71741205,21061211.4514841,14265302.8800949,7.39285714285714
63,3,0,0,0,0,0,0,53580,0,0,0,0,0,0,0,0,0,0,0,0,0,0,0,0,0,0,0,0,0,0,0,0,0,0,0,0,0,0,0,0,0,0,0,0,0,0,0,0,0,0,0,0,0,0,0,0,0,0,0,0,0,0,0,0,0,0,0,0,0,0,0,0,0,0,0,0,0,0,0,0,29000,649410,600000,0,0,0,0,0,0,0,0,0,0,0,53580,0,0,0,0,0,0,0,678410,0,600000,1278410,175,0,0,0,0,0,0,0,0,56,282,1990000,0,0,0,0,0,0,0,0,0,0,944000,50000,0,71615,48875,93725,2512055,0,0,0,0,0,0,2512055,1990000,175,0,175,0,282,282,175,282,457,994000,5496055,0,0,0,0,0,0,0,0,0,0,457,0,0,0,0,0,0,0,0,0,0,0,0,0,0,0,0,0,0,0,0,0,0,0,0,0,0,0,0,0,1725,1725,2574000,0,0,0,0,0,0,0,0,0,0,0,0,0,0,0,0,0,0,0,0,0,0,0,0,0,0,0,1725,1725,2574000,0,0,0,0,0,0,0,0,0,109111873.5,0,36,3,16067060,1.49,0,0,1.49,0,1.49,0,0,1.49,0,0,0,0,0,0,39000,275001,275001,0,16802800,101796,-326522.4,10404000,82056.3157894737,6335649.47368421,2,442.307692307692,0,13738.4615384615,0,0,0,0,0,0,0,327797.435897436,327797.435897436,267350.427350427,26101.5384615385,21040.0809716599,47141.6194331984,267350.427350427,16723087.9442195,70513.0769230769,0,70513.0769230769,0,644116.666666667,510256.41025641,254871.794871795,1409244.87179487,786329.93742117,622914.934373702,17346002.8785932,19799.3033068826,22497.5328846154,42296.8361914979,442.307692307692,660000,0,0,0,0,0,0,0,0,0,0,442.307692307692,3158.07692307692,3158.07692307692,0,0,0,0,0,0,0,0,0,0,27977403.4615385,27977403.4615385,27977403.4615385,0,44.8717948717949,44.8717948717949,0,72.3076923076923,0,72.3076923076923,0,0,117.179487179487,0,0,0,0,0,0,0,0,0,0,117.179487179487,0,0,0,0,0,0,0,0,0,0,0,0,0,0,0,0,0,0,0,0,0,0,0,0,0,0,0,0,0,899139.850535745,27977403.4615385,10631400.5829452,11254315.5173189,37.999954490275,24626.5109788161,568.419774316338,2885721.92751768,38.2932166301969,18132332.8160144,112809.913114575,18245142.729129,9732260.73240949,7.39285714285714
63,3,0,0,0,0,0,0,772350,0,0,0,0,0,0,0,0,0,0,0,0,0,0,0,0,0,0,0,0,0,0,0,0,0,0,0,0,0,0,0,0,0,0,0,0,0,0,0,0,0,0,0,0,0,0,0,0,0,0,0,0,0,0,0,0,0,0,0,0,0,0,0,0,0,0,0,0,0,0,0,0,0,5000,0,0,0,0,0,0,0,0,0,0,0,0,772350,0,0,0,0,0,0,0,5000,0,0,5000,184,78,0,0,0,0,0,0,0,50,196,1750000,0,0,0,0,0,0,0,0,0,0,0,50000,0,186234,127111,243685,2605264,0,752026,0,0,0,0,3357290,1750000,184,78,262,0,196,196,262,196,458,50000,5157290,0,0,0,0,0,0,0,0,0,40,410,0,0,0,0,0,0,0,0,0,0,0,0,0,0,8,0,0,0,0,0,0,0,0,0,0,0,0,0,0,3778,2638,17639650,0,0,0,1201,263,9794842,813,0,4565808,138,0,759000,0,0,0,0,0,0,0,0,0,376,2375,2520000,1250,0,0,0,0,0,0,9794842,4565808,759000,0,0,0,23783225.76,79066575,0,10,36,2,16067060,0.66,0,0,0.66,0,0.66,0,0,0.66,0,0,0,0,0,0,15000,132000,132000,0,58092400,1150560,19516634.6666667,67320000,545002.105263158,43157789.0526316,2,2518.66666666667,0,514900,0,0,0,0,0,0,0,3333.33333333333,3333.33333333333,528888.888888889,767040,363334.736842105,1130374.73684211,528888.888888889,18244556.9590643,88000,0,88000,0,2238193.33333333,1166666.66666667,33333.3333333333,3438193.33333333,2260105.08431412,1178088.24901921,19422645.2080835,536910.896528655,50840.0826666667,587750.979195322,2518.66666666667,11759766.6666667,0,800.666666666667,542,92,0,1434.66666666667,0,0,250.666666666667,833.333333333333,0,7739.76,9174.42666666667,0,6529894.66666667,3043872,506000,0,10079766.6666667,0,0,15855483.84,52711050,0,68566533.84,78646300.5066667,0,174.666666666667,122.666666666667,52,130.666666666667,0,130.666666666667,0,0,305.333333333333,0,0,0,0,0,0,0,0,0,26.6666666666667,273.333333333333,0,0,0,0,0,0,0,0,0,0,0,0,0,0,5.33333333333333,0,0,0,0,0,0,0,0,0,0,0,0,0,0,2935856.06350944,78646300.5066667,59223655.2985831,60401743.5476023,75.3038031249326,131881.536130136,112.498636064427,40267829.0317349,57.2052401746725,21682750.2923977,675750.979195322,22358501.271593,56287799.2350737,7.39285714285714
64,3,0,0,0,0,0,0,0,0,0,0,0,0,0,0,0,0,0,0,0,0,0,0,0,0,0,0,0,0,0,0,0,0,0,0,0,0,0,0,0,0,0,0,0,0,0,0,0,0,0,0,0,0,0,0,0,0,0,0,0,0,0,0,0,0,0,0,0,0,0,0,0,0,0,0,0,0,0,0,0,200000,0,0,0,0,0,0,0,0,0,0,0,0,0,0,0,0,0,0,0,0,0,200000,0,0,200000,76,68,0,0,0,0,0,0,0,0,0,0,0,0,0,0,0,0,0,0,0,0,0,0,0,85442,58018,112470,1079713,0,650260,0,0,0,0,1729973,0,76,68,144,0,0,0,144,0,144,0,1729973,0,0,0,58,0,0,0,0,0,10,76,0,0,0,0,0,0,0,0,0,0,0,0,0,0,0,0,0,0,0,0,0,0,0,0,0,0,0,0,0,519,413,3510500,0,0,0,413,413,3510500,0,0,0,0,0,0,0,0,0,0,0,0,0,0,0,106,0,0,0,0,0,0,0,0,0,3510500,0,0,0,0,0,6704845.56,0,0,0,99,1,16067060,0.33,0,0,0,0.33,0.33,0,0,0,0.33,0,0,0,0,0,5000,550000,550000,0,12760200,23868,3407208,0,0,0,2,1038,0,0,0,0,0,0,0,0,0,400000,400000,816000,47736,0,47736,816000,17330796,1100000,0,1100000,0,3459946,0,0,3459946,3459946,0,17330796,87565.2456,49600.3061,137165.5517,1038,7021000,0,826,0,0,0,826,0,0,212,0,0,1513.68,2339.68,0,7021000,0,0,0,7021000,0,0,13409691.12,0,0,13409691.12,20430691.12,0,288,152,136,0,0,0,0,0,288,0,0,0,116,0,0,0,0,0,20,152,0,0,0,0,0,0,0,0,0,0,0,0,0,0,0,0,0,0,0,0,0,0,0,0,0,0,0,0,0,4697111.5517,20430691.12,3099895.12,3099895.12,15.1727374360109,21527.0494444444,35.4009755669548,6199790.23999999,100,20790742,1237165.5517,22027907.5517,-1597216.4317,14.0909090909091
64,3,0,0,0,0,0,0,0,0,0,127314,0,0,0,0,0,0,0,0,0,0,0,0,0,0,0,0,0,0,0,0,0,0,0,0,0,0,0,0,0,0,0,0,0,0,0,0,0,0,0,0,0,0,0,0,0,0,0,0,0,0,0,0,0,0,0,0,0,0,0,120000,0,0,0,0,0,0,0,0,0,0,42000,0,0,0,0,0,0,0,0,0,0,0,0,127314,0,0,0,0,0,120000,0,42000,0,0,42000,569,376,0,0,0,0,0,0,0,27,108,856000,2,16,2,16,0,0,15,120,3000000,50000,132000,28000,0,284902,193496,374900,8094683,0,3677172,0,228096,155120,0,11771855,4239216,569,376,945,16,124,140,945,260,1205,160000,16171071,0,0,0,0,0,0,23,0,0,4,642,0,77,0,0,0,0,0,0,0,78,0,47,0,0,11,0,0,0,0,0,251,72,0,0,0,0,0,0,0,3790,3739,37554000,1564,1564,19700000,1403,1403,11947500,807,758,5276500,0,0,0,0,0,0,0,0,0,5,5,300000,0,0,0,0,0,0,11,9,330000,19700000,11947500,5276500,0,0,0,316266.3,0,0,695785.86,53,37,3,16067060,0.62,0,0.62,0,0,0.62,0,0.62,0,0,0,0,0,0,0,24800,929500,929500,0,12756800,132804,1187851.2,21420000,196001.052631579,14638186.4210526,2,1528.22580645161,0,51336.2903225806,0,48387.0967741935,0,0,0,0,0,16935.4838709677,16935.4838709677,178225.806451613,53550,79032.6825127334,132582.682512733,178225.806451613,16494527.3599321,374798.387096774,0,374798.387096774,0,4746715.72580645,1709361.29032258,64516.1290322581,6520593.14516129,4794150.06146888,1726443.08369241,18220970.4436245,82001.8481574703,85288.6884072581,167290.536564728,1528.22580645161,15142741.9354839,630.645161290323,565.725806451613,325.403225806452,0,0,1521.77419354839,0,2.01612903225806,0,0,4.43548387096774,46.0645161290323,1567.83870967742,7943548.38709677,4817540.32258064,2127620.96774194,0,0,14888709.6774194,0,127526.733870968,0,0,280558.814516129,408085.548387097,15296795.2258065,0,381.048387096774,229.435483870968,151.612903225806,56.4516129032258,6.45161290322581,50,0,48.3870967741936,485.887096774194,0,0,0,0,0,0,9.2741935483871,0,0,1.61290322580645,258.870967741935,0,31.0483870967742,0,0,0,0,0,0,0,31.4516129032258,0,18.9516129032258,0,0,4.43548387096774,0,0,0,0,0,101.209677419355,29.0322580645161,0,0,0,0,0,0,0,5336238.98513039,15296795.2258065,-2924175.21781805,-1197732.13412564,-19.1162604627459,-993.968576037876,-14.6061602395303,-482956.505695823,78.4232365145228,23015120.5050934,542088.923661503,23557209.4287549,-8260414.20294843,11.2
64,3,0,0,0,0,0,0,100700,0,0,0,0,0,0,0,0,0,0,0,0,0,0,0,0,0,0,0,0,0,0,0,0,0,0,0,0,0,0,0,0,0,0,0,0,0,0,0,0,0,0,0,0,0,0,0,0,0,0,0,0,0,0,0,0,0,0,0,0,0,0,0,0,0,0,0,0,0,0,0,0,0,5000,0,0,0,0,0,0,0,0,0,0,0,0,100700,0,0,0,0,0,0,0,5000,0,0,5000,47,100,0,0,0,0,0,0,0,0,0,0,0,0,0,0,0,0,0,0,0,0,0,0,0,142610,96960,187450,677769,0,976376,0,0,0,0,1654145,0,47,100,147,0,0,0,147,0,147,0,1654145,0,0,0,0,0,0,0,0,0,48,95,0,0,0,0,0,0,0,0,0,0,0,0,0,0,4,0,0,0,0,0,0,0,0,0,0,0,0,0,0,774,741,8541704,456,456,6256000,142,139,1359500,176,146,926204,0,0,0,0,0,0,0,0,0,0,0,0,0,0,0,0,0,0,0,0,0,6256000,1359500,926204,0,0,0,0,0,0,0,44,37,1,16067060,0.3,0,0.3,0,0,0.3,0,0.3,0,0,0,0,0,0,0,5000,550000,550000,0,0,0,0,53550000,337405.263157895,18214730.5263158,1,1548,0,201400,0,0,0,0,0,0,0,10000,10000,0,0,674810.526315789,674810.526315789,0,16953270.5263158,1100000,0,1100000,0,3308290,0,0,3308290,3308290,0,16953270.5263158,468118.574526316,45228.0165,513346.591026316,1548,17083408,912,284,352,0,0,1548,0,0,0,0,0,0,1548,12512000,2719000,1852408,0,0,17083408,0,0,0,0,0,0,17083408,0,294,94,200,0,0,0,0,0,294,0,0,0,0,0,0,0,0,0,96,190,0,0,0,0,0,0,0,0,0,0,0,0,0,0,8,0,0,0,0,0,0,0,0,0,0,0,0,0,0,4921636.59102632,17083408,130137.47368421,130137.47368421,0.761777004238325,885.288936627281,0.278001089394701,260274.947368421,100,20261560.5263158,1613346.59102632,21874907.1173421,-4791499.11734211,11.2
64,3,0,0,0,0,0,0,106020,5700,0,146300,0,0,0,0,0,0,0,0,0,0,0,0,0,0,0,0,0,0,0,0,0,0,0,0,0,0,0,0,0,0,0,0,800,0,0,0,0,0,0,0,0,0,0,0,0,0,0,0,0,0,0,0,0,0,0,0,0,0,0,0,0,0,0,0,0,0,0,0,0,0,0,0,0,0,0,0,0,0,0,0,0,0,0,258020,0,0,0,800,0,0,0,0,0,0,0,127,75,0,0,0,0,0,0,0,0,0,0,0,0,0,0,0,3,0,0,0,0,0,0,0,100528,68755,131215,1816568,0,727125,0,0,0,56235,2599928,0,127,75,202,0,0,0,205,0,205,0,2599928,0,0,0,6,0,0,0,0,0,36,160,0,0,0,0,0,0,0,0,0,3,0,0,0,0,0,0,0,0,0,0,0,0,0,0,0,0,0,0,0,250,250,875000,0,0,0,250,250,875000,0,0,0,0,0,0,0,0,0,0,0,0,0,0,0,0,0,0,0,0,0,0,0,0,0,875000,0,0,0,0,0,0,0,0,0,34,1,16067060,0.34,0,0.34,0,0,0.23,0,0.23,0,0,0.11,0,0.11,0,0,7500,247500,165000,82500,12892800,56202,1964390.8,6120000,30600,2952900,2,333.333333333333,0,344026.666666667,0,0,1066.66666666667,0,0,0,0,0,0,226666.666666667,74936,40800,115736,226666.666666667,16754556,220000,110000,330000,110000,3466570.66666667,0,0,3466570.66666667,3466570.66666667,0,16864556,84249.5823733333,48979.8824,133229.464773333,333.333333333333,1166666.66666667,0,333.333333333333,0,0,0,333.333333333333,0,0,0,0,0,0,333.333333333333,0,1166666.66666667,0,0,0,1166666.66666667,0,0,0,0,0,0,1166666.66666667,0,269.333333333333,169.333333333333,100,0,0,0,4,0,273.333333333333,0,0,0,8,0,0,0,0,0,48,213.333333333333,0,0,0,0,0,0,0,0,0,4,0,0,0,0,0,0,0,0,0,0,0,0,0,0,0,0,0,0,0,3819800.13144,1166666.66666667,-15697889.3333333,-15587889.3333333,-1345.53337142857,-76038.4845528455,-185.020375107132,-20783852.4444444,100,20221126.6666667,463229.464773333,20684356.13144,-19517689.4647733,13.3125
64,3,0,0,0,0,0,0,136800,0,0,0,0,0,0,0,0,0,0,0,0,0,0,0,0,0,0,0,0,0,0,0,0,0,0,0,0,0,0,0,0,0,0,0,0,0,0,0,0,0,0,0,0,0,0,0,0,0,0,0,0,0,0,0,0,0,0,0,0,0,0,0,0,0,0,0,0,0,0,0,0,0,0,0,0,0,0,0,0,0,0,0,0,0,0,136800,0,0,0,0,0,0,0,0,0,0,0,180,148,0,0,0,0,0,0,0,0,0,0,0,0,0,0,0,0,0,0,0,0,0,0,0,143039,97512,187450,2560004,0,1429040,0,0,0,0,3989044,0,180,148,328,0,0,0,328,0,328,0,3989044,0,0,0,0,0,0,0,0,0,62,264,0,0,0,0,0,0,0,0,0,0,0,0,0,0,2,0,0,0,0,0,0,0,0,0,0,0,0,0,0,1196,1193,13428000,0,0,0,0,0,0,0,0,0,0,0,0,0,0,0,0,0,0,0,0,0,331,330,5480000,376,375,4700000,489,488,3248000,0,0,0,0,0,0,0,20936829.06,23783225.76,30930844.14,0,36,2,16067060,0.52,0,0,0.52,0,0.52,0,0,0.52,0,0,0,0,0,0,15000,165000,165000,0,5164600,137190,462570,4284000,29988,2998800,2,797.333333333333,0,91200,0,0,0,0,0,0,0,0,0,15413.3333333333,91460,19992,111452,15413.3333333333,16285125.3333333,110000,0,110000,0,2659362.66666667,0,0,2659362.66666667,2659362.66666667,0,16285125.3333333,29652.403,35344.7302666667,64997.1332666666,797.333333333333,8952000,0,0,0,0,0,0,0,0,220.666666666667,250.666666666667,326,5692.96,5692.96,0,0,0,0,0,0,0,0,13957886.04,15855483.84,20620562.76,50433932.64,50433932.64,0,218.666666666667,120,98.6666666666667,0,0,0,0,0,218.666666666667,0,0,0,0,0,0,0,0,0,41.3333333333333,176,0,0,0,0,0,0,0,0,0,0,0,0,0,0,1.33333333333333,0,0,0,0,0,0,0,0,0,0,0,0,0,0,2834359.79993333,50433932.64,34148807.3066667,34148807.3066667,67.7099831782356,104112.217398374,1151.63709688779,22765871.5377778,100,18944488,174997.133266667,19119485.1332667,31314447.5067333,7.39285714285714
65,3,0,0,0,0,0,0,1415006,14250,0,638400,0,0,0,0,0,0,0,0,0,0,0,0,0,0,0,0,0,0,0,0,0,0,0,0,0,0,0,0,0,0,0,0,0,0,0,0,0,0,0,0,0,0,0,0,0,0,0,0,0,0,0,0,0,0,0,0,0,0,0,0,0,0,0,0,0,0,0,0,0,24000,23000,0,0,0,0,0,0,0,0,0,0,0,0,2067656,0,0,0,0,0,0,0,47000,0,0,47000,0,87,0,0,0,0,0,0,0,0,0,0,0,0,0,0,0,6,0,0,0,0,0,0,0,370134,251262,487370,0,0,843183,0,0,0,112470,955653,0,0,87,87,0,0,0,93,0,93,0,955653,0,0,0,14,0,0,0,0,0,5,46,0,0,0,0,0,0,0,0,0,16,0,0,0,0,12,0,0,0,0,0,0,0,0,0,0,0,0,0,0,950,899,14613000,722,677,6313000,0,0,0,0,0,0,0,0,0,0,0,0,0,0,0,0,0,0,56,56,2240000,0,0,0,172,166,6060000,6313000,0,0,0,0,0,0,3542182.56,0,10879560.72,46,36,2,16067060,0.28,0.28,0,0,0,0.28,0.28,0,0,0,0,0,0,0,0,10500,352000,352000,0,16615800,247350,3275209.8,12240000,90576,7791004.8,2,904.761904761905,0,1969196.19047619,0,0,0,0,0,0,0,44761.9047619048,44761.9047619048,388571.428571429,235571.428571429,86262.8571428571,321834.285714286,388571.428571429,18791423.8095238,335238.095238095,0,335238.095238095,0,910145.714285714,0,0,910145.714285714,910145.714285714,0,18791423.8095238,135429.3882,37574.733952381,173004.122152381,904.761904761905,13917142.8571429,687.619047619048,0,0,0,0,687.619047619048,0,0,53.3333333333333,0,163.809523809524,1550.4,2238.01904761905,6012380.95238095,0,0,0,0,6012380.95238095,0,0,3373507.2,0,10361486.4,13734993.6,19747374.552381,0,82.8571428571429,0,82.8571428571429,0,0,0,5.71428571428571,0,88.5714285714286,0,0,0,13.3333333333333,0,0,0,0,0,4.76190476190476,43.8095238095238,0,0,0,0,0,0,0,0,0,15.2380952380952,0,0,0,0,11.4285714285714,0,0,0,0,0,0,0,0,0,0,0,0,0,0,1418387.93167619,19747374.552381,955950.742857143,955950.742857143,4.84090044639318,10279.0402457757,7.05866544597699,910429.278911565,100,19701569.5238095,508242.217390476,20209811.7412,-462437.188819047,7.39285714285714
65,3,0,0,0,0,0,0,191406,0,0,0,0,0,0,0,0,0,0,0,0,0,0,0,0,0,0,0,0,0,0,0,0,0,0,0,0,0,0,0,0,79200,0,0,0,552000,0,0,0,0,0,0,0,0,0,0,0,0,0,0,0,0,0,0,0,0,0,0,0,0,0,0,0,0,0,0,0,0,0,0,0,33000,0,360000,0,0,0,0,0,0,0,0,0,0,0,191406,0,79200,0,552000,0,0,0,33000,0,360000,393000,105,81,0,0,0,0,0,0,0,1,6,51000,3,20,0,0,0,0,2,16,250000,0,30000,0,0,100245,68403,131215,1508531,0,759861,0,288176,0,0,2268392,589176,105,81,186,20,6,26,186,42,228,30000,2887568,0,0,0,0,0,0,0,0,0,0,212,0,0,0,0,0,0,0,0,0,16,0,0,0,0,0,0,0,0,0,0,0,0,0,0,0,0,0,0,0,1783,1770,12940127,93,93,815500,214,197,1125099,13,0,73008,0,0,0,0,0,0,0,0,0,18,18,722000,0,0,0,0,0,0,1445,1462,10204520,815500,1125099,73008,0,0,0,1138558.68,0,0,91400960.7,43,36,3,16067060,1.65,0,0,1.65,0,1.65,0,0,1.65,0,0,0,0,0,0,27800,275003,275003,0,14273200,45492,3709368.26666667,7956000,39780,3699540,2,641.36690647482,0,68851.0791366906,0,0,198561.151079137,0,28489.2086330935,0,0,141366.90647482,141366.90647482,163069.544364508,16364.0287769784,14309.3525179856,30673.381294964,191558.752997602,16698071.2709832,98921.9424460432,0,98921.9424460432,0,815968.345323741,211933.81294964,10791.3669064748,1038693.52517986,824534.73827037,214158.786909486,16912230.0578927,34246.2126714628,18966.1100359712,53212.3227074341,641.36690647482,4654721.94244604,33.4532374100719,76.9784172661871,4.67625899280576,0,0,115.107913669065,0,6.47482014388489,0,0,519.78417266187,3757.48920863309,3872.59712230216,293345.323741007,404711.870503597,26261.8705035971,0,0,724319.064748201,0,409553.482014388,0,0,32878043.4172662,33287596.8992806,34011915.9640288,0,66.9064748201439,37.7697841726619,29.136690647482,9.35251798561151,7.19424460431655,2.15827338129496,0,5.75539568345324,82.0143884892086,0,0,0,0,0,0,0,0,0,0,76.2589928057554,0,0,0,0,0,0,0,0,0,5.75539568345324,0,0,0,0,0,0,0,0,0,0,0,0,0,0,0,0,0,0,0,976669.003423847,34011915.9640288,17099685.9061361,17313844.6930456,50.2755737848489,75937.9153203753,505.569619015801,6228001.68814589,81.5789473684211,17736764.7961631,152134.265153477,17888899.0613165,16123016.9027122,7.39285714285714
65,3,0,0,0,0,0,0,201400,0,0,158175,0,0,0,0,0,0,0,0,0,0,0,0,0,0,0,0,0,0,0,0,0,0,0,0,0,0,0,0,0,0,0,0,0,0,0,0,0,0,0,0,0,0,0,0,0,0,0,0,0,0,0,0,0,0,0,0,0,0,0,0,0,0,0,0,0,0,0,0,0,0,28000,450000,0,0,0,0,0,0,0,0,0,0,0,359575,0,0,0,0,0,0,0,28000,0,450000,478000,408,32,0,0,0,0,0,0,0,0,0,0,0,0,0,0,0,0,0,0,0,0,0,0,0,185758,126483,243685,5768329,0,307100,0,0,0,0,6075429,0,408,32,440,0,0,0,440,0,440,0,6075429,0,0,0,7,0,0,0,0,0,0,41,0,0,0,0,0,0,0,0,0,0,0,0,0,0,0,0,0,0,147,75,0,141,29,0,0,0,0,0,0,42,42,199500,0,0,0,42,42,199500,0,0,0,0,0,0,0,0,0,0,0,0,0,0,0,0,0,0,0,0,0,0,0,0,0,199500,0,0,0,0,0,0,0,0,0,34,2,16067060,0.3,0,0,0.3,0,0,0,0,0,0,0.3,0,0,0.3,0,10000,495000,0,495000,29464400,61200,9383376.66666667,24480000,122400,11628000,2,42,0,359575,0,0,0,0,0,0,0,478000,478000,1133333.33333333,61200,122400,183600,1133333.33333333,18221568.3333333,0,495000,495000,495000,6075429,0,0,6075429,6075429,0,18716568.3333333,269996.190166667,88832.1014,358828.291566667,42,199500,0,42,0,0,0,42,0,0,0,0,0,0,42,0,199500,0,0,0,199500,0,0,0,0,0,0,199500,0,440,408,32,0,0,0,0,0,440,0,0,0,7,0,0,0,0,0,0,41,0,0,0,0,0,0,0,0,0,0,0,0,0,0,0,0,0,0,147,75,0,141,29,0,0,0,0,0,0,6434257.29156667,199500,-18517068.3333333,-18022068.3333333,-9281.73851294904,-40959.2462121212,-66.7493431007617,-18022068.3333333,100,24296997.3333333,853828.291566667,25150825.6249,-24951325.6249,13.3125
66,3,0,0,0,0,0,0,0,0,0,0,0,0,0,0,0,0,0,0,0,0,0,0,0,0,0,0,0,0,0,0,0,0,0,0,0,0,0,0,0,0,0,0,0,0,0,0,0,0,0,0,0,0,0,0,0,0,0,0,0,0,0,0,0,0,0,0,0,0,0,0,0,0,0,0,0,0,0,0,0,0,0,0,0,0,0,0,0,0,0,0,0,0,0,0,0,0,0,0,0,0,0,0,0,0,0,153,104,0,0,0,0,0,0,0,0,0,0,0,0,0,0,0,0,0,0,0,0,0,0,0,200207,136454,262430,2187977,0,1004060,0,0,0,0,3192037,0,153,104,257,0,0,0,257,0,257,0,3192037,0,0,0,0,0,0,0,0,0,36,97,0,0,0,0,0,0,0,0,0,0,0,8,0,0,0,0,0,0,0,68,0,0,48,0,0,0,0,0,0,1588,1438,12571350,1000,1000,8500000,275,125,1896350,0,0,0,0,0,0,0,0,0,0,0,0,0,0,0,313,313,2175000,0,0,0,0,0,0,8500000,1896350,0,0,0,0,0,19798270.38,0,0,0,34,1,16067060,0.23,0,0.23,0,0,0.23,0,0.23,0,0,0,0,0,0,0,7000,385000,385000,0,12546000,6120,1685856,3366000,16830,1556775,2,2268.57142857143,0,0,0,0,0,0,0,0,0,0,0,291428.571428571,8742.85714285714,24042.8571428571,32785.7142857143,291428.571428571,16391274.2857143,550000,0,550000,0,4560052.85714286,0,0,4560052.85714286,4560052.85714286,0,16391274.2857143,59525.4405,58596.6792142857,118122.119714286,2268.57142857143,17959071.4285714,1428.57142857143,392.857142857143,0,0,0,1821.42857142857,0,0,447.142857142857,0,0,3192.6,5014.02857142857,12142857.1428571,2709071.42857143,0,0,0,14851928.5714286,0,0,28283243.4,0,0,28283243.4,43135171.9714286,0,367.142857142857,218.571428571429,148.571428571429,0,0,0,0,0,367.142857142857,0,0,0,0,0,0,0,0,0,51.4285714285714,138.571428571429,0,0,0,0,0,0,0,0,0,0,0,11.4285714285714,0,0,0,0,0,0,0,97.1428571428571,0,0,68.5714285714286,0,0,0,0,0,0,5228174.97685714,43135171.9714286,26743897.6857143,26743897.6857143,62.0002111117782,104061.858699277,449.285170526614,38205568.122449,100,20951327.1428571,668122.119714286,21619449.2625714,21515722.7088571,13.3125
66,3,0,0,0,0,0,0,258400,7296,0,422304,0,0,0,0,0,0,0,0,0,0,0,0,0,0,0,0,0,0,0,0,0,0,0,0,0,0,0,0,0,0,0,0,0,0,0,0,0,0,0,0,0,0,0,0,0,0,0,0,0,0,0,0,0,0,0,0,0,0,0,0,0,0,0,0,0,0,331268,0,0,0,53500,0,0,0,0,0,0,0,0,0,0,0,0,688000,0,0,0,0,0,0,331268,53500,0,0,53500,487,451,0,0,0,0,0,0,0,24,116,905000,0,0,0,0,0,8,0,0,0,0,100000,50000,0,301046,205623,393645,6985888,0,4425087,0,0,0,149960,11560935,905000,487,451,938,0,116,116,946,116,1062,150000,12615935,0,0,0,24,0,0,0,0,0,63,394,0,0,0,0,0,0,0,0,0,8,0,0,0,0,31,0,0,0,0,222,0,320,0,0,0,0,0,0,0,1580,809,14522344,0,0,0,123,120,660700,4,0,22464,0,0,0,0,0,0,0,0,0,261,5,0,1192,684,13839180,0,0,0,0,0,0,0,660700,22464,0,0,0,16509100.86,75397885.92,0,0,18,36,3,16067060,1.4,0,0,1.4,0,1.4,0,0,1.4,0,0,0,0,0,0,20800,190201,190201,0,3396600,119748,502258.2,18360000,125460,8974980,2,759.615384615385,0,330769.230769231,0,0,0,0,0,0,159263.461538462,25721.1538461538,184984.615384615,0,57571.1538461538,60317.3076923077,117888.461538462,0,16700702.3076923,91442.7884615385,0,91442.7884615385,0,5558141.82692308,435096.153846154,72115.3846153846,6065353.36538462,5625021.79012186,440331.575262752,17141033.8829551,58549.2840721154,84567.2276682692,143116.511740385,759.615384615385,6981896.15384615,0,59.1346153846154,1.92307692307692,0,0,61.0576923076923,0,125.480769230769,573.076923076923,0,0,4987.70192307692,5048.75961538462,0,317644.230769231,10800,0,0,328444.230769231,0,7937067.72115385,36248983.6153846,0,0,44186051.3365385,44514495.5673077,0,450.961538461538,234.134615384615,216.826923076923,55.7692307692308,0,55.7692307692308,3.84615384615385,0,510.576923076923,0,0,0,11.5384615384615,0,0,0,0,0,30.2884615384615,189.423076923077,0,0,0,0,0,0,0,0,0,3.84615384615385,0,0,0,0,14.9038461538462,0,0,0,0,106.730769230769,0,153.846153846154,0,0,0,0,0,0,0,5859581.09032379,44514495.5673077,27373461.6843526,27813793.2596154,61.4933660047048,26190.0124855135,475.049246124974,13372015.9901997,89.0772128060264,22766055.6730769,234559.300201923,23000614.9732788,21513880.5940288,7.39285714285714
67,3,0,0,0,0,0,0,420660,0,0,0,0,0,0,0,0,0,0,0,0,0,0,0,0,0,0,0,0,0,0,0,0,0,0,0,0,0,0,0,0,0,0,0,0,0,0,0,0,0,0,0,0,0,0,0,0,0,0,0,0,0,0,0,0,0,0,0,0,0,0,0,0,0,0,0,0,0,0,0,0,51400,35000,0,0,0,0,0,0,0,0,0,0,0,0,420660,0,0,0,0,0,0,0,86400,0,0,86400,90,40,0,0,0,0,0,0,0,0,0,0,0,0,0,0,0,0,0,0,0,0,0,0,0,100007,68089,131215,1283555,0,385080,0,0,0,0,1668635,0,90,40,130,0,0,0,130,0,130,0,1668635,0,0,0,1,0,0,0,0,0,0,129,0,0,0,0,0,0,0,0,0,0,0,0,0,0,0,0,0,0,0,0,0,0,0,0,0,0,0,0,0,746,746,2887000,0,0,0,0,0,0,0,0,0,746,746,2887000,0,0,0,0,0,0,0,0,0,0,0,0,0,0,0,0,0,0,0,0,0,2887000,0,0,0,0,0,0,0,34,1,16067060,0.26,0.23,0.03,0,0,0.26,0.23,0.03,0,0,0,0,0,0,0,5000,82500,82500,0,43938200,582318,7893662.13333333,18360000,55080,5160996,2,1492,0,841320,0,0,0,0,0,0,0,172800,172800,1813333.33333333,1164636,110160,1274796,1813333.33333333,20169309.3333333,165000,0,165000,0,3337270,0,0,3337270,3337270,0,20169309.3333333,335504.714026667,55915.3615,391420.075526667,1492,5774000,0,0,0,1492,0,1492,0,0,0,0,0,0,1492,0,0,0,5774000,0,5774000,0,0,0,0,0,0,5774000,0,260,180,80,0,0,0,0,0,260,0,0,0,2,0,0,0,0,0,0,258,0,0,0,0,0,0,0,0,0,0,0,0,0,0,0,0,0,0,0,0,0,0,0,0,0,0,0,0,0,3893690.07552667,5774000,-14395309.3333333,-14395309.3333333,-249.312596697841,-110733.148717949,-42.9064294225957,-28790618.6666667,100,23506579.3333333,556420.075526667,24062999.40886,-18288999.40886,13.3125
69,3,0,0,0,0,0,0,30780,0,0,589950,0,0,0,0,0,0,0,0,0,0,0,0,0,0,0,0,0,0,0,0,0,0,0,0,0,0,0,0,0,0,0,0,0,0,0,0,0,0,0,0,0,0,0,0,0,0,0,0,0,0,0,0,0,0,0,0,0,0,0,0,0,0,0,0,0,0,0,0,0,0,48000,650000,0,0,0,0,0,0,0,0,0,0,0,620730,0,0,0,0,0,0,0,48000,0,650000,698000,308,173,0,0,0,0,0,0,0,0,0,0,0,0,0,0,0,0,0,0,0,0,0,0,0,71707,48989,93725,4400342,0,1688183,0,0,0,0,6088525,0,308,173,481,0,0,0,481,0,481,0,6088525,0,0,0,6,0,0,0,0,0,0,386,0,0,0,0,0,0,0,0,0,0,0,0,0,0,0,0,0,0,0,89,0,0,0,0,0,0,0,0,0,160,160,4780000,0,0,0,0,0,0,0,0,0,0,0,0,0,0,0,0,0,0,160,160,4780000,0,0,0,0,0,0,0,0,0,0,0,0,0,0,0,10120521.6,0,0,0,0,34,1,16067060,0.3,0,0,0.3,0,0.3,0,0,0.3,0,0,0,0,0,0,5000,220000,220000,0,16187400,97308,3631975.2,11016000,48637.8947368421,4017618.94736842,2,320,0,1241460,0,0,0,0,0,0,0,1396000,1396000,612000,194616,97275.7894736842,291891.789473684,612000,19608411.7894737,440000,0,440000,0,12177050,0,0,12177050,12177050,0,19608411.7894737,196594.569587368,190366.4535,386961.023087368,320,9560000,0,0,0,0,0,0,0,320,0,0,0,2284.8,2284.8,0,0,0,0,0,0,0,20241043.2,0,0,0,20241043.2,20241043.2,0,962,616,346,0,0,0,0,0,962,0,0,0,12,0,0,0,0,0,0,772,0,0,0,0,0,0,0,0,0,0,0,0,0,0,0,0,0,0,0,178,0,0,0,0,0,0,0,0,0,13004011.0230874,20241043.2,632631.410526317,632631.410526317,3.12548816913901,1315.24201772623,3.21794956927927,1265262.82105263,100,31785461.7894737,826961.023087368,32612422.8125611,-12371379.6125611,13.3125
69,3,0,0,0,0,0,0,52250,556320,0,1113191,0,0,0,0,0,0,0,0,0,0,0,0,0,0,0,0,0,0,0,0,0,0,0,0,80000,0,0,0,0,0,0,0,0,0,0,0,0,0,0,0,0,0,0,0,0,0,0,0,0,0,0,0,0,0,0,0,0,0,0,0,0,0,0,0,0,0,0,0,0,0,37000,0,0,0,0,0,0,0,0,0,0,0,0,1721761,80000,0,0,0,0,0,0,37000,0,0,37000,156,198,0,0,0,0,0,0,0,0,0,0,0,0,0,0,0,26,2,16,340000,0,0,0,0,314371,214114,412390,2227789,0,1936052,0,0,0,487370,4651211,340000,156,198,354,0,0,0,380,16,396,0,4991211,0,0,0,0,0,0,0,0,0,66,220,0,0,0,0,0,0,0,0,0,41,0,0,0,0,68,0,0,0,0,0,1,0,0,0,0,0,0,0,0,646,621,8318445,154,154,1385000,337,320,1905167,8,0,44928,0,0,0,0,0,0,5,5,200000,54,54,1863000,38,38,1168000,0,0,0,50,50,1752350,1385000,1905167,44928,0,0,316266.3,3415676.04,2403623.88,0,3162663,31,36,3,16067060,0.47,0,0,0.47,0,0.47,0,0,0.47,0,0,0,0,0,0,20000,137500,137500,0,25367400,72420,8527132,22032000,149481,11701042.2,2,323,0,860880.5,40000,0,0,0,0,0,0,18500,18500,446533.333333333,36210,74740.5,110950.5,446533.333333333,17543924.3333333,68750,0,68750,0,2325605.5,170000,0,2495605.5,2325605.5,170000,17713924.3333333,129966.019235,43882.5701,173848.589335,323,4159222.5,77,168.5,4,0,0,249.5,2.5,27,19,0,25,524.79,774.29,692500,952583.5,22464,0,0,1667547.5,158133.15,1707838.02,1201811.94,0,1581331.5,4649114.61,6316662.11,0,177,78,99,0,0,0,13,8,198,0,0,0,0,0,0,0,0,0,33,110,0,0,0,0,0,0,0,0,0,20.5,0,0,0,0,34,0,0,0,0,0,0.5,0,0,0,0,0,0,0,0,2568204.089335,6316662.11,-11397262.2233333,-11227262.2233333,-180.431722084519,-28351.6722811448,-86.3861360794054,-5613631.11166667,95.959595959596,20039529.8333333,242598.589335,20282128.4226683,-13965466.3126683,7.39285714285714
70,4,0,0,0,0,0,0,228000,13680,0,182400,0,0,0,0,0,0,0,0,0,0,0,0,0,0,0,0,0,0,0,0,0,0,0,0,0,0,0,0,0,0,0,0,0,0,0,0,0,0,0,0,0,0,0,0,0,0,0,0,0,0,0,0,0,0,0,0,0,0,0,0,0,0,0,0,0,0,0,0,0,22700,20000,0,0,0,0,0,0,0,0,0,0,0,0,424080,0,0,0,0,0,0,0,42700,0,0,42700,66,0,0,0,0,0,0,0,0,0,0,0,0,0,1,15,0,5,0,0,0,0,0,0,0,128255,87141,168705,934699,0,0,0,0,140715,93725,1028424,140715,66,0,66,0,15,15,71,15,86,0,1169139,0,0,0,0,0,0,0,0,0,8,61,0,0,0,0,0,0,0,0,0,5,0,0,0,0,0,12,0,0,0,0,0,0,0,0,0,0,0,0,0,338,320,3120500,313,313,2850500,0,0,0,0,0,0,0,0,0,0,0,0,0,0,0,0,0,0,16,0,0,0,0,0,9,7,270000,2850500,0,0,0,0,0,0,1012052.16,0,569279.34,0,36,1,16067060,0.1,0,0,0.1,0,0.1,0,0,0.1,0,0,0,0,0,0,5000,137500,137500,0,11585330,19752.3,2179096.84466667,1897200,15300,893520,2,676,0,848160,0,0,0,0,0,0,0,85400,85400,362666.666666667,39504.6,30600,70104.6,362666.666666667,17433391.2666667,275000,0,275000,0,2056848,281430,0,2338278,2056848,281430,17714821.2666667,78966.2529079333,42043.1183,121009.371207933,676,6241000,626,0,0,0,0,626,0,0,32,0,18,357,983,5701000,0,0,0,0,5701000,0,0,2024104.32,0,1138558.68,3162663,8863663,0,132,132,0,30,0,30,10,0,172,0,0,0,0,0,0,0,0,0,16,122,0,0,0,0,0,0,0,0,0,10,0,0,0,0,0,24,0,0,0,0,0,0,0,0,0,0,0,0,0,2452857.37120793,8863663,-8851158.26666667,-8569728.26666667,-99.8589213812243,-99648.0031007752,-108.523932073339,-17139456.5333333,82.5581395348837,19771669.2666667,396009.371207933,20167678.6378746,-11304015.6378746,7.39285714285714
71,4,0,0,0,0,0,0,182400,0,0,0,0,0,0,0,0,0,0,0,0,0,0,0,0,0,0,0,0,0,0,0,0,0,0,0,0,0,0,0,0,0,0,0,0,0,0,0,0,0,0,0,0,0,0,0,0,0,0,0,0,0,0,0,0,0,0,0,0,0,0,0,0,0,0,0,0,0,0,0,0,0,0,0,0,0,0,0,0,0,0,0,0,0,0,182400,0,0,0,0,0,0,0,0,0,0,0,121,0,0,0,0,0,0,0,0,0,0,0,0,0,0,0,0,0,0,0,0,0,0,0,0,199158,135112,262430,1717569,0,0,0,0,0,0,1717569,0,121,0,121,0,0,0,121,0,121,0,1717569,0,0,0,0,0,0,0,0,0,30,85,0,0,0,0,0,0,0,0,0,0,0,0,0,0,6,0,0,0,0,0,0,0,0,0,0,0,0,0,0,885,858,6538500,289,284,3222500,273,273,2062500,323,301,1253500,0,0,0,0,0,0,0,0,0,0,0,0,0,0,0,0,0,0,0,0,0,3222500,2062500,1253500,0,0,0,0,0,0,0,27,37,1,16067060,0.26,0,0.26,0,0,0,0,0,0,0,0.26,0,0.26,0,0,6000,1100000,0,1100000,19978400,272340,3698973.33333333,9486000,55160.5263157895,4409822.36842105,2,1475,0,304000,0,0,0,0,0,0,0,0,0,415555.555555556,453900,91934.2105263158,545834.210526316,415555.555555556,17332449.7660819,0,1833333.33333333,1833333.33333333,1833333.33333333,2862615,0,0,2862615,2862615,0,19165783.0994152,173663.374612573,40691.00275,214354.377362573,1475,10897500,481.666666666667,455,538.333333333333,0,0,1475,0,0,0,0,0,0,1475,5370833.33333333,3437500,2089166.66666667,0,0,10897500,0,0,0,0,0,0,10897500,0,201.666666666667,201.666666666667,0,0,0,0,0,0,201.666666666667,0,0,0,0,0,0,0,0,0,50,141.666666666667,0,0,0,0,0,0,0,0,0,0,0,0,0,0,10,0,0,0,0,0,0,0,0,0,0,0,0,0,0,3076969.37736257,10897500,-8268283.09941521,-6434949.76608188,-75.8732103639845,-53181.40302547,-37.054155952213,-10724916.2768031,100,20195064.7660819,2047687.71069591,22242752.4767778,-11345252.4767778,11.2
71,4,0,0,0,0,0,0,191331,0,0,0,0,0,0,0,0,0,0,0,0,0,0,0,0,0,0,0,0,0,0,0,0,0,0,0,0,0,0,0,0,0,0,0,0,0,0,0,0,0,1440000,0,0,960000,0,0,0,0,0,0,0,0,0,0,0,0,0,0,0,0,0,0,0,0,0,0,0,0,0,0,0,18860,10000,510000,0,0,0,0,0,0,0,0,0,0,0,191331,0,0,1440000,0,960000,0,0,28860,0,510000,538860,118,87,19,171,0,0,14,112,1754000,0,0,0,4,32,0,0,0,0,2,16,320000,0,98000,0,0,128566,87555,168705,1691534,2442907,847515,0,456192,0,0,4981956,2530192,289,87,376,144,0,144,376,160,536,98000,7610148,0,0,0,0,0,0,0,0,0,0,297,0,0,0,0,0,0,0,0,0,24,0,0,0,0,0,0,0,0,40,0,0,112,63,0,0,0,0,0,0,1846,1839,16400896,526,526,4058660,6,0,48354,0,0,0,0,0,0,0,0,0,0,0,0,0,0,0,0,0,0,0,0,0,1314,1313,12293882,4058660,48354,0,0,0,0,0,0,0,83114783.64,17,36,3,16067060,2,0,0,2,0,2,0,0,2,0,0,0,0,0,0,20000,275000,275000,0,14273200,45492,1316334.93333333,28458000,112543.578947368,8455804.29473684,2,923,0,95665.5,0,0,0,480000,0,720000,0,269430,269430,226666.666666667,22746,56271.7894736842,79017.7894736842,946666.666666667,17457839.9561404,137500,0,137500,480000,2490978,1265096,49000,3805074,2523474.14411218,1281599.85588782,19219439.8120282,62785.9945403509,69006.678075,131792.672615351,923,8200448,263,3,0,0,0,266,0,0,0,0,657,4690.98,4956.98,2029330,24177,0,0,0,2053507,0,0,0,0,41557391.82,41557391.82,43610898.82,0,188,144.5,43.5,72,72,0,0,8,268,0,0,0,0,0,0,0,0,0,0,148.5,0,0,0,0,0,0,0,0,0,12,0,0,0,0,0,0,0,0,20,0,0,56,31.5,0,0,0,0,0,0,2792766.81672753,43610898.82,24391459.0079718,26153058.8638596,55.9297324016305,48793.0202683949,416.542877998879,13076529.4319298,70.1492537313433,21742913.9561404,269292.672615351,22012206.6287557,21598692.1912443,7.39285714285714
72,4,0,0,0,0,0,0,17100,0,0,575700,0,0,0,0,0,0,0,0,0,0,0,0,0,0,0,0,0,0,0,0,0,0,0,0,0,0,0,0,0,0,0,0,0,0,0,0,0,0,0,0,0,0,0,0,0,0,0,0,0,0,0,0,0,0,0,0,0,0,0,0,0,0,0,0,0,0,0,0,0,0,0,70000,0,0,0,0,0,0,0,0,0,0,0,592800,0,0,0,0,0,0,0,0,0,70000,70000,303,153,0,0,0,0,0,0,0,0,0,0,0,0,0,0,0,0,0,0,0,0,0,0,0,57451,39294,74980,4338612,0,1483335,0,0,0,0,5821947,0,303,153,456,0,0,0,456,0,456,0,5821947,0,0,0,6,0,0,0,0,0,0,354,0,0,0,0,0,0,0,0,0,0,0,0,0,0,0,0,0,0,0,0,0,0,96,0,0,0,0,0,0,88,88,1430000,0,0,0,0,0,0,0,0,0,0,0,0,0,0,0,0,0,0,88,88,1430000,0,0,0,0,0,0,0,0,0,0,0,0,0,0,0,5566286.88,0,0,0,0,34,1,16067060,1,0,1,0,0,0,0,0,0,0,1,0,1,0,0,8000,143000,0,143000,6473600,165240,1336200,3672000,18360,1799280,2,110,0,741000,0,0,0,0,0,0,0,87500,87500,106250,206550,22950,229500,106250,17231310,0,178750,178750,178750,7277433.75,0,0,7277433.75,7277433.75,0,17410060,50363.6475,104161.2486875,154524.8961875,110,1787500,0,0,0,0,0,0,0,110,0,0,0,785.4,785.4,0,0,0,0,0,0,0,6957858.6,0,0,0,6957858.6,6957858.6,0,570,378.75,191.25,0,0,0,0,0,570,0,0,0,7.5,0,0,0,0,0,0,442.5,0,0,0,0,0,0,0,0,0,0,0,0,0,0,0,0,0,0,0,0,0,0,120,0,0,0,0,0,0,7431958.6461875,6957858.6,-10452201.4,-10273451.4,-150.221526490924,-22529.4986842105,-203.985452006827,-12841814.25,100,24508743.75,333274.8961875,24842018.6461875,-17884160.0461875,13.3125
73,4,0,0,0,0,0,0,28500,84246,0,139935,0,0,0,0,0,0,0,0,0,0,0,0,0,0,0,0,0,0,0,0,0,0,0,0,0,0,0,0,0,0,0,0,0,0,0,0,0,0,0,0,0,0,0,0,0,0,0,0,0,0,0,0,0,0,0,0,0,0,0,0,0,0,0,0,0,0,272000,0,0,0,0,0,0,0,0,0,0,0,0,0,0,0,0,252681,0,0,0,0,0,0,272000,0,0,0,0,155,0,0,0,0,0,0,0,0,0,0,0,15,108,15,108,0,13,0,0,0,0,0,0,0,142893,97312,187450,2217823,0,0,0,1527272,1030732,243685,2461508,2558004,155,0,155,108,108,216,168,216,384,0,5019512,0,0,0,0,0,0,0,0,0,75,286,0,0,0,0,0,0,0,0,0,13,0,0,0,0,10,0,0,0,0,0,0,0,0,0,0,0,0,0,0,1055,950,7500000,0,0,0,0,0,0,0,0,0,0,0,0,0,0,0,0,0,0,0,0,0,1055,950,7500000,0,0,0,0,0,0,0,0,0,0,0,0,0,66732189.3,0,0,4,36,2,16067060,0.12,0,0,0.12,0,0,0,0,0,0,0.12,0,0,0.12,0,12000,1100000,0,1100000,4614480,229459.2,-11113.92,36108000,239871.789473684,17751481.9578947,2,879.166666666667,0,210567.5,0,0,0,0,0,0,226666.666666667,0,226666.666666667,0,191216,199893.157894737,391109.157894737,0,16895403.3245614,0,916666.666666667,916666.666666667,916666.666666667,2051256.66666667,2131670,0,4182926.66666667,2051256.66666667,2131670,19943739.9912281,189969.774405789,59369.0667083333,249338.841114123,879.166666666667,6250000,0,0,0,0,0,0,0,0,879.166666666667,0,0,6277.25,6277.25,0,0,0,0,0,0,0,0,55610157.75,0,0,55610157.75,55610157.75,0,129.166666666667,129.166666666667,0,180,90,90,10.8333333333333,0,320,0,0,0,0,0,0,0,0,0,62.5,238.333333333333,0,0,0,0,0,0,0,0,0,10.8333333333333,0,0,0,0,8.33333333333333,0,0,0,0,0,0,0,0,0,0,0,0,0,0,2300595.50778079,55610157.75,35666417.7587719,38714754.4254386,64.136516064409,100819.672982913,203.7942854148,32262295.3545322,43.75,21078329.9912281,1166005.50778079,22244335.4990089,33365822.2509911,7.39285714285714
74,4,0,0,0,0,0,0,285000,54720,0,860320,0,0,0,0,0,0,0,0,0,0,0,0,0,0,0,0,0,0,0,0,0,0,0,0,0,0,0,0,0,0,0,0,0,0,0,0,0,0,0,0,0,0,0,0,0,0,0,0,0,0,0,0,0,0,0,0,0,0,0,0,0,0,0,0,0,0,0,0,0,0,0,0,0,0,0,0,0,0,0,0,0,0,0,1200040,0,0,0,0,0,0,0,0,0,0,0,420,295,0,0,0,0,0,0,0,0,0,0,6,36,1,10,0,9,0,0,0,0,0,0,0,199870,136016,262430,5984771,0,2861567,0,518182,96950,168705,9015043,615132,420,295,715,36,10,46,724,46,770,0,9630175,0,0,0,5,0,0,0,0,0,76,619,0,0,0,0,0,0,0,0,0,47,0,0,0,0,0,0,0,0,0,0,0,0,23,0,0,0,0,0,0,1142,1142,11673000,0,0,0,1138,1138,11553000,0,0,0,0,0,0,0,0,0,0,0,0,4,4,120000,0,0,0,0,0,0,0,0,0,0,11553000,0,0,0,0,253013.04,0,0,0,0,34,3,16067060,2,0,0,2,0,0,0,0,0,0,2,0,0,2,0,25000,770000,0,770000,12257680,42432,3759429.86666667,25704000,257040,22019760,1,456.8,0,480016,0,0,0,0,0,0,0,0,0,192666.666666667,16972.8,102816,119788.8,192666.666666667,16859531.4666667,0,308000,308000,308000,3606017.2,246052.8,0,3852070,3606017.2,246052.8,17413584.2666667,132505.035914667,55667.3050999999,188172.341014667,456.8,4669200,0,455.2,0,0,0,455.2,0,1.6,0,0,0,11.424,466.624,0,4621200,0,0,0,4621200,0,101205.216,0,0,0,101205.216,4722405.216,400,286,168,118,18.4,14.4,4,3.6,0,308,0,0,0,2,0,0,0,0,0,30.4,247.6,0,0,0,0,0,0,0,0,0,18.8,0,0,0,0,0,0,0,0,0,0,0,0,9.2,0,0,0,0,0,0,3794189.54101467,4722405.216,-12691179.0506667,-12137126.2506667,-268.743965631489,-15762.5016242424,-91.5974714989926,-4854850.50026667,94.025974025974,20711601.4666667,496172.341014667,21207773.8076813,-16485368.5916813,13.3125
76,4,0,0,0,0,0,0,25080,0,0,114000,0,0,0,0,0,0,0,0,0,0,0,0,0,0,0,0,0,0,0,0,0,0,0,0,0,0,0,0,0,0,0,0,0,0,0,0,0,0,0,0,0,0,0,0,0,0,0,0,0,0,0,0,0,0,0,0,0,0,0,0,0,0,0,0,0,0,0,0,0,0,0,0,0,0,0,0,0,0,0,0,0,0,0,139080,0,0,0,0,0,0,0,0,0,0,0,40,29,0,0,0,0,0,0,0,0,0,0,0,0,0,0,0,0,0,0,0,0,0,0,0,42886,29223,56235,570476,0,281155,0,0,0,0,851631,0,40,29,69,0,0,0,69,0,69,0,851631,0,0,0,2,0,0,0,0,0,0,67,0,0,0,0,0,0,0,0,0,0,0,0,0,0,0,0,0,0,0,0,0,0,0,0,0,0,0,0,0,38,38,1013308,0,0,0,0,0,0,0,0,0,0,0,0,0,0,0,0,0,0,0,0,0,38,38,1013308,0,0,0,0,0,0,0,0,0,0,0,0,0,2403623.88,0,0,0,34,1,16067060,0.26,0,0,0.26,0,0.26,0,0,0.26,0,0,0,0,0,0,5000,5500,5500,0,3060000,76500,436050,0,0,0,2,76,0,278160,0,0,0,0,0,0,0,0,0,0,153000,0,153000,0,16498220,11000,0,11000,0,1703262,0,0,1703262,1703262,0,16498220,11206.485,25461.2727,36667.7577,76,2026616,0,0,0,0,0,0,0,0,76,0,0,542.64,542.64,0,0,0,0,0,0,0,0,4807247.76,0,0,4807247.76,4807247.76,0,138,80,58,0,0,0,0,0,138,0,0,0,4,0,0,0,0,0,0,134,0,0,0,0,0,0,0,0,0,0,0,0,0,0,0,0,0,0,0,0,0,0,0,0,0,0,0,0,0,1750929.7577,4807247.76,-11690972.24,-11690972.24,-243.194709814582,-169434.380289855,-1043.23275674754,-23381944.48,100,18201482,47667.7577,18249149.7577,-13441901.9977,13.3125
76,4,0,0,0,0,0,0,45600,5586,0,22070,0,0,0,0,0,0,0,0,0,0,0,0,0,0,0,0,0,0,0,0,0,0,0,0,40000,0,0,0,0,0,0,0,0,0,0,0,0,0,0,0,0,0,0,0,0,0,0,0,0,0,0,0,0,0,0,0,0,0,0,0,0,0,0,0,0,0,0,0,0,0,3000,0,0,0,0,0,0,0,0,0,0,0,0,73256,40000,0,0,0,0,0,0,3000,0,0,3000,102,8,0,0,0,0,6,49,480000,6,24,180000,0,0,0,0,0,16,0,0,0,0,0,0,0,158125,108249,206195,1461786,0,79464,0,0,0,299920,1841170,660000,102,8,110,49,24,73,126,73,199,0,2501170,0,0,0,0,0,0,8,0,0,5,158,0,0,0,0,0,0,0,0,0,26,0,0,0,0,0,0,0,0,0,2,0,0,0,0,0,0,0,0,0,473,562,4552742,23,10,310500,450,552,4242242,0,0,0,0,0,0,0,0,0,0,0,0,0,0,0,0,0,0,0,0,0,0,0,0,310500,4242242,0,0,0,0,0,0,0,0,68,99,2,16067060,1.32,0,0,1.32,0,1.32,0,0,1.32,0,0,0,0,0,0,11000,1100001,1100001,0,73440000,1338750,24320625,33660000,223380,20078190,2,430,0,66596.3636363636,36363.6363636364,0,0,0,0,0,0,2727.27272727273,2727.27272727273,695454.545454545,1217045.45454545,203072.727272727,1420118.18181818,695454.545454545,18288320,1000000.90909091,0,1000000.90909091,0,1673790.90909091,600000,0,2273790.90909091,1673790.90909091,600000,18888320,518658.884318182,30576.2946363636,549235.178954546,430,4138856.36363636,20.9090909090909,409.090909090909,0,0,0,430,0,0,0,0,0,0,430,282272.727272727,3856583.63636364,0,0,0,4138856.36363636,0,0,0,0,0,0,4138856.36363636,0,100,92.7272727272727,7.27272727272727,66.3636363636364,44.5454545454545,21.8181818181818,14.5454545454545,0,180.909090909091,0,0,0,0,0,0,7.27272727272727,0,0,4.54545454545455,143.636363636364,0,0,0,0,0,0,0,0,0,23.6363636363636,0,0,0,0,0,0,0,0,0,1.81818181818182,0,0,0,0,0,0,0,0,0,3223026.99713636,4138856.36363636,-14749463.6363636,-14149463.6363636,-356.365680286737,-71102.8323435359,-27.2808662189682,-12863148.7603306,63.3165829145729,20562110.9090909,1549236.08804545,22111346.9971364,-17972490.6335,14.0909090909091
77,4,0,0,0,0,0,0,0,22800,0,164122,0,0,0,0,0,0,0,0,0,0,0,0,0,0,0,0,0,0,0,0,0,0,0,0,0,0,0,0,0,0,0,0,0,0,0,0,0,0,0,0,0,0,0,0,0,0,0,0,0,0,0,0,0,0,0,0,0,0,0,0,0,0,0,0,0,0,0,0,0,0,9000,0,0,0,0,0,0,0,0,0,0,0,0,186922,0,0,0,0,0,0,0,9000,0,0,9000,174,67,0,0,0,0,0,0,0,0,0,0,0,0,0,0,0,2,0,0,0,0,0,0,0,157696,107697,206195,2487428,0,647285,0,0,0,37490,3172203,0,174,67,241,0,0,0,243,0,243,0,3172203,0,0,0,0,0,0,0,0,0,0,150,0,0,0,0,0,0,0,0,0,10,0,8,0,0,0,0,0,0,44,0,0,0,31,0,0,0,0,0,0,582,567,1927302,35,35,297500,18,0,145062,0,0,0,0,0,0,0,0,0,0,0,0,13,17,390000,414,100,744000,0,250,0,102,165,350740,297500,145062,0,0,0,0,822292.38,26186849.64,0,6451832.52,44,36,1,16067060,0.33,0.14,0.19,0,0,0.33,0.14,0.19,0,0,0,0,0,0,0,8000,307999,307999,0,7143400,205734,1124128.4,4284000,28184.2105263158,1888342.10526316,2,727.5,0,233652.5,0,0,0,0,0,0,0,11250,11250,17000,257167.5,35230.2631578947,292397.763157895,17000,16621360.2631579,384998.75,0,384998.75,0,3965253.75,0,0,3965253.75,3965253.75,0,16621360.2631579,48387.8074907895,54100.5078125,102488.315303289,727.5,2409127.5,43.75,22.5,0,0,0,66.25,0,16.25,517.5,0,127.5,4721.325,4787.575,371875,181327.5,0,0,0,553202.5,0,1027865.475,32733562.05,0,8064790.65,41826218.175,42379420.675,0,301.25,217.5,83.75,0,0,0,2.5,0,303.75,0,0,0,0,0,0,0,0,0,0,187.5,0,0,0,0,0,0,0,0,0,12.5,0,10,0,0,0,0,0,0,55,0,0,0,38.75,0,0,0,0,0,0,4452740.81530329,42379420.675,25758060.4118421,25758060.4118421,60.7796425755225,106000.248608404,532.32542963938,32197575.5148026,100,20586614.0131579,487487.065303289,21074101.0784612,21305319.5965388,7.39285714285714
