"임가번호","연령별","지역별","전/겸업별","업종별","가구원수별","임지규모별","임가소득","경상소득","임가순소득","임업소득","임외소득","이전소득","비경상소득","가계지출","소비지출","비소비지출","임가처분가능소득","임가경제잉여","임업총수입","임업경영비","겸업소득","겸업수입","겸업지출","사업외소득","사업외수입","사업외지출","재산적 수입","재산적 지출","경지면적_총합","자본","연초보유 현금","연말보유 현금","가중치"
1001,4,32,3,8,1,2,8381710,6881710,1341710,-8227310,9569020,5540000,1500000,11332095,9112385,2219710,6162000,-2950385,0,8227310,9569020,10823250,1254230,0,0,0,0,50000,13350,303883560,850060,1416400,193.4375
1002,5,32,3,8,1,1,25845419,24845419,18858419,7987522,10870897,5987000,1000000,15873264,11917164,3956100,21889319,9972155,10312400,2324878,10870897,33742125,22871228,0,0,0,4207503,3258000,900,317698750,3846947,1425000,180.869565217391
1003,3,32,2,6,1,1,-23704536,-26904536,-27038834,-28506005,1467171,134298,3200000,52458474,46983334,5475140,-29179676,-76163010,56963674,85469679,-280329,2210000,2490329,1747500,1747500,0,21170798,3196780,3600,878043608,2000000,1425000,29.6
1004,4,32,3,8,1,1,34953780,33313780,30389680,-2217029,32606709,2924100,1640000,32919870,27661390,5258480,29695300,2033910,0,2217029,32606709,56934900,24328191,0,0,0,2634992,17971000,3085,359736740,1825728,1425000,180.869565217391
1005,4,32,3,8,2,1,46696511,46196511,36686511,19927304,16759207,9510000,500000,27241442,20299218,6942224,39754287,19455069,23000000,3072696,13759207,21362500,7603293,3000000,3000000,0,7746936,300000,1200,456481894,1013742,1425000,180.869565217391
1006,5,32,3,8,1,4,6650104,5150104,-472896,-585593,112697,5623000,1500000,13301536,12949136,352400,6297704,-6651432,0,585593,-341713,500000,841713,454410,454410,0,3803722,530000,7000,401832682,1498860,1425000,193.4375
1007,4,32,3,8,2,1,336410825,321900857,296439946,-6811844,303251790,25460911,14509968,168116102,150643532,17472570,318938255,168294723,12757000,19568844,288195331,386852281,98656950,15056459,15056459,0,68597060,93001199,2972,1501757133,2342961,1425000,193.4375
1008,4,32,3,2,1,2,5269061,5269061,5259871,7433340,-2173469,9190,0,28789168,27539778,1249390,4019671,-23520107,8000000,566660,-2173469,0,2173469,0,0,0,8456000,11272000,5000,219786300,750000,1425000,24.1818181818182
1009,5,32,3,1,1,2,17685000,17685000,6892000,61000,6831000,10793000,0,9961142,9937582,23560,17661440,7723858,250000,189000,0,0,0,6831000,6831000,0,1701478,210000,13267,194784178,750000,1425000,49.1111111111111
1010,5,32,3,1,1,3,29756507,25436507,16964661,1156500,15808161,8471846,4320000,24788426,23108023,1680403,28076104,4968081,1156500,0,1038191,1322650,284459,14769970,14769970,0,4870780,500000,29000,207560380,1000000,1425000,61.4444444444444
1011,3,32,3,1,1,2,36963250,36963250,36963250,4726700,32236550,0,0,24437742,21370522,3067220,33896030,12525508,4810000,83300,32236550,32372150,135600,0,0,0,9707282,6221890,6000,224836210,1250000,1425000,49.1111111111111
1012,4,32,3,1,2,2,46257034,41279198,37764543,4897070,32867473,3514655,4977836,36949860,32424700,4525160,41731874,9307174,5249600,352530,6573526,10684541,4111015,26293947,26293947,0,37800020,26986120,10600,316736600,1200000,1714600,49.1111111111111
1013,4,32,3,1,1,2,14952090,10352090,4038000,3008000,1030000,6314090,4600000,35079401,25840931,9238470,5713620,-20127311,3058000,50000,1030000,1120000,90000,0,0,0,25500000,13205700,10000,-353508700,450000,1362800,49.1111111111111
1014,3,32,3,1,1,2,51112027,49312027,45768638,5462000,40306638,3543389,1800000,55861728,24441708,31420020,19692007,-4749701,5462000,0,39836638,43757700,3921062,470000,470000,0,49470000,37534360,10000,476124900,1300000,1997200,49.1111111111111
1015,5,32,3,1,1,2,7580210,6280210,5933010,3171000,2762010,347200,1300000,12225110,11484180,740930,6839280,-4644900,3171000,0,1813470,2492300,678830,948540,948540,0,0,1530000,12000,453312500,875000,1522200,49.1111111111111
1016,5,32,3,8,1,1,9011324,8411324,506984,1310060,-803076,7904340,600000,13341532,10078342,3263190,5748134,-4330208,2010000,699940,-803076,0,803076,0,0,0,4970000,4030000,1893.2,331754900,360000,1713400,180.869565217391
1017,4,32,3,1,1,3,5314880,5314880,-985120,1223380,-2208500,6300000,0,20573210,16791210,3782000,1532880,-15258330,1920000,696620,-2208500,0,2208500,0,0,0,4000000,50000,20000,343083200,1500000,1465500,61.4444444444444
1018,4,32,3,1,1,2,19238500,18088500,6188500,1116700,5071800,11900000,1150000,70335725,21876225,48459500,-29221000,-51097225,1972000,855300,5071800,5333750,261950,0,0,0,3000000,5900000,14300,431429300,1380000,1471700,49.1111111111111
1019,4,32,3,1,3,2,30302293,30302293,30229293,730000,29499293,73000,0,19236434,17862174,1374260,28928033,11065859,730000,0,-200707,0,200707,29700000,29700000,0,1000000,0,9000,219687700,450000,1560500,49.1111111111111
1020,4,32,3,2,3,2,-49026760,-52213475,-52213475,2333380,-54546855,0,3186715,112696298,104994868,7701430,-56728190,-161723058,2880000,546620,-54942855,13595600,68538455,396000,396000,0,100540000,37968000,5000,920056500,1340000,1430100,24.1818181818182
1021,4,32,3,8,2,1,45873900,43673900,43673900,238100,43435800,0,2200000,36413000,30869300,5543700,40330200,9460900,1340000,1101900,-25200,0,25200,43461000,43461000,0,2118000,15946000,4500,323169300,2000000,1169500,193.4375
1022,4,32,3,8,1,1,11755970,8335970,7735970,6692320,1043650,600000,3420000,14406187,11410992,2995195,8760775,-2650217,7166000,473680,1043650,2200050,1156400,0,0,0,750000,10868100,1063,344144800,1000000,1676500,193.4375
1023,4,32,2,8,1,4,163931932,159881932,157981932,158046051,-64119,1900000,4050000,54741301,46184141,8557160,155374772,109190631,163953901,5907850,-343565,581585,925150,279446,279446,0,14445880,207783479,32500,461440000,1750000,1519400,193.4375
1024,4,32,3,5,1,1,8834210,8634210,8634210,1108870,7525340,0,200000,24136644,22398194,1738450,7095760,-15302434,3967000,2858130,7525340,7546660,21320,0,0,0,0,6300000,861.7,779093500,1235000,1459000,112
1027,4,32,3,8,1,1,11009600,11009600,11009600,1950000,9059600,0,0,8715338,8330338,385000,10624600,2294262,1950000,0,9059600,10265000,1205400,0,0,0,0,12477281,500,74496200,1253000,1317700,180.869565217391
1028,4,32,3,8,1,1,11863431,10463431,2065749,964380,1101369,8397682,1400000,9241867,8802127,439740,11423691,2621564,1200000,235620,-1383531,0,1383531,2484900,2484900,0,0,2000000,450,205805100,1200000,1672500,180.869565217391
1029,5,32,3,8,1,1,10988945,10988945,6250445,4859370,1391075,4738500,0,31166426,27713266,3453160,7535785,-20177481,5390000,530630,1391075,5709250,4318175,0,0,0,0,7750000,4700,647138800,1500000,1478900,203
1030,5,32,3,4,2,1,4110936,4110936,-1698264,1021000,-2719264,5809200,0,16030900,7392740,8638160,-4527224,-11919964,1078000,57000,-2719264,0,2719264,0,0,0,7000000,330000,2692,272338600,1200000,1514500,203
1031,5,32,3,4,1,1,20811565,17111565,10761715,609290,10152425,6349850,3700000,19721548,17283318,2438230,18373335,1090017,1197000,587710,9489125,12664015,3174890,663300,663300,0,0,2000000,500,446965600,1500000,2023400,203
1032,5,32,3,4,1,1,10284700,7424700,702500,616100,86400,6722200,2860000,2796901,2796901,0,10284700,7487799,814000,197900,-180900,192000,372900,267300,267300,0,0,0,1000,215157100,3000000,1410200,203
1033,4,32,3,6,3,1,4754647,2954647,2954647,2509500,445147,0,1800000,31945380,29707967,2237413,2517234,-27190733,4379000,1869500,-465653,3014000,3479653,910800,910800,0,1800000,888515,1220,264259385,1300000,1488100,18.2333333333333
1034,4,32,2,6,3,1,5321720,5321720,5321720,705600,4616120,0,0,18336174,14879174,3457000,1864720,-13014454,30774500,30068900,4616120,5000000,383880,0,0,0,19353000,23000,579,63142200,130000,1599400,18.2333333333333
1035,4,32,3,3,1,1,17630162,15350162,3470915,-304640,3775555,11879247,2280000,19296370,16687750,2608620,15021542,-1666208,2352000,2656640,1328275,3058375,1730100,2447280,2447280,0,0,1610000,810,210560900,550000,2847600,151.8
1036,5,32,3,2,1,1,11521670,10321670,4216070,506670,3709400,6105600,1200000,21841310,16883310,4958000,6563670,-10319640,1500000,993330,3442100,6040000,2597900,267300,267300,0,0,0,5185,299129700,1000000,1416200,24.1818181818182
1037,3,32,3,3,1,1,6438565,6438565,6438565,7560610,-1122045,0,0,14779344,12462234,2317110,4121455,-8340779,15186560,7625950,-1122045,4601950,5723995,0,0,0,0,6000000,3270,96026500,1500000,1907500,151.8
1038,4,32,3,6,2,1,74762555,73072555,66212555,50260700,15951855,6860000,1690000,27391158,25913838,1477320,73285235,47371397,55942000,5681300,13071855,13776440,704585,2880000,2880000,0,0,23500000,9300,174193700,1300000,1593500,26.375
1039,4,32,2,6,2,2,-3847432,-3847432,-3847432,352620,-4200052,0,0,22848117,19591087,3257030,-7104462,-26695549,20920000,20567380,-4200052,2000000,6200052,0,0,0,27000000,11667300,7000,733912900,1200000,1936600,26.375
1040,3,32,3,6,1,1,51262296,49852296,48772296,22712190,26060106,1080000,1410000,21877867,18197677,3680190,47582106,29384429,23988000,1275810,13334810,16549000,3214190,12725296,27725296,15000000,6718238,15075320,1500,677197438,830000,1505600,130
1042,5,32,3,2,1,1,14194237,12064237,3957787,1120862,2836925,8106450,2130000,21899220,15649860,6249360,7944877,-7704983,1455000,334138,-2731975,2855000,5586975,5568900,5568900,0,4450000,3370000,2110.8,11294260,2705560,1328900,24.1818181818182
1043,4,32,3,2,1,1,55975094,41120094,28705944,6016507,22689437,12414150,14855000,42979465,27965865,15013600,40961494,12995629,7895500,1878993,8998257,14139020,5140763,13691180,13691180,0,2210000,15030000,276.3,278259600,2000000,1355700,24.1818181818182
1044,3,32,3,2,1,2,10957000,10957000,7177000,7423340,-246340,3780000,0,12802391,12191391,611000,10346000,-1845391,7500000,76660,-246340,0,246340,0,0,0,1000000,200000,15000,255279200,780000,1419300,24.1818181818182
1045,4,32,3,2,1,2,39698902,37398902,31176152,6683270,24492882,6222750,2300000,30975011,18752536,12222475,27476427,8723891,10850000,4166730,2853282,5089448,2236166,21639600,21739600,100000,22400000,5740890,5000,184768000,2000000,1141200,24.1818181818182
1046,4,32,3,8,1,1,56498602,47528602,42158017,4230410,37927607,5370585,8970000,31134525,22800525,8334000,48164602,25364077,5799800,1569390,3494173,5732080,2237907,34433434,35053434,620000,60000,10650000,270,94778124,1541512,1454000,180.869565217391
1047,4,32,2,8,2,1,51537523,51337523,47747325,45355960,2391365,3590198,200000,27573970,25797410,1776560,49760963,23963553,56897700,11541740,-1784635,409025,2193660,4176000,4316400,140400,0,9860000,4457,628530916,2684268,1354100,180.869565217391
1048,5,32,3,2,1,1,20646790,17146790,9150640,3291290,5859350,7996150,3500000,15650860,14662350,988510,19658280,4995930,3716290,425000,3552550,6037400,2484850,2306800,2306800,0,0,5480000,122.4,412834400,1200000,1296700,24.1818181818182
1049,4,32,3,5,1,2,33325639,30708388,19851578,10118305,9733273,10856810,2617251,32293093,28508993,3784100,29541539,1032546,11005485,887180,7870436,10839318,2968882,1862837,1862837,0,300000,12390000,14920.5,619168642,1228649,1211300,107.166666666667
1050,3,32,3,2,1,1,46521835,44721835,44421835,11644740,32777095,300000,1800000,52491214,40207511,12283703,34238132,-5969379,11919200,274460,32652495,68855955,36203460,124600,124600,0,99720390,38062317,649,41756428,1350000,1245600,120.733333333333
1051,5,32,3,2,1,1,17723450,12723450,5671450,3486700,2184750,7052000,5000000,21221420,19979420,1242000,16481450,-3497970,3822000,335300,2184750,3535850,1351100,0,0,0,350000,28680000,0,182795100,1200000,1246100,120.733333333333
1052,4,32,3,2,1,1,29808375,27078375,23459875,10267050,13192825,3618500,2730000,23751600,22291600,1460000,28348375,6056775,13059000,2791950,11069425,15899025,4829600,2123400,2123400,0,1690000,19610000,530,502513660,1980000,1395500,120.733333333333
1053,4,32,3,2,2,1,14172890,14172890,14172890,481410,13691480,0,0,18819880,17136760,1683120,12489770,-4646990,1182200,700790,13641480,21747810,8106330,50000,50000,0,24000000,3435000,562.4,97457000,1500000,2273800,24.1818181818182
1054,4,32,3,2,3,1,50641205,49656528,29445369,2499380,26945989,20211159,984677,51353930,36193929,15160001,35481204,-712725,3166000,666620,25955989,40566657,14610668,990000,990000,0,1944650,102625000,55.9,484628772,1620000,1191900,24.1818181818182
1055,3,32,2,1,3,5,136241398,133099931,89397926,63200426,26197500,43702005,3141467,53508492,45116242,8392250,127849148,82732906,308572350,245371924,18697500,18822500,125000,7500000,7500000,0,128897770,264165386,0,3561311757,1700000,2117400,61.4444444444444
1056,3,32,3,8,2,1,41594292,34994292,33177784,9735800,23441984,1816508,6600000,30870549,21781570,9088979,32505313,10723743,15950800,6215000,5552752,11292309,5739557,17889232,17889232,0,20932264,17075643,877,117270280,1300000,2057300,180.869565217391
1057,3,32,3,8,1,1,61590194,58640194,30913147,35264623,-4351476,27727047,2950000,54930386,39093336,15837050,45753144,6659808,49360313,14095690,-6441476,4489000,10930476,2090000,2090000,0,10823220,16063000,3112,312619420,1500000,1578100,180.869565217391
1058,4,32,3,5,2,1,79102900,79102900,71902900,14192400,57710500,7200000,0,100439040,80427540,20011500,59091400,-21336140,15084000,891600,33950500,36021000,2070500,23760000,23760000,0,7500000,14000000,700,1319110000,2450000,1733500,186
1059,3,32,3,2,1,1,35181660,35181660,28341660,7348600,20993060,6840000,0,33982893,31715202,2267691,32913969,1198767,7549600,201000,40700,1242700,1202000,20952360,20952360,0,1600000,1200000,926,281352704,1530000,1457400,24.1818181818182
1061,4,32,3,2,1,1,23912672,23896672,16216672,360000,15856672,7680000,16000,33745591,31715041,2030550,21882122,-9832919,545000,185000,-1775828,1395250,3171078,17632500,17671500,39000,0,4500000,0,329963300,1700000,1652500,24.1818181818182
1062,4,32,3,2,1,1,30729944,28479944,21855294,1038160,20817134,6624650,2250000,22529512,20503314,2026198,28703746,8200432,1604000,565840,176258,3488120,3311862,20640876,20640876,0,2500000,5000000,0,139288600,1200000,1688500,24.1818181818182
1063,4,32,3,2,2,1,23916283,23916283,8398438,2953790,5444648,15517845,0,25582688,24047488,1535200,22381083,-1666405,3570000,616210,5444648,11303670,5859022,0,0,0,18760000,9500000,39.3,779596040,1300000,1581300,24.1818181818182
1064,3,32,3,2,2,1,16216052,5666052,5666052,-2069750,7735802,0,10550000,40548520,36697020,3851500,12364552,-24332468,6064400,8134150,5137240,8309665,3172425,2598562,2598562,0,4605770,14703930,2825.1,568209080,1540000,1871200,120.733333333333
1065,4,32,3,2,1,1,19134104,18584104,4525804,3579780,946024,14058300,550000,29693052,28175672,1517380,17616724,-10558948,4607410,1027630,698524,10031055,9332531,247500,247500,0,4500000,21180000,0,199881760,1570000,1642100,120.733333333333
1066,4,32,3,8,1,1,14259472,13759472,7476972,11546885,-4069913,6282500,500000,25489980,22714710,2775270,11484202,-11230508,18569000,7022115,-4069913,22550435,26620348,0,0,0,0,5660000,934,425144630,1750000,1553800,180.869565217391
1067,5,32,3,8,1,1,19144438,16515688,13311709,-266490,13578199,3203979,2628750,17831636,17150756,680880,18463558,1312802,2632900,2899390,12474659,23476583,11001924,1103540,1103540,0,0,5580000,2066.8,1207570744,1700000,1469900,180.869565217391
1068,4,32,3,8,1,1,11518835,11518835,6624835,3673510,2951325,4894000,0,20610500,17969500,2641000,8877835,-9091665,6437250,2763740,2951325,3311925,360600,0,0,0,0,8160000,2669,263008700,1560000,1459100,180.869565217391
1069,4,32,3,2,1,4,65950325,62400732,57801732,-502925,58304657,4599000,3549593,50050933,36982990,13067943,52882382,15899392,1622000,2124925,57541303,120402559,62861256,763354,763354,0,0,23205000,38065,629676134,2500000,1521700,24.1818181818182
1070,5,32,3,2,1,1,25822690,13079140,2469740,479000,1990740,10609400,12743550,25374160,22915860,2458300,23364390,448530,679000,200000,-909460,2195200,3104660,2900200,2900200,0,0,9700000,404,167825300,1200000,1348400,24.1818181818182
1071,4,32,3,2,1,1,55854855,54384855,43612815,8170100,35442715,10772040,1470000,37483130,27709380,9773750,46081105,18371725,8916400,746300,30642715,43268865,12626150,4800000,4800000,0,6300000,50520000,10.3,422078640,2300000,1244700,24.1818181818182
1072,4,32,3,2,1,1,116611821,108186669,91663375,8750200,82913175,16523294,8425152,49887294,43429584,6457710,110154111,66724527,13530000,4779800,61747543,93803170,32055627,21165632,21165632,0,20590000,38066000,40494,685033242,1750000,1598100,24.1818181818182
1073,3,32,2,8,1,1,-3264612,-3264612,-5565740,-10072340,4506600,2301128,0,16633640,15097090,1536550,-4801162,-19898252,13791500,23863840,3287100,3692500,405400,1219500,1219500,0,1000000,1220000,10701,-37507500,438000,1456100,180.869565217391
1074,4,32,3,8,1,4,9764680,9764680,9764680,-3905320,13670000,0,0,20691500,17691500,3000000,6764680,-10926820,100000,4005320,13670000,28350000,14680000,0,0,0,0,4000000,15000,285011600,5000000,1243600,180.869565217391
1078,5,32,3,8,1,1,16536000,16136000,12586000,2566000,10020000,3550000,400000,14075858,14075858,0,16536000,2460142,8407300,5841300,10020000,11550000,1530000,0,0,0,0,2500000,2900,30528700,862000,1439700,180.869565217391
1079,5,32,2,8,1,1,8849900,8849900,-2740100,-1383500,-1356600,11590000,0,15206080,13611080,1595000,7254900,-6356180,1900000,3283500,-1356600,0,1356600,0,0,0,6000000,180000,2800,642211880,1100480,1615900,180.869565217391
1080,5,32,3,8,1,1,28357964,27492019,19596373,2496850,17099523,7895646,865945,15942674,14338754,1603920,26754044,12415290,2820000,323150,2654723,7375800,4721077,14444800,14484800,40000,4000000,4350000,8972,1090915987,465087,1514800,180.869565217391
1082,4,32,2,8,1,3,19189145,19189145,14974510,9458647,5515863,4214635,0,36558812,34353612,2205200,16983945,-17369667,39170600,29711953,5515863,7528500,2012637,0,0,0,0,20555000,33500,1176010888,1015588,1598300,193.4375
1083,3,32,2,8,2,4,-462730,-462730,-462730,-871000,408270,0,0,29940900,17369830,12571070,-13033800,-30403630,840000,1711000,408270,1530000,1121730,0,0,0,0,24500000,2900,206848880,1055980,1300300,193.4375
1084,4,32,3,8,1,1,13936703,13838383,7970281,-1417750,9388031,5868102,98320,34705785,29691384,5014401,8922302,-20769082,2931000,4348750,4324267,6533492,2209225,5063764,5063764,0,10156681,2000000,8470,3627582140,485759,1373800,193.4375
1085,3,32,2,8,1,1,27677570,27177570,27177570,29768580,-2591010,0,500000,53098250,39626100,13472150,14205420,-25420680,43847300,14078720,-3612690,3807000,7419690,1021680,1021680,0,13000000,24400000,4500,133334350,299950,1720500,180.869565217391
1086,4,32,2,8,2,1,-4668161,-4668161,-7635891,-5439345,-2196546,2967730,0,42308899,40749269,1559630,-6227791,-46977060,3575000,9014345,-2196546,189000,2385546,0,0,0,0,6000000,7505,486908092,495892,1479200,193.4375
1087,5,32,3,7,1,2,-88300,-688300,-2888300,-2593300,-295000,2200000,600000,8290202,7814202,476000,-564300,-8378502,1650000,4243300,-295000,0,295000,0,0,0,0,3500000,2907,246772700,215000,1480600,90.3888888888889
1088,4,32,3,7,4,3,5745741,4245741,-2954259,-36720,-2917539,7200000,1500000,26906794,22117324,4789470,956271,-21161053,0,36720,-3179090,7087400,10266490,261551,261551,0,11500000,1058000,17428,1436478550,966850,1693700,90.3888888888889
1089,4,32,3,5,1,2,68177974,57733282,48216937,560000,47656937,9516345,10444692,34971168,31708048,3263120,64914854,33206806,560000,0,46428503,66127564,19699061,1228434,1228434,0,0,14340000,14940,702844648,1089148,1447600,14.5
1090,3,32,3,5,2,1,13877700,13877700,13877700,8432700,5445000,0,0,19843600,17243600,2600000,11277700,-5965900,28110000,19677300,5445000,9895000,4450000,0,0,0,0,9000000,61500,82231400,883000,1313900,14.5
1091,5,32,3,1,1,2,7725000,7225000,525000,0,525000,6700000,500000,6014300,6014300,0,7725000,1710700,0,0,525000,525000,0,0,0,0,0,1500000,15000,418481800,3049000,1511500,49.1111111111111
1092,4,32,3,1,2,4,10400000,10400000,10400000,0,10400000,0,0,14639300,12615300,2024000,8376000,-4239300,0,0,10400000,10685000,285000,0,0,0,0,13500000,39771,740834500,841000,1334800,61.4444444444444
1093,3,32,2,8,1,1,35584800,33586800,31692271,-6500500,38192771,1894529,1998000,34018433,32458583,1559850,34024950,1566367,10313200,16813700,36864771,47801251,10936480,1328000,1328000,0,8000000,2707500,1500,154797900,831200,1810800,193.4375
1094,4,32,1,1,1,5,2166900,1966900,1966900,-253100,2220000,0,200000,37199500,35522500,1677000,489900,-35032600,13750000,14003100,-480000,0,480000,2700000,2700000,0,2400000,0,158922,1371460200,874000,1425000,61.4444444444444
1095,4,32,1,7,1,1,2700000,2200000,0,0,0,2200000,500000,10664100,10564100,100000,2600000,-7964100,0,0,0,0,0,0,0,0,500000,0,1400,792727800,737000,1309100,90.3888888888889
1096,3,32,3,7,1,1,4328350,4328350,4328350,-10576650,14905000,0,0,82990650,71790650,11200000,-6871650,-78662300,900000,11476650,14905000,32025000,17120000,0,0,0,0,0,5200,1145020300,3705000,2626800,90.3888888888889
1097,4,32,3,5,1,1,5149300,5149300,1649300,434300,1215000,3500000,0,11311600,11311600,0,5149300,-6162300,750000,315700,1215000,1575000,360000,0,0,0,0,0,1400,592388400,2258000,2259100,107.166666666667
1098,3,32,3,2,3,1,5481400,5061400,5061400,5231200,-169800,0,420000,15328000,13704000,1624000,3857400,-9846600,5246200,15000,-169800,242500,412300,0,0,0,500000,0,300,374121700,1200000,1323000,24.1818181818182
1099,5,32,3,2,1,1,27220531,24096231,15384641,4020000,11364641,8711590,3124300,8990620,8990620,0,27220531,18229911,4220000,200000,-808658,0,808658,12173299,12173299,0,659710,11500000,200,153787910,1500000,1424700,24.1818181818182
1100,3,32,3,2,1,2,27818468,27818468,27818468,4964440,22854028,0,0,56310860,52210700,4100160,23718308,-28492392,4989940,25500,-973500,0,973500,23827528,23827528,0,0,9450000,5800,413008100,1805000,1306100,24.1818181818182
1101,4,32,3,8,1,1,23853930,23133930,14589050,9553070,5035980,8544880,720000,25361920,21291870,4070050,19783880,-1507990,9568070,15000,4817280,5565450,748170,218700,218700,0,10726430,12167000,1367,326706430,1230000,1207700,180.869565217391
1102,4,32,3,8,1,1,12146270,10946270,7633370,6388500,1244870,3312900,1200000,13124328,13037328,87000,12059270,-978058,6664500,276000,1244870,2377150,1132280,0,0,0,0,0,0,377769100,2500000,1709800,180.869565217391
1103,4,32,3,8,4,1,29946454,21346454,16546454,1000000,15546454,4800000,8600000,27232737,25814737,1418000,28528454,2713717,1000000,0,399454,870000,470546,15147000,15147000,0,0,800000,201.6,-36029400,700000,1734500,180.869565217391
1104,5,32,3,2,1,1,22682246,19882246,9262806,1584300,7678506,10619440,2800000,14040138,10864488,3175650,19506596,8642108,1848000,263700,6248506,11525210,5276704,1430000,1430000,0,7450000,8200000,309,172163804,1500000,1538000,24.1818181818182
1105,5,32,3,8,1,2,8262205,6613205,6613205,2893970,3719235,0,1649000,11316483,11116083,200400,8061805,-3054278,3429200,535230,3451935,4643425,1191490,267300,267300,0,0,3121000,3875,461468500,530000,1473600,180.869565217391
1106,4,32,2,8,1,1,26367895,26367895,14859895,1065918,13793977,11508000,0,26239760,24341000,1898760,24469135,128135,3762000,2696082,395000,980000,585000,13398977,13398977,0,0,7240000,1250,236435600,1123000,1303400,193.4375
2001,4,31,3,2,1,1,19542570,19242570,11537570,10547220,990350,7705000,300000,8606350,8606350,0,19542570,10936220,10747200,199980,-326350,5531750,5858100,1316700,1316700,0,0,5937870,0,88427300,2378270,1900000,120.733333333333
2002,4,31,3,5,1,2,120124441,119324441,119324441,79042520,40281921,0,800000,41321830,35094240,6227590,113896851,78802611,80000000,957480,15647421,22305000,6657579,24634500,24634500,0,35600000,38855476,110000,699540850,1200196,1900000,14.5
2003,4,31,3,1,4,2,-1398749,-2198749,-2198749,-1639522,-559227,0,800000,48948652,43943289,5005363,-6404112,-50347401,0,1639522,-559227,15284119,15843346,0,0,0,2000000,7096000,16033,1499342200,1940100,1287300,61.4444444444444
2004,3,31,3,5,1,2,4327805,2699085,-2637465,-2309340,-328125,5336550,1628720,60402049,44884054,15517995,-11190190,-56074244,100000,2409340,-1622060,6110220,7732280,1293935,1293935,0,0,7778300,8350,1290610016,1499476,1839400,14.5
2005,4,31,3,2,2,3,45801120,44901120,31465120,572260,30892860,13436000,900000,34460514,29133514,5327000,40474120,11340606,850000,277740,30892860,35443800,4550940,0,0,0,6670000,28330000,24456.6,1263385169,1141369,1504600,120.733333333333
2006,4,31,3,2,1,3,34750611,34150611,21158526,14638088,6520438,12992085,600000,17446470,15751980,1694490,33056121,17304141,14724310,86222,6202877,7156506,953629,317561,317561,0,0,6610000,20000,430766460,4658340,1035900,125
2007,4,31,3,2,1,1,21968703,20560703,15793553,6209290,9584263,4767150,1408000,10741338,9927818,813520,21155183,11227365,6283000,73710,1944400,2645500,701100,7639863,7639863,0,797600,452450,6745,277137020,1677300,1470300,160
2008,5,31,3,6,1,1,33428918,12440268,11394287,8574747,2819540,1045981,20988650,42283925,38331505,3952420,29476498,-8855007,8808800,234053,1833480,5200750,3367270,986060,986060,0,2220000,4600000,300,785133416,2253716,1449900,26.375
2009,4,31,2,6,1,1,25866875,9616875,9416875,7759425,1657450,200000,16250000,46959379,39427438,7531941,18334934,-21092504,13600000,5840575,-1807550,0,1807550,3465000,3465000,0,6000000,5130000,500,988958305,1673875,1199300,26.375
2010,4,31,3,6,1,1,5642014,3842014,-1349456,-4479260,3129804,5191470,1800000,24461905,23011905,1450000,4192014,-18819891,26157200,30636460,-1087596,100000,1187596,4217400,4217400,0,501740,4000000,1500,937781092,4739592,1516800,26.375
2012,2,31,3,5,3,1,72480076,66687216,63891666,3169560,60722106,2795550,5792860,51618123,49518254,2099869,70380207,20861953,4238080,1068520,960265,1319250,358985,59761841,59761841,0,8800000,33908770,1572,215003922,2274022,1884000,107.166666666667
2013,3,31,3,5,4,3,41458350,38698350,38398350,9339350,29059000,300000,2760000,56870360,46943760,9926600,31531750,-15412010,9366000,26650,9178200,15613000,6434800,19880800,20605800,725000,1248000,6998000,20564,842143770,1268270,1336500,14.5
2014,4,31,3,5,2,2,304682,-1195318,-7852858,-733300,-7119558,6657540,1500000,19780154,16060564,3719590,-3414908,-19475472,600000,1333300,-7119558,0,7119558,0,0,0,3500000,470000,10534,1094939826,1166732,1205700,14.5
2015,3,31,3,5,2,3,70556738,69056738,69056738,10020000,59036738,0,1500000,39413847,30573687,8840160,61716578,31142891,10095000,75000,59036738,64810184,5773446,0,0,0,0,39360000,25000,1044265558,3594458,1781600,14.5
2016,3,31,3,7,3,2,78669002,77669002,63289002,5675900,57613102,14380000,1000000,45625478,39473434,6152044,72516958,33043524,9300000,3624100,45014550,49241500,4226950,12598552,12598552,0,2000000,5459760,8083,1469653210,3772370,1812200,90.3888888888889
2019,3,31,3,7,3,3,118359345,94836002,89199624,3300613,85899011,5636378,23523343,67055621,57437171,9618450,108740895,51303724,6000000,2699387,85899011,94610236,8711225,0,0,0,17319000,89359000,21528,1223004721,3679521,2304900,38.68
2020,5,31,3,7,1,1,19282348,17862348,16402348,2675000,13727348,1460000,1420000,43877479,29358359,14519120,4763228,-24595131,6000000,3325000,13858558,20497400,6638842,-131210,297000,428210,47000000,0,1600,573250220,1661120,1561500,38.68
2023,3,31,2,7,2,1,125488520,120730774,110207341,103352210,6855131,10523433,4757746,56920018,48952628,7967390,117521130,68568502,107500000,4147790,-590470,0,590470,7445601,7445601,0,16899277,38365417,5250,2042374168,3517944,1583300,90.3888888888889
2029,5,31,3,7,1,2,21429923,19700482,9577598,8424537,1153061,10122884,1729441,30427055,27759155,2667900,18762023,-8997132,12000000,3575463,354561,20376519,20021958,798500,798500,0,30355874,8620000,5872,802837487,1673313,1527600,38.68
2030,4,31,3,6,1,1,24775028,20265028,15115028,-4912895,20027923,5150000,4510000,37328026,35884216,1443810,23331218,-12552998,5581000,10493895,11003469,12751400,1747931,9024454,9024454,0,896000,1889380,839.8,565249200,4483200,1310300,18.2333333333333
2031,4,31,2,7,1,1,27234790,26461790,21176490,-603510,21780000,5285300,773000,13680360,11354470,2325890,24908900,13554430,8000000,8603510,0,0,0,21780000,21780000,0,9397660,5704000,31000,609959900,1977000,1886000,90.3888888888889
2032,4,31,1,7,1,1,465976900,464616900,464616900,464634900,-18000,0,1360000,43095890,42251890,844000,465132900,422881010,577100000,112465100,-18000,0,18000,0,0,0,0,120010000,8800,2604849280,1573880,2042800,90.3888888888889
2033,4,31,3,6,5,1,25139300,25139300,19849300,28182400,-8333100,5290000,0,240641050,64927250,175713800,-150574500,-215501750,66372000,38189600,-8481600,16131500,24613100,148500,148500,0,74424000,173660000,1750,1599354700,2000000,1796600,18.2333333333333
2035,4,31,1,7,1,2,210034500,206554500,200464500,186874500,13590000,6090000,3480000,76635500,68507500,8128000,201906500,133399000,438890000,252015500,-410000,0,410000,14000000,14000000,0,297331100,45349500,42398,1942328100,2843200,1592400,90.3888888888889
2036,5,31,3,7,1,1,11155009,10155009,10155009,2271220,7883789,0,1000000,30928859,25119289,5809570,5345439,-19773850,12560000,10288780,-2196211,165950,2362161,10080000,10080000,0,0,10000000,7400,2159382358,1315258,1419100,90.3888888888889
2037,4,31,2,7,1,1,92144927,85948732,85648732,82597572,3051160,300000,6196195,47174850,35757000,11417850,80727077,44970077,145056000,62458428,3029330,4119400,1090070,21830,21830,0,2460000,17915000,27800,226350990,3031240,1376000,90.3888888888889
2039,4,31,1,7,2,1,20309066,18112066,8381066,8794120,-413054,9731000,2197000,37269972,30918052,6351920,13957146,-16960906,26820000,18025880,-413054,0,413054,0,0,0,3410000,16810000,8380,1186917233,3806733,1995300,90.3888888888889
2040,3,31,3,7,3,1,42953300,40953300,40087500,15270000,24817500,865800,2000000,24693900,17475900,7218000,35735300,18259400,18750000,3480000,327500,327500,0,24490000,24490000,0,0,16300000,6000,3076423900,1966000,1905700,90.3888888888889
2041,4,31,2,7,1,1,5661417,4661417,4661417,-9758012,14419429,0,1000000,74603366,57166946,17436420,-11775003,-68941949,25000000,34758012,0,0,0,14419429,14419429,0,21982800,3822000,5290,294684789,3965089,1919900,90.3888888888889
2042,5,31,2,6,1,1,72662673,71024924,71024924,69881194,1143730,0,1637749,27537544,25331804,2205740,70456933,45125129,107281930,37400736,1143730,9665000,8521270,0,0,0,2000000,3168000,3184,450470652,2917452,1521800,130
2043,3,31,2,8,1,1,13358706,11972706,6467706,3408400,3059306,5505000,1386000,12062730,10703220,1359510,11999196,1295976,4013400,605000,2959306,3018196,58890,100000,100000,0,600000,7650000,1400,264303664,1771264,1871100,186
2044,5,31,2,8,1,1,13336600,6098300,1598300,1462000,136300,4500000,7238300,13926100,13826100,100000,13236600,-589500,2069000,607000,136300,250000,113700,0,0,0,200000,1500000,600,600893250,3483050,1792800,186
2045,4,31,3,5,1,1,83662223,71155608,56886534,14093300,42793234,14269074,12506615,124447795,97932635,26515160,57147063,-40785572,15238800,1145500,36703974,79338023,42634049,6089260,6089260,0,64100000,65397090,620,723839307,1424607,1444100,186
2047,5,31,3,5,1,3,37623360,-3276640,-10776640,-12923780,2147140,7500000,40900000,36118170,35535170,583000,37040360,1505190,700000,13623780,1157140,2090000,932860,990000,990000,0,10740000,7000000,260000,301045471,2349371,1856000,14.5
2048,5,31,3,5,1,1,19549980,16649980,7017980,6980000,37980,9632000,2900000,14113712,13713712,400000,19149980,5436268,7000000,20000,37980,970500,932520,0,0,0,2000000,4000000,3150,313178500,1150000,1358600,14.5
2049,4,31,3,8,1,3,46824346,46224346,39450366,1573700,37876666,6773980,600000,23826247,21826361,1999886,44824460,22998099,1650000,76300,16799566,23134875,6335309,21077100,21077100,0,4771470,23715100,18000,834214658,1432058,1886700,193.4375
2050,4,31,3,6,2,1,45242720,44142720,38142720,7637000,30505720,6000000,1100000,25264464,23310984,1953480,43289240,19978256,11985000,4348000,30505720,37200000,6694280,0,0,0,150000,7500000,1200,494817186,1760486,1522600,26.375
2051,4,31,2,1,1,3,142639706,141059771,140690262,128638622,12051640,369509,1579935,56222043,51619763,4602280,138037426,86417663,187676480,59037858,11921109,27724000,15802891,130531,130531,0,27255000,25000000,15810,801328767,1224767,1259100,16.5833333333333
2052,2,31,3,1,1,2,66941847,65641847,59941847,-13599500,73541347,5700000,1300000,48359030,15857430,32501600,34440247,18582817,792000,14391500,71757347,92888000,21130653,1784000,1784000,0,15152400,25280000,4500,-143594525,1406875,1843800,16.5833333333333
2053,5,31,3,1,1,3,6700940,5500940,5000940,-205000,5205940,500000,1200000,17512460,16534460,978000,5722940,-10811520,0,205000,5205940,6440000,1234060,0,0,0,3970500,3350000,21000,1984254700,1300000,1935500,61.4444444444444
2054,4,31,3,1,1,4,74142881,47805631,41755591,3969990,37785601,6050040,26337250,101170289,93070489,8099800,66043081,-27027408,4158540,188550,37785601,44413966,6628365,0,0,0,31986947,27690000,42910,2074335647,1500000,1938000,61.4444444444444
2055,3,31,3,5,1,3,20048371,19129554,17170956,-844170,18015126,1958598,918817,68460395,52580896,15879499,4168872,-48412024,4473620,5317790,3132060,6974500,3842440,14883066,14883066,0,31249570,5157600,10024,2174779559,1738709,1900000,112
2056,3,31,2,8,1,1,35982970,32982970,32982970,33954970,-972000,0,3000000,85734220,54046950,31687270,4295700,-49751250,68110000,34155030,-5599000,2450000,8049000,4627000,4627000,0,6500000,34207000,40300,198114580,465000,1735600,193.4375
2057,5,31,3,8,1,3,11158505,10358505,6858505,7867000,-1008495,3500000,800000,8007240,7547240,460000,10698505,3151265,8822000,955000,-1008495,393750,1402245,0,0,0,2000000,0,20120,949685720,1470320,1592100,193.4375
2058,5,31,3,1,1,5,11363870,10763870,-9306130,0,-9306130,20070000,600000,20777300,20753300,24000,11339870,-9413430,0,0,-9306130,300000,9606130,0,0,0,4820000,4215000,0,1885991000,2301000,1531400,61.4444444444444
2059,2,31,3,7,2,1,36912750,35412750,32106270,-1100000,33206270,3306480,1500000,26815510,22579960,4235550,32677200,10097240,2060000,3160000,706270,814900,108630,32500000,32500000,0,9364500,16650000,1050,471504820,2222920,1338300,90.3888888888889
2060,3,31,3,7,1,1,73357675,69998295,69025395,16623400,52401995,972900,3359380,49885713,23778047,26107666,47250009,23471962,20180000,3556600,-22556400,63000,22619400,74958395,74958395,0,19768370,917335,2600,675515856,1282186,1861200,90.3888888888889
2061,4,31,3,7,1,1,46436480,46436480,46436480,-9354100,55790580,0,0,187636255,160875175,26761080,19675400,-141199775,975000,10329100,27711800,29025000,1313200,28078780,44800000,16721220,16279290,1640000,4960,3666969201,1895001,1862400,90.3888888888889
2063,5,31,3,8,1,1,30000084,29300084,20174484,18999312,1175172,9125600,700000,22687168,20140998,2546170,27453914,7312916,32903980,13904668,475172,1412082,936910,700000,700000,0,13902847,9946936,1460,482284100,1686140,1425000,186
2064,5,31,3,8,1,1,-2450629,-2587129,-9520153,-13415550,3895397,6933024,136500,12098059,11205359,892700,-3343329,-14548688,5667400,19082950,3644302,4036302,392000,251095,251095,0,4661618,2400000,240,716547718,1883000,1425000,186
2065,4,31,3,5,1,1,-428645,-428645,-428645,-1551500,1122855,0,0,21078298,18069868,3008430,-3437075,-21506943,1500000,3051500,1122855,15115000,13992145,0,0,0,18000000,17105000,2700,701921975,1219275,993300,14.5
2067,1,31,3,8,4,1,23909540,22809540,19209540,5863000,13346540,3600000,1100000,28674251,27892611,781640,23127900,-4764711,6000000,137000,4733540,5120000,386460,8613000,8613000,0,0,2000000,10000,171714386,1282186,1847900,193.4375
2068,3,31,2,6,5,1,28245307,27425307,25405387,13805397,11599990,2019920,820000,42639864,40026404,2613460,25631847,-14394557,21665800,7860403,-280010,0,280010,11880000,11880000,0,3000000,0,3100,328375152,2518752,2804100,18.2333333333333
2069,3,31,2,6,3,1,19801813,18166725,17947458,-3913141,21860599,219267,1635088,21541775,19441705,2100070,17701743,-1739962,4690000,8603141,21280438,36954217,15673779,580161,580161,0,2450000,8630000,2681,1255006800,1626100,1712900,26.375
2071,5,31,3,7,3,1,49926100,48276100,4076100,-9000,4085100,44200000,1650000,45299300,41195300,4104000,45822100,4626800,1350000,1359000,-666900,0,666900,4752000,4752000,0,26899400,3900000,2000,398805400,2000000,1234500,38.68
2072,5,31,2,7,1,1,5885910,5665910,5665910,6483350,-817440,0,220000,26446401,21890781,4555620,1330290,-20560491,10000000,3516650,-817440,0,817440,0,0,0,11923019,0,349.7,572193817,1591017,1577600,90.3888888888889
2073,4,31,1,6,1,1,31317763,30257763,30257763,30667544,-409781,0,1060000,34858397,31156617,3701780,27615983,-3540634,46547900,15880356,-736481,1168875,1905356,326700,326700,0,3240690,508000,0,323686427,1484637,1900000,26.375
3001,3,33,2,3,1,2,39905221,38439270,32036537,27766450,4270087,6402733,1465951,16227732,14497722,1730010,38175211,23677489,34631500,6865050,4323265,8974745,4651480,-53178,637600,690778,11634220,9033500,4087,395276292,906092,1517400,151.8
3003,1,33,2,3,1,1,98039715,82421693,76223718,35124526,41099192,6197975,15618022,36930185,34027105,2903080,95136635,61109530,53994968,18870442,40792292,51428489,10636197,306900,306900,0,60000000,6074620,9000,685523030,789430,1951500,151.8
3004,4,33,2,3,1,1,222914488,188892118,178213798,154747280,23466518,10678320,34022370,65609504,40033584,25575920,197338568,157304984,182620000,27872720,22803168,30223250,7420082,663350,663350,0,76800000,51843350,30300,698097200,4935400,1593900,151.8
3006,4,33,3,2,2,1,67777895,62792799,55775765,23570765,32205000,7017034,4985096,34449433,22869380,11580053,56197842,33328462,23770655,199890,31438700,42858762,11420062,766300,766300,0,13944166,9295000,1098,423224960,122694,1307400,12
3007,3,33,3,8,2,1,61148175,55358175,45165150,31052010,14113140,10193025,5790000,65150195,47160036,17990159,43158016,-4002020,32270000,1217990,13489440,45498901,32009461,623700,623700,0,23020516,18801112,1634,278153070,126274,1445000,207.727272727273
3008,3,33,3,8,2,1,89014940,88214940,88214940,3325280,84889660,0,800000,47188120,41099990,6088130,82926810,41826820,4000000,674720,84889660,90300000,5410340,0,0,0,4921490,4910000,1880,181514910,451710,1647000,207.727272727273
3009,5,33,3,8,1,1,45105360,43505360,30434180,-202090,30636270,13071180,1600000,31684970,25934550,5750420,39354940,13420390,5700000,5902090,30636270,53935000,23298730,0,0,0,0,11000000,4320,155565760,293660,1508900,207.727272727273
3010,3,33,3,8,2,1,64145932,61600112,56145449,6721700,49423749,5454663,2545820,28390332,25290577,3099755,61046177,35755600,15094280,8372580,28372062,36099563,7727501,21051687,21051687,0,0,19400000,4312,109193830,158430,1365000,207.727272727273
3011,5,33,3,8,1,1,101287019,92252573,75092354,41691061,33401293,17160219,9034446,31407037,26876731,4530306,96756713,69879982,56769350,15078289,13918725,25782450,11863725,19482568,19482568,0,19599340,21655000,3372.5,166013034,720954,1898400,207.727272727273
3012,4,33,3,8,1,1,38442960,37542460,10771288,-103919,10875207,26771172,900500,35536990,27749800,7787190,30655770,2905970,55000,158919,10405207,51397875,40992668,470000,470000,0,9936024,21096000,275,319354044,897820,1624100,207.727272727273
3013,4,33,3,8,1,1,250354869,68828165,57889993,1426100,56463893,10938172,181526704,28973977,17394497,11579480,238775389,221380892,2453000,1026900,53913893,68776300,14862407,2550000,2550000,0,2150000,197577900,1384,616652251,499951,1298800,210.8
3014,3,33,3,8,1,1,27274368,24424368,19186340,799480,18386860,5238028,2850000,17129460,13616480,3512980,23761388,10144908,2479000,1679520,16560860,27892755,11331895,1826000,1826000,0,0,5500000,599.3,154407005,2267205,1707000,210.8
3015,4,33,3,8,1,2,75961341,63107324,49668617,8044775,41623842,13438707,12854017,36478340,31532950,4945390,71015951,39483001,9853250,1808475,40093724,59839544,19745820,1530118,1530118,0,2290110,14806330,14000,464886823,1008643,1297100,210.8
3016,4,33,2,8,1,1,73206179,71661184,57089716,29368280,27721436,14571468,1544995,51701730,32373585,19328145,53878034,21504449,36453580,7085300,21273208,28273521,7000313,6448228,6448228,0,11600000,44601400,2693,470688699,478299,1632100,210.8
3018,3,33,3,8,1,1,79822701,78822101,65353634,23672196,41681438,13468467,1000600,35137563,28545083,6592480,73230221,44685138,76021000,52348804,40685738,54458058,13772320,995700,995700,0,23550000,11481000,8612,820133432,479432,1531900,210.8
3019,3,33,3,8,1,1,83094646,73754646,63895886,5197710,58698176,9858760,9340000,43751340,27780040,15971300,67123346,39343306,7862600,2664890,54904786,97201415,42296629,3793390,3793390,0,14984000,13968000,1705,334068000,227000,1762300,210.8
3021,5,33,2,1,1,4,35931723,16470553,2642220,-1885500,4527720,13828333,19461170,17579510,17176152,403358,35528365,18352213,550000,2435500,2039850,2653000,613150,2487870,2487870,0,6873862,22621442,9655,159077330,3341830,1658200,57.3333333333333
3025,2,33,2,5,4,2,167165083,165665083,162943362,32853658,130089704,2721721,1500000,97353520,82905068,14448452,152716631,69811563,95520850,62667192,130089704,265793319,135703615,0,0,0,41753469,50825846,5663,483869981,300000,1521000,102.9
3026,5,33,3,1,1,5,34352739,30310077,21006054,2928100,18077954,9304023,4042662,20204388,18010438,2193950,32158789,14148351,18374600,15446500,17428236,23528286,6100050,649718,649718,0,20350000,23300000,2680,484198300,300000,2160600,57.3333333333333
3027,2,33,2,6,3,2,19124327,18015090,18015090,-22292480,40307570,0,1109237,23044311,20872371,2171940,16952387,-3919984,1656000,23948480,40192174,54369050,14176876,115396,115396,0,0,21000000,1170,101513300,500000,1647300,39.5909090909091
3028,4,33,2,6,2,1,18709423,15567357,4788752,3792576,996176,10778605,3142066,30376633,29347273,1029360,17680063,-11667210,55157310,51364734,259525,1537490,1277965,736651,736651,0,22306921,30311091,3370,648132100,200000,2457000,18.2333333333333
3029,3,33,2,5,2,4,122019566,121863566,117112950,73371420,43741530,4750616,156000,191018114,57534974,133483140,-11463574,-68998548,177489300,104117880,43741530,72803500,29061970,0,0,0,0,37616000,12870,601932400,800000,1382600,102.9
3040,3,33,3,6,1,1,68438114,66388114,64770352,50965076,13805276,1617762,2050000,65115449,44027509,21087940,47350174,3322665,113975126,63010050,13805276,15392400,1587124,0,0,0,15350524,60035000,2307,766053570,500000,1298800,18.2333333333333
3041,4,33,3,4,1,1,-3596981,-6765481,-18880905,-31436278,12555373,12115424,3168500,28444384,26305544,2138840,-5735821,-32041365,5623392,37059670,11951754,15630414,3678660,603619,603619,0,9043110,32380000,3220,249840510,250000,1835500,122.857142857143
3042,5,33,2,6,1,1,3763592,-7515096,-22847236,-26307036,3459800,15332140,11278688,28994924,27163064,1831860,1931732,-25231332,8293464,34600500,78950,487500,408550,3380850,3380850,0,7750000,4680000,440,303067000,2000000,1529800,39.5909090909091
3043,5,33,1,5,1,3,-1519170,-2319170,-9065460,-10231650,1166190,6746290,800000,15196560,14240340,956220,-2475390,-16715730,-1811730,8419920,1166190,1845700,679510,0,0,0,350000,1200000,1790,307598400,500000,2351100,102.9
3044,5,33,2,5,1,1,36772143,33541404,15706426,-3466790,19173216,17834978,3230739,15580585,14168430,1412155,35359988,21191558,10746757,14213547,16847457,23812827,6965370,2325759,2325759,0,9300000,85420000,2240,446302400,1000000,1257700,102.9
3045,2,33,3,1,2,3,45094962,40444962,31470971,-35409390,66880361,8973991,4650000,88071110,75556530,12514580,32580382,-42976148,6604700,42014090,34997810,85500000,50502190,31882551,31882551,0,4000000,19033500,12889,499248300,100000,1720100,16.5833333333333
3046,4,33,2,4,1,1,67067187,65030824,54681345,-2835592,57516937,10349479,2036363,54873435,39272442,15600993,51466194,12193752,13846018,16681610,54802765,64050004,9247239,2714172,2714172,0,11100000,9879000,3300,1223282300,500000,1683800,122.857142857143
3047,4,33,3,5,1,2,90608451,76672435,58369008,-6957500,65326508,18303427,13936016,36546868,34764868,1782000,88826451,54061583,1213750,8171250,64929763,79219653,14289890,396745,396745,0,0,38680000,2567,118786100,120000,1508600,102.9
3049,3,33,3,4,2,1,87773917,85760220,68600134,-2447425,71047559,17160086,2013697,38653821,33922901,4730920,83042997,49120096,4313635,6761060,59125196,71577966,12452770,11922363,11922363,0,40600857,49937183,660,249269532,300000,1407900,122.857142857143
3050,4,33,3,4,1,1,104617351,100290075,86290986,4945055,81345931,13999089,4327276,50719571,40098951,10620620,93996731,53897780,20474755,15529700,71731821,90567203,18835382,9614110,12949160,3335050,23678630,11011870,3039,798356980,1000000,1081400,122.857142857143
3053,4,33,2,6,2,1,-4159847,-5992145,-6288358,-26109006,19820648,296213,1832298,37604811,26365311,11239500,-15399347,-41764658,7673487,33782493,8466023,8539753,73730,11354625,11354625,0,0,1200000,2820,253445700,300000,1597400,18.2333333333333
3054,5,33,3,6,1,2,19357860,15687860,314895,-3842510,4157405,15372965,3670000,15088669,15026669,62000,19295860,4269191,400000,4242510,435500,547500,112000,3721905,3721905,0,2500000,2500000,6608,249497500,60000,1623300,39.5909090909091
3055,4,33,2,4,2,1,98382971,84231661,75591453,9423718,66167735,8640208,14151310,53085715,41260625,11825090,86557881,45297256,42823595,33399877,62303735,88038270,25734535,3864000,3864000,0,58000000,20215590,1669,1141927610,300000,1932600,122.857142857143
3056,3,33,3,5,1,2,53457133,52365701,50769941,-2376426,53146367,1595760,1091432,51503173,40909488,10593685,42863448,1953960,2282750,4659176,37177567,50120358,12942791,15968800,15968800,0,22148944,40483774,2380,254010900,250000,1535400,102.9
3057,3,33,2,4,1,2,92124604,90369151,83065139,30847779,52217360,7304012,1755453,40168165,37639185,2528980,89595624,51956439,55139017,24291238,50575487,146624950,96049463,1641873,1641873,0,17509070,86446312,1185,667800300,300000,1682200,122.857142857143
3058,5,33,2,4,1,1,28430460,25779160,9990750,-455280,10446030,15788410,2651300,10813718,10156108,657610,27772850,17616742,4283750,4739030,5496280,7615500,2119220,4949750,4949750,0,23450000,11500000,250,238088700,700000,1234000,122.857142857143
3059,2,33,2,5,1,4,16201629,16201629,6507620,8143540,-1635920,9694009,0,47802120,46482120,1320000,14881629,-31600491,22447500,14303960,-1635920,472500,2108420,0,0,0,6407600,1720000,4011.5,630863600,300000,1621900,102.9
3060,5,33,1,5,1,1,5987330,3536915,-3003970,-5127505,2123535,6540885,2450415,10574337,10103057,471280,5516050,-4587007,650225,5777730,627585,1274750,647165,1495950,1495950,0,4100000,1750000,1830,92149300,200000,1752900,102.9
3061,4,33,3,1,1,2,-23139270,-23769270,-23769270,-13968570,-9800700,0,630000,38918857,30865147,8053710,-31192980,-62058127,2172500,16141070,-9800700,17828500,27629200,0,0,0,17000000,8185000,887,194231100,500000,1736400,16.5833333333333
3062,5,33,3,5,1,1,20395240,11753867,-5138909,-5713660,574751,16892776,8641373,44427506,43117934,1309572,19085668,-24032266,1121200,6834860,485064,8274033,7788969,89687,89687,0,8050000,198700,1050,561457300,500000,1388900,102.9
3063,4,33,2,3,1,1,17533809,13133809,4531857,-12841491,17373348,8601952,4400000,40890149,32823833,8066316,9467493,-23356340,20694250,33535741,4204360,6081700,1877340,13168988,13168988,0,119220701,16136000,5336,358991991,500000,1428400,122.857142857143
3064,5,33,2,4,4,2,17268792,15018792,5464204,3697651,1766553,9554588,2250000,35052690,31580120,3472570,13796222,-17783898,7900651,4203000,430960,3237500,2806540,1335593,1335593,0,57100000,51800000,1000,313330200,1000000,1364100,122.857142857143
3065,3,33,3,5,1,1,13908880,13508880,11344380,10644230,700150,2164500,400000,28919993,27413093,1506900,12401980,-15011113,22050000,11405770,-3259850,0,3259850,3960000,3960000,0,3000000,15800000,900,397142600,1500000,1510600,128
3067,3,33,3,5,1,1,149943589,139898774,139569131,60536774,79032357,329643,10044815,66068581,54714681,11353900,138589689,83875008,79163619,18626845,67739117,81268642,13529525,11293240,11879000,585760,30360990,63459630,1460,1035467940,1500000,1373400,128
3069,5,33,2,7,1,1,179309410,179239410,170177690,170039700,137990,9061720,70000,23680655,22849785,830870,178478540,155628755,181872000,11832300,137990,400000,262010,0,0,0,10000000,2300000,4350,334563100,1500000,1456300,38.68
3070,5,33,2,5,1,1,29381910,28781910,11281910,11734120,-452210,17500000,600000,11017311,10159011,858300,28523610,18364599,15522000,3787880,-452210,164500,616710,0,0,0,0,6126000,4800,96269900,1500000,1367700,128
3071,4,33,3,5,1,1,87919243,77711885,39196807,3240051,35956756,38515078,10207358,35225682,30566462,4659220,83260023,52693561,15400000,12159949,35412256,45722072,10309816,544500,544500,0,171230,44350000,420,178672700,1500000,1332200,128
3072,2,33,3,5,3,1,143785887,127100135,121326974,80805867,40521107,5773161,16685752,77283940,68555464,8728476,135057411,66501947,114933733,34127866,39828107,55410284,15582177,693000,693000,0,11779880,60308750,2340,620636780,1500000,1400500,128
3073,3,33,3,5,2,1,94584478,42892318,35119607,2630680,32488927,7772711,51692160,49090652,44481682,4608970,89975508,45493826,3347550,716870,29389427,39886808,10497381,3099500,3099500,0,4910500,18000000,450,349781200,1500000,1572200,107.166666666667
3077,4,33,3,7,1,3,88942823,82959199,70758364,37503310,33255054,12200835,5983624,37977388,28919218,9058170,79884653,50965435,69167000,31663690,22820163,25673500,2853337,10434891,10434891,0,180550000,42173200,23400,364913500,1500000,1653700,25.2727272727273
3078,2,33,1,7,2,1,128407860,128407860,128407860,122554960,5852900,0,0,22528600,19694720,2833880,125573980,105879260,163158000,40603040,5852900,6350000,497100,0,0,0,500000,13988000,20000,-16862700,1500000,1168000,25.2727272727273
3079,5,33,3,2,1,1,37287708,30774504,22008457,6178790,15829667,8766047,6513204,34506208,25246828,9259380,28028328,2781500,10210000,4031210,15187794,24478156,9290362,641873,641873,0,4887545,9950000,2453,56352945,1500000,1452600,12
3086,5,33,2,5,1,2,18127600,18127600,9768220,6958790,2809430,8359380,0,13366750,13085880,280870,17846730,4760850,9307500,2348710,-57610,349000,406610,2867040,2867040,0,670000,20000,528,793430500,1500000,977800,107.166666666667
3087,3,33,2,6,1,1,11830503,10501053,10501053,10719343,-218290,0,1329450,34427956,28798656,5629300,6201203,-22597453,17806303,7086960,-218290,600000,818290,0,0,0,8135986,20854855,296,109978300,1500000,1497600,18.2333333333333
3089,3,33,3,2,3,1,55962676,54125676,52352532,16688140,35664392,1773144,1837000,42848370,34305729,8542641,47420035,13114306,17576000,887860,21811712,40423220,18611508,13852680,13852680,0,25000000,21724762,0,49164797,1039797,1457200,12
3090,1,33,3,4,1,2,60226410,54092432,41234131,12754343,28479788,12858301,6133978,32252262,29131242,3121020,57105390,27974148,20556323,7801980,27046510,35161760,8115250,1433278,1433278,0,64902167,38578218,2280,299288780,200000,1765100,122.857142857143
3091,3,33,3,7,3,1,118068100,118068100,118068100,67150000,50918100,0,0,84229471,36544854,47684617,70383483,33838629,72500000,5350000,68918100,84000000,15081900,-18000000,0,18000000,29500000,25673995,1820,194647200,1500000,1706500,25.2727272727273
3092,3,33,3,7,1,2,104335432,88548667,78739848,2281380,76458468,9808819,15786765,69458010,65181577,4276433,100058999,34877422,3700000,1418620,70156268,87679038,17522770,6302200,6302200,0,26167699,37180000,670,905581729,1500000,1669700,105.090909090909
3093,5,33,3,7,1,3,12282280,10380280,5906350,7669000,-1762650,4473930,1902000,11887510,11107980,779530,11502750,394770,7850000,181000,-1762650,0,1762650,0,0,0,51000000,5075000,6800,473843600,2548300,1584100,105.090909090909
3094,4,33,3,7,1,1,135106811,133306551,124905558,74401570,50503988,8400993,1800260,41269311,26272951,14996360,120110451,93837500,88250000,13848430,-133920,0,133920,50637908,50637908,0,1200000,28771000,4400,567023300,811300,1343300,25.2727272727273
3095,4,33,2,6,1,2,2536205,754105,-11561070,-17328830,5767760,12315175,1782100,13156280,10638270,2518010,18195,-10620075,12269630,29598460,5422760,15267410,9844650,345000,345000,0,2500000,2200000,720,405822200,500000,1415600,39.5909090909091
3099,5,33,2,1,2,1,34204120,33404120,5892130,7090430,-1198300,27511990,800000,32401472,26611852,5789620,28414500,1802648,9729000,2638570,-1198300,752000,1950300,0,0,0,6500000,664000,1160,512101278,1309078,1774500,59.6666666666667
3100,5,33,2,1,1,4,48729225,43704225,33151037,28088332,5062705,10553188,5025000,17543372,16021932,1521440,47207785,31185853,44224500,16136168,41425,2786000,2744575,5021280,5021280,0,500000,26623000,5425,341395500,660200,1535400,57.3333333333333
3101,3,33,2,5,1,1,15016903,15016903,15016903,11061250,3955653,0,0,12484796,9656346,2828450,12188453,2532107,38098650,27037400,3955653,4940450,984797,0,0,0,0,2923894,1450,97793200,0,2016700,128
3102,5,33,2,5,1,1,83912170,45414370,37409762,23118763,14290999,8004608,38497800,58319390,56029775,2289615,81622555,25592780,42129583,19010820,13764725,14949975,1185250,526274,526274,0,12353701,21224980,2100,422786400,0,1788500,128
3103,3,33,2,5,1,1,-1582277,-1582277,-1582277,-3312100,1729823,0,0,37462227,34299737,3162490,-4744767,-39044504,1820000,5132100,205223,532000,326777,1524600,1524600,0,5000000,0,3280,128495200,0,1759000,128
4001,4,34,2,7,1,1,180015350,142574350,135974350,129792500,6181850,6600000,37441000,47288931,45077921,2211010,177804340,132726419,154591000,24798500,5934350,13862850,7928500,247500,247500,0,1200000,103000000,8250,107192300,1500000,1935800,25.2727272727273
4004,3,34,1,8,2,4,111455700,108335700,108335700,101405700,6930000,0,3120000,40607840,38640970,1966870,109488830,70847860,160119500,58713800,0,0,0,6930000,6930000,0,11594000,30000000,7500,94262111,3306911,2293200,210.8
4005,2,34,2,8,2,1,29613400,29233400,29233400,29233400,0,0,380000,14389500,12575500,1814000,27799400,15223900,32010000,2776600,0,0,0,0,0,0,0,5500000,1800,30323800,2293000,1620700,210.8
4006,5,34,2,5,1,1,55061112,52272212,41731252,26301822,15429430,10540960,2788900,34203847,33529287,674560,54386552,20857265,34207806,7905984,1262530,2640000,1377470,14166900,14166900,0,3400000,6784000,1500,172366878,1647778,1753600,68.875
4007,5,34,1,5,1,1,43774600,42284600,35605330,23365069,12240261,6679270,1490000,27466252,26834476,631776,43142824,16308348,25104349,1739280,3839215,4480390,641175,8401046,8951046,550000,0,3608120,800,391469080,1500000,1204500,68.875
4008,4,34,3,4,1,1,18614621,18014621,11104621,14512710,-3408089,6910000,600000,17511580,15551030,1960550,16654071,1103041,17200000,2687290,-3536789,1681775,5218564,128700,128700,0,5000000,969000,794,155925120,1176020,1713900,122.857142857143
4009,5,34,2,4,1,1,209257,-590743,-5990743,-12145600,6154857,5400000,800000,32176475,27953225,4223250,-4013993,-31967218,-2000000,10145600,5709357,12892050,7182693,445500,445500,0,9000000,1370000,1080,262138500,1500000,1323700,122.857142857143
4010,3,34,3,8,1,1,50269095,48069095,43906330,16656720,27249610,4162765,2200000,21127980,16241470,4886510,45382585,29141115,36458950,19802230,27200110,43135400,15935290,49500,49500,0,31589900,19820000,2574,726355100,1500000,2394800,210.8
4011,5,34,2,4,1,3,9975335,9275335,-397285,-9266790,8869505,9672620,700000,13388250,12345650,1042600,8932735,-3412915,4328750,13595540,8869505,12650125,3780620,0,0,0,557000,0,4200,552986000,1169700,1338100,122.857142857143
4012,4,34,3,8,1,1,-4057475,-4657475,-7707475,-11747870,4040395,3050000,600000,27279667,23771627,3508040,-7565515,-31337142,0,11747870,4040395,8822050,4781655,0,0,0,25021830,25885000,2840,213748920,1492690,1425000,210.8
4013,3,34,3,8,3,2,17658130,13923130,10063696,-12561124,22624820,3859434,3735000,57684820,55003360,2681460,14976670,-40026690,2189916,14751040,17872820,38352500,20479680,4752000,4752000,0,0,12000000,1048,675519400,0,1899300,210.8
4014,5,34,3,8,1,1,30247541,16271375,4206125,-2813830,7019955,12065250,13976166,34809568,30410668,4398900,25848641,-4562027,9575200,12389030,6732855,11180470,4447615,287100,287100,0,0,4691000,1138.6,353456030,931030,1103600,210.8
4015,5,34,2,5,1,1,9889279,9849279,2314556,3789440,-1474884,7534723,40000,27536980,24210180,3326800,6562479,-17647701,58059000,54269560,-1674884,734475,2409359,200000,200000,0,0,9190000,4050,763956701,2152101,2133900,68.875
4016,5,34,2,7,1,1,-15987500,-16587500,-20367500,-19975650,-391850,3780000,600000,49258010,41885020,7372990,-23360490,-65245510,15800000,35775650,-391850,276150,668000,0,0,0,14000000,9440000,11400,-296893000,1672000,1050700,25.2727272727273
4017,3,34,3,8,1,1,46429800,45429800,45429800,570000,44859800,0,1000000,25432000,19692000,5740000,40689800,20997800,2970000,2400000,0,0,0,44859800,44859800,0,3000000,6000000,3000,498169250,1978650,1066500,210.8
4018,3,34,3,7,1,1,265980826,264170826,262396526,190560064,71836462,1774300,1810000,38281581,29495767,8785814,257195012,227699245,211500000,20939936,28666819,43966035,15299216,43169643,43169643,0,0,23000000,1500,159376080,1194880,1289000,105.090909090909
4019,5,34,3,7,1,1,86482819,85315028,71717672,-1159566,72877238,13597356,1167791,38237060,33619310,4617750,81865069,48245759,3770000,4929566,63491048,91576150,28085102,9386190,9386190,0,21020000,910000,1440,603109694,3020594,952200,105.090909090909
4020,5,34,3,7,1,2,19479430,18709430,10387930,10410500,-22570,8321500,770000,15336100,14134400,1201700,18277730,4143330,11189500,779000,-22570,1962600,1985170,0,0,0,0,2120000,4690,391833660,1462560,2357500,105.090909090909
4021,5,34,3,7,1,1,16893016,14703016,6653016,-1161366,7814382,8050000,2190000,31073951,28698271,2375680,14517336,-14180935,460000,1621366,7814382,10013500,2199118,0,0,0,6000000,0,785.5,358966853,1654753,1698100,105.090909090909
4022,5,34,1,7,1,1,81109929,80709929,69571929,69571929,0,11138000,400000,25882020,24767520,1114500,79995429,55227909,161234800,91662871,0,0,0,0,0,0,20000000,3540000,3000,51430500,1934400,1608700,25.2727272727273
4023,4,34,2,7,2,2,92696178,91896178,87226178,84613494,2612684,4670000,800000,47542768,44138268,3404500,89291678,45153410,101800000,17186506,2612684,5983650,3370966,0,0,0,14000000,89390000,4200,685695500,1374000,1715500,105.090909090909
4024,5,34,3,7,1,1,30362151,21587151,9360155,4681050,4679105,12226996,8775000,30903530,30658530,245000,30117151,-541379,6460000,1778950,859105,28167795,27308690,3820000,3820000,0,12554000,32945500,2600,70694710,1887110,1285500,105.090909090909
4025,4,34,2,7,1,1,263222709,256575249,246497570,226828705,19668865,10077679,6647460,42621442,39895442,2726000,260496709,220601267,271062000,44233295,6646465,8798900,2152435,13022400,13622400,600000,25365826,137060000,5285.9,879701721,1122895,1547000,25.2727272727273
4026,5,34,3,7,1,1,68608258,68008258,64460048,27535160,36924888,3548210,600000,43610750,37146500,6464250,62144008,24997508,30000000,2464840,5626348,18760900,13134552,31298540,33836300,2537760,3500000,4445000,680,987694840,1491940,1573800,105.090909090909
4027,4,34,3,6,1,1,59186456,58346936,37490784,6985298,30505486,20856152,839520,37161430,31303380,5858050,53328406,22025026,25495139,18509841,3013502,3534124,520622,27491984,27491984,0,5080557,10140000,1000,393179760,1744603,1493400,133.333333333333
4028,5,34,2,6,1,1,30797564,29947564,24731564,24782504,-50940,5216000,850000,12955311,11696951,1258360,29539204,17842253,46263754,21481250,-50940,0,50940,0,0,0,0,4380000,2500,227961572,1598872,1401600,133.333333333333
4029,4,34,3,3,3,1,-3518247,-4318247,-7718247,9654310,-17372557,3400000,800000,24225526,20873806,3351720,-6869967,-27743773,13000000,3345690,-17372557,0,17372557,0,0,0,11000000,4362000,12000,657257200,1500000,1122300,60.68
4030,4,34,2,3,1,1,105121156,97947976,85142979,45515450,39627529,12804997,7173180,27933290,25109320,2823970,102297186,77187866,66431940,20916490,36492429,41681189,5188760,3135100,3135100,0,8965616,57400000,9699,654868291,2821275,1210600,60.68
4031,4,34,3,1,1,3,38320179,37370179,28188021,38247340,-10059319,9182158,950000,18653702,17373202,1280500,37039679,19666477,49000000,10752660,-10059319,42994050,53053369,0,0,0,91641196,72580638,21750,926786500,1500000,1569500,57.3333333333333
4032,3,34,2,1,3,2,233768691,227145059,197384273,80382172,117002101,29760786,6623632,114039761,96066470,17973291,215795400,119728930,100946400,20564228,106758834,185234000,78475166,10243267,10243267,0,87275400,135050000,32900,1182881430,3973730,1299500,59.6666666666667
4045,5,34,2,1,1,2,44227692,42446392,30733482,21485450,9248032,11712910,1781300,22626184,22202874,423310,43804382,21601508,27071000,5585550,8745320,11644000,2898680,502712,502712,0,1830000,21150000,10653,525456322,2661522,1499200,59.6666666666667
4046,4,34,3,1,2,1,57504838,55532938,53209690,9119668,44090022,2323248,1971900,49379752,36634022,12745730,44759108,8125086,14897248,5777580,9263681,10329000,1065319,34826341,35071341,245000,1110000,159710500,12700,358098750,2081850,1464100,59.6666666666667
4048,4,34,2,3,1,4,25619349,25003019,7294081,-6484954,13779035,17708938,616330,24126119,21496109,2630010,22989339,1493230,25501451,31986405,8333535,9348415,1014880,5445500,5445500,0,0,3000000,37062,943713900,2000000,1738200,60.68
4049,5,34,2,1,1,3,-11340055,-11940055,-17110055,-16608610,-501445,5170000,600000,16912945,16912945,0,-11340055,-28253000,41000000,57608610,-501445,5000000,5501445,0,0,0,5000000,0,24000,672443600,2000000,1220500,57.3333333333333
4050,4,34,3,3,1,2,20831420,16631420,-175500,-1565900,1390400,16806920,4200000,10668100,10356690,311410,20520010,10163320,539000,2104900,1390400,2860000,1469600,0,0,0,0,9000000,1290,268726400,2000000,1501700,107.166666666667
4051,4,34,3,3,1,1,26733064,25242064,16087785,978235,15109550,9154279,1491000,52793107,42258307,10534800,16198264,-26060043,2939280,1961045,8718870,45793250,37074380,6390680,6390680,0,34328000,15286000,1000,624962430,2197030,1631300,60.68
4052,4,34,3,3,2,1,16016738,15961044,9281044,10496163,-1215119,6680000,55694,22861080,19457450,3403630,12613108,-6844342,11966093,1469930,-1215119,4764750,5979869,0,0,0,3000000,0,6880,350123700,1000000,1144600,60.68
4053,4,34,3,3,1,1,30888230,30288230,24619360,6502506,18116854,5668870,600000,21240066,19541066,1699000,29189230,9648164,13113366,6610860,13341570,37447150,24105580,4775284,4775284,0,11230000,16560000,1310,484010121,3727321,1142100,60.68
4054,5,34,3,6,1,2,5855396,4455396,2855396,478976,2376420,1600000,1400000,20531499,18832739,1698760,4156636,-14676103,7986996,7508020,2376420,5116150,2739730,0,0,0,8200000,5200000,1540,1371442223,4141023,3934000,133.333333333333
4055,4,34,2,6,1,1,29725010,29725010,29048769,29294780,-246011,676241,0,17042587,15755937,1286650,28438360,12682423,58101700,28806920,-516030,423150,939180,270019,270019,0,650000,29670000,1289,609380669,2870869,1720800,39.5909090909091
4056,4,34,2,6,1,1,8111193,7311193,7311193,-1131480,8442673,0,800000,30770033,27181033,3589000,4522193,-22658840,31314000,32445480,8442673,9545000,1102327,0,0,0,3902200,2400000,5091.5,440788563,1623163,1900000,39.5909090909091
4057,4,34,3,3,1,1,41146855,40516855,32734438,3436210,29298228,7782417,630000,30977786,27729676,3248110,37898745,10169069,5739810,2303600,28842475,43921146,15078671,455753,455753,0,0,16074400,4500,470132828,3242828,1639600,60.68
4058,4,34,2,6,1,4,-25454649,-25454649,-31937549,-23146985,-8790564,6482900,0,24929542,19912512,5017030,-30471679,-50384191,2400000,25546985,-9420564,0,9420564,630000,630000,0,12715000,12600000,3781,800792080,2035280,1313400,39.5909090909091
4059,4,34,3,3,2,2,15525428,10198388,3886289,-170424,4056713,6312099,5327040,38569155,33832935,4736220,10789208,-23043727,14595280,14765704,-1121871,4940630,6062501,5178584,5178584,0,0,10530500,6000,750644226,2573026,1705000,60.68
4060,4,34,2,3,1,1,76377014,75777014,75777014,73672074,2104940,0,600000,41264650,36011630,5253020,71123994,35112364,95826400,22154326,2104940,4996000,2891060,0,0,0,14000000,5193000,23483,411420961,2734161,1805200,60.68
4061,5,34,3,1,1,3,4177320,3577320,-6182680,-3365250,-2817430,9760000,600000,29563250,26797270,2765980,1411340,-25385930,15570000,18935250,-2817430,7450000,10267430,0,0,0,5000000,255000,10500,312051800,2000000,1097000,57.3333333333333
4063,3,34,3,1,1,2,21871291,20071291,19471291,-14171410,33642701,600000,1800000,40368536,31419596,8948940,12922351,-18497245,4140000,18311410,-3967650,13213050,17180700,37610351,37610351,0,3300000,1110000,22000,577179100,1599000,1210300,59.6666666666667
4064,3,34,1,1,2,4,553885298,553885298,553885298,553885298,0,0,0,194453064,156764984,37688080,516197218,359432234,1141345700,587460402,0,0,0,0,0,0,90129700,315330000,15000,425602100,3000000,1271000,15.5714285714286
4065,4,34,2,3,1,1,42130223,40400223,25038345,24552054,486291,15361878,1730000,26314272,22742232,3572040,38558183,15815951,29270734,4718680,-1794320,1101000,2895320,2280611,2280611,0,0,19840000,6000,594594993,3369993,1659200,60.68
4066,5,34,3,1,1,2,7776066,7176066,-59694,2750736,-2810430,7235760,600000,23909446,23609446,300000,7476066,-16133380,21800000,19049264,-2810430,440000,3250430,0,0,0,16371838,550000,17000,420022738,1000000,1446900,59.6666666666667
4067,4,34,2,1,1,1,53560400,52960400,52960400,52104110,856290,0,600000,53949770,42579971,11369799,42190601,-389370,73295000,21190890,856290,2400000,1543710,0,0,0,7500000,440000,30788,417678200,1500000,1418700,16.5833333333333
4068,4,34,2,6,2,5,64353177,63353177,49654042,7261778,42392264,13699135,1000000,51021445,37096905,13924540,50428637,13331732,43826518,36564740,42121380,42266380,145000,270884,270884,0,34838835,9490040,68000,1123749730,1384640,1900000,39.5909090909091
4069,4,34,2,5,1,1,62849320,27349320,16138320,11761440,4376880,11211000,35500000,22441440,18548300,3893140,58956180,40407880,41700000,29938560,4376880,19400000,15023120,0,0,0,11500000,31701980,34140,1053975240,1725940,1439300,102.9
4070,4,34,2,3,1,2,47514522,46614522,43314522,14241610,29072912,3300000,900000,11880100,10092750,1787350,45727172,35634422,27450000,13208390,28999962,38490000,9490038,72950,72950,0,22561000,27005000,7000,420502951,2038451,1752700,60.68
4071,4,34,2,6,1,1,76043810,76043810,69437890,74078395,-4640505,6605920,0,35198020,33927820,1270200,74773610,40845790,174080000,100001605,-4640505,2500000,7140505,0,0,0,7500000,150000,5500,1191457700,1500000,1556900,39.5909090909091
4072,3,34,2,3,1,1,13274790,10594160,10594160,11842440,-1248280,0,2680630,19998307,18777707,1220600,12054190,-6723517,22800000,10957560,-1248280,720000,1968280,0,0,0,9500000,555000,16400,174710220,1215820,1604300,60.68
4073,4,34,2,3,1,1,23391540,23391540,17411540,13998900,3412640,5980000,0,13679680,12814680,865000,22526540,9711860,16282000,2283100,3412640,7074790,3662150,0,0,0,9160000,6000000,15000,351674050,2499050,1582100,60.68
4074,3,34,2,6,1,1,3570694,3570694,3570694,1066534,2504160,0,0,44259821,32167041,12092780,-8522086,-40689127,77521874,76455340,-119340,0,119340,2623500,2623500,0,6687000,10050000,800,233247496,1600896,1789700,18.2333333333333
4075,3,34,2,6,1,1,-9756960,-9756960,-9756960,-9839360,82400,0,0,57131960,51321610,5810350,-15567310,-66888920,167057720,176897080,82400,185000,102600,0,0,0,10000000,22364000,940,646900850,1216650,1997500,18.2333333333333
4076,4,34,2,3,1,3,89249068,86843695,78729043,68771603,9957440,8114652,2405373,20348911,18522911,1826000,87423068,68900157,80273133,11501530,9412940,28031914,18618974,544500,544500,0,23870000,93188315,30000,855092516,1392016,1900000,60.68
4077,5,34,2,3,1,2,8315470,8225470,250470,1957650,-1707180,7975000,90000,9602970,9376910,226060,8089410,-1287500,3740200,1782550,-1707180,869100,2576280,0,0,0,3000000,1100000,7000,175094613,1425013,1424400,60.68
4078,5,34,2,3,1,2,12050820,12050820,6544420,7214460,-670040,5506400,0,5169328,5169328,0,12050820,6881492,12640000,5425540,-670040,0,670040,0,0,0,14000000,650000,7780,294176090,1342690,1306100,60.68
4079,4,34,2,3,1,4,107431827,99391367,95051367,79913120,15138247,4340000,8040460,20796670,16264130,4532540,102899287,86635157,87167600,7254480,12331317,23418000,11086683,2806930,2806930,0,6700000,115212000,40000,730732430,1481030,1690600,60.68
4080,5,34,2,3,1,1,52264430,51664430,41435200,36914320,4520880,10229230,600000,13984860,13552140,432720,51831710,38279570,40515100,3600780,4520880,6878000,2357120,0,0,0,0,7000000,8500,144560445,1444945,1590700,60.68
4081,5,34,2,3,1,2,20252073,20202073,7967070,4211400,3755670,12235003,50000,15500298,15100298,400000,19852073,4751775,8583500,4372100,3755670,7110398,3354728,0,0,0,0,6640000,4000,235096243,1744243,1932900,60.68
4082,5,34,2,3,1,1,22337485,22337485,8754485,1792520,6961965,13583000,0,17321830,16382930,938900,21398585,5015655,2929850,1137330,6961965,7709750,747785,0,0,0,4000000,1200000,6000,178920502,1126602,1504300,60.68
4083,4,34,2,6,1,1,5384970,5384970,567420,1349250,-781830,4817550,0,24148150,22678450,1469700,3915270,-18763180,17820000,16470750,-781830,0,781830,0,0,0,8500000,3700000,2600,181875300,1289700,1376800,39.5909090909091
4084,5,34,3,3,1,1,50164981,39164981,26237880,8903640,17334240,12927101,11000000,19235000,17774300,1460700,48704281,30929981,12470000,3566360,2790040,9950000,7159960,14544200,14544200,0,6152900,6000000,9000,364730460,1660660,1488200,60.68
4085,4,34,3,3,1,1,61489014,59690014,47008238,36877128,10131110,12681776,1799000,24870280,21524640,3345640,58143374,36618734,42824788,5947660,3124370,8317000,5192630,7006740,7006740,0,861800,22373954,9000,309202147,2441201,1757200,60.68
4086,5,34,2,3,1,2,38409596,36769471,28470151,25597980,2872171,8299320,1640125,16878860,14091360,2787500,35622096,21530736,28862930,3264950,2278171,6184458,3906287,594000,594000,0,5000000,650000,6000,254595000,1500000,1285300,60.68
4089,5,34,2,6,1,1,25321529,23617529,10233920,12399040,-2165120,13383609,1704000,44508178,43848878,659300,24662229,-19186649,18412600,6013560,-3218720,0,3218720,1053600,1053600,0,8100000,8200000,3950,314809164,1858364,2095200,39.5909090909091
4090,3,34,3,3,3,1,134590827,85307588,67350332,3208980,64141352,17957256,49283239,48413870,39727221,8686649,125904178,86176957,5073100,1864120,63440486,73552385,10111899,700866,700866,0,19230251,29182145,3000,329171703,1855920,1510800,60.68
4091,4,34,3,8,1,1,111898748,102314875,78201122,689141,77511981,24113753,9583873,53970121,43746996,10223125,101675623,57928627,24358071,23668930,61638605,81223214,19584609,15873376,15873376,0,31762260,76319180,2880,741586600,1500000,1838200,207.727272727273
4092,4,34,2,7,1,1,6282493,5282493,-2737620,-4487040,1749420,8020113,1000000,9805360,9187740,617620,5664873,-3522867,2500000,6987040,1649420,1742000,92580,100000,100000,0,0,4000000,21600,178374771,1643871,1706300,25.2727272727273
4093,5,34,2,3,1,1,45117961,44314681,24256903,3524050,20732853,20057778,803280,24898680,22809170,2089510,43028451,20219281,5684500,2160450,11710123,19471313,7761190,9022730,9022730,0,200000,15295837,3210.4,410465100,1211100,1381200,60.68
4094,4,34,2,3,1,3,27383179,24812091,17434998,8401134,9033864,7377093,2571088,31485854,23798134,7687720,19695459,-4102675,15141814,6740680,4791870,9865610,5073740,4241994,4241994,0,2000000,16700000,9600,516551000,1500000,1323300,60.68
4095,5,34,3,3,1,2,50931261,28011971,25977011,20375940,5601071,2034960,22919290,12845835,9951345,2894490,48036771,38085426,23330100,2954160,4073891,6580020,2506129,1527180,1527180,0,5100000,9500000,4200,385558143,2160743,1586100,60.68
4096,5,34,2,3,1,1,25883930,25083930,3939330,2715000,1224330,21144600,800000,36040300,25779900,10260400,15623530,-10156370,4200000,1485000,-175670,456750,632420,1400000,1400000,0,2500000,320000,2200,284084500,1114700,1402400,60.68
4098,4,34,2,3,1,3,41758820,33258820,26678820,21048550,5630270,6580000,8500000,39109460,31391420,7718040,34040780,2649360,29080000,8031450,5630270,13000000,7369730,0,0,0,2000000,780000,28690,270713010,1294810,1587900,60.68
4099,4,34,2,3,1,1,93148502,93148502,91524502,59505660,32018842,1624000,0,35666139,34138291,1527848,91620654,57482363,89000000,29494340,32018842,80000000,47981158,0,0,0,39152159,15801100,18938,900304133,1801674,1900000,60.68
4100,4,34,2,8,2,1,-8667760,-12667760,-15212660,-3441980,-11770680,2544900,4000000,29800010,24884840,4915170,-13582930,-38467770,7299500,10741480,-11770680,5785000,17555680,0,0,0,25820000,15390000,4307,516976100,1500000,1782200,210.8
4101,4,34,2,6,5,1,131267295,130050295,97788328,80075978,17712350,32261967,1217000,37078540,34763390,2315150,128952145,94188755,222923888,142847910,17712350,19199510,1487160,0,0,0,0,1500000,6162.4,1427466762,2003762,1505800,39.5909090909091
4102,2,34,3,3,4,1,84074230,76770180,63109111,3288233,59820878,13661069,7304050,49400056,40212076,9187980,74886250,34674174,11523203,8234970,59662478,89021387,29358909,158400,158400,0,19425670,27800000,1153,-11747300,1500000,1510000,60.68
4103,4,34,3,8,2,3,100306267,99306267,83600767,15892380,67708387,15705500,1000000,38518422,33913182,4605240,95701027,61787845,20000000,4107620,67708387,74500000,6791613,0,0,0,10000000,11220000,17317,645951161,1036361,1636000,207.727272727273
4104,4,34,2,5,1,1,11702200,11702200,11702200,-6884950,18587150,0,0,13276760,11119960,2156800,9545400,-1574560,3050000,9934950,18587150,25191200,6604050,0,0,0,5500000,380000,1280,302817950,1363250,1342600,68.875
4105,3,34,2,3,2,5,49538400,49478400,49478400,68378710,-18900310,0,60000,27793160,24394160,3399000,46139400,21745240,264494500,196115790,-18900310,8842350,27742660,0,0,0,0,56890000,177500,2235835200,1500000,1151400,60.68
4106,5,34,3,8,1,1,17776400,17776400,11056400,11276000,-219600,6720000,0,31365600,17857600,13508000,4268400,-13589200,18495000,7219000,-219600,450000,669600,0,0,0,0,2000000,5308,314482400,3679100,1432800,207.727272727273
4107,5,34,2,8,1,2,19815870,19815870,11147920,10925550,222370,8667950,0,20925950,19308150,1617800,18198070,-1110080,18490000,7564450,222370,2900000,2677630,0,0,0,2500000,1200000,3300,706952090,1366590,1708500,207.727272727273
4108,4,34,2,3,1,1,64412277,60797026,58798972,36374402,22424570,1998054,3615251,21887453,17474183,4413270,59999007,42524824,55577020,19202618,17422070,50037460,32615390,5002500,5002500,0,11215880,6950000,26258.2,391026094,1362894,2101400,60.68
4109,3,34,2,3,4,2,141499389,100872739,96773773,75144807,21628966,4098966,40626650,54056067,47532138,6523929,134975460,87443322,92329867,17185060,2843500,6527500,3684000,18785466,18785466,0,9266723,68843000,34600,192731759,2668816,1671900,60.68
4110,5,34,2,3,1,1,46204760,45604760,35558609,13527550,22031059,10046151,600000,13849963,8729963,5120000,41084760,32354797,14610400,1082850,21734059,23552779,1818720,297000,297000,0,0,14700000,2130,410390204,1410204,1459900,60.68
4112,5,34,3,3,1,2,2416650,1516650,-2867410,-4608840,1741430,4384060,900000,27304339,25119949,2184390,232260,-24887689,0,4608840,-3848570,0,3848570,5590000,5590000,0,18000000,22765000,5000,295079150,1509150,1311300,60.68
4114,3,34,3,6,1,1,10828612,122466,122466,2259941,-2137475,0,10706146,44004267,39854607,4149660,6678952,-33175655,25245825,22985884,-2137475,19680785,21818260,0,0,0,5873573,2042000,1000,325697889,1130116,1425000,39.5909090909091
4115,4,34,3,3,1,1,43340790,39040790,25270838,7161464,18109374,13769952,4300000,30091681,23941361,6150320,37190470,13249109,18445044,11283580,17179795,26339443,9159648,929579,929579,0,23310955,39140000,20500,273930855,1500000,1215700,60.68
4116,4,34,2,3,1,2,98197351,86337831,71020206,27169750,43850456,15317625,11859520,43743822,37969236,5774586,92422765,54453529,33426030,6256280,42828283,81980363,39152080,1022173,1022173,0,130502946,31278330,15979,897854846,1500000,1609500,60.68
4118,5,34,3,8,1,2,7578390,7578390,2925350,-1204860,4130210,4653040,0,19135220,16119990,3015230,4563160,-11556830,2111060,3315920,3043190,6777345,3734155,1087020,1087020,0,4000000,1000000,4553.6,189787400,1514800,1307000,207.727272727273
4119,4,34,3,6,3,2,61425869,60675869,58809602,30965377,27844225,1866267,750000,14996616,11405536,3591080,57834789,46429253,45995677,15030300,25404225,45921050,20516825,2440000,2440000,0,3390000,4753000,7600,220614038,4876338,1498400,39.5909090909091
4120,5,34,3,3,1,1,9523018,6807048,-2910252,-3546757,636505,9717300,2715970,12630520,11229720,1400800,8122218,-3107502,4498430,8045187,636505,1622645,986140,0,0,0,24100000,1910000,500,66914250,976450,1457100,60.68
4121,4,34,3,6,1,1,47568675,47568675,42148675,39954600,2194075,5420000,0,17756590,16711590,1045000,46523675,29812085,74041900,34087300,-488825,0,488825,2682900,2682900,0,0,109730000,2990,476790130,2750730,1585400,39.5909090909091
4123,3,40,3,5,1,1,47740340,47740340,46570340,9486590,37083750,1170000,0,23886660,17649300,6237360,41502980,23853680,15380000,5893410,32486150,46988800,14502650,4597600,4597600,0,4900000,31840000,11000,494698600,1347000,2085300,103.966666666667
4124,5,40,3,1,1,2,26082614,25011634,-666039,-262150,-403889,25677673,1070980,29507253,26311433,3195820,22886794,-3424639,0,262150,-982193,3602561,4584754,578304,578304,0,0,100000,12171,4006367886,1425786,1999900,103.966666666667
4125,5,40,3,2,2,1,37554014,37542692,26751892,455340,26296552,10790800,11322,30157203,27181753,2975450,34578564,7396811,1590000,1134660,26194952,37857900,11662948,101600,101600,0,0,25850000,3000,130260695,2580695,1330600,103.966666666667
4126,4,40,3,2,1,3,-35059892,-35059892,-35059892,-34765792,-294100,0,0,16607422,14700450,1906972,-36966864,-51667314,0,34765792,-294100,0,294100,0,0,0,2000000,12000,20250,741522700,1700000,1319600,103.966666666667
4127,4,34,2,3,1,4,8240310,7840310,2539790,6304280,-3764490,5300520,400000,19669619,18049089,1620530,6619780,-11429309,32154000,25849720,-3764490,130000,3894490,0,0,0,9000000,170500,35560,721519358,1298758,1829700,60.68
4128,4,34,3,3,1,2,91204175,72509175,61742815,30783060,30959755,10766360,18695000,35672292,32088544,3583748,87620427,55531883,35415000,4631940,30459755,44827625,14367870,500000,500000,0,0,9500000,5382,701618370,1067670,1525600,60.68
4129,4,34,3,8,1,1,29164790,7766792,-3974788,-6441410,2466622,11741580,21397998,25238020,24396370,841650,28323140,3926770,6744100,13185510,-253348,12278750,12532098,2719970,2719970,0,32339000,27765000,672,448522700,1730000,1339800,210.8
4131,3,40,2,5,3,3,237864524,236864524,236564524,196441454,40123070,300000,1000000,72563915,58705935,13857980,224006544,165300609,296714970,100273516,32973070,34973580,2000510,7150000,7150000,0,0,62901870,43751,1027576483,1480283,1228500,103.966666666667
4132,3,40,3,3,1,1,9230090,9230090,9230090,10947000,-1716910,0,0,25385870,18582370,6803500,2426590,-16155780,28524510,17577510,-2706910,6684970,9391880,990000,990000,0,0,7250000,30000,1056487040,1044140,1315800,103.966666666667
4134,5,34,3,3,1,1,24414188,11002293,-666665,-1656960,990295,11668958,13411895,29148251,26955535,2192716,22221472,-4734063,18484600,20141560,990295,13560939,12570644,0,0,0,6100000,5000000,5355,364764766,4122766,1422300,60.68
4135,5,34,1,6,1,3,-22367275,-22367275,-26918395,-25975670,-942725,4551120,0,15852986,15252956,600030,-22967305,-38220261,37000000,62975670,-942725,0,942725,0,0,0,2000000,1680000,20338,1072175200,1500000,1340900,39.5909090909091
4137,4,34,3,3,1,1,39319823,39319823,32352497,10372898,21979599,6967326,0,20641524,17595804,3045720,36274103,18678299,20183068,9810170,21720731,30088515,8367784,258868,258868,0,3750000,9080000,8032,524906288,1959788,1522000,60.68
4138,3,34,2,1,4,1,57891956,57891956,57891956,39477956,18414000,0,0,83444900,76975780,6469120,51422836,-25552944,94800000,55322044,0,0,0,18414000,18414000,0,0,2346540,350,314627400,1500000,1155300,15.5714285714286
4143,4,34,2,7,1,1,10130450,10130450,8350450,-3088580,11439030,1780000,0,28199095,25944295,2254800,7875650,-18068645,500000,3588580,11439030,11960000,520970,0,0,0,5500000,1102000,2650,1422044310,1361010,1467200,105.090909090909
4145,2,34,3,6,3,1,-8362020,-8407020,-8407020,-5040920,-3366100,0,45000,34588480,32540440,2048040,-10410060,-42950500,41944400,46985320,-3366100,30000,3396100,0,0,0,5000000,52880000,2000,297200310,3233210,988700,39.5909090909091
4146,3,40,3,3,1,4,51935640,49725640,42526189,6496600,36029589,7199451,2210000,57977431,31450693,26526738,25408902,-6041791,8609000,2112400,975000,1000000,25000,35054589,35054589,0,11480000,17275170,3143.5,674515460,2778360,1187900,103.966666666667
4147,4,34,3,6,1,1,81876627,65702788,45780720,33330668,12450052,19922068,16173839,37336029,29537496,7798533,74078094,44540598,58863152,25532484,-5012039,2552250,7564289,17462091,17542091,80000,49910,30712100,15450,186859688,1717388,1203100,39.5909090909091
4148,3,34,2,6,2,1,26196300,25396300,25396300,25663900,-267600,0,800000,38448000,35267600,3180400,23015900,-12251700,61884000,36220100,-267600,8400,276000,0,0,0,7500000,0,325,583072110,1887110,1348100,18.2333333333333
4149,5,34,3,4,1,1,112383227,110433227,92666227,31465277,61200950,17767000,1950000,36741807,33726727,3015080,109368147,75641420,44434750,12969473,60953450,76783450,15830000,247500,247500,0,12000000,295000,1920,259862190,1618790,1728200,122.857142857143
4150,5,34,2,7,1,3,188866156,188166156,177308696,175307516,2001180,10857460,700000,21756710,20386710,1370000,187496156,167109446,181460000,6152484,257480,2937000,2679520,1743700,1743700,0,0,11400000,21900,373641000,1789300,1622500,25.2727272727273
4152,3,40,3,5,2,1,33097487,33097487,33097487,5048000,28049487,0,0,55784341,48602521,7181820,25915667,-22686854,8500000,3452000,28049487,33800000,5750513,0,0,0,21000000,8400000,2700,912934632,1277732,1828400,103.966666666667
4155,2,40,3,5,4,4,42169622,42169622,42169622,1476640,40692982,0,0,38833312,27508572,11324740,30844882,3336310,2000000,523360,-1457080,0,1457080,42150062,42150062,0,3000000,0,39000,1221154128,1318328,1661700,103.966666666667
4156,4,40,3,5,2,1,42138440,42138440,35651040,-827960,36479000,6487400,0,27302782,18726782,8576000,33562440,14835658,2000000,2827960,32650000,33150000,500000,3829000,3829000,0,0,3500000,4500,507402300,4533900,1441300,103.966666666667
4157,5,40,3,5,1,1,2666835,2416835,-5162285,1230600,-6392885,7579120,250000,24817800,23606980,1210820,1456015,-22150965,2000000,769400,-6491885,573300,7065185,99000,99000,0,10000000,476730,1200,344543030,1011930,1803600,103.966666666667
4158,3,34,2,3,3,5,172191039,142405539,137674239,124606708,13067531,4731300,29785500,94844807,59592097,35252710,136938329,77346232,154720903,30114195,12309392,51173660,38864268,758139,758139,0,11247406,42668500,16500,1152322964,971158,2120400,60.68
4159,5,34,3,3,1,3,3298915,2898915,-1366855,-2124295,757440,4265770,400000,21107684,19710194,1397490,1901425,-17808769,21249825,23374120,757440,1620000,862560,0,0,0,5835420,14721690,21000,652890176,4165376,1589700,60.68
4160,4,34,2,3,1,2,24609150,24009150,19581350,21005480,-1424130,4427800,600000,5118560,5025210,93350,24515800,19490590,23000000,1994520,-1424130,0,1424130,0,0,0,0,3500000,5040,241043180,4957780,1324900,60.68
4161,2,40,3,6,5,3,38249924,37226924,37226924,-19927836,57154760,0,1023000,126872787,63697959,63174828,-24924904,-88622863,6600000,26527836,-251390,0,251390,57406150,57406150,0,11500000,0,20390,2667171216,1148316,1704500,103.966666666667
4162,4,40,3,3,1,1,80637226,74220861,60066826,8371827,51694999,14154035,6416365,42671594,40832134,1839460,78797766,37965632,10898217,2526390,50494999,53486996,2991997,1200000,1200000,0,32897000,34200000,4000,804242604,1621704,1462800,103.966666666667
4163,2,34,1,6,2,1,-1384130,-1384130,-1384130,-1635750,251620,0,0,18569950,16381040,2188910,-3573040,-19954080,31784280,33420030,251620,1300000,1048380,0,0,0,0,5000000,1300,231430560,1496260,1862700,29.6
4164,5,34,2,6,1,1,-32995413,-36161663,-51642010,-30012661,-21629349,15480347,3166250,33145891,30354261,2791630,-35787043,-66141304,33748450,63761111,-21629349,990000,22619349,0,0,0,9000000,18100000,1600,681991700,1000000,1366300,39.5909090909091
4165,4,34,3,3,2,1,77921680,75721680,75721680,63394180,12327500,0,2200000,18311520,16696480,1615040,76306640,59610160,72980000,9585820,12327500,12350000,22500,0,0,0,0,3000000,9000,112355100,3944500,1160700,60.68
4166,4,34,3,7,2,1,72391041,72391041,68498741,57802023,10696718,3892300,0,22847250,20385430,2461820,69929221,49543791,76247125,18445102,10696718,14600000,3903282,0,0,0,3368700,2928000,25230,150500655,936355,1425200,105.090909090909
4167,3,34,2,6,1,1,-15203130,-15203130,-15203130,-15065370,-137760,0,0,31574504,29100004,2474500,-17677630,-46777634,74900000,89965370,-137760,0,137760,0,0,0,5000000,0,800,464353280,1597880,1302600,18.2333333333333
4168,3,34,2,3,2,1,38112290,37312290,35362290,38813270,-3450980,1950000,800000,32866454,29944854,2921600,35190690,5245836,52924000,14110730,-3450980,6930000,10380980,0,0,0,2524800,23330000,27900,449694100,2175100,1201600,60.68
4169,4,34,3,3,1,2,176660,-423340,-423340,3475440,-3898780,0,600000,25585255,23271655,2313600,-2136940,-25408595,9000000,5524560,-3898780,157500,4056280,0,0,0,12000000,10096000,4500,936438080,1918280,1156700,60.68
4171,3,34,2,5,4,2,460233420,460233420,460233420,456758470,3474950,0,0,24836230,22076880,2759350,457474070,435397190,487000000,30241530,3474950,4160000,685050,0,0,0,3000000,0,37300,325278120,1400620,1293500,25.2727272727273
4173,4,34,3,6,2,2,-112766504,-112766504,-112766504,-74951900,-37814604,0,0,52671851,44202540,8469311,-121235815,-165438355,46089900,121041800,-37814604,0,37814604,0,0,0,43000000,30000000,1600,496212560,1157760,1558100,18.2333333333333
4174,4,34,3,6,1,1,-9084547,-27995337,-59443438,-57597548,-1845890,31448101,18910790,32637182,22477723,10159459,-19244006,-41721729,40484484,98082032,-2736890,2418329,5155219,891000,891000,0,11103564,39311000,5384,338352954,2975190,1606900,18.2333333333333
4175,1,34,3,6,1,1,-125244,-125244,-125244,123756,-249000,0,0,6744520,6693470,51050,-176294,-6869764,20908886,20785130,-249000,0,249000,0,0,0,0,7000000,1555,115500137,2859037,1415300,39.5909090909091
4176,2,40,3,7,3,1,62468681,62379171,61944705,24808715,37135990,434466,89510,21265928,18838151,2427777,60040904,41202753,39870000,15061285,12206800,13006410,799610,24929190,24929190,0,0,16536360,7123,202790040,3920040,978700,103.966666666667
4178,2,40,3,6,3,1,33094914,33094914,33094914,-2265086,35360000,0,0,58558794,55149094,3409700,29685214,-25463880,8148000,10413086,35360000,37050000,1690000,0,0,0,1000000,3600000,450,13746464,3208264,1601600,103.966666666667
4179,3,34,2,3,3,2,55356224,50356224,49556224,45599106,3957118,800000,5000000,37534180,32966560,4567620,50788604,17822044,53949997,8350891,2651625,5034000,2382375,1305493,1305493,0,2000000,5739500,24450,588938900,0,1648100,60.68
5001,4,35,3,7,1,1,115938750,115938750,111168750,6744000,104424750,4770000,0,59755951,51149380,8606571,107332179,56182799,8400000,1656000,104424750,112548750,8124000,0,0,0,0,14500000,320,233641100,1500000,1384800,81.8
5002,4,35,3,7,1,1,27023445,23323445,6826069,-2030310,8856379,16497376,3700000,50496336,45276516,5219820,21803625,-23472891,4200000,6230310,8856379,24929550,16073171,0,0,0,5975296,2150000,649.6,272880996,1500000,1580400,81.8
5003,4,35,3,5,1,1,93652409,81142935,66437080,15702610,50734470,14705855,12509474,39212926,24495897,14717029,78935380,54439483,21121500,5418890,48457584,81885400,33427816,2276886,2276886,0,6049337,32563000,760,260969837,500000,1495200,126.333333333333
5005,5,35,3,5,1,1,33085041,24629804,14051261,3660510,10390751,10578543,8455237,35020313,34725603,294710,32790331,-1935272,6164100,2503590,10203641,15801764,5598123,187110,187110,0,0,1303000,408.5,131722268,802168,1855700,126.333333333333
5007,5,35,3,2,1,2,1986094,1386094,866094,4891280,-4025186,520000,600000,15507780,13124650,2383130,-397036,-13521686,7722000,2830720,-4025186,7070714,11095900,0,0,0,11700000,6550000,8000,114734100,2000000,1424400,12
5010,3,35,2,1,3,5,160778213,149274516,138352196,-18328843,156681039,10922320,11503697,90603561,48606430,41997131,118781082,70174652,345436120,363764963,131422639,140510800,9088161,25258400,26198400,940000,217570600,305508800,93165,306304400,3000000,1528600,16.5833333333333
5011,5,35,2,8,2,2,22165350,21565350,9673150,7158750,2514400,11892200,600000,20409970,16745970,3664000,18501350,1755380,10825000,3666250,-3851300,2574100,6425400,6365700,6365700,0,6300000,1960000,10860,281861000,600000,1917100,186.2
5012,5,35,3,5,1,1,19774925,17159925,1838925,1720265,118660,15321000,2615000,6497910,6437910,60000,19714925,13277015,3150000,1429735,118660,3719250,3600590,0,0,0,0,4000000,350,115323975,4790675,1522400,126.333333333333
5013,2,35,3,7,1,1,-2329770,-3495770,-8385770,-5073490,-3312280,4890000,1166000,19235850,12431850,6804000,-9133770,-21565620,0,5073490,-8062300,577500,8639800,4750020,4750020,0,0,2000000,3000,282461900,500000,1888900,81.8
5014,4,35,3,1,1,4,33783205,33583205,22887925,-716800,23604725,10695280,200000,45126720,40751870,4374850,29408355,-11343515,1180000,1896800,8358725,15842750,7484025,15246000,15246000,0,25600000,12500000,41101,331363900,250000,1375100,89.5
5015,3,35,3,2,1,1,47713370,47113370,47113370,4058950,43054420,0,600000,20836260,18577260,2259000,45454370,26877110,5360300,1301350,43054420,47399400,4344980,0,0,0,0,32510000,4221,-26570500,700000,1608100,160
5016,4,35,3,7,3,1,72078270,71395070,57898085,18746730,39151355,13496985,683200,41846600,39521600,2325000,69753270,30231670,87956000,69209270,38962535,50630529,11667994,188820,188820,0,67000000,17881700,3720,730037700,0,1401900,47
5017,2,35,2,7,3,1,430018900,430018900,425818900,417709400,8109500,4200000,0,53608053,47367053,6241000,423777900,376410847,548500000,130790600,8109500,15949500,7840000,0,0,0,168000000,0,9231,507904200,500000,1769600,47
5018,2,35,1,7,1,1,-13912200,-14312200,-14312200,-14312200,0,0,400000,21889200,19449200,2440000,-16352200,-35801400,10000000,24312200,0,0,0,0,0,0,3000000,0,13400,323091600,2000000,1691000,47
5019,2,35,2,7,3,1,19617835,19617835,19617835,-25941600,45559435,0,0,48081817,44652117,3429700,16188135,-28463982,45000000,70941600,45559435,47162250,1602815,0,0,0,1000000,0,7088,746026570,3269770,1573900,81.8
5021,5,35,3,5,1,1,34005382,30089132,5630415,2451340,3179075,24458717,3916250,18723960,13893260,4830700,29174682,15281422,3277500,826160,-1657925,1790000,3447925,4837000,4837000,0,34630000,45590000,267,365377610,990010,1655500,126.333333333333
5022,5,35,3,5,1,1,71505582,70658612,57892534,15143750,42748784,12766078,846970,11979630,11638940,340690,71164892,59525952,17034750,1891000,37996784,41991263,3994479,4752000,4752000,0,407600,33100000,490,452967019,723619,1530300,126.333333333333
5025,5,35,3,4,1,1,26439800,25939800,19619800,-171000,19790800,6320000,500000,20146450,18814450,1332000,25107800,6293350,0,171000,1790800,2184000,393200,18000000,18000000,0,0,7660000,32,212539850,802150,1341300,147.076923076923
5028,5,35,2,7,1,1,11296820,10896820,5057570,3339150,1718420,5839250,400000,8432950,8000950,432000,10864820,2863870,5700000,2360850,1718420,4504500,2786080,0,0,0,0,0,1101,64178060,2277460,2133700,38.68
5029,5,35,2,6,1,2,-19924076,-21314076,-38767023,-38387613,-379410,17452947,1390000,29798309,25986419,3811890,-23735966,-49722385,18865715,57253328,-379410,571200,950610,0,0,0,64200000,45400000,5521,320693500,800000,1507800,18.2333333333333
5030,4,35,2,6,1,2,11679300,10079300,3039300,-2553830,5593130,7040000,1600000,13400527,13063527,337000,11342300,-1721227,20128600,22682430,1919430,3335700,1416270,3673700,3673700,0,23830000,12732000,6719,168278400,600000,1265500,18.2333333333333
5031,4,35,2,6,1,1,4935156,4435156,4435156,3638240,796916,0,500000,20617640,17215070,3402570,1532586,-15682484,9528000,5889760,796916,1934550,1137634,0,0,0,3380000,3289200,600,303355070,1142470,1554700,18.2333333333333
5032,5,35,1,6,1,1,15694593,15694593,11423300,11403200,20100,4271293,0,12425908,11634619,791289,14903304,3268685,117030000,105626800,20100,43500,23400,0,0,0,64200000,77583500,2000,199603800,900000,1406900,29.6
5033,4,35,3,5,2,2,96515404,83426950,70312323,5074868,65237455,13114627,13088454,24522549,18687259,5835290,90680114,71992855,5900000,825132,62267455,77699110,15431655,2970000,2970000,0,19990190,5940960,2659,385665700,1000000,1368600,78.5
5034,5,35,3,1,1,2,184511156,164329658,146185231,-3349370,149534601,18144427,20181498,74767402,59750322,15017080,169494076,109743754,0,3349370,149275794,220120494,70844700,258807,258807,0,101757377,42327280,10700,642420997,1000000,1340000,32.3636363636364
5035,5,35,3,5,1,2,25975154,24785154,14044794,4587440,9457354,10740360,1190000,12933020,8580510,4352510,21622644,13042134,4650000,62560,5441514,7495254,2053740,4015840,4015840,0,11850000,4000000,12902,585263900,2000000,1384100,78.5
5036,4,35,2,5,1,1,42491313,33518313,3575988,515180,3060808,29942325,8973000,29245429,21963982,7281447,35209866,13245884,7245500,6730320,3060808,16382088,13321280,0,0,0,1514248,8000000,2583,182623348,1000000,1668700,126.333333333333
5037,4,35,3,8,1,1,16238003,14963003,14069130,-549880,14619010,893873,1275000,33966856,20144166,13822690,2415313,-17728853,1923900,2473780,-5892100,2281200,8173300,20511110,21261110,750000,0,10120000,1550,116798700,500000,2191400,186.2
5038,5,35,2,8,1,1,20281887,18932887,4324822,3222025,1102797,14608065,1349000,18888931,16865731,2023200,18258687,1392956,5695000,2472975,-6794535,2924875,9719410,7897332,7897332,0,3000000,3690000,1597,374332100,600000,1387700,186.2
5039,5,35,3,8,1,1,45366451,44103451,31460450,2253760,29206690,12643001,1263000,8771640,8570480,201160,45165291,36594811,3718000,1464240,28160063,33679956,5519893,1046627,1046627,0,10830000,32342000,1482.5,240178100,600000,1059300,196.583333333333
5040,3,35,3,1,3,1,30742125,30342125,30342125,-2601650,32943775,0,400000,25526310,23184920,2341390,28400735,5215815,0,2601650,31894775,34782475,2887700,1049000,1089000,40000,0,13415000,0,-172677900,500000,1339000,16.5833333333333
5042,5,35,3,3,1,1,57694364,50058364,40224846,22956500,17268346,9833518,7636000,17653890,16667190,986700,56707664,40040474,26545200,3588700,16119846,19775946,3656100,1148500,1148500,0,500000,11166000,4529.5,377265700,500000,2312700,75.6153846153846
5043,4,35,2,3,1,1,58167243,51701569,31455378,18301858,13153520,20246191,6465674,31306129,27482049,3824080,54343163,26861114,23740888,5439030,9301903,16096248,6794345,3851617,3851617,0,72401489,29423420,11300,202768089,500000,1345100,75.6153846153846
5045,4,35,2,3,1,2,22896941,18252625,6004888,2024670,3980218,12247737,4644316,24937569,23554279,1383290,21513651,-2040628,15677500,13652830,3905118,9068798,5163680,75100,75100,0,0,17520000,19051,138209200,400000,1080600,75.6153846153846
5046,5,35,2,8,1,1,25012285,23762285,16335765,7784985,8550780,7426520,1250000,20714115,20342365,371750,24640535,4298170,8409550,624565,1963070,2349100,386030,6587710,6587710,0,500000,0,80,142224521,1082521,1203700,196.583333333333
5047,3,35,3,8,1,1,-5068532,-5598532,-9839809,-266821,-9572988,4241277,530000,18293713,16303720,1989993,-7058525,-23362245,1199559,1466380,-14483388,101600,14584988,4910400,4910400,0,9600000,0,36,215746600,800000,1457300,196.583333333333
5048,4,35,3,8,1,1,31119985,28689985,16859470,-3774020,20633490,11830515,2430000,27439660,17552590,9887070,21232915,3680325,1402000,5176020,8931690,37166650,28234960,11701800,11701800,0,4000000,22400000,1767,97847300,300000,1789500,196.583333333333
5049,5,35,3,5,1,1,67714819,67614819,31982714,25764064,6218650,35632105,100000,53622915,23994500,29628415,38086404,14091904,30819414,5055350,1684450,4534575,2850125,4534200,4534200,0,1000000,18926000,1631,327078100,1000000,1667700,126.333333333333
5051,5,35,2,5,1,1,80086488,58572488,41637700,9542250,32095450,16934788,21514000,46222725,39285765,6936960,73149528,33863763,17909500,8367250,14008050,18943150,4935100,18087400,18087400,0,18090000,32925000,825.3,718788800,400000,1302300,126.333333333333
5052,5,35,3,8,1,1,17040489,11963514,-2944209,-5877591,2933382,14907723,5076975,25545736,25293276,252460,16788029,-8505247,5409023,11286614,1581951,11539123,9957172,1351431,1351431,0,37024598,37200000,1948,363826798,500000,1713600,196.583333333333
5053,4,35,3,5,1,2,45172160,44039160,37887540,17088535,20799005,6151620,1133000,38646304,33779604,4866700,40305460,6525856,30317600,13229065,20799005,47942990,27143985,0,0,0,18400000,37200000,10957.54,566950000,1000000,1101800,126.333333333333
5054,5,35,3,5,1,1,40502405,38802405,24216645,3857890,20358755,14585760,1700000,20945902,20057772,888130,39614275,19556503,6681750,2823860,20358755,30009575,9650820,0,0,0,10950000,24280000,387,290751700,500000,1469700,126.333333333333
5055,5,35,3,8,1,1,18879467,16370145,4113285,3468510,644775,12256860,2509322,12899830,12849830,50000,18829467,5979637,4942145,1473635,644775,37327575,36682800,0,0,0,300000,5782000,1883,71647800,500000,1429200,196.583333333333
5056,4,35,2,8,1,1,27923269,21563317,5682670,8628840,-2946170,15880647,6359952,29624012,23184052,6439960,21483309,-1700743,17574450,8945610,-2946170,4188350,7134520,0,0,0,0,17410000,5363,300850700,300000,1222100,196.583333333333
5057,4,35,2,8,2,1,40632571,37099571,-7518429,-9328917,1810488,44618000,3533000,110613162,53480432,57132730,-16500159,-69980591,8180453,17509370,1810488,14875550,13065062,0,0,0,17300000,790000,4216,976403900,1000000,1319300,196.583333333333
5059,4,35,3,2,1,1,8021270,7721270,7721270,-465000,8186270,0,300000,21830090,20318590,1511500,6509770,-13808820,2325000,2790000,8186270,9135950,949680,0,0,0,4800000,0,0,785724000,1000000,1451600,120.733333333333
5060,4,35,2,6,1,1,48051402,22743474,-470524,-7302420,6831896,23213998,25307928,21079187,19314360,1764827,46286575,26972215,5273750,12576170,2688063,9547483,6859420,4143833,4143833,0,23380000,38907400,626,236806700,200000,1178000,32.4545454545455
5061,4,35,3,1,1,1,19300064,14530064,7149085,5076670,2072415,7380979,4770000,16624848,15697888,926960,18373104,2675216,5410000,333330,92415,11145000,11052585,1980000,1980000,0,9800000,9520000,9624,126436700,1000000,2514600,32.3636363636364
5062,5,35,3,8,1,1,-27600484,-29748824,-39884354,237185,-40121539,10135530,2148340,34141384,26451784,7689600,-35290084,-61741868,2295000,2057815,-40121539,1355950,41477489,0,0,0,133260000,81430000,679.4,1399718000,1000000,1614400,196.583333333333
5063,4,35,3,1,1,1,104041655,102927655,92140655,16297340,75843315,10787000,1114000,14807180,13971180,836000,103205655,89234475,17230000,932660,72497115,77162480,4665365,3346200,3346200,0,1400000,83870000,10000,156966500,500000,1399600,32.3636363636364
5064,4,35,2,7,1,2,45264490,44664490,44664490,62795610,-18131120,0,600000,49301810,27147650,22154160,23110330,-4037320,80795000,17999390,-18131120,37885600,56016720,0,0,0,62630000,148371500,15480,1584713800,700000,1587900,47
5065,4,35,2,7,1,2,89429229,86271229,69550429,57160900,12389529,16720800,3158000,38001970,34129440,3872530,85556699,51427259,68160000,10999100,2499930,4777285,2277355,9889599,9889599,0,14661200,3590000,6900,1435934400,700000,1693300,47
5066,4,35,3,8,1,1,39414504,26795504,19046901,17654760,1392141,7748603,12619000,39567280,37403320,2163960,37250544,-152776,23502400,5847640,1392141,13139900,11747759,0,0,0,31400000,10135000,4298,496618700,1000000,1335600,196.583333333333
5067,4,35,3,8,1,2,23856344,23256344,13923694,5827182,8096512,9332650,600000,16875552,15575552,1300000,22556344,6980792,7778542,1951360,8096512,9540862,1444350,0,0,0,2700000,10110000,13827,210143600,600000,1403500,196.583333333333
5068,4,35,3,8,1,1,55361465,24761465,20339895,-6185710,26525605,4421570,30600000,22408700,20702500,1706200,53655265,32952765,24195000,30380710,26525605,28830985,2305380,0,0,0,10200000,28205000,1200,482955500,800000,1286700,196.583333333333
5069,4,35,2,6,2,1,8945044,8945044,8945044,9368044,-423000,0,0,46535333,45597883,937450,8007594,-37590289,81573552,72205508,-423000,0,423000,0,0,0,29100000,54548000,2393,1200588500,800000,1647600,18.2333333333333
5072,5,35,3,7,1,2,117225204,113925204,101401204,91847050,9554154,12524000,3300000,28057770,26055100,2002670,115222534,89167434,92905000,1057950,644154,1132014,487860,8910000,8910000,0,2700000,9260000,5750,222697300,1000000,1151600,81.8
5073,3,35,2,7,1,1,34133472,30287257,17858329,-3377736,21236065,12428928,3846215,40688798,37293068,3395730,30737742,-6555326,6081000,9458736,20150629,24525170,4374541,1085436,1085436,0,45122227,73289552,25650,445752527,100000,1674300,47
5075,5,35,3,2,1,1,13243273,13243273,7505303,4362900,3142403,5737970,0,16687150,14056870,2630280,10612993,-3443877,4740000,377100,3142403,14728150,11585747,0,0,0,51168000,49787000,332,212582043,653543,1248000,120.733333333333
5076,5,35,3,3,1,2,36655630,36425630,29000940,20329340,8671600,7424690,230000,13130951,12847590,283361,36372269,23524679,24037400,3708060,-10700,64300,75000,8682300,8682300,0,0,16550000,12100,147451736,300000,1355300,75.6153846153846
5078,5,35,3,8,1,1,16486607,14985597,2771751,-1381890,4153641,12213846,1501010,10245900,9325790,920110,15566497,6240707,3714728,5096618,4153641,22559310,18405669,0,0,0,0,9800000,558,188354200,1000000,1668700,196.583333333333
5079,5,35,3,1,1,3,29296497,27546497,21576297,13484972,8091325,5970200,1750000,28699319,25069249,3630070,25666427,597178,17349252,3864280,8091325,8680175,588850,0,0,0,0,6100000,7960,818702171,1217071,1965400,32.3636363636364
5082,5,35,2,7,2,1,18446501,15876901,9359821,9625500,-265679,6517080,2569600,28476524,24574605,3901919,14544582,-10030023,12200000,2574500,-1951320,315000,2266320,1685641,1685641,0,14179813,4100000,607,498921513,975000,1852300,81.8
5083,4,35,2,7,1,1,84260611,70779201,54628705,51807230,2821475,16150496,13481410,38198605,31976265,6222340,78038271,46062006,141715370,89908140,2821475,3814750,993275,0,0,0,30027754,20424331,9434,531985987,916487,1635900,47
5084,5,35,2,7,1,2,105434417,103306817,92350494,91992048,358446,10956323,2127600,21337132,19450792,1886340,103548077,84097285,130479480,38487432,-1444329,360224,1804553,1802775,1802775,0,8000000,5500000,14236,698896600,5000000,1725200,47
5085,3,35,1,7,3,1,257402792,226390303,226390303,224696883,1693420,0,31012489,99121894,69215954,29905940,227496852,158280898,316136000,91439117,-16890,0,16890,1710310,1710310,0,12310200,31940000,15791,249211417,729917,1178200,47
5088,5,35,3,1,1,2,9082907,7582907,-3883983,-5293774,1409791,11466890,1500000,27909125,23558865,4350260,4732647,-18826218,4632316,9926090,1409791,4477750,3067959,0,0,0,5500000,5290000,12576.6,532993300,5000000,1362100,32.3636363636364
5089,4,35,2,8,1,1,52947541,35653698,30603459,36591434,-5987975,5050239,17293843,45996640,41569304,4427336,48520205,6950901,77811041,41219607,-5987975,5050500,11038475,0,0,0,33559505,87881536,2990,339994605,5000000,1401700,196.583333333333
5090,4,35,2,2,1,3,33682787,20349787,13208872,-506340,13715212,7140915,13333000,69874496,61795796,8078700,25604087,-36191709,0,506340,-327010,209900,536910,14042222,14268222,226000,52000000,10897000,2500,362163800,500000,1433000,120.733333333333
5091,4,35,3,8,1,1,20141499,20041499,13348559,14221559,-873000,6692940,100000,39820192,33400906,6419286,13722213,-19678693,57501566,43280007,-1188990,4455000,5643990,315990,315990,0,32258880,9700000,5930,506182851,890951,1390700,196.583333333333
5092,5,35,2,4,1,1,568969,-645584,-7077234,8783220,-15860454,6431650,1214553,27999035,25606605,2392430,-1823461,-27430066,17119070,8335850,-16008826,6293402,22302228,148372,148372,0,6953540,9044903,2070.05,488533900,4000000,1712900,147.076923076923
5093,5,35,3,4,1,1,32833983,30203983,23360019,8751030,14608989,6843964,2630000,13195832,9950002,3245830,29588153,19638151,10694250,1943220,7612540,8132800,520260,6996449,6996449,0,10059000,4000000,656.5,213997800,2000000,2005900,147.076923076923
5095,5,35,3,5,1,1,109088710,107488710,97973910,112351263,-14377353,9514800,1600000,63065180,49398990,13666190,95422520,46023530,147582000,35230737,-14377353,14016750,28394103,0,0,0,37070000,1210000,3392,719514800,2000000,2628500,68.875
5096,5,35,2,4,2,1,36705352,31654230,-7135,-6027950,6020815,31661365,5051122,31475508,26771448,4704060,32001292,5229844,2114400,8142350,5555536,13884710,8329174,465279,465279,0,0,9870000,1318,203638900,3000000,1741600,147.076923076923
5097,4,35,2,5,1,1,17118450,16218450,10358450,10471700,-113250,5860000,900000,7706300,7254800,451500,16666950,9412150,20388000,9916300,-113250,0,113250,0,0,0,394000,5850600,1221,182616600,3000000,1512400,68.875
5098,4,35,3,4,1,1,38750682,31462682,21830690,18285590,3545100,9631992,7288000,42939050,27634210,15304840,23445842,-4188368,19788250,1502660,1201900,4012550,2810650,2343200,2343200,0,10660000,4300000,430,202221500,700000,1171200,147.076923076923
5099,4,35,2,4,2,1,26177897,24327897,19228577,18182897,1045680,5099320,1850000,40451926,36008001,4443925,21733972,-14274029,30492500,12309603,1045680,1692850,647170,0,0,0,1000000,2100000,7310,555274300,2000000,1560600,147.076923076923
5100,2,35,3,4,4,1,39379165,39279165,36079165,-16121400,52200565,3200000,100000,64585279,56446089,8139190,31239975,-25206114,95839020,111960420,46656565,85805945,39149380,5544000,5544000,0,5500000,940000,13203,2161544600,5000000,1444400,147.076923076923
5101,3,35,3,4,3,1,-94604334,-101710094,-109185423,2275912,-111461335,7475329,7105760,65169102,53177149,11991953,-106596287,-159773436,11098100,8822188,-113377975,26771360,140149335,1916640,1916640,0,128390369,95897000,1740,1162565776,4900000,1569100,147.076923076923
5102,2,35,2,4,4,1,9564950,7814950,-96050,2362930,-2458980,7911000,1750000,16479110,16206110,273000,9291950,-6914160,6100000,3737070,-2656980,0,2656980,198000,198000,0,1774750,13622000,1270,288045300,1000000,1516400,147.076923076923
5103,5,35,3,6,1,1,83149998,81173728,49773553,19681724,30091829,31400175,1976270,37947711,33930571,4017140,79132858,45202287,38185648,18503924,22376819,32031300,9654481,7715010,7715010,0,0,47481220,2365.8,557378000,5000000,1782300,39.5909090909091
5105,4,35,2,8,1,1,34520594,32930594,27413514,27776952,-363438,5517080,1590000,96401719,53637019,42764700,-8244106,-61881125,93360734,65583782,-363438,4900000,5263438,0,0,0,194129300,4381700,2733,814926200,2180000,1462200,196.583333333333
5106,5,35,3,8,1,1,29609875,24899144,-18562308,-9658239,-8904069,43461452,4710731,64721286,56635896,8085390,21524485,-35111411,30384639,40042878,-9151569,20315962,29467531,247500,247500,0,5000000,6474015,2250,478788900,1500000,1400400,186.2
5109,5,35,3,5,1,1,41071177,41071177,41071177,16354655,24716522,0,0,22037178,21324858,712320,40358857,19033999,19766250,3411595,1004715,2938250,1933535,23711807,23711807,0,2500000,0,4000,306600600,1500000,1557500,126.333333333333
5110,3,35,3,5,2,1,34360414,26526662,23816523,-1687896,25504419,2710139,7833752,43276108,39538468,3737640,30622774,-8915694,1800000,3487896,18136730,30945808,12809078,7367689,7367689,0,3000000,9000000,8011.4,339537900,5000000,1204600,126.333333333333
5111,5,35,3,5,1,1,33123381,27523381,16821649,8735476,8086173,10701732,5600000,23865760,22783730,1082030,32041351,9257621,9723836,988360,3670803,4139633,468830,4415370,4415370,0,3500000,2300000,592.9,653467300,2500000,1375600,126.333333333333
5112,5,35,2,5,1,1,11714435,10714435,3503235,996430,2506805,7211200,1000000,29510558,27837020,1673538,10040897,-17796123,1980000,983570,-720595,1097250,1817845,3227400,3227400,0,500000,1200000,125,166757500,2500000,1318700,126.333333333333
5113,4,35,2,5,1,1,20416760,19516760,14764610,2468020,12296590,4752150,900000,18921530,17724330,1197200,19219560,1495230,3300000,831980,416590,2392750,1976160,11880000,11880000,0,3500000,1233000,360.8,395587900,3200000,1611300,126.333333333333
5114,2,35,2,5,1,1,35768492,30718492,7566342,4066300,3500042,23152150,5050000,34025046,32729046,1296000,34472492,1743446,8100000,4033700,3500042,4605000,1104958,0,0,0,1500000,1934760,327,-44654760,1500000,1477000,126.333333333333
5120,5,35,2,5,1,1,10435185,5755185,-3624815,1795000,-5419815,9380000,4680000,24332930,22315200,2017730,8417455,-13897745,3150000,1355000,-5518815,3308050,8826865,99000,99000,0,3000000,2350000,1872.2,161818700,1200000,1363600,126.333333333333
5127,5,35,1,7,1,1,37409620,35080510,15640510,12445000,3195510,19440000,2329110,21098701,19101761,1996940,35412680,16310919,12500000,55000,-35850,10500,46350,3231360,3231360,0,3000000,0,400,344810000,1500000,1717300,81.8
5131,5,35,3,3,1,1,19174405,18974405,5381140,2324630,3056510,13593265,200000,21023350,19913470,1109880,18064525,-1848945,6931600,4606970,3056510,3309150,252640,0,0,0,0,2200000,10460,268339300,500000,1397300,75.6153846153846
5134,5,35,2,3,1,1,28616890,20511890,6598450,420100,6178350,13913440,8105000,25882010,24923310,958700,27658190,2734880,2411200,1991100,3772650,4946850,1174200,2405700,2405700,0,700000,0,3500,146007500,300000,1288500,75.6153846153846
5135,3,35,3,4,1,1,2719774,579774,-20226,-4428643,4408417,600000,2140000,35863640,29384100,6479540,-3759766,-33143866,1959978,6388621,4408417,21901947,17493530,0,0,0,5232935,14969283,419.4,252673000,5000000,1660000,147.076923076923
5137,5,35,2,6,1,1,-1406134,-2690134,-10679134,-14956364,4277230,7989000,1284000,30103630,29312710,790920,-2197054,-31509764,45187000,60143364,4277230,12756400,8479170,0,0,0,79000000,37350000,4990,308142600,1574500,1199000,18.2333333333333
5138,5,35,3,5,1,1,15467251,12167251,3076081,2295000,781081,9091170,3300000,4957400,4193800,763600,14703651,10509851,2320000,25000,513781,1249440,735659,267300,267300,0,800000,3400000,335,55370500,1000000,1437000,78.5
5139,5,35,2,5,1,1,19284033,16384033,470513,-1850200,2320713,15913520,2900000,19405682,18824272,581410,18702623,-121649,5213000,7063200,-619587,689850,1309437,2940300,2940300,0,1500000,5442719,1512,196764581,2000000,1433600,78.5
5141,4,35,3,5,1,1,54547664,53178307,39553873,25399482,14154391,13624434,1369357,27270539,25214579,2055960,52491704,27277125,27266662,1867180,8300401,25467500,17167099,5853990,5853990,0,5789000,0,2200,365923517,980017,1484400,68.875
5142,4,35,3,4,1,1,12781060,12681060,12681060,-6697140,19378200,0,100000,20396820,15822120,4574700,8206360,-7615760,-1820000,4877140,568200,5945000,5376800,18810000,18810000,0,10550000,2200000,600,429519500,1168000,1365900,147.076923076923
5143,3,35,2,6,2,3,4054254,-462411,-3143496,-16021587,12878091,2681085,4516665,68309402,57562527,10746875,-6692621,-64255148,66004106,82025693,10901192,20597173,9695981,1976899,1976899,0,50798121,43560484,10050,466425921,500000,1512800,18.2333333333333
5144,3,35,2,6,2,1,83536900,79536900,79536900,26060400,53476500,0,4000000,124615964,78197124,46418840,37118060,-41079064,30870000,4809600,53476500,58085500,4609000,0,0,0,108800000,165890000,2282.2,201779600,1000000,1391500,39.5909090909091
5145,4,35,2,7,1,1,321906940,321306940,314586940,314455790,131150,6720000,600000,20657420,18767420,1890000,320016940,301249520,324840000,10384210,131150,3385150,3254000,0,0,0,17600000,9270000,7100,601683000,700000,1411400,47
5146,5,35,2,7,1,1,18298846,17849266,8489266,7236556,1252710,9360000,449580,15691020,14861020,830000,17468846,2607826,13236800,6000244,637410,1498100,860690,615300,615300,0,3700000,6930000,3300,126962700,800000,1224500,81.8
5148,4,35,3,4,1,1,23899256,23139571,14566225,-11058565,25624790,8573346,759685,32692990,29998600,2694390,21204866,-8793734,374965,11433530,25019900,38212550,13192650,604890,604890,0,80000,30623000,172.55,377221500,5000000,1694800,147.076923076923
5149,3,35,2,7,3,1,5502676,5202676,5202676,6502636,-1299960,0,300000,75492178,43323428,32168750,-26666074,-69989502,115100000,108597364,-1299960,0,1299960,0,0,0,11021970,11896840,6953,500930300,5000000,1005200,47
5150,4,35,3,4,3,1,9062977,7462977,7462977,-13475395,20938372,0,1600000,40247968,36964857,3283111,5779866,-31184991,315595,13790990,20938372,30129242,9190870,0,0,0,14819882,22884902,3699.2,818492100,2800000,1509600,147.076923076923
5151,4,35,3,7,1,1,83977563,82974203,66992456,63322284,3670172,15981747,1003360,37343399,34415769,2927630,81049933,46634164,89931500,26609216,149460,1342050,1192590,3520712,3520712,0,10193000,3235820,4692,375214260,2000000,1263000,81.8
5152,5,35,2,7,1,1,2236380,1136380,-2221920,-510420,-1711500,3358300,1100000,20437981,18102691,2335290,-98910,-18201601,7400000,7910420,-2998500,195000,3193500,1287000,1287000,0,11000000,1400000,1983,65549100,1000000,1622500,81.8
5153,5,35,2,8,1,2,7188930,6788930,-2043760,-3091380,1047620,8832690,400000,16086598,15942598,144000,7044930,-8897668,1180000,4271380,513020,524350,11330,534600,534600,0,3800000,5400000,15160,259276050,1190650,1822900,186.2
5154,4,35,3,7,1,1,28491693,27691693,17671693,9741800,7929893,10020000,800000,6031380,4451500,1579880,26911813,22460313,14640000,4898200,7929893,22713500,14783607,0,0,0,0,5055000,2150,99676042,588842,1555800,38.68
5155,4,35,3,5,1,1,78457990,77857990,72167140,15483030,56684110,5690850,600000,30381499,26189529,4191970,74266020,48076491,20450700,4967670,56684110,68487000,11802890,0,0,0,0,6828000,1118,156154753,382853,1361000,126.333333333333
5156,5,35,3,5,1,1,14588880,11688880,8112830,3555900,4556930,3576050,2900000,8665120,8506520,158600,14430280,5923760,3946500,390600,4240130,5022100,781970,316800,316800,0,1500000,90000,194,108022731,247731,1566100,126.333333333333
5157,4,35,3,5,1,1,32483546,30783147,21573660,6116840,15456820,9209487,1700399,33143809,29542472,3601337,28882209,-660263,10340000,4223160,15456820,21685894,6229074,0,0,0,39157346,58160000,380.6,408243249,534403,1510600,126.333333333333
5159,5,35,2,5,1,1,7477075,7077075,1151950,726550,425400,5925125,400000,16125568,15641217,484351,6992724,-8648493,1950000,1223450,400400,1248250,847850,25000,25000,0,3000000,0,2780,343769400,1000000,1619100,126.333333333333
5160,5,35,2,5,1,1,56367031,52967031,38481443,13271359,25210084,14485588,3400000,42108201,31166076,10942125,45424906,14258830,17364479,4093120,18061034,28863565,10802531,7149050,7149050,0,17793350,25800000,1092,491686700,1000000,1741600,126.333333333333
5162,4,35,3,7,2,1,31204730,30204730,23211340,19225910,3985430,6993390,1000000,20559233,18803453,1755780,29448950,10645497,21700000,2474090,3985430,7068500,3083070,0,0,0,0,10210000,2460,899497647,4617847,1540600,81.8
5164,4,35,3,5,1,2,55571425,52146305,36195655,8939090,27256565,15950650,3425120,45281000,41587187,3693813,51877612,10290425,11654690,2715600,18495065,20703925,2208860,8761500,8761500,0,8762738,20420000,453,339699799,850000,1673400,126.333333333333
5165,5,35,3,7,1,1,59084770,57084770,45584770,44824670,760100,11500000,2000000,41844100,35461620,6382480,52702290,17240670,50000000,5175330,760100,10839750,10079650,0,0,0,8000000,2695000,1951,147615000,2000000,1375900,81.8
5167,5,35,2,7,1,1,12003230,9623230,2043230,1351585,691645,7580000,2380000,20336411,18129811,2206600,9796630,-8333181,2175000,823415,-823055,8452100,9275155,1514700,1514700,0,1500000,1600000,700,150985500,1000000,1636700,126.333333333333
5168,5,35,3,5,1,1,33870230,32070230,19380230,1712980,17667250,12690000,1800000,14816690,14323590,493100,33377130,19053540,2280000,567020,17267250,23137500,5870250,400000,400000,0,600000,12029000,120,168987300,5000000,1116100,126.333333333333
5169,5,35,3,5,1,1,13998000,11818000,2648000,4630210,-1982210,9170000,2180000,26755300,25643460,1111840,12886160,-12757300,5700000,1069790,-1982210,3481750,5463960,0,0,0,20900000,4105000,450,293923100,1500000,1360900,126.333333333333
5171,4,35,2,7,1,1,48144610,48144610,48144610,49177010,-1032400,0,0,28937360,15365360,13572000,34572610,19207250,72336500,23159490,-1032400,285600,1318000,0,0,0,16000000,30000000,2308.3,122906500,1000000,1328700,47
5172,4,35,3,8,1,2,21787300,21787300,10894200,9867870,1026330,10893100,0,25230780,22908840,2321940,19465360,-3443480,13090310,3222440,1026330,6451600,5425270,0,0,0,0,1690000,15140,156119800,0,1644300,196.583333333333
5173,4,35,3,3,1,1,14578048,11006544,4921638,3992620,929018,6084906,3571504,12458775,12204071,254704,14323344,2119273,6098450,2105830,929018,6713422,5784404,0,0,0,2500000,1000000,5295,84365300,0,1672800,75.6153846153846
5174,5,35,3,5,1,1,54771768,50334153,40370931,19516511,20854420,9963222,4437615,81221604,61239431,19982173,34789595,-26449836,40140335,20623824,20754420,38657070,17902650,100000,100000,0,15451730,1250000,3812.36,86903230,0,1245500,126.333333333333
5175,5,35,1,6,1,1,263701000,260701000,257701000,257811000,-110000,3000000,3000000,14478900,11484900,2994000,260707000,249222100,267609000,9798000,-110000,0,110000,0,0,0,2300000,0,3851,40829900,0,2089100,47
6002,5,36,2,8,1,2,19371671,18109671,13687695,11282720,2404975,4421976,1262000,15508749,13625829,1882920,17488751,3862922,13875800,2593080,2286975,3688975,1402000,118000,118000,0,9100000,6950000,4865.56,479689040,2346240,1297500,186.2
6003,5,36,2,8,2,1,23971310,21631310,8582375,5705760,2876615,13048935,2340000,19337620,17986090,1351530,22619780,4633690,7638500,1932740,2780140,4428750,1648610,96475,96475,0,8900000,7500000,593,481442730,2256230,1519600,186.2
6004,5,36,2,8,1,1,27503177,26124327,12725739,2926680,9799059,13398588,1378850,16866904,15459594,1407310,26095867,10636273,8033400,5106720,9731167,13285612,3554445,67892,67892,0,4200000,11499700,83245.54,220380450,1566250,1660400,141.25
6005,5,36,3,8,1,1,29966886,26865068,12774747,411090,12363657,14090321,3101818,29082062,28204522,877540,29089346,884824,1869450,1458360,6486000,11744310,5258310,5877657,5877657,0,6480000,6940000,3381.52,424705609,2825109,1596000,186.2
6006,5,36,2,8,1,2,30085617,27941589,7752941,3313780,4439161,20188648,2144028,34029960,29866490,4163470,25922147,-3944343,9320600,6006820,3472150,6923480,3451330,967011,967011,0,9900000,29300000,10750,270405945,1192845,1264800,177.571428571429
6008,4,36,3,2,1,4,64383455,61693455,36993471,8542201,28451270,24699984,2690000,31307082,30319852,987230,63396225,33076373,17900000,9357799,27782320,36697440,8915120,668950,668950,0,3000000,28600000,30632.2,1542968519,2006819,1499100,120.733333333333
6009,5,36,2,1,1,4,32532941,16812941,7141141,5136100,2005041,9671800,15720000,34033264,32402234,1631030,30901911,-1500323,10104500,4968400,1543103,2257850,714747,461938,461938,0,5600000,1500000,36399,687237414,552114,1651100,89.5
6010,5,36,2,8,1,2,16806735,15634735,-3645885,-3620560,-25325,19280620,1172000,30796580,30527650,268930,16537805,-13989845,360000,3980560,-380125,7267825,7647950,354800,354800,0,20550000,18520000,7032,342971010,2285810,1264200,186.2
6011,5,36,2,8,1,1,17227800,14575800,7908680,7071390,837290,6667120,2652000,17922544,13842644,4079900,13147900,-694744,11430100,4358710,772980,1044960,271980,64310,64310,0,4800000,5850000,2590,299003437,1403337,1467100,186.2
6012,5,36,3,8,1,1,51248149,41925680,25176933,6109350,19067583,16748747,9322469,37983165,23747524,14235641,37012508,13264984,9733100,3623750,7094918,17862916,10767998,11972665,11972665,0,12100000,10674000,1475.5,355218594,2334194,1443300,186.2
6016,4,36,2,8,1,1,29913070,29133070,15856128,8356475,7499653,13276942,780000,27220814,25919844,1300970,28612100,2692256,10316625,1960150,2065840,4823655,2757815,5433813,5433813,0,19692795,16622545,802,372137090,2384390,1374400,186.2
6018,5,36,2,8,1,1,24429610,23601610,16018439,5056280,10962159,7583171,828000,25723150,11531780,14191370,10238240,-1293540,13697340,8641060,5688644,15576724,9888080,5273515,5273515,0,7754700,11090900,3600,32337670,1352570,1491800,177.571428571429
6019,4,36,3,8,1,1,28479431,26399431,16804826,6884080,9920746,9594605,2080000,13100460,11690410,1410050,27069381,15378971,8182600,1298520,9920746,12186290,2265544,0,0,0,0,23000000,2662.3,298821720,1258520,1573700,186.2
6020,4,36,3,8,1,1,66226879,41913861,28954643,7770710,21183933,12959218,24313018,62611899,56512239,6099660,60127219,3614980,15332100,7561390,10364406,16394736,6030330,10819527,10819527,0,700000,30398000,2953.41,320861799,1640299,1376400,186.2
6021,5,36,2,8,1,2,23504200,22700200,14663610,6949610,7714000,8036590,804000,13118500,11654360,1464140,22040060,10385700,8780000,1830390,1660780,2370500,709720,6053220,6053220,0,407600,3500000,3940,101186600,2538100,1461200,186.2
6022,5,36,2,1,1,2,39436696,25508696,12999337,2981140,10018197,12509359,13928000,19636760,18398070,1238690,38198006,19799936,5935000,2953860,1455100,1822800,367700,8563097,8563097,0,16000000,15500000,11020,348075438,1223638,1702000,32.3636363636364
6023,5,36,2,8,1,2,31598448,29592448,14706197,15930630,-1224433,14886251,2006000,22965012,16335730,6629282,24969166,8633436,26770000,10839370,-1613270,2021100,3634370,388837,388837,0,4900000,3850000,20802,215892723,1827223,1639700,177.571428571429
6024,5,36,3,7,1,1,154994583,153594583,144685150,144086870,598280,8909433,1400000,30139935,29433935,706000,154288583,124854648,149590000,5503130,598280,893800,295520,0,0,0,0,6350000,1000,204661080,1077680,1692100,81.8
6025,4,36,3,7,2,1,61509150,49129150,34199150,8763680,25435470,14930000,12380000,60175420,50597420,9578000,51931150,1333730,16145000,7381320,18733170,19219750,486580,6702300,6702300,0,2000000,2500000,3650,250022100,1447400,1662900,81.8
6026,4,36,3,7,1,2,123436450,122136450,114713450,2034500,112678950,7423000,1300000,101649915,96914157,4735758,118700692,21786535,3550000,1515500,86879550,86916550,37000,25799400,25799400,0,7912690,2000000,8950,887581690,1649800,1900000,81.8
6027,5,36,2,7,1,2,41250115,40279785,31570655,30622790,947865,8709130,970330,27263620,22139270,5124350,36125765,13986495,36934000,6311210,947865,3801900,2854035,0,0,0,10000000,16050000,5030,403051650,1455350,2173500,81.8
6028,5,36,3,7,1,4,27969650,27069650,15280050,12045100,3234950,11789600,900000,13167076,12177006,990070,26979580,14802574,17187000,5141900,3234950,4437500,1202550,0,0,0,2208985,130000,9800,819249610,1880525,1425000,81.8
6029,5,36,3,3,1,2,15706278,14206278,445078,-4831130,5276208,13761200,1500000,17812150,17554150,258000,15448278,-2105872,1447500,6278630,2876208,4472200,1595992,2400000,2400000,0,1000000,1183000,6640,405472680,1971380,1339900,75.6153846153846
6030,3,36,3,3,1,2,169648995,169148995,164448995,83064400,81384595,4700000,500000,29926340,24246340,5680000,163968995,139722655,101226500,18162100,34448600,42297900,7849300,46935995,46935995,0,0,9440000,6190,400154900,1993500,1358300,75.6153846153846
6031,5,36,2,4,1,1,140511650,138111650,125851650,111896850,13954800,12260000,2400000,53478166,43936526,9541640,130970010,87033484,149637000,37740150,4746900,11307400,6560500,9207900,9207900,0,3000000,38475000,26920,388492490,1453690,1355200,81.8
6032,4,36,2,7,3,1,103826319,102526319,91309040,75880040,15429000,11217279,1300000,38979132,35058362,3920770,99905549,64847187,86639100,10759060,15429000,17186950,1757950,0,0,0,40000000,99705000,6556,167638700,1989600,1627000,81.8
6033,5,36,2,4,1,1,200823750,199923750,190930750,167864550,23066200,8993000,900000,30137330,27794970,2342360,198481390,170686420,213476800,45612250,23066200,29993500,6927300,0,0,0,11500000,20000000,3895.8,576882400,1935000,1510000,81.8
6034,5,36,2,4,2,2,32441370,29834370,13940290,9440690,4499600,15894080,2607000,50303900,40886550,9417350,23024020,-17862530,13044860,3604170,2902100,6025700,3123600,1597500,1597500,0,7500000,5700000,9000,498517340,1485840,1782400,156.264705882353
6035,4,36,3,6,1,1,18376103,15109089,-8786987,-37847900,29060913,23896076,3267014,41895321,23594461,18300860,75243,-23519218,1769500,39617400,11540536,24609740,13069204,17520377,17520377,0,9160088,37300000,330,474928847,2700159,1675700,18.2333333333333
6036,2,36,3,1,4,2,-23954471,-23954471,-26015711,-11075643,-14940068,2061240,0,73728007,58726867,15001140,-38955611,-97682478,47506000,58581643,-17600068,25303500,42903568,2660000,2660000,0,90030440,16457945,15100,1109801888,1075788,1517000,15.5714285714286
6037,3,36,2,6,1,1,29188492,27538552,23988139,22347169,1640970,3550413,1649940,19736537,17480827,2255710,26932782,9451955,61956947,39609778,1629480,1660000,30520,11490,544500,533010,0,2200000,13300,280546889,3673489,2262800,32.4545454545455
6038,3,36,2,6,1,1,81846113,80846113,80846113,55590692,25255421,0,1000000,39802350,24654630,15147720,66698393,42043763,72476382,16885690,-2047730,0,2047730,27303151,27303151,0,5000000,2790000,8100,540290700,3000000,1763900,32.4545454545455
6039,4,36,3,6,2,1,3821650,3821650,2513570,-24703170,27216740,1308080,0,36816670,28976020,7840650,-4019000,-32995020,13106000,37809170,387740,750500,362760,26829000,26829000,0,4000000,0,18100,178414100,2000000,1378000,49.6
6040,4,36,2,6,1,4,18942059,17942059,9279106,8103422,1175684,8662953,1000000,26596556,21672192,4924364,14017695,-7654497,13980692,5877270,880660,1391000,510340,295024,295024,0,17396471,1530000,34000,808407491,1414680,1540500,32.4545454545455
6041,5,36,2,6,1,2,39600352,37544985,19337578,5668206,13669372,18207407,2055367,12082480,12035980,46500,39553852,27517872,14201566,8533360,11384148,16803930,5419782,2285224,2285224,0,3040000,2200000,9906,632585500,1204200,1699000,32.4545454545455
6043,4,36,3,7,1,2,-4676790,-6176790,-7642590,-8529940,887350,1465800,1500000,134792690,32714910,102077780,-106754570,-139469480,4150000,12679940,887350,39518800,38631450,0,0,0,643860000,83372000,5279,1556317150,954150,1633200,38.68
6044,5,36,3,7,1,1,40633361,39133361,24303050,12570110,11732940,14830311,1500000,14290956,14290956,0,40633361,26342405,14859000,2288890,11287440,13574850,2287410,445500,445500,0,1500000,0,2633,201554600,1649100,1589400,38.68
6045,4,36,3,7,1,1,92220600,86570600,67078600,11133150,55945450,19492000,5650000,39607420,36123420,3484000,88736600,52613180,18760000,7626850,52082450,62008050,9925600,3863000,3863000,0,2000000,59400000,1618,427728960,1090060,1688000,38.68
6046,3,36,3,7,2,2,-248066513,-259278084,-322927344,-11200573,-311726771,63649260,11211571,134246500,95230670,39015830,-287082343,-382313013,0,11200573,-323688893,117748444,441437337,11962122,11962122,0,811182457,550208870,9122,4832382539,1944639,1064900,38.68
6047,3,36,3,2,5,2,40749179,38949179,22488879,-985800,23474679,16460300,1800000,37090371,35441371,1649000,39100179,3658808,350000,1335800,2090679,2363950,273271,21384000,21384000,0,5000000,3080000,6000,217802643,1008143,1554300,120.733333333333
6048,4,36,2,1,1,1,59101289,53435319,37604271,40154636,-2550365,15831048,5665970,73576999,72069309,1507690,57593599,-14475710,54394579,14239943,-8552721,7801000,16353721,6002356,6002356,0,4000000,100000,13320,926766100,1219700,1491400,16.5833333333333
6049,5,36,2,7,1,1,51469500,49669500,37521700,35178280,2343420,12147800,1800000,26497630,26371070,126560,51342940,24971870,49420000,14241720,2143420,3334300,1190880,200000,200000,0,0,14200000,1197,372363550,1450350,1344600,81.8
6050,5,36,2,7,1,1,68287880,68287880,57470980,55689430,1781550,10816900,0,7951330,7294600,656730,67631150,60336550,65715000,10025570,1781550,2131350,349800,0,0,0,0,9045000,2260.5,790516840,5219740,1492700,81.8
6051,4,36,2,5,1,2,108651955,106689774,96696194,74167630,22528564,9993580,1962181,27785738,26941008,844730,107807225,80866217,88056180,13888550,22117677,37913752,15796075,410887,410887,0,21970000,11560000,10143,639170189,1972289,1453400,75.6153846153846
6052,3,36,2,2,2,3,64233388,50686388,40137544,34145484,5992060,10548844,13547000,16811422,13928472,2882950,61350438,47421966,53075000,18929516,231210,1510300,1279090,5760850,5760850,0,0,15000000,9969,442918510,1951510,1401000,120.733333333333
6053,4,36,3,7,1,1,18957200,17957200,7517200,1104350,6412850,10440000,1000000,14966900,13306900,1660000,17297200,3990300,3000000,1895650,2659550,3888950,1229400,3753300,3753300,0,1000000,600000,1689,208154700,1098000,1591300,38.68
6054,5,36,2,6,1,1,24319540,22885790,10143685,-7105580,17249265,12742105,1433750,55389476,47598846,7790630,16528910,-31069936,51626240,58731820,13403665,22148885,8745220,3845600,3845600,0,35203080,316795850,1517,984276817,1660417,1339100,49.6
6055,4,36,2,6,1,1,-7662862,-7662862,-7662862,-20744408,13081546,0,0,36863056,32172106,4690950,-12353812,-44525918,8322000,29066408,9582046,9746000,163954,3499500,3499500,0,0,12070000,22000,248082462,3348562,2508300,32.4545454545455
6056,5,36,3,7,2,2,37672982,32287451,8672963,-3167253,11840216,23614488,5385531,29308988,27828418,1480570,36192412,8363994,70000,3237253,4859461,7377543,2518082,6980755,6980755,0,0,9456000,3252.5,1139463390,2644490,1437200,81.8
6057,5,40,2,7,1,1,149422820,148197220,136042640,133518440,2524200,12154580,1225600,20317400,20045400,272000,149150820,129105420,396834000,263315560,2326200,2424000,97800,198000,198000,0,0,32500000,286,365453050,1251250,1519300,103.966666666667
6058,5,36,2,7,1,1,48933868,15333868,3101688,-2156240,5257928,12232180,33600000,48455150,43725150,4730000,44203868,478718,15500,2171740,357808,754508,396700,4900120,4900120,0,400000,5600000,3003,292780700,1500000,1017000,38.68
6059,4,36,2,7,1,2,59763690,56243690,48902520,47565760,1336760,7341170,3520000,24021064,22656408,1364656,58399034,35742626,60894000,13328240,1336760,2549150,1212390,0,0,0,2500000,2400000,9770,300416000,1267700,1437700,81.8
6060,5,36,3,3,1,1,16099989,14499989,4609189,4044180,565009,9890800,1600000,8549823,8308103,241720,15858269,7550166,5280000,1235820,565009,1110800,545791,0,0,0,2500000,1200000,4350,216747620,1004820,1390400,75.6153846153846
6061,5,36,2,6,1,2,45464800,40832800,7654700,2742710,4911990,33178100,4632000,38577850,29896000,8681850,36782950,6886950,22171700,19428990,189340,1309800,1120460,4722650,4722650,0,0,6200000,10757,484416240,1987440,1324200,32.4545454545455
6062,5,36,2,1,1,5,325606920,325006920,318861920,232987445,85874475,6145000,600000,67585600,61955860,5629740,319977180,258021320,313940000,80952555,85174475,85275600,101125,700000,700000,0,7500000,13000000,100974,4844298310,1548310,1610900,32.3636363636364
6063,5,36,3,4,1,2,23848250,22348250,9952750,-1349600,11302350,12395500,1500000,22184430,21811230,373200,23475050,1663820,2886000,4235600,11248350,12712200,1463850,54000,54000,0,0,6120000,3441.8,242468700,1136100,1433500,156.264705882353
6064,3,36,3,4,2,1,35347886,34442686,32381561,-4483240,36864801,2061125,905200,36952100,30753270,6198830,29149056,-1604214,818000,5301240,18757622,30770311,12012689,18107179,18107179,0,6731095,31460000,1224,243970712,1823912,1248800,156.264705882353
6065,5,36,2,4,1,2,19924660,19524660,10661660,1941920,8719740,8863000,400000,15118970,14802970,316000,19608660,4805690,8194500,6252580,8719740,10270450,1550710,0,0,0,2000000,1000000,2526,288378390,849690,2737500,156.264705882353
6066,3,36,3,1,1,1,209508371,209508371,209508371,-26122950,235631321,0,0,46480555,41478235,5002320,204506051,163027816,900000,27022950,235631321,549801720,314170399,0,0,0,0,48018620,3503,369324012,2045712,1209400,15.5714285714286
6067,5,36,3,4,1,2,17746160,17646160,1674660,-785740,2460400,15971500,100000,11459450,10443040,1016410,16729750,6286710,1446000,2231740,2173300,2508700,335400,287100,287100,0,2000000,930000,2818,334854460,1429460,1707100,156.264705882353
6068,5,36,3,7,1,1,91954850,90914850,78066650,72538100,5528550,12848200,1040000,27459130,26270030,1189100,90765750,64495720,92358000,19819900,2231850,6244650,4012800,3296700,3296700,0,0,11295000,5457,246295700,735500,1472000,81.8
6069,4,36,3,7,1,1,18149020,17549020,11325150,256700,11068450,6223870,600000,17494994,17419394,75600,18073420,654026,2400000,2143300,179350,284600,105250,10889100,10889100,0,0,15000000,2284,143669699,2610099,1305400,38.68
6070,5,36,3,7,1,1,2584465,2184465,-7015535,-3458446,-3557089,9200000,400000,34716676,29439396,5277280,-2692815,-32132211,2625000,6083446,-3557089,858000,4415089,0,0,0,4000000,1200000,3228,395618165,1168165,1518200,38.68
6071,4,36,3,7,1,1,35685120,24845120,13736120,4334570,9401550,11109000,10840000,14862040,14397040,465000,35220120,20823080,7500000,3165430,7857150,15435950,7578800,1544400,1544400,0,41200000,116975000,1700,211167950,1309150,1574800,38.68
6072,5,36,3,7,1,2,22358736,16458736,2917186,2934756,-17570,13541550,5900000,12103810,11588160,515650,21843086,10254926,4655000,1720244,-274515,233250,507765,256945,256945,0,0,7000000,1131,392665581,1182081,1488900,38.68
6073,5,36,2,7,1,1,39105700,38105700,22682700,380850,22301850,15423000,1000000,26500734,25299274,1201460,37904240,12604966,3000000,2619150,22301850,27508450,5206600,0,0,0,0,20000000,3931,578995500,2277800,2408500,38.68
6074,5,36,3,7,1,1,19382150,18262150,8688360,3317000,5371360,9573790,1120000,21977882,21866882,111000,19271150,-2595732,4451000,1134000,5371360,8173850,2802490,0,0,0,0,2750000,1410,106694390,2525190,2523600,38.68
6075,5,36,2,7,1,1,42189463,38796663,28378935,28414613,-35678,10417728,3392800,21095310,19653410,1441900,40747563,21094153,37821000,9406387,-168088,1494200,1662288,132410,132410,0,3500000,6080000,7377,289769990,1266290,1584600,38.68
6076,5,36,2,7,1,1,47181456,43454456,17822209,16782590,1039619,25632247,3727000,33507838,16029838,17478000,29703456,13673618,40522500,23739910,814950,2057100,1242150,224669,224669,0,8000000,0,4208.2,37340927,2848527,1458000,38.68
6077,5,36,2,7,1,1,37801729,36435787,24285763,15157979,9127784,12150024,1365942,43889309,38732406,5156903,32644826,-6087580,38421750,23263771,6615956,18911025,12295069,2511828,2511828,0,200000,13098833,9613,498601200,1500000,1460700,38.68
6078,5,36,2,7,1,1,28378926,27497896,16643139,18710850,-2067711,10854757,881030,58073946,39917086,18156860,10222066,-29695020,33750000,15039150,-3022420,1050300,4072720,954709,954709,0,13150000,1130000,3494,777446730,554830,1548100,38.68
6079,4,36,3,7,2,1,28412100,25862100,16050100,9588750,6461350,9812000,2550000,22197670,19306770,2890900,25521200,6214430,11910000,2321250,4853350,8981100,4127750,1608000,1608000,0,5360000,1500000,1598,537700670,1682670,1657900,38.68
6081,5,36,3,8,1,1,22097972,21694548,17158960,10054150,7104810,4535588,403424,9593094,9342094,251000,21846972,12504878,12997500,2943350,5097090,5880950,783860,2007720,2007720,0,0,3000000,2066,163099500,1465000,1436500,186.2
6082,3,36,2,6,1,1,20088976,17929676,9855914,4316718,5539196,8073762,2159300,52508538,49638488,2870050,17218926,-32419562,40840411,36523693,5539196,7451000,1911804,0,0,0,11000000,5076210,36900,301213930,1986630,1569800,32.4545454545455
6083,4,36,2,6,1,2,33021086,30398505,16654885,13009020,3645865,13743620,2622581,20783308,19014780,1768528,31252558,12237778,27502310,14493290,-556685,778185,1334870,4202550,4202550,0,4500000,1850000,11288,262298480,1562880,1600600,32.4545454545455
6084,3,36,2,6,1,4,71403814,70803814,70803814,71253346,-449532,0,600000,42155689,27975379,14180310,57223504,29248125,108907720,37654374,-449532,464750,914282,0,0,0,1500000,6919000,40750,724877630,2011430,1346100,32.4545454545455
6085,4,36,2,6,1,1,43042290,41666290,18985080,13679710,5305370,22681210,1376000,45014399,43634199,1380200,41662090,-1972109,23230710,9551000,1575370,6131000,4555630,3730000,3730000,0,6600000,3770000,9000,708719219,2173919,1753700,32.4545454545455
6086,5,36,2,6,1,1,17029048,17029048,9439287,7872577,1566710,7589761,0,18596360,18554360,42000,16987048,-1567312,20732877,12860300,1566710,3519000,1952290,0,0,0,0,7250000,1500,333015310,1938510,1358900,32.4545454545455
6087,5,36,2,6,1,1,15721263,14598263,1717072,-624140,2341212,12881191,1123000,10782720,10640400,142320,15578943,4938543,4757200,5381340,1632833,3293250,1660417,708379,708379,0,2407600,900000,2122.6,229107400,1376400,1494200,32.4545454545455
6088,3,36,2,6,2,1,20112571,18954091,15491210,-2886639,18377849,3462881,1158480,32448985,28792494,3656491,16456080,-12336414,10808049,13694688,-105600,936350,1041950,18483449,18483449,0,2500000,446408,1818,210423704,1817504,1413700,49.6
6089,4,36,2,6,1,1,3981512,3681512,-7690765,-10725960,3035195,11372277,300000,28397560,28108830,288730,3692782,-24416048,17212430,27938390,796595,1347825,551230,2238600,2238600,0,0,4000000,12301,928650057,3481157,1300200,32.4545454545455
6090,4,36,2,6,2,5,11124061,6706401,-16902448,-17379333,476885,23608849,4417660,35848356,34893136,955220,10168841,-24724295,55004206,72383539,348185,1205375,857190,128700,128700,0,49216835,35570000,122400,772668072,1606937,1435100,18.2333333333333
6092,5,36,1,1,1,2,120792629,120792629,115020949,115130239,-109290,5771680,0,55889130,46233480,9655650,111136979,64903499,181041040,65910801,-109290,145000,254290,0,0,0,25000000,7546690,6746,1002366300,1685400,1140500,15.5714285714286
6093,4,36,2,1,1,2,28718567,28018567,27245567,25923567,1322000,773000,700000,43330804,35792014,7538790,21179777,-14612237,35068647,9145080,1322000,1333500,11500,0,0,0,3000000,9370,4500,457250230,1000000,1722200,16.5833333333333
6094,4,36,3,4,2,1,15342240,9906090,6316090,-3322760,9638850,3590000,5436150,90420990,87945890,2475100,12867140,-75078750,2402500,5725260,4817550,8002700,3185150,4821300,4821300,0,5200000,1440000,3100,538419000,1267600,1402700,156.264705882353
6095,4,36,3,4,1,2,2431786,-620714,-9307754,-11072434,1764680,8687040,3052500,19981730,18869190,1112540,1319246,-17549944,660000,11732434,576680,1010800,434120,1188000,1188000,0,0,3792870,7720,281678880,3517750,1345700,156.264705882353
6096,5,36,3,4,1,1,15436906,15036906,2308150,-1297620,3605770,12728756,400000,13676210,13392710,283500,15153406,1760696,2720000,4017620,3605770,4213550,607780,0,0,0,0,8824600,505.4,147423950,1648750,1473700,156.264705882353
6097,5,36,1,4,1,1,18219821,17319821,11999625,4072370,7927255,5320196,900000,48022170,45310570,2711600,15508221,-29802349,13227000,9154630,7927255,9777250,1849995,0,0,0,10170000,7200000,3422,326990830,1354930,1476300,156.264705882353
6098,2,36,2,4,1,1,23037765,22637765,-1200325,-3414770,2214445,23838090,400000,12573580,12361580,212000,22825765,10464185,1142000,4556770,76045,350750,274705,2138400,2138400,0,100000000,3200000,1966.8,152653550,1792550,1602500,156.264705882353
6099,4,36,3,4,1,1,699930,449930,-150070,-3757720,3607650,600000,250000,10282161,9685071,597090,102840,-9582231,165000,3922720,1083150,2817400,1734250,2524500,2524500,0,0,7100000,522.99,114958410,1951510,1374600,156.264705882353
6100,4,36,3,4,1,1,21536390,18736390,15322630,-507500,15830130,3413760,2800000,14938870,13678490,1260380,20276010,6597520,775500,1283000,-248870,216500,465370,16079000,20047500,3968500,1000000,1200000,674,156752570,1534670,1316700,156.264705882353
6101,3,36,3,4,1,1,56367200,55967200,53053400,-9586550,62639950,2913800,400000,47157190,44507190,2650000,53717200,9210010,10200000,19786550,58184950,59196500,1011550,4455000,4455000,0,3705800,3250000,200,425479440,1858340,1509700,156.264705882353
6102,4,36,2,4,1,1,50062290,29492290,4786770,-858250,5645020,24705520,20570000,27356494,26557694,798800,49263490,22705796,3300000,4158250,-6500980,1018900,7519880,12146000,12146000,0,0,3100000,300,148246060,1308860,1594800,156.264705882353
6103,4,36,3,4,1,1,33464350,33064350,2664350,2676500,-12150,30400000,400000,33134760,27806760,5328000,28136350,329590,5020000,2343500,-12150,20250,32400,0,0,0,0,9200000,860,192867410,1339910,1312300,156.264705882353
6106,5,36,2,4,1,1,56306983,20654476,7900810,154250,7746560,12753666,35652507,42644060,41544060,1100000,55206983,13662923,5290000,5135750,3337610,6398700,3061090,4408950,4408950,0,367400,50450000,1513.4,349228930,1263330,1403800,156.264705882353
6107,3,36,3,4,1,1,5149070,4749070,4149070,-5642890,9791960,600000,400000,23773470,21848780,1924690,3224380,-18624400,0,5642890,-428140,1298000,1726140,10220100,10220100,0,0,5350000,400,146657690,1749590,1370600,156.264705882353
6110,5,36,3,7,1,2,20535130,19935130,7023020,-278720,7301740,12912110,600000,24642677,23121757,1520920,19014210,-4107547,840000,1118720,1858540,4263750,2405210,5443200,5443200,0,0,5500000,9804,627692100,1500000,1428800,81.8
6111,5,36,3,1,3,2,28731479,26031479,15307319,-602300,15909619,10724160,2700000,26358220,25913220,445000,28286479,2373259,2921000,3523300,15909619,19443269,3533650,0,0,0,0,7055000,10852.7,476265400,1500000,1564200,89.5
6112,5,36,2,8,1,1,16364174,15764174,6318674,686094,5632580,9445500,600000,16054400,13808950,2245450,14118724,309774,16667474,15981380,5315580,7274550,1958970,317000,317000,0,10000000,1475000,5447,361661787,1985367,1275900,141.25
6113,3,36,2,8,1,2,13833761,12503761,6619021,-743082,7362103,5884740,1330000,31602815,25113415,6489400,7344361,-17769054,3585148,4328230,7043103,10521749,3478646,319000,319000,0,416400,2870000,6368.2,865042790,1874890,1450100,141.25
6114,4,36,3,1,1,2,110446240,77706231,34930272,-3003390,37933662,42775959,32740009,39086520,33464990,5621530,104824710,71359720,1430000,4433390,37636662,57205897,19569235,297000,297000,0,6500000,2275000,8327.87,599931850,1340850,1547900,32.3636363636364
6115,4,36,3,1,1,1,33798970,33798970,21628970,-3463440,25092410,12170000,0,23274047,21876747,1397300,32401670,10524923,229000,3692440,24890310,26462700,1572390,202100,202100,0,3000000,1060000,1744,202958760,1690560,1563500,16.5833333333333
6116,5,36,3,4,1,2,18215767,17615767,2022567,-1404860,3427427,15593200,600000,18493751,18278851,214900,18000867,-277984,1966000,3370860,3152427,6338950,3186523,275000,275000,0,2500000,1900000,9465,358064560,1159060,1391000,156.264705882353
6117,5,36,3,8,1,1,33545466,22847918,8933470,-1040950,9974420,13914448,10697548,33944566,25797176,8147390,25398076,-399100,2723000,3763950,9654420,16398290,6743870,320000,320000,0,5942488,2917000,875,297978638,1827250,2442200,196.583333333333
6118,5,36,2,8,1,1,4451020,4211020,-2257140,-2004620,-252520,6468160,240000,21831620,20265620,1566000,2885020,-17380600,71000,2075620,-527520,868500,1396020,275000,275000,0,4000000,0,2736.98,433859814,1061014,1218900,186.2
6119,5,36,2,3,1,1,21792523,20016053,13150183,7929820,5220363,6865870,1776470,20684855,19631265,1053590,20738933,1107668,10042000,2112180,3367363,5899903,2532540,1853000,1853000,0,0,1200000,6000,200722396,1419996,1398000,75.6153846153846
6120,3,36,3,7,2,1,210261146,202141146,168087086,1399380,166687706,34054060,8120000,92087762,83725782,8361980,201899166,118173384,5164000,3764620,150859458,213430371,62570913,15828248,15828248,0,122851300,91797000,7235,951744550,1175250,1278900,81.8
6121,5,36,2,1,1,5,37145219,35545219,28784099,12017835,16766264,6761120,1600000,25917562,25821562,96000,37049219,11227657,97501500,85483665,16766264,18490464,1724200,0,0,0,7000000,0,0,827853080,1845480,1768900,16.5833333333333
6122,5,36,2,7,1,1,24590340,23390340,17745750,901150,16844600,5644590,1200000,50602490,46353490,4249000,20341340,-26012150,74250000,73348850,10298600,13648050,3349450,6546000,6546000,0,9000000,180000,5633,509984770,1406170,1596300,81.8
6123,5,36,3,1,1,4,24604800,23004800,15950240,1650930,14299310,7054560,1600000,10971140,10190340,780800,23824000,13633660,2609000,958070,428210,1414300,986090,13871100,13871100,0,5000000,2600000,6000,487040500,1831500,1430800,89.5
6124,5,36,3,1,1,2,49541780,49081780,33772900,-1709900,35482800,15308880,460000,14577020,14042020,535000,49006780,34964760,-60000,1649900,35112800,37231750,2118950,370000,370000,0,2500000,39000,9151,619982310,1071910,1262600,32.3636363636364
6125,4,36,3,3,1,1,48352290,46752290,29625730,6797330,22828400,17126560,1600000,24971780,23402780,1569000,46783290,23380510,9015000,2217670,22554200,31621600,9067400,274200,274200,0,22254760,22500000,12528.6,222574880,3543220,1528900,75.6153846153846
6126,5,36,2,3,1,1,43140417,41040417,9664900,283060,9381840,31375517,2100000,22042429,20751429,1291000,41849417,21097988,2642000,2358940,9202840,11486440,2283600,179000,179000,0,4154179,7180000,3494,140097219,4537740,1681200,75.6153846153846
6127,2,36,3,4,5,1,51592506,50092506,44473466,-5249356,49722822,5619040,1500000,52871461,44462761,8408700,43183806,-1278955,1079000,6328356,10867302,18418500,7551198,38855520,38855520,0,4500000,0,1945,188329340,1012640,1406800,156.264705882353
6128,5,36,3,8,1,1,6528060,5928060,33560,317340,-283780,5894500,600000,7293930,7282930,11000,6517060,-765870,590000,272660,-463780,1622800,2086580,180000,180000,0,2000000,0,542,164214000,1654400,1539700,196.583333333333
6129,5,36,2,8,1,2,9932616,7252616,-472624,-765840,293216,7725240,2680000,9746094,9446094,300000,9632616,186522,395000,1160840,293216,667650,374434,0,0,0,2000000,1100000,644.74,137118430,1216630,2003500,196.583333333333
6131,5,36,3,8,1,2,22797899,22797899,14003539,-86335,14089874,8794360,0,36705556,34536076,2169480,20628419,-13907657,2750000,2836335,13769874,19823100,6053226,320000,320000,0,7000000,3490000,6736,340040340,1354140,1561100,141.25
6132,5,36,2,8,1,2,18585890,17885890,11075450,6712300,4363150,6810440,700000,10134930,9941310,193620,18392270,8450960,10741500,4029200,4153150,5672450,1519300,210000,210000,0,0,11442500,5722.9,131368044,1888644,1254400,141.25
6133,5,36,2,8,1,3,23224403,20758085,6576263,2150010,4426253,14181822,2466318,23174477,21074267,2100210,21124193,49926,6256480,4106470,4048253,6164063,2115810,378000,378000,0,3400000,3500000,1593.4,201322955,1153655,1582500,196.583333333333
6134,3,36,3,7,3,1,25093692,-9421249,-14311279,-1404155,-12907124,4890030,34514941,153786468,98973918,54812550,-29718858,-128692776,2055400,3459555,-12907124,23020750,35927874,0,0,0,27423000,13600000,6571.2,1485091759,1686559,1707900,81.8
6135,4,36,3,6,1,2,21845970,21445970,20845970,-1036120,21882090,600000,400000,22340250,21412250,928000,20917970,-494280,11172000,12208120,-1179200,658400,1837600,23061290,23061290,0,6336000,240000,2353.6,493724660,1067360,1453000,32.4545454545455
6136,4,36,2,1,1,1,217062912,208011250,202351250,186653040,15698210,5660000,9051662,82496493,50813406,31683087,185379825,134566419,306488090,119835050,15698210,16053000,354790,0,0,0,9580000,29180000,0,47718480,1004280,1451600,15.5714285714286
6137,4,36,3,8,1,1,87436004,86836004,70181914,-2350650,72532564,16654090,600000,38853154,38066634,786520,86649484,48582850,2594900,4945550,4712812,13925800,9212988,67819752,67819752,0,0,7660000,4000,492477600,1412500,1548600,196.583333333333
6138,5,36,3,5,1,1,40303589,38038589,21119789,2874790,18244999,16918800,2265000,27236118,24632138,2603980,37699609,13067471,3762000,887210,-169385,162450,331835,18414384,18414384,0,9660680,9058000,740,284436460,1687180,1343300,127.333333333333
6139,4,36,3,7,1,1,15834260,15034260,4682416,4141870,540546,10351844,800000,12872213,11641733,1230480,14603780,2962047,7500000,3358130,-1746354,2623450,4369804,2286900,2286900,0,23530000,12640000,2113,220285470,1338770,1405700,38.68
6140,5,36,2,7,1,1,80216798,79266798,59493628,28807690,30685938,19773170,950000,35652400,24976780,10675620,69541178,44564398,35568750,6761060,143240,598650,455410,30542698,30542698,0,4000000,5920000,4649,400495240,1617240,1401400,38.68
6142,2,36,3,7,4,1,83416625,78716625,64465661,24958750,39506911,14250964,4700000,34981892,34294892,687000,82729625,48434733,27300000,2341250,1273911,3162950,1889039,38233000,38233000,0,0,5000000,3479,492240330,447930,1562600,38.68
6143,4,36,2,7,1,1,40267220,37377220,26734170,22104992,4629178,10643050,2890000,34078396,24938026,9140370,31126850,6188824,55848758,33743766,-301022,5614600,5915622,4930200,4930200,0,7910000,12015520,7209,580134111,1345311,1791900,38.68
6144,4,36,3,7,2,1,91035801,89371831,82958931,57140557,25818374,6412900,1663970,42998020,37570520,5427500,85608301,48037781,66346397,9205840,25608910,44652795,19043885,209464,209464,0,22945030,22446000,6154,700338532,1592502,1285100,38.68
6145,5,36,2,7,2,1,29909893,25184893,11764598,4728530,7036068,13420295,4725000,25106332,21659762,3446570,26463323,4803561,8430000,3701470,3000088,4230150,1230062,4035980,4035980,0,8200000,31210000,2936,350849570,2884070,1293100,38.68
6146,5,36,2,7,1,1,25865358,22522649,7984933,7289240,695693,14537716,3342709,21093200,20402270,690930,25174428,4772158,12960000,5670760,695693,4252703,3557010,0,0,0,0,4710000,5350,739106865,2402165,1349700,38.68
6149,4,36,3,4,1,1,133540041,121910347,105076936,38243980,66832956,16833411,11629694,43676322,31855285,11821037,121719004,89863719,66210710,27966730,65494886,72466511,6971625,1338070,1338070,0,128912766,180654000,2297,390819957,1491413,1553900,156.264705882353
6150,4,36,2,4,1,1,192941,-257059,-7322297,-3742870,-3579427,7065238,450000,23164790,21729020,1435770,-1242829,-22971849,5725040,9467910,-3579427,2541600,6121027,0,0,0,6000000,110000,1715,15234080,1780880,1502100,156.264705882353
6151,5,36,2,7,1,1,52370439,51240439,24808733,21540468,3268265,26431706,1130000,25635550,19981190,5654360,46716079,26734889,37036950,15496482,-248890,137400,386290,3517155,4603005,1085850,0,10200000,7889,370727390,1526190,1344400,38.68
6152,5,36,2,7,1,1,83729560,72253973,65574951,12104570,53470381,6679022,11475587,39670372,32631652,7038720,76690840,44059188,21411000,9306430,29604728,33719273,4114545,23865653,23865653,0,0,1700000,4929,972660210,2844310,2375900,38.68
6155,5,36,2,7,1,1,35368964,32668964,18750475,7156680,11593795,13918489,2700000,24136623,20546563,3590060,31778904,11232341,11878500,4721820,6055,1254700,1248645,11587740,11587740,0,3371944,4850000,3384,307717234,3113990,1516700,38.68
6158,4,36,3,7,1,1,17745484,16536905,10298288,9500420,797868,6238617,1208579,13379654,12593384,786270,16959214,4365830,13500000,3999580,-174559,5463150,5637709,972427,972427,0,3000000,0,4507,158744875,1268475,1574000,38.68
6159,3,36,2,2,1,2,11522430,10622430,10022430,12749790,-2727360,600000,900000,40296825,39128125,1168700,10353730,-28774395,27485000,14735210,-3423360,260000,3683360,696000,696000,0,12500000,890000,11760,132894980,1500000,1423600,125
6160,5,36,3,3,1,1,61585216,60285216,40402062,32736920,7665142,19883154,1300000,17171640,16232640,939000,60646216,44413576,35400650,2663730,7279042,8497842,1218800,386100,386100,0,7500000,13060000,9583.9,121158460,1500000,1390200,75.6153846153846
6161,5,36,2,3,1,3,65258487,64254631,46923723,45786386,1137337,17330908,1003856,10192993,9232993,960000,64298487,55065494,50210340,4423954,1005340,1431300,425960,131997,131997,0,4000000,30870000,17861.75,260113999,2846799,1237500,75.6153846153846
6162,5,36,2,3,1,1,35350416,32240416,21647581,7727074,13920507,10592835,3110000,19485420,16503320,2982100,32368316,15864996,10347654,2620580,10810107,12101247,1291140,3110400,3110400,0,0,20850000,1368,168015200,1500000,1594900,75.6153846153846
6163,3,36,3,2,1,2,239656395,224271818,203158701,-3301689,206460390,21113117,15384577,42238371,29706531,12531840,227124555,197418024,7862500,11164189,200659938,326913162,126253224,5800452,5800452,0,107829661,27602000,5581,581353101,1500000,1302800,120.733333333333
6164,5,36,2,3,1,1,46354675,44774675,30863336,28625850,2237486,13911339,1580000,18099543,17508711,590832,45763843,28255132,31684600,3058750,2237486,6538325,4300839,0,0,0,3627370,11000000,8298,191567462,1500000,1833000,75.6153846153846
6165,4,36,2,3,1,3,27883586,27883586,14230874,4667330,9563544,13652712,0,16972184,15594814,1377370,26506216,10911402,8815400,4148070,2841544,7612500,4770956,6722000,6722000,0,0,19450000,28767,552396300,1500000,1387100,75.6153846153846
6166,5,36,2,1,1,1,28374830,27274830,8876670,10287780,-1411110,18398160,1100000,19061154,18841154,220000,28154830,9313676,15286500,4998720,-1411110,2861750,4272860,0,0,0,1203800,550000,42692,190410492,1500000,1720600,32.3636363636364
6167,3,36,2,4,1,3,32577748,30420038,26341651,10665177,15676474,4078387,2157710,51028926,37569019,13459907,19117841,-18451178,20784288,10119111,10714563,30967462,20252899,4961911,4961911,0,36430590,26000000,14003.8,361102990,1500000,1306800,156.264705882353
6168,3,36,2,2,1,2,62604118,50204118,43180618,20889282,22291336,7023500,12400000,55042706,49700560,5342146,57261972,7561412,33473752,12584470,6550250,8439430,1889180,15741086,15771086,30000,24843043,50322145,7542.7,347818843,2731174,1586200,125
6169,4,36,2,1,1,2,-2661166,-4161166,-4861166,-4810746,-50420,700000,1500000,37898270,34851120,3047150,-5708316,-40559436,26268444,31079190,-50420,1550000,1600420,0,0,0,2000000,320000,46172,284833814,1984490,1371400,32.3636363636364
6171,4,36,2,2,1,1,16851877,16131877,2277750,947200,1330550,13854127,720000,14118114,13688764,429350,16422527,2733763,1989500,1042300,1330550,2418400,1087850,0,0,0,0,3300000,458,90612700,2903800,1545500,120.733333333333
6172,3,36,3,2,1,1,38013459,36613459,34618459,1503152,33115307,1995000,1400000,28588152,23498152,5090000,32923459,9425307,6105000,4601848,33115307,41898250,8782943,0,0,0,7000000,3600000,2889.5,30736716,920516,1568400,120.733333333333
6173,4,36,2,1,1,2,15982627,14717191,4652363,4137115,515248,10064828,1265436,40444149,39432259,1011890,14970737,-24461522,23365400,19228285,443816,3367200,2923384,71432,71432,0,8205034,17358760,9810,203782070,2211196,1691300,16.5833333333333
6174,3,36,3,2,1,1,24433193,23633193,22705185,1220000,21485185,928008,800000,17414010,15039010,2375000,22058193,7019183,1400000,180000,21485185,42423000,20937815,0,0,0,0,6050000,-9,29473280,2033580,1447700,120.733333333333
6175,3,36,2,3,1,2,31649840,31649840,24459840,12018370,12441470,7190000,0,25677200,24020050,1657150,29992690,5972640,23290000,11271630,-133530,0,133530,12575000,12575000,0,7000000,1200000,5256,93488170,1532670,1644600,75.6153846153846
6176,4,36,3,3,2,2,49365392,47134392,36685530,18148330,18537200,10448862,2231000,28852190,20968220,7883970,41481422,20513202,20302000,2153670,-1813500,8342850,10156350,20350700,20350700,0,4100000,716000,16709,143214500,1125700,1754600,75.6153846153846
6177,5,36,2,3,1,3,36472130,35692130,22399730,18734820,3664910,13292400,780000,12730828,10342008,2388820,34083310,23741302,24752800,6017980,3664910,5550400,1885490,0,0,0,0,8939492,26150,300131708,1500000,2105200,75.6153846153846
6179,5,36,2,4,1,4,109514975,100006749,87221947,81847058,5374889,12784802,9508226,45619812,36049032,9570780,99944195,63895163,92915423,11068365,5317494,11844719,6527225,57395,57395,0,18402192,44710000,47810.9,739384347,1175355,1746800,75.6153846153846
6180,3,36,3,3,1,4,87370350,84112500,72129549,19285635,52843914,11982951,3257850,22079492,18206342,3873150,83497200,65290858,23182000,3896365,52843914,70724660,17880746,0,0,0,20868590,28548400,40380,182880780,1500000,1598900,75.6153846153846
6181,5,36,2,2,1,2,11358952,9958952,3825992,447180,3378812,6132960,1400000,12713820,12473300,240520,11118432,-1354868,780000,332820,3378812,6294050,2915238,0,0,0,0,36000,16831,331969100,1593300,1461400,120.733333333333
6182,5,36,3,7,1,1,35707178,30758486,19766246,-2260854,22027100,10992240,4948692,39445609,34574919,4870690,30836488,-3738431,2330000,4590854,15896240,16392500,496260,6130860,6130860,0,4000000,1670000,2537,412350673,1186773,1711200,81.8
6183,4,36,2,1,1,2,-85240,-85240,-6565240,-8907060,2341820,6480000,0,21622840,18526400,3096440,-3181680,-21708080,18800000,27707060,2341820,4285750,1943930,0,0,0,0,27350000,10400,561474600,1372200,1224300,16.5833333333333
6184,5,36,2,6,2,2,28963898,28963898,22970298,24278872,-1308574,5993600,0,37033951,32453966,4579985,24383913,-8070053,37136162,12857290,-1308574,3516650,4825224,0,0,0,0,7632000,15000,552245484,2609184,1589200,32.4545454545455
6185,4,36,2,6,1,1,-126720,-526720,-5992520,-16930760,10938240,5465800,400000,35428840,31546770,3882070,-4008790,-35555560,12754000,29684760,-1554180,50500,1604680,12492420,13102420,610000,0,160000,5700,380473400,3243800,2772900,32.4545454545455
6186,4,36,2,6,1,1,8834868,8834868,6910268,6622238,288030,1924600,0,28442420,20561200,7881220,953648,-19607552,55747573,49125335,288030,467250,179220,0,0,0,9965500,3464370,250,352066700,1500000,1330900,18.2333333333333
6187,4,36,2,7,1,1,70749474,68878194,57398194,4239630,53158564,11480000,1871280,37586825,32399985,5186840,65562634,33162649,34045500,29805870,53158564,54714600,1556036,0,0,0,5650000,302000,7697,594574774,1770174,1305400,47
6188,4,36,2,4,2,1,4004036,1204036,404036,-5288154,5692190,800000,2800000,24588302,20640302,3948000,56036,-20584266,5696460,10984614,5692190,7910490,2218300,0,0,0,0,25000000,3472,320902700,3000000,1316000,156.264705882353
6189,2,36,1,4,4,1,-15429320,-17029320,-18029320,-22841690,4812370,1000000,1600000,26628673,25304683,1323990,-16753310,-42057993,0,22841690,1703770,1715000,11230,3108600,3108600,0,0,16600000,6321,57282700,3620700,2714300,156.264705882353
6190,4,36,3,4,1,1,38812813,38312813,10712813,-4306402,15019215,27600000,500000,23441920,21599190,1842730,36970083,15370893,1804000,6110402,10326555,11956605,1630050,4692660,4692660,0,1000000,31200000,4529.2,371657510,1064310,1684600,156.264705882353
6191,5,36,3,4,2,1,20952210,20952210,11954250,2265440,9688810,8997960,0,29079110,21288980,7790130,13162080,-8126900,8850000,6584560,7807810,9170100,1362290,1881000,1881000,0,6000000,11545000,3946.3,395145637,1800537,1291000,156.264705882353
6192,3,36,3,4,1,1,29435189,28635189,22212657,8384215,13828442,6422532,800000,25299622,21182032,4117590,25317599,4135567,16047615,7663400,10087232,13692821,3605589,3741210,3741210,0,200000,18906400,2648,411183540,2728640,1542300,156.264705882353
6193,4,36,3,4,2,1,32057142,29457142,23603230,5007500,18595730,5853912,2600000,53323210,43484210,9839000,22218142,-21266068,7700000,2692500,-64270,1085400,1149670,18660000,26730000,8070000,0,1550000,1656.56,753326100,1237000,1911900,156.264705882353
6194,5,40,2,7,1,1,29358190,28158190,14649570,10921410,3728160,13508620,1200000,18204663,16600963,1603700,27754490,11153527,15200000,4278590,2020760,3812685,1791925,1707400,1707400,0,0,5100000,4176,322133250,3436650,1285100,103.966666666667
6195,5,40,2,7,1,1,73862410,72590510,57403999,54585420,2818579,15186511,1271900,16976908,13787648,3189260,70673150,56885502,63456250,8870830,2298430,2870350,571920,520149,520149,0,9960000,4832000,5454,584360020,1014720,1348600,103.966666666667
6196,5,40,2,7,1,1,35572574,34772574,22802360,23478285,-675925,11970214,800000,16037410,15542910,494500,35078074,19535164,27000000,3521715,-885925,1174425,2060350,210000,210000,0,2500000,2400000,3763,290013590,1113190,1416700,103.966666666667
6197,4,40,2,7,1,1,63960608,63160608,52359365,38370650,13988715,10801243,800000,17236950,17189450,47500,63913108,46723658,41547000,3176350,9248715,10833550,1584835,4740000,4740000,0,2000000,900000,4348,742071890,1525990,1513200,103.966666666667
6198,5,40,2,7,1,1,74481021,73531021,63546405,59501960,4044445,9984616,950000,24036284,23052324,983960,73497061,50444737,63002000,3500040,-160555,1043700,1204255,4205000,4205000,0,2000000,3410000,2955,521594510,1516010,1077500,103.966666666667
6201,4,40,3,7,2,1,67022314,65722314,58229210,23049270,35179940,7493104,1300000,29858300,24246450,5611850,61410464,37164014,24975750,1926480,5121240,6760000,1638760,30058700,30058700,0,3500000,1400000,3180,452775444,1430204,1616000,103.966666666667
6202,5,40,3,7,1,1,42477970,12956970,5819540,6938650,-1119110,7137430,29521000,27804880,26534380,1270500,41207470,14673090,10200000,3261350,-2326910,2625000,4951910,1207800,1207800,0,3100000,2600000,1580,103228000,1841000,1520000,103.966666666667
6203,5,40,2,7,1,1,34429213,29229213,18031213,13121108,4910105,11198000,5200000,15541339,12909160,2632179,31797034,18887874,21222000,8100892,3395405,5221000,1825595,1514700,1514700,0,10000000,14000000,3161,329825830,1243230,983700,103.966666666667
6204,5,40,2,7,2,1,21362851,20562851,16224811,11522970,4701841,4338040,800000,22222201,20290771,1931430,19431421,-859350,16110000,4587030,4701841,4881751,179910,0,0,0,5000000,0,3437,567073000,2476700,1306300,103.966666666667
6205,5,40,2,7,1,1,66999495,65324495,39696630,32347930,7348700,25627865,1675000,38507797,29322947,9184850,57814645,28491698,44703000,12355070,4732900,7467650,2734750,2615800,2615800,0,8171502,23905000,7108,419439598,1353596,1374600,103.966666666667
6206,4,36,2,2,1,2,35120363,34508363,22381600,21231170,1150430,12126763,612000,13783470,12441520,1341950,33778413,21336893,22440000,1208830,1045430,1603850,558420,105000,105000,0,0,2080000,8560,277897040,1672240,2796000,120.733333333333
6207,5,36,3,5,2,1,40301387,36897069,12605850,15949600,-3343750,24291219,3404318,20468186,20468186,0,40301387,19833201,16340000,390400,-3343750,630000,3973750,0,0,0,3800000,0,104,274814851,1258351,1458900,68.875
6208,3,36,2,4,1,1,11678520,9218520,4076320,-797734,4874054,5142200,2460000,32297290,29148610,3148680,8529840,-20618770,7158846,7956580,-1312258,1672703,2984961,6186312,6186312,0,7617963,11880000,4075.9,333604105,1142842,1554100,156.264705882353
6209,5,36,2,3,1,2,15030613,12590613,3982893,1621050,2361843,8607720,2440000,17076161,12983341,4092820,10937793,-2045548,4266160,2645110,-28687,1737815,1766502,2390530,2390530,0,2500000,1670000,8415,160931810,2498310,1340800,75.6153846153846
6210,3,36,2,4,2,1,4824592,4174592,-3253408,-5320000,2066592,7428000,650000,26735620,26735620,0,4824592,-21911028,2695000,8015000,450000,450000,0,1616592,1616592,0,3500000,0,602,135391130,1100730,1425400,156.264705882353
6211,3,36,3,4,2,1,31970580,29070580,28470580,-4279970,32750550,600000,2900000,40823120,36450320,4372800,27597780,-8852540,7797500,12077470,5545550,6455750,910200,27205000,29205000,2000000,0,6940000,2459.1,232695340,1119340,1566000,156.264705882353
6212,5,36,1,4,1,1,7439015,6806015,-5107425,-3849760,-1257665,11913440,633000,16086880,15406880,680000,6759015,-8647865,2595000,6444760,-1326965,881150,2208115,69300,69300,0,0,2700000,1988,250779700,1819200,1647200,156.264705882353
6213,5,36,2,5,1,1,24621877,19296059,10254859,4472121,5782738,9041200,5325818,35533340,28033340,7500000,17121877,-10911463,13333781,8861660,3944066,7660826,3716760,1838672,1838672,0,24556920,34220790,3300,128222185,1825485,1723000,127.333333333333
6215,5,36,2,5,1,1,45417937,44367937,28275927,10611754,17664173,16092010,1050000,24686263,23398263,1288000,44129937,20731674,19918500,9306746,2511870,3801250,1289380,15152303,15152303,0,1000000,5000000,1029,239331420,1376020,1309000,127.333333333333
6216,5,36,2,8,1,1,14324317,12994317,5136127,2989450,2146677,7858190,1330000,17058411,7972391,9086020,5238297,-2734094,4240600,1251150,1982677,5348270,3365593,164000,164000,0,0,5200000,2606,216290999,1826099,1386700,196.583333333333
6217,4,36,2,7,1,1,6083800,5483800,4883800,4454100,429700,600000,600000,12700820,12600820,100000,5983800,-6617020,9021000,4566900,429700,447700,18000,0,0,0,0,5000000,1564,205226900,1154000,1531400,38.68
6218,5,36,3,4,1,1,19663593,18133593,573563,-113525,687088,17560030,1530000,38068407,33299657,4768750,14894843,-18404814,16300000,16413525,-1991797,2519900,4511697,2678885,2678885,0,750000,5500000,3452.5,867038131,2289831,1536400,156.264705882353
6219,5,36,3,7,1,1,3375730,3375730,-8928170,5178850,-14107020,12303900,0,21554050,19634490,1919560,1456170,-18178320,7350000,2171150,-15710820,29313750,45024570,1603800,1603800,0,88900000,74030000,4714,298266550,1424150,1455200,38.68
6221,3,36,1,6,1,1,-76961116,-76961116,-76961116,-76140966,-820150,0,0,22468990,20452800,2016190,-78977306,-99430106,126173000,202313966,-820150,57000,877150,0,0,0,6000000,2604000,786.1,570001980,2189380,1501800,29.6
6222,1,36,2,6,5,1,1283544,83544,-516456,-7206456,6690000,600000,1200000,42374798,40689921,1684877,-401333,-41091254,89150000,96356456,6690000,6690000,0,0,0,0,5500000,0,1400,168120340,1528540,1593200,18.2333333333333
6223,3,36,2,7,2,2,163280320,163280320,162680320,155346770,7333550,600000,0,25260510,22589760,2670750,160609570,138019810,186862500,31515730,6977150,7417650,440500,356400,356400,0,4500000,30600000,4387.5,490929300,3713800,1328200,47
6224,4,36,3,6,1,5,43261170,40561170,1136900,-3719460,4856360,39424270,2700000,33325740,33110740,215000,43046170,9935430,20559000,24278460,176360,1152800,976440,4680000,4680000,0,0,0,23788.9,261362590,691690,1013500,32.4545454545455
6226,4,36,1,7,1,1,89130110,88530110,87630110,87135660,494450,900000,600000,37767022,32433642,5333380,83796730,51363088,114360000,27224340,233450,1139450,906000,261000,261000,0,0,4550000,7292,465830200,1696200,1556600,47
6227,5,36,2,7,1,1,64323118,48802781,33650299,32303284,1347015,15152482,15520337,41374932,39689672,1685260,62637858,22948186,39131000,6827716,391665,1445350,1053685,955350,955350,0,3800000,28949707,3595,335774680,1038680,2276900,38.68
6228,3,36,2,3,3,2,105214816,89630744,75022496,46284671,28737825,14608248,15584072,75295887,41604827,33691060,71523756,29918929,67825306,21540635,17953475,20031937,2078462,10784350,10784350,0,34006384,54965600,20827.6,573194440,1847556,1605000,75.6153846153846
6229,5,36,2,8,1,2,24193867,22481867,11378061,5528910,5849151,11103806,1712000,7611645,6824655,786990,23406877,16582222,10787300,5258390,4493430,7168370,2674940,1355721,1355721,0,35370000,21900000,5328.36,344810505,1555405,1151300,186.2
6230,5,36,2,8,2,2,60037239,58947239,22729264,6836466,15892798,36217975,1090000,46048271,42401031,3647240,56389999,13988968,10965521,4129055,15112084,19312604,4200520,780714,780714,0,21700000,18128000,5448,456775604,1051404,1592600,186.2
6231,5,40,3,7,1,1,43680350,41465350,33147900,31091300,2056600,8317450,2215000,7285100,7285100,0,43680350,36395250,32260000,1168700,-23400,0,23400,2080000,2080000,0,0,0,2189,157086000,943300,1449000,103.966666666667
6234,5,36,3,4,1,2,5547388,4717388,-1626820,472910,-2099730,6344208,830000,11063219,10287089,776130,4771258,-5515831,1787500,1314590,-2218530,1488600,3707130,118800,118800,0,7230000,0,670,243459225,1293025,1647500,156.264705882353
6235,5,36,2,1,1,2,33765276,33765276,21294076,8732700,12561376,12471200,0,36571395,33438325,3133070,30632206,-2806119,73555000,64822300,3393376,5992200,2598824,9168000,9168000,0,8960000,4210000,2155.94,581469460,1614260,1397500,15.5714285714286
6236,3,36,3,1,1,1,20435150,19735150,18835150,-8452470,27287620,900000,700000,31703220,26730020,4973200,15461950,-11268070,191000,8643470,22307920,23409000,1101080,4979700,4979700,0,47300700,5000000,880,270797600,1052000,1649900,16.5833333333333
6238,4,36,3,1,1,1,66091090,64591090,64591090,-4201180,68792270,0,1500000,51104564,45827374,5277190,60813900,14986526,0,4201180,68792270,126926200,58133930,0,0,0,150000,30750000,108.6,259746876,1500000,1143800,16.5833333333333
6239,4,36,3,1,1,1,67906024,67306024,64306024,1628974,62677050,3000000,600000,29252662,22712739,6539923,61366101,38653362,10200000,8571026,50826750,67326750,16500000,11850300,11850300,0,31020000,17360000,1798.3,9594700,0,1269400,16.5833333333333
6240,5,36,3,1,1,2,22059780,16833780,807520,-3509500,4317020,16026260,5226000,25096000,24381630,714370,21345410,-3036220,5690000,9199500,2832020,18458500,15626480,1485000,1485000,0,2387340,3754350,1000,654346370,0,1249900,16.5833333333333
6241,3,36,3,6,2,1,17711415,10211415,10064436,-7350502,17414938,146979,7500000,49440670,35996970,13443700,4267715,-31729255,1434268,8784770,-3482150,475650,3957800,20897088,20897088,0,4500000,1800000,3000,133737100,0,1586600,32.4545454545455
6242,4,36,3,6,1,1,65831220,61331220,46796220,33854020,12942200,14535000,4500000,18865860,18135860,730000,65101220,46965360,37507730,3653710,12942200,27270850,14328650,0,0,0,3500000,610000,2900,441986300,0,1611300,32.4545454545455
6243,4,36,3,6,2,1,38288710,29788710,17788710,20956130,-3167420,12000000,8500000,10166533,10155533,11000,38277710,28122177,22500000,1543870,-3167420,10581700,13749120,0,0,0,2000000,42000,0,171115800,0,1235300,32.4545454545455
6244,4,36,2,7,1,1,85300909,78296374,58788970,40119690,18669280,19507404,7004535,14956638,13163228,1793410,83507499,70344271,54754200,14634510,15105280,15568400,463120,3564000,3564000,0,54000000,66554550,4990,117420500,0,1337800,38.68
6245,3,36,3,6,1,1,65526896,57136886,49510826,-2726454,52237280,7626060,8390010,45796860,36965250,8831610,56695286,19730036,9314850,12041304,30030135,43856445,13826310,22207145,22207145,0,38000,12538000,1402,546251800,0,1488600,49.6
6246,3,36,3,6,1,1,6765090,6765090,3465090,3662220,-197130,3300000,0,21695200,19451200,2244000,4521090,-14930110,25915000,22252780,-197130,5951200,6148330,0,0,0,11000000,1200000,1659,283356800,0,1610600,49.6
6247,4,36,2,6,2,3,22137242,22137242,20837242,9638097,11199145,1300000,0,38812918,36336679,2476239,19661003,-16675676,38882828,29244731,11199145,15676075,4476930,0,0,0,2000000,6800000,7050,429966100,0,1291600,32.4545454545455
6248,5,36,3,8,1,1,18732050,11812050,3360850,1728360,1632490,8451200,6920000,19614280,19506280,108000,18624050,-882230,2200000,471640,-1040510,914250,1954760,2673000,2673000,0,1500000,1200000,519,129471000,0,1284700,196.583333333333
6249,5,36,3,8,1,1,13826475,7426475,-1364725,-2080900,716175,8791200,6400000,22486470,21983470,503000,13323475,-8659995,0,2080900,-2253825,1719500,3973325,2970000,2970000,0,2000000,0,1361,77434700,0,1197300,186.2
6250,5,36,3,7,1,1,35085084,23385934,8928439,-2154340,11082779,14457495,11699150,35760798,24614888,11145910,23939174,-675714,9355100,11509440,-4153583,7399800,11553383,15236362,15556662,320300,11655737,8500000,0,337378237,0,1685900,38.68
6251,5,36,2,7,1,1,23188635,17965335,7015335,3616450,3398885,10950000,5223300,9590530,9390530,200000,22988635,13598105,4800000,1183550,221975,1084725,862750,3176910,3176910,0,2000000,0,1366,177551300,0,1582700,38.68
6252,5,36,3,7,2,1,26664060,26664060,16093200,-1393300,17486500,10570860,0,23200850,20664390,2536460,24127600,3463210,0,1393300,17486500,18889200,1402700,0,0,0,2000000,0,3494,413318800,0,1048900,38.68
7001,3,37,2,6,2,2,149114322,145582322,133273269,130485989,2787280,12309053,3532000,39602613,36943593,2659020,146455302,109511709,192173589,61687600,2787280,11350710,8563430,0,0,0,0,124264000,21450,1580102300,1540000,1519000,32.4545454545455
7002,4,37,3,2,1,5,69317470,69317470,69317470,3697870,65619600,0,0,20372510,15627510,4745000,64572470,48944960,6570000,2872130,65619600,107002500,41382900,0,0,0,17000000,90670000,117250,919920500,2700000,1219300,21.1818181818182
7003,4,37,3,1,2,3,38148650,36848650,30017650,4278910,25738740,6831000,1300000,41348611,33197261,8151350,29997300,-3199961,4378910,100000,25738740,37924700,12185960,0,0,0,16031931,48710479,19800,479827400,3250000,1609300,42.4615384615385
7004,4,37,3,1,1,5,54501660,24501660,19286660,-324130,19610790,5215000,30000000,58093120,40938560,17154560,37347100,-3591460,0,324130,19610790,48917000,29306210,0,0,0,25932700,36987700,97800,758771160,1500000,1506000,42.4615384615385
7005,5,37,1,1,1,5,62416700,59716700,53466700,52627700,839000,6250000,2700000,23919200,21063200,2856000,59560700,38497500,55458000,2830300,839000,1091000,252000,0,0,0,7100000,40050000,168000,77147500,542000,1436400,42.4615384615385
7006,3,37,2,2,2,2,59298005,56298005,55092005,50183137,4908868,1206000,3000000,67241108,47942438,19298670,39999335,-7943103,57993791,7810654,1731868,37921287,36189419,3177000,3177000,0,61112106,29582266,4000,702167800,1500000,1291400,21.1818181818182
7009,4,37,2,8,1,1,26505520,25405520,25038270,22222500,2815770,367250,1100000,10757625,9206765,1550860,24954660,15747895,29614530,7392030,2815770,4850000,2034230,0,0,0,0,0,3748,359441990,903490,1017000,187.033333333333
7010,5,37,3,8,1,1,50989180,43789180,31610240,52400,31557840,12178940,7200000,15614640,15090640,524000,50465180,35374540,2024000,1971600,31557840,47692110,16134270,0,0,0,0,17570000,2329,102545400,1500000,1415300,187.033333333333
7012,4,37,3,5,1,1,166334239,101639075,101639075,4155360,97483715,0,64695164,72727504,60481269,12246235,154088004,93606735,12188600,8033240,97483715,121376750,23893035,0,0,0,25800000,54780000,1500,1034343100,1500000,1317900,180.777777777778
7013,5,37,2,5,1,1,65496814,64296814,57804814,15758060,42046754,6492000,1200000,32225039,29977979,2247060,63249754,33271775,28320000,12561940,42046754,45649350,3602596,0,0,0,0,41620000,1275.4,289697922,322922,1331600,108.578947368421
7014,4,37,3,5,1,1,33432675,31832675,20478675,1275230,19203445,11354000,1600000,30848720,25753550,5095170,28337505,2583955,6530000,5254770,-566855,1872945,2439800,19770300,19770300,0,3000000,2970000,1190,181735300,380700,1397200,108.578947368421
7016,5,37,3,1,1,2,-23332000,-24532000,-50698700,-1772093,-48926607,26166700,1200000,49891488,48904738,986750,-24318750,-73223488,29477912,31250005,-49426607,81052350,130478957,500000,500000,0,265412066,37100000,12093,841441428,1149728,1517300,32.3571428571429
7018,5,37,2,4,1,2,71503978,66067578,53940690,33453300,20487390,12126888,5436400,24280700,18935900,5344800,66159178,47223278,58602200,25148900,19907250,25811850,5904600,580140,580140,0,0,23110000,12380,798538200,1000000,1185500,157.688524590164
7020,5,37,2,5,1,1,37111913,35411913,25899706,13053180,12846526,9512207,1700000,13899000,12252800,1646200,35465713,23212913,31670000,18616820,12846526,23835978,10989452,0,0,0,7858250,39800000,2524,1172885365,246415,1724600,163.083333333333
7021,5,37,2,4,1,1,11064830,8264830,-230660,173230,-403890,8495490,2800000,10176090,10030390,145700,10919130,888740,4725000,4551770,-403890,398450,802340,0,0,0,3400000,0,1154,283137930,901730,1162800,157.688524590164
7023,4,37,2,4,1,2,55809810,54709810,54709810,55932340,-1222530,0,1100000,22767803,19621503,3146300,52663510,33042007,92000000,36067660,-1222530,1436150,2658680,0,0,0,10000000,220000,20220,958343060,803860,1771600,157.688524590164
7024,5,37,2,4,1,1,105568720,104368720,98798320,98125870,672450,5570400,1200000,28142600,25241300,2901300,102667420,77426120,144700330,46574460,672450,1520750,848300,0,0,0,0,31642000,5922,777638812,991912,1397400,157.688524590164
7025,4,37,3,4,2,1,40962150,39762150,35272150,23506500,11765650,4490000,1200000,27731000,18066000,9665000,31297150,13231150,72750000,49243500,11765650,13437650,1672000,0,0,0,5000000,0,6374,885380800,1501000,1290100,157.688524590164
7026,3,37,2,4,1,1,5934135,5134135,5134135,6085300,-951165,0,800000,9239100,7762300,1476800,4457335,-3304965,21970000,15884700,-951165,37805,988970,0,0,0,5500000,320000,2900,89760310,1153710,1533000,157.688524590164
7027,3,37,2,4,1,1,71205660,70005660,70005660,51226260,18779400,0,1200000,18381200,16361200,2020000,69185660,52824460,79150000,27923740,18779400,23989400,5210000,0,0,0,0,15000000,5500,218598350,1174550,1726700,157.688524590164
7028,4,37,2,4,1,1,17752595,16152595,8871495,1778093,7093402,7281100,1600000,20882728,18191968,2690760,15061835,-3130133,14855207,13077114,5193402,8470542,3277140,1900000,1900000,0,0,25100000,1100,702568055,581355,1504200,157.688524590164
7029,5,37,3,6,2,1,-4396712,-8296712,-28267712,-28074420,-193292,19971000,3900000,29956648,28055898,1900750,-6297462,-34353360,23540000,51614420,-193292,1390608,1583900,0,0,0,2463500,13520000,900,290039100,1470000,1488000,43.8181818181818
7030,5,37,2,6,1,1,27483230,16683230,2573900,2223600,350300,14109330,10800000,18274410,18038410,236000,27247230,9208820,20660000,18436400,350300,556500,206200,0,0,0,0,480000,500,103197200,2636800,1798700,43.8181818181818
7031,5,37,1,5,1,1,20118600,19118600,14568600,14725600,-157000,4550000,1000000,10109380,7737780,2371600,17747000,10009220,17750000,3024400,-237000,1648700,1885700,80000,80000,0,0,4000000,540,158274050,502150,1258200,108.578947368421
7032,5,37,1,6,1,1,8648320,6848320,2398320,373320,2025000,4450000,1800000,13515680,9114880,4400800,4247520,-4867360,12160000,11786680,2025000,2142000,117000,0,0,0,0,4170000,500,224181870,819570,1392300,43.8181818181818
7033,5,37,2,6,1,1,21627590,19627590,10777590,10869390,-91800,8850000,2000000,13064536,11240536,1824000,19803590,8563054,21300000,10430610,-91800,0,91800,0,0,0,3000000,0,300,132777142,1289542,1111200,43.8181818181818
7036,4,37,2,5,1,1,13271097,11471097,11271097,-126100,11397197,200000,1800000,23368190,11099190,12269000,1002097,-10097093,5406000,5532100,4082197,4522000,439803,7315000,7315000,0,0,2800000,1760,327008500,4200000,1613900,163.083333333333
7037,5,37,2,6,1,1,23964700,21664700,21064700,21107200,-42500,600000,2300000,11653580,11159080,494500,23470200,12311120,32970000,11862800,-42500,0,42500,0,0,0,1000000,0,500,247813820,756220,1452600,43.8181818181818
7039,3,37,1,6,1,1,25096660,19296660,12496660,12570460,-73800,6800000,5800000,14522260,13495760,1026500,24070160,10574400,22260000,9689540,-73800,0,73800,0,0,0,2000000,4000,3203,103764000,1253900,1530000,43.8181818181818
7040,5,37,3,4,2,1,24432000,22192000,5192000,1333000,3859000,17000000,2240000,18023900,17143100,880800,23551200,6408100,3355500,2022500,3859000,4355000,496000,0,0,0,2000000,2020000,500,167055200,660900,1731600,157.688524590164
7042,5,37,2,4,2,1,17256134,16695134,10712134,1443854,9268280,5983000,561000,27539300,23309600,4229700,13026434,-10283166,3949854,2506000,7718780,11093740,3374960,1549500,1549500,0,3000000,1155000,436,509417782,441382,1356900,157.688524590164
7043,5,37,2,4,1,1,20140026,19340026,10357876,-143375,10501251,8982150,800000,27679093,24450293,3228800,16911226,-7539067,185625,329000,-840100,393750,1233850,11341351,11341351,0,12648976,2900000,0,231398733,737957,1402700,157.688524590164
7045,3,37,2,4,2,2,17477050,16077050,12577050,9371000,3206050,3500000,1400000,20119731,18199731,1920000,15557050,-2642681,11000000,1629000,3206050,5500000,2293950,0,0,0,7500000,3130000,1553,320543222,254422,1297200,157.688524590164
7046,4,37,3,4,2,2,21729946,20129946,8551946,3618700,4933246,11578000,1600000,44890105,40785565,4104540,17625406,-23160159,20570000,16951300,-6437504,0,6437504,11370750,11370750,0,12000000,37249950,1000,1106523890,670390,1159000,157.688524590164
7047,4,37,2,4,1,1,32159320,31359320,26799320,14136570,12662750,4560000,800000,37244414,35467044,1777370,30381950,-5085094,19884890,5748320,12662750,16500000,3837250,0,0,0,8000000,370000,1144.2,208042390,822490,1685700,157.688524590164
7048,5,37,3,4,1,1,12591430,11491430,8312430,8120630,191800,3179000,1100000,3940600,3940600,0,12591430,8650830,14011050,5890420,191800,672000,480200,0,0,0,0,0,1553.6,343824050,1001850,1151300,157.688524590164
7049,5,37,2,4,1,1,16004270,15204270,11364270,8256550,3107720,3840000,800000,42212400,36463900,5748500,10255770,-26208130,11990000,3733450,3107720,5500000,2392280,0,0,0,5000000,630000,700.3,365063900,223500,1341900,157.688524590164
7050,4,37,3,4,1,1,79378471,75475471,66813647,12980432,53833215,8661824,3903000,48788160,37378000,11410160,67968311,30590311,21288590,8308158,49856215,55545415,5689200,3977000,3977000,0,155385700,199200000,935.7,785115830,778530,1456300,157.688524590164
7051,4,37,2,4,3,1,32910580,32910580,28792100,14277964,14514136,4118480,0,19233336,17777066,1456270,31454310,13677244,14460734,182770,14514136,16722550,2208414,0,0,0,4000000,24400000,1995.5,681583980,350680,1494600,157.688524590164
7052,3,37,2,4,1,1,9450350,7850350,7850350,7172500,677850,0,1600000,63408130,28646300,34761830,-25311480,-53957780,8591100,1418600,677850,2263000,1585150,0,0,0,6500000,0,835,275883910,105010,1433600,157.688524590164
7053,3,37,2,4,4,1,31978354,28575514,17385500,3675300,13710200,11190014,3402840,37359250,33369940,3989310,27989044,-5380896,9608500,5933200,12595200,19276000,6680800,1115000,1115000,0,7000000,54989000,1300,382296210,436810,1676400,157.688524590164
7054,4,37,3,4,1,1,45031643,43931643,36498250,15603950,20894300,7433393,1100000,27255360,25408360,1847000,43184643,17776283,24861050,9257100,20894300,23689500,2795200,0,0,0,46000,18085000,3000.6,473528100,537900,1537500,157.688524590164
7056,4,37,3,1,1,4,27488068,26613068,23013068,4578178,18434890,3600000,875000,17748411,17164154,584257,26903811,9739657,4832598,254420,450230,456750,6520,17984660,17984660,0,0,6500000,60000,316755640,2147840,1378200,42.4615384615385
7057,4,37,3,2,1,3,34740870,25095870,15902080,-2425670,18327750,9193790,9645000,57579601,52243021,5336580,29404290,-22838731,12723000,15148670,13219350,33401200,20181850,5108400,5108400,0,41152000,23775000,17880,387375700,1601000,1166400,21.1818181818182
7058,4,37,3,2,1,2,58753930,55903930,54481930,4027120,50454810,1422000,2850000,33866072,30898692,2967380,55786550,24887858,4500000,472880,49454810,56446500,6991690,1000000,1000000,0,8000000,29050000,6000,293099550,624050,1553400,35.1666666666667
7059,4,37,3,2,1,2,34519930,13312800,3473950,2928570,545380,9838850,21207130,40622517,38824887,1797630,32722300,-6102587,3646000,717430,114928,10308379,10193451,430452,430452,0,20000000,41160000,0,261402900,1635100,1495700,35.1666666666667
7060,3,37,3,2,1,2,43067576,34465576,29783373,3047716,26735657,4682203,8602000,28142800,26664830,1477970,41589606,14924776,3500000,452284,24435657,32811800,8376143,2300000,2300000,0,15000000,11000000,0,324546500,1171300,1705600,35.1666666666667
7061,4,37,3,2,1,2,53589620,52189620,20903250,3470000,17433250,31286370,1400000,39242796,35816364,3426432,50163188,14346824,3500000,30000,4186070,6345600,2159530,13247180,13247180,0,18600000,3050000,0,263731210,864610,1278700,35.1666666666667
7062,5,37,3,2,1,4,64641312,63223712,45730352,2495363,43234989,17493360,1417600,35695550,28433840,7261710,57379602,28945762,3136693,641330,361300,371200,9900,42873689,42873689,0,13000000,10200000,45000,220281610,1398110,1387200,35.1666666666667
7063,4,37,3,2,1,1,162700200,162100200,144100200,708700,143391500,18000000,600000,42859610,40736170,2123440,160576760,119840590,2500000,1791300,143391500,172137000,28745500,0,0,0,14500000,27111000,9000,1359060550,993950,1432000,35.1666666666667
7064,4,37,3,2,1,4,71454378,56418678,46730853,3029570,43701283,9687825,15035700,77668649,73328059,4340590,67113788,-6214271,4799500,1769930,42302783,56663596,14360813,1398500,1398500,0,26366680,101930000,40200,515087170,263000,1329100,21.1818181818182
7065,4,37,3,2,1,4,59031900,58431900,58431900,-998300,59430200,0,600000,59934946,49545546,10389400,48642500,-903046,1500000,2498300,-19800,0,19800,59450000,59450000,0,25000000,1180000,51000,270441700,183100,1562200,35.1666666666667
7066,4,37,2,1,1,3,37254440,32801400,26956700,7724320,19232380,5844700,4453040,22036450,16577460,5458990,31795450,15217990,9240000,1515680,14732380,19033200,4300820,4500000,4500000,0,42700000,34300000,17500,295238900,156100,1587100,32.3571428571429
7068,5,37,3,5,1,2,34756201,29456201,16592580,5966680,10625900,12863621,5300000,31456270,28714300,2741970,32014231,3299931,7800000,1833320,10125900,14390300,4264400,500000,500000,0,11000000,6000000,5089,410736680,512680,1858800,66.875
7069,3,37,3,6,2,1,53650850,53050850,53050850,2551609,50499241,0,600000,67025739,50273117,16752622,36898228,-13374889,51357572,48805963,-700992,0,700992,51200233,51200233,0,50800000,46110000,0,416659480,992580,1660900,43.8181818181818
7070,4,37,3,6,1,1,1794535,494535,-10946505,-15745871,4799366,11441040,1300000,14368618,13225437,1143181,651354,-12574083,13866179,29612050,4799366,7778200,2978834,0,0,0,18000000,20172000,0,104899533,1817133,1416600,43.8181818181818
7071,4,37,3,8,1,1,14540805,11540805,3208505,-5134850,8343355,8332300,3000000,15749750,14547750,1202000,13338805,-1208945,4497000,9631850,6043355,7394735,1351380,2300000,2300000,0,0,5000000,540,431146610,1299010,1287900,234.214285714286
7072,5,37,3,8,1,3,4389800,3077700,-3222540,-10396390,7173850,6300240,1312100,11958770,11672110,286660,4103140,-7568970,1878000,12274390,5973850,12082950,6109100,1200000,1200000,0,16900000,22500000,27520,404852040,1064040,1378300,234.214285714286
7073,4,37,3,8,1,2,44402592,43802592,42272592,5419170,36853422,1530000,600000,33571661,31753611,1818050,42584542,10830931,6750000,1330830,36853422,39453050,2599628,0,0,0,4500000,6000000,12000,400203678,769978,1320900,234.214285714286
7075,5,37,3,5,2,1,46513545,45213545,35791145,16265645,19525500,9422400,1300000,44322900,43322900,1000000,45513545,2190645,25120000,8854355,625500,660800,35300,18900000,18900000,0,12750000,10664000,1899,417811900,780000,1524800,163.083333333333
7076,5,37,3,5,3,2,-11370395,-12870395,-17193635,15729230,-32922865,4323240,1500000,34636202,28159402,6476800,-17847195,-46006597,20900000,5170770,-32922865,19902435,52825300,0,0,0,59252830,40824540,902,1635353100,600000,1167000,108.578947368421
7077,3,37,3,5,1,1,52312508,51312508,51312508,21601080,29711428,0,1000000,24812630,18958830,5853800,46458708,27499878,27271000,5669920,-277830,392700,670530,29989258,29989258,0,6500000,4463000,960,339874500,789000,1386400,163.083333333333
7078,4,37,2,5,3,1,99860736,96475755,96475755,92946562,3529193,0,3384981,40736282,33361512,7374770,92485966,59124454,119200910,26254348,3352632,4322500,969868,176561,176561,0,8000000,27548500,6087,1575293800,980000,1245500,163.083333333333
7079,2,37,2,5,2,1,76632120,41822220,36151420,-3209140,39360560,5670800,34809900,46074959,42112329,3962630,72669490,30557161,11314750,14523890,36984560,53208200,16223640,2376000,2376000,0,5000000,34350000,1529,823404600,820000,1544500,108.578947368421
7080,5,37,2,5,1,1,46425889,44804169,32935895,21086107,11849788,11868274,1621720,28809688,25325228,3484460,42941429,17616201,30006968,8920861,9170239,10882718,1712479,2679549,2679549,0,5907600,140000,2394.85,392244445,600645,1227000,108.578947368421
7081,4,37,2,5,2,1,30489042,18889042,8722962,10007490,-1284528,10166080,11600000,95352170,94587120,765050,29723992,-64863128,18650100,8642610,-1284528,1156050,2440578,0,0,0,8700000,3330000,1031,520074300,780000,1217400,108.578947368421
7082,5,37,3,5,1,1,50280115,46076955,38454834,23011750,15443084,7622121,4203160,38361614,37080434,1281180,48998935,11918501,32328730,9316980,14020417,17722796,3702379,1422667,1422667,0,9890000,7420000,1400,663061044,3202044,1394600,108.578947368421
7083,4,37,3,5,1,3,42872746,41940746,41940746,21017518,20923228,0,932000,59829980,50018460,9811520,33061226,-16957234,35808468,14790950,20923228,25053078,4129850,0,0,0,0,4600000,3250,1500636100,700000,1444400,108.578947368421
7084,4,37,2,5,1,1,15445519,12015519,6550989,-8784210,15335199,5464530,3430000,53527101,50530246,2996855,12448664,-38081582,4520000,13304210,4523799,5491100,967301,10811400,10811400,0,36100000,1685000,1103.8,1127318470,468190,1346700,108.578947368421
7085,5,37,2,5,1,1,32032000,30532000,21722000,15588980,6133020,8810000,1500000,21583220,20936720,646500,31385500,10448780,18315000,2726020,846420,875150,28730,5286600,5286600,0,16300000,1200000,450,282821300,154000,1408900,108.578947368421
7090,5,37,2,5,1,1,33250070,30650070,21366340,14455240,6911100,9283730,2600000,9440967,7868967,1572000,31678070,23809103,16200000,1744760,5411100,5930400,519300,1500000,1500000,0,8200000,10600000,400,173956600,850000,1531700,108.578947368421
7092,5,37,2,5,1,1,53776280,52217880,22217880,5286270,16931610,30000000,1558400,35967130,30915130,5052000,48724280,17809150,12587000,7300730,-3068390,781650,3850040,20000000,20000000,0,5500000,0,600,218300400,1100000,1606200,108.578947368421
7093,3,37,1,5,5,1,45762215,41682215,41682215,40281815,1400400,0,4080000,43861165,40099165,3762000,42000215,1901050,60077000,19795185,1400400,3200500,1800100,0,0,0,12200000,1450000,8500,765880200,1300000,1468700,163.083333333333
7094,4,37,3,5,1,1,23752900,22452900,15951300,13078380,2872920,6501600,1300000,22408930,19927430,2481500,21271400,1343970,16065000,2986620,556420,665200,108780,2316500,2316500,0,0,2600000,650,418578200,1200000,1494400,66.875
7095,4,37,3,6,1,1,85535540,54814305,46791265,20798570,25992695,8023040,30721235,65654657,57044607,8610050,76925490,19880883,22275550,1476980,25977845,39273610,13295765,14850,14850,0,56000000,56720000,1210,255701400,1000000,1503700,32.4545454545455
7096,5,37,2,5,1,1,27241507,21608617,9878875,3456461,6422414,11729742,5632890,24265636,15846986,8418650,18822857,2975871,16687826,13231365,6302895,9445835,3142940,119519,119519,0,811000,7000000,1780,282837250,4267950,1240000,163.083333333333
7097,5,37,3,5,1,2,31588710,29868710,13368710,13355960,12750,16500000,1720000,19651180,19453180,198000,31390710,11937530,15180000,1824040,12750,821150,808400,0,0,0,2000000,0,400,469019900,383600,1878400,108.578947368421
7098,5,37,2,5,1,1,17566655,14566655,11622175,12066600,-444425,2944480,3000000,14174190,13354270,819920,16746735,3392465,15650000,3583400,-444425,1262650,1707075,0,0,0,9000000,2180000,1065,163041780,338980,1327900,163.083333333333
7100,4,37,3,8,1,3,42370100,41570100,29130100,1630700,27499400,12440000,800000,34502134,31983134,2519000,39851100,7867966,1700000,69300,870300,1502400,632100,26629100,26839100,210000,5250000,90000,24821,479459360,1199060,1217600,234.214285714286
7104,5,37,3,2,1,2,25339409,22339409,3817409,1556584,2260825,18522000,3000000,18097540,17891650,205890,25133519,7241869,1578250,21666,2201425,2920725,719300,59400,59400,0,0,4100000,13537.5,133340600,4002600,1235100,35.1666666666667
7105,5,37,3,8,1,2,25408470,24308470,6860480,847540,6012940,17447990,1100000,21943520,20800240,1143280,24265190,3464950,986000,138460,6012940,8501800,2488860,0,0,0,0,4000000,5819,259175720,449320,1266000,234.214285714286
7106,4,37,3,8,1,1,40751548,39951548,19246221,1308890,17937331,20705327,800000,61910477,43498818,18411659,22339889,-21158929,1638000,329110,6962620,15378550,8415930,10974711,11034711,60000,4000000,2850000,550,168642048,738248,1667400,234.214285714286
7108,4,37,2,2,1,1,44559226,39230226,28236292,15308350,12927942,10993934,5329000,27898823,25035133,2863690,41695536,16660403,15360000,51650,2394947,4776450,2381503,10532995,10532995,0,23000000,5960000,150,314065838,283838,1292000,21.1818181818182
7109,5,37,3,1,1,3,32496943,30796943,16114036,1250000,14864036,14682907,1700000,25801360,22486390,3314970,29181973,6695583,1250000,0,9074036,17038522,7964486,5790000,5790000,0,500000,11680000,27000,247221417,618817,1150900,42.4615384615385
7110,4,37,3,2,1,1,27321346,25221346,14521346,4247340,10274006,10700000,2100000,13351720,8961720,4390000,22931346,13969626,4780000,532660,4650806,6627250,1976444,5623200,5623200,0,1179000,27120000,750,204014740,805840,1301700,35.1666666666667
7111,4,37,3,2,1,3,52689216,51784602,40810690,17811000,22999690,10973912,904614,41665341,39529051,2136290,50552926,11023875,17909000,98000,1286525,4916858,3630333,21713165,21816165,103000,14554121,464240,480,216285239,436258,1415100,21.1818181818182
7112,5,37,3,2,1,1,39132406,38232406,28200006,10880015,17319991,10032400,900000,17159030,16107030,1052000,38080406,21973376,12456000,1575985,487991,3534481,3046490,16832000,16847000,15000,22000000,14160000,57080,204551409,1469709,1703800,35.1666666666667
7113,5,37,3,2,1,1,19180788,17780788,9829778,3208510,6621268,7951010,1400000,9143780,9093680,50100,19130688,10037008,3494100,285590,6423268,8729448,2306180,198000,198000,0,0,7000000,420,137657340,466340,1535600,35.1666666666667
7114,5,37,3,2,1,2,18296725,17181288,4285458,-360160,4645618,12895830,1115437,35370142,35020812,349330,17947395,-17073417,300000,660160,1278768,6264950,4986182,3366850,3366850,0,12387372,2873000,3460,266688912,4011440,1353200,35.1666666666667
7115,3,37,3,2,1,1,26866851,25566851,21263987,-1770725,23034712,4302864,1300000,23170000,21578010,1591990,25274861,3696851,1150000,2920725,6152512,20468500,14315988,16882200,16882200,0,0,24000000,300,149538593,455393,2274700,35.1666666666667
7116,5,37,2,2,1,4,16905494,11320734,3281372,2130000,1151372,8039362,5584760,23489770,15801560,7688210,9217284,-6584276,2130000,0,301372,3191062,2889690,850000,850000,0,0,1300000,60210,431865624,2566724,2093500,35.1666666666667
7117,3,37,2,2,4,5,44569382,41369382,32272911,254000,32018911,9096471,3200000,64362986,55379421,8983565,35585817,-19793604,4520000,4266000,6932311,23221475,16289164,25086600,25086600,0,6500000,6020000,171786,402774017,595617,1540900,21.1818181818182
7118,5,37,3,8,1,1,46241355,34841355,11970830,3017450,8953380,22870525,11400000,55378995,55268995,110000,46131355,-9137640,13945000,10927550,8953380,22870400,13917020,0,0,0,3600000,46800000,2316,243663990,634390,1435000,234.214285714286
7119,5,37,1,1,1,2,47434846,46634846,16928546,14367903,2560643,29706300,800000,33572211,28545352,5026859,42407987,13862635,23666658,9298755,2560643,3427883,867240,0,0,0,8478600,16724400,11095,525258411,1431211,1818500,32.3571428571429
7120,5,37,3,4,1,1,26087564,24187564,14586775,-303526,14890301,9600789,1900000,22968749,22930249,38500,26049064,3118815,2043969,2347495,10306601,18131178,7824577,4583700,4583700,0,6000000,2990000,2000,424110250,214850,1569300,157.688524590164
7123,3,37,2,4,3,1,30005160,28367166,21135910,12654014,8481896,7231256,1637994,33860696,26951146,6909550,23095610,-3855536,31514130,18860116,6957146,27599723,20642577,1524750,1524750,0,22947600,82130517,4900,413637020,370720,1496700,157.688524590164
7124,5,37,3,4,1,1,20490855,19482555,11509555,5741790,5767765,7973000,1008300,12827375,12697875,129500,20361355,7663480,6845950,1104160,5767765,6775695,1007930,0,0,0,1000000,6500000,927,734577650,701750,1288200,157.688524590164
7126,5,37,2,1,1,2,45350438,42050438,25685116,15380300,10304816,16365322,3300000,26681295,23284515,3396780,41953658,18669143,17851900,2471600,2278860,3337900,1059040,8025956,8025956,0,10855364,5700000,12783,404005824,544660,2313900,32.3571428571429
7127,5,37,3,1,1,2,10746604,9546604,5171294,999937,4171357,4375310,1200000,14234940,13237840,997100,9749504,-3488336,3928287,2928350,4171357,5592527,1421170,0,0,0,10300000,5593300,8531.4,477229810,134810,1473600,32.3571428571429
7131,5,37,3,4,1,1,11547887,10147887,3178247,729458,2448789,6969640,1400000,19924618,16997448,2927170,8620717,-8376731,7375658,6646200,2448789,4601783,2152994,0,0,0,12350000,11570000,1152,425142600,413200,1287300,157.688524590164
7132,5,37,3,4,1,1,19319730,16219730,7808730,2823730,4985000,8411000,3100000,24241070,22984170,1256900,18062830,-4921340,7379900,4556170,59000,954150,895150,4926000,4926000,0,14700000,6600000,1785,692186300,840000,1323400,157.688524590164
7133,4,37,2,4,1,2,34248320,32104825,23671805,4184045,19487760,8433020,2143495,21274332,19499202,1775130,32473190,12973988,5943265,1759220,17575496,28604666,11029170,1912264,1912264,0,14541000,13938432,9800,191161640,167840,1506800,157.688524590164
7135,5,37,2,4,1,1,13669087,12369087,5777777,1338837,4438940,6591310,1300000,15747910,14139910,1608000,12061087,-2078823,3099512,1760675,4438940,6147800,1708860,0,0,0,10900000,2200000,1192,341789250,414050,2042600,157.688524590164
7136,5,37,2,4,1,1,34398315,33098315,25951015,-300900,26251915,7147300,1300000,22800726,21044726,1756000,32642315,11597589,137500,438400,17489945,19756725,2266780,8761970,8761970,0,7900000,4040000,993,371582870,992270,1443700,157.688524590164
7137,4,37,2,1,1,2,18063881,14551881,11467183,5801110,5666073,3084698,3512000,61136725,54768560,6368165,11695716,-43072844,9550000,3748890,1240773,14524350,13283577,4425300,4425300,0,6561000,2500000,12480,446464230,971730,2600000,42.4615384615385
7140,4,37,3,1,2,2,10590615,9790615,1436615,-3524860,4961475,8354000,800000,15378892,14397392,981500,9609115,-4788277,506000,4030860,4961475,14031525,9070050,0,0,0,6956000,2753000,6400,427438500,284500,2038300,32.3571428571429
7143,5,37,3,4,1,1,26944325,22564325,14090325,3134680,10955645,8474000,4380000,21900750,14435750,7465000,19479325,5043575,4717000,1582320,1921895,6425825,4503930,9033750,9033750,0,6800000,4480000,510,341365420,467620,2318400,157.688524590164
7144,5,37,3,4,1,1,14587475,13087475,6921475,5991400,930075,6166000,1500000,7320260,7117360,202900,14384575,7267215,11000000,5008600,930075,1235525,305450,0,0,0,1400000,8500000,4877,1209597600,484600,1285600,157.688524590164
7145,4,37,3,4,1,1,4224500,4224500,624500,1683000,-1058500,3600000,0,13575040,13415040,160000,4064500,-9350540,1683000,0,-1058500,250000,1308500,0,0,0,2000000,0,682,192560200,755500,1641100,157.688524590164
7146,4,37,3,4,1,1,6800200,6800200,6800200,4790000,2010200,0,0,12658380,11569380,1089000,5711200,-5858180,4840000,50000,2010200,8250000,6239800,0,0,0,0,3000000,2000,293353470,3788770,1759700,157.688524590164
7148,4,37,3,4,1,1,17994500,17994500,13594500,4388500,9206000,4400000,0,11349460,10983460,366000,17628500,6645040,4438500,50000,9206000,11385000,2179000,0,0,0,1500000,0,180,173790800,927500,1361800,157.688524590164
7150,4,37,3,4,2,1,35003810,27130110,26590110,3047400,23542710,540000,7873700,34333660,29295000,5038660,29965150,670150,3604700,557300,5500410,6957000,1456590,18042300,18042300,0,0,10220000,450,101547070,1052470,1308100,157.688524590164
7151,4,37,2,4,1,1,142486070,142186070,142186070,115897570,26288500,0,300000,13263910,12913910,350000,142136070,129222160,125750000,9852430,26288500,32500000,6211500,0,0,0,5000000,1000000,7000,61222000,469900,1324200,157.688524590164
7153,4,37,3,4,1,1,67741364,67741364,61818884,4022150,57796734,5922480,0,23333522,21987252,1346270,66395094,44407842,4022150,0,57796734,85536500,27739766,0,0,0,24250000,26486000,0,88411996,308096,1685300,157.688524590164
7154,5,37,3,1,1,1,12000000,12000000,12000000,0,12000000,0,0,12954880,11578880,1376000,10624000,-954880,0,0,0,0,0,12000000,12000000,0,6640010,13166840,0,169784600,545500,1389400,16.5833333333333
7155,5,37,2,5,1,1,34422627,34382627,25805727,26918092,-1112365,8576900,40000,24253205,24053205,200000,34222627,10169422,27091292,173200,-1211365,1834600,3045965,99000,99000,0,3000000,9170000,391,295188608,623500,1211700,180.777777777778
7156,4,37,3,5,2,1,21043257,20743257,17393257,18456962,-1063705,3350000,300000,35578530,33101310,2477220,18566037,-14535273,19831892,1374930,-7993705,0,7993705,6930000,6930000,0,7593480,12891150,1100,827521228,4475820,1766500,180.777777777778
7157,3,37,1,6,1,2,-10062140,-10062140,-10062140,-14096800,4034660,0,0,54429410,26835810,27593600,-37655740,-64491550,11200000,25296800,1559660,1842360,282700,2475000,2475000,0,22800000,1000000,13702,601207180,165780,1791000,18.2333333333333
7158,4,37,3,6,1,1,8445375,8445375,8445375,-11914550,20359925,0,0,14641610,13535110,1106500,7338875,-6196235,5894000,17808550,67475,1041425,973950,20292450,20292450,0,1000000,17500000,1789,194864400,2852200,1607300,32.4545454545455
7159,4,37,2,6,1,1,19569825,18919825,18919825,11905730,7014095,0,650000,21579030,17591630,3987400,15582425,-2009205,24414740,12509010,-1338605,1057915,2396520,8352700,8352700,0,6200000,18850000,775,143914631,957531,1570000,32.4545454545455
7160,4,37,3,6,2,1,23577895,23577895,23577895,-10063100,33640995,0,0,16553490,15053490,1500000,22077895,7024405,11200000,21263100,970995,1316205,345210,32670000,32670000,0,3500000,0,3914,174587800,1974000,1991200,32.4545454545455
7161,4,37,2,5,1,2,36639190,36639190,27311150,20626520,6684630,9328040,0,11133190,9389690,1743500,34895690,25506000,23608000,2981480,6684630,8498430,1813800,0,0,0,2000000,18500000,7000,240493300,4736700,1478200,14.5
7162,5,37,2,5,1,2,19539400,19539400,15310600,10466850,4843750,4228800,0,5733500,5633500,100000,19439400,13805900,11350000,883150,4843750,5059010,215260,0,0,0,1500000,5000000,7400,249846850,1096550,2501900,14.5
7163,4,37,3,5,1,1,5277840,5277840,3677840,3522000,155840,1600000,0,6962020,6200620,761400,4516440,-1684180,4000000,478000,155840,1051920,896080,0,0,0,4000000,3700000,400,43674110,2672110,1390500,180.777777777778
7164,5,37,2,5,1,1,11538565,10738565,6744365,5376750,1367615,3994200,800000,10567960,10076960,491000,11047565,970605,7000000,1623250,1367615,1812965,445350,0,0,0,3000000,0,2820,192803254,1139254,1414500,180.777777777778
7165,5,37,3,5,1,1,9115645,8015645,2776245,2572875,203370,5239400,1100000,5841940,5720940,121000,8994645,3273705,5000000,2427125,5370,1029120,1023750,198000,198000,0,1300000,2000000,1000,182167950,1789950,1482700,180.777777777778
7166,5,37,3,5,1,1,1458525,1458525,-1365475,-1831915,466440,2824000,0,4986525,4825525,161000,1297525,-3528000,500000,2331915,466440,991740,525300,0,0,0,3500000,0,400,147644850,1945650,1412600,180.777777777778
7167,5,37,3,5,1,1,1290410,790410,-2183590,-1688340,-495250,2974000,500000,7102120,5919120,1183000,107410,-5811710,1000000,2688340,-495250,636910,1132160,0,0,0,8300000,4500000,600,235400640,1297940,2107200,180.777777777778
7168,5,37,3,1,1,1,22082670,22082670,17812670,8421740,9390930,4270000,0,9305580,8817580,488000,21594670,12777090,9700000,1278260,9390930,14081560,4690630,0,0,0,8300000,0,700,152411070,1312070,1530500,16.5833333333333
7169,5,37,2,4,1,1,10203257,8703257,2519257,433225,2086032,6184000,1500000,17285470,17285470,0,10203257,-7082213,5006125,4572900,2086032,3667610,1581578,0,0,0,2000000,2013000,1400,278791373,1427473,2085500,157.688524590164
7170,5,37,2,3,1,2,5659315,5659315,1495315,533190,962125,4164000,0,6983690,6783690,200000,5459315,-1324375,2000000,1466810,962125,1300525,338400,0,0,0,2500000,0,8000,607939650,3180350,2344000,157.688524590164
7171,3,37,2,6,2,2,-6344505,-6344505,-6344505,-7051800,707295,0,0,11394000,11184000,210000,-6554505,-17738505,14000000,21051800,707295,1269945,562650,0,0,0,4300000,0,12715,295686550,1499250,1769300,32.4545454545455
7172,5,37,3,1,1,1,31166406,28681376,10938431,2290700,8647731,17742945,2485030,30969556,28407286,2562270,28604136,196850,3520000,1229300,8647731,15106496,6458765,0,0,0,25255396,20758070,400,202955053,523453,1421500,16.5833333333333
7173,5,37,3,7,1,1,17138650,13488650,303420,-558150,861570,13185230,3650000,21078401,20668531,409870,16728780,-3939751,670000,1228150,851570,1285520,433950,10000,10000,0,3800000,1000000,600,151968988,4257188,1212300,38.68
7174,5,37,3,7,1,1,21790980,21290980,12616620,11654360,962260,8674360,500000,10215170,9934170,281000,21509980,11575810,21200000,9545640,962260,1153160,190900,0,0,0,3300000,1010000,900,250389193,565093,1406300,38.68
7175,3,37,2,8,1,1,16988785,16188785,16188785,2140020,14048765,0,800000,29645690,27339690,2306000,14682785,-12656905,5100000,2959980,-486374,755190,1241564,14535139,14535139,0,45000000,37000000,300,111235164,3745764,1259100,187.033333333333
7176,3,37,2,8,3,1,1467805,1467805,1467805,4161380,-2693575,0,0,14254846,13557800,697046,770759,-12787041,5385000,1223620,-2693575,1002645,3696220,0,0,0,4000000,0,3000,10299800,1137100,1354500,187.033333333333
7177,4,37,2,8,1,1,29890636,28440636,20517616,2428590,18089026,7923020,1450000,23551550,18150550,5401000,24489636,6339086,5462600,3034010,17269842,25143680,7873838,819184,819184,0,15800000,18565000,1600,112645067,6058267,1392300,187.033333333333
7178,5,37,2,8,1,1,31981760,31781760,27509760,5714380,21795380,4272000,200000,6527980,6416980,111000,31870760,25453780,8900000,3185620,21795380,22305380,510000,0,0,0,3800000,0,1900,227347400,1496500,1649100,187.033333333333
7179,5,37,2,8,1,1,5160785,4460785,274785,-1023120,1297905,4186000,700000,4885360,4724360,161000,4999785,275425,1400000,2423120,1297905,1481105,183200,0,0,0,1800000,0,700,107172000,1569300,1597800,187.033333333333
7180,5,37,2,8,1,1,8867305,7767305,3399295,2460685,938610,4368010,1100000,19521943,17367363,2154580,6712725,-10654638,6296550,3835865,377280,1385380,1008100,561330,561330,0,7700000,0,1300,115416512,1691112,1847000,187.033333333333
7181,4,37,2,8,1,1,44570892,43559035,35241425,5025920,30215505,8317610,1011857,17496117,16646117,850000,43720892,27074775,9085620,4059700,30215505,37143975,6928470,0,0,0,4500000,30150000,1000,189736957,1640357,1473900,187.033333333333
7182,4,37,2,8,1,1,13217355,10817355,10817355,-1542060,12359415,0,2400000,14858045,14408045,450000,12767355,-1640690,1910400,3452460,12359415,32006655,19647240,0,0,0,50550000,7950000,2200,224059000,2212500,1696700,187.033333333333
7183,4,37,2,8,1,2,8870730,8370730,3960730,3173310,787420,4410000,500000,7548940,7448940,100000,8770730,1321790,8200000,5026690,787420,1307820,520400,0,0,0,3000000,0,13400,287125700,1522700,2585000,187.033333333333
7184,4,37,2,8,1,1,21711815,20311815,4709815,2456250,2253565,15602000,1400000,13731970,12969370,762600,20949215,7979845,9311000,6854750,530965,895415,364450,1722600,1722600,0,9500000,10300000,700,150409470,1356570,1446800,187.033333333333
7186,4,37,2,8,1,1,25357090,25107090,12948990,-967065,13916055,12158100,250000,9963320,8009410,1953910,23403180,15393770,2379300,3346365,13916055,18402075,4486020,0,0,0,6000000,50000,1300,167100310,1564210,2528900,187.033333333333
7196,4,37,3,8,1,1,-4172200,-5372200,-11886200,13961750,-25847950,6514000,1200000,22680020,20358970,2321050,-6493250,-26852220,21143540,7181790,-25847950,25209550,51057500,0,0,0,63500000,37150000,1322,1472123800,3755600,1591700,187.033333333333
7197,1,37,3,8,4,1,94052709,84569782,71939782,63039355,8900427,12630000,9482927,35551141,34224351,1326790,92725919,58501568,113218485,50179130,8900427,46317306,37416879,0,0,0,5000000,27500000,1219,382120500,1500000,1197200,177.571428571429
7198,3,37,3,8,2,1,40890282,40090282,34728325,-20413770,55142095,5361957,800000,41797153,40039373,1757780,39132502,-906871,6807900,27221670,54973795,82553385,27579590,168300,168300,0,1858432,24750000,1100,619508464,1500000,1313900,187.033333333333
7199,5,37,3,8,1,1,6121350,6121350,-158250,571400,-729650,6279600,0,12975900,12323900,652000,5469350,-6854550,2167000,1595600,-729650,300000,1029650,0,0,0,2000000,1250000,500,66362100,1826200,1697700,187.033333333333
7200,4,37,3,5,3,1,21146519,13032671,12671951,-611540,13283491,360720,8113848,33691167,26343137,7348030,13798489,-12544648,510000,1121540,-303510,0,303510,13587001,13587001,0,9021940,16374594,471,206069270,1151870,1279400,66.875
7202,5,37,3,2,1,2,144495550,141295550,130280550,2052000,128228550,11015000,3200000,26980895,25592795,1388100,143107450,117514655,2730000,678000,127028550,139219660,12191110,1200000,1200000,0,27000000,249100000,1000,28053900,1500000,1454500,120.733333333333
7203,4,37,3,8,1,1,20741440,17000778,-2498236,4042255,-6540491,19499014,3740662,53878236,51414996,2463240,18278200,-33136796,16626800,12584545,-6540491,16572869,23113360,0,0,0,34053550,3559000,2440,1190864643,2894143,1560200,187.033333333333
7205,4,37,3,4,1,1,32041443,27528543,23981343,5951550,18029793,3547200,4512900,25007990,22173740,2834250,29207193,7033453,5951550,0,15445793,31376400,15930607,2584000,2584000,0,91000,7065200,500,312880420,2694820,1151000,157.688524590164
7207,4,37,3,4,1,1,168302080,168302080,168302080,6927100,161374980,0,0,27626164,23964884,3661280,164640800,140675916,7865000,937900,161374980,183150000,21775020,0,0,0,11373310,32530230,0,268772300,316100,1342400,157.688524590164
7208,4,37,3,4,1,1,59573200,49573200,49573200,6178000,43395200,0,10000000,29845380,26311440,3533940,56039260,29727820,6600000,422000,19716000,31750000,12034000,23679200,23679200,0,19825380,5614310,0,209230320,773920,1134200,157.688524590164
7210,4,37,3,4,3,1,14857959,5317959,-6982944,276710,-7259654,12300903,9540000,25257693,23480068,1777625,13080334,-10399734,4020500,3743790,-11468600,31147021,42615621,4208946,4208946,0,17835900,15083770,0,353281771,876371,1503100,157.688524590164
7211,4,37,3,4,1,1,3126005,-343995,-2343995,223500,-2567495,2000000,3470000,18080560,14430560,3650000,-523995,-14954555,313500,90000,-4705895,12963250,17669145,2138400,2138400,0,3500000,0,2000,336405300,604400,1283100,157.688524590164
7212,2,37,3,4,1,1,25554000,25554000,25554000,8800000,16754000,0,0,14597850,13577850,1020000,24534000,10956150,8800000,0,16754000,23950000,7196000,0,0,0,1500000,0,0,229997900,0,1328600,157.688524590164
7213,4,37,3,4,1,1,7892000,7892000,7892000,5008000,2884000,0,0,11697330,11547330,150000,7742000,-3805330,5540500,532500,2884000,5063000,2179000,0,0,0,3500000,0,0,193945100,1500000,1634300,157.688524590164
7214,4,37,3,4,1,1,53303700,53003700,41874700,6485000,35389700,11129000,300000,15086900,13892100,1194800,52108900,38216800,6485000,0,35092700,39959500,4866800,297000,297000,0,0,5420000,0,279119400,648500,1563600,157.688524590164
7218,4,37,3,5,1,1,8987190,8287190,-739220,221000,-960220,9026410,700000,14407480,14407480,0,8987190,-5420290,750000,529000,-960220,0,960220,0,0,0,3000000,2780000,312,160792600,1500000,1408000,66.875
7220,5,40,2,7,1,2,92863660,69963660,64374989,43407384,20967605,5588671,22900000,83438939,68015795,15423144,77440516,9424721,152400000,108992616,20967605,30750300,9782695,0,0,0,12000000,2905380,10100,2085514400,701100,1671000,103.966666666667
7222,5,37,3,4,1,1,32715330,30315330,10775330,67780,10707550,19540000,2400000,23471520,22058890,1412630,31302700,9243810,745000,677220,9351250,11444450,2093200,1356300,1356300,0,5870000,5247000,0,483911130,282530,2153900,157.688524590164
7223,4,37,2,4,1,1,38096795,35996795,26794295,14250180,12544115,9202500,2100000,23702230,22394100,1308130,36788665,14394565,41700000,27449820,12544115,18087175,5543060,0,0,0,10000000,45900000,8099,898544340,634040,1401600,157.688524590164
7225,5,37,3,5,1,1,28089753,26189753,15598787,5709716,9889071,10590966,1900000,11450473,11154463,296010,27793743,16639280,9037946,3328230,9889071,15764560,5875489,0,0,0,5200000,8500000,700,185893240,270740,1558800,108.578947368421
7228,5,37,3,4,1,1,57241273,55921273,46917673,7139773,39777900,9003600,1320000,20770840,20266500,504340,56736933,36470433,10071298,2931525,39302700,43015170,3712470,475200,475200,0,12764180,21361000,1500,670894430,1022930,1176700,157.688524590164
7233,5,37,2,5,1,2,64813945,63613945,58343945,52879095,5464850,5270000,1200000,22801600,17668000,5133600,59680345,42012345,94584200,41705105,5326250,12332750,7006500,138600,138600,0,1000000,9000000,11650,286310490,606190,1327400,163.083333333333
7234,5,37,2,5,1,1,22975500,18685500,4953500,-250100,5203600,13732000,4290000,16032700,14541000,1491700,21483800,6942800,8280500,8530600,4480900,5887100,1406200,722700,722700,0,0,12600000,1640,154765350,491450,1662900,108.578947368421
7235,3,37,1,1,1,5,49725000,49725000,43502040,43187090,314950,6222960,0,28595530,25538190,3057340,46667660,21129470,89665000,46477910,314950,314950,0,0,0,0,31000000,80800000,102000,560370330,1596230,2170800,42.4615384615385
7236,5,40,1,4,1,1,7378820,5578820,274820,274820,0,5304000,1800000,9582100,9582100,0,7378820,-2203280,1980000,1705180,0,0,0,0,0,0,0,0,401,1251016950,1381250,1664100,103.966666666667
7237,5,40,3,4,1,1,6425600,5825600,4602800,2546600,2056200,1222800,600000,11718490,11664560,53930,6371670,-5292890,3960000,1413400,-319800,0,319800,2376000,2376000,0,1000000,1160000,500,636129340,618840,1499600,103.966666666667
7238,5,40,3,4,1,2,34726750,33226750,3256750,-918250,4175000,29970000,1500000,21449260,20009260,1440000,33286750,13277490,726000,1644250,4175000,11360000,7185000,0,0,0,2500000,570000,1548,1530682300,1200000,1211000,103.966666666667
7239,4,40,2,4,1,1,4592950,4292950,1292950,-949050,2242000,3000000,300000,18864650,18478650,386000,4206950,-14271700,2750000,3699050,-134000,0,134000,2376000,2376000,0,2000000,0,400,668531400,1500000,1245400,103.966666666667
7240,5,40,2,4,1,1,29154720,28504720,2704720,3177720,-473000,25800000,650000,10432690,10248690,184000,28970720,18722030,5808000,2630280,-473000,0,473000,0,0,0,0,800000,1000,411298250,1822750,1799300,103.966666666667
7241,3,40,2,4,5,1,12022790,12022790,9842790,-2530510,12373300,2180000,0,42238630,38702630,3536000,8486790,-30215840,110000,2640510,12373300,12763300,390000,0,0,0,5500000,0,800,2308471300,600500,1517900,103.966666666667
7243,2,37,3,2,3,1,83649140,76204140,58997084,2510000,56487084,17207056,7445000,88863258,54965670,33897588,49751552,-5214118,2510000,0,41205209,57866970,16661761,15281875,15400875,119000,7500000,35772810,300,150333200,494500,1241300,35.1666666666667
7244,5,40,2,4,1,1,8881900,5981900,863700,-235200,1098900,5118200,2900000,6742750,6592750,150000,8731900,2139150,2200000,2435200,0,0,0,1098900,1098900,0,1500000,0,1051,534274600,735000,1313400,103.966666666667
7245,5,40,2,4,1,1,-259630,-1159630,-8359630,-2089630,-6270000,7200000,900000,27377300,25236600,2140700,-2400330,-27636930,440000,2529630,-6270000,0,6270000,0,0,0,12300000,29890000,468,975750400,1360000,1609100,103.966666666667
7246,4,40,2,4,1,2,5786770,5286770,-713230,-504070,-209160,6000000,500000,30738672,29424672,1314000,4472770,-24951902,1496000,2000070,-209160,0,209160,0,0,0,4500000,0,738,1142061300,1230000,1311000,103.966666666667
7247,5,40,1,4,1,1,3833550,1133550,-742650,-685050,-57600,1876200,2700000,13021500,12561500,460000,3373550,-9187950,660000,1345050,-57600,0,57600,0,0,0,2000000,0,300,1218004000,950000,1371400,103.966666666667
7248,5,40,2,4,1,1,19049950,16949950,8709950,3559950,5150000,8240000,2100000,11876300,11456300,420000,18629950,7173650,6050000,2490050,5150000,5500000,350000,0,0,0,3000000,0,495,346476000,758100,1512400,103.966666666667
7249,4,37,3,8,1,1,25169298,24669298,15679268,752640,14926628,8990030,500000,17787455,17410445,377010,24792288,7381843,752640,0,-1289605,3412650,4702255,16216233,16488233,272000,1000000,0,600,111542910,4925010,1574800,234.214285714286
7250,5,37,3,8,1,1,17168197,15107507,3360787,2678620,682167,11746720,2060690,13520736,12828141,692595,16475602,3647461,2890000,211380,682167,4955000,4272833,0,0,0,0,8985730,850,96951460,2158360,1229600,234.214285714286
7251,5,37,3,2,2,2,30802684,24502684,9003399,4256500,4746899,15499285,6300000,13746495,13590845,155650,30647034,17056189,4256500,0,935399,3920195,2984796,3811500,3811500,0,7527386,24397386,6000,251902194,824394,1614500,35.1666666666667
7252,5,40,2,5,1,1,9019500,8519500,3719500,1866000,1853500,4800000,500000,10759400,10748400,11000,9008500,-1739900,2629000,763000,586300,626000,39700,1267200,1267200,0,3800000,0,300,343893800,1420000,1412500,103.966666666667
7253,5,40,2,8,1,1,7827530,5642530,1892530,828630,1063900,3750000,2185000,7365390,6805690,559700,7267830,462140,1245750,417120,1063900,1100800,36900,0,0,0,2000000,0,240,408841300,3000000,1657700,103.966666666667
7254,5,40,3,8,1,1,14756290,11906290,4653170,114320,4538850,7253120,2850000,9881350,9171110,710240,14046050,4874940,678900,564580,2449950,2502150,52200,2088900,2088900,0,4500000,1760000,0,78481340,814740,1540400,103.966666666667
7255,2,40,2,4,1,1,7990220,7990220,7990220,2545220,5445000,0,0,30672280,27709280,2963000,5027220,-22682060,4400000,1854780,0,0,0,5445000,5445000,0,0,3000000,1000,185408010,3219710,1537200,103.966666666667
7256,5,37,1,6,1,1,18007700,16607700,15007700,14035700,972000,1600000,1400000,10466770,9637770,829000,17178700,7540930,15560000,1524300,-18000,0,18000,990000,990000,0,2500000,0,40,98908500,1200000,1461900,43.8181818181818
7257,3,40,2,5,3,1,11243310,9043310,9043310,-701940,9745250,0,2200000,31859310,27817310,4042000,7201310,-20616000,4393000,5094940,686750,1290250,603500,9058500,9058500,0,0,0,320,783273840,764740,1818100,103.966666666667
7259,5,40,3,8,1,1,13966329,13006329,4995879,278350,4717529,8010450,960000,10781780,10282500,499280,13467049,3184549,873000,594650,1755845,1823975,68130,2961684,2961684,0,0,110800,320,747604010,1635210,2402600,103.966666666667
7260,5,40,1,8,1,1,6380950,4689950,1409950,158050,1251900,3280000,1691000,6532390,5710590,821800,5559150,-151440,529050,371000,1251900,1588100,336200,0,0,0,500000,1300000,300,396856360,1172560,1331000,103.966666666667
7262,3,37,2,4,4,1,11832460,9932460,2434460,607160,1827300,7498000,1900000,12709950,11149950,1560000,10272460,-877490,5500000,4892840,738300,1040000,301700,1089000,1089000,0,0,8080000,1628,318650300,1004600,1538300,157.688524590164
7263,5,40,3,5,1,1,22111160,21803160,10359770,3109840,7249930,11443390,308000,15748490,15582090,166400,21944760,6362670,3620000,510160,2131630,2486000,354370,5118300,5118300,0,0,1150000,210,240838203,2128703,1857800,103.966666666667
7264,5,40,3,5,1,1,8865180,8565180,912700,512900,399800,7652480,300000,13867510,13432710,434800,8430380,-5002330,1350000,837100,399800,399800,0,0,0,0,8000000,30000,300,221823228,1465628,1402200,103.966666666667
7265,5,40,2,5,2,2,7918010,7105010,1302010,1219000,83010,5803000,813000,8800090,7910090,890000,7028010,-882080,2415000,1196000,83010,144710,61700,0,0,0,1000000,0,360,16319820,739120,1647500,103.966666666667
7266,4,40,2,5,3,1,16380320,15180320,11130320,-1081480,12211800,4050000,1200000,25886410,23832210,2054200,14326120,-9506090,3125000,4206480,12211800,12584900,373100,0,0,0,4000000,0,300,449766400,2485000,2118500,103.966666666667
7267,5,40,3,8,1,1,33271390,31771390,-1228610,-468680,-759930,33000000,1500000,29561756,25610886,3950870,29320520,3709634,1000000,1468680,-759930,0,759930,0,0,0,19000000,450000,310.8,365801769,155869,1364700,103.966666666667
7269,4,40,3,8,1,1,13138984,12688984,12688984,-974480,13663464,0,450000,12894790,11462290,1432500,11706484,244194,20000,994480,9703464,10841800,1138336,3960000,3960000,0,1000000,0,400,202493920,943020,1408900,103.966666666667
7270,2,40,2,5,1,1,4342500,4262500,4262500,-1185000,5447500,0,80000,17272488,12815488,4457000,-114500,-12929988,6420000,7605000,2378500,2567500,189000,3069000,3069000,0,0,0,1500,810906450,3029450,2602300,103.966666666667
7271,5,40,2,2,1,2,13939140,10314140,6534140,5725360,808780,3780000,3625000,14843800,13857420,986380,12952760,-904660,6180000,454640,105880,311000,205120,702900,702900,0,2500000,580000,15000,598866727,42027,1332300,103.966666666667
7272,3,40,3,2,3,1,42600630,12000630,12000630,5928060,6072570,0,30600000,77102400,72549400,4553000,38047630,-34501770,7660000,1731940,-9000,0,9000,6081570,6081570,0,0,24000000,3000,170807300,524600,1601300,103.966666666667
7273,5,40,2,5,1,1,12616520,10956520,4416520,729060,3687460,6540000,1660000,17900100,15409500,2490600,10125920,-5283580,2100000,1370940,2129160,2576860,447700,1558300,1558300,0,3000000,100000,300,194152355,400555,1589700,103.966666666667
7274,4,40,3,5,1,1,17411870,15411870,10131870,464700,9667170,5280000,2000000,12117978,11232978,885000,16526870,5293892,2985000,2520300,638370,824500,186130,9028800,9028800,0,0,0,400,667665126,2328926,1158900,103.966666666667
7275,5,37,3,1,1,2,34906899,33006899,29859899,12714370,17145529,3147000,1900000,20534990,16646990,3888000,31018899,14371909,20546158,7831788,12426379,12456629,30250,4719150,4719150,0,0,34000000,7124,543413601,513201,1289600,32.3571428571429
7276,4,37,2,4,1,1,70842320,69842320,68522320,55340260,13182060,1320000,1000000,39139770,31700160,7439610,63402710,31702550,75009000,19668740,10212060,24820500,14608440,2970000,2970000,0,0,60800000,4723,422399100,223900,1599700,157.688524590164
7277,5,37,2,4,1,1,51016700,45616700,22146700,-138100,22284800,23470000,5400000,42723970,30473970,12250000,38766700,8292730,7041000,7179100,21987800,26505100,4517300,297000,297000,0,0,20200000,5631,560971100,217900,1737200,157.688524590164
7278,4,37,2,4,1,1,41983090,38233090,35173890,-2545971,37719861,3059200,3750000,44704622,29646939,15057683,26925407,-2721532,9251268,11797239,37065441,47915733,10850292,654420,654420,0,15000000,9130000,5395.9,933858882,321282,1580900,157.688524590164
7279,4,37,2,4,1,1,1721070,721070,721070,-2384090,3105160,0,1000000,37521770,33167770,4354000,-2632930,-35800700,7833000,10217090,768760,1493000,724240,2336400,2336400,0,0,8500000,3252,1472798310,1181210,1411400,157.688524590164
7280,4,37,3,4,1,1,18563346,16563346,12355826,9354162,3001664,4207520,2000000,16895914,9981428,6914486,11648860,1667432,14067362,4713200,1105814,4111000,3005186,1895850,1895850,0,0,14000000,5360,644180883,197483,1292300,157.688524590164
7282,4,37,3,2,1,2,25381449,22981449,17769206,4800010,12969196,5212243,2400000,29143424,21308434,7834990,17546459,-3761975,6000000,1199990,6469196,6572200,103004,6500000,6500000,0,6000000,10000000,0,421977042,902342,1583800,21.1818181818182
7283,4,37,2,8,1,1,63753225,62653225,58901425,52591250,6310175,3751800,1100000,34223610,30069350,4154260,59598965,29529615,88090000,35498750,310175,416675,106500,6000000,6000000,0,4000000,63000000,11900,663117320,1730120,1381700,141.25
7284,5,37,2,4,1,1,17401400,14201400,5715870,-107650,5823520,8485530,3200000,14373480,13343480,1030000,16371400,3027920,2913350,3021000,5823520,6891020,1067500,0,0,0,5500000,6300000,1477.8,174466500,1814200,1798100,157.688524590164
7285,5,37,2,8,1,1,4769195,4569195,385195,-737685,1122880,4184000,200000,5243550,5193550,50000,4719195,-474355,1050000,1787685,1122880,1270380,147500,0,0,0,2500000,0,900,133090550,1226750,2135700,187.033333333333
7286,3,37,2,2,2,1,43835270,43835270,43835270,-14764020,58599290,0,0,31632420,25746820,5885600,37949670,12202850,3000000,17764020,58599290,66829600,8230310,0,0,0,15800000,3215000,7657,387751500,1651400,2009400,157.688524590164
7287,5,37,2,4,1,1,2897860,2897860,-5147140,-1699020,-3448120,8045000,0,15195470,14399570,795900,2101960,-12297610,3430000,5129020,-3448120,2149030,5597150,0,0,0,10925760,84000,1030,384261470,1815910,2412300,157.688524590164
7288,5,37,2,8,1,1,8089995,8089995,1318315,405410,912905,6771680,0,4563200,4344700,218500,7871495,3526795,2700000,2294590,912905,1260275,347370,0,0,0,3000000,0,800,157305670,931570,1640100,187.033333333333
7289,5,37,2,8,1,1,16316791,15916791,11560791,4772980,6787811,4356000,400000,9378590,9228590,150000,16166791,6938201,6500000,1727020,6787811,8489155,1701344,0,0,0,11500000,5000000,600,143757779,612979,1646900,187.033333333333
7290,5,37,2,8,1,1,40125105,40125105,8193885,7302920,890965,31931220,0,9197676,7997356,1200320,38924785,30927429,10500000,3197080,890965,1050195,159230,0,0,0,3500000,0,1200,165439191,1130491,1862500,187.033333333333
7291,3,37,2,8,1,1,11855990,7115990,7115990,728650,6387340,0,4740000,17806380,17506380,300000,11555990,-5950390,5461000,4732350,1858090,4906690,3048600,4529250,4529250,0,4000000,4900000,1000,327505600,151600,1738200,187.033333333333
7292,5,37,2,5,1,1,26518305,24538305,14430305,7024560,7405745,10108000,1980000,20057095,17982095,2075000,24443305,6461210,8600000,1575440,725745,792045,66300,6680000,6680000,0,3200000,3000000,1800,172738410,1023310,2389700,180.777777777778
7293,5,37,2,8,1,1,14109253,14109253,4632653,2228130,2404523,9476600,0,7130210,6469210,661000,13448253,6979043,4796000,2567870,2404523,3582875,1178352,0,0,0,4100000,5000000,1300,258514950,1447950,1154900,187.033333333333
7294,5,37,3,1,1,2,30356716,23735807,14364601,4439579,9925022,9371206,6620909,32827683,31747174,1080509,29276207,-2470967,5236979,797400,7448522,16778848,9330326,2476500,2476500,0,20582170,8767080,10005,662992150,715150,1404700,32.3571428571429
7295,5,40,1,4,1,1,4249010,949010,-850990,-850990,0,1800000,3300000,7205600,7205600,0,4249010,-2956590,440000,1290990,0,0,0,0,0,0,1000000,0,399.4,535233200,559200,1714800,103.966666666667
7296,3,37,3,4,3,1,16897214,15497214,13297214,11104882,2192332,2200000,1400000,13638664,11735434,1903230,14993984,3258550,14240882,3136000,-921426,8517574,9439000,3113758,3113758,0,2000000,150000,400,475053250,730150,1344300,157.688524590164
7297,4,37,2,4,1,1,51582271,45235863,33876512,17672384,16204128,11359351,6346408,30086779,27984469,2102310,49479961,21495492,21801084,4128700,15966528,19048486,3081958,237600,237600,0,34542000,8684037,1134.8,542021289,171089,1474000,157.688524590164
7298,3,37,2,1,3,2,1079510,-685490,-685490,-2974210,2288720,0,1765000,28193845,24875100,3318745,-2239235,-27114335,255000,3229210,2288720,3008120,719400,0,0,0,7130030,7255510,10000,119293287,1421587,1237600,16.5833333333333
7299,4,40,1,5,1,1,30761350,30761350,19261350,19261350,0,11500000,0,32093000,31993000,100000,30661350,-1331650,22400000,3138650,0,0,0,0,0,0,9700000,0,977.6,820600000,0,1360600,103.966666666667
7300,4,40,2,7,1,1,307895930,299895930,292335930,238970930,53365000,7560000,8000000,22791630,20515630,2276000,305619930,285104300,255000000,16029070,53365000,98300000,44935000,0,0,0,2000000,0,4800,321951200,0,1295800,103.966666666667
7301,5,37,2,5,1,1,20741532,16741532,14581532,10040700,4540832,2160000,4000000,12846307,12846307,0,20741532,7895225,11685700,1645000,4540832,6903900,2363068,0,0,0,0,0,2000,696175500,0,2669500,108.578947368421
8001,5,38,2,4,1,2,19187653,18187653,15431493,8446528,6984965,2756160,1000000,17470600,16753750,716850,18470803,1717053,45874228,37427700,6984965,11125844,4140879,0,0,0,12600000,20470000,16584,920392000,694000,1553000,167.5625
8002,5,38,1,4,1,2,12230620,11930620,7549730,1155360,6394370,4380890,300000,22856277,21136957,1719320,10511300,-10625657,2598900,1443540,2582870,7165000,4582130,3811500,3811500,0,0,21507600,16000,453573900,2550000,1855400,167.5625
8003,5,38,1,4,1,2,20355020,19755020,14950020,12388950,2561070,4805000,600000,8904310,8904310,0,20355020,11450710,17111500,4722550,2561070,4615000,2053930,0,0,0,160000,8000000,4838,356594100,1470000,1431400,167.5625
8004,5,38,1,4,1,1,6347540,5847540,550000,550000,0,5297540,500000,4976729,4952729,24000,6323540,1370811,550000,0,0,0,0,0,0,0,2000000,1900000,700,179045300,1580000,1520100,167.5625
8005,5,38,1,4,1,1,20374170,20074170,12648990,8834760,3814230,7425180,300000,8792804,8472704,320100,20054070,11581366,9311300,476540,3814230,4353250,539020,0,0,0,0,6000000,0,249666900,1920000,1175300,167.5625
8006,5,38,1,4,1,2,21479220,20879220,13933140,11449950,2483190,6946080,600000,19938610,14689410,5249200,16230020,1540610,16096150,4646200,2483190,4467500,1984310,0,0,0,0,9500000,9000,540125000,2880000,1358400,167.5625
8009,5,38,2,4,1,1,44553649,43028649,32283710,27595310,4688400,10744939,1525000,16159776,15809776,350000,44203649,28393873,34659000,7063690,4688400,5710940,1022540,0,0,0,0,21430000,2254.5,684191700,1500000,1593700,167.5625
8010,5,38,2,5,1,2,85604542,46504542,36427004,34837394,1589610,10077538,39100000,63773901,60649471,3124430,82480112,21830641,45600000,10762606,1589610,2268000,678390,0,0,0,0,24280004,4220,443999896,1500000,1604100,108.578947368421
8011,5,38,2,5,1,1,36077103,35177103,27811663,28665263,-853600,7365440,900000,15142270,13678450,1463820,34613283,20934833,31417913,2752650,-853600,0,853600,0,0,0,5000000,3770000,1659,597744659,1239259,1660400,108.578947368421
8012,5,38,2,5,1,2,29843790,25179790,14861250,12232600,2628650,10318540,4664000,45028125,43015275,2012850,27830940,-15184335,28543600,16311000,2628650,3182500,553850,0,0,0,5500000,37625000,2100,545491000,2164600,1659200,163.083333333333
8013,4,38,2,5,1,1,40328115,40022115,33582215,28952040,4630175,6439900,306000,29437874,27517874,1920000,38408115,10890241,63346900,34394860,4630175,5430600,800425,0,0,0,472500,9227000,4212,1140343600,1500000,1507400,163.083333333333
8014,4,38,2,4,1,1,52220470,52220470,44174110,44902880,-728770,8046360,0,17204640,15623140,1581500,50638970,35015830,57875700,12972820,-728770,0,728770,0,0,0,0,10500000,2478.4,478888408,976608,1601200,167.5625
8017,4,38,3,4,1,1,63857955,61734955,53575955,9829535,43746420,8159000,2123000,15934190,15454190,480000,63377955,47923765,14791825,4962290,43746420,51366420,7620000,0,0,0,0,21840000,1500,473957300,1500000,1638800,167.5625
8018,4,38,3,4,1,2,52584459,51805959,41159591,34239350,6920241,10646368,778500,44544854,35860334,8684520,43899939,8039605,43361340,9121990,6920241,14998259,8078018,0,0,0,15800000,17400000,5414,975811974,4011174,1690100,167.5625
8020,4,38,2,6,1,1,34123564,14123564,14123564,14259844,-136280,0,20000000,49508560,45379210,4129350,29994214,-15384996,38556544,24296700,-136280,892000,1028280,0,0,0,0,18380000,2808,779624420,887620,1519400,32.4545454545455
8022,4,38,2,6,1,1,50143960,46243960,37536910,14381160,23155750,8707050,3900000,45044540,37397540,7647000,42496960,5099420,26573000,12191840,23155750,26685250,3529500,0,0,0,2200000,8440000,5203,1328978400,1500000,1559800,32.4545454545455
8023,4,38,2,6,1,1,19501120,19501120,13236020,10489040,2746980,6265100,0,39925670,34506590,5419080,14082040,-20424550,24726600,14237560,2746980,3369150,622170,0,0,0,0,10580000,1262.5,1049990940,498140,1497500,32.4545454545455
8024,4,38,2,6,1,1,16441481,13941481,6458221,5661411,796810,7483260,2500000,35475982,29907572,5568410,10873071,-19034501,24486861,18825450,796810,1462000,665190,0,0,0,0,14020000,1854,778262700,1500000,1485900,32.4545454545455
8025,5,38,2,6,2,1,13270020,11404838,6464678,6111860,352818,4940160,1865182,29883432,26981872,2901560,10368460,-16613412,19878478,13766618,352000,4544150,4192150,818,818,0,18648128,6004772,1798,638769346,1500000,1561300,43.8181818181818
8026,4,38,2,5,1,2,73221250,73221250,63221250,54914350,8306900,10000000,0,56457920,39277900,17180020,56041230,16763330,100095000,45180650,8306900,8910000,603100,0,0,0,0,64600000,9574,1687455300,1500000,1303400,163.083333333333
8028,4,38,3,8,1,1,14492168,12990318,3177435,-897760,4075195,9812883,1501850,21383984,19587373,1796611,12695557,-6891816,387900,1285660,3556065,10790750,7234685,519130,519130,0,550000,42695890,800,173177500,2000000,1371800,234.214285714286
8032,5,38,2,1,1,2,32636172,31036172,19946020,566540,19379480,11090152,1600000,21104750,20101550,1003200,31632972,11531422,2560000,1993460,19379480,21685440,2305960,0,0,0,0,5690000,10800,414866100,800000,1275900,32.3571428571429
8033,4,38,2,8,1,1,26319384,26319384,19211436,12683046,6528390,7107948,0,17683038,17198528,484510,25834874,8636346,18954546,6271500,6379890,7927500,1547610,148500,148500,0,0,9766550,9830,165655700,1000000,1214600,234.214285714286
8034,4,38,3,3,1,1,92373559,89773559,65813964,27680820,38133144,23959595,2600000,43416425,32964625,10451800,81921759,48957134,30412210,2731390,37427322,44440032,7012710,705822,705822,0,32537870,45770000,16588,684220490,724680,1258100,89.3666666666667
8035,5,38,3,1,1,1,2949330,2649330,-5517190,-415000,-5102190,8166520,300000,15724730,14436000,1288730,1660600,-12775400,0,415000,-5102190,0,5102190,0,0,0,7000000,480000,9000,350561200,1000000,1201100,42.4615384615385
8036,4,38,3,3,1,1,12624645,12624645,-12508112,17971740,-30479852,25132757,0,15965450,10744770,5220680,7403965,-3340805,20550000,2578260,-30479852,18296349,48776201,0,0,0,43296000,185589000,20000,703976000,1000000,1445200,89.3666666666667
8037,5,38,1,1,1,5,-223000,-2023000,-4007400,-3765400,-242000,1984400,1800000,15358150,15298150,60000,-283000,-15581150,1380000,5145400,-242000,0,242000,0,0,0,3500000,0,69786.5,1391666900,1000000,1251800,42.4615384615385
8038,5,38,3,3,1,1,24029639,22290059,10706497,4028830,6677667,11583562,1739580,12816456,11342496,1473960,22555679,11213183,6160300,2131470,6677667,13670291,6992624,0,0,0,1783890,31440000,12555,393838690,500000,1476700,89.3666666666667
8048,5,38,2,1,1,2,-55307905,-55307905,-59747905,3111900,-62859805,4440000,0,17629520,17416520,213000,-55520905,-72937425,9736300,6624400,-62859805,6341125,69200930,0,0,0,4000000,2800000,13302,408852800,500000,1451900,32.3571428571429
8050,4,38,3,1,1,2,15848110,14648110,14648110,1559470,13088640,0,1200000,22416580,19247710,3168870,12679240,-6568470,8389300,6829830,13088640,14599000,1510360,0,0,0,4750000,1400000,8300,711081600,1000000,1616200,32.3571428571429
8057,3,38,3,4,1,1,30425115,29406115,29406115,-126210,29532325,0,1019000,37740035,34162655,3577380,26847735,-7314920,833950,960160,723325,851855,128530,28809000,28809000,0,10195131,15365075,1073,130777300,2000000,1306200,167.5625
8058,5,38,3,4,1,3,11474318,9074318,2136777,2025454,111323,6937541,2400000,23188680,20481930,2706750,8767568,-11714362,3788154,1762700,41323,7368213,7326890,70000,70000,0,12077230,2887000,24200,167440200,300000,1389900,167.5625
8060,5,38,2,4,1,2,47029208,42419531,31195796,20054468,11141328,11223735,4609677,26280467,18458827,7821640,39207568,20748741,24212606,4158138,11141328,16173096,5031768,0,0,0,180890,12161600,14756,370424490,200000,1373400,167.5625
8062,4,38,3,4,1,2,8953602,8353602,2644662,3097762,-453100,5708940,600000,14762515,14123785,638730,8314872,-5808913,3903000,805238,-453100,2280825,2733925,0,0,0,4754760,4675000,4500,320354260,200000,1312000,167.5625
8063,5,38,2,4,1,2,50933215,49756246,37993765,27236272,10757493,11762481,1176969,26188005,25296525,891480,50041735,24745210,35133312,7897040,10757493,12449913,1692420,0,0,0,15765051,14460000,8416.5,685340300,200000,1537800,167.5625
8064,4,38,2,4,1,1,37127043,36527043,23894393,5548500,18345893,12632650,600000,20417318,18271058,2146260,34980783,16709725,14724000,9175500,18345893,26480363,8134470,0,0,0,0,15100000,5630,539882300,300000,1352100,167.5625
8065,4,38,2,4,1,1,49530227,48588645,43480125,29720444,13759681,5108520,941582,23822035,21064025,2758010,46772217,25708192,40615094,10894650,13759681,16805941,3046260,0,0,0,0,6771000,5084,303210100,200000,1491500,167.5625
8066,4,38,2,4,1,1,10930223,10030223,1319282,3243858,-1924576,8710941,900000,51461365,46970105,4491260,6438963,-40531142,20343530,17099672,-2315630,8159930,10475560,391054,391054,0,11000000,8087780,2754,353336200,200000,1519200,167.5625
8069,4,38,2,4,1,1,53620146,52620146,15694765,7688858,8005907,36925381,1000000,25177671,20647120,4530551,49089595,28442475,27734870,20046012,8005907,11812110,3806203,0,0,0,0,20329500,5180,701000500,300000,1155500,167.5625
8070,4,38,2,8,1,2,-695351,-1595351,-9924602,-14120540,4195938,8329251,900000,11687170,11530170,157000,-852351,-12382521,11661900,25782440,2720838,5991200,3270362,1475100,1475100,0,0,1430000,5792,228361800,200000,1538100,234.214285714286
8071,4,38,2,8,1,1,39895591,29683456,14693053,34064503,-19371450,14990403,10212135,53486705,40659380,12827325,27068266,-13591114,64308133,30243630,-19371450,12041006,31412456,0,0,0,64274804,86863400,2427,682683480,0,1542200,234.214285714286
8073,4,38,1,8,3,3,28559140,27159140,27159140,28467500,-1308360,0,1400000,28058980,25993190,2065790,26493350,500160,45970150,17502650,-1308360,176400,1484760,0,0,0,19700000,34600000,27652,552068900,300000,1474900,141.25
8074,4,38,2,8,1,2,39561857,34512908,24141705,20891108,3250597,10371203,5048949,28776198,26541828,2234370,37327487,10785659,31139498,10248390,3250597,5944547,2693950,0,0,0,800000,14600000,15650,292362500,200000,1674900,141.25
8076,4,38,3,7,1,1,61937360,60937360,58012360,32947360,25065000,2925000,1000000,62198400,57009480,5188920,56748440,-261040,50500000,17552640,-135000,0,135000,25200000,25200000,0,4500000,1200000,3660,1740986500,1200000,1618500,134.2
8077,5,38,3,7,2,1,26617500,25817500,25817500,5169700,20647800,0,800000,13587100,13120100,467000,26150500,13030400,12040000,6870300,-142200,0,142200,20790000,20790000,0,0,2530000,1400,477187300,250000,1306900,134.2
8078,5,38,2,7,1,1,28376200,27176200,7876200,-1857300,9733500,19300000,1200000,42448310,30752310,11696000,16680200,-14072110,3360000,5217300,-766500,157500,924000,10500000,10500000,0,5856000,0,3500,593973900,150000,1289400,134.2
8079,2,38,3,7,3,1,149974024,142213229,104479632,34448343,70031289,37733597,7760795,101251224,63488998,37762226,112211798,48722800,76454000,42005657,-196310,0,196310,70227599,70227599,0,0,11500000,8579,2120938700,130000,1425700,115.666666666667
8080,5,38,3,3,1,2,6358620,5158620,-2068380,-1936780,-131600,7227000,1200000,15912553,14963293,949260,5409360,-9553933,1170000,3106780,-131600,544000,675600,0,0,0,0,0,2750,62644785,2439685,1094200,89.3666666666667
8082,4,38,3,3,2,2,47814305,47614305,42459825,10886465,31573360,5154480,200000,20974520,20428520,546000,47268305,26839785,12571450,1684985,31573360,39310800,7737440,0,0,0,0,30200000,6800,153761440,888040,1409100,89.3666666666667
8083,3,38,2,3,1,1,17522320,16722320,574320,80720,493600,16148000,800000,16151670,14622090,1529580,15992740,1370650,390000,309280,-595400,0,595400,1089000,1089000,0,2000000,8600000,3000,134371350,867150,1177800,89.3666666666667
8084,4,38,3,3,1,1,52603170,51403170,39155721,8423855,30731866,12247449,1200000,40093310,31213790,8879520,43723650,12509860,10453000,2029145,24625546,29540683,4915137,6106320,6106320,0,0,17909700,3300,170479896,1112696,1302900,89.3666666666667
8085,3,38,2,1,1,1,57048860,56148860,56148860,56687960,-539100,0,900000,44249190,38143150,6106040,50942820,12799670,98200000,41512040,-539100,0,539100,0,0,0,0,0,0,197534800,444500,2060700,16.5833333333333
8086,4,38,3,1,1,3,-380615,-2565615,-6405615,-82915,-6322700,3840000,2185000,28846295,24909445,3936850,-4317465,-29226910,0,82915,-11195900,29470000,40665900,4873200,4873200,0,82109000,36000000,0,418597500,1197000,1616000,16.5833333333333
8088,4,38,3,8,1,1,-15065450,-16365450,-34090450,-33836000,-254450,17725000,1300000,23026420,21148420,1878000,-16943450,-38091870,1320000,35156000,-254450,0,254450,0,0,0,0,0,1000,222449670,861670,1270700,187.033333333333
8089,3,38,2,8,1,1,12787880,12787880,12787880,12445380,342500,0,0,30934280,23201780,7732500,5055380,-18146400,22000000,9554620,-2429500,0,2429500,2772000,2772000,0,3500000,2790000,1800,578549600,881200,1571300,187.033333333333
8090,5,38,2,8,1,1,22325485,20725485,10235485,13897525,-3662040,10490000,1600000,18993850,17538610,1455240,20870245,3331635,19800000,5902475,-3662040,0,3662040,0,0,0,3500000,2100000,1700,187214980,474580,1439800,187.033333333333
8091,5,38,2,8,1,1,4408535,3608535,-2821465,-2260885,-560580,6430000,800000,15294313,15091463,202850,4205685,-10885778,125000,2385885,-560580,0,560580,0,0,0,2000000,270000,4000,218485350,981256,1271600,177.571428571429
8094,5,38,3,8,1,1,16327560,15427560,3211960,3967060,-755100,12215600,900000,16463605,15921255,542350,15785210,-136045,5720000,1752940,-755100,0,755100,0,0,0,3000000,1320000,1000,154794900,235400,1538500,187.033333333333
8095,4,38,3,8,1,1,5961845,4761845,4561845,305445,4256400,200000,1200000,9923205,8589355,1333850,4627995,-3961360,1100000,794555,4256400,5674500,1418100,0,0,0,0,0,900,163083120,2169720,2063700,187.033333333333
8096,5,38,2,3,1,3,10740491,1520491,-5049809,-3244590,-1805219,6570300,9220000,28319639,27132899,1186740,9553751,-17579148,757600,4002190,-1805219,177750,1982969,0,0,0,8100000,1928000,6415,374331200,1500000,1456400,89.3666666666667
8098,4,38,2,4,1,3,10856850,10256850,3224850,40650,3184200,7032000,600000,23633323,21201533,2431790,8425060,-12776473,10437500,10396850,3184200,3735000,550800,0,0,0,1500000,0,6850,242931700,1370000,1691300,167.5625
8099,5,38,2,4,1,2,31105066,28505066,11303098,10208370,1094728,17201968,2600000,6967533,6772643,194890,30910176,24137533,11876850,1668480,661845,6277200,5615355,432883,432883,0,0,13460000,7690,239269900,1220000,1542600,167.5625
8100,5,38,3,4,1,1,24094024,21744024,17008797,1898165,15110632,4735227,2350000,15742520,12802040,2940480,21153544,8351504,3484415,1586250,11710632,12388622,677990,3400000,3400000,0,0,8500000,700,497651800,1280000,1562500,167.5625
8101,5,38,2,4,1,1,38682070,33891952,20962568,-3623990,24586558,12929384,4790118,26474330,24698510,1775820,36906250,12207740,4125000,7748990,2306410,4426000,2119590,22280148,22280148,0,20313010,21956939,640,261239000,1387000,2089700,167.5625
8102,4,38,2,7,1,1,12837084,12237084,6227434,6227434,0,6009650,600000,27663655,23493655,4170000,8667084,-14826571,15958000,9730566,0,0,0,0,0,0,0,4500000,5046,1796460900,720000,1401600,115.666666666667
8103,4,38,3,2,1,2,33400378,31150378,14195990,4366370,9829620,16954388,2250000,27266886,24420136,2846750,30553628,6133492,6315000,1948630,9829620,15708250,5878630,0,0,0,1000000,21390000,3413.7,352160000,1000000,1381800,160
8104,5,38,2,2,1,1,24810499,20186099,13611249,11952548,1658701,6574850,4624400,27047101,21055281,5991820,18818679,-2236602,12810178,857630,1332001,1951181,619180,326700,326700,0,0,6000000,5130,116055500,1500000,1710300,125
8105,5,38,3,2,1,2,46401791,41140151,6807446,2428482,4378964,34332705,5261640,51136998,32357188,18779810,27621981,-4735207,5967602,3539120,-541090,1320000,1861090,4920054,4920054,0,20238301,24324767,8997,146578601,1000000,1360700,120.733333333333
8106,5,38,2,2,1,2,29960790,28360790,19098410,1031570,18066840,9262380,1600000,15542608,14130818,1411790,28549000,14418182,2042500,1010930,18066840,22816400,4749560,0,0,0,850000,23030000,2500,360767100,1300000,1423700,120.733333333333
8107,5,38,3,3,1,3,39723590,35763590,25783590,24901890,881700,9980000,3960000,19145540,18389540,756000,38967590,20578050,25814000,912110,-157900,1875800,2033700,1039600,1039600,0,31300000,24330000,1440,523643800,1903800,2061000,89.3666666666667
8108,5,38,3,3,1,2,38396069,36438069,29153479,22075597,7077882,7284590,1958000,38904295,32815095,6089200,32306869,-508226,24278297,2202700,7077882,11131086,4053204,0,0,0,506000,9250000,4514,378959300,1500000,1653300,89.3666666666667
8109,4,38,3,3,1,1,15835260,15275260,15275260,-1477690,16752950,0,560000,30083770,26787090,3296680,12538580,-14248510,0,1477690,13505750,22711400,9205650,3247200,3247200,0,5000000,11158530,3400,174833800,1500000,1685800,89.3666666666667
8110,5,38,3,8,1,2,37217166,32917166,12822418,3400270,9422148,20094748,4300000,37241806,33506756,3735050,33482116,-24640,5750000,2349730,9422148,27608249,18186101,0,0,0,78023544,64676212,1879,556038644,1300000,1689800,234.214285714286
8111,5,38,3,3,1,2,44514190,40954190,21919466,29318371,-7398905,19034724,3560000,17424065,15679781,1744284,42769906,27090125,31160980,1842609,-11188012,21836645,33024657,3789107,3789107,0,26774059,77098180,6750,843737400,1500000,1549600,89.3666666666667
8112,5,38,3,3,1,1,3932593,3932593,-16044807,19798170,-35842977,19977400,0,45129501,41389291,3740210,192383,-41196908,22500000,2701830,-36248877,0,36248877,405900,405900,0,23000000,33677300,5400,588115700,500000,1310300,89.3666666666667
8113,5,38,3,3,1,1,18778026,17878026,15718426,19123130,-3404704,2159600,900000,24427460,23662160,765300,18012726,-5649434,20500000,1376870,-3404704,0,3404704,0,0,0,8000000,0,6300,321599600,1000000,1684700,89.3666666666667
8115,4,38,2,3,2,3,-3543190,-4043190,-7451190,-2114640,-5336550,3408000,500000,25367660,23897660,1470000,-5013190,-28910850,22543000,24657640,-5336550,2505250,7841800,0,0,0,0,8250000,20292,669028300,1500000,1503100,89.3666666666667
8116,5,38,2,3,1,1,9781147,9781147,1858747,845050,1013697,7922400,0,53436700,22128620,31308080,-21526933,-43655553,4350000,3504950,1013697,6375000,5361303,0,0,0,5000000,2396000,12939,668925700,1517200,1539900,89.3666666666667
8117,5,38,2,3,1,2,29210478,26210478,21293918,21132880,161038,4916560,3000000,11770290,10967770,802520,28407958,17440188,22032800,899920,161038,805438,644400,0,0,0,1000000,1193000,1434,98363380,1917280,1596300,89.3666666666667
8118,4,38,3,3,1,1,2783290,2283290,1383290,732040,651250,900000,500000,15953020,14847020,1106000,1677290,-13169730,1566000,833960,651250,1194250,543000,0,0,0,1500000,0,3000,237560900,500000,1340700,89.3666666666667
8120,5,38,2,3,2,2,15512119,12975359,2672639,-1112820,3785459,10302720,2536760,16062390,14158470,1903920,13608199,-550271,1400300,2513120,3785459,7007727,3222268,0,0,0,1788829,1400000,3200,198278729,1500000,1702600,89.3666666666667
8121,4,38,3,3,1,2,134720915,126208215,84659588,19847308,64812280,41548627,8512700,59815494,50367344,9448150,125272765,74905421,36050088,16202780,55322457,79725529,24403072,9489823,9489823,0,32000000,146254000,7748,1321362300,1500000,1386500,89.3666666666667
8122,2,38,3,8,1,1,55285586,52805442,46750107,1136262,45613845,6055335,2480144,48579370,39079410,9499960,45785626,6706216,7434092,6297830,30300968,42080155,11779187,15312877,16812877,1500000,24972514,73436277,3806,369717925,1000000,1482200,234.214285714286
8123,4,38,2,8,1,1,27328232,23158232,11025565,-1202522,12228087,12132667,4170000,48339907,39590867,8749040,18579192,-21011675,3878780,5081302,11671687,17029660,5357973,556400,556400,0,13418306,12630220,2046,585661689,1000000,1303200,234.214285714286
8124,4,38,3,8,1,3,44203963,44133963,36213963,1117350,35096613,7920000,70000,45397450,43719450,1678000,42525963,-1193487,2600000,1482650,7970613,9175913,1205300,27126000,27126000,0,0,1100000,1800,686080550,3044650,1354200,234.214285714286
8125,4,38,2,8,1,1,10008090,8408090,-1526800,692050,-2218850,9934890,1600000,17698720,16786230,912490,9095600,-7690630,1638000,945950,-2218850,3160550,5379400,0,0,0,28637660,5464900,2239,176464160,1000000,1679200,234.214285714286
8126,5,38,2,3,1,2,8219296,7519296,2496856,570900,1925956,5022440,700000,8932454,8452604,479850,7739446,-713158,1718400,1147500,1925956,2953000,1027044,0,0,0,0,1500000,2100,171525646,2619646,1446100,89.3666666666667
8128,4,38,2,4,2,3,23652330,22852330,14452330,6482800,7969530,8400000,800000,16342743,16210343,132400,23519930,7309587,12047400,5564600,7969530,9310100,1340570,0,0,0,3039803,22960350,2300,282647300,735000,1440900,167.5625
8129,5,38,2,4,1,1,22894435,21894435,15450435,11445290,4005145,6444000,1000000,17851660,17851660,0,22894435,5042775,16436100,4990810,4005145,4935000,929855,0,0,0,0,0,1300,176375100,1820000,1375100,167.5625
8130,5,38,2,2,1,2,5339325,4219325,4219325,2891722,1327603,0,1120000,12946158,12050908,895250,4444075,-7606833,7901000,5009278,1327603,4318170,2990567,0,0,0,0,4901229,3600,352490500,3000000,1287400,120.733333333333
8131,3,38,1,2,1,2,23163200,23163200,23163200,21832000,1331200,0,0,28132400,24782400,3350000,19813200,-4969200,28490000,6658000,-193400,0,193400,1524600,1524600,0,0,6000000,12000,181423700,950000,1657100,120.733333333333
8132,4,38,2,2,2,1,57584210,57584210,54884210,52810530,2073680,2700000,0,23533203,22288203,1245000,56339210,34051007,56150000,3339470,2073680,3750000,1676320,0,0,0,0,14000000,1000,53691600,3000000,1425200,21.1818181818182
8133,5,38,2,2,1,1,12754644,12754644,2378994,3085249,-706255,10375650,0,16641166,16001166,640000,12114644,-3886522,4526000,1440751,-706255,0,706255,0,0,0,24500000,17560000,1856,528031000,2000000,1458800,120.733333333333
8134,3,38,2,2,1,2,64805910,63205910,63205910,7287590,55918320,0,1600000,34494750,33449020,1045730,63760180,30311160,8619000,1331410,39020000,40898000,1878000,16898320,16898320,0,77000,5800000,5300,444737900,400000,1570900,120.733333333333
8135,3,38,2,2,1,2,3634650,3634650,3634650,1713290,1921360,0,0,38454574,32942774,5511800,-1877150,-34819924,4250000,2536710,505660,1560000,1054340,1415700,1415700,0,5000000,5652438,1000,393525400,1500000,1306300,120.733333333333
8136,5,38,2,2,1,2,58034136,51166791,29641010,17332560,12308450,21525781,6867345,38807284,33049404,5757880,52276256,19226852,21748800,4416240,12209450,18784900,6575450,99000,99000,0,8277099,48698000,2800,226231799,5000000,1458500,120.733333333333
8137,4,38,2,2,1,2,14972000,14372000,14372000,10007200,4364800,0,600000,43907073,42554073,1353000,13619000,-28935073,12150000,2142800,1533400,2561000,1027600,2831400,2831400,0,0,14100000,6000,356737100,6000000,1685000,21.1818181818182
8138,2,38,3,2,3,1,-4077200,-4077200,-4077200,5896500,-9973700,0,0,64466300,49692200,14774100,-18851300,-68543500,6887500,991000,-9973700,9515000,19488700,0,0,0,1500000,4800000,1200,484493800,2700000,1314800,120.733333333333
8139,5,38,2,2,2,2,19061900,19061900,11957900,10306700,1651200,7104000,0,17150930,16058930,1092000,17969900,1910970,11290000,983300,1651200,2340000,688800,0,0,0,3200000,0,2081,174150300,1200000,1195700,120.733333333333
8140,4,38,2,2,1,2,29614950,29544950,21585950,12139230,9446720,7959000,70000,20499720,16787920,3711800,25903150,9115230,13676290,1537060,9446720,20565520,11118800,0,0,0,4000000,110000,3320,203325000,1600000,1681800,160
8141,3,38,2,2,4,1,33449093,32449093,29499093,22305080,7194013,2950000,1000000,57019681,51986241,5033440,28415653,-23570588,34960600,12655520,7194013,9806150,2612137,0,0,0,0,5890000,2400,435017300,4000000,1324200,35.1666666666667
8142,4,38,2,1,1,2,17872700,17792700,11462700,276650,11186050,6330000,80000,17013840,15332900,1680940,16191760,858860,1503000,1226350,4424400,6101900,1677500,6761650,6761650,0,1000000,6500000,3200,208768000,2500000,1469400,42.4615384615385
8143,5,38,2,1,1,2,22178621,21131952,8808635,-596050,9404685,12323317,1046669,29795021,23752741,6042280,16136341,-7616400,3967500,4563550,8664685,9406500,741815,740000,740000,0,3100000,200000,10500,200912100,2800000,2841600,32.3571428571429
8144,2,38,2,1,4,2,30656700,30656700,30656700,21748700,8908000,0,0,32426170,31225570,1200600,29456100,-1769470,25370000,3621300,-407900,0,407900,9315900,9315900,0,0,4000000,3000,199173300,2500000,1283300,32.3571428571429
8145,3,38,2,1,3,2,50464010,43564010,41615960,30640140,10975820,1948050,6900000,79808987,63831107,15977880,34486130,-29344977,36142500,5502360,5709020,8425000,2715980,5266800,5266800,0,0,10650000,12154.5,180069300,6400000,1546300,42.4615384615385
8146,5,38,2,1,1,4,16487772,14437772,10197772,5854800,4342972,4240000,2050000,37164352,36218472,945880,15541892,-20676580,13340400,7485600,4342972,10046400,5703428,0,0,0,4200000,3370000,5200,909652400,3500000,1545100,42.4615384615385
8148,4,38,2,7,1,1,35454000,34354000,10054000,10054000,0,24300000,1100000,29103790,28693790,410000,35044000,6350210,18450000,8396000,0,0,0,0,0,0,9000000,4200000,500,304619300,210000,1170100,134.2
8150,4,38,2,7,1,1,-10869000,-11469000,-11469000,-11469000,0,0,600000,25325900,25165900,160000,-11029000,-36194900,2990000,14459000,0,0,0,0,0,0,3500000,0,300,475390300,947000,1477900,134.2
8151,4,38,1,7,2,1,83815000,83015000,71010000,61960000,9050000,12005000,800000,33612200,32532200,1080000,82735000,50202800,76700000,14740000,0,0,0,9050000,9050000,0,6350000,0,7400,1971998100,150000,1597100,115.666666666667
8152,3,38,3,7,1,1,22782000,21782000,18632000,-2752000,21384000,3150000,1000000,25998900,23188900,2810000,19972000,-3216900,0,2752000,0,0,0,21384000,21384000,0,2500000,11600000,500,218393700,190000,1198000,134.2
8153,3,38,2,7,3,1,10114000,9514000,9514000,7414000,2100000,0,600000,37075900,34545900,2530000,7584000,-26961900,10800000,3386000,2100000,2100000,0,0,0,0,0,4000000,2000,697105600,360000,1601000,134.2
8154,4,38,2,8,1,1,41424192,36698559,36695559,11234838,25460721,3000,4725633,40822331,24463119,16359212,25064980,601861,29457773,18222935,2948121,4376780,1428659,22512600,22512600,0,261570,14507000,3200,114916400,200000,1600500,234.214285714286
8156,5,38,1,4,2,1,-566198,-566198,-3366198,-5631682,2265484,2800000,0,9411406,8874356,537050,-1103248,-9977604,14397968,20029650,2265484,3105244,839760,0,0,0,1207000,9372267,13000,157662900,3840000,1619800,167.5625
8157,3,38,2,8,3,3,2008621,969621,920724,-532736,1453460,48897,1039000,33835956,30240556,3595400,-1586779,-31827335,8560834,9093570,1453460,1618950,165490,0,0,0,292250,444815,7000,297345900,200000,1799400,234.214285714286
8159,2,38,1,6,1,1,77977280,77077280,77077280,77077280,0,0,900000,40344160,35152380,5191780,72785500,37633120,572078000,495000720,0,0,0,0,0,0,1800000,93000000,3014,1242609200,999000,1348100,29.6
8160,5,38,3,3,1,1,20115033,19315033,10561020,7330380,3230640,8754013,800000,13580470,13481120,99350,20015683,6534563,8380000,1049620,3131640,4123000,991360,99000,99000,0,0,7270000,1850,165703600,1000000,1415400,89.3666666666667
8162,5,38,3,8,1,1,25129640,23915920,1844560,-167000,2011560,22071360,1213720,41051620,39096080,1955540,23174100,-15921980,840000,1007000,2011560,4150000,2138440,0,0,0,10000000,1307000,400,223911130,531430,1409000,234.214285714286
8165,3,38,3,8,3,2,52720679,46655099,38172747,9631246,28541501,8482352,6065580,25623704,22198344,3425360,49295319,27096975,28211896,18580650,17810100,46561029,28750929,10731401,10739901,8500,0,34800200,46143.5,526093800,500000,1216800,187.033333333333
8166,5,38,2,8,1,1,7428280,6028280,-1171720,479000,-1650720,7200000,1400000,34678050,29867670,4810380,2617900,-27249770,1000000,521000,-1650720,0,1650720,0,0,0,23600000,400000,867,412467700,1500000,1644100,234.214285714286
8167,3,38,2,8,2,2,24732940,23732940,23732940,18316580,5416360,0,1000000,18277810,15495980,2781830,21951110,6455130,39613500,21296920,5416360,7939750,2523390,0,0,0,0,4000000,6260,127722700,500000,1481300,234.214285714286
8168,3,38,3,4,1,2,4372496,3572496,1259613,2060070,-800457,2312883,800000,42405997,26768577,15637420,-11264924,-38033501,7784400,5724330,-800457,4730873,5531330,0,0,0,2500000,360000,16300,441016070,200000,1530700,167.5625
8169,5,38,2,4,1,1,27718080,26803080,19786080,16460980,3325100,7017000,915000,10950610,9861110,1089500,26628580,16767470,31944200,15483220,3325100,4759500,1434400,0,0,0,2000000,7950000,3532,508992200,200000,1180900,167.5625
8171,4,38,2,4,1,2,30503381,24264881,10996181,8404709,2591472,13268700,6238500,23802465,22595755,1206710,29296671,6700916,13634490,5229781,2591472,5214069,2622597,0,0,0,0,10680000,9460,332060900,200000,1351600,167.5625
8172,4,38,2,8,1,1,9709900,8809900,-561730,-1674390,1112660,9371630,900000,28143049,24914091,3228958,6480942,-18433149,3358960,5033350,1112660,1491300,378640,0,0,0,2500000,1465000,840,277157500,300000,1528400,234.214285714286
8173,3,38,2,5,1,1,9638400,9638400,7138400,7138400,0,2500000,0,33831400,31695400,2136000,7502400,-24193000,12000000,4861600,0,0,0,0,0,0,0,15900000,2000,268935800,180000,1507300,66.875
8174,4,38,3,5,1,1,20956000,19356000,19356000,-294000,19650000,0,1600000,28636900,28476900,160000,20796000,-7680900,7500000,7794000,19650000,21360000,1710000,0,0,0,1000000,1200000,300,167662100,300000,1290700,66.875
8175,2,38,2,5,1,1,4361300,2861300,2861300,2879300,-18000,0,1500000,35856800,35636800,220000,4141300,-31495500,4800000,1920700,-18000,0,18000,0,0,0,5000000,4700000,500,239019000,150000,1454500,66.875
8176,5,38,2,7,1,1,7837370,6937370,3757370,3757370,0,3180000,900000,15270570,15160570,110000,7727370,-7433200,4800000,1042630,0,0,0,0,0,0,0,0,1477,67931900,1000000,1125800,38.68
8178,4,38,3,7,1,1,20554000,19954000,19954000,2759000,17195000,0,600000,25155800,19783800,5372000,15182000,-4601800,4500000,1741000,17195000,19045000,1850000,0,0,0,1000000,0,750,136030900,55000,1767500,38.68
8179,5,38,1,7,1,1,12162720,11262720,8012720,8012720,0,3250000,900000,11312400,11252400,60000,12102720,850320,9000000,987280,0,0,0,0,0,0,0,9800000,1500,206680400,1000000,1658500,38.68
8180,4,38,3,7,1,1,17486970,16586970,12636970,4562170,8074800,3950000,900000,18483940,17203940,1280000,16206970,-996970,6000000,1437830,8074800,9750000,1675200,0,0,0,1000000,1200000,1050,1085126900,250000,1456400,38.68
8181,3,38,2,7,2,1,12175700,12175700,8675700,2075700,6600000,3500000,0,17471200,17321200,150000,12025700,-5295500,3150000,1074300,3135000,3150000,15000,3465000,3465000,0,2500000,2000000,300,74746500,500000,1450200,38.68
8182,4,38,3,3,1,2,9464605,8264605,-315395,912805,-1228200,8580000,1200000,11876870,10552930,1323940,8140665,-2412265,1310000,397195,-1228200,0,1228200,0,0,0,2500000,4700000,6000,122830850,825450,1606600,89.3666666666667
8183,3,38,3,8,3,1,40072425,38572425,38572425,16253125,22319300,0,1500000,27136211,25219061,1917150,38155275,12936214,20900000,4646875,16280300,18720000,2439700,6039000,6039000,0,0,7220000,4000,696195590,285790,1681800,177.571428571429
8184,4,38,1,8,1,3,19341000,18141000,18141000,19800500,-1659500,0,1200000,41306370,36323600,4982770,14358230,-21965370,129250000,109449500,-1659500,0,1659500,0,0,0,0,30500000,36000,176488200,237300,1456900,177.571428571429
8185,3,38,2,6,2,1,37267935,36167935,36167935,-9588065,45756000,0,1100000,24381375,21378625,3002750,34265185,12886560,42850000,52438065,44370000,56690000,12320000,1386000,1386000,0,0,32000000,2155,88673050,422850,1374900,18.2333333333333
8186,3,38,2,6,3,1,-28765980,-29965980,-29965980,-29480480,-485500,0,1200000,22547120,20026110,2521010,-31286990,-51313100,32400000,61880480,-485500,567000,1052500,0,0,0,0,17000000,2360,548489610,269510,1716100,43.8181818181818
8187,3,38,2,6,1,1,-22493985,-23463985,-23463985,-18463615,-5000370,0,970000,20697870,17839000,2858870,-25352855,-43191855,15522410,33986025,-5000370,0,5000370,0,0,0,0,10250000,3150,184887116,955016,1699600,18.2333333333333
8188,3,38,1,3,2,2,28353811,27753811,27753811,24673031,3080780,0,600000,10064086,8360086,1704000,26649811,18289725,26517600,1844569,3080780,4095000,1014220,0,0,0,0,0,7000,214667300,1180000,2385000,89.3666666666667
8189,5,38,1,3,1,3,30520550,29920550,27119750,23563850,3555900,2800800,600000,11580410,11484760,95650,30424900,18940140,27745850,4182000,3555900,4187500,631600,0,0,0,0,3500000,27500,437824600,2274000,1571700,89.3666666666667
8190,4,38,3,3,3,3,31365240,30365240,30365240,23026940,7338300,0,1000000,15236920,11835420,3401500,27963740,16128320,25032400,2005460,3536700,3832500,295800,3801600,3801600,0,0,2660000,24100,270933150,2242450,1623400,89.3666666666667
8191,4,38,3,3,1,1,15001890,14601890,5001890,830200,4171690,9600000,400000,10094110,9882510,211600,14790290,4907780,2846800,2016600,1637290,2200000,562710,2534400,2534400,0,1000000,180000,500,201672700,980000,1792000,89.3666666666667
8192,4,38,3,4,1,2,52672374,50160676,39967531,-1744368,41711899,10193145,2511698,48536828,42483048,6053780,46618594,4135546,16894612,18638980,38573299,59898009,21324710,3138600,3138600,0,8500000,2800000,2800,1048391375,933075,1596500,167.5625
8193,5,38,2,4,1,3,55319887,52217910,41607595,28322695,13284900,10610315,3101977,37238864,32164864,5074000,50245887,18081023,60494705,32172010,9685900,13392500,3706600,3599000,3599000,0,0,89270000,8263.1,855853284,1133584,1503400,167.5625
8194,5,38,2,4,1,1,37206630,37206630,19379130,19828000,-448870,17827500,0,12774004,8740004,4034000,33172630,24432626,24600000,4772000,-448870,0,448870,0,0,0,2000000,4300000,1869.5,366967610,552510,1455300,167.5625
8195,4,38,2,6,3,1,32768681,31268681,21112781,-12704049,33816830,10155900,1500000,23201570,21423530,1778040,30990641,9567111,30466821,43170870,33816830,38536900,4720070,0,0,0,0,30280591,3800,487387700,159400,1270200,32.4545454545455
8201,2,38,2,2,3,1,38733100,38733100,38733100,31542000,7191100,0,0,36685722,34976242,1709480,37023620,2047378,45640000,14098000,4141900,9770000,5628100,3049200,3049200,0,4000000,8792860,2140,344712500,3000000,1519800,125
8203,5,38,2,1,1,4,11152470,10752470,5462470,2824320,2638150,5290000,400000,15356160,14696160,660000,10492470,-4203690,4500000,1675680,1994650,2503000,508350,643500,643500,0,2000000,88000000,4000,625959900,1200000,1293600,42.4615384615385
8204,5,38,2,7,1,1,19718950,19418950,13748950,13748950,0,5670000,300000,9651950,9471950,180000,19538950,10067000,14800000,1051050,0,0,0,0,0,0,2000000,450000,1000,92448400,450000,1234300,38.68
8205,5,38,3,3,1,1,26903334,15820082,-2146783,154755,-2301538,17966865,11083252,30290091,25962684,4327407,22575927,-3386757,1120000,965245,-3152810,19076449,22229259,851272,851272,0,60866177,52990000,3000,324047321,709121,1518600,89.3666666666667
8206,4,38,3,2,1,2,11227800,11227800,11227800,-2662790,13890590,0,0,13384064,12784954,599110,10628690,-2156264,6000000,8662790,12900590,22300000,9399410,990000,990000,0,0,14070000,29000,142011360,793060,1682500,21.1818181818182
8207,3,38,2,5,3,3,35858171,35858171,33693671,1575440,32118231,2164500,0,51951600,49450430,2501170,33357001,-16093429,22275000,20699560,32118231,40189000,8070769,0,0,0,0,9450000,1840,1175893250,706250,1188900,66.875
8211,4,38,2,3,1,3,24417407,8817407,914597,593207,321390,7902810,15600000,40328541,39418571,909970,23507437,-15911134,7811000,7217793,166950,980000,813050,154440,154440,0,7300000,2030000,21120,169807100,565500,1387800,89.3666666666667
8212,3,38,1,1,1,2,18423590,17433590,16567790,11422840,5144950,865800,990000,23236790,18429940,4806850,13616740,-4813200,17440500,6017660,3392650,4635000,1242350,1752300,1752300,0,6100000,1175000,38800,437401800,1500000,1453600,32.3571428571429
8214,5,38,2,8,1,1,49733943,47133943,22335600,19998600,2337000,24798343,2600000,23254800,20644800,2610000,47123943,26479143,26327500,6328900,2337000,3953000,1616000,0,0,0,3000000,10565000,2558,269990100,1183500,1619300,187.033333333333
8215,4,38,3,1,1,3,22194100,20394100,13957100,-57000,14014100,6437000,1800000,8333870,7262670,1071200,21122900,13860230,0,57000,11242100,16255200,5013100,2772000,2772000,0,187000,2000000,9000,284639300,2180000,1259600,16.5833333333333
8216,4,38,3,7,1,1,24279954,23679954,19537100,-1636600,21173700,4142854,600000,24793030,22327940,2465090,21814864,-513076,500000,2136600,20055000,20055000,0,1118700,1118700,0,2500000,1500000,4145,641337100,1300000,1449200,134.2
8217,4,38,2,7,2,1,-28080000,-31080000,-33750000,-33633000,-117000,2670000,3000000,13020300,12360300,660000,-28740000,-41100300,15150000,48783000,-117000,0,117000,0,0,0,378500000,40000,1247,573488900,95000,1643500,134.2
8218,4,38,2,2,1,1,18654630,17554630,12394290,5452420,6941870,5160340,1100000,19113824,16763824,2350000,16304630,-459194,7548000,2095580,989000,1350000,361000,5952870,5952870,0,2000000,1400000,1997.7,168858200,1400000,1379900,35.1666666666667
8219,4,38,2,7,1,1,23172900,22572900,22572900,22708900,-136000,0,600000,17275400,17215400,60000,23112900,5897500,58150000,35441100,-136000,0,136000,0,0,0,0,750000,2200,1626859900,150000,2834600,134.2
8221,5,38,3,8,2,2,16658767,13492247,6149904,3052440,3097464,7342343,3166520,21685240,18787210,2898030,13760737,-5026473,3960000,907560,2750464,4168534,1418070,347000,347000,0,0,5700000,4400,368413100,2000000,1699700,234.214285714286
8222,5,38,2,8,1,2,25975073,22288899,14688432,12127200,2561232,7600467,3686174,25880118,18514158,7365960,18609113,94955,26084250,13957050,1971690,15340801,13369111,589542,589542,0,0,6802100,7510,211931900,300000,1787800,234.214285714286
8223,4,38,3,8,2,2,28829134,26349134,22991134,-1154100,24145234,3358000,2480000,34563780,33266250,1297530,27531604,-5734646,225000,1379100,24145234,46820000,22674766,0,0,0,0,3124000,4560,80676000,1000000,1224000,234.214285714286
8224,4,38,2,8,1,2,12359282,10459282,155681,-521054,676735,10303601,1900000,18993736,17549136,1444600,10914682,-6634454,8095396,8616450,676735,1350940,674205,0,0,0,8016144,1600000,5504,274481344,300000,1186400,234.214285714286
8225,5,38,2,3,1,1,-14157670,-15157670,-21150160,-1512960,-19637200,5992490,1000000,33067137,26741487,6325650,-20483320,-47224807,1518200,3031160,-19637200,1365000,21002200,0,0,0,30530000,7510000,7000,1697555405,966305,1472500,89.3666666666667
8226,2,38,2,6,1,1,-20074477,-23256607,-30960063,-27878415,-3081648,7703456,3182130,24491843,19798503,4693340,-24767817,-44566320,58242110,86120525,-6067798,15500752,21568550,2986150,2986150,0,24730000,87952236,0,161831300,0,1349100,18.2333333333333
8227,3,38,1,6,1,1,-82471160,-87471160,-106302310,-105299910,-1002400,18831150,5000000,39436230,37223390,2212840,-84684000,-121907390,110770000,216069910,-1002400,0,1002400,0,0,0,0,165709500,2000,308997400,0,1524500,18.2333333333333
