"임가번호","연령별","지역별","전/겸업별","업종별","가구원수별","임지규모별","임가소득","경상소득","임가순소득","임업소득","임업외소득","이전소득","비경상소득","가계지출","소비지출","비소비지출","임가처분가능소득","임가경제잉여","임업총수입","임업경영비","겸업소득","겸업수입","겸업지출","사업외소득","사업외수입","사업외지출","재산적 수입","재산적 지출","기초_자본(순재산)","기말_자본(순재산)","연초보유","연말보유","가중치"
1001,5,32,3,8,1,2,21504508,21114508,12922508,7028705,5893803,8192000,390000,10858190,10067380,790810,20713698,10646318,8410000,1381295,-46197,523200,569397,5940000,5940000,0,0,0,308032760,297753800,1605360,1000000,193.4375
1002,5,32,3,8,1,1,39016847,33816847,27904847,-1581491,29486338,5912000,5200000,19642954,13902374,5740580,33276267,19373893,437250,2018741,29486338,50033600,20547262,0,0,0,0,1800000,333160200,320668400,1500000,2400000,188.615384615385
1003,3,32,1,6,1,1,-57833648,-62053448,-62853268,-61805975,-1047293,799820,4219800,54405092,46035012,8370080,-66203728,-112238740,26063325,87869300,-2547293,810000,3357293,1500000,1500000,0,7287829,5889000,952746721,881313800,1424392,6000000,39
1004,4,32,3,8,1,1,46303468,45653468,45653468,-1354542,47008010,0,650000,32308134,27727054,4581080,41722388,13995334,600000,1954542,40308010,59780000,19471990,6700000,6700000,0,0,12878000,384458105,383318060,1397845,400000,188.615384615385
1005,4,32,3,8,1,1,36812891,14732891,4012891,-1851398,5864289,10720000,22080000,29867535,26296275,3571260,33241631,6945356,1110000,2961398,2864289,11239000,8374711,3000000,3000000,0,0,150000,496259884,485214484,1516652,4516652,188.615384615385
1006,5,32,3,8,1,2,12073611,10383611,4491611,-51952,4543563,5892000,1690000,19587880,11795280,7792600,4281011,-7514269,760000,811952,-708437,460000,1168437,5252000,5252000,0,0,850000,353215140,348448374,1592740,189274,193.4375
1007,4,32,3,8,1,1,188465322.3,177144219,164054089,-11395419,175449508,13090130,11321103.3,51848327,44281897,7566430,180898892.3,136616995.3,1421200,12816619,172473853,242430839,69956986,2975655,2975655,0,24339837,35181250,1502911424,1465145424,1694024,1694024,193.4375
1008,4,32,3,2,1,2,-8621080,-8621080,-8621080,-3157160,-5463920,0,0,27566540,24270900,3295640,-11916720,-36187620,0,3157160,-5463920,0,5463920,0,0,0,0,3360000,262897150,247072200,1254250,1350000,22.32
1009,5,32,3,1,1,2,26434470,26434470,12390380,-189000,12579380,14044090,0,15541044,15100044,441000,25993470,10893426,0,189000,-620620,0,620620,13200000,13200000,0,0,20000,248316372,201898800,1783972,0,58.5294117647059
1010,5,32,3,1,1,3,29068010,21459110,11295870,388100,10907770,10163240,7608900,41066164,34174774,6891390,22176620,-11998154,397100,9000,1167240,1624230,456990,9740530,9740530,0,5500000,2230000,244773370,233579500,1501670,1350000,58.5294117647059
1011,3,32,3,1,1,2,26804705,26804705,26276705,5501700,20775005,528000,0,29532341,26952971,2579370,24225335,-2727636,5777000,275300,5775005,8645670,2870665,15000000,15000000,0,17954646,22315425,268401490,267405400,1330090,780000,58.5294117647059
1012,4,32,3,1,2,2,19608140,19608140,19608140,150670,19457470,0,0,34462320,29977380,4484940,15123200,-14854180,484000,333330,-921130,0,921130,20378600,20378600,0,0,4612860,379312905,388541700,1978005,1500000,58.5294117647059
1013,4,32,3,1,1,2,44303900,43523900,36413900,-750000,37163900,7110000,780000,54176528,46256408,7920120,36383780,-9872628,0,750000,-9015310,4656340,13671650,46179210,46200000,20790,0,3890000,671875370,654785900,1551970,3100000,58.5294117647059
1014,3,32,3,1,1,2,3866200,3866200,1636100,1032400,603700,2230100,0,28986166,28246766,739400,3126800,-25119966,1100000,67600,603700,5873000,5269300,0,0,0,33660000,7120000,539375750,524402500,1366650,1500000,58.5294117647059
1015,5,32,3,1,1,2,36152813,7722813,7722813,4405870,3316943,0,28430000,23716879,20236879,3480000,32672813,12435934,5454300,1048430,2706006,3556396,850390,610937,610937,0,0,30000,503964950,490489500,2962150,2530000,58.5294117647059
1016,5,32,3,8,1,1,9699171,8789171,32291,1406650,-1374359,8756880,910000,19397288,19073538,323750,9375421,-9698117,2156000,749350,-1374359,28000,1402359,0,0,0,12239820,0,395004538,377240100,1356218,1200000,188.615384615385
1018,4,32,3,1,1,2,30191990,25563990,8757990,2180600,6577390,16806000,4628000,31060510,27418670,3641840,26550150,-868520,3131500,950900,6577390,8041000,1463610,0,0,0,4467000,33850000,524937710,548579900,1253110,1500000,58.5294117647059
1019,4,32,3,1,3,2,3914000,3914000,3914000,4110000,-196000,0,0,18090306,15090306,3000000,914000,-14176306,4110000,0,-196000,0,196000,0,0,0,0,0,282307050,274606700,1507050,1200000,58.5294117647059
1020,4,32,3,2,3,2,7414272,7414272,4739272,145550,4593722,2675000,0,97581556,92566056,5015500,2398772,-90167284,290000,144450,4593722,32943200,28349478,0,0,0,182680000,20910000,1045228749,1282871200,1773049,1530000,22.32
1021,4,32,3,8,2,1,43810100,43810100,40560100,1588100,38972000,3250000,0,33020700,27670000,5350700,38459400,10789400,2690000,1101900,-328000,0,328000,39300000,39300000,0,2897000,21169000,385352300,143422500,1320000,1750000,193.4375
1022,5,32,3,8,1,1,10212080,7482080,3830580,2510040,1320540,3651500,2730000,16934029,15447345,1486684,8725396,-6721949,3014000,503960,-37460,870000,907460,1358000,1358000,0,1550000,0,393237620,386104300,1835820,1100000,193.4375
1023,4,32,2,8,1,4,156707576,124977346,108469316,105037596,3431720,16508030,31730230,82874400,67548980,15325420,141382156,73833176,110492106,5454510,1246720,2086590,839870,2185000,2185000,0,145181690,124512052,703321350,776149000,1291650,1350000,193.4375
1024,4,32,3,5,1,1,10762513,10762513,10762513,6035400,4727113,0,0,22683293,20592303,2090990,8671523,-11920780,6872400,837000,4577113,4685455,108342,150000,150000,0,0,0,861845010,760666600,1539010,1375000,98.7333333333333
1027,4,32,3,8,1,1,6286442,6286442,4786442,0,4786442,1500000,0,9856320,8916320,940000,5346442,-3569878,0,0,3796442,5421932,1625490,990000,990000,0,0,0,81068100,73103300,1514900,1350000,188.615384615385
1028,5,32,3,8,1,1,16113011,15593011,3360836,-44450,3405286,12232175,520000,18524999,18255259,269740,15843271,-2411988,0,44450,545286,1386000,840714,2860000,2860000,0,0,0,252626956,245057800,1609956,1523000,188.615384615385
1029,5,32,3,4,1,1,21264940,20744940,6813940,3226600,3587340,13931000,520000,29000394,25847094,3153300,18111640,-7735454,3717300,490700,3587340,7628440,4041100,0,0,0,0,4985500,758505410,739337200,1571010,1250000,148.941176470588
1030,5,32,3,4,2,1,21409526,16859526,7128458,4717818,2410640,9731068,4550000,8390960,7255710,1135250,20274276,13018566,4826700,108882,2330640,5063868,2733228,80000,80000,0,2000000,1200000,335293360,331133600,1435460,2100000,148.941176470588
1031,5,32,3,4,1,1,29537357,19137357,11746857,2748250,8998607,7390500,10400000,22513522,20654322,1859200,27678157,7023835,3405000,656750,8998607,10841067,1842460,0,0,0,0,2220000,520007230,483381600,1519030,1250000,148.941176470588
1032,5,32,3,4,1,1,9139745.5,8955490,1102100,706800,395300,7853390,184255.5,3247460,3237460,10000,9129745.5,5892285.5,1000000,293200,-414700,0,414700,810000,810000,0,0,0,274961113,270849700,1436913,1531000,148.941176470588
1033,4,32,3,6,3,1,2567030,2567030,2567030,-1850000,4417030,0,0,37494933,34149476,3345457,-778427,-34927903,0,1850000,2137030,5418000,3280970,2280000,2280000,0,14730000,230000,257929596,236393300,2771796,2500000,39
1034,4,32,2,6,3,1,690140,690140,-9049860,-12656500,3606640,9740000,0,21645070,15235070,6410000,-5719860,-20954930,33915000,46571500,-513360,0,513360,4120000,4120000,0,0,0,57635080,41034300,1657480,1200000,39
1035,5,32,3,3,2,1,22245422,20483922,8869622,456720,8412902,11614300,1761500,24355600,21643900,2711700,19533722,-2110178,1271960,815240,5415902,6450402,1034500,2997000,2997000,0,0,1510000,262327000,260140500,1311800,1530000,116.777777777778
1036,5,32,3,2,1,1,13360340,12324240,4336240,4725670,-389430,7988000,1036100,13073710,13063710,10000,13350340,286630,5170000,444330,-389430,0,389430,0,0,0,0,0,356448360,336217800,1199760,1350000,22.32
1037,3,32,3,3,1,1,17706415,17706415,17706415,14738895,2967520,0,0,13223070,11222710,2000360,15706055,4483345,19120945,4382050,2967520,4452110,1484590,0,0,0,0,15481100,149447520,139820700,2469020,2350000,116.777777777778
1038,4,32,2,6,2,1,71882280,71347980,63496090,42668290,20827800,7851890,534300,27864230,27024230,840000,71042280,44018050,43591090,922800,10567800,10937900,370100,10260000,10260000,0,700000,0,179198816,153334300,1494216,1350000,46
1039,4,32,2,6,2,2,-23117830,-23117830,-23117830,-18627250,-4490580,0,0,25712715,22823935,2888780,-26006610,-48830545,8810000,27437250,-4490580,250000,4740580,0,0,0,0,1125500,879615858,875582100,1813058,1515000,46
1040,3,32,3,6,1,1,44341403,41741403,40041403,23283865,16757538,1700000,2600000,29858032,22455487,7402545,36938858,14483371,24436065,1152200,16748201,18347794,1599593,9337,9337,0,13284730,1087911,757194833,749722100,1310733,1250000,64.1666666666667
1042,5,32,3,2,1,1,13817530,10697530,77530,2823420,-2745890,10620000,3120000,25985216,22331316,3653900,10163630,-12167686,3472000,648580,-2745890,0,2745890,0,0,0,0,2210000,31176130,28504900,1611630,1260000,22.32
1043,5,32,3,2,1,1,59955648,44595648,31674648,8839471,22835177,12921000,15360000,45851867,31935927,13915940,46039708,14103781,10735000,1895529,10604177,15116620,4512443,12231000,12231000,0,1750000,3960000,399229000,388660600,1439000,758000,22.32
1044,4,32,3,2,1,2,6889690,6889690,3275190,3923340,-648150,3614500,0,12511270,11951270,560000,6329690,-5621580,4000000,76660,-648150,0,648150,0,0,0,0,0,302123578,298234300,1777978,1250000,22.32
1045,4,32,3,2,1,2,15372920,14852920,8649760,4280000,4369760,6203160,520000,26035328,21756428,4278900,11094020,-10662408,4500000,220000,-640240,0,640240,5010000,5010000,0,5000000,200000,203099363,185015000,1439463,1600000,22.32
1046,4,32,3,8,1,1,44657864,42485304,36605304,5497420,31107884,5880000,2172560,20820255,20326785,493470,44164394,23837609,7287000,1789580,1940884,3564434,1623550,29167000,29318000,151000,10020138,18270000,141142610,138206960,1568012,1750000,188.615384615385
1047,4,32,2,8,2,1,33436276,33436276,30066806,25432171,4634635,3369470,0,26906112,26106112,800000,32636276,6530164,34363071,8930900,1544635,2956585,1411950,3090000,3200000,110000,0,0,935250426,904391148,1796378,1595000,188.615384615385
1048,5,32,3,2,1,1,18838290,13872290,6838970,1817900,5021070,7033320,4966000,18747900,15670370,3077530,15760760,90390,2299500,481600,3112070,4914670,1802600,1909000,1909000,0,0,960000,396039544,318275200,1624844,2300000,22.32
1049,4,32,3,5,1,2,44137563,37481563,25334783,9839654,15495129,12146780,6656000,30311405,27444055,2867350,41270213,13826158,10698144,858490,12841180,15620300,2779120,2653949,2653949,0,3150000,7124920,696782684,678398237,1770447,1570000,128.6
1051,5,32,3,2,1,1,25599125,25599125,17273125,7563000,9710125,8326000,0,28342930,27961930,381000,25218125,-2743805,7838000,275000,9710125,10895125,1185000,0,0,0,0,900000,364777650,352597600,1627850,2700000,187
1052,4,32,3,2,1,1,57287865,37085865,30252865,23762060,6490805,6833000,20202000,24894430,22424430,2470000,54817865,32393435,26564000,2801940,5690805,13065405,7374600,800000,800000,0,23800000,27195000,548160420,564276560,1949660,2300000,187
1053,5,32,3,2,2,1,36001260,36001260,36001260,4920850,31080410,0,0,27557920,23799000,3758920,32242340,8443340,5860000,939150,31080410,46472410,15392000,0,0,0,0,545000,417433200,404342400,1717700,2300000,22.32
1054,4,32,3,2,2,1,52135583.8,49480870,27369258,841000,26528258,22111612,2654713.8,48565473,33545687,15019786,37115797.8,3570110.8,1591000,750000,26228258,38668964,12440706,300000,300000,0,0,1000000,733176165,706313014,2025851,2700000,22.32
1055,3,32,2,1,3,5,153653172,140523172,24906682,2320522,22586160,115616490,13130000,48741763,41694983,7046780,146606392,104911409,238000000,235679478,22586160,22586160,0,0,0,0,65298550,186949374,2380320382,2475817303,1592079,2570000,58.5294117647059
1056,3,32,3,8,2,1,72951026,64132138,62552908,19663300,42889608,1579230,8818888,32880292,23413785,9466507,63484519,40070734,24976500,5313200,9976352,20344630,10368278,32913256,32913256,0,27690681,28589812,134886121,136446180,1568941,2867500,188.615384615385
1057,4,32,3,8,3,1,92721976.2,67204171,37082421,39632064,-2549643,30121750,25517805.2,65122245,49781174,15341071,77380905.2,27599731.2,55372726,15740662,-4655941,10284251,14940192,2106298,2106298,0,0,6839500,394337205,377271300,1741805,1350000,188.615384615385
1058,5,32,3,5,2,1,62221180,62221180,54221180,0,54221180,8000000,0,122889088,98002280,24886808,37334372,-60667908,0,0,34090400,36741200,2650800,20130780,24000000,3869220,0,6050000,1748798250,1587126600,1553450,1920000,174.5
1059,4,32,3,2,1,1,50150570,50150570,42938370,8323000,34615370,7212200,0,32380510,30226510,2154000,47996570,17770060,8957000,634000,-794630,542410,1337040,35410000,35410000,0,0,300000,306945204,414332704,1562600,1750000,22.32
1061,4,32,3,2,1,1,16504541,16504541,10104541,1148500,8956041,6400000,0,38478650,36029460,2449190,14055351,-21974109,1500000,351500,3457041,8979483,5522442,5499000,5700000,201000,0,651100,353146992,332625000,1522992,1780000,22.32
1062,4,32,3,2,1,1,31650120,30063730,21386090,1072000,20314090,8677640,1586390,33516243,31764956,1751287,29898833,-1866123,1165000,93000,556290,2473190,1916900,19757800,19757800,0,0,5500000,181627290,181164900,1491390,1575000,22.32
1063,5,32,3,2,2,1,10826064,10826064,1218584,1065680,152904,9607480,0,24840625,23011915,1828710,8997354,-14014561,1599000,533320,152904,10999000,10846096,0,0,0,6450000,0,914652984,873482020,1979764,2370000,22.32
1064,3,32,3,2,2,1,43044229,26924229,26924229,25553780,1370449,0,16120000,37649150,31859880,5789270,37254959,5395079,34707000,9153220,1370449,4697219,3326770,0,0,0,10176080,18283640,486547910,508499720,1711050,2535000,187
1065,4,32,3,2,1,1,10517079,7527079,-738001,1516670,-2254671,8265080,2990000,26018397,24768287,1250110,9266969,-15501318,2745210,1228540,-2254671,4815349,7070020,0,0,0,0,1406000,230013277,196953632,1555945,1790000,187
1067,5,32,3,8,1,1,22064664,18031284,15262134,-2821450,18083584,2769150,4033380,24650254,23319624,1330630,20734034,-2585590,2849150,5670600,16893584,24451580,7557996,1190000,1190000,0,0,0,1379936506,1355131724,1471582,1730000,188.615384615385
1068,4,32,3,8,1,1,10790788,10010788,4729148,3260180,1468968,5281640,780000,13495610,12450610,1045000,9745788,-2704822,6702500,3442320,1468968,2654705,1185737,0,0,0,0,156000,395385700,387276300,1625500,1320000,188.615384615385
1070,5,32,3,2,1,1,20137083,18967083,7126443,875600,6250843,11840640,1170000,23756600,22758910,997690,19139393,-3619517,975600,100000,150843,1137623,986780,6100000,6100000,0,0,4620000,189726801,172972000,1524501,1730000,22.32
1071,4,32,3,2,1,1,13202360,11512360,8765390,2009025,6756365,2746970,1690000,50332530,37142470,13190060,12300,-37130170,2150650,141625,6156365,8684365,2528000,600000,600000,0,5825000,7300000,458834340,404771140,1705500,3200000,22.32
1072,4,32,3,2,1,1,141468809.2,111499409,98415536,6670600,91744936,13083873,29969400.2,52709259,48697709,4011550,137457259.2,88759550.2,8323000,1652400,80348229,133037453,52689224,11396707,11396707,0,20500000,20170000,842556183,809429010,2100973,3570000,22.32
1073,3,32,2,8,1,1,26573320,18773320,18773320,18796550,-23230,0,7800000,18437680,16907740,1529940,25043380,8135640,33192000,14395450,-23230,330000,353230,0,0,0,0,400000,-23103700,-27733600,1540200,3000000,188.615384615385
1074,4,32,3,8,1,4,-4205820,-4205820,-4205820,-4015820,-190000,0,0,19488300,17758300,1730000,-5935820,-23694120,0,4015820,-190000,4360000,4550000,0,0,0,0,0,287084300,268060700,1220000,3000000,188.615384615385
1078,5,32,3,8,1,1,17497375.1,16121602,10831602,9454880,1376722,5290000,1375773.1,16643259,16643259,0,17497375.1,854116.100000001,18211300,8756420,1140000,3480000,2340000,236722,236722,0,0,0,43819800,53038600,1672200,2000000,188.615384615385
1079,5,32,2,8,1,1,10828195,10828195,-960805,-102750,-858055,11789000,0,8214952,8214952,0,10828195,2613243,2074500,2177250,-858055,175000,1033055,0,0,0,0,192000,743457780,731568700,1550980,2000000,188.615384615385
1080,5,32,3,8,1,1,14548482,14548482,10229042,1117950,9111092,4319440,0,19598011,19548011,50000,14498482,-5049529,1540000,422050,2553340,2772740,219400,6557752,6557752,0,0,0,1217580467,1210864400,1877067,2000000,188.615384615385
1082,4,32,2,8,1,3,1014090,1014090,1014090,1070450,-56360,0,0,34273867,29985257,4288610,-3274520,-33259777,20998500,19928050,-456360,3770000,4226360,400000,400000,0,0,36321950,1212914752,1220487000,1576552,3000000,193.4375
1083,4,32,2,8,2,4,-1947430,-1947430,-1947430,-1117450,-829980,0,0,21325087,20740067,585020,-2532450,-23272517,660000,1777450,-829980,385000,1214980,0,0,0,0,0,356369210,344231100,1627010,2000000,193.4375
1084,5,32,3,8,1,1,9250399,9250399,3509889,-3557800,7067689,5740510,0,29094927,24286645,4808282,4442117,-19844528,1692300,5250100,2073815,7155000,5081185,4993874,4993874,0,15167408,500000,4332845235,4313624000,1466427,2000000,193.4375
1085,3,32,2,8,1,1,20321920,20321920,20321920,19114700,1207220,0,0,71207360,59813250,11394110,8927810,-50885440,26888000,7773300,1207220,2520000,1312780,0,0,0,0,36000000,135839400,152410700,1472800,3000000,188.615384615385
1086,4,32,2,8,2,1,-13266247,-13266247,-16573317,-10404815,-6168502,3307070,0,26489299,24637099,1852200,-15118447,-39755546,0,10404815,-6168502,0,6168502,0,0,0,0,0,605564915,573899500,1662115,3000000,193.4375
1087,5,32,3,7,1,2,-2388300,-2388300,-4488300,-4243300,-245000,2100000,0,7834300,7558300,276000,-2664300,-10222600,0,4243300,-245000,0,245000,0,0,0,0,0,264340500,251299200,1732500,2000000,76.6
1088,4,32,3,7,3,3,12393882,12393882,6944472,-76000,7020472,5449410,0,28918863,24168953,4749910,7643972,-16524981,0,76000,7020472,17010000,9989528,0,0,0,0,537000,1516730150,1489697000,1976850,5000000,76.6
1089,4,32,3,5,1,2,34171487.2,32802809,23143629,0,23143629,9659180,1368678.2,38792512,36219182,2573330,31598157.2,-4621024.8,0,0,22722388,51245791,28523403,421241,421241,0,0,2000000,935745410,913657400,1546210,3500000,15.4166666666667
1090,4,32,3,5,2,1,15846700,15846700,15846700,5506700,10340000,0,0,17901600,16236600,1665000,14181700,-2054900,8250000,2743300,10340000,13040000,2700000,0,0,0,0,0,85439300,78470100,1536000,3500000,15.4166666666667
1091,5,32,1,1,1,2,6633500,6633500,233500,0,233500,6400000,0,5791700,5791700,0,6633500,841800,0,0,233500,233500,0,0,0,0,0,0,414239700,406169400,1562000,2500000,58.5294117647059
1092,4,32,3,1,2,4,11607000,11607000,8797000,0,8797000,2810000,0,12455700,12355700,100000,11507000,-848700,0,0,8797000,9157000,360000,0,0,0,0,0,808699100,799505200,1439000,3500000,58.5294117647059
1093,3,32,2,8,1,1,67055342,66665342,64290632,11339384,52951248,2374710,390000,31604522,27805912,3798610,63256732,35450820,22666000,11326616,51621746,67504510,15882764,1329502,1329502,0,4060000,9050000,129773110,118256200,2569410,4000000,193.4375
1094,4,32,1,1,1,5,99406900,99406900,99056900,96196900,2860000,350000,0,35947800,35127800,820000,98586900,63459100,118350000,22153100,-540000,0,540000,3400000,3400000,0,0,0,1768035000,1741907900,1574000,1000000,58.5294117647059
1095,5,32,1,7,1,1,22800000,22800000,20000000,20000000,0,2800000,0,10942100,10942100,0,22800000,11857900,20000000,0,0,0,0,0,0,0,0,0,860892900,874369500,1529000,2000000,76.6
1096,4,32,3,7,1,1,14703350,14703350,14703350,-1296650,16000000,0,0,68879650,64779650,4100000,10603350,-54176300,12000000,13296650,16000000,33500000,17500000,0,0,0,0,100000,2834582900,2806705600,1544000,3500000,76.6
1097,4,32,3,5,1,1,2480700,2480700,380700,-317500,698200,2100000,0,17709000,17509000,200000,2280700,-15228300,0,317500,698200,1068200,370000,0,0,0,0,0,1058984600,1045632400,2394000,2000000,128.6
1098,4,32,3,2,3,1,5820610,5820610,5820610,5789400,31210,0,0,42952350,33680350,9272000,-3451390,-37131740,5816400,27000,31210,133210,102000,0,0,0,0,2500000,552439500,539581900,1613600,1350000,22.32
1099,5,32,3,2,1,1,34106901.8,31651025,23506665,3650000,19856665,8144360,2455876.8,11977185,11977185,0,34106901.8,22129716.8,3850000,200000,-487045,0,487045,20343710,20343710,0,473880,0,80320361,199650700,1758981,1530000,22.32
1100,3,32,3,2,1,2,3469750,3469750,3469750,4000000,-530250,0,0,62624280,57684870,4939410,-1469660,-59154530,4000000,0,-530250,0,530250,0,0,0,0,50000,449741370,405076100,1735370,1250000,22.32
1101,5,32,3,8,1,1,25944551,21316551,11610831,6050700,5560131,9705720,4628000,21480990,20478900,1002090,24942461,4463561,6069700,19000,5060131,6064481,1004350,500000,500000,0,10295537,26060000,354701530,356328800,1865993,1350000,188.615384615385
1102,5,32,3,8,1,1,10213590,10213590,4671890,3197300,1474590,5541700,0,12574310,12574310,0,10213590,-2360720,3737300,540000,1474590,1953630,479040,0,0,0,0,0,401042640,384056000,1819040,2500000,188.615384615385
1103,5,32,3,8,4,1,14237630,14237630,7725630,3408000,4317630,6512000,0,25236144,23671620,1564524,12673106,-10998514,3408000,0,817630,900000,82370,3500000,3500000,0,0,15000000,266723691,266448000,1755691,1530000,188.615384615385
1104,5,32,3,2,1,1,21332857,20552857,11547657,1752700,9794957,9005200,780000,13631939,11447949,2183990,19148867,7700918,1906000,153300,6729957,11467337,4737380,3065000,3065000,0,1300000,1780000,206120559,198373004,1894855,1570000,22.32
1105,5,32,3,8,1,2,8827570,7787570,7787570,4398980,3388590,0,1040000,13697075,12919935,777140,8050430,-4869505,5017710,618730,3088590,4021290,932700,300000,300000,0,0,60000,579183249,569885500,1760949,1530000,188.615384615385
1106,4,32,3,8,1,1,28448978,28448978,17330978,-2576082,19907060,11118000,0,25386650,23787700,1598950,26850028,3062328,0,2576082,6373000,6758000,385000,13534060,13534060,0,0,240000,253947600,242489500,1694000,3000000,193.4375
1107,2,32,3,7,1,1,155447620,155447620,155447620,8359220,147088400,0,0,29031100,22651100,6380000,149067620,126416520,127500000,119140780,147088400,177560000,30471600,0,0,0,0,0,647627800,578184600,1510000,2500000,76.6
1109,3,32,3,2,1,1,35188990.4380952,33972225.5714286,30886708.4285714,1546444.33333333,29340264.0952381,3085517.14285714,1216764.86666667,22855656.7619048,20513465,2342191.76190476,32846798.6761905,12333333.6761905,2457765.42857143,911321.095238095,11593781.9047619,18278807.9047619,6685026,17746482.1904762,17755006,8523.80952380952,7278060.95238095,614285.714285714,577000150.285714,564648256,0,1580000,22.32
2001,4,31,3,2,1,1,22172780,21782780,12840270,10150520,2689750,8942510,390000,16197100,14747100,1450000,20722780,5975680,10275500,124980,-4280250,5486750,9767000,6970000,6970000,0,18000000,1600000,133867470,123233200,1694870,0,187
2002,4,31,3,5,2,2,38705240,38705240,32155240,3662690,28492550,6550000,0,45789600,41240540,4549060,34156180,-7084360,4500000,837310,5132550,25400000,20267450,23360000,23360000,0,0,1320000,1123517376,1203274600,2455676,0,15.4166666666667
2003,4,31,3,1,3,2,28760439,28760439,28050979,2051630,25999349,709460,0,63096539,57040346,6056193,22704246,-34336100,3100000,1048370,25999349,54320650,28321301,0,0,0,0,20558420,1506715040,1621401200,1704340,0,58.5294117647059
2004,3,31,3,5,1,2,42753256.6,21302236,13989466,6426540,7562926,7312770,21451020.6,49998730,37840319,12158411,30594845.6,-7245473.4,7000000,573460,4012926,6241720,2228794,3550000,3550000,0,75000000,86138190,1641426206,1620446450,1556546,0,15.4166666666667
2005,4,31,3,2,2,3,25166616,25166616,9612616,654140,8958476,15554000,0,46617644,37113054,9504590,15662026,-21451028,755000,100860,8958476,12127396,3168920,0,0,0,5360000,1200000,1513759259,1483003800,1353459,0,187
2006,4,31,3,2,1,3,36821616,36488816,21724746,8269545,13455201,14764070,332800,16367466,15487466,880000,35941616,20454150,9506387,1236842,6291908,9592650,3300742,7163293,7163293,0,0,1920000,523161870,514004130,2165240,0,187
2007,4,31,3,2,1,1,18784390,18524390,13461490,772510,12688980,5062900,260000,9773643,9613413,160230,18624160,9010747,880000,107490,888980,1200000,311020,11800000,11800000,0,1276401,2476801,319215230,317870430,1637300,0,187
2008,5,31,3,6,1,1,19332069,19332069,19332069,9832457,9499612,0,0,32064654,28576954,3487700,15844369,-12732585,10100000,267543,6004672,8606170,2601498,3494940,3494940,0,12620000,2500000,842152768,818127000,1583868,0,28
2009,4,31,2,6,1,1,-1288174,-1288174,-1288174,-2314924,1026750,0,0,40633255,34685306,5947949,-7236123,-41921429,6600000,8914924,-3913250,0,3913250,4940000,4940000,0,819780,2807473,1139808875,1172150800,2430675,0,28
2010,5,31,2,6,1,1,7676810,7676810,2757810,-4582920,7340730,4919000,0,21515750,21215750,300000,7376810,-13838940,22579000,27161920,-259270,725000,984270,7600000,7600000,0,11000000,0,1162656762,1170827400,1889862,0,28
2012,2,31,3,5,3,1,64030747,55485210,52675740,-764580,53440320,2809470,8545537,100038097,94743997,5294100,58736647,-36007350,872080,1636660,-6218200,102800,6321000,59658520,59658520,0,0,56321900,432050942,439136300,1448742,0,128.6
2013,3,31,3,5,4,3,46503950,45203950,44903950,1354000,43549950,300000,1300000,57926300,46294300,11632000,34871950,-11422350,1385000,31000,16686440,20268150,3581710,26863510,26863510,0,0,600000,985537220,974417700,1905520,0,15.4166666666667
2014,4,31,3,5,2,2,3494095,3429095,-6095985,-1333300,-4762685,9525080,65000,21858602,18732902,3125700,368395,-18364507,0,1333300,-4762685,2569785,7332470,0,0,0,0,50000,1740360706,1724655410,2176696,0,15.4166666666667
2015,4,31,3,5,2,3,62295416.9,56857720,54215440,-75000,54290440,2642280,5437696.9,48388369,37441479,10946890,51348526.9,13907047.9,0,75000,53341440,60171406,6829966,949000,949000,0,20000000,8765770,1413374136,1378550140,1731196,0,15.4166666666667
2016,4,31,3,7,3,2,74155680,73375680,47845680,-574900,48420580,25530000,780000,51258168,47054008,4204160,69951520,22897512,250000,824900,43620580,47212000,3591420,4800000,4800000,0,0,2571400,1609640940,1591942480,1424960,0,173
2023,3,31,2,7,2,1,132602796,127946859,115142089,110324460,4817629,12804770,4655937,57100865,48106495,8994370,123608426,75501931,126495000,16170540,-1553451,47034,1600485,6371080,6371080,0,10288265,12541696,2209560647,2249040936,1729431,0,34.3333333333333
2030,5,31,3,6,1,1,9015456,9015456,-1324864,-11110157,9785293,10340320,0,25779165,24913475,865690,8149766,-16763709,442000,11552157,9785293,11021300,1236007,0,0,0,0,2477313,472251700,448193900,1931200,0,39
2031,4,31,2,7,1,1,-6693230,-6693230,-13661750,-37636050,23974300,6968520,0,14148425,11748425,2400000,-9093230,-20841655,-33000000,4636050,-25700,0,25700,24000000,24000000,0,5396460,0,745772200,705861900,1127000,0,34.3333333333333
2032,4,31,2,7,1,1,666884060,666884060,666785060,667453160,-668100,99000,0,67848149,62425399,5422750,661461310,599035911,806633360,139180200,-668100,0,668100,0,0,0,0,66920000,2390354920,2369341300,2232320,0,34.3333333333333
2033,4,31,3,6,5,1,48547070,44387070,41137070,40657070,480000,3250000,4160000,67296200,56724200,10572000,37975070,-18749130,84908250,44251180,-20000,16140000,16160000,500000,500000,0,9931000,45340200,1972194220,1937563700,1611120,0,39
2035,4,31,1,7,1,1,393614829,393614829,375534829,375585829,-51000,18080000,0,104011450,61324450,42687000,350927829,289603379,567575000,191989171,-51000,0,51000,0,0,0,11325900,33898000,783139900,804766100,2046200,0,34.3333333333333
2036,5,31,3,7,1,1,26145050,26145050,26145050,24832800,1312250,0,0,23119050,20987260,2131790,24013260,3026000,45190000,20357200,-2767750,2249800,5017550,4080000,4080000,0,67500,3756000,2313608638,2342762300,2346838,0,173
2037,4,31,2,7,1,1,207200350,204925350,201550850,189371030,12179820,3374500,2275000,71844731,54605985,17238746,189961604,135355619,205859300,16488270,2106320,2432320,326000,10073500,10090000,16500,7150000,1600000,296887844,430495350,1984994,0,34.3333333333333
2040,3,31,3,7,3,1,87581700,87581700,86381700,66691200,19690500,1200000,0,50560100,26871100,23689000,63892700,37021600,78590000,11898800,2290500,2290500,0,17400000,17400000,0,0,479060000,2996722600,3534844700,1776000,0,173
2041,4,31,2,7,1,1,41788657,41788657,41788657,17874540,23914117,0,0,50860493,47496243,3364250,38424407,-9071836,37450000,19575460,259270,279270,20000,23654847,23654847,0,15450543,500000,1074074919,1076347000,2020519,0,34.3333333333333
2042,5,31,2,6,1,1,79029722.1,62677741,62677741,44043581,18634160,0,16351981.1,36512742,33704332,2808410,76221312.1,42516980.1,58417638,14374057,18599160,34516000,15916840,35000,35000,0,0,0,614004500,529859600,1926400,0,64.1666666666667
2043,3,31,2,8,1,1,18666646,14195686,6925686,4684616,2241070,7270000,4470960,14384670,13175370,1209300,17457346,4281976,5344616,660000,2241070,2313730,72660,0,0,0,0,0,450401674,442271100,1787374,0,188.615384615385
2044,5,31,2,8,1,1,5738950,5737000,4037000,2820000,1217000,1700000,1950,11535900,11485900,50000,5688950,-5796950,2915000,95000,100000,100000,0,1117000,1117000,0,700000,1000000,698157050,688708100,2105650,0,188.615384615385
2045,4,31,3,5,1,4,23695215.5,20479815,4814455,-17758727,22573182,15665360,3215400.5,114447895,85428215,29019680,-5324464.5,-90752679.5,2104856,19863583,10520616,36428960,25908344,12052566,12052566,0,134222070,129682570,944085010,945464400,1890340,0,174.5
2047,5,31,3,5,1,1,7740220,7350220,-3499780,-2537350,-962430,10850000,390000,25338770,23997070,1341700,6398520,-17598550,9800000,12337350,-962430,53070,1015500,0,0,0,14800000,0,329809471,301343800,2284471,0,15.4166666666667
2048,5,31,3,5,1,1,13948300,13428300,-930700,-50000,-880700,14359000,520000,14572110,14372110,200000,13748300,-623810,0,50000,-880700,0,880700,0,0,0,900000,0,361731202,351530300,2488302,0,15.4166666666667
2049,4,31,3,8,1,3,50792650,50792650,39942650,-983650,40926300,10850000,0,37006290,33288834,3717456,47075194,13786360,-895000,88650,866300,4986580,4120280,40060000,40060000,0,22733410,20848540,1136317906,1112343100,2149306,0,193.4375
2050,4,31,3,6,2,1,34132660,34132660,27912660,11856000,16056660,6220000,0,26527068,24871188,1655880,32476780,7605592,16840000,4984000,16056660,30095000,14038340,0,0,0,15000000,20000000,536645350,525084700,1752850,0,28
2051,4,31,2,1,1,3,14275152,1001242,-10754240,-29876312,19122072,11755482,13273910,55014672,44907400,10107272,4167880,-40739520,40368520,70244832,18903814,29920000,11016186,218258,218258,0,44700000,63820070,1013629900,1001919300,2206870,0,34.1428571428571
2052,3,31,3,1,1,2,63898650,61623650,58023650,-7583450,65607100,3600000,2275000,45922600,21194440,24728160,39170490,17976050,1453050,9036500,65407100,75647600,10240500,200000,200000,0,14243000,0,27278965,-7962500,1898365,0,34.1428571428571
2053,5,31,2,1,1,3,195892346,194852346,190702346,190950000,-247654,4150000,1040000,16269380,15363380,906000,194986346,179622966,200150000,9200000,-247654,1721250,1968904,0,0,0,3000000,150000000,2403256940,2423446300,1539040,0,58.5294117647059
2054,4,31,3,1,1,4,35155300,32452550,23705450,9466698,14238752,8747100,2702750,51125576,40246226,10879350,24275950,-15970276,10645170,1178472,11147108,15858230,4711122,3091644,3091644,0,0,6470000,2318124975,2313788100,2216875,0,58.5294117647059
2055,3,31,3,5,1,3,39869945,6326546,5906816,-6134596,12041412,419730,33543399,74631020,63200512,11430508,28439437,-34761075,660000,6794596,2666910,3905000,1238090,9374502,9374502,0,24000000,4086000,2143410953,2096455874,2504979,0,98.7333333333333
2056,4,31,2,8,1,1,48858400,48858400,48858400,50037400,-1179000,0,0,79914878,60539008,19375870,29482530,-31056478,53990000,3952600,-1179000,0,1179000,0,0,0,3620000,58994490,245742890,234237290,1730000,0,193.4375
2057,5,31,3,8,1,3,2877660,2877660,-1022340,-300000,-722340,3900000,0,10915580,10755580,160000,2717660,-8037920,-300000,0,-722340,204660,927000,0,0,0,2800000,0,1109542150,1094122300,1789950,0,193.4375
2058,5,31,3,1,1,2,5337300,5337300,-16112700,-44300,-16068400,21450000,0,28272800,28212800,60000,5277300,-22935500,0,44300,-16068400,0,16068400,0,0,0,470000,5530000,1417047500,1449857700,2219900,0,58.5294117647059
2059,2,31,3,7,2,1,36741280,36741280,32666780,-3305000,35971780,4074500,0,54146764,50134974,4011790,32729490,-17405484,3365000,6670000,1571780,1795380,223600,34400000,34400000,0,12739000,1200000,568339720,525317100,1928320,0,173
2060,4,31,3,7,1,1,127358134,115333134,114133134,40346345,73786789,1200000,12025000,47640394,41162779,6477615,120880519,79717740,68678000,28331655,-45191194,173600,45364794,118977983,118977983,0,900000,1199720,814756078,825555800,1638678,0,173
2061,4,31,3,7,1,1,64553529,64553529,64553529,24051400,40502129,0,0,220404684,193780674,26624010,37929519,-155851155,29050000,4998600,23149900,24636700,1486800,17352229,46600000,29247771,13706392,41050000,4337740459,4256726800,1983359,0,173
2063,5,31,3,8,1,1,19474509,19188509,9412099,8635764,776335,9776410,286000,20117832,17984632,2133200,17341309,-643323,23729349,15093585,-181590,578400,759990,957925,957925,0,12350890,6478594,534825540,511646300,1994240,0,188.615384615385
2064,5,31,3,8,1,1,7254554,6604554,-1518956,-2746639,1227683,8123510,650000,13247944,10966364,2281580,4972974,-5993390,16596261,19342900,995490,3150000,2154510,232193,232193,0,0,2545000,769928400,744903500,1803300,0,188.615384615385
2065,4,31,3,5,1,1,-15158750,-15158750,-15158750,-2937500,-12221250,0,0,30020760,26865670,3155090,-18313840,-45179510,0,2937500,-12221250,2157250,14378500,0,0,0,0,8310000,833328646,812293400,2558746,0,15.4166666666667
2067,2,31,3,8,4,1,33939200,33939200,30639200,1191500,29447700,3300000,0,32675022,32296192,378830,33560370,1264178,1375000,183500,2497700,3450000,952300,26950000,26950000,0,0,0,187035167,178091700,1287667,0,193.4375
2073,4,31,1,6,1,1,5784890,5784890,5784890,3527110,2257780,0,0,38770064,34064624,4705440,1079450,-32985174,37374650,33847540,2257780,3875200,1617420,0,0,0,0,4306400,384611632,385367200,2072332,0,28
3001,3,33,2,3,1,2,23872792.5,13675380,6861820,1127090,5734730,6813560,10197412.5,20643007,16820127,3822880,20049912.5,3229785.5,13810300,12683210,5534730,13324630,7789900,200000,200000,0,0,641000,520113027,493698500,1675127,500000,116.777777777778
3003,2,33,2,3,2,1,196002964,186224640,174118020,101465232,72652788,12106620,9778324,42571431,39765041,2806390,193196574,153431533,128705675,27240443,72652788,82288718,9635930,0,0,0,0,46180000,640927455,777036555,1400055,1400055,116.777777777778
3004,4,33,2,3,1,1,186368389.2,181378428,156343704,96352740,59990964,25034724,4989961.2,69039445,36337941,32701504,153666885.2,117328944.2,142275500,45922760,58833524,69391270,10557746,1157440,1157440,0,0,8241600,775491532,767820500,1526632,3000000,116.777777777778
3006,4,33,3,2,1,1,83071874.8,79350284,70249155,6964620,63284535,9101129,3721590.8,51930930,34918402,17012528,66059346.8,31140944.8,7977000,1012380,58655173,72325450,13670277,4629362,4629362,0,56872659,37600388,518902708,493248200,1723118,2000000,22.32
3007,3,33,3,8,2,1,78691630,69136630,58687655,21575800,37111855,10448975,9555000,68154362,60751815,7402547,71289083,10537268,30659500,9083700,35821855,58659926,22838071,1290000,1290000,0,17248130,34698690,487661058,427822700,1846058,0,253.888888888889
3008,3,33,3,8,1,1,36662940,36077940,36077940,-516320,36594260,0,585000,61147340,60251660,895680,35767260,-24484400,-10000,506320,36414260,39400000,2985740,180000,180000,0,0,5200000,247787640,233400300,1789740,3000000,253.888888888889
3010,4,33,3,8,1,1,45633300,43231086,34016846,-2625712,36642558,9214240,2402214,37655753,32318379,5337374,40295926,7977547,1200150,3825862,7386088,17886650,10500562,29256470,29361780,105310,0,8375280,160006630,164434100,2037230,6000000,253.888888888889
3011,5,33,3,8,1,1,50428435,42979813,21385589,-4056977,25442566,21594224,7448622,29981823,25699437,4282386,46146049,20446612,12581000,16637977,5400126,11371770,5971644,20042440,20042440,0,228870410,101996700,375242330,243348400,1899520,2000000,253.888888888889
3012,4,33,3,8,1,1,90052679.4,87863235,75205835,-87199,75293034,12657400,2189444.4,36638085,32361050,4277035,85775644.4,53414594.4,0,87199,75293034,111722300,36429266,0,0,0,2014380,84178500,444084710,516876930,1433230,1433230,253.888888888889
3013,5,33,3,8,1,3,5406102,5016102,-8785698,4398644,-13184342,13801800,390000,31821055,24226335,7594720,-2188618,-26414953,5820700,1422056,-13221077,9553450,22774527,36735,36735,0,0,2110000,979090222,925143622,2852222,2852222,190.777777777778
3014,3,33,3,8,1,1,20338808.5,19291340,16893220,-38330,16931550,2398120,1047468.5,14573348,11988028,2585320,17753488.5,5765460.5,2915000,2953330,16281550,28133208,11851658,650000,650000,0,3084000,7510000,180638705,181929900,2627505,1500000,190.777777777778
3015,4,33,3,8,1,1,101308996.9,97444045,83083905,-807020,83890925,14360140,3864951.9,38072626,32323656,5748970,95560026.9,63236370.9,339240,1146260,83890925,112704905,28813980,0,0,0,2274023,11959368,458736908,456293800,2519373,5000000,190.777777777778
3016,5,33,2,8,1,1,49694236.4,47586692,31125055,16290550,14834505,16461637,2107544.4,56567635,47013631,9554004,40140232.4,-6873398.6,26594300,10303750,13571947,26148892,12576945,1262558,1262558,0,0,5580000,582825144,572551100,1894944,2000000,190.777777777778
3018,3,33,2,8,1,2,3087317,-1135083,-20236183,-20809183,573000,19101100,4222400,48380298,44822904,3557394,-470077,-45292981,65491000,86300183,-38073,23139000,23177073,611073,611073,0,18000000,149687000,600610282,595767100,1454982,0,190.777777777778
3019,3,33,3,8,2,1,77438650,74123130,66442130,3921240,62520890,7681000,3315520,48112010,29883540,18228470,59210180,29326640,6560000,2638760,23065890,50983410,27917520,39455000,39455000,0,12530000,10200000,401266100,386005500,1614000,2500000,190.777777777778
3021,5,33,2,1,1,4,28955618,19413618,1592228,-1342672,2934900,17821390,9542000,20944186,18798406,2145780,26809838,8011432,53000,1395672,-305100,122000,427100,3240000,3240000,0,5195466,4504366,178462680,154188100,1779780,2500000,103.6
3025,3,33,3,5,4,2,192780403,184980403,184156903,4106838,180050065,823500,7800000,107030090,98311120,8718970,184061433,85750313,73620761,69513923,180050065,379760325,199710260,0,0,0,46433019,110041542,564084270,530457400,1223970,400000,98.7333333333333
3026,5,33,3,1,1,5,41582873.6,34308181,19112835,5138700,13974135,15195346,7274692.6,33959155,31727205,2231950,39350923.6,7623718.6,20971000,15832300,13621584,21299773,7678189,352551,352551,0,48715711,70300000,624266311,572861200,1886700,200000,103.6
3027,3,33,2,6,3,2,10030074.2,9072788,9072788,-29894950,38967738,0,957286.2,15198708,14518830,679878,9350196.2,-5168633.8,3364090,33259040,38952352,62353890,23401538,15386,15386,0,0,0,223286973,131549700,1690273,300000,46
3028,4,33,2,6,2,1,-6777138.4,-7357365,-19060705,-18036422,-1024283,11703340,580226.6,30906583,30105993,800590,-7577728.4,-37683721.4,29613974,47650396,-1313282,4860828,6174110,288999,288999,0,21468028,35214614,454670914,394499100,2638214,600000,21.5454545454545
3029,3,33,2,5,2,4,193996135,191510975,181745545,132159695,49585850,9765430,2485160,62030161,55267751,6762410,187233725,131965974,207191161,75031466,49585850,151198492,101612642,0,0,0,0,57407050,833950414,924426600,1340914,800000,98.7333333333333
3040,3,33,3,6,1,1,57072327,54937827,53404967,-43628533,97033500,1532860,2134500,58862791,41672561,17190230,39882097,-1790464,44453882,88082415,96963500,97991000,1027500,70000,70000,0,14398952,82957000,781456425,735943900,1362725,260000,21.5454545454545
3041,4,33,3,4,1,1,35759361.7,19350256,-25928,-16975658,16949730,19376184,16409105.7,25338299,21587209,3751090,32008271.7,10421062.7,26767282,43742940,16120105,19771923,3651818,829625,829625,0,1400000,8480000,293692450,252944400,1723750,500000,148.941176470588
3042,5,33,2,6,1,1,32531633,16324390,3294700,-1994100,5288800,13029690,16207243,26886559,24690819,2195740,30335893,5645074,11533400,13527500,1988800,2360000,371200,3300000,3300000,0,23741665,120000,269870415,216464600,1248850,98000,46
3043,5,33,2,5,1,3,7629160,7239160,-1805480,-4211520,2406040,9044640,390000,21327999,20286319,1041680,6587480,-13698839,4165980,8377500,2406040,3359000,952960,0,0,0,0,2100000,358657054,337999600,1436454,180000,98.7333333333333
3044,5,33,2,5,1,1,65952861.8,47541306,28139966,5070535,23069431,19401340,18411555.8,21915957,21071317,844640,65108221.8,44036904.8,19971198,14900663,14309573,20197293,5887720,8759858,8785538,25680,5360000,1340000,589911740,569902300,1455940,5000000,98.7333333333333
3045,2,33,3,1,2,3,71217915.2,55668571,51076461,-7955280,59031741,4592110,15549344.2,87372718,60976754,26395964,44821951.2,-16154802.8,1407780,9363060,29817131,97461000,67643869,29214610,29214610,0,0,35170710,754583740,749036900,1716040,100000,34.1428571428571
3046,4,33,3,4,1,1,79702307.3,75707021,50857867,-1677319,52535186,24849154,3995286.3,58975603,39886463,19089140,60613167.3,20726704.3,14190621,15867940,49470154,69894124,20423970,3065032,3065032,0,7600000,20807640,1362091957,1308995300,2350357,600000,148.941176470588
3047,4,33,3,5,1,2,166608683.4,57684577,46864612,-3698140,50562752,10819965,108924106.4,70051166,66233396,3817770,162790913.4,96557517.4,5038100,8736240,48752752,69436522,20683770,1810000,1810000,0,3979594,22490000,107096359,90151500,1214865,0,98.7333333333333
3049,3,33,3,4,2,1,78427647,76569999,64160943,-2340915,66501858,12409056,1857648,33462218,29735368,3726850,74700797,44965429,3790285,6131200,56888363,75539733,18651370,9613495,9613495,0,96154253,39534678,463927775,385816400,1517240,300000,148.941176470588
3050,5,33,3,4,1,1,123140646.1,109656954,91111754,14130091,76981663,18545200,13483692.1,50780704,44480384,6300320,116840326.1,72359942.1,35521956,21391865,65348578,87265083,21916505,11633085,12303085,670000,25508394,33510510,996893590,995149700,1697990,110000,148.941176470588
3053,4,33,2,6,3,1,15137397.9,14451696,12982256,-593291,13575547,1469440,685701.9,31672090,30115180,1556910,13580487.9,-16534692.1,16690950,17284241,4310186,4407500,97314,9265361,9265361,0,7860117,9000000,332986082,297650700,1787965,180000,21.5454545454545
3055,4,33,3,4,2,1,124776793,119129931,109778861,692628,109086233,9351070,5646862,45335807,38989157,6346650,118430143,79440986,37930400,37237772,107301453,137704344,30402891,1784780,1784780,0,11530000,1090000,725440195,636899900,2144195,1000000,148.941176470588
3056,3,33,3,5,1,2,84385066.3,81915507,67291627,2186657,65104970,14623880,2469559.3,76357855,51822015,24535840,59849226.3,8027211.3,6280000,4093343,63204970,79931108,16726138,1900000,1900000,0,21196818,38852202,242412691,240404800,1792791,700000,98.7333333333333
3057,3,33,3,4,1,2,142892751.9,138532665,131593955,6172933,125421022,6938710,4360086.9,38344181,34425501,3918680,138974071.9,104548570.9,35678086,29505153,125307337,328292734,202985397,113685,113685,0,94121260,156013955,945053706,934191000,2060006,100000,148.941176470588
3059,5,33,2,5,1,4,27674710,27674710,18897250,19705450,-808200,8777460,0,45968890,45790890,178000,27496710,-18294180,36020000,16314550,-808200,2062500,2870700,0,0,0,0,11232000,623102710,611497300,1829210,200000,98.7333333333333
3060,5,33,1,5,1,1,15856278.2,13111882,-559048,-4298901,3739853,13670930,2744396.2,11549624,10937834,611790,15244488.2,4306654.2,1890858,6189759,1458337,1998137,539800,2281516,2281516,0,1933000,7963500,108762870,101799300,2146070,200000,98.7333333333333
3061,4,33,3,1,1,2,-12733350,-12733350,-12733350,-10218680,-2514670,0,0,30836067,27760647,3075420,-15808770,-43569417,6905500,17124180,-2514670,34134400,36649070,0,0,0,0,21750000,213925310,207717600,2077310,500000,34.1428571428571
3062,5,33,3,5,1,1,20874338.3,14755279,-4028308,-2316570,-1711738,18783587,6119059.3,48847752,46997442,1850310,19024028.3,-27973413.7,3102450,5419020,-1738976,5543284,7282260,27238,27238,0,10618783,1193600,480015253,449235700,1797170,200000,98.7333333333333
3063,4,33,2,4,1,1,3748227.4,-12666886,-24768106,-27704851,2936745,12101220,16415113.4,43634127,40330947,3303180,445047.4,-39885899.6,4217000,31921851,-7366669,2446000,9812669,10303414,10396914,93500,925250,1544783,554494193,528353400,1291493,300000,148.941176470588
3064,5,33,2,4,4,2,31394233,29081091,17801430,8870720,8930710,11279661,2313142,21517810,20985760,532050,30862183,9876423,13614390,4743670,7639654,9147614,1507960,1291056,1291056,0,12500000,3150000,300778500,274443000,1663200,500000,148.941176470588
3065,3,33,3,5,1,1,70028060,66128060,58128060,10426260,47701800,8000000,3900000,26143458,25583458,560000,69468060,43884602,23025000,12598740,27001800,46750000,19748200,20700000,20700000,0,0,5500000,629607550,592911000,2154350,350000,174.5
3067,4,33,3,5,1,1,66642328.5,57335557,53529136,14267482,39261654,3806421,9306771.5,62967874,54217703,8750171,57892157.5,3674454.5,40038700,25771218,34297654,50102857,15805203,4964000,4964000,0,38708820,79179041,1097047194,1050440803,1644203,1644203,174.5
3069,5,33,2,7,1,1,240985260,239425260,227308870,227002650,306220,12116390,1560000,16051412,15359412,692000,240293260,224933848,236417500,9414850,306220,750000,443780,0,0,0,0,3816000,726823370,929589470,1322970,1322970,63.9
3070,5,33,2,5,1,1,23640480,23640480,4160480,4866030,-705550,19480000,0,12364961,11588150,776811,22863669,11275519,10055000,5188970,-705550,0,705550,0,0,0,0,100000,89111071,82367071,1393671,1393671,174.5
3072,3,33,3,5,3,1,120513646.1,106756139,100743765,42343259,58400506,6012374,13757507.1,85615163,69234272,16380891,104132755.1,34898483.1,84410290,42067031,56130666,73315412,17184746,2269840,2269840,0,35450910,35854021,618196128,546115118,1918118,1918118,174.5
3073,3,33,3,5,2,1,93919124.7,83636280,73842260,3182366,70659894,9794020,10282844.7,76870262,65318912,11551350,82367774.7,17048862.7,5307456,2125090,59533334,88106179,28572845,11126560,11126560,0,45727587,133295154,319866083,291236550,1667950,1667950,128.6
3077,4,33,3,7,1,5,120904873,108657118,90841408,71216310,19625098,17815710,12247755,38731242,29435492,9295750,111609123,82173631,100000000,28783690,18705098,33710500,15005402,920000,920000,0,93111330,125532400,927416962,1126939232,1255732,1255732,83.1428571428571
3078,3,33,1,7,2,1,356067010,356028010,356028010,356079810,-51800,0,39000,21257810,19333910,1923900,354143110,334809200,396910000,40830190,-51800,0,51800,0,0,0,0,218000,605239500,763857600,1519500,1519500,83.1428571428571
3079,5,33,3,2,1,1,45431745,39436045,29590155,23740433,5849722,9845890,5995700,25946960,23605060,2341900,43089845,19484785,28551463,4811030,5327432,16522171,11194739,522290,522290,0,206223,1144000,72845742,58262919,1898219,1898219,22.32
3087,3,33,2,6,1,1,6910140,6910140,6910140,9609040,-2698900,0,0,40439199,35579029,4860170,2049970,-33529059,54671767,45062727,-2698900,0,2698900,0,0,0,780250,3508421,60848657,67748257,1690357,1690357,21.5454545454545
3089,3,33,3,2,3,1,54550982,52275982,46249182,15757798,30491384,6026800,2275000,61792011,56044535,5747476,48803506,-7241029,16860000,1102202,26022888,45991100,19968212,4468496,4468496,0,0,9523532,84500379,71816000,1532979,4250000,22.32
3090,4,33,3,4,1,2,94881999,91194095,75234585,18143700,57090885,15959510,3687904,30016206,28556136,1460070,93421929,64865793,25891560,7747860,56825872,65890810,9064938,265013,265013,0,14897612,8247757,361201690,362024400,2087970,350000,148.941176470588
3091,3,33,3,7,2,1,-8432280,-8432280,-8432280,-37491000,29058720,0,0,65325078,36632667,28692411,-37124691,-73757358,0,37491000,29058720,42500000,13441280,0,0,0,0,16037000,-266203721,-337473021,1633879,1633879,83.1428571428571
3092,4,33,3,7,1,2,55652436.5,51946732,43154832,-1370420,44525252,8791900,3705704.5,66422535,61174035,5248500,50403936.5,-10770098.5,0,1370420,37353944,62752447,25398503,7171308,7171308,0,0,24860500,1062903182,1023858382,1672582,1672582,83.1428571428571
3093,5,33,3,7,1,2,2764130,2764130,-919870,-176000,-743870,3684000,0,13030635,12724915,305720,2458410,-10266505,0,176000,-743870,0,743870,0,0,0,0,3600000,439754220,432186120,2606820,2606820,83.1428571428571
3094,4,33,2,7,1,1,344827860,344114860,323503810,305419570,18084240,20611050,713000,20030270,18042330,1987940,342839920,324797590,322900000,17480430,-10000,0,10000,18094240,18094240,0,2350000,29220000,887553200,1176786600,1643200,1643200,83.1428571428571
3095,4,33,2,6,1,2,8462655,8462655,-3792305,-6192515,2400210,12254960,0,12108860,9582070,2526790,5935865,-3646205,10698610,16891125,2100210,10695350,8595140,300000,300000,0,0,3024000,326678950,281437700,1640150,100000,46
3099,5,33,2,1,2,1,35610724,35610724,4375580,5953960,-1578380,31235144,0,30535155,24540035,5995120,29615604,5075569,9533300,3579340,-1578380,495000,2073380,0,0,0,0,2830000,607366648,603090000,1498448,6000000,103.6
3102,5,33,2,5,1,1,38301594,18540294,10123034,7048854,3074180,8417260,19761300,39916191,36008601,3907590,34394004,-1614597,33833364,26784510,297180,1179050,881870,2777000,2777000,0,49448658,91014705,453600600,476972200,1546200,1546200,174.5
3103,4,33,2,5,1,1,44934795,44934795,41133755,17023050,24110705,3801040,0,37421580,33446150,3975430,40959365,7513215,21938000,4914950,1328000,1410000,82000,22782705,22782705,0,1330000,4353000,156288800,193314700,1495300,1495300,174.5
3104,4,33,2,8,1,1,19044703,18108703,13508703,-2133000,15641703,4600000,936000,29916681,27465094,2451587,16593116,-10871978,90870,2223870,7711863,13429665,5717802,7929840,7929840,0,600000,2427710,292364389,287672500,1986589,3000000,190.777777777778
3105,5,33,3,8,1,1,46473630,28688630,16868630,8920430,7948200,11820000,17785000,27870300,27549160,321140,46152490,18603330,10260000,1339570,6998200,7975100,976900,950000,950000,0,0,1196000,306568400,225469900,1779000,2500000,190.777777777778
3106,5,33,2,8,1,1,94643695,94236015,71435535,72096475,-660940,22800480,407680,15560794,14099474,1461320,93182375,79082901,130465100,58368625,-3140940,0,3140940,2480000,2480000,0,15000000,11556600,311927366,347291000,1938166,2000000,190.777777777778
3107,5,33,1,7,1,1,15286940,15286940,-4713060,-3901060,-812000,20000000,0,48312678,43637818,4674860,10612080,-33025738,0,3901060,-812000,0,812000,0,0,0,0,3326850,903682000,892573800,1622600,1622600,83.1428571428571
3108,3,33,3,1,1,1,70444926,70444926,67944926,2464515,65480411,2500000,0,61460120,33820670,27639450,42805476,8984806,3080000,615485,34244411,35205311,960900,31236000,31236000,0,17400000,0,199657600,177174000,1627000,3000000,103.6
4001,4,34,2,7,1,1,125193717,124247317,118047317,120615240,-2567923,6200000,946400,33710779,31535659,2175120,123018597,91482938,144523000,23907760,-2567923,4671555,7239478,0,0,0,0,0,271014120,249775100,1761720,550000,23.1428571428571
4004,4,34,1,8,2,4,153317010,152394010,142175110,132175110,10000000,10218900,923000,54259760,38701440,15558320,137758690,99057250,206303000,74127890,0,0,0,10000000,10000000,0,141263000,154180000,273698681,187663600,1852181,500000,180.625
4005,2,34,2,8,2,1,24203700,24203700,24203700,24203700,0,0,0,15031200,13173200,1858000,22345700,9172500,26820000,2616300,0,0,0,0,0,0,0,0,129638000,129976200,2183000,300000,180.625
4006,5,34,2,5,1,1,35824224,34095224,22979724,19786504,3193220,11115500,1729000,33731146,30997726,2733420,33090804,2093078,33850110,14063606,825220,1334450,509230,2368000,2368000,0,0,3702000,201993488,191687100,1986588,200000,68.875
4008,4,34,3,4,1,1,9180845,9180845,-2083155,1887300,-3970455,11264000,0,16251320,14548690,1702630,7478215,-7070475,5450000,3562700,-3970455,2546885,6517340,0,0,0,0,0,170094220,159324200,1524520,400000,148.941176470588
4009,5,34,2,4,1,1,19822703,19822703,16138703,9313200,6825503,3684000,0,39696404,37476404,2220000,17602703,-19873701,24000000,14686800,6825503,14638705,7813202,0,0,0,0,1200000,225930553,265472300,1784353,250000,148.941176470588
4010,4,34,3,8,1,1,97652638,97652638,96752638,63535654,33216984,900000,0,22022763,20339293,1683470,95969168,75629875,79315050,15779396,32976984,47698045,14721061,240000,240000,0,0,1500000,524585010,499912600,1947710,350000,180.625
4011,5,34,2,4,1,3,32766430,32766430,24924430,19813960,5110470,7842000,0,14875170,10737050,4138120,28628310,17891260,34540000,14726040,5110470,9236870,4126400,0,0,0,0,0,532752100,538448000,1747500,550000,148.941176470588
4012,4,34,3,8,1,1,-15878301,-15878301,-22238301,-15678621,-6559680,6360000,0,19171176,16624306,2546870,-18425171,-35049477,0,15678621,-6559680,174400,6734080,0,0,0,0,865000,256290790,250702200,1671690,250000,180.625
4014,5,34,3,8,1,1,21138062,18668062,5290462,-1138540,6429002,13377600,2470000,35542087,30931387,4610700,16527362,-14404025,9832460,10971000,5740202,8168272,2428070,688800,688800,0,3824970,9970000,376664810,354766500,2627840,450000,180.625
4015,5,34,2,5,1,1,-29306566,-29566566,-34891026,-34715826,-175200,5324460,260000,80205530,26689650,53515880,-82822446,-109512096,15170000,49885826,-175200,1535340,1710540,0,0,0,0,3370000,849976591,795783800,1340191,300000,68.875
4016,5,34,2,7,1,1,52403170,52403170,48715450,49097450,-382000,3687720,0,45572250,44892250,680000,51723170,6830920,77100000,28002550,-382000,0,382000,0,0,0,0,9240000,-170521400,-174168600,1539000,600000,23.1428571428571
4017,3,34,3,8,1,1,44660000,44660000,44660000,-640000,45300000,0,0,27598000,22413000,5185000,39475000,17062000,1760000,2400000,0,0,0,45300000,45300000,0,0,6000000,562085450,561132800,1602650,250000,180.625
4018,3,34,3,7,1,1,50392384,46570514,43487154,4016840,39470314,3083360,3821870,47300600,37018600,10282000,40110384,3091784,25100000,21083160,4704324,10346352,5642028,34765990,34765990,0,0,0,304135200,277092600,1708600,350000,69
4019,5,34,2,7,1,1,85453708,85297708,75602088,74352407,1249681,9695620,156000,24399546,23031226,1368320,84085388,61054162,81025000,6672593,-8305319,23712114,32017433,9555000,9555000,0,0,3970000,611385686,590823000,2494886,300000,69
4020,5,34,3,7,1,2,47017595,45977595,20140725,21124500,-983775,25836870,1040000,12735522,11511665,1223857,45793738,34282073,22175000,1050500,-983775,1718375,2702150,0,0,0,0,36530000,407708740,446775600,2336940,160000,69
4021,5,34,3,7,1,1,93818490,91738490,85106490,64097670,21008820,6632000,2080000,31365084,29132514,2232570,91585920,62453406,66500000,2402330,21008820,22164520,1155700,0,0,0,1500000,0,427454414,425699700,1609714,260000,69
4022,5,34,1,7,1,1,194214160,194214160,182545400,182545400,0,11668760,0,18804200,16254200,2550000,191664160,175409960,273337500,90792100,0,0,0,0,0,0,600000,1500000,312550200,397872600,1557400,300000,23.1428571428571
4023,5,34,2,7,1,2,18060234,18060234,12700234,9716272,2983962,5360000,0,49477454,45202544,4274910,13785324,-31417220,19500000,9783728,2983962,5961440,2977478,0,0,0,0,8160000,763220500,751757600,2199000,200000,69
4024,5,34,3,7,1,1,27729211,27534211,15389445,6877310,8512135,12144766,195000,19071900,18371900,700000,27029211,8657311,7500000,622690,6212135,32266790,26054655,2300000,2300000,0,1500000,470000,191894042,186471200,2199042,200000,69
4025,4,34,2,7,1,1,471961082,470791082,464465662,439944090,24521572,6325420,1170000,74742515,63740935,11001580,460959502,397218567,485613000,45668910,14361572,15726515,1364943,10160000,10160000,0,0,600000,727392725,706611900,1706425,450000,23.1428571428571
4026,5,34,3,7,1,1,16202605,16202605,13987035,-2586220,16573255,2215570,0,47169610,36962010,10207600,5995005,-30967005,0,2586220,-15355615,2398045,17753660,31928870,34620000,2691130,0,4703000,924457750,882867250,2092650,2092650,69
4027,4,34,3,6,1,1,62450454,59910722,39200572,16676422,22524150,20710150,2539732,39060919,34053219,5007700,57442754,23389535,22388022,5711600,1004150,1215720,211570,21520000,21520000,0,0,222000,459030221,434819100,1772521,300000,64.1666666666667
4028,5,34,2,6,1,1,28140603,26450603,21482603,21492603,-10000,4968000,1690000,11962377,10674287,1288090,26852513,16178226,44626603,23134000,-10000,0,10000,0,0,0,0,1320000,255030614,161913300,2183814,450000,64.1666666666667
4029,4,34,3,3,2,1,-10830856,-10830856,-14190856,4502362,-18693218,3360000,0,25933550,22405410,3528140,-14358996,-36764406,13200000,8697638,-18693218,0,18693218,0,0,0,0,2187000,697900092,674788900,1634092,5000000,67.04
4030,4,34,2,3,1,1,82325922,77306427,67316637,29839024,37477613,9989790,5019495,32653194,31102894,1550300,80775622,49672728,56204630,26365606,27593990,34388400,6794410,9883623,9883623,0,7085008,17170000,772007616,751405508,2448708,2448708,67.04
4031,4,34,3,1,1,3,57560716,57560716,42376336,57246620,-14870284,15184380,0,22027348,17920793,4106555,53454161,35533368,70900000,13653380,-14870284,78198500,93068784,0,0,0,83710640,42252967,927589442,878349042,1722942,1722942,56.25
4032,3,34,3,1,3,2,157738348.2,143982095,121995045,14985363,107009682,21987050,13756253.2,85316150,72663209,12652941,145085407.2,72422198.2,53327692,38342329,99797780,207326291,107528511,7211902,8239902,1028000,77750865,85626000,1367438591,1510481500,1598126,5700000,56.25
4045,5,34,2,1,1,2,33313300,28643650,15567500,14170110,1397390,13076150,4669650,30733125,24917115,5816010,27497290,2580175,21802400,7632290,904600,3138000,2233400,492790,492790,0,0,2683000,541747082,542579600,2144182,9000000,56.25
4046,4,34,3,1,2,1,55881916,39821916,26889356,23615696,3273660,12932560,16060000,51191101,39924401,11266700,44615216,4690815,36182066,12566370,945160,2430000,1484840,2328500,2328500,0,0,878000,399752100,382114900,1825900,3500000,56.25
4048,4,34,2,3,1,4,75610873,75388105,51281198,41076243,10204955,24106907,222768,23034977,22635404,399573,75211300,52575896,70185604,29109361,10036157,14307201,4271044,168798,168798,0,0,48550,1024786478,998778428,1629428,1629428,22.7692307692308
4049,5,34,2,1,1,3,-22972660,-22972660,-28612660,-41147700,12535040,5640000,0,50212307,50212307,0,-22972660,-73184967,14500000,55647700,12535040,15000000,2464960,0,0,0,0,0,1154153220,1098511320,1703920,1703920,56.25
4050,5,34,3,5,1,2,25022375,9162375,-795625,-1420500,624875,9958000,15860000,10552220,10390570,161650,24860725,14470155,801900,2222400,624875,912875,288000,0,0,0,0,0,283552801,279353800,1983301,3000000,128.6
4051,4,34,3,3,1,1,41938358,36779932,23177612,3618485,19559127,13602320,5158426,60604664,49978774,10625890,31312468,-18666306,6521338,2902853,14057997,65382000,51324003,5501130,5501130,0,80326800,4664240,650705370,602712700,1522970,7000000,106.2
4052,4,34,3,3,2,1,17847196,17847196,6979906,9063506,-2083600,10867290,0,20493580,17941750,2551830,15295366,-2646384,10319946,1256440,-2083600,1690250,3773850,0,0,0,0,1660000,364884950,362356100,1471350,3000000,67.04
4053,4,34,3,3,1,1,31300603,31040603,20362823,8935690,11427133,10677780,260000,24177877,21068077,3109800,28190803,7122726,18254300,9318610,8827133,38002242,29175109,2600000,2600000,0,7920000,49555000,517901406,559714400,1733606,5000000,106.2
4056,5,34,2,6,1,1,-13389446,-13779446,-24579446,-20982160,-3597286,10800000,390000,26281583,22611533,3670050,-17059496,-39671029,214500,21196660,-3597286,766500,4363786,0,0,0,0,385000,439757750,413655700,1654250,5000000,41.6428571428571
4057,5,34,3,3,1,1,46537323,46537323,35936113,14394329,21541784,10601210,0,45047382,42613462,2433920,44103403,1489941,16091719,1697390,21194871,36643739,15448868,346913,346913,0,0,780000,489097179,471718179,1569979,1569979,67.04
4059,4,34,3,3,2,2,37592135,21653472,10032332,3560917,6471415,11621140,15938663,25890810,21589610,4301200,33290935,11701325,15840890,12279973,5633634,10425450,4791816,837781,837781,0,0,8614144,860243636,880120236,1606636,1606636,67.04
4060,4,34,1,3,1,1,3583127,3583127,-3784373,-2632893,-1151480,7367500,0,39107975,35225115,3882860,-299733,-35524848,15042200,17675093,-1151480,309000,1460480,0,0,0,0,10690000,468443857,240799000,2162857,3000000,106.2
4061,5,34,3,1,1,3,-13066160,-13066160,-21326160,-13664150,-7662010,8260000,0,27432101,25656191,1775910,-14842070,-40498261,3300000,16964150,-7662010,105000,7767010,0,0,0,0,1660000,311143310,304533500,1711410,1000000,56.25
4063,4,34,3,1,1,2,28647950,27087950,25087950,-17607460,42695410,2000000,1560000,45772276,37894686,7877590,20770360,-17124326,2777200,20384660,4257430,4659530,402100,38437980,38437980,0,0,2700000,629433300,599121700,1547000,2500000,56.25
4064,3,34,2,1,2,4,719186240,719186240,719186240,648526240,70660000,0,0,230160750,171745550,58415200,660771040,489025490,1519910000,871383760,70660000,80260000,9600000,0,0,0,131327900,194250000,600089611,525231511,2496511,2496511,34.1428571428571
4065,5,34,2,3,1,1,27062010,26412010,11043177,9804338,1238839,15368833,650000,29347470,25454580,3892890,23169120,-2285460,15010248,5205910,-461161,3541300,4002461,1700000,1700000,0,0,0,648224974,637577474,2246374,2246374,67.04
4066,5,34,2,1,1,2,7537490,7537490,-779890,7494300,-8274190,8317380,0,23603100,23393100,210000,7327490,-16065610,23650000,16155700,-8274190,0,8274190,0,0,0,1686212,0,439519322,420204910,2216610,2216610,56.25
4067,4,34,2,1,1,1,20192060,20192060,20192060,20774230,-582170,0,0,46234078,41052608,5181470,15010590,-26042018,35200000,14425770,-582170,0,582170,0,0,0,0,1500000,370949982,338029600,2529482,2000000,34.1428571428571
4068,4,34,2,6,2,3,77750760,77750760,59308950,31798750,27510200,18441810,0,38948908,32325908,6623000,71127760,38801852,59450000,27651250,27220200,27295000,74800,290000,290000,0,8489990,0,725295360,614776270,2308270,2308270,41.6428571428571
4069,4,34,2,5,1,1,54908680,54908680,47106910,35856635,11250275,7801770,0,36662790,29362470,7300320,47608360,18245890,76050000,40193365,11250275,22842500,11592225,0,0,0,307000,25600000,1086724530,1120603730,1307830,1307830,98.7333333333333
4070,4,34,2,3,1,2,31781520,27361520,17825070,33457340,-15632270,9536450,4420000,13629960,9321640,4308320,27473200,18151560,58505000,25047660,-15632270,1491000,17123270,0,0,0,23000000,18029000,569969492,555058392,1722992,1722992,67.04
4071,4,34,2,6,1,1,135868110,135868110,129115710,116560350,12555360,6752400,0,34331930,32613110,1718820,134149290,101536180,194400000,77839650,12195360,15720000,3524640,360000,360000,0,0,248000,704440343,461989443,1246743,1246743,41.6428571428571
4072,3,34,2,3,1,1,22867740,22867740,20172740,21974550,-1801810,2695000,0,17690880,16415480,1275400,21592340,5176860,30165000,8190450,-2096810,0,2096810,295000,295000,0,0,2080000,201887434,194287634,2226334,2226334,67.04
4073,4,34,2,3,1,1,24879540,21879540,3371250,8110250,-4739000,18508290,3000000,25312750,23892750,1420000,23459540,-433210,11972950,3862700,-4739000,500000,5239000,0,0,0,9100000,1108000,319122950,296249550,1586050,1586050,67.04
4074,3,34,2,6,1,1,30954600,30954600,30954600,30714600,240000,0,0,63333180,33828850,29504330,1450270,-32378580,66839010,36124410,-20000,0,20000,260000,260000,0,0,4700000,374294926,340388226,2332026,2332026,21.5454545454545
4075,3,34,2,6,1,1,-81104925,-81104925,-81104925,-76063005,-5041920,0,0,53886436,47557436,6329000,-87433925,-134991361,145714275,221777280,-5531920,40000,5571920,490000,490000,0,0,7900000,861975250,675738850,2060650,2060650,21.5454545454545
4076,4,34,2,3,1,2,120568178.1,109166175,84556175,77337477,7218698,24610000,11402003.1,19002865,15623948,3378917,117189261.1,101565313.1,110086576,32749099,5621798,25668500,20046702,1596900,1596900,0,51512200,3810000,760625505,764801345,2311045,2311045,22.7692307692308
4077,5,34,2,3,1,2,20910460,16500460,3799940,2620470,1179470,12700520,4410000,24947580,10496980,14450600,6459860,-4037120,4689620,2069150,778470,3888780,3110310,401000,401000,0,15654000,1200000,245773100,223957500,2000000,2000000,67.04
4078,5,34,2,3,1,2,40044930,40044930,31665230,32535000,-869770,8379700,0,8924060,8774060,150000,39894930,31120870,39840000,7305000,-869770,0,869770,0,0,0,0,0,343665760,342087960,2099160,2099160,67.04
4079,4,34,2,3,1,4,92690690,74970690,40681690,36651700,4029990,34289000,17720000,29431410,24139980,5291430,87399260,63259280,52381800,15730100,2869990,27092600,24222610,1160000,1160000,0,18100000,39969000,1107517070,1101237470,1512470,1512470,22.7692307692308
4080,5,34,2,3,1,1,41699435,40699435,30128535,25894935,4233600,10570900,1000000,10935460,10272280,663180,41036255,30763975,29289735,3394800,3853600,4605110,751510,380000,380000,0,0,1000000,171693425,170676225,2240325,2240325,22.7692307692308
4081,5,34,2,3,1,2,53665266,53422946,41184576,13761158,27423418,12238370,242320,14574860,13907040,667820,52997446,39090406,15333758,1572600,27006120,31373000,4366880,417298,417298,0,14421000,3360000,254763061,234364661,1496161,1496161,22.7692307692308
4082,5,34,2,3,1,1,36037790,35452790,17060190,10751050,6309140,18392600,585000,18284640,17489540,795100,35242690,17753150,12200000,1448950,6011140,6405000,393860,298000,298000,0,0,1550000,240167752,234322052,1586852,1586852,106.2
4083,5,34,2,6,1,1,42993270,42721570,36232870,33449650,2783220,6488700,271700,29629650,28417350,1212300,41780970,13363620,55000000,21550350,-1296780,0,1296780,4080000,4080000,0,0,15725000,137417780,155207380,2543480,2543480,41.6428571428571
4084,5,34,3,3,1,1,55571080,55571080,39293780,11163820,28129960,16277300,0,18887220,17925220,962000,54609080,36683860,15665000,4501180,9870960,15950000,6079040,18259000,18259000,0,152300,850000,425965490,415954490,2009790,2009790,67.04
4085,4,34,3,3,1,1,72661614.4,50471384,29595634,21516884,8078750,20875750,22190230.4,27778410,22397950,5380460,67281154.4,44883204.4,26433084,4916200,1951250,7559200,5607950,6127500,6127500,0,7602000,3619110,367226891,361885801,1649701,1649701,67.04
4089,5,34,2,6,1,1,49363340,48323080,33918150,29347000,4571150,14404930,1040260,27971133,26054833,1916300,47447040,21392207,32010750,2663750,4571150,6853500,2282350,0,0,0,0,50000,361333364,347907264,2426664,2426664,41.6428571428571
4090,3,34,3,3,3,1,83740569.3,41406713,27006133,18697808,8308325,14400580,42333856.3,59622026,43960300,15661726,68078843.3,24118543.3,22180120,3482312,6876983,21463895,14586912,1431342,1431342,0,10589160,11164450,326463150,315962930,2415030,2415030,67.04
4092,4,34,2,7,1,1,42240410,38727700,31062950,30166700,896250,7664750,3512710,11371908,10376360,995548,41244862,30868502,37400000,7233300,896250,1000000,103750,0,0,0,450000,0,127838331,149743131,1650431,1650431,23.1428571428571
4093,5,34,2,3,1,1,33416785,33416785,16318185,888950,15429235,17098600,0,26515160,24903320,1611840,31804945,6901625,4038000,3149050,2012235,7240945,5228710,13417000,13417000,0,0,2040000,448908750,432958900,1902350,1050000,106.2
4094,4,34,2,3,1,3,7964480,7704480,-1298680,-7819060,6520380,9003160,260000,21543370,17895040,3648330,4316150,-13578890,5579870,13398930,6145380,11505310,5359930,375000,375000,0,0,9420000,581843787,572502200,1632487,30000,106.2
4095,5,34,2,3,1,2,19811040,18407040,13151820,2710460,10441360,5255220,1404000,9215749,8303259,912490,18898550,10595291,4119940,1409480,9675690,12067300,2391610,765670,765670,0,5556000,200000,426646690,411868400,2274090,350000,67.04
4096,5,34,2,3,1,1,28027680,27702680,7431680,5750500,1681180,20271000,325000,34695630,31095800,3599830,24427850,-6667950,6820000,1069500,-318820,519750,838570,2000000,2000000,0,0,8530000,294504900,288299500,1515700,525000,106.2
4098,4,34,2,3,1,3,40632540,40395940,24671510,13044520,11626990,15724430,236600,24240750,23017100,1223650,39408890,16391790,24278500,11233980,11626990,28895000,17268010,0,0,0,1500000,0,276368460,256442600,2469960,350000,22.7692307692308
4099,4,34,2,3,1,1,-33968581.9,-33978406,-34808906,13055726,-47864632,830500,9824.1,25107890,24342302,765588,-34734169.9,-59076471.9,62031970,48976244,-47864632,0,47864632,0,0,0,0,5790000,982997127,871715500,1211027,300000,67.04
4100,4,34,2,8,1,1,8226010,-26713990,-31927490,-3113460,-28814030,5213500,34940000,72585020,51613520,20971500,-12745490,-64359010,7590000,10703460,-29084030,24450000,53534030,270000,270000,0,5000000,13750000,592052200,506924900,2000000,1500000,180.625
4101,4,34,2,6,5,1,82142146,81972951,71938951,52904803,19034148,10034000,169195,39152100,37690810,1461290,80680856,42990046,135532443,82627640,18782170,19340170,558000,251978,251978,0,0,0,1206593212,1026496600,2103212,2300000,41.6428571428571
4102,2,34,3,3,4,1,99105812,99021312,88543042,3014250,85528792,10478270,84500,43513765,41659675,1854090,97251722,55592047,10484650,7470400,81298905,101518650,20219745,4229887,4229887,0,14036890,19379500,148451850,170536100,2018750,360000,106.2
4103,4,34,3,8,2,3,119171408,119171408,108385308,22822800,85562508,10786100,0,52964652,41097282,11867370,107304038,66206756,27500000,4677200,85562508,95821000,10258492,0,0,0,0,3850000,778497561,768488500,1733761,870000,253.888888888889
4104,4,34,2,5,1,1,4877580,4877580,-3222420,-7911945,4689525,8100000,0,19034140,14085160,4948980,-71400,-14156560,3616500,11528445,4689525,8306660,3617135,0,0,0,0,25000,329009602,310016300,1530502,523000,68.875
4105,3,34,2,3,2,5,79745870,79745870,79745870,75082660,4663210,0,0,27164230,23613230,3551000,76194870,52581640,254962500,179879840,4663210,21118710,16455500,0,0,0,0,27960000,2790213800,2798267800,2087600,1500000,22.7692307692308
4106,5,34,2,8,1,1,26541700,26541700,18501700,19157200,-655500,8040000,0,27875850,22599250,5276600,21265100,-1334150,28079700,8922500,-655500,750000,1405500,0,0,0,0,1850000,345928200,342344600,1790600,560000,253.888888888889
4107,5,34,2,8,1,2,25643930,24343930,15236880,18511080,-3274200,9107050,1300000,21850585,19311585,2539000,23104930,3793345,24464000,5952920,-3274200,750000,4024200,0,0,0,0,0,796216970,786560500,1826070,1367000,253.888888888889
4108,4,34,2,3,1,1,31619436,31619436,31619436,32892322,-1272886,0,0,25619749,20301828,5317921,26301515,5999687,79259990,46367668,-1272886,58494000,59766886,0,0,0,0,6264000,468428718,617125700,1500918,883000,22.7692307692308
4109,3,34,2,3,3,2,53701775.4,44038683,37734169,8581434,29152735,6304514,9663092.4,83190244,53240775,29949469,23752306.4,-29488468.6,36145440,27564006,7941244,9101910,1160666,21211491,21211491,0,50913000,66262475,294350987,347247700,2313087,350000,67.04
4110,5,34,2,3,1,1,46444035,44127435,28802585,8168780,20633805,15324850,2316600,12211794,10661794,1550000,44894035,34232241,8870730,701950,20123805,24162705,4038900,510000,510000,0,0,5785000,458659004,456192500,2206904,1500000,106.2
4112,5,34,3,3,1,2,14940140,14940140,10186040,9961070,224970,4754100,0,31439673,25669393,5770280,9169860,-16499533,14300000,4338930,-2775060,0,2775060,3000030,3000030,0,0,0,329133497,325607500,1849497,1215000,67.04
4114,4,34,3,6,1,1,-641611.1,-7815708,-10417958,-11943858,1525900,2602250,7174096.9,43995904,38487804,5508100,-6149711.1,-44637515.1,12637452,24581310,-5957100,16737600,22694700,7483000,7483000,0,0,9906800,300219618,250980200,1920518,250000,41.6428571428571
4115,4,34,3,3,1,1,25223777,20353951,1992951,1144400,848551,18361000,4869826,29274410,22596690,6677720,18546057,-4050633,8114350,6969950,682978,9477941,8794963,165573,165573,0,0,0,303585381,292245300,1064981,850000,67.04
4116,4,34,2,3,1,2,106676883,99890883,87167483,41786256,45381227,12723400,6786000,64051765,52385943,11665822,95011061,42625118,50427196,8640940,45101227,83493968,38392741,280000,280000,0,215683009,222833495,1158054909,876639000,2000000,30000,67.04
4118,5,34,3,8,1,2,35142663,17980663,11447693,1999535,9448158,6532970,17162000,31185210,27974210,3211000,31931663,3957453,5334165,3334630,6478158,8841748,2363590,2970000,2970000,0,0,600000,208756500,201624300,2000000,420000,253.888888888889
4119,4,34,3,6,3,2,76168520,74525520,70388520,13080720,57307800,4137000,1643000,23404121,14142748,9261373,66907147,52764399,28635210,15554490,57157800,71580130,14422330,150000,150000,0,960000,23998000,557025418,554096600,2014918,323000,41.6428571428571
4120,5,34,3,3,1,1,18164797,13619559,5175369,4891644,283725,8444190,4545238,12735750,12134620,601130,17563667,5429047,9929524,5037880,-796275,962705,1758980,1080000,1080000,0,4600000,2575000,55465200,47106100,2000000,220000,106.2
4121,4,34,2,6,1,1,203275550,202885550,193267550,193786800,-519250,9618000,390000,23527350,20990990,2536360,200739190,179748200,216900000,23113200,-669250,0,669250,150000,150000,0,0,18090000,606430330,644365400,1667330,200000,41.6428571428571
4124,5,40,3,1,1,2,24892249,24892249,1683049,-331720,2014769,23209200,0,40483952,34143242,6340710,18551539,-15591703,300800,632520,2014769,7572670,5557901,0,0,0,0,0,4598677304,4591096600,2067404,2000000,103.6
4125,5,40,3,2,1,1,55005414.6,54590985,42266185,-757660,43023845,12324800,414429.6,21734668,21155798,578870,54426544.6,33270746.6,165000,922660,42819395,56565320,13745925,204450,204450,0,800000,2185000,159276835,140296600,2111935,2000000,187
4126,4,40,3,2,1,3,-64812640,-67412640,-75712640,-74733820,-978820,8300000,2600000,22523132,16664280,5858852,-70671492,-87335772,385000,75118820,-978820,0,978820,0,0,0,0,1220000,1062284370,1017779000,2118070,1500000,187
4127,4,34,2,3,1,4,-11377120,-11377120,-16977100,-15151880,-1825220,5599980,0,29807400,27099390,2708010,-14085130,-41184520,27500000,42651880,-1825220,0,1825220,0,0,0,500000,1374000,672954622,638286900,2072822,3000000,22.7692307692308
4128,4,34,3,3,1,2,66419290,61246290,42549930,31162490,11387440,18696360,5173000,28126398,22381378,5745020,60674270,38292892,36421500,5259010,11317440,29958890,18641450,70000,70000,0,3400000,0,815229820,791463800,2030620,2000000,67.04
4129,4,34,3,8,1,1,9573295,9573295,-45015,-2532980,2487965,9618310,0,13621750,12409760,1211990,8361305,-4048455,10035800,12568780,2487965,23634785,21146820,0,0,0,2417810,15540000,422507843,477076000,1577933,2000000,180.625
4131,3,40,2,3,2,3,242520144,220520144,220520144,154721444,65798700,0,22000000,103094710,81540870,21553840,220966304,139425434,247283314,92561870,55798700,61964160,6165460,10000000,10000000,0,0,8968750,1327453183,1288734400,2733183,3000000,116.777777777778
4132,3,40,2,3,1,1,5750056,5750056,5750056,121716,5628340,0,0,11993267,9561800,2431467,3318589,-6243211,28694826,28573110,5628340,12967440,7339100,0,0,0,0,50000,1004280600,982683300,2000000,2000000,116.777777777778
4134,5,34,1,3,1,1,9964176.4,4256427,-9178303,-7221610,-1956693,13434730,5707749.4,27253777,25523323,1730454,8233722.4,-17289600.6,11068000,18289610,-1956693,18084436,20041129,0,0,0,13687000,260000,330291408,294072400,2021908,2000000,67.04
4135,5,34,2,6,1,3,11513500,11513500,6962380,7461280,-498900,4551120,0,18285836,17848333,437503,11075997,-6772336,41939000,34477720,-498900,0,498900,0,0,0,0,75000,1039542700,983034200,2017300,2500000,41.6428571428571
4137,4,34,3,3,1,1,17048903,17048903,8414393,-4535187,12949580,8634510,0,16060553,14992853,1067700,15981203,988350,3645983,8181170,12949580,24878730,11929150,0,0,0,30000000,30100000,497639038,474903000,1719838,2000000,67.04
4138,3,34,2,1,4,1,107328306,107328306,107328306,89412866,17915440,0,0,106975055,99952490,7022565,100305741,353251,275178000,185765134,-84560,0,84560,18000000,18000000,0,0,0,370497000,433848600,0,3000000,34.1428571428571
4143,4,34,2,7,1,1,17373800,4373800,4373800,-2924520,7298320,0,13000000,42213705,40816265,1397440,15976360,-24839905,100000,3024520,7298320,8500000,1201680,0,0,0,0,20000000,959665450,956281000,2404250,2100000,69
4145,3,34,2,6,3,1,3097620,3097620,3097620,3741620,-644000,0,0,31473110,28739990,2733120,364500,-28375490,64338000,60596380,-644000,0,644000,0,0,0,0,58350000,315813710,338752600,2118710,3500000,41.6428571428571
4146,3,40,3,3,1,4,52726778,49309650,44437030,2505100,41931930,4872620,3417128,52922638,33222820,19699818,33026960,-195860,9286700,6781600,-63000,0,63000,41994930,41994930,0,7000000,3810000,769645770,761316500,1639070,43000,116.777777777778
4147,4,34,3,6,1,1,85271001.3,80814548,59957678,57211399,2746279,20856870,4456453.3,46490138,36751785,9738353,75532648.3,38780863.3,82744760,25533361,-533721,5863500,6397221,3280000,3280000,0,0,2000,330984583,305852000,1650783,550000,41.6428571428571
4149,5,34,3,4,1,1,76328881,69113881,47594271,17232780,30361491,21519610,7215000,41231526,37391976,3839550,72489331,35097355,32853500,15620720,30361491,42743981,12382490,0,0,0,0,210000,298646590,304024200,1816690,400000,148.941176470588
4150,5,34,2,7,1,3,29535660,7135660,487280,-3884830,4372110,6648380,22400000,33981170,33403170,578000,28957660,-4445510,13281500,17166330,2417110,5030000,2612890,1955000,1955000,0,447000,6760000,483468200,554287800,2138000,2138000,23.1428571428571
4152,3,40,3,5,2,1,25816401,25816401,25816401,2104200,23712201,0,0,40660295,32208326,8451969,17364432,-14843894,3960000,1855800,23712201,39500000,15787799,0,0,0,0,5060000,1030319610,1011009100,2542010,2670000,98.7333333333333
4155,3,40,2,5,4,4,44121730,44121730,44121730,1365440,42756290,0,0,34069724,24403370,9666354,34455376,10052006,2200000,834560,-229150,0,229150,42985440,42985440,0,0,88000,1382374288,1369293500,1329288,1500000,98.7333333333333
4156,4,40,3,5,2,1,40700084,40700084,32698664,-811560,33510224,8001420,0,35075327,26693327,8382000,32318084,5624757,2200000,3011560,29010000,30300000,1290000,4500224,4500224,0,0,0,567916250,533499000,1570750,2000000,98.7333333333333
4158,3,34,2,3,3,5,83433158,80219958,59059118,62046933,-2987815,21160840,3213200,97394156,74364746,23029410,60403748,-13960998,112142853,50095920,-2987815,36437950,39425765,0,0,0,12474000,28689960,1060253920,1027230800,2182620,1000000,22.7692307692308
4160,5,34,2,3,1,2,15615156,15615156,6747656,9151790,-2404134,8867500,0,5882452,5872452,10000,15605156,9732704,10290500,1138710,-2404134,0,2404134,0,0,0,0,0,308111520,312441800,2062620,5000000,67.04
4161,2,40,3,6,5,3,46536780,46536780,46536780,-16698320,63235100,0,0,124408043,71902893,52505150,-5968370,-77871263,10100000,26798320,-894900,0,894900,64130000,64130000,0,0,118000,2970409006,2902414400,2460706,2200000,46
4162,4,40,3,3,1,1,79493108,78071012,59632092,7917072,51715020,18438920,1422096,30821164,27195804,3625360,75867748,48671944,10663012,2745940,41595020,51103880,9508860,10120000,10120000,0,27050265,15000000,864726009,869394400,1818409,2500000,116.777777777778
4163,2,34,1,6,2,1,-7274300,-7274300,-7274300,-7108890,-165410,0,0,16169480,14391980,1777500,-9051800,-23443780,27200250,34309140,-165410,200000,365410,0,0,0,0,0,202656660,170976100,2117160,2300000,21.5454545454545
4164,5,34,2,6,1,1,8183678,6253178,-18496732,-28052477,9555745,24749910,1930500,41210468,38188038,3022430,5161248,-33026790,28867425,56919902,9555745,12364560,2808815,0,0,0,0,1050000,776170716,655733600,2307116,120000,41.6428571428571
4165,4,34,3,3,2,1,60946160,60946160,60946160,37562960,23383200,0,0,20943430,18215760,2727670,58218490,40002730,46100000,8537040,23383200,37833500,14450300,0,0,0,0,0,215625100,201502900,1280400,883000,22.7692307692308
4166,5,34,3,7,2,1,52109000,52109000,47643170,31516240,16126930,4465830,0,28643466,26072006,2571460,49537540,23465534,54193700,22677460,16126930,20593000,4466070,0,0,0,0,1270000,174858747,156360300,1756247,570000,69
4167,4,34,2,6,1,1,-15783550,-15783550,-15783550,-20094050,4310500,0,0,31532250,28171020,3361230,-19144780,-47315800,84000000,104094050,-489500,0,489500,4800000,4800000,0,0,0,395541310,330681610,1601510,1601510,21.5454545454545
4168,3,34,2,3,2,1,48104850,48104850,42352350,18816610,23535740,5752500,0,44860860,41622860,3238000,44866850,3243990,33150000,14333390,21285740,28768000,7482260,2250000,2250000,0,0,5200000,489595300,488614500,1925300,5000000,22.7692307692308
4169,4,34,3,3,1,2,5822440,5822440,1624440,4252440,-2628000,4198000,0,30631560,26888060,3743500,2078940,-24809120,9900000,5647560,-2628000,235000,2863000,0,0,0,0,2500000,1019986780,1006026200,1911580,5000000,67.04
4171,3,34,2,7,4,2,224780850,224780850,224030850,209895850,14135000,750000,0,34434860,31029840,3405020,221375830,190345990,248000000,38104150,11255000,14060000,2805000,2880000,2880000,0,20000000,24000000,581088170,723381100,2468570,300000,23.1428571428571
4173,4,34,2,6,2,2,-127170998,-127170998,-127170998,-96995288,-30175710,0,0,37534872,32971631,4563241,-131734239,-164705870,39272100,136267388,-30175710,0,30175710,0,0,0,0,0,439352660,412143300,1715260,3000000,21.5454545454545
4174,4,34,2,6,1,1,-10692504.4,-15351460,-32402840,-47000811,14597971,17051380,4658955.6,46523660,36538075,9985585,-20678089.4,-57216164.4,34964319,81965130,715315,8549125,7833810,13882656,13882656,0,5107096,2321000,386741134,294835900,2427838,2300000,21.5454545454545
4175,1,34,3,6,1,1,409830,409830,409830,-959170,1369000,0,0,9146010,8928550,217460,192370,-8736180,19895690,20854860,-131000,0,131000,1500000,1500000,0,0,0,53677457,7347900,2126657,170000,41.6428571428571
4176,2,40,3,7,3,1,29699970,16309970,15912230,5215750,10696480,397740,13390000,19591938,19301938,290000,29409970,10108032,27900000,22684250,5806480,6424000,617520,4890000,4890000,0,0,0,261247100,263352400,1673800,1700000,183.5
4179,3,34,2,3,3,2,131547566.4,131206566,130306566,124673829,5632737,900000,341000.4,45766102,39335122,6430980,125116586.4,85781464.4,131962453,7288624,2372737,4063355,1690618,3260000,3260000,0,0,19450000,430261997,523464400,1607197,1000000,22.7692307692308
4180,3,34,3,6,1,3,58941538,58827294,55666794,-18423217,74090011,3160500,114244,58963188,49616368,9346820,49594718,-21650,29374196,47797413,73590011,118240000,44649989,500000,500000,0,22713876,50885000,132695009,86166400,1674333,0,64.1666666666667
4181,4,34,2,7,1,2,28430850,28430850,21765850,19384500,2381350,6665000,0,20234420,19158420,1076000,27354850,8196430,20000000,615500,-2688650,3567500,6256150,5070000,5070000,0,0,0,230381100,250975800,1720700,1720700,69
4183,1,34,3,6,1,1,49019690,48379690,41348190,-1712700,43060890,7031500,640000,46341300,37610300,8731000,40288690,2678390,20581200,22293900,25910890,32564890,6654000,17150000,17150000,0,0,2890000,644616300,585845700,1766000,560000,64.1666666666667
4184,4,34,2,6,1,3,47511147,45495973,19362923,18141673,1221250,26133050,2015174,40496369,38179779,2316590,45194557,7014778,51753323,33611650,1221250,6456470,5235220,0,0,0,72030756,216880000,733434074,880580400,1571418,785000,64.1666666666667
4185,3,34,2,6,1,1,65963290,65963290,64063290,37087290,26976000,1900000,0,28779250,24222150,4557100,61406190,37184040,92014000,54926710,26976000,28106000,1130000,0,0,0,0,420000,315749200,278968900,2093200,300000,64.1666666666667
4186,2,34,2,6,5,1,-19590325,-19590325,-30390325,-63290325,32900000,10800000,0,80788380,70008380,10780000,-30370325,-100378705,87770525,151060850,32900000,32900000,0,0,0,0,0,0,674116800,539933700,1643300,160000,64.1666666666667
4187,1,34,1,6,2,1,-82660700,-83960700,-117500400,-117500400,0,33539700,1300000,37786150,30285230,7500920,-90161620,-120446850,44028400,161528800,0,0,0,0,0,0,0,0,502170150,488416700,1683550,560000,64.1666666666667
4188,5,34,2,5,1,1,38638059.3333333,32517533,-121623.666666666,-9749284.66666667,9627661,32639156.6666667,6120526.33333333,46626138,34960553.3333333,11665584.6666667,26972474.6666667,-7988078.66666666,5676301,15425585.6666667,1327341,2177406,850065,8300320,8300320,0,31862166,274000,457903566,429416600,0,350000,68.875
4189,4,34,1,6,1,1,-95006572.8333334,-95212406.1666667,-99744972.8333334,-97766076,-1978896.83333333,4532566.66666667,205833.333333333,29650465.8333333,25182697.5,4467768.33333333,-99474341.1666667,-124657038.666667,97211310,194977386,-2260563.5,62250,2322813.5,281666.666666667,281666.666666667,0,708320,100000,575952020,485992300,0,2000000,21.5454545454545
4190,4,34,3,6,1,1,82552785.75,81833673.25,70445053.25,63844129.5,6600923.75,11388620,719112.5,39244579.375,21508260.625,17736318.75,64816467,43308206.375,125220171,61376041.5,5107173.75,7183756,2076582.25,1493750,1493750,0,2316250,7123750,1184759650,1215299400,0,5000000,64.1666666666667
4191,4,34,3,6,3,1,96855199.75,78902737.25,60948777.25,72292063.5,-11343286.25,17953960,17952462.5,45645524.375,39052075.625,6593448.75,90261751,51209675.375,172397475,100105411.5,-13337036.25,13423756,26760792.25,1993750,1993750,0,22672250,49905750,715222650,1046463100,0,51000,64.1666666666667
5001,4,35,3,7,1,1,89327550,89327550,81263500,-88000,81351500,8064050,0,55261685,48442080,6819605,82507945,34065865,0,88000,81351500,83319500,1968000,0,0,0,0,500000,232068400,198364200,1660700,1660700,116.916666666667
5002,4,35,3,7,1,1,70711212.8,39223992,20382703,9111040,11271663,18841289,31487220.8,41151191,33446151,7705040,63006172.8,29560021.8,17443000,8331960,10647963,23545509,12897546,623700,623700,0,7347163,23940000,214491704,207546941,1070041,1070041,116.916666666667
5003,4,35,2,5,1,1,65715342.2,54539500,40206620,8992405,31214215,14332880,11175842.2,45278911,36071585,9207326,56508016.2,20436431.2,11076450,2084045,31214215,51257605,20043390,0,0,0,17514661,13878226,550185738,526460577,1791977,1791977,122.354838709677
5005,5,35,3,5,1,1,30954228.5,23029890,10777960,-480750,11258710,12251930,7924338.5,21722276,21101736,620540,30333688.5,9231952.5,1029600,1510350,10984579,17034551,6049972,274131,274131,0,2069210,116000,148249277,141641767,2271967,2271967,122.354838709677
5007,5,35,3,2,1,2,6326700,6326700,3206700,466220,2740480,3120000,0,18165750,16047990,2117760,4208940,-11839050,3274000,2807780,2740480,8993870,6253390,0,0,0,5700000,3320000,137219442,124876700,1150842,1000000,21.6666666666667
5010,3,35,2,1,3,5,280849356.2,274963902,256138742,230680598,25458144,18825160,5885454.2,121108030,89216257,31891773,248957583.2,159741326.2,742657530,511976932,-2291856,5778820,8070676,27750000,27750000,0,153611754,649941300,551390669,513419700,2002715,3000000,8.21739130434783
5011,5,35,2,8,1,2,20204119,18867719,3942719,896130,3046589,14925000,1336400,18891160,15901160,2990000,17214119,1312959,3790000,2893870,1615589,6319690,4704101,1431000,1431000,0,2648000,510000,291610100,282031200,1853000,3000000,608
5013,2,35,1,7,1,1,35152894,35152894,26175190,34055510,-7880320,8977704,0,16525783,14991513,1534270,33618624,18627111,40300000,6244490,-7880320,5048720,12929040,0,0,0,0,0,12879350,51922950,1621050,1621050,116.916666666667
5014,4,35,3,1,1,4,59056653,54399930,38195270,2931420,35263850,16204660,4656723,42517138,38682778,3834360,55222293,16539515,3709900,778480,33363850,43132170,9768320,1900000,1900000,0,15200000,0,383341220,351904200,1687420,2000000,63.2
5015,3,35,3,2,1,1,46062300,46062300,46062300,6020470,40041830,0,0,22127550,20397550,1730000,44332300,23934750,7085300,1064830,40041830,45776250,5734420,0,0,0,1400000,33250000,-6372804,15521000,2383296,5000000,129.307692307692
5016,4,35,3,7,3,1,80167446,77018430,65654750,35590830,30063920,11363680,3149016,43533539,40693977,2839562,77327884,36633907,62647240,27056410,30063920,39558000,9494080,0,0,0,0,40000,828711822,865708922,2058222,2058222,39
5017,2,35,2,7,3,1,253635900,253635900,253635900,249413400,4222500,0,0,52222200,48302200,3920000,249715900,201413700,290000000,40586600,4222500,5302500,1080000,0,0,0,0,0,741810150,980933550,2106750,2106750,39
5018,3,35,1,7,1,1,182125200,182125200,182125200,182150200,-25000,0,0,23075000,18954640,4120360,178004840,159050200,217800000,35649800,-25000,0,25000,0,0,0,0,0,513806500,715531700,1560000,1560000,39
5019,3,35,3,7,3,1,57727192,57727192,57727192,29058400,28668792,0,0,52871561,49613181,3258380,54468812,4855631,100000000,70941600,28668792,33000000,4331208,0,0,0,0,8330000,525775423,541086623,1844523,1844523,116.916666666667
5021,5,35,3,5,1,1,19208682,19208682,-3217318,207340,-3424658,22426000,0,13781550,11291550,2490000,16718682,5427132,825000,617660,-3424658,0,3424658,0,0,0,11870000,2450000,240469510,228426210,1979710,1979710,122.354838709677
5028,5,35,3,7,1,1,8746100,8356100,2115100,2215100,-100000,6241000,390000,8732100,8532100,200000,8546100,14000,4800000,2584900,-100000,0,100000,0,0,0,0,1200000,85415360,85040360,1799960,1799960,35.9722222222222
5029,5,35,2,6,1,2,-125705,-1035705,-21612085,-24422140,2810055,20576380,910000,29025302,25960342,3064960,-3190665,-29151007,14368921,38791061,-559945,1692160,2252105,3370000,3370000,0,22155000,2693600,382844710,311406300,1631410,2000000,15.1428571428571
5030,4,35,2,6,1,2,5673822,5673822,-1234178,-7021008,5786830,6908000,0,21938384,13956574,7981810,-2307988,-16264562,9932362,16953370,1106830,3656540,2549710,4680000,4680000,0,18000000,2400000,184426939,153396900,1854939,2000000,15.1428571428571
5031,4,35,2,6,1,1,3570980,2400980,1800980,-3963960,5764940,600000,1170000,16239980,14668330,1571650,1999330,-12669000,1747500,5711460,4804940,6640940,1836000,960000,960000,0,2000000,1200000,305554150,290011100,1457050,3000000,15.1428571428571
5032,5,35,1,6,1,1,-2216900,-2216900,-6140900,-6123900,-17000,3924000,0,13347608,12589608,758000,-2974900,-15564508,160815900,166939800,-17000,0,17000,0,0,0,101200000,22752800,139387620,29479800,1655120,3000000,15.1428571428571
5033,4,35,3,5,2,2,24359008,22942718,5782808,3436608,2346200,17159910,1416290,46899532,33158832,13740700,10618308,-22540524,4422220,985612,2346200,32163290,29817090,0,0,0,17968220,6777440,474446160,445284700,1631960,2000000,149.307692307692
5034,5,35,3,1,1,2,74663343.5,52751866,28848916,-15742850,44591766,23902950,21911477.5,61476799,51453789,10023010,64640333.5,13186544.5,0,15742850,43702090,169670900,125968810,889676,889676,0,138700000,6020000,650360750,477457100,1570450,1000000,63.2
5035,5,35,3,5,1,2,17790702,17411440,4733040,6330,4726710,12678400,379262,12858090,8253970,4604120,13186582,4932612,109340,103010,1177710,2075490,897780,3549000,3549000,0,4692000,0,612614128,584549500,2027828,3000000,149.307692307692
5036,4,35,2,5,1,1,43248183,38758183,10421943,-1951210,12373153,28336240,4490000,34465474,25806504,8658970,34589213,8782709,10970200,12921410,12222685,37372605,25149920,150468,150468,0,0,0,237868677,206550700,1600277,1200000,122.354838709677
5037,4,35,3,8,1,1,25868974,24958974,17923674,-2881236,20804910,7035300,910000,24230096,20731792,3498304,22370670,1638878,739200,3620436,16553126,31787932,15234806,4251784,4251784,0,500000,0,195768844,165068000,2072444,1200000,608
5039,5,35,3,8,2,1,41478073.4,39613252,23551672,539862,23011810,16061580,1864821.4,11631555,11366440,265115,41212958.4,29846518.4,1058382,518520,19846220,29429980,9583760,3165590,3165590,0,0,2400000,362110148,358643900,1864848,2500000,124.117647058824
5040,3,35,3,1,3,1,46702805,41242805,41242805,-853970,42096775,0,5460000,29689215,26158965,3530250,43172555,17013590,0,853970,26996775,29461395,2464620,15100000,15100000,0,1200000,4200000,74852297,76587900,1892397,2000000,8.21739130434783
5042,5,35,3,3,1,1,81551232,76344232,57165432,34663140,22502292,19178800,5207000,21017398,20586025,431373,81119859,60533834,36691850,2028710,22118466,26520986,4402520,383826,383826,0,1000000,8450000,459320780,458751400,1529280,1000000,53.2857142857143
5043,4,35,2,3,1,1,64420284.8,58616623,34136813,17655810,16481003,24479810,5803661.8,28302656,26671656,1631000,62789284.8,36117628.8,26913570,9257760,15902395,25445705,9543310,578608,578608,0,12550000,6380000,178813266,163577100,2319666,1500000,53.2857142857143
5045,4,35,2,3,1,2,47726051,35321051,29582901,23528539,6054362,5738150,12405000,49559355,43925015,5634340,42091711,-1833304,35307919,11779380,6054362,16941244,10886882,0,0,0,0,2482000,142173075,149957700,1674175,7500000,53.2857142857143
5046,5,35,2,8,1,1,17282180,17282180,8213920,2515195,5698725,9068260,0,14088753,13627753,461000,16821180,3193427,3674000,1158805,498725,875135,376410,5200000,5200000,0,0,0,162237131,158000000,1898631,3500000,124.117647058824
5047,3,35,3,8,1,1,12724140,11424140,7734140,-1414800,9148940,3690000,1300000,14531536,12678060,1853476,10870664,-1807396,50000,1464800,8148940,21702840,13553900,1000000,1000000,0,7000000,0,337144649,337261300,1750649,500000,124.117647058824
5048,4,35,3,8,1,1,31052235,29503415,17587245,-1932980,19520225,11916170,1548820,12420030,11194860,1225170,29827065,18632205,2890000,4822980,6880225,42093065,35212840,12640000,12640000,0,0,12150000,84657576,72209800,2085976,2500000,124.117647058824
5049,5,35,3,5,1,1,86514967,65388827,28125767,29801792,-1676025,37263060,21126140,53050025,30208455,22841570,63673397,33464942,32013592,2211800,-6176025,1649185,7825210,4500000,4500000,0,2585700,44115000,564072561,582502300,1597661,2000000,122.354838709677
5051,5,35,2,5,1,1,61989163,57276163,38796083,12898355,25897728,18480080,4713000,40045944,35241844,4804100,57185063,21943219,22155250,9256895,15827728,22022448,6194720,10070000,10070000,0,18190000,63945000,768736080,772555100,1643880,3000000,122.354838709677
5052,5,35,3,8,1,1,30679164.5,28498226,7748466,-3382952,11131418,20749760,2180938.5,29389500,27201122,2188378,28490786.5,1289664.5,2336843,5719795,8434318,15915651,7481333,2697100,2697100,0,11700000,1450000,357427713,289538800,1678713,2500000,124.117647058824
5053,4,35,3,5,1,2,101202446,99382446,95507446,87755475,7751971,3875000,1820000,48399864,42201394,6198470,95003976,52802582,110739000,22983525,7001971,35021975,28020004,750000,750000,0,10600000,300000,689553548,760506000,2455148,2500000,122.354838709677
5054,5,35,3,5,1,1,29647056,25994901,9668701,2222444,7446257,16326200,3652155,23022879,21591719,1431160,28215896,6624177,5975750,3753306,7067716,19914380,12846664,378541,378541,0,12200000,3960000,476591200,471812800,2066900,2500000,122.354838709677
5055,5,35,3,8,1,1,32930531.6,31946000,20830620,-453495,21284115,11115380,984531.6,14274642,14223222,51420,32879111.6,18655889.6,1085450,1538945,21284115,75782485,54498370,0,0,0,1000000,35342000,191475731,233324500,1922931,2500000,124.117647058824
5056,4,35,2,8,1,1,41780409.3,39790354,22327414,4117940,18209474,17462940,1990055.3,21983448,17657468,4325980,37454429.3,19796961.3,7477050,3359110,2609474,8985900,6376426,15600000,15600000,0,0,56000,345102546,324481400,1621346,1500000,124.117647058824
5057,4,35,3,8,2,1,71008958,67514958,8877378,-8717520,17594898,58637580,3494000,100063882,46169598,53894284,17114674,-29054924,26451480,35169000,16580006,23126756,6546750,1014892,1014892,0,1150000,7980000,1099094898,1053361500,2446698,8000000,124.117647058824
5059,4,35,3,2,1,1,24222260,24222260,18942260,121500,18820760,5280000,0,22942360,20824360,2118000,22104260,1279900,2980500,2859000,18820760,20779760,1959000,0,0,0,4200000,0,581406780,536572200,2167080,3000000,129.307692307692
5060,5,35,2,6,1,1,44273524.4,40983097,14303177,-5328800,19631977,26679920,3290427.4,30726870,19741810,10985060,33288464.4,13546654.4,6556100,11884900,16207233,29917163,13709930,3424744,3424744,0,60764472,37481940,243178728,190173000,1864496,5000000,24.1666666666667
5061,5,35,3,1,1,1,76417790,76075890,61884090,1880670,60003420,14191800,341900,18847465,18747465,100000,76317790,57570325,2390000,509330,60003420,71299330,11295910,0,0,0,13650000,1200000,155687728,137538400,2589328,3000000,63.2
5062,5,35,3,8,1,1,-39543379,-39543379,-52780989,5061005,-57841994,13237610,0,39862931,37681321,2181610,-41724989,-79406310,7229000,2167995,-59151994,1531150,60683144,1310000,1310000,0,142627750,68080000,1037540565,1032878500,1505915,5000000,124.117647058824
5063,5,35,3,1,1,1,110194180,109804180,97388180,8229590,89158590,12416000,390000,21713650,18930650,2783000,107411180,88480530,9155000,925410,88348590,101306790,12958200,810000,810000,0,3700000,74970000,183624360,227608900,2417160,5000000,63.2
5064,4,35,2,7,1,2,92299306,92299306,92299306,114429080,-22129774,0,0,51644432,39871252,11773180,80526126,40654874,130058000,15628920,-22129774,66284700,88414474,0,0,0,157879000,114079000,1126101210,1304782800,1457510,5000000,39
5065,4,35,2,7,1,2,54921624,51931624,36945424,27619610,9325814,14986200,2990000,32442310,29183180,3259130,51662494,22479314,40330000,12710390,255814,5741414,5485600,9070000,9070000,0,18300000,16545000,1483427700,1471331800,2430300,5000000,39
5066,4,35,3,8,1,1,35400848,34541990,19263840,4940640,14323200,15278150,858858,30176500,26157780,4018720,31382128,5224348,30196700,25256060,11957100,21867670,9910570,2366100,2366100,0,19100000,35400000,392699344,377746000,1621944,2000000,124.117647058824
5067,4,35,3,8,1,2,31748631,31748631,20489111,6048240,14440871,11259520,0,25217458,24556498,660960,31087671,6531173,10317760,4269520,14440871,15959221,1518350,0,0,0,30000000,28103000,273114102,232718500,1802502,2000000,124.117647058824
5068,4,35,3,8,1,1,31004440,30607940,21820500,-9388790,31209290,8787440,396500,19887052,16619052,3268000,27736440,11117388,20774800,30163590,31164290,41225730,10061440,45000,45000,0,2000000,34364000,416286090,400938100,1239990,5000000,124.117647058824
5069,4,35,2,6,2,1,-12732750,-12732750,-12732750,-12732750,0,0,0,35644094,34612034,1032060,-13764810,-48376844,90675800,103408550,0,0,0,0,0,0,41700000,34540419,154338358,98790900,1926077,3000000,15.1428571428571
5072,5,35,3,7,1,2,28982918,13982918,2898038,-2840750,5738788,11084880,15000000,29611630,28605150,1006480,27976438,-628712,-1854500,986250,838788,1997608,1158820,4900000,4900000,0,4020000,0,375365690,360684900,1544290,2000000,116.916666666667
5073,3,35,2,7,1,1,48535177.8,48493869,40898819,12370590,28528229,7595050,41308.8,50773453,41649483,9123970,39411207.8,-2238275.2,28600000,16229410,4123708,23808450,19684742,24404521,24404521,0,78678571,141965112,209713951,159872400,1747382,5000000,39
5075,5,35,2,2,1,1,10233285,9843285,3996285,3869700,126585,5847000,390000,24286071,21699071,2587000,7646285,-14052786,3992700,123000,126585,9196570,9069985,0,0,0,18900000,11210000,238659970,218957200,2159570,3000000,129.307692307692
5076,5,35,3,3,1,2,56023715,56023715,36932825,35484290,1448535,19090890,0,30329708,24810598,5519110,50504605,25694007,37923650,2439360,-1465,56685,58150,1450000,1450000,0,2400000,50000,208415267,202659300,1423267,3000000,53.2857142857143
5078,5,35,3,8,1,1,28389642,27286657,15420177,278590,15141587,11866480,1102985,18771758,18199900,571858,27817784,9617884,1221000,942410,14419587,25744647,11325060,722000,722000,0,3400000,1400000,273232674,261533874,1932874,1932874,124.117647058824
5083,4,35,2,7,1,1,158520346.4,149050096,123204571,115162907,8041664,25845525,9470250.4,49160695,48699845,460850,158059496.4,109359651.4,176357200,61194293,7629748,10247800,2618052,411916,411916,0,5872000,4137500,567816967,471463800,1583167,2500000,39
5084,5,35,2,7,1,2,20898500,20898500,7743020,9082691,-1339671,13155480,0,42541096,39618716,2922380,17976120,-21642596,34650000,25567309,-2361010,0,2361010,1021339,1021339,0,0,22565000,984869955,1003813755,1598355,1598355,39
5085,3,35,1,7,2,1,331645102,316876102,316276102,308896402,7379700,600000,14769000,71546800,53915600,17631200,314013902,260098302,449507800,140611398,-290300,0,290300,7670000,7670000,0,1308300,5000000,378745839,277658639,1188539,1188539,39
5088,5,35,3,1,1,2,50337064,46307064,29528364,22398606,7129758,16778700,4030000,50656975,43861445,6795530,43541534,-319911,28041342,5642736,3509758,8933749,5423991,3620000,3620000,0,1000000,25899000,697167013,690662600,1953413,4000000,63.2
5089,4,35,2,8,1,1,63226548,49156548,47904178,45781790,2122388,1252370,14070000,42823167,39401167,3422000,59804548,20403381,101664213,55882423,1722388,9449500,7727112,400000,400000,0,1500000,6821000,537177577,534837600,1315577,5000000,124.117647058824
5091,5,35,2,8,1,1,-15443181,-17967239,-30869569,-23717338,-7152231,12902330,2524058,42539626,35791266,6748360,-22191541,-57982807,42463872,66181210,-7152231,3087129,10239360,0,0,0,0,8880000,577116493,520247200,1747393,1000000,124.117647058824
5092,5,35,2,4,1,1,-700765,-700765,-12548535,1782795,-14331330,11847770,0,38095909,37003399,1092510,-1793275,-38796674,15044500,13261705,-14331330,4296550,18627880,0,0,0,0,9320000,569982108,596075000,1860908,3500000,173.818181818182
5093,5,35,3,4,1,1,13748280,12673180,7475180,-3353640,10828820,5198000,1075100,22006078,16570878,5435200,8313080,-8257798,-862500,2491140,1272820,4067500,2794680,9556000,9556000,0,377780000,355550000,416363970,668843300,1980470,1000000,173.818181818182
5095,5,35,2,5,1,1,-22003768,-22978768,-29055388,4331731,-33387119,6076620,975000,71415782,59399210,12016572,-34020340,-93419550,45770000,41438269,-33387119,28000000,61387119,0,0,0,86800700,3338000,653900550,534599300,2174350,5000000,68.875
5096,5,35,2,4,2,1,46275540,43961540,11785540,7512610,4272930,32176000,2314000,36631009,23744632,12886377,33389163,9644531,13210050,5697440,4207320,11352450,7145130,65610,65610,0,6206480,2600800,306545806,275411300,1608826,1000000,173.818181818182
5097,5,35,2,5,1,1,36130604,30904604,20175604,19937024,238580,10729000,5226000,12637250,12281850,355400,35775204,23493354,33796434,13859410,238580,795000,556420,0,0,0,953610,403110,244504390,236694100,1828790,5000000,68.875
5098,4,35,3,4,1,1,38057150,35228740,22066640,14886140,7180500,13162100,2828410,40230850,31136750,9094100,28963050,-2173700,16989250,2103110,2413100,5144800,2731700,4767400,4767400,0,2821400,0,332192300,317359200,1951000,2000000,173.818181818182
5099,4,35,2,4,2,1,8484194,8354194,468194,-1306878,1775072,7886000,130000,33481463,27100555,6380908,2103286,-24997269,16457500,17764378,1775072,3050000,1274928,0,0,0,0,2300000,615772648,595508600,1596848,5000000,173.818181818182
5100,2,35,2,4,4,1,346900598,346900598,346900598,244560138,102340460,0,0,75897649,69685159,6212490,340688108,271002949,384971335,140411197,91540460,170646335,79105875,10800000,10800000,0,0,14987500,1883655636,2013710036,1605736,1605736,173.818181818182
5102,3,35,2,4,4,1,20752320,17302320,9842320,10524520,-682200,7460000,3450000,15876010,15539010,337000,20415320,4876310,14989000,4464480,-882200,0,882200,200000,200000,0,0,35000,339769622,334327100,2011922,2000000,173.818181818182
5103,5,35,3,6,1,1,88389666.9,88089415,50424475,7080313,43344162,37664940,300251.9,44155633,32230063,11925570,76464096.9,44234033.9,17645535,10565222,33815166,61790263,27975097,9528996,9528996,0,0,85118500,757761932,719600032,1572232,1572232,57.8571428571429
5105,4,35,2,8,1,1,43582859,43582859,34816359,38858584,-4042225,8766500,0,142311427,89645737,52665690,-9082831,-98728568,106756710,67898126,-4042225,0,4042225,0,0,0,30000000,4560000,723660651,631165900,1653651,1500000,124.117647058824
5106,5,35,3,8,1,1,32298019,31076526,-5834254,-4398172,-1436082,36910780,1221493,54487846,48996774,5491072,26806947,-22189827,27399489,31797661,-1869131,11851086,13720217,433049,433049,0,0,1339056,337241003,201944200,1225603,3000000,608
5109,5,35,3,5,1,1,23060925,23060925,20660925,-2038100,22699025,2400000,0,26044442,25136972,907470,22153455,-2983517,2387000,4425100,273085,2500950,2227865,22425940,22425940,0,0,275000,301393045,292963600,1515345,3000000,122.354838709677
5110,3,35,3,5,2,1,43044645,34650139,25744743,149490,25595253,8905396,8394506,44984284,41661934,3322350,39722295,-1939639,1650000,1500510,18572461,25649291,7076830,7022792,7022792,0,0,0,403809960,374843160,2022060,2022060,122.354838709677
5112,5,35,2,5,1,1,16029970,16029970,5653410,767920,4885490,10376560,0,27337162,26632432,704730,15325240,-11307192,1650000,882080,-1324510,0,1324510,6210000,6210000,0,0,700000,200392497,194586800,1883297,3000000,122.354838709677
5113,4,35,2,5,1,1,26453370,26453370,18503370,1306520,17196850,7950000,0,17913190,16030610,1882580,24570790,8540180,1650000,343480,196850,1424850,1228000,17000000,17000000,0,0,1100000,468017881,466232300,1547881,2000000,122.354838709677
5114,2,35,2,5,1,1,14357890,12758890,-4001110,-2751360,-1249750,16760000,1599000,28606371,27309371,1297000,13060890,-14248481,1320000,4071360,-1249750,482400,1732150,0,0,0,0,1800000,-75150615,-91667400,1868485,2500000,122.354838709677
5120,5,35,2,5,1,1,41599310,39909310,26349310,259000,26090310,13560000,1690000,29973980,25313980,4660000,36939310,11625330,1584000,1325000,25400310,29240020,3839710,690000,690000,0,0,0,183987920,157713520,1695820,1695820,122.354838709677
5127,5,35,1,7,1,1,16408300,15433300,4907000,-355000,5262000,10526300,975000,31773648,25213498,6560150,9848150,-15365348,0,355000,-88000,0,88000,5350000,5470000,120000,0,0,270065990,263029390,1686390,1686390,116.916666666667
5134,5,35,2,3,1,1,12485910,11835910,1053410,-690060,1743470,10782500,650000,18407400,17956400,451000,12034910,-5921490,543940,1234000,663470,3025290,2361820,1080000,1080000,0,0,0,174727809,167807500,1814509,1200000,53.2857142857143
5135,4,35,3,4,1,1,20985889,19514289,19514289,5521316,13992973,0,1471600,40690650,35098230,5592420,15393469,-19704761,12644766,7123450,-2581557,17292293,19873850,16574530,16574530,0,182000,12534300,414670809,396610000,1837809,3000000,173.818181818182
5137,5,35,2,6,1,1,4515720,2461720,-6006280,-14908450,8902170,8468000,2054000,32791720,31881720,910000,3605720,-28276000,27607150,42515600,8902170,14437170,5535000,0,0,0,42000000,7700000,297653900,214611400,2097700,3000000,15.1428571428571
5138,5,35,3,5,1,1,14901940,13328940,3647293,2379900,1267393,9681647,1573000,8441350,7316470,1124880,13777060,6460590,2412500,32600,927393,1508193,580800,340000,340000,0,2300000,0,82119726,78776500,2236626,3000000,149.307692307692
5139,5,35,2,5,1,1,33447721,33187721,8832961,3468500,5364461,24354760,260000,25989026,21500026,4489000,28958721,7458695,5571500,2103000,-1059790,426210,1486000,6424251,6424251,0,3000000,5588000,243921771,240384600,2334471,5000000,149.307692307692
5141,4,35,3,5,1,1,69124700,56284235,42011905,4963660,37048245,14272330,12840465,26673870,23583470,3090400,66034300,42450830,12682500,7718840,35861583,56563353,20701770,1186662,1186662,0,1800000,2218700,461163357,462752900,1830957,5000000,68.875
5142,4,35,2,4,1,1,18493590,18493590,17193590,-1574810,18768400,1300000,0,21418210,18589510,2828700,15664890,-2924620,2300000,3874810,-2831600,500000,3331600,21600000,21600000,0,11380000,1800000,572265300,545974100,1323100,1000000,173.818181818182
5143,3,35,2,6,2,3,48644014,43146990,38181590,-3299054,41480644,4965400,5497024,74991026,56335416,18655610,29988404,-26347012,121996567,125295621,39832748,49254484,9421736,1647896,1647896,0,35700000,11100000,616685144,513877900,1757344,5000000,15.1428571428571
5144,3,35,3,6,2,1,99740540,99740540,99740540,19345550,80394990,0,0,48739500,38503500,10236000,89504540,51001040,53195950,33850400,80394990,84764790,4369800,0,0,0,28700000,28731000,269510613,247995800,1233413,3000000,57.8571428571429
5145,5,35,2,7,1,1,26736750,26671750,14611750,6912670,7699080,12060000,65000,30678680,29438680,1240000,25496750,-3941930,15440000,8527330,7699080,13637480,5938400,0,0,0,13100000,12470000,1617286200,1583010100,2149700,3000000,39
5148,4,35,3,4,1,1,10868561,10647561,1505451,-13248920,14754371,9142110,221000,39502412,36821152,2681260,8187301,-28633851,1766900,15015820,13616365,28360620,14744255,1138006,1138006,0,75000,9271238,483874071,429062300,1535971,1000000,173.818181818182
5149,3,35,2,7,3,1,77176179,77176179,76876179,80553679,-3677500,300000,0,68953115,50871465,18081650,59094529,8223064,153200000,72646321,-3677500,0,3677500,0,0,0,0,1950000,583529623,658313000,2445323,1000000,39
5150,4,35,3,4,2,1,62872085,62872085,62872085,22099490,40772595,0,0,45747532,43188422,2559110,60312975,17124553,38859350,16759860,40772595,46130415,5357820,0,0,0,17184712,17454104,831587219,810477100,2104619,3000000,173.818181818182
5151,4,35,3,7,1,1,36976598,35921841,15639601,14991153,648448,20282240,1054757,33583634,31981934,1601700,35374898,3392964,35333000,20341847,648448,2725000,2076552,0,0,0,1100000,1004000,511259173,470701100,1624673,5000000,116.916666666667
5152,5,35,2,7,1,1,5898600,5118600,2449450,-3188360,5637810,2669150,780000,18986575,17592932,1393643,4504957,-13087975,-1000000,2188360,177810,300000,122190,5460000,5460000,0,0,15800,61411823,53700000,1329423,2000000,116.916666666667
5153,5,35,2,8,1,2,11364250,11364250,-1364110,-1472620,108510,12728360,0,9006978,8995978,11000,11353250,2357272,1650000,3122620,108510,577250,468740,0,0,0,300000,5500000,278138270,274667300,1623570,2000000,608
5154,4,35,3,7,1,1,-18229199,-18359199,-24459199,-3297487,-21161712,6100000,130000,7836720,6641720,1195000,-19424199,-26065919,1650000,4947487,-21161712,105000,21266712,0,0,0,0,9500000,61436814,664447614,2534814,2534814,35.9722222222222
5156,5,35,3,5,1,1,17643850,17643850,11743850,1104150,10639700,5900000,0,9895342,9675742,219600,17424250,7748508,1256750,152600,10439700,12220700,1781000,200000,200000,0,0,1720000,24295131,21916931,1501331,1501331,122.354838709677
5157,4,35,3,5,1,1,54739460,54349460,42273890,18428190,23845700,12075570,390000,37746307,34867520,2878787,51860673,16993153,23739100,5310910,23845700,33374910,9529210,0,0,0,13265106,2859000,465308671,429484365,2283065,2283065,122.354838709677
5159,5,35,2,5,1,1,7668550,7408550,2056150,908750,1147400,5352400,260000,15106460,13119600,1986860,5681690,-7437910,1320000,411250,547400,1191900,644500,600000,600000,0,0,998000,197815722,192444600,1542622,3000000,122.354838709677
5160,5,35,2,5,1,1,47217905,45194455,29550495,8291910,21258585,15643960,2023450,56255126,46829706,9425420,37792485,-9037221,12065350,3773440,15844585,31911515,16066930,5414000,5414000,0,29913120,70550000,634228048,634207000,1467728,2000000,122.354838709677
5162,5,35,3,7,2,1,-226149,-1668499,-15111279,-16640800,1529521,13442780,1442350,20102087,19661887,440200,-666349,-20328236,-14200000,2440800,1517710,3935875,2418165,11811,11811,0,7040000,2400000,593791640,557803270,1970940,1089270,116.916666666667
5164,5,35,3,5,1,2,44998458.7,43005066,26735176,585762,26149414,16269890,1993392.7,26489425,25057605,1431820,43566638.7,18509033.7,2480500,1894738,16752158,20210730,3458572,9397256,9397256,0,0,2420000,357436189,340622789,2126389,2126389,122.354838709677
5165,5,35,3,7,1,1,48042420,46222420,34707420,36294320,-1586900,11515000,1820000,58779320,50521220,8258100,39784320,-10736900,40000000,3705680,-2786900,5977000,8763900,1200000,1200000,0,0,1259000,191207630,160138230,1612030,1612030,116.916666666667
5167,5,35,2,5,1,1,22174890,21459890,12129890,957250,11172640,9330000,715000,16695932,14961732,1734200,20440690,5478958,1650000,692750,6137640,9732940,3595300,5035000,5035000,0,0,7800000,146499490,135029590,1499390,1499390,122.354838709677
5168,5,35,3,5,1,1,29774930,23144930,11059930,-2020,11061950,12085000,6630000,19596740,18511740,1085000,28689930,10178190,1320000,1322020,11061950,14296450,3234500,0,0,0,0,10600000,206116900,209609300,1656700,2500000,122.354838709677
5169,5,35,2,5,1,1,25050930,22060930,11270930,345010,10925920,10790000,2990000,24204800,22389210,1815590,23235340,846130,1345000,999990,10925920,18151470,7225550,0,0,0,10200000,85000,288283280,268195980,2789280,2789280,122.354838709677
5171,4,35,2,7,1,1,9966410,9966410,9966410,11814410,-1848000,0,0,18546860,17636860,910000,9056410,-8580450,33444000,21629590,-1848000,210000,2058000,0,0,0,12880000,2000000,177960079,136254100,2447779,5000000,39
5172,4,35,3,8,1,2,13533875,11973875,4348165,1300990,3047175,7625710,1560000,16710630,16204600,506030,13027845,-3176755,6906950,5605960,2955145,6592445,3637300,92030,92030,0,0,1072940,173655200,155311800,1577000,1000000,124.117647058824
5173,4,35,2,3,1,1,14462495,13552495,5963605,5678428,285177,7588890,910000,13860042,13339422,520620,13941875,602453,8031558,2353130,285177,5553507,5268330,0,0,0,0,0,84737320,88499500,1627620,2500000,53.2857142857143
5174,5,35,3,5,1,1,73599034.8,61020826,46535316,25134633,21400683,14485510,12578208.8,73072572,54889060,18183512,55415522.8,526462.799999997,57263762,32129129,20849336,45860769,25011433,551347,551347,0,3000000,41370000,130314287,125509400,1827787,5000000,122.354838709677
5175,5,35,1,7,1,1,44716550,44716550,41110550,40883800,226750,3606000,0,11452950,9961350,1491600,43224950,33263600,54880000,13996200,-223250,0,223250,450000,450000,0,0,0,123583300,108834000,1629500,1629500,39
5176,5,35,2,5,1,1,64364790,64364790,53967790,49459310,4508480,10397000,0,18268550,15488550,2780000,61584790,46096240,66000000,16540690,4508480,14206150,9697670,0,0,0,0,80000,540268250,523801650,1551250,1551250,122.354838709677
5178,4,35,3,5,1,1,40506665,40506665,38649665,1687860,36961805,1857000,0,27261100,26191100,1070000,39436665,13245565,3499100,1811240,34261805,48685835,14424030,2700000,2700000,0,0,5490000,49330650,50127450,1875750,1875750,122.354838709677
5179,4,35,3,7,1,1,51348230,51348230,48048230,12379125,35669105,3300000,0,30569080,26224460,4344620,47003610,20779150,16571500,4192375,35669105,40099130,4430025,0,0,0,0,5833630,283431100,268551300,2224900,2224900,116.916666666667
5180,5,35,3,5,1,1,61825900,61825900,53373900,54140300,-766400,8452000,0,15132100,14227100,905000,60920900,46693800,55000000,859700,-766400,0,766400,0,0,0,0,0,201957500,252313400,1500000,1500000,122.354838709677
5181,5,35,2,5,1,1,20958100,20048100,-751900,-308600,-443300,20800000,910000,10292500,10042500,250000,20708100,10665600,1540000,1848600,-443300,750400,1193700,0,0,0,0,750000,184038700,186900500,1559500,1559500,122.354838709677
5182,5,35,1,7,1,1,4629220,4629220,-1190780,-756780,-434000,5820000,0,21558050,20601050,957000,3672220,-16928830,8100000,8856780,-434000,0,434000,0,0,0,0,0,144556510,137998210,1604810,1604810,35.9722222222222
5183,5,35,2,7,1,1,6003940,6003940,723940,-351630,1075570,5280000,0,21169730,21019730,150000,5853940,-15165790,636000,987630,-4924430,1639580,6564010,6000000,6000000,0,10000000,505000,196377970,178948700,2362670,3000000,116.916666666667
5184,3,35,3,8,1,1,111051772,111051772,111051772,-1874180,112925952,0,0,26146907,22757760,3389147,107662625,84904865,-913450,960730,112925952,126001522,13075570,0,0,0,20000000,2400000,93482030,249477600,1809780,2000000,608
5187,4,35,3,3,1,1,37896814.6666667,35635898,19199094.6666667,17779358,1419736.66666667,16436803.3333333,2260916.66666667,36165632.8333333,21150182.5,15015450.3333333,22881364.3333333,1731181.83333333,23019375,5240017,-2879002.33333333,7633502,10512504.3333333,4298739,4298739,0,1183333.33333333,2125333.33333333,116504966.666667,184943400,0,1000000,53.2857142857143
6002,5,36,2,8,1,2,14763217,14503217,5547997,4779218,768779,8955220,260000,16536249,9340779,7195470,7567747,-1773032,10364780,5585562,768779,3469285,2700506,0,0,0,6437000,180000,542747780,535065900,1894280,0,109.117647058824
6004,5,36,2,8,1,1,40934830,40931580,25928760,11534410,14394350,15002820,3250,13045444,12182934,862510,40072320,27889386,14703050,3168640,13953330,17702570,3749240,441020,441020,0,1200000,1200000,323668560,317220200,2041460,0,67.2
6005,5,36,3,8,1,1,34165745,33645745,16804095,-27650,16831745,16841650,520000,22888171,22365925,522246,33643499,11277574,1474600,1502250,8884906,13509070,4624164,7946839,7946839,0,3300000,2400000,481240739,464364400,1768339,0,109.117647058824
6006,5,36,2,8,1,2,29890359,28356359,6549529,1791820,4757709,21806830,1534000,38955393,36205843,2749550,27140809,-9065034,8097000,6305180,2767072,7129170,4362098,1990637,1990637,0,4750000,4020000,378255143,359105500,1674043,0,109.117647058824
6008,4,36,3,2,1,3,81572056,80984066,49106836,13465330,35641506,31877230,587990,47335620,46112160,1223460,80348596,34236436,22898300,9432970,35223506,43387776,8164270,418000,418000,0,1000000,12780000,649551790,627898100,1947790,0,129.307692307692
6009,5,36,2,1,1,4,10766498,10636498,-882532,-1288910,406378,11519030,130000,12859884,11794604,1065280,9701218,-2093386,4265000,5553910,55270,501000,445730,351108,351108,0,500000,0,676956300,679804600,2000000,0,36.1818181818182
6010,5,36,2,8,1,2,39791228,38837278,13615208,4528160,9087048,25222070,953950,22872040,21693840,1178200,38613028,16919188,8178100,3649940,8742128,24378738,15636610,344920,344920,0,15100000,2257200,482474125,464086900,2430925,0,109.117647058824
6011,5,36,2,8,1,1,28784190,5384190,-1805810,-1962290,156480,7190000,23400000,29229164,28508404,720760,28063430,-444974,2138000,4100290,82680,1398380,1315700,73800,73800,0,1850000,300000,371448487,363193100,1891087,0,109.117647058824
6012,5,36,3,8,1,1,43481830,42441830,23772750,4136025,19636725,18669080,1040000,37923593,24721624,13201969,30279861,5558237,8912100,4776075,11345525,24681645,13336120,8291200,8291200,0,6300000,20200000,440868920,431023700,1606920,0,109.117647058824
6016,4,36,2,8,1,1,45244155,44724155,34870315,1707665,33162650,9853840,520000,27526024,24092414,3433610,41810545,17718131,4980650,3272985,808380,1702940,894560,32354270,32354270,0,10721100,10067610,475892760,461049700,1893760,0,109.117647058824
6018,5,36,3,8,1,1,22140720,21564820,9158290,-588640,9746930,12406530,575900,35471280,23400828,12070452,10070268,-13330560,9523800,10112440,931320,8829145,7897825,8815610,8815610,0,5649200,720000,163948920,148381300,1723220,0,109.117647058824
6019,5,36,3,8,1,1,44966740,31446740,15433800,4018250,11415550,16012940,13520000,9367480,7208710,2158770,42807970,35599260,5738050,1719800,10956215,13655125,2698910,459335,459335,0,0,0,347479770,334648600,2387670,0,109.117647058824
6020,4,36,3,8,1,1,43057050,33811262,18346132,-627734,18973866,15465130,9245788,55077782,47485173,7592609,35464441,-12020732,6815500,7443234,14098102,21128506,7030404,4875764,4875764,0,3700000,22206000,417296759,393885800,1989959,0,109.117647058824
6021,5,36,2,8,1,2,21344270,21344270,11900270,5383170,6517100,9444000,0,12587040,12491040,96000,21248270,8757230,8675000,3291830,405600,1188200,782600,6111500,6111500,0,1000000,0,126774200,114843400,1605100,0,109.117647058824
6022,5,36,2,1,1,2,28997240,27976740,11460290,2179200,9281090,16516450,1020500,11803850,11280500,523350,28473890,17193390,4964800,2785600,5579890,6444890,865000,3701200,3701200,0,3400000,1600000,637514638,630446200,1773438,0,36.1818181818182
6023,5,36,2,8,1,2,13914770,13654770,-721360,-570550,-150810,14376130,260000,24958712,18439520,6519192,7395578,-11043942,9207280,9777830,-982730,2147680,3130410,831920,831920,0,5800000,0,327198353,305896400,1515853,0,109.117647058824
6024,5,36,3,7,1,1,7775447,7775447,130150,-363840,493990,7645297,0,52345380,51744840,600540,7174907,-44569933,4840000,5203840,493990,955260,461270,0,0,0,0,1920000,291183640,255171100,1816440,0,37.5357142857143
6025,4,36,2,7,2,1,19838590,19188590,4300090,-3971220,8271310,14888500,650000,52831170,43625170,9206000,10632590,-32992580,-540000,3431220,3761310,3924310,163000,4510000,4510000,0,0,0,233386090,194557600,1721890,0,37.5357142857143
6026,4,36,3,7,1,2,58189990,56889990,49549990,-26210640,75760630,7340000,1300000,81414597,77812944,3601653,54588337,-23224607,-23328000,2882640,72060630,72140530,79900,3700000,3700000,0,0,6000000,746365710,689438900,1277610,0,37.5357142857143
6027,5,36,2,7,1,2,43807650,43673945,30832265,28637930,2194335,12841680,133705,25573030,22867430,2705600,41102050,18234620,31805200,3167270,2194335,4631935,2437600,0,0,0,0,1000000,481455960,484202000,1773560,0,37.5357142857143
6028,5,36,3,7,1,4,11446930,11446930,-1755370,-5845200,4089830,13202300,0,26351570,26118680,232890,11214040,-14904640,-1453500,4391700,1389830,1931930,542100,2700000,2700000,0,0,1150000,266438425,251850400,1642325,0,37.5357142857143
6029,5,36,3,3,1,2,15688460,15688460,409660,-3225750,3635410,15278800,0,26943410,26810340,133070,15555390,-11254950,3131720,6357470,963110,3247700,2284590,2672300,2672300,0,0,1430000,388784250,357722700,1899150,0,88.9
6030,3,36,3,3,1,2,64596220,54416220,43876220,-9644600,53520820,10540000,10180000,31631550,26933300,4698250,59897970,32964670,-3840000,5804600,15520820,32411320,16890500,38000000,38000000,0,20160000,2830000,505903100,474635600,1841000,500000,88.9
6031,5,36,2,7,1,1,104281180,100966180,85114930,60547040,24567890,15851250,3315000,47056300,43781410,3274890,101006290,57224880,73271000,12723960,12102890,22421420,10318530,12465000,12465000,0,0,1660000,440229180,464633200,1696780,0,37.5357142857143
6032,5,36,2,7,3,1,23768700,23768700,10815890,3763230,7052660,12952810,0,26410532,26310532,100000,23668700,-2641832,18539600,14776370,6492660,9661900,3169240,560000,560000,0,0,0,342282840,298489000,1759940,0,37.5357142857143
6033,5,36,2,7,1,1,150651330,140251330,125970110,102914870,23055240,14281220,10400000,45931732,44081252,1850480,148800850,104719598,146685000,43770130,23055240,38005240,14950000,0,0,0,0,11450000,710635600,741923500,1207000,0,37.5357142857143
6034,5,36,2,4,2,2,52151420,49542940,26454390,19998940,6455450,23088550,2608480,45900405,43337315,2563090,49588330,6251015,24608860,4609920,3485450,4923150,1437700,2970000,2970000,0,3400000,1530000,514177830,491938200,1016730,500000,171.75
6035,4,36,3,6,1,1,8674596,6931686,-12211434,-29295944,17084510,19143120,1742910,33603072,23158180,10444892,-1770296,-24928476,1859326,31155270,13933980,24437140,10503160,3150530,3150530,0,0,2650000,595998672,548739072,1489472,1489472,11.5
6036,3,36,2,1,3,2,-15131027,-16431027,-23566027,-21947369,-1618658,7135000,1300000,72696880,57223244,15473636,-30604663,-87827907,39416257,61363626,-3615658,30245730,33861388,1997000,1997000,0,107530400,51655643,871930356,1019920456,1964456,1964456,8.21739130434783
6037,4,36,2,6,1,1,2612625,-1547375,-3114165,-4628485,1514320,1566790,4160000,27229402,25599782,1629620,983005,-24616777,22292000,26920485,614320,832250,217930,900000,900000,0,0,2680000,315945415,240528915,1747215,1747215,24.1666666666667
6038,4,36,2,6,1,1,59120464,58600464,58600464,26479254,32121210,0,520000,40118400,34502630,5615770,53504694,19002064,52840494,26361240,-210500,0,210500,32331710,32331710,0,0,27000000,559116062,549850700,1537062,1500000,24.1666666666667
6039,4,36,3,6,1,1,-34447520,-35487520,-35487520,-48261020,12773500,0,1040000,39624897,31237540,8387357,-42834877,-74072417,13382000,61643020,873500,1386220,512720,11900000,11900000,0,0,0,190653958,95692358,1702058,1702058,57.8571428571429
6040,4,36,2,6,1,4,15826025,15306025,7203605,5841774,1361831,8102420,520000,46275096,37843922,8431174,7394851,-30449071,11697582,5855808,1154010,1569000,414990,207821,207821,0,0,1090000,1128137660,1102591500,1768560,1500000,24.1666666666667
6041,5,36,2,6,1,2,28853585,25823347,8379167,-267705,8646872,17444180,3030238,11322962,11148722,174240,28679345,17530623,9379815,9647520,4333550,7886890,3553340,4313322,4313322,0,0,11500000,680587200,667656900,1288100,1288100,24.1666666666667
6043,5,36,3,7,1,2,-10718390,-11758390,-14058390,-2238690,-11819700,2300000,1040000,33495250,29850250,3645000,-14363390,-44213640,13500000,15738690,-11819700,3270,11822970,0,0,0,0,83150000,838049650,951076950,1799050,1799050,35.9722222222222
6044,5,36,3,7,1,1,22149260,20829260,6634200,4027810,2606390,14195060,1320000,31614310,30225500,1388810,20760450,-9465050,7080000,3052190,-303610,1014870,1318480,2910000,2910000,0,246000,235000,232475900,222170000,1695100,1695100,35.9722222222222
6045,4,36,3,7,1,1,79312700,68076010,50868510,-2519850,53388360,17207500,11236690,38877250,34457250,4420000,74892700,40435450,6000000,8519850,48848360,67259860,18411500,4540000,4540000,0,0,13640000,449948060,413138660,1492260,1492260,35.9722222222222
6047,3,36,3,2,5,2,51471396,51444070,23612990,-964630,24577620,27831080,27326,37777156,35952756,1824400,49646996,13694240,2460000,3424630,2707620,3823750,1116130,21870000,21870000,0,0,240000,234588023,220329500,1334723,0,129.307692307692
6048,4,36,2,1,1,1,18788576,18268576,1249486,2258932,-1009446,17019090,520000,51770354,50445494,1324860,17463716,-32981778,16415262,14156330,-2152090,2234610,4386700,1142644,1142644,0,149514569,1000000,1075353309,941486800,1881100,1500000,8.21739130434783
6049,2,36,2,7,1,1,67389250,67389250,60374900,56448120,3926780,7014350,0,10790520,10663960,126560,67262690,56598730,64432000,7983880,3656780,4016780,360000,270000,270000,0,0,0,446755850,441815300,1747350,0,37.5357142857143
6050,5,36,2,7,1,1,8665080,8665080,-1777820,-4524160,2746340,10442900,0,6737110,6663370,73740,8591340,1927970,-555000,3969160,2746340,3536240,789900,0,0,0,0,180000,1016229640,981618500,1409840,0,37.5357142857143
6051,5,36,2,3,1,2,-32826145.1,-33687906,-48115636,-49766340,1650704,14427730,861760.9,29417456,21718366,7699090,-40525235.1,-62243601.1,-39584220,10182120,1538734,24971009,23432275,111970,111970,0,7250000,13440000,705693199,667216100,1925999,0,88.9
6052,3,36,2,2,2,3,11233096,11233096,4188096,-12405140,16593236,7045000,0,25420882,22261422,3159460,8073636,-14187786,275500,12680640,980740,5004040,4023300,15612496,15612496,0,0,1320000,533412890,517729100,1983890,0,129.307692307692
6053,5,36,3,7,1,1,17667920,16367920,-1435080,-2572550,1137470,17803000,1300000,8165100,8105100,60000,17607920,9502820,1100,2573650,-62530,1374470,1437000,1200000,1200000,0,30000000,7620000,268171700,239321200,2265000,0,35.9722222222222
6054,5,36,2,6,1,1,39998478.1,36510504,11099424,-25772497,36871921,25411080,3487974.1,39831904,29879924,9951980,30046498.1,166574.100000001,59059708,84832205,35621921,48501566,12879645,1250000,1250000,0,244536750,26421580,1326812168,1193972568,1805668,1805668,57.8571428571429
6055,4,36,2,6,1,1,40687598,26167598,25520998,-7272972,32793970,646600,14520000,48740286,46073256,2667030,38020568,-8052688,39710198,46983170,14293970,14810000,516030,18500000,18500000,0,0,900000,248721993,265373100,1317393,1300000,24.1666666666667
6056,5,36,3,7,2,2,123005870,115058840,92804820,69728126,23076694,22254020,7947030,32813505,30237565,2575940,120429930,90192365,73230000,3501874,13435543,16924999,3489456,9641151,9641151,0,5825664,7620000,814585244,821903680,1788580,1788580,37.5357142857143
6057,5,40,2,7,1,1,389353830,389353830,375439170,347242340,28196830,13914660,0,27239650,26598950,640700,388713130,362114180,498267500,151025160,1696830,1739770,42940,26500000,26500000,0,0,2200000,277402650,307132000,1489750,1500000,28.3333333333333
6058,5,36,3,7,2,1,23591170,17481170,7432170,111310,7320860,10049000,6110000,31184786,28627176,2557610,21033560,-7593616,5250000,5138690,614860,980860,366000,6706000,6706000,0,40000000,1265000,240754970,194022070,1294870,1294870,35.9722222222222
6059,4,36,2,7,1,2,7727880,7727880,-4602890,-5276690,673800,12330770,0,22963140,22482900,480240,7247640,-15235260,1538500,6815190,673800,2371100,1697300,0,0,0,0,7156500,288726400,282902200,1664900,600000,37.5357142857143
6060,5,36,3,3,1,1,13566610,13566610,965210,359920,605290,12601400,0,13998640,13833640,165000,13401610,-432030,2099000,1739080,605290,1197790,592500,0,0,0,0,1200000,236284530,229247000,1563230,450000,88.9
6061,5,36,2,6,1,2,35342930,28426930,2105930,3354590,-1248660,26321000,6916000,43994160,41361160,2633000,32709930,-8651230,17145000,13790410,-1498660,306340,1805000,250000,250000,0,0,2200000,525762340,467503100,2960940,0,24.1666666666667
6062,5,36,2,1,1,5,36049080,35659080,28899080,-35368160,64267240,6760000,390000,67524980,62106560,5418420,30630660,-31475900,41355000,76723160,64267240,66115540,1848300,0,0,0,2400000000,2425550000,584758960,568659300,2010560,0,36.1818181818182
6063,5,36,3,4,1,2,23666530,23666530,8329130,-814600,9143730,15337400,0,19567560,19485520,82040,23584490,4098970,5528500,6343100,9143730,11383430,2239700,0,0,0,0,1440000,256078100,246351000,1919000,0,84
6064,3,36,3,4,1,1,24411723,20826723,18068943,-3251995,21320938,2757780,3585000,44734753,39853423,4881330,19530393,-20323030,2201945,5453940,5272138,13446688,8174550,16048800,16048800,0,0,4247000,270172012,241805700,1539112,0,171.75
6065,5,36,2,4,1,2,16855570,16075570,5088170,-3866400,8954570,10987400,780000,22239760,22135760,104000,16751570,-5384190,2054500,5920900,7204570,8636440,1431870,1750000,1750000,0,0,234000,325760590,310500800,2769090,0,171.75
6066,3,36,3,1,1,1,461723878,461723878,461123878,-6940000,468063878,600000,0,57918040,43077710,14840330,446883548,403805838,0,6940000,468063878,1113530300,645466422,0,0,0,0,0,438746872,424997300,1313172,0,8.21739130434783
6067,5,36,3,4,1,2,17910320,17910320,1320320,-720400,2040720,16590000,0,16318140,15272840,1045300,16865020,1592180,1712000,2432400,840720,1199720,359000,1200000,1200000,0,374370,1100000,353821930,345256500,1385760,720000,171.75
6068,5,36,3,7,1,1,63807699,62507699,44340089,31883990,12456099,18167610,1300000,23445860,22740760,705100,63102599,40361839,41715400,9831410,9126099,10275369,1149270,3330000,3330000,0,47000000,47000000,355217600,421544000,2081700,0,37.5357142857143
6069,4,36,3,7,1,1,24580550,24320550,17382390,9743700,7638690,6938160,260000,16745363,16659813,85550,24495000,7835187,12000000,2256300,178690,280690,102000,7460000,7460000,0,0,0,237836199,230957499,1974199,1974199,35.9722222222222
6070,5,36,3,7,1,1,-2267880,-3571780,-13608380,-7099550,-6508830,10036600,1303900,40673868,33935208,6738660,-9006540,-42941748,0,7099550,-6508830,606130,7114960,0,0,0,0,56470000,340191017,374374717,1668917,1668917,35.9722222222222
6071,4,36,3,7,1,1,15947840,15427840,3550840,-3570590,7121430,11877000,520000,26097600,25452600,645000,15302840,-10149760,0,3570590,4934430,22151430,17217000,2187000,2187000,0,3800000,2400000,358078150,403248250,1097650,1097650,35.9722222222222
6072,5,36,3,7,1,2,19403593,16803593,3076423,3580344,-503921,13727170,2600000,14909900,14849050,60850,19342743,4493693,6000000,2419656,-827921,85570,913491,324000,324000,0,0,0,387644520,378369620,2464220,2464220,35.9722222222222
6073,5,36,2,7,1,1,40390045,39870045,26256045,19249350,7006695,13614000,520000,29263860,28061140,1202720,39187325,11126185,21359000,2109650,7006695,11487195,4480500,0,0,0,70000000,130700000,689041410,803438710,1993410,1993410,35.9722222222222
6074,5,36,3,7,1,1,16023800,15503800,2218000,2585900,-367900,13285800,520000,26435309,25906989,528320,15495480,-10411509,3755500,1169600,-1204900,1350600,2555500,837000,837000,0,1000000,2500000,270482550,247760750,2507150,2507150,35.9722222222222
6075,5,36,2,7,1,1,35567173,24861218,6794168,-5470550,12264718,18067050,10705955,55166833,54336833,830000,34737173,-19599660,2533500,8004050,12123000,13158540,1035540,141718,141718,0,0,0,333084410,319398810,1493910,1493910,35.9722222222222
6076,5,36,2,7,1,1,46684600,43486600,18311240,16880070,1431170,25175360,3198000,22089748,19133198,2956550,43728050,24594852,35679000,18798930,1311170,1998170,687000,120000,120000,0,0,12900000,38870696,42825896,1522796,1522796,35.9722222222222
6077,5,36,2,7,1,1,44771458,43471458,27052718,28778070,-1725352,16418740,1300000,41882985,38630262,3252723,41518735,2888473,39280500,10502430,-4515352,8166350,12681702,2790000,2790000,0,0,0,563120606,528708006,2569906,2569906,35.9722222222222
6078,5,36,2,7,1,1,24247630,23727630,13356800,16841410,-3484610,10370830,520000,44306153,37236153,7070000,17177630,-20058523,29310000,12468590,-3484610,973690,4458300,0,0,0,0,400000,832898240,786300140,1709740,1709740,35.9722222222222
6081,5,36,3,8,1,1,9645020,9385020,4317520,1537950,2779570,5067500,260000,7474138,7282138,192000,9453020,2170882,3600000,2062050,-88430,784080,872510,2868000,2868000,0,0,0,215753930,211089730,1757230,1757230,109.117647058824
6082,4,36,2,6,1,1,-11143120,-11663120,-15938620,-17139850,1201230,4275500,520000,59678160,55881900,3796260,-14939380,-70821280,24666340,41806190,1201230,4327130,3125900,0,0,0,0,220000,437435188,444328200,1766888,1000000,24.1666666666667
6083,4,36,2,6,1,2,39265719,36925719,32618271,20611150,12007121,4307448,2340000,21568857,19518315,2050542,37215177,17696862,27120800,6509650,-1353529,163500,1517029,13360650,13360650,0,9829000,3950000,363858410,302793610,1478910,1478910,24.1666666666667
6084,4,36,2,6,1,4,113065108,100845108,100845108,102423574,-1578466,0,12220000,50058044,40357364,9700680,103364428,63007064,135692224,33268650,-1578466,643240,2221706,0,0,0,0,6530000,850356400,808853700,1483900,1483900,24.1666666666667
6085,4,36,2,6,1,1,30775221,29473271,4633271,5677006,-1043735,24840000,1301950,45053006,43339906,1713100,29062121,-14277785,14764486,9087480,-1043735,7089275,8133010,0,0,0,0,4450000,628742828,584776428,1646628,1646628,24.1666666666667
6086,5,36,2,6,1,1,30464543,29944543,11324373,8253788,3070585,18620170,520000,25573410,24838410,735000,29729543,4891133,20684238,12430450,910585,4715330,3804745,2160000,2160000,0,0,150000,403426110,370007300,1958110,2000000,24.1666666666667
6087,5,36,2,6,1,1,32511657,21398267,3177107,-1282885,4459992,18221160,11113390,19652068,18488928,1163140,31348517,12859589,6500000,7782885,739992,3842662,3102670,3720000,3720000,0,0,1200000,228200580,210489880,1553880,1553880,24.1666666666667
6088,3,36,2,6,1,1,27143596,-781404,-1436034,-23770049,22334015,654630,27925000,53658938,49786388,3872550,23271046,-26515342,10611281,34381330,1757555,3629525,1871970,20576460,20576460,0,7576489,3485000,276762679,254501600,1805890,2500000,57.8571428571429
6089,5,36,2,6,1,1,-4889113,-5149113,-14921513,-20151337,5229824,9772400,260000,32444122,32308722,135400,-5024513,-37333235,4925768,25077105,1968280,3621570,1653290,3261544,3261544,0,0,0,943619520,919918700,1250020,1000000,24.1666666666667
6090,4,36,2,6,2,5,-17984295,-21580095,-43727895,-42358155,-1369740,22147800,3595800,28903831,27855151,1048680,-19032975,-46888126,58476716,100834871,-1399740,944250,2343990,30000,30000,0,0,2200000,926361897,860282500,2034197,2000000,11.5
6092,5,36,1,1,1,2,18260415,4870415,-3308585,-3880685,572100,8179000,13390000,59967537,54121727,5845810,12414605,-41707122,91859300,95739985,72100,672600,600500,500000,500000,0,5550000,6380000,1061017610,1055148500,1363910,1300000,8.21739130434783
6093,4,36,2,1,1,2,-11623650,-12143650,-24352930,-27270880,2917950,12209280,520000,50729662,46535592,4194070,-15817720,-62353312,108916000,136186880,1947950,2959450,1011500,970000,970000,0,0,0,679764900,685246900,1379800,2000000,8.21739130434783
6094,4,36,3,4,2,1,-3902873,-5429073,-14896573,-14883610,-12963,9467500,1526200,46027550,38968150,7059400,-10962273,-49930423,1155000,16038610,-402963,4591467,4994430,390000,390000,0,0,6696000,531529600,533751500,1268200,1268200,171.75
6095,4,36,3,4,1,2,5069196,1429196,-7807844,-8606274,798430,9237040,3640000,20960810,20425040,535770,4533426,-15891614,0,8606274,798430,1472100,673670,0,0,0,0,1850000,331630380,314729080,1880880,1880880,84
6096,2,36,3,4,1,1,10011564,9491564,-1952940,-2229260,276320,11444504,520000,11963590,11920090,43500,9968064,-1952026,2200000,4429260,276320,951050,674730,0,0,0,0,2141200,151742930,142433430,2045630,2045630,171.75
6097,5,36,1,4,1,1,19298102,19038102,13716070,15012750,-1296680,5322032,260000,47276740,46021830,1254910,18043192,-27978638,21110000,6097250,-1296680,220920,1517600,0,0,0,0,3330000,311528790,288085090,1570090,1570090,171.75
6098,2,36,2,4,1,1,12279729,11239729,5144010,4295170,848840,6095719,1040000,15754770,15754770,0,12279729,-3475041,6025000,1729830,-231160,78900,310060,1080000,1080000,0,0,4000000,38207390,36798900,2964690,1800000,171.75
6099,4,36,3,4,1,1,-3718550,-4758550,-5176750,-5477210,300460,418200,1040000,13281870,12245610,1036260,-4754810,-17000420,2390000,7867210,-2099540,2021490,4121030,2400000,2400000,0,0,0,139974150,130477000,1603750,1000000,171.75
6100,4,36,3,4,1,1,2806020,1766020,-1047740,-443680,-604060,2813760,1040000,22651526,21457126,1194400,1611620,-19845506,1200000,1643680,-604060,425400,1029460,0,0,0,0,1000000,186319890,178622590,1522690,1522690,171.75
6101,3,36,3,4,1,1,41654026,41134026,39487626,-13839650,53327276,1646400,520000,44551050,43231780,1319270,40334756,-2897024,150000,13989650,44327276,46100001,1772725,9000000,9000000,0,411600,6600000,406301610,378189310,2435410,2435410,171.75
6102,4,36,2,4,1,1,14413240,13893240,7700920,-524950,8225870,6192320,520000,13227390,13082390,145000,14268240,1185850,1200000,1724950,-2574130,528870,3103000,10800000,10800000,0,0,17000000,123750550,138564250,1915850,1915850,171.75
6103,4,36,3,4,1,1,33582400,32542400,3142400,3690850,-548450,29400000,1040000,26059660,24992410,1067250,32515150,7522740,6000000,2309150,-548450,16350,564800,0,0,0,0,0,99551350,93018700,2209050,5000000,171.75
6106,5,36,2,4,1,1,32731391,28254210,14932160,2038260,12893900,13322050,4477181,55974640,54743080,1231560,31499831,-23243249,7506000,5467740,10113900,12163600,2049700,2780000,2780000,0,0,0,327645510,296168700,1614510,5000000,171.75
6107,3,36,3,4,1,1,27929490,26369490,25169490,7562860,17606630,1200000,1560000,24987350,23248000,1739350,26190140,2942140,13540000,5977140,3826630,6004250,2177620,13780000,13780000,0,0,0,178046890,166198693,1392790,3927793,171.75
6110,5,36,3,7,1,2,30752540,26852540,11525715,2602960,8922755,15326825,3900000,24673535,23198055,1475480,29277060,6079005,3700000,1097040,3882755,7328625,3445870,5040000,5040000,0,1227479,0,780556489,769144810,1583610,1583610,37.5357142857143
6111,5,36,3,1,1,2,38637176,38117176,24014796,1093850,22920946,14102380,520000,29169880,28358880,811000,37826176,9467296,5563100,4469250,19920946,24868946,4948000,3000000,3000000,0,0,55000,588726478,563593078,1287578,1287578,36.1818181818182
6112,5,36,2,8,1,1,24213226,22006696,8192696,6618566,1574130,13814000,2206530,13591300,12770300,821000,23392226,10621926,20871106,14252540,1574130,3930250,2356120,0,0,0,0,400000,335497667,319426767,1160267,1160267,67.2
6113,4,36,2,8,1,2,9572810,8852610,300690,-2138380,2439070,8551920,720200,30120895,27085745,3035150,6537660,-20548085,2760350,4898730,2439070,5262195,2823125,0,0,0,832800,1450000,578608640,570648840,1231940,1231940,67.2
6114,5,36,3,1,1,2,115631690,114461690,71204680,-2593510,73798190,43257010,1170000,31514408,30676958,837450,114794240,84117282,1872000,4465510,73498190,87697840,14199650,300000,300000,0,0,2400000,806421300,760599000,1539300,1539300,36.1818181818182
6115,4,36,3,1,1,1,44797915,44277915,30797915,-2833330,33631245,13480000,520000,27642128,27146528,495600,44302315,17155787,884000,3717330,33631245,38050630,4419385,0,0,0,0,1644000,201490220,174001620,1314520,1314520,8.21739130434783
6116,5,36,3,4,1,2,31928450,30328450,10512450,3463120,7049330,19816000,1600000,18271870,17823870,448000,31480450,13656580,6078000,2614880,7049330,11571530,4522200,0,0,0,0,1800000,362141860,360029360,1641060,1641060,171.75
6117,5,36,3,8,1,1,39729974.5,37819069,20036409,-1156750,21193159,17782660,1910905.5,44758690,39970550,4788140,34941834.5,-5028715.5,1320000,2476750,18123953,30719933,12595980,3069206,3069206,0,897300,39670500,317554850,326766250,1989950,1989950,455
6118,5,36,2,8,1,2,15439480,13944480,-10088020,-10523520,435500,24032500,1495000,20797712,19936712,861000,14578480,-5358232,19000,10542520,435500,1554000,1118500,0,0,0,5000000,9600000,215480134,214070034,1961934,1961934,109.117647058824
6119,5,36,2,3,1,1,26438730,25918730,15301510,13053030,2248480,10617220,520000,17633515,16775155,858360,25580370,8805215,14418550,1365520,2248480,2533980,285500,0,0,0,5000000,11100000,215840586,218479186,1634686,1634686,78.2222222222222
6120,3,36,3,7,1,1,270854410,236260310,198609160,2299325,196309835,37651150,34594100,99427942,82574033,16853909,254000501,171426468,7723500,5424175,194379835,283373420,88993585,1930000,1930000,0,105379000,44804210,988364250,952201350,1888450,1888450,37.5357142857143
6121,5,36,2,1,1,5,38767900,38247900,31661400,31083900,577500,6586500,520000,31786580,31688580,98000,38669900,6981320,169500000,138416100,577500,577500,0,0,0,0,0,0,960938230,917063530,2254730,2254730,8.21739130434783
6122,5,36,2,7,1,1,27073290,26553290,22509300,18680110,3829190,4043990,520000,62700740,52809740,9891000,17182290,-35627450,80890000,62209890,-3370810,1024690,4395500,7200000,7200000,0,17800000,46250000,506331670,529983470,1272470,1272470,37.5357142857143
6123,5,36,3,1,1,4,17176570,17176570,9721210,-821270,10542480,7455360,0,15961530,14550530,1411000,15765570,1215040,96000,917270,-1367520,1223580,2591100,11910000,11910000,0,0,0,526921100,521175300,1547500,1547500,36.1818181818182
6124,5,36,3,1,1,2,39656550,39136550,26254610,427180,25827430,12881940,520000,21347570,20971570,376000,39280550,18308980,3278000,2850820,25827430,31320330,5492900,0,0,0,0,996000,750451230,725912830,1748330,1748330,36.1818181818182
6125,4,36,3,3,1,1,41364070,40844070,20160070,17868840,2291230,20684000,520000,25338350,23447350,1891000,39473070,16025720,20571500,2702660,2291230,14187230,11896000,0,0,0,0,0,249384120,234043820,2161320,2161320,78.2222222222222
6126,5,36,2,3,1,1,32661840,31959840,14736740,2354160,12382580,17223100,702000,26485897,25450897,1035000,31626840,6175943,4293400,1939240,9872580,12540610,2668030,2510000,2510000,0,1721170,34000,157378780,147547210,1427710,1427710,88.9
6127,2,36,2,4,5,1,71036340,69476340,66108840,-6145274,72254114,3367500,1560000,53705605,48816745,4888860,66147480,17330735,1760000,7905274,10354114,18585950,8231836,61900000,61900000,0,0,990000,202664780,166971080,1768780,1768780,171.75
6128,5,36,3,8,1,1,11522110,11262110,1684110,57340,1626770,9578000,260000,7475090,7464090,11000,11511110,4047020,330000,272660,-263230,896570,1159800,1890000,1890000,0,0,0,181998630,172918730,1363630,1363630,455
6129,5,36,2,8,1,2,10293290,10293290,955250,-442870,1398120,9338040,0,7612416,7601416,11000,10282290,2680874,594000,1036870,-671880,354680,1026560,2070000,2070000,0,0,1277000,154998790,150410990,1577990,1577990,455
6131,5,36,3,8,1,2,33185150,33185150,13344410,1198830,12145580,19840740,0,29594553,27863453,1731100,31454050,3590597,5411000,4212170,12145580,21198840,9053260,0,0,0,0,1100000,405092300,383569100,1745800,1745800,67.2
6132,5,36,2,8,1,2,27584840,26584840,15875220,13340880,2534340,10709620,1000000,12088160,12077160,11000,27573840,15496680,17229480,3888600,2534340,3145440,611100,0,0,0,0,2640000,168614144,172443544,1253444,1253444,67.2
6133,5,36,2,8,1,3,26500569,25980569,5523659,-1896420,7420079,20456910,520000,47766838,38209738,9557100,16943469,-21266269,1382270,3278690,2561679,5067772,2506093,4858400,4858400,0,500000,60000,261982167,253487267,1581467,1581467,455
6134,3,36,3,7,4,1,-34378165,-34378165,-39444965,525245,-39970210,5066800,0,102037275,83378735,18658540,-53036705,-136415440,5095000,4569755,-39970210,25513670,65483880,0,0,0,8752940,7437400,1828706284,1832669884,1507184,1507184,37.5357142857143
6135,4,36,2,6,1,2,22682680,22422680,11036680,-1302120,12338800,11386000,260000,22965170,21418170,1547000,21135680,-282490,10932000,12234120,-461200,11000,472200,12800000,12800000,0,4116000,240000,398124810,341234810,1521410,1521410,24.1666666666667
6136,4,36,2,1,1,1,137844254,125040554,111358554,85130308,26228246,13682000,12803700,71005363,48401600,22603763,115240491,66838891,246574470,161444162,12620930,12851000,230070,13607316,13607316,0,8400000,16380000,133546150,127572050,1550350,1550350,8.21739130434783
6138,5,36,3,5,1,1,44122777,42042777,26776497,2799330,23977167,15266280,2080000,28068588,24295238,3773350,40349427,16054189,4109400,1310070,210615,759875,549260,23766552,23766552,0,0,10632000,286346260,281172860,1888360,1888360,122.354838709677
6139,4,36,3,7,1,1,41034766,40254766,24436560,15251120,9185440,15818206,780000,14718884,13765434,953450,40081316,26315882,19500000,4248880,3110440,11122970,8012530,6075000,6075000,0,26770000,140000,336659370,279071570,1708770,1708770,35.9722222222222
6140,5,36,2,7,1,1,88705750,87100250,67850620,32895880,34954740,19249630,1605500,40378690,26184310,14194380,74511370,48327060,40845000,7949120,-592090,260780,852870,35546830,35546830,0,0,2490000,473644540,466207840,1688540,1688540,35.9722222222222
6142,2,36,3,7,4,1,61383080,55481080,47361450,-2638600,50000050,8119630,5902000,36506693,36506693,0,61383080,24876387,41000,2679600,6600050,9236060,2636010,43400000,43400000,0,11000000,3589122,654372060,469092860,2307560,2307560,35.9722222222222
6143,4,36,2,7,1,1,39170690,37591190,16053040,6133420,9919620,21538150,1579500,35187842,30603962,4583880,34586810,3982848,45302350,39168930,4867820,13753550,8885730,5051800,5051800,0,10660000,1690000,518565259,537195859,1719759,1719759,35.9722222222222
6144,4,36,3,7,2,1,79421736,77079240,70217240,61451160,8766080,6862000,2342496,41042271,37920551,3121720,76300016,38379465,70687500,9236340,8741080,28972520,20231440,25000,25000,0,3096135,16269000,776191687,774318852,1437952,1437952,35.9722222222222
6145,5,36,2,7,1,1,83072477,35048834,23791304,17542990,6248314,11257530,48023643,46972721,34682881,12289840,70782637,36099756,21363000,3820010,1570165,2097945,527780,4678149,4678149,0,21697570,4155000,535768090,494291220,1561520,1561520,35.9722222222222
6146,5,36,2,7,1,1,48733438.6,47161465,29609675,26850500,2759175,17551790,1571973.6,14848380,14543480,304900,48428538.6,33885058.6,31500000,4649500,2535042,4678722,2143680,224133,224133,0,30000000,31000000,517433457,479257871,1595557,1044871,35.9722222222222
6149,5,36,3,4,2,1,132517222.5,111398057,95577567,14327135,81250432,15820490,21119165.5,51543349,42145950,9397399,123119823.5,80973873.5,40561301,26234166,74209499,99858359,25648860,7040933,7040933,0,115604996,179600000,645656204,564786408,1655508,1655508,171.75
6150,4,36,3,4,1,1,13896455,13376455,1583501,-3122510,4706011,11792954,520000,24045729,21196829,2848900,11047555,-10149274,7988700,11111210,4689428,11828388,7138960,16583,16583,0,0,2280000,79397030,61179130,1324630,1324630,171.75
6151,5,36,2,7,1,1,126989340,123323340,89272310,83989400,5282910,34051030,3666000,31601370,24271370,7330000,119659340,95387970,94612500,10623100,-853370,171900,1025270,6136280,7985000,1848720,2100000,26970000,428437090,448343890,1811190,1811190,35.9722222222222
6152,5,36,3,7,1,1,116508506,103326506,94677526,12607854,82069672,8648980,13182000,51734848,46342488,5392360,111116146,64773658,34272750,21664896,54046443,63555613,9509170,28023229,28023229,0,0,28700000,1174301380,1190753580,2387380,2387380,35.9722222222222
6155,5,36,2,7,1,1,45016735,43204535,29287945,18079250,11208695,13916590,1812200,17783898,16552898,1231000,43785735,27232837,24055000,5975750,1797250,3504460,1707210,9411445,9411445,0,3312966,11740000,351765996,359550230,1935430,1935430,35.9722222222222
6158,4,36,3,7,1,1,36886425,35586425,22632595,15084800,7547795,12953830,1300000,15741068,15299338,441730,36444695,21145357,18600000,3515200,7329410,13137960,5808550,218385,218385,0,0,0,186281625,180841125,1771025,1771025,35.9722222222222
6160,5,36,3,3,1,1,69006578,66909340,47244480,37016760,10227720,19664860,2097238,17466056,16245156,1220900,67785678,51540522,41746490,4729730,9927720,11584620,1656900,300000,300000,0,10829200,3809500,178357420,172479760,2425160,7000000,78.2222222222222
6161,5,36,2,3,1,3,55669539.6,49460698,32730318,32079129,651189,16730380,6208841.6,14544843,10124603,4420240,51249299.6,41124696.6,34476954,2397825,186214,1604000,1417786,464975,464975,0,5880000,270000,306478105,305837300,1559205,7100000,78.2222222222222
6162,5,36,2,3,1,1,30954656,29667656,14634376,9942941,4691435,15033280,1287000,15624810,14596620,1028190,29926466,15329846,13991041,4048100,1368535,4153535,2785000,3322900,3322900,0,0,12240000,208037545,220702000,1505045,6200000,88.9
6163,4,36,3,2,1,2,250814492,245536492,208715872,18467650,190248222,36820620,5278000,62548611,51984021,10564590,240249902,188265881,26320000,7852350,175158222,294242623,119084401,15090000,15090000,0,301194195,258650000,1136894435,1058587340,1953864,1953864,129.307692307692
6164,5,36,2,3,1,1,62633053,60735801,41397201,35667910,5729291,19338600,1897252,31914754,30456944,1457810,61175243,30718299,40106800,4438890,4109291,9234620,5125329,1620000,1620000,0,22800000,25985389,269339088,249708492,1522085,8260000,78.2222222222222
6165,4,36,2,3,1,3,27220609,25373309,8652379,6331000,2321379,16720930,1847300,15314812,14072212,1242600,25978009,11905797,10822500,4491500,-4158621,3315525,7474146,6480000,6480000,0,0,790000,529310679,519979600,1567879,7360600,88.9
6166,5,36,2,1,1,1,52752473,45979720,26059530,28678410,-2618880,19920190,6772753,17930735,17393135,537600,52214873,34821738,33290500,4612090,-2618880,0,2618880,0,0,0,0,3600000,233276602,250778172,1230530,1000000,36.1818181818182
6167,3,36,2,4,1,3,76596474.7,69737832,63568152,25397870,38170282,6169680,6858642.7,58825963,40844269,17981694,58614780.7,17770511.7,32766500,7368630,28571432,37644000,9072568,9598850,9598850,0,10591920,14000000,559428722,571760000,1939802,0,84
6168,3,36,2,2,1,2,56563006,55328006,51128906,29769390,21359516,4199100,1235000,48904267,30076225,18828042,37734964,7658739,46323850,16554460,-546004,1470320,2016324,21905520,21905520,0,18538936,50567154,426282223,447287093,1463830,9263000,129.307692307692
6169,4,36,2,1,1,5,-329495,-329495,-15160395,-16713895,1553500,14830900,0,37447674,35135944,2311730,-2641225,-37777169,20330233,37044128,-1446500,600000,2046500,3000000,3000000,0,795000,0,524620804,549727404,1249400,1249400,36.1818181818182
6171,5,36,2,2,1,1,18659214,18659214,5539214,3408700,2130514,13120000,0,8615794,8355794,260000,18399214,10043420,4516600,1107900,2130514,2547735,417221,0,0,0,0,2400000,140092290,144091000,2334990,7300000,129.307692307692
6172,4,36,3,2,1,1,48896590,48066590,46522590,943175,45579415,1544000,830000,32795910,28159820,4636090,44260500,16100680,6302000,5358825,39399415,47742500,8343085,6180000,6180000,0,0,90000,159360210,150527300,1212110,6932000,129.307692307692
6174,3,36,3,2,1,1,34959900,34959900,34959900,1370000,33589900,0,0,23220480,21870480,1350000,33609900,11739420,1900000,530000,28149900,41598000,13448100,5440000,5440000,0,0,0,122721280,112946900,2111380,5791500,129.307692307692
6175,3,36,2,3,1,2,1487510,1487510,-4843780,-4594930,-248850,6331290,0,20436930,18784730,1652200,-164690,-18949420,14350000,18944930,-248850,0,248850,0,0,0,0,1100000,163065890,157562690,2074790,2074790,88.9
6176,4,36,3,3,2,2,32008680,31817580,19769580,-2204620,21974200,12048000,191100,37685534,28982334,8703200,23305480,-5676854,600000,2804620,2210200,11828000,9617800,19764000,19764000,0,2100000,683000,206312820,190752220,1796400,1796400,78.2222222222222
6177,5,36,2,3,1,3,21585590,21585590,7714940,4841820,2873120,13870650,0,14716770,12208640,2508130,19077460,6868820,11095700,6253880,2873120,5120100,2246980,0,0,0,0,0,374884542,371291630,1901942,5076730,78.2222222222222
6179,5,36,2,3,1,4,40233362.3,38594412,30935632,27889402,3046230,7658780,1638950.3,37186783,34103283,3083500,37149862.3,3046579.3,33641300,5751898,2146230,10937095,8790865,900000,900000,0,0,2890000,553927268,526089468,2814968,2814968,88.9
6180,4,36,3,3,1,4,57665315.1,52596772,33883572,5172494,28711078,18713200,5068543.1,31568846,26092738,5476108,52189207.1,26096469.1,8976849,3804355,28678100,52252210,23574110,32978,32978,0,6194880,19126000,237733801,213811021,1828021,1828021,78.2222222222222
6181,5,36,2,2,1,2,16620970,16100970,8944570,6082070,2862500,7156400,520000,11410800,10373880,1036920,15584050,5210170,6310000,227930,-3317500,230000,3547500,6180000,6180000,0,0,645000,393270500,389870200,1520900,4560000,129.307692307692
6182,5,36,3,7,1,1,53079581,50329634,36499504,15387580,21111924,13830130,2749947,44387477,42322617,2064860,51014721,8692104,20330000,4942420,14634500,14671500,37000,6477424,6477424,0,1070912,4200000,442848186,452969674,1570974,1570974,37.5357142857143
6183,5,36,2,1,1,2,23812432,23292432,7274200,5691600,1582600,16018232,520000,30817500,30344220,473280,23339152,-7005068,23976000,18284400,1582600,3584840,2002240,0,0,0,0,3800000,942325300,858432300,1912700,1912700,8.21739130434783
6184,5,36,2,6,2,2,7779869,7519869,800283,2736098,-1935815,6719586,260000,50121498,45119428,5002070,2777799,-42341629,34596968,31860870,-1935815,3738275,5674090,0,0,0,5000000,528850,636381581,616035900,2064031,2000000,24.1666666666667
6185,4,36,2,6,1,1,90748581,27306590,21216490,12615790,8600700,6090100,63441991,45127188,42572698,2554490,88194091,45621393,20158000,7542210,-1227300,1431350,2658650,9828000,10960000,1132000,0,16000000,330969000,251459000,1229800,1229800,24.1666666666667
6187,4,36,2,7,1,1,64927175,57127175,41129175,21465165,19664010,15998000,7800000,34927130,29664220,5262910,59664265,30000045,61705000,40239835,19664010,26201000,6536990,0,0,0,2000000,0,692055601,663851100,1366501,1300000,40.8333333333333
6188,4,36,2,4,2,1,22596587,21426587,21426587,1920776,19505811,0,1170000,21445090,20642670,802420,21794167,1151497,13243090,11322314,19505811,22591971,3086160,0,0,0,2365187,0,390639857,372486400,1795970,5500000,84
6189,2,36,1,4,4,1,35739100,34829100,34829100,21729100,13100000,0,910000,29285470,27487990,1797480,33941620,6453630,29345000,7615900,10630000,10630000,0,2470000,2470000,0,0,0,85283960,74874900,2404160,6000000,84
6190,4,36,3,4,1,1,27361480,26841480,20422930,-194480,20617410,6418550,520000,23083870,18488430,4595440,22766040,4277610,8500000,8694480,16091410,18437970,2346560,4526000,4526000,0,550000,14100000,379067810,376806300,1512310,3000000,171.75
6191,5,36,3,4,2,1,12762022,11202022,1280050,602410,677640,9921972,1560000,17997048,17055138,941910,11820112,-5235026,5300000,4697590,677640,4841020,4163380,0,0,0,0,3750000,309373237,293169937,1842037,1842037,171.75
6192,4,36,3,4,1,1,39205100,38685100,38685100,33629730,5055370,0,520000,24810037,20109517,4700520,34504580,14395063,41522500,7892770,-484630,3746760,4231390,5540000,5540000,0,0,7072800,372787210,369947200,1535610,2500000,171.75
6193,5,36,3,4,2,1,47085684,45525684,36331370,9503190,26828180,9194314,1560000,39826510,32907510,6919000,40166684,7259174,13000000,3496810,978180,1721800,743620,25850000,31700000,5850000,0,0,666532480,651177780,1361880,1361880,171.75
6194,5,40,2,7,1,1,72366896,71456896,52461336,45062990,7398346,18995560,910000,22534371,19727695,2806676,69560220,49832525,49660000,4597010,4206346,5151746,945400,3192000,3192000,0,80000,12585000,394511990,420262300,1231090,2000000,28.3333333333333
6195,5,40,2,7,1,1,52311160,52311160,38850560,38570610,279950,13460600,0,5113790,5101290,12500,52298660,47197370,43886000,5315390,279950,776010,496060,0,0,0,0,600000,805252520,805413420,2078220,2078220,28.3333333333333
6196,5,40,2,7,1,1,25916690,25916690,12270690,12469000,-198310,13646000,0,14471200,14148700,322500,25594190,11445490,19500000,7031000,-198310,696690,895000,0,0,0,0,0,356871400,339897700,1742300,1742300,28.3333333333333
6197,4,40,2,7,1,1,35735470,35735470,22924250,3625420,19298830,12811220,0,20658540,20646040,12500,35722970,15076930,16500000,12874580,7798830,9035650,1236820,11500000,11500000,0,0,1200000,949288090,931151790,1898490,1898490,28.3333333333333
6198,5,40,2,7,1,1,36570870,36310870,24526950,12875660,11651290,11783920,260000,28036416,27185396,851020,35719850,8534454,21002000,8126340,-1048710,958080,2006790,12700000,12700000,0,0,2920000,623752950,626524650,1965150,1965150,28.3333333333333
6201,5,40,3,7,3,1,57494310,57494310,50193410,25281100,24912310,7300900,0,23520277,21743977,1776300,55718010,33974033,26662500,1381400,822310,1535000,712690,24090000,24090000,0,0,900000,558984880,550850820,1684360,5300000,28.3333333333333
6202,5,40,3,7,1,1,5085250,5085250,-969050,2167650,-3136700,6054300,0,11163370,10883370,280000,4805250,-6078120,4800000,2632350,-3946700,0,3946700,810000,810000,0,0,0,138651500,131441200,1780000,3000000,28.3333333333333
6203,5,40,2,7,1,1,56279430,54329430,39856300,30991350,8864950,14473130,1950000,17575510,16826910,748600,55530830,38703920,35655000,4663650,8324950,12686000,4361050,540000,540000,0,2350000,9603000,419999730,425244820,1475310,6400000,28.3333333333333
6204,5,40,2,7,2,1,60759510,60759510,55761300,51315300,4446000,4998210,0,23296980,22836980,460000,60299510,37462530,56297000,4981700,4446000,4738000,292000,0,0,0,0,0,703514000,720872000,1562100,2000000,28.3333333333333
6205,5,40,2,7,1,1,54054058.4,51643120,27556830,20468823,7088007,24086290,2410938.4,40605760,37458230,3147530,50906528.4,13448298.4,29527250,9058427,6248140,7841220,1593080,839867,839867,0,0,3035000,537568886,542086400,1896686,4000000,28.3333333333333
6206,4,36,2,2,1,2,13123430,13107830,-1253590,-696605,-556985,14361420,15600,17203504,16653504,550000,12573430,-4080074,2645000,3341605,-642335,0,642335,85350,85350,0,0,6500000,315519030,327659800,1550230,7087300,129.307692307692
6207,5,36,3,5,1,1,32559899.7,32440210,9560910,11270365,-1709455,22879300,119689.7,22636313,14931140,7705173,24854726.7,9923586.7,12180000,909635,-1749814,840000,2589814,40359,40359,0,492000,1660000,347617631,343629631,1764631,1764631,68.875
6208,3,36,2,4,1,1,33831654,18051654,17499954,11562754,5937200,551700,15780000,46124015,38238495,7885520,25946134,-12292361,20861292,9298538,-1270150,244500,1514650,7207350,7207350,0,0,635355,341025480,322110480,1772480,1772480,84
6209,5,36,2,3,1,2,19589892,17509892,7055532,6037088,1018444,10454360,2080000,10546306,10405786,140520,19449372,9043586,9068638,3031550,748444,2540000,1791556,270000,270000,0,1100000,8959000,225649330,223478400,1673130,5970000,88.9
6210,3,36,2,4,2,1,22252000,18872000,10972000,10972000,0,7900000,3380000,26995880,26945880,50000,22202000,-4743880,18600000,7628000,0,0,0,0,0,0,0,0,161190990,147553000,1225490,600000,171.75
6211,3,36,2,4,2,1,35308480,33748480,33748480,6394980,27353500,0,1560000,44288670,42086270,2202400,33106080,-8980190,16200000,9805020,1403500,2769500,1366000,25950000,28150000,2200000,0,1080000,275534430,255564000,1833930,3000000,171.75
6212,5,36,1,4,1,1,27298340,26518340,11623900,11531000,92900,14894440,780000,16866727,16507497,359230,26939110,10431613,18986500,7455500,-57100,964100,1021200,150000,150000,0,0,1110000,243651640,232420800,1596740,2596700,171.75
6213,5,36,2,5,1,1,37612482,33452482,19075582,6167477,12908105,14376900,4160000,16773622,16262622,511000,37101482,20838860,10077277,3909800,4814125,10827825,6013700,8093980,8093980,0,8522760,2650000,240842320,228130400,1729460,2300000,122.354838709677
6215,5,36,2,5,1,1,55476222,54176222,37199262,6301410,30897852,16976960,1300000,25605093,24394093,1211000,54265222,29871129,12800000,6498590,6981470,9887510,2906040,23916382,23916382,0,500000,1850000,273570820,265794120,1141220,1141220,122.354838709677
6216,5,36,2,8,1,1,23482930,21922930,9369460,2084310,7285150,12553470,1560000,11398671,7937821,3460850,20022080,12084259,3704910,1620600,5662150,8539110,2876960,1623000,1623000,0,0,2400000,272675759,274066559,2460659,2460659,455
6217,4,36,2,7,1,1,14798700,14590700,13090700,12990200,100500,1500000,208000,13663690,13563690,100000,14698700,1135010,18560000,5569800,100500,209500,109000,0,0,0,0,0,195178900,188392300,1239000,1239000,35.9722222222222
6221,3,36,1,6,1,1,17150020,16890020,16890020,17058920,-168900,0,260000,31258545,27978170,3280375,13869645,-14108525,355798800,338739880,-168900,39000,207900,0,0,0,0,19704000,786619089,726500700,2003889,2000000,11.5
6222,1,36,2,6,5,1,-7354015,-17494015,-18094015,-18134015,40000,600000,10140000,51769860,49511784,2258076,-9612091,-59123875,90930000,109064015,40000,40000,0,0,0,0,0,0,-26046260,-88632760,1662040,1662040,11.5
6223,4,36,2,7,3,2,65288790,65288790,64488790,29027250,35461540,800000,0,28910890,25658890,3252000,62036790,36377900,60923000,31895750,5616540,7894190,2277650,29845000,29845000,0,0,5000000,742956200,730517400,1850600,0,40.8333333333333
6224,4,36,2,6,2,5,37833110,37313110,-2295820,-21559460,19263640,39608930,520000,34282876,34151876,131000,37702110,3550234,23704000,45263460,63640,681900,618260,19200000,19200000,0,0,0,224806890,179919690,1423190,1423190,24.1666666666667
6226,4,36,3,7,1,1,128575890,128575890,127245890,120412440,6833450,1330000,0,28159010,22354414,5804596,122771294,100416880,148331000,27918560,-366550,130450,497000,7200000,7200000,0,0,0,914785630,901570230,1488830,1488830,40.8333333333333
6227,5,36,2,7,1,1,48350903,41817377,24717117,21063640,3653477,17100260,6533526,34088900,33044350,1044550,47306353,14262003,30146250,9082610,-54400,1024950,1079350,3707877,3707877,0,21438540,1303000,388286700,351328560,1715660,1715660,35.9722222222222
6228,3,36,2,3,1,2,98280782.8,72522873,59350433,44832248,14518185,13172440,25757909.8,63780735,51190208,12590527,85690255.8,34500047.8,87453538,42621290,5499385,17557619,12058234,9018800,9018800,0,15961909,27873800,554103851,546435442,1455190,1455190,78.2222222222222
6229,5,36,2,8,1,2,39079791,27745481,14016731,7291730,6725001,13728750,11334310,12355150,11235130,1120020,37959771,26724641,12710170,5418440,6364615,9214785,2850170,360386,360386,0,11000000,4900000,424885216,408076000,1591016,0,109.117647058824
6230,5,36,2,8,1,2,53063636,38915636,20469386,7324419,13144967,18446250,14148000,38757345,37118295,1639050,51424586,14306291,12334390,5009971,12606118,17362108,4755990,538849,538849,0,8300000,3950000,493875705,461413300,1522605,0,109.117647058824
6231,5,40,3,7,1,1,12328100,12328100,6499300,6844300,-345000,5828800,0,7801460,7801460,0,12328100,4526640,8720000,1875700,-345000,0,345000,0,0,0,0,0,209079100,209203300,2068300,4150000,28.3333333333333
6234,5,36,3,4,1,2,17791460,17141460,7005950,228400,6777550,10135510,650000,17278158,15264168,2013990,15777470,513302,2250000,2021600,6587550,12295150,5707600,190000,190000,0,2750000,0,302014219,287918019,1972219,1972219,171.75
6235,5,36,2,1,1,2,18791080,18271080,3707080,-748060,4455140,14564000,520000,44941188,41964468,2976720,15814360,-26150108,285980,1034040,-2144860,525740,2670600,6600000,6600000,0,3600000,0,630347060,611354840,1557540,1557540,8.21739130434783
6236,4,36,3,1,1,1,27844890,27844890,27244890,-8558470,35803360,600000,0,22732010,18340120,4391890,23453000,5112880,575500,9133970,24003360,24347150,343790,11800000,11800000,0,0,5980000,259883500,249916400,1730700,0,8.21739130434783
6238,4,36,2,1,1,1,27436830,19636830,16496830,11044060,5452770,3140000,7800000,47911666,42498506,5413160,22023670,-20474836,45800000,34755940,-3747230,0,3747230,9200000,9200000,0,0,500000,307345974,283809376,1710798,7800000,8.21739130434783
6239,4,36,3,1,1,2,33348500,33348500,33348500,7469800,25878700,0,0,19668693,13042110,6626583,26721917,13679807,26100000,18630200,24378700,64150000,39771300,1500000,1500000,0,0,2300000,-16948400,-16069600,1514600,4150000,8.21739130434783
6240,5,36,3,1,1,2,43635363,40440093,26099600,3444500,22655100,14340493,3195270,37028110,36352300,675810,42959553,6607253,4170000,725500,22655100,31268300,8613200,0,0,0,2036611,4200000,672794271,654634360,2024000,2024000,8.21739130434783
6241,3,36,3,6,2,1,53159110,50899970,50899970,-3044490,53944460,0,2259140,56489330,45689160,10800170,42358940,-3330220,1860800,4905290,453000,483000,30000,53491460,53491460,0,560000,300000,140680800,95741000,1712700,1712700,24.1666666666667
6242,4,36,3,6,1,1,88067075,88066880,79224880,13169610,66055270,8842000,195,26704660,26124660,580000,87487075,61362415,16083000,2913390,63095270,81998780,18903510,2960000,2960000,0,6776400,0,480283000,427712400,2820200,700000,24.1666666666667
6243,4,36,3,6,2,1,21281230,21281230,12031230,-433870,12465100,9250000,0,19418507,19407507,11000,21270230,1862723,1140000,1573870,12465100,16407400,3942300,0,0,0,0,0,153917000,120418000,1608100,1608100,24.1666666666667
6244,4,36,2,7,1,1,111885216.4,110077972,95707152,48014110,47693042,14370820,1807244.4,25221738,23885920,1335818,110549398.4,86663478.4,61086750,13072640,13403365,18907295,5503930,34289677,34289677,0,8810826,30400000,125653376,138020150,1845250,1845250,35.9722222222222
6245,3,36,3,6,1,1,39036770,34807350,29706650,-8859350,38566000,5100700,4229420,46471240,34155690,12315550,26721220,-7434470,4225400,13084750,24005500,46055445,22049945,14560500,14560500,0,721000,13510000,647017920,522962400,1730720,0,57.8571428571429
6246,3,36,3,6,1,1,56213560,56213560,46710820,37671820,9039000,9502740,0,24703490,22181490,2522000,53691560,31510070,54304000,16632180,9039000,17924580,8885580,0,0,0,0,1200000,353937400,368802700,1359000,0,57.8571428571429
6247,4,36,2,6,2,3,4627487,3847487,-3227513,-17458052,14230539,7075000,780000,50855932,46193172,4662760,-35273,-46228445,5548926,23006978,12230539,14815105,2584566,2000000,2000000,0,12066760,13000000,529270774,462550600,1509374,1500000,24.1666666666667
6248,5,36,2,8,1,1,11899450,11379450,2423450,149360,2274090,8956000,520000,7018500,6978100,40400,11859050,4880950,561000,411640,384090,1904410,1520320,1890000,1890000,0,0,1522200,149568900,147995300,1650400,1650400,455
6249,5,36,3,8,1,1,15456640,14936640,4418640,1872100,2546540,10518000,520000,24915330,24067530,847800,14608840,-9458690,2750000,877900,-343460,1904350,2247810,2890000,2890000,0,0,0,73342640,68512140,1804340,1804340,109.117647058824
6250,5,36,3,7,1,1,43248463,39179463,17420623,1338880,16081743,21758840,4069000,29624492,23833652,5790840,37457623,13623971,14103000,12764120,-248650,10520130,10768780,16330393,16549743,219350,650000,10415000,439085530,437152630,2169230,2169230,35.9722222222222
6251,5,36,2,7,1,1,34296910,31696910,20696910,20548300,148610,11000000,2600000,13102700,13102700,0,34296910,21194210,23400000,2851700,148610,178610,30000,0,0,0,0,0,180428700,173627700,1683000,1683000,35.9722222222222
6252,5,36,3,7,2,1,25090040,23530040,18030540,17071640,958900,5499500,1560000,30128960,25395320,4733640,20356400,-5038920,18000000,928360,958900,1395400,436500,0,0,0,0,1400000,463077730,455384130,1820030,1820030,35.9722222222222
6254,4,36,2,1,1,2,62375867,62375867,58685167,52902207,5782960,3690700,0,35203930,33763930,1440000,60935867,27171937,226298927,173396720,5782960,5818960,36000,0,0,0,0,6716500,126327320,129477220,2089000,2089000,8.21739130434783
6256,4,36,2,7,1,2,19294396,19294396,3266530,2827300,439230,16027866,0,11670997,9003497,2667500,16626896,7623399,2978300,151000,439230,667230,228000,0,0,0,0,0,116766900,110887200,1845300,500000,37.5357142857143
6257,3,36,3,7,2,2,52733680,52733680,47367040,-2253630,49620670,5366640,0,47016160,44112610,2903550,49830130,5717520,1067000,3320630,-1999330,2472470,4471800,51620000,51620000,0,0,12000000,434593540,431026100,1967540,0,37.5357142857143
6258,5,36,3,1,1,2,23829620,23790750,15910750,-199950,16110700,7880000,38870,28063320,26327320,1736000,22093620,-4233700,500000,699950,16110700,16432700,322000,0,0,0,0,0,327614720,317088120,1701220,1701220,36.1818181818182
6259,5,36,3,7,1,1,7951020,7951020,-1654980,-806600,-848380,9606000,0,33468790,33147790,321000,7630020,-25517770,0,806600,-1938380,669200,2607580,1090000,1090000,0,0,3580000,411879610,410248200,1623810,1500000,37.5357142857143
6260,5,36,3,7,1,1,7018000,6498000,-72760,-359390,286630,6570760,520000,11160870,11141010,19860,6998140,-4142870,0,359390,286630,1368050,1081420,0,0,0,0,0,159774820,155170000,1700420,600000,37.5357142857143
6261,4,36,2,7,1,1,11300000,11040000,4840000,-553000,5393000,6200000,260000,46872140,45622140,1250000,10050000,-35572140,150000,703000,833000,1035500,202500,4560000,4560000,0,0,40000,567957680,542346580,1369780,1369780,37.5357142857143
6263,5,36,2,7,1,1,4760550,4500550,-1019450,-735500,-283950,5520000,260000,20699850,20386680,313170,4447380,-15939300,0,735500,-283950,490300,774250,0,0,0,0,0,150762290,140954300,1602790,800000,40.8333333333333
6264,4,36,2,7,5,1,29662150,29142150,29142150,-9415850,38558000,0,520000,36461560,30926560,5535000,24127150,-6799410,-7000000,2415850,1118000,2203800,1085800,37440000,37440000,0,0,0,171578050,149172250,2067550,2067550,37.5357142857143
6265,5,36,3,7,1,1,27471420,27211420,21646900,-1784290,23431190,5564520,260000,28136850,27178850,958000,26513420,-665430,0,1784290,-568810,803450,1372260,24000000,24000000,0,0,80000,190428330,182499800,1325630,2600000,37.5357142857143
6266,5,36,3,7,1,1,14894730,13854730,-2075270,-372300,-1702970,15930000,1040000,29732160,27881430,1850730,13044000,-14837430,0,372300,-4672970,1009650,5682620,2970000,2970000,0,240000,4665000,148328200,165721400,1820500,3500000,37.5357142857143
6267,4,36,2,7,1,1,37479210,36959210,36959210,10113910,26845300,0,520000,33717390,29611770,4105620,33373590,3761820,21300000,11186090,21165300,30410900,9245600,5680000,5680000,0,0,2760000,278842610,267530100,1219310,500000,40.8333333333333
6268,3,36,2,1,2,1,4791009,4011009,-3605191,-17578771,13973580,7616200,780000,23117990,21778910,1339080,3451929,-18326981,17226029,34804800,13973580,18485000,4511420,0,0,0,0,1728500,322446900,243002500,2227000,500000,8.21739130434783
6269,4,36,2,1,1,1,15549081,1033981,-17797039,-32741805,14944766,18831020,14515100,32232106,29813316,2418790,13130291,-16683025,14263755,47005560,14944766,25802578,10857812,0,0,0,0,2674000,505662452,486299800,1575252,1500000,8.21739130434783
6270,3,36,2,7,1,1,80455209.5,78942530,73419110,49287840,24131270,5523420,1512679.5,73466017,65413497,8052520,72402689.5,6989192.5,82200000,32912160,-968356,759600,1727956,25099626,25099626,0,0,2006000,694583427,654471300,1580927,1500000,40.8333333333333
6271,3,36,3,7,2,1,116806211,116026211,103456561,102294106,1162455,12569650,780000,11441362,10819962,621400,116184811,105364849,105890000,3595894,214950,486200,271250,947505,947505,0,0,0,215575070,227389170,1625570,1625570,37.5357142857143
6272,3,36,3,6,1,1,20939216.6,17261498,7681638,-37170261,44851899,9579860,3677718.6,41647050,30804160,10842890,10096326.6,-20707833.4,12358600,49528861,-17245361,14590007,31835368,62097260,62109260,12000,4900000,4689854,246835940,228226640,1957440,1957440,24.1666666666667
6273,5,36,2,6,1,1,18206206.6,15896325,-6418485,-15700665,9282180,22314810,2309881.6,59013599,51205269,7808330,10397876.6,-40807392.4,39551378,55252043,1282180,1605000,322820,8000000,8000000,0,14286488,10000000,585484983,552206400,1514795,5000000,24.1666666666667
6274,2,36,2,6,3,1,1725760,-6269240,-8917920,-34758940,25841020,2648680,7995000,43150890,36344940,6805950,-5080190,-41425130,34223700,68982640,241020,1211020,970000,25600000,25600000,0,22000000,48960000,17555500,9789200,1631700,1631700,11.5
6275,3,36,2,6,1,1,67009749,48289749,47749749,-29514001,77263750,540000,18720000,60174900,49310320,10864580,56145169,6834849,16647225,46161226,-1747650,3998350,5746000,79011400,79711400,700000,7500000,10900000,206390810,174261110,1770110,1770110,11.5
6276,4,36,1,7,2,1,74696160,49786160,39769890,39505290,264600,10016270,24910000,36892645,29582145,7310500,67385660,37803515,56917500,17412210,264600,1089980,825380,0,0,0,0,4600000,651407130,560950830,1829630,1829630,35.9722222222222
6277,5,36,3,1,1,3,8212280,7952280,190020,-627800,817820,7762260,260000,5804004,5585740,218264,7994016,2408276,0,627800,-1282180,55320,1337500,2100000,2100000,0,0,0,220821280,219697980,1662780,1662780,36.1818181818182
6278,4,36,1,1,1,1,-13406744,-13681590,-13681590,-14074200,392610,0,274846,29604116,27769356,1834760,-15241504,-43010860,69750000,83824200,-607390,8720,616110,1000000,1000000,0,0,0,218240240,179069040,1742540,1742540,8.21739130434783
6279,4,36,2,1,2,1,41251480,40471480,40471480,5094100,35377380,0,780000,22857050,22724050,133000,41118480,18394430,148800000,143705900,7710380,7844380,134000,27667000,27860000,193000,0,0,49442300,41632400,1782400,1782400,8.21739130434783
6280,1,36,2,1,3,1,59848060,59848060,59848060,36848060,23000000,0,0,57242812,49581812,7661000,52187060,2605248,539500000,502651940,17000000,17000000,0,6000000,6000000,0,0,0,364149400,315482800,1649400,1649400,8.21739130434783
6281,4,36,2,1,1,1,34818211.9,33669928.4,29144467.7,11304587.25,17839880.45,4525460.7,1148283.5,16924537.05,14843970.05,2080567,32737644.9,17893674.85,53658119,42353531.75,15423657.45,30598958,15175300.55,2416223,2425348,9125,2980663.4,1701246.15,9081743.4,6146700,0,1000000,8.21739130434783
6282,4,36,3,4,1,1,105912947.79697,77490348.1212121,69268475.5454545,28595914.3939394,40672561.1515151,8221872.57575758,28422599.6757576,53600022.7878788,49808815.5151515,3791207.27272727,102121740.524242,52312925.0090909,66172939.4242424,37577025.030303,38609234.9090909,52070469.4242424,13461234.5151515,2063326.24242424,2172417.15151515,109090.909090909,357628.696969697,3129303.03030303,185435159,173081900,0,0,171.75
6283,4,36,2,5,1,1,61320261.6666667,59586928.3333333,52247291.6666667,25231996,27015295.6666667,7339636.66666667,1733333.33333333,25998029.6666667,24240706.3333333,1757323.33333333,59562938.3333333,35322232,28888473,3656477,20531021.6666667,24245058.3333333,3714036.66666667,6484274,6484274,0,2840920,590000,131757220,122612900,0,0,122.354838709677
6284,4,36,3,7,2,1,91498405.0909091,88359594.8484849,63597635.7272727,21454650.4545455,42142985.2727273,24761959.1212121,3138810.24242424,40547801.6969697,33447162.8484848,7100638.84848485,84397766.2424243,50950603.3939394,24937461.2121212,3482810.75757576,21441631.6363636,43558030.030303,22116398.3939394,20701353.6363636,20701353.6363636,0,11135249.2727273,20372821.5151515,1033427218.9697,974064100,0,0,37.5357142857143
7002,4,37,2,2,1,5,51341410,44141410,44141410,-1370630,45512040,0,7200000,26306446,22308446,3998000,47343410,25034964,4800000,6170630,45512040,93960500,48448460,0,0,0,0,35879000,910711900,898878700,1433500,3500000,36.6190476190476
7003,5,37,3,1,2,3,63074186,61514186,54391186,1080000,53311186,7123000,1560000,46887422,38370422,8517000,54557186,16186764,1180000,100000,53311186,64233400,10922214,0,0,0,27131406,20887589,564512500,535634700,1699000,2750000,39.125
7004,4,37,3,1,1,5,117768280,117768280,109792280,-1279990,111072270,7976000,0,55117090,41037700,14079390,103688890,62651190,1600000,2879990,111072270,140363200,29290930,0,0,0,16868880,24832180,776234060,734257360,2463600,3250000,39.125
7005,5,37,1,1,1,5,38493700,37843700,31143700,31210700,-67000,6700000,650000,31796700,28888700,2908000,35585700,6697000,34710000,3499300,-67000,0,67000,0,0,0,4850000,400000,134568800,122857300,2812000,3570000,39.125
7006,3,37,3,2,2,2,141559585,135319585,132259585,1160545,131099040,3060000,6240000,58003993,46321523,11682470,129877115,83555592,1783405,622860,130646040,168190700,37544660,453000,453000,0,58078988,16663118,830015180,768558680,2067180,2067180,36.6190476190476
7009,4,37,2,8,1,1,-5333080,-5333080,-5333080,-3277080,-2056000,0,0,9459460,7821930,1637530,-6970610,-14792540,4764650,8041730,-2056000,2600000,4656000,0,0,0,0,0,386192790,368900700,1985990,3470000,186.375
7010,5,37,2,8,1,1,50617991,42712991,29776661,1495960,28280701,12936330,7905000,19229780,17161780,2068000,48549991,31388211,3256000,1760040,28280701,38545110,10264409,0,0,0,0,7165000,121502900,118489700,1440400,2620700,186.375
7012,4,37,3,5,1,1,98733812,96133812,95165702,37418717,57746985,968110,2600000,60149720,49792220,10357500,88376312,38584092,51417500,13998783,57746985,87797045,30050060,0,0,0,5500000,7880000,1395654334,1377902500,1593634,4530700,149.307692307692
7013,5,37,2,5,1,1,24771310,24771310,17411310,8617700,8793610,7360000,0,23874634,21594574,2280060,22491250,896676,24000000,15382300,8793610,9621620,828010,0,0,0,0,0,334625725,313939000,1414925,1000000,154.269230769231
7014,5,37,3,5,1,1,49441890,48206890,36536890,13916330,22620560,11670000,1235000,26073500,24316600,1756900,47684990,23368390,21982000,8065670,1020560,1358960,338400,21600000,21600000,0,0,2450000,200747500,190467500,1559400,1500000,154.269230769231
7016,5,37,3,1,1,2,-38187060,-42425957,-55162397,-8219662,-46942735,12736440,4238897,32074973,30840703,1234270,-39421330,-70262033,22154000,30373662,-47442735,147150,47589885,500000,500000,0,72402552,4965000,991116201,1064916900,1466876,5000000,32.2857142857143
7020,5,37,2,5,1,1,18428259,17778259,12613339,12983180,-369841,5164920,650000,13276450,11803940,1472510,16955749,5151809,40000000,27016820,-803300,1793700,2597000,433459,433459,0,0,0,1414114115,1397503515,1342915,1342915,154.269230769231
7021,5,37,2,4,1,1,9149280,9149280,149280,179730,-30450,9000000,0,7694250,7477970,216280,8933000,1455030,5000000,4820270,-30450,125350,155800,0,0,0,0,0,297038350,290523150,1634450,1634450,168.203703703704
7023,4,37,2,4,1,2,15764290,15764290,15764290,17828520,-2064230,0,0,20125000,18468000,1657000,14107290,-4360710,67000000,49171480,-2064230,1413560,3477790,0,0,0,0,360000,502041160,539841700,1296360,5000000,168.203703703704
7024,5,37,2,4,1,1,6707470,5979470,514470,47250,467220,5465000,728000,29292030,28359990,932040,5775430,-22584560,52000000,51952750,467220,1237620,770400,0,0,0,0,1712000,982372612,947668700,1719712,6000000,168.203703703704
7025,4,37,3,4,2,1,173922110,173922110,166952110,163095700,3856410,6970000,0,19528600,14598600,4930000,168992110,154393510,246500000,83404300,3856410,4803410,947000,0,0,0,0,0,1146734700,1244635800,1540000,1540000,168.203703703704
7026,3,37,2,4,1,1,7455400,7455400,7455400,7624900,-169500,0,0,9844500,8412820,1431680,6023720,-2389100,33000000,25375100,-169500,54500,224000,0,0,0,0,48000,99254710,95129300,1458210,3000000,168.203703703704
7027,3,37,2,4,1,1,82420170,82420170,82420170,77572700,4847470,0,0,18807900,17021900,1786000,80634170,63612270,116000000,38427300,4847470,6574470,1727000,0,0,0,0,0,330062150,299107650,2064550,2064550,168.203703703704
7030,5,37,2,6,1,1,32110055,32110055,10633755,11185600,-551845,21476300,0,9342165,9314165,28000,32082055,22767890,14300000,3114400,-551845,0,551845,0,0,0,480000,0,126712300,121217200,1270400,1270400,48.2
7031,5,37,3,5,1,1,16055100,13845100,10515100,10470100,45000,3330000,2210000,7412370,6611370,801000,15254100,8642730,13300000,2829900,45000,636000,591000,0,0,0,0,0,180173350,173882750,1514950,1514950,154.269230769231
7032,5,37,2,6,1,1,15594820,12539820,5919820,5954820,-35000,6620000,3055000,10377640,9947640,430000,15164820,5217180,16250000,10295180,-35000,0,35000,0,0,0,0,100000,253931760,258533060,1661760,1661760,48.2
7033,5,37,2,6,1,1,17383980,13743980,7983980,8079390,-95410,5760000,3640000,9669560,9669560,0,17383980,7714420,18192000,10112610,-95410,55590,151000,0,0,0,0,0,156830842,161221742,1678242,1678242,48.2
7036,4,37,2,5,1,1,2671400,1761400,1761400,-2488400,4249800,0,910000,12183140,9790140,2393000,278400,-9511740,3300000,5788400,-50200,0,50200,4300000,4300000,0,0,0,354046500,343328200,1426700,1426700,154.269230769231
7037,5,37,2,6,1,1,12412200,10722200,10722200,10722200,0,0,1690000,8007700,7827700,180000,12232200,4404500,13000000,2277800,0,0,0,0,0,0,0,0,184842420,180731320,1896320,1896320,48.2
7039,3,37,3,6,1,1,3628460,3628460,-4171540,-4121540,-50000,7800000,0,7705410,7550410,155000,3473460,-4076950,13480000,17601540,-50000,0,50000,0,0,0,0,30000,135342200,141459008,1434500,1345508,48.2
7040,5,37,3,4,2,1,18185974,15715974,95974,-963446,1059420,15620000,2470000,16367184,15938854,428330,17757644,1818790,571854,1535300,1059420,1598000,538580,0,0,0,600000,380000,188197600,183198400,1724700,1724700,168.203703703704
7042,5,37,2,4,2,1,4254150,3364950,-2633050,2312850,-4945900,5998000,889200,20441500,17616500,2825000,1429150,-16187350,5723000,3410150,-5125900,1914900,7040800,180000,180000,0,10400000,155000,580453682,558306782,1300282,1300282,168.203703703704
7043,5,37,2,4,1,1,33364210,25174210,14817430,-735270,15552700,10356780,8190000,36717240,33314640,3402600,29961610,-3353030,0,735270,-287300,0,287300,15840000,15840000,0,80130140,29360000,259671307,237271967,1545167,1545167,168.203703703704
7045,3,37,3,4,2,2,53716400,53716400,50416400,12608400,37808000,3300000,0,51512799,48666079,2846720,50869680,2203601,24000000,11391600,37808000,55000000,17192000,0,0,0,0,22991700,363707282,442635882,2227782,2227782,168.203703703704
7046,4,37,3,4,2,2,35206667,34426667,22687967,15762128,6925839,11738700,780000,59696700,56786800,2909900,32296767,-24490033,40386898,24624770,925839,12690589,11764750,6000000,6000000,0,0,2400000,1208105030,1178056930,1807530,1807530,107.2
7047,5,37,2,4,1,1,12788370,12788370,8228370,9988980,-1760610,4560000,0,44087823,42345783,1742040,11046330,-31299453,15458437,5469457,-1760610,0,1760610,0,0,0,0,750000,215981710,207591710,1427410,1427410,168.203703703704
7048,5,37,2,4,1,1,17397640,17397640,13917640,18185310,-4267670,3480000,0,4414800,4374800,40000,17357640,12982840,24179450,5994140,-4267670,1278000,5545670,0,0,0,0,420000,349730050,333190850,1523550,1523550,168.203703703704
7049,5,37,2,4,1,1,18997500,18997500,15157500,8357300,6800200,3840000,0,27348400,25131900,2216500,16781000,-8350900,15000000,6642700,6800200,9900000,3099800,0,0,0,0,3090000,397368300,395893200,1477500,1477500,168.203703703704
7050,4,37,3,4,1,1,86128446,71544046,64805046,10830938,53974108,6739000,14584400,51088470,44729000,6359470,79768976,35039976,19553323,8722385,53674108,62542203,8868095,300000,300000,0,12098000,15980000,1081369680,1065281280,1392980,1392980,168.203703703704
7051,4,37,2,4,3,1,44988179,44988179,40761399,16279700,24481699,4226780,0,18046058,16248688,1797370,43190809,26942121,17557100,1277400,24481699,24481699,0,0,0,0,0,30000000,733046590,749603790,1507290,1507290,168.203703703704
7052,3,37,2,4,2,1,9581725,9581725,9581725,1054455,8527270,0,0,9501910,7904910,1597000,7984725,79815,1700955,646500,-72730,90720,163450,8600000,8600000,0,0,0,308584900,304010700,1539000,1539000,168.203703703704
7053,3,37,2,4,4,1,67149280.5,58767490,49840680,2589202,47251478,8926810,8381790.5,29530022,28411352,1118670,66030610.5,37619258.5,10701600,8112398,15384570,19089500,3704930,31866908,31866908,0,7922000,0,527465320,498757420,2303920,2303920,168.203703703704
7054,4,37,3,4,1,1,57345450,57345450,48575450,20291050,28284400,8770000,0,25108599,24378599,730000,56615450,32236851,32000000,11708950,28284400,33154000,4869600,0,0,0,460000,2496000,525451700,513973300,1855400,1855400,168.203703703704
7056,5,37,3,1,1,4,24427260,21177260,17784760,4776000,13008760,3392500,3250000,21281656,20859116,422540,24004720,3145604,5000000,224000,268660,286670,18010,12740100,12740100,0,4000000,8000000,357276540,400691990,1555040,2223790,39.125
7057,4,37,3,2,1,3,68356970,68356970,57578970,7505020,50073950,10778000,0,46205100,41419420,4785680,63571290,22151870,7800000,294980,47468950,64477050,17008100,2605000,2605000,0,17152000,48200000,398411416,398088580,1582116,3122980,36.6190476190476
7058,5,37,3,2,1,1,23279205,20809205,19609205,5464000,14145205,1200000,2470000,43610930,37196760,6414170,16865035,-20331725,5500000,36000,13145205,18703805,5558600,1000000,1000000,0,30000000,6881000,340860380,292936160,2263380,618960,36.6190476190476
7059,5,37,3,2,1,2,34760667,25813497,15118977,865620,14253357,10694520,8947170,54383220,52778910,1604310,33156357,-19622553,3000000,2134380,14202857,22208177,8005320,50500,50500,0,41454754,31750000,261730596,234972190,1740842,2660990,36.6190476190476
7060,3,37,3,2,1,2,45525505,45152977,40364737,2697716,37667021,4788240,372528,29322720,29022300,300420,45225085,16202785,3000000,302284,35667021,45029801,9362780,2000000,2000000,0,13100000,35000000,332483050,339875400,1735050,600000,36.6190476190476
7061,4,37,3,2,1,2,45896260,44596260,16299260,4942930,11356330,28297000,1300000,39222213,35605903,3616310,42279950,6674047,5000000,57070,11356330,13736290,2379960,0,0,0,18000000,9250000,329446600,313064520,1847000,942620,36.6190476190476
7062,5,37,3,2,1,4,32404713,30908920,12831960,3558670,9273290,18076960,1495793,30799445,24545020,6254425,26150288,1605268,4200000,641330,990790,2096430,1105640,8282500,8282500,0,17436390,22220000,259819170,249323520,1422080,2342220,36.6190476190476
7064,4,37,3,2,1,4,174956114,159374614,144547995,20359070,124188925,14826619,15581500,70442924,63198924,7244000,167712114,104513190,25210000,4850930,123254386,134498928,11244542,934539,934539,0,24000000,2310000,1111141108,1033947380,1887608,1264180,36.6190476190476
7065,4,37,3,2,1,4,66266700,66266700,66266700,1001700,65265000,0,0,49110260,39430840,9679420,56587280,17156440,3500000,2498300,-235000,0,235000,65500000,65500000,0,18000000,500000,330118140,299260220,1260140,1363020,36.6190476190476
7066,4,37,2,1,1,3,86413483,83553483,77830583,7847070,69983513,5722900,2860000,26183120,21257120,4926000,81487483,60230363,12282000,4434930,65483513,72446533,6963020,4500000,4500000,0,5000000,23100000,385283280,395044940,1899980,2439740,32.2857142857143
7068,5,37,3,5,1,2,25237620,23677620,6233790,4851180,1382610,17443830,1560000,24028060,22360780,1667280,23570340,1209560,6731500,1880320,1382610,4317800,2935190,0,0,0,12000000,5300000,438526330,421338570,1695330,318770,66.875
7069,3,37,3,6,2,1,88974842,80186842,79991362,30087928,49903434,195480,8788000,51734576,39467460,12267116,76707726,37240266,46266488,16178560,-281960,0,281960,50185394,50185394,0,9000000,17888000,464651852,450049130,1680652,1625130,48.2
7070,4,37,3,6,1,1,19931030,19931030,8936080,-3898050,12834130,10994950,0,23620425,22710701,909724,19021306,-3689395,27149500,31047550,11334130,12121900,787770,1500000,1500000,0,29000000,21740000,140029443,110977920,1504243,646820,48.2
7071,4,37,3,8,1,1,10598763,9298763,561263,-3702097,4263360,8737500,1300000,14496880,13550780,946100,9652663,-3898117,5879553,9581650,3463360,4153460,690100,800000,800000,0,1000000,2000000,493058710,475462840,1283410,2508140,288.444444444444
7072,5,37,3,8,1,3,1327237,-395003,-7077003,-8915190,1838187,6682000,1722240,9655720,9378720,277000,1050237,-8328483,3900000,12815190,638187,12415067,11776880,1200000,1200000,0,10900000,9000000,442078550,430997550,1566150,3676250,288.444444444444
7073,4,37,3,8,1,2,34005792,34005792,32805792,8329170,24476622,1200000,0,34099020,32217770,1881250,32124542,-93228,9400000,1070830,24476622,36457700,11981078,0,0,0,16000000,12000000,449948278,408422090,2055378,1335590,288.444444444444
7075,5,37,3,5,2,1,48725265,46905265,37428265,21680845,15747420,9477000,1820000,39258540,38888540,370000,48355265,9466725,30700000,9019155,427420,473620,46200,15320000,15320000,0,7000000,13066000,478556600,467694200,1445000,1200000,154.269230769231
7076,5,37,3,5,3,2,-38533700,-41133700,-45456940,8745120,-54202060,4323240,2600000,28997462,24853072,4144390,-42678090,-67531162,14100000,5354880,-54202060,10510040,64712100,0,0,0,58072780,2070000,2419116373,2457625900,1633973,1500000,154.269230769231
7077,4,37,3,5,1,1,53883210,52258210,52258210,26907840,25350370,0,1625000,28327100,19350800,8976300,44906910,25556110,34325000,7417160,39630,389130,349500,25310740,25310740,0,8000000,500000,398062700,377651600,1519900,900000,154.269230769231
7078,4,37,2,5,1,1,48172047,43414297,43414297,38801457,4612840,0,4757750,64547395,52974591,11572804,36599243,-16375348,75863000,37061543,4331940,20565000,16233060,280900,280900,0,4300000,14890000,1772539502,1509879000,1635102,1700000,154.269230769231
7079,2,37,2,5,2,1,86402845,84743850,80454850,2535690,77919160,4289000,1658995,51287108,47361048,3926060,82476785,35115737,14980000,12444310,77419160,109848480,32429320,500000,500000,0,6500000,2090000,686003710,975018500,2035310,1500000,154.269230769231
7080,5,37,2,5,1,1,43219494,40619494,28499114,17008314,11490800,12120380,2600000,44897160,41343450,3553710,39665784,-1677666,22634005,5625691,5350800,6402253,1051453,6140000,6140000,0,4492000,220000,261183943,242541000,1554143,800000,154.269230769231
7082,5,37,3,5,1,1,55910572,41018352,28016972,15275500,12741472,13001380,14892220,28365592,28165592,200000,55710572,27544980,25030550,9755050,11832872,20780572,8947700,908600,908600,0,5500000,7810000,672816375,638094900,1001775,850000,154.269230769231
7083,4,37,3,5,1,3,55759562,55759562,55759562,8561270,47198292,0,0,52681390,44520330,8161060,47598502,3078172,25686720,17125450,47198292,54635822,7437530,0,0,0,500000,5967500,1403882200,1352334400,1543600,1300000,154.269230769231
7084,4,37,2,5,1,1,38872963,33672963,26701103,18233247,8467856,6971860,5200000,48020470,41035510,6984960,31888003,-9147507,34149517,15916270,642856,833430,190574,7825000,7825000,0,4100000,10853490,1124203820,1081117380,1655440,1300000,154.269230769231
7090,5,37,2,5,1,1,24886240,21207240,9480590,8789740,690850,11726650,3679000,15057409,14681889,375520,24510720,9828831,10510000,1720260,690850,2068150,1377300,0,0,0,0,0,271869673,266005473,1383973,1383973,154.269230769231
7092,5,37,2,5,1,1,44723666,42513666,12513666,1075930,11437736,30000000,2210000,33455205,28871845,4583360,40140306,11268461,11220000,10144070,-4518264,775426,5293690,15956000,15956000,0,0,4300630,248535780,238325280,1631880,1631880,154.269230769231
7093,3,37,1,5,3,1,29042915,14612915,10112915,7064315,3048600,4500000,14430000,75122465,54267765,20854700,8188215,-46079550,66704000,59639685,1659600,2551500,891900,1389000,1389000,0,0,14670000,1174999800,1175336200,1784000,1784000,154.269230769231
7094,4,37,3,5,1,1,37265590,22175590,16623680,8533080,8090600,5551910,15090000,22688850,20048660,2640190,34625400,14576740,11517800,2984720,50600,210000,159400,8040000,8040000,0,0,0,606322885,598844985,1512285,1512285,66.875
7095,4,37,3,6,1,1,53312305,49932305,40220795,19700970,20519825,9711510,3380000,46484562,37052012,9432550,43879755,6827743,20045800,344830,20519825,27468335,6948510,0,0,0,2467000,2790000,329394230,310042230,1557930,1557930,24.8
7096,5,37,2,5,1,1,62601978,45719729,32220044,28225169,3994875,13499685,16882249,47568301,26694281,20874020,41727958,15033677,46001304,17776135,3154875,7196735,4041860,840000,840000,0,1872900,20460000,299930070,296604770,1578470,1578470,154.269230769231
7097,5,37,3,5,1,2,27860880,25000880,8544880,8143810,401070,16456000,2860000,21042280,20140280,902000,26958880,6818600,10000000,1856190,401070,1098770,697700,0,0,0,0,189800,524321800,515287600,1722100,1722100,154.269230769231
7098,5,37,2,5,1,1,23759800,19339800,16910050,11608730,5301320,2429750,4420000,16638897,15439197,1199700,22560100,7120903,15400000,3791270,5301320,7980000,2678680,0,0,0,9000000,0,166657030,151673530,1326830,1326830,154.269230769231
7105,5,37,3,8,1,2,23780535,22480535,3490775,500540,2990235,18989760,1300000,33817170,31939750,1877420,21903115,-10036635,639000,138460,2990235,5449500,2459265,0,0,0,0,3890000,265934520,266958520,1491120,1491120,288.444444444444
7106,5,37,3,8,1,1,35025560,34960560,13237460,290840,12946620,21723100,65000,59048042,52180431,6867611,28157949,-24022482,715000,424160,2628260,8432940,5804680,10318360,10318360,0,8000000,2370000,181847359,155886459,1682459,1682459,288.444444444444
7109,5,37,3,1,1,3,38985754,38015754,23162164,5170700,17991464,14853590,970000,20613420,17130910,3482510,35503244,18372334,5302000,131300,10291464,17353744,7062280,7700000,7700000,0,3000000,8758000,766443937,753702737,1883537,1883537,39.125
7110,4,37,3,2,1,1,33133038,28323038,22187538,11726698,10460840,6135500,4810000,8712777,7659077,1053700,32079338,24420261,12371358,644660,4816840,5145260,328420,5644000,5644000,0,1090000,2400000,245254680,239653080,1459980,1459980,36.6190476190476
7113,5,37,3,2,1,1,15224720,13079720,-294050,-3875590,3581540,13373770,2145000,7924590,7693810,230780,14993940,7300130,3527500,7403090,3081540,6485790,3404250,500000,500000,0,0,0,169856090,161199490,1518090,1518090,36.6190476190476
7115,3,37,3,2,2,1,13952515,13302515,13002515,-2120725,15123240,300000,650000,22015320,20671330,1343990,12608525,-8062805,1100000,3220725,2623240,15745110,13121870,12500000,12500000,0,0,170000,316287573,279469173,1569873,1569873,36.6190476190476
7116,5,37,2,2,1,4,47106770,42946770,35606770,31212000,4394770,7340000,4160000,15793000,10283000,5510000,41596770,31313770,31212000,0,4394770,5703440,1308670,0,0,0,0,2100000,467897226,465400526,1500126,1500126,36.6190476190476
7117,3,37,2,2,3,5,167418490,163778490,162878490,105065000,57813490,900000,3640000,83687696,54254538,29433158,137985332,83730794,105167000,102000,30633490,39127490,8494000,27180000,27210000,30000,23860000,198076570,398594220,684188120,1639620,1639620,36.6190476190476
7118,5,37,3,8,1,1,45971540,45451540,22691540,-2683360,25374900,22760000,520000,19569000,19240700,328300,45643240,26402540,4263000,6946360,25374900,37640140,12265240,0,0,0,3600000,1130000,424802689,388511389,1777389,1777389,288.444444444444
7120,5,37,2,4,1,1,33322589,31112589,13116869,2129800,10987069,17995720,2210000,24653933,24553933,100000,33222589,8668656,3734600,1604800,5997069,9124539,3127470,4990000,4990000,0,3900000,1200000,451740106,436597700,1580506,628100,168.203703703704
7123,3,37,2,4,3,1,78989132.3,71988173,64381573,16155681,48225892,7606600,7000959.3,43142788,33679019,9463769,69525363.3,35846344.3,41805791,25650110,42425892,69926129,27500237,5800000,5800000,0,29000000,23995360,447142702,409652350,1549102,517050,107.2
7124,5,37,3,4,1,1,22931679,21625179,12595179,17570,12577609,9030000,1306500,13948990,13948990,0,22931679,8982689,1518100,1500530,12577609,12849109,271500,0,0,0,1000000,4000000,882812490,870091450,1367890,534450,168.203703703704
7126,5,37,2,1,1,2,39476438.5,32373167,18311577,14930118,3381459,14061590,7103271.5,22582677,20342577,2240100,37236338.5,16893761.5,19918000,4987882,-1268541,2995628,4264169,4650000,4650000,0,6100000,16808557,449244439,444680480,1763139,692880,32.2857142857143
7127,5,37,3,1,1,2,32461845,31681845,23348885,14398530,8950355,8332960,780000,12821480,12721480,100000,32361845,19640365,7650500,-6748030,8950355,12436905,3486550,0,0,0,6300000,440000,531637970,541543550,1573170,118450,32.2857142857143
7131,5,37,3,4,1,1,13420503,11860503,4837983,1055472,3782511,7022520,1560000,17631000,12947150,4683850,8736653,-4210497,8461000,7405528,1838511,4187345,2348834,1944000,1944000,0,10300000,4190000,556070338,538118870,1580838,456070,168.203703703704
7132,5,37,3,4,1,1,13524400,8844400,2928400,283640,2644760,5916000,4680000,10919600,10919600,0,13524400,2604800,4000000,3716360,829760,856760,27000,1815000,1815000,0,1100000,2200000,734151500,732725200,0,3555500,168.203703703704
7133,5,37,2,4,1,2,36372362.8,34237391,26476159,2841573,23634586,7761232,2134971.8,21428532,18977162,2451370,33920992.8,14943830.8,5046463,2204890,20754586,35316116,14561530,2880000,2880000,0,15017000,8510000,229114389,211109340,1610689,286640,168.203703703704
7135,5,37,2,4,1,1,7667060,6757060,-1473410,-1350015,-123395,8230470,910000,11139746,10369746,770000,6897060,-3472686,216300,1566315,-123395,1258760,1382155,0,0,0,7500000,1000000,373892558,367017170,2248158,180270,168.203703703704
7136,5,37,2,4,1,1,36396840,33796840,25275200,-202600,25477800,8521640,2600000,27483028,25117028,2366000,34030840,8913812,560000,762600,19746960,24573228,4826268,5730840,5730840,0,10992000,0,424595670,402540040,1502170,83640,168.203703703704
7137,4,37,2,1,1,2,42587792.8,42150530,28527030,3786150,24740880,13623500,437262.8,50323473,45778183,4545290,38042502.8,-7735680.2,7460000,3673850,18550880,31592955,13042075,6190000,6190000,0,3500000,2500000,537787389,483419780,1543989,651180,39.125
7140,5,37,3,1,2,2,29239505,29239505,19229505,4656630,14572875,10010000,0,14176190,13191190,985000,28254505,15063315,8440000,3783370,14572875,19506495,4933620,0,0,0,7000000,1050000,418254850,397809650,2347950,11450,32.2857142857143
7143,5,37,3,4,1,1,32188410,29029410,18908410,511700,18396710,10121000,3159000,17711750,16125750,1586000,30602410,14476660,3630000,3118300,10581710,14952110,4370400,7815000,7815000,0,6500000,680000,390749550,377159090,1529450,395090,168.203703703704
7144,5,37,3,4,1,1,18891085,18631085,10939085,9665000,1274085,7692000,260000,7452870,7402870,50000,18841085,11438215,15000000,5335000,1274085,1420085,146000,0,0,0,500000,0,1363992350,1354589300,1710350,152300,168.203703703704
7145,4,37,3,4,1,1,7869000,7869000,3169000,3000000,169000,4700000,0,13604560,13504560,100000,7769000,-5735560,3000000,0,169000,1105000,936000,0,0,0,0,300000,194738600,184004500,1751500,1751500,107.2
7146,4,37,1,4,1,1,9969000,9969000,9969000,1000000,8969000,0,0,9878820,9513820,365000,9604000,90180,1000000,0,8969000,15300000,6331000,0,0,0,0,0,324534700,318114000,1563300,1563300,168.203703703704
7148,4,37,3,4,1,1,4555000,4555000,4555000,2800000,1755000,0,0,9329340,8966340,363000,4192000,-4774340,3100000,300000,1755000,3100000,1345000,0,0,0,0,0,194589000,181301600,1422500,1422500,168.203703703704
7150,4,37,3,4,2,1,44611516,41329380,39749880,2165880,37584000,1579500,3282136,34666229,30041540,4624689,39986827,9945287,2637500,471620,2614000,3437500,823500,34970000,34970000,0,5500000,2300000,145911520,136735120,1625520,1625520,168.203703703704
7151,4,37,2,4,1,1,124339980,124339980,124339980,56893980,67446000,0,0,9923010,9788010,135000,124204980,114416970,67500000,10606020,67446000,67500000,54000,0,0,0,0,0,122018900,116519000,1689600,1689600,107.2
7153,5,37,3,4,1,1,2998956,2998956,-1615364,1500000,-3115364,4614320,0,15178942,13878262,1300680,1698276,-12179986,1500000,0,-3115364,7000000,10115364,0,0,0,2102667,14265344,93665496,90335796,1773196,1773196,168.203703703704
7155,5,37,2,5,1,1,42305540,37755540,29489540,30620250,-1130710,8266000,4550000,23079780,22739780,340000,41965540,19225760,30926500,306250,-1130710,1889000,3019710,0,0,0,12890000,1380000,358531300,360474000,1597600,1597600,149.307692307692
7156,4,37,3,5,2,1,41549460,41419460,37799460,34595400,3204060,3620000,130000,33371300,32543080,828220,40721240,8178160,35750000,1154600,-4295940,0,4295940,7500000,7500000,0,3210000,4009000,926817520,927311220,1517720,1517720,149.307692307692
7157,4,37,1,6,1,2,-13080800,-13080800,-13080800,-18470800,5390000,0,0,20069200,18387500,1681700,-14762500,-33150000,6300000,24770800,-110000,0,110000,5500000,5500000,0,1000000,0,433655400,398098600,0,0,11.5454545454545
7158,4,37,3,6,1,1,23040460,23040460,23040460,-877540,23918000,0,0,4444100,4394100,50000,22990460,18596360,15600000,16477540,5818000,7337000,1519000,18100000,18100000,0,25000000,39360000,175276700,170327900,1601900,1601900,24.8
7159,4,37,2,6,1,1,6949880,6884880,6584880,5501500,1083380,300000,65000,18293910,15855910,2438000,4511880,-11344030,19231400,13729900,-896620,0,896620,1980000,1980000,0,3950000,10255000,101371331,86102531,1523331,1523331,24.8
7160,4,37,3,6,2,1,27961900,27961900,27961900,-5313100,33275000,0,0,11368300,11218300,150000,27811900,16593600,16250000,21563100,-525000,0,525000,33800000,33800000,0,3000000,200000,172531700,138847800,1657000,1657000,24.8
7161,5,37,2,5,1,2,14919120,14919120,4087720,1324720,2763000,10831400,0,7680440,7530440,150000,14769120,7238680,3400000,2075280,2763000,3400000,637000,0,0,0,500000,2100000,307123000,300744300,1590700,1590700,15.4166666666667
7162,5,37,2,5,1,2,9051250,9051250,-938150,-868150,-70000,9989400,0,3556200,3556200,0,9051250,5495050,0,868150,-70000,0,70000,0,0,0,1000000,0,280642850,276058950,1156950,1156950,15.4166666666667
7163,4,37,3,5,1,1,4123982,4123982,283982,530000,-246018,3840000,0,5662028,5612028,50000,4073982,-1538046,1000000,470000,-246018,0,246018,0,0,0,2000000,700000,47814310,52124310,2855710,2855710,149.307692307692
7164,5,37,3,5,1,1,14085750,13305750,3407750,3576750,-169000,9898000,780000,6464400,6414400,50000,14035750,7621350,5200000,1623250,-169000,0,169000,0,0,0,1500000,0,194211054,188694054,1107954,1107954,149.307692307692
7165,5,37,3,5,1,1,17938975,14558975,5766975,2752975,3014000,8792000,3380000,8340800,8190800,150000,17788975,9598175,5300100,2547125,3014000,4793000,1779000,0,0,0,5000000,4000000,187432650,185347750,2192350,2192350,149.307692307692
7166,5,37,3,5,1,1,2086085,2086085,-1503915,-1331915,-172000,3590000,0,3472275,3390275,82000,2004085,-1386190,1000000,2331915,-172000,0,172000,0,0,0,2500000,0,139563150,133959550,2025950,2025950,149.307692307692
7167,5,37,3,5,1,1,5715760,5715760,2125760,3081460,-955700,3590000,0,9058108,8633908,424200,5291560,-3342348,5780000,2698540,-955700,0,955700,0,0,0,9500000,20000,264227340,255935140,1457940,1457940,149.307692307692
7168,5,37,3,1,1,1,5248790,5248790,1088790,3653040,-2564250,4160000,0,9593180,9112180,481000,4767790,-4344390,5000000,1346960,-2564250,0,2564250,0,0,0,10500000,0,168916570,159260070,1490070,1490070,14.375
7169,5,37,2,4,1,1,25964950,25964950,20108950,12775950,7333000,5856000,0,12818200,12700100,118100,25846850,13146750,16250000,3474050,7333000,7500000,167000,0,0,0,3000000,0,282031923,269182923,1152923,1152923,168.203703703704
7170,5,37,2,4,1,2,13844190,13844190,7528190,6868190,660000,6316000,0,5247680,5197680,50000,13794190,8596510,8300000,1431810,-40000,0,40000,700000,700000,0,2000000,0,652004850,641402350,2234250,2234250,168.203703703704
7171,3,37,2,6,2,2,3846200,3846200,3846200,4008200,-162000,0,0,8254900,8204900,50000,3796200,-4408700,23500000,19491800,-162000,0,162000,0,0,0,2000000,0,319111950,294849650,2373250,2373250,24.8
7173,5,37,3,7,1,1,15109140,10819140,65130,-1217800,1282930,10754010,4290000,14533365,14249605,283760,14825380,575775,0,1217800,752930,1259360,506430,530000,530000,0,0,310940,144418888,137928988,1682288,1682288,63.9
7174,5,37,3,7,1,1,-3752680,-3752680,-9584680,-9464680,-120000,5832000,0,5829650,5729650,100000,-3852680,-9582330,0,9464680,-120000,0,120000,0,0,0,3000000,0,235052693,218292093,1168793,1168793,63.9
7175,3,37,2,8,1,1,22855011,21698011,20068211,-663220,20731431,1629800,1157000,30687640,27020040,3667600,19187411,-7832629,1500000,2163220,1426141,2466841,1040700,19305290,19375290,70000,8000000,7200000,91995884,77816984,1636984,1636984,186.375
7176,3,37,2,8,3,1,310730,310730,310730,576380,-265650,0,0,11986360,11609120,377240,-66510,-11675630,1800000,1223620,-265650,0,265650,0,0,0,1500000,0,6546800,-470400,1545400,1545400,186.375
7177,4,37,2,8,1,1,35447409.3,33759605,25749755,8173740,17576015,8009850,1687804.3,23298742,17115032,6183710,29263699.3,12148667.3,12432500,4258760,17576015,26845665,9269650,0,0,0,21876625,19280000,120981512,110621787,1736987,1736987,186.375
7178,5,37,2,8,1,1,13534380,13534380,7690380,7814380,-124000,5844000,0,3787630,3637630,150000,13384380,9746750,11000000,3185620,-124000,0,124000,0,0,0,1500000,0,232930800,223541700,1686100,1686100,186.375
7179,5,37,2,8,1,1,3056880,3056880,-2418120,-2363120,-55000,5475000,0,2344560,2344560,0,3056880,712320,0,2363120,-55000,0,55000,0,0,0,1500000,0,107051300,101597200,2675600,2675600,186.375
7180,5,37,2,8,1,1,849875,849875,-4526125,-3523315,-1002810,5376000,0,18861766,18130766,731000,118875,-18011891,272800,3796115,-1002810,182850,1185660,0,0,0,9000000,0,117628352,101797852,1719952,1719952,186.375
7181,5,37,2,8,1,1,35703020,35703020,26763800,424800,26339000,8939220,0,14722021,13532037,1189984,34513036,20980999,4339500,3914700,26339000,35687600,9348600,0,0,0,16380000,46530000,199609743,201611943,1418543,1418543,186.375
7182,4,37,2,8,1,1,-5414560,-5414560,-5414560,-1697460,-3717100,0,0,6743835,5843835,900000,-6314560,-12158395,2000000,3697460,-3717100,22609900,26327000,0,0,0,27000000,11000000,214530700,219514000,1530000,1530000,186.375
7183,4,37,2,8,1,2,33485310,33485310,23573310,23573310,0,9912000,0,3741600,3691600,50000,33435310,29743710,28600000,5026690,0,0,0,0,0,0,1500000,0,302160600,288654800,1459500,1459500,186.375
7184,4,37,2,8,1,1,19258600,19258600,598600,-476100,1074700,18660000,0,11405820,10405820,1000000,18258600,7852780,4344650,4820750,1074700,2443000,1368300,0,0,0,11500000,3050000,334174650,321205550,1528750,1528750,186.375
7186,5,37,2,8,1,1,3558807.8,2999215,-5299425,-3346565,-1952860,8298640,559592.8,8178416,7778416,400000,3158807.8,-4619608.2,1375000,4721565,-1952860,2282000,4234860,0,0,0,2105000,400000,153544840,149966340,2076540,2076540,186.375
7196,5,37,3,8,1,1,-1572090,-2222090,-10992090,-665230,-10326860,8770000,650000,28466190,23936190,4530000,-6102090,-30038280,7498700,8163930,-10326860,57501940,67828800,0,0,0,108000000,10770000,1611634900,1409356200,1605600,5650800,186.375
7197,1,37,3,8,5,1,109007499,80672912,64081982,35621314,28460668,16590930,28334587,36793266,35063436,1729830,107277669,72214233,62293659,26672345,28235248,42748763,14513515,225420,225420,0,1050000,41626000,356602277,389343100,1641777,2870000,186.375
7198,4,37,3,8,2,1,-16946735,-16946735,-16946735,-22558000,5611265,0,0,38568188,36988438,1579750,-18526485,-55514923,2585000,25143000,5611265,7939575,2328310,0,0,0,0,600000,619443297,560920321,1601976,1977000,186.375
7199,5,37,3,8,1,1,17838710,17838710,9338770,10129000,-790230,8499940,0,10041880,9701880,340000,17498710,7796830,14597000,4468000,-790230,0,790230,0,0,0,0,0,69235820,64003200,1639920,2554800,186.375
7200,4,37,3,5,2,1,12881190,12881190,12881190,-846330,13727520,0,0,27206788,22965118,4241670,8639520,-14325598,253000,1099330,-817550,0,817550,14545070,14545070,0,9965680,20562096,243782610,236266100,1456210,2053000,66.875
7202,5,37,3,2,1,2,-5757490,-6407490,-17322490,354820,-17677310,10915000,650000,40949140,34395410,6553730,-12311220,-46706630,1055000,700180,-17677310,8530000,26207310,0,0,0,1300000,2450000,518831500,487643000,1802400,3240000,101.066666666667
7203,4,37,1,8,1,1,3889930,35236,-20223154,7859297,-28082451,20258390,3854694,43902101,41238391,2663710,1226220,-40012171,14799077,6939780,-28082451,16314436,44396887,0,0,0,43537500,18379000,1155622903,1167284200,2054503,4323000,186.375
7205,4,37,3,4,1,1,60626070,57865700,48748050,700000,48048050,9117650,2760370,28295170,25041580,3253590,57372480,32330900,700000,0,46178050,60129350,13951300,1870000,1870000,0,631000,2324400,349344920,344408720,1570820,1570820,168.203703703704
7207,4,37,3,4,1,1,20581700,20581700,20581700,3236000,17345700,0,0,24483874,21659874,2824000,17757700,-3902174,3750000,514000,17345700,31550000,14204300,0,0,0,8272800,7411700,309316000,295757700,1574100,1574100,168.203703703704
7208,4,37,3,4,1,1,35937390,35937390,35937390,5139390,30798000,0,0,13191860,11813860,1378000,34559390,22745530,5500000,360610,7398000,18200000,10802000,23400000,23400000,0,10377000,5349000,199927020,175019820,1344920,1334920,168.203703703704
7210,4,37,3,4,3,1,84036295.3,76160620,38451680,590275,37861405,37708940,7875675.3,26887300,25522874,1364426,82671869.3,57148995.3,5115000,4524725,32642375,60552984,27910609,5219030,5219030,0,2500000,11713000,349453677,341914877,1448677,1448677,168.203703703704
7211,4,37,3,4,1,1,7552210,2508210,-791790,330000,-1121790,3300000,5044000,17666515,14746515,2920000,4632210,-10114305,330000,0,-6391790,8402340,14794130,5270000,5270000,0,0,0,443454800,437744000,1691600,1691600,168.203703703704
7212,3,37,3,4,1,1,12327000,12327000,12327000,4900000,7427000,0,0,11848980,11558980,290000,12037000,478020,5000000,100000,7427000,10500000,3073000,0,0,0,0,50000,277348900,269090600,1530000,1530000,168.203703703704
7213,4,37,3,4,1,1,8923000,8013000,8013000,3333500,4679500,0,910000,10614930,10206930,408000,8515000,-1691930,3588500,255000,3924500,6413500,2489000,755000,755000,0,0,1190000,100754650,94968950,1654350,1654350,168.203703703704
7214,4,37,3,4,1,1,35787000,35787000,26087000,4500000,21587000,9700000,0,12221210,11721210,500000,35287000,23565790,4500000,0,21587000,25950000,4363000,0,0,0,0,3700000,296514100,290395200,1896900,1896900,168.203703703704
7218,4,37,1,5,1,1,9147190,9147190,289490,2068250,-1778760,8857700,0,15786100,15626100,160000,8987190,-6638910,2670000,601750,-1778760,0,1778760,0,0,0,510000,330000,251528320,252318480,1438120,2445780,66.875
7220,5,40,1,7,1,2,289588150,286598150,283217750,283659770,-442020,3380400,2990000,74847143,67093463,7753680,281834470,214741007,596600000,312940230,-442020,0,442020,0,0,0,63000000,0,2156058816,2658019716,1562100,35000,183.5
7222,5,37,3,4,1,1,31446555,30276555,5620055,964780,4655275,24656500,1170000,15619670,15269670,350000,31096555,15826885,1850000,885220,4655275,5045275,390000,0,0,0,1000000,0,539849760,529714960,1479260,713860,168.203703703704
7223,4,37,2,4,1,1,42053140,40883140,29106040,23263280,5842760,11777100,1170000,16703000,16008000,695000,41358140,25350140,41815000,18551720,5842760,7274660,1431900,0,0,0,11000000,2280000,1012431540,970543650,1719140,552850,107.2
7225,5,37,3,5,1,1,36624334,33634334,22169154,9857569,12311585,11465180,2990000,11313715,11013715,300000,36324334,25310619,13570269,3712700,12311585,16645801,4334216,0,0,0,4700000,0,183060842,142864301,1854642,624201,154.269230769231
7228,5,37,3,4,1,1,34462961,31862961,21630961,3618575,18012386,10232000,2600000,11885200,11885200,0,34462961,22577761,6682500,3063925,17612386,18411386,799000,400000,400000,0,0,4000000,578692360,571873210,1627160,623510,168.203703703704
7233,5,37,2,5,1,2,24494812,22674812,15591862,11812180,3779682,7082950,1820000,19934330,16748330,3186000,21308812,4560482,61649460,49837280,3765682,10633382,6867700,14000,14000,0,0,3250000,359129300,329719900,1443900,1443900,154.269230769231
7234,5,37,2,5,1,1,12018820,11875820,1311820,-1230500,2542320,10564000,143000,17794100,16916600,877500,11141320,-5775280,8682000,9912500,2542320,3575820,1033500,0,0,0,0,4200000,233557050,228544550,1530450,1530450,154.269230769231
7235,3,37,1,1,1,5,19685140,19685140,3387140,2909990,477150,16298000,0,27355433,24532950,2822483,16862657,-7670293,23300000,20390010,477150,477150,0,0,0,0,8000000,29000000,683986530,679399600,1922230,2331700,39.125
7236,5,40,1,4,1,1,7966820,5496820,-107180,-107180,0,5604000,2470000,9308900,9308900,0,7966820,-1342080,1200000,1307180,0,0,0,0,0,0,0,0,1654471500,1648559800,1403200,1403200,139.909090909091
7237,5,40,3,4,1,1,4188200,2758200,1637200,-762800,2400000,1121000,1430000,16522300,16372300,150000,4038200,-12334100,400000,1162800,0,0,0,2400000,2400000,0,0,900000,766856640,763114500,1316040,1200000,139.909090909091
7238,5,40,3,4,1,2,41889900,37989900,5589900,-690100,6280000,32400000,3900000,15560160,13600160,1960000,39929900,26329740,1000000,1690100,6280000,8800000,2520000,0,0,0,0,0,1816939800,1808183000,1778700,3000000,139.909090909091
7239,4,40,2,4,1,1,2406700,2016700,-983300,-3383300,2400000,3000000,390000,19615300,19285300,330000,2076700,-17208600,1000000,4383300,0,0,0,2400000,2400000,0,0,23000000,852179050,858912100,1505250,1700000,139.909090909091
7240,5,40,2,4,1,1,28519770,27219770,1419770,1419770,0,25800000,1300000,13488260,13228260,260000,28259770,15031510,4600000,3180230,0,0,0,0,0,0,0,0,466976590,458714300,1913090,2500000,139.909090909091
7241,3,40,2,4,3,1,-1917510,-1917510,-1917510,-1917510,0,0,0,43568530,40102530,3466000,-5383510,-45486040,400000,2317510,0,0,0,0,0,0,0,0,2845952300,2831648900,1402500,1600000,139.909090909091
7243,2,37,3,2,2,1,82176405.3,64903565,51388745,4858335,46530410,13514820,17272840.3,109475667,77174187,32301480,49874925.3,-27299261.7,5000000,141665,46530410,68327467,21797057,0,0,0,9411000,6460000,165525970,138213670,1785370,1785370,36.6190476190476
7244,5,40,2,4,1,1,5073700,2993700,-1631300,-1631300,0,4625000,2080000,5613500,5505500,108000,4965700,-539800,750000,2381300,0,0,0,0,0,0,0,0,740429150,738393200,1760650,1800000,139.909090909091
7245,5,40,2,4,1,1,-1678630,-2458630,-9658630,-1958630,-7700000,7200000,780000,35337100,32069500,3267600,-4946230,-37015730,750000,2708630,-7700000,0,7700000,0,0,0,7800000,1000000,1288744450,1288599100,1493250,1700000,139.909090909091
7247,5,40,1,4,1,1,2914950,-465050,-1345050,-1345050,0,880000,3380000,11835600,11785600,50000,2864950,-8920650,200000,1545050,0,0,0,0,0,0,0,0,1445777700,1438839900,1692500,1700000,139.909090909091
7248,5,40,2,4,1,1,11080850,10430850,1550850,1550850,0,8880000,650000,9246600,8926600,320000,10760850,1834250,3500000,1949150,0,0,0,0,0,0,0,0,539100300,533887500,1780800,1500000,139.909090909091
7249,4,37,3,8,1,1,32266765,32266765,18745313,1919500,16825813,13521452,0,20598190,19738254,859936,31406829,11668575,1919500,0,19515,6746040,6726525,16806298,16806298,0,3012000,560000,114974960,103940560,1639760,1639760,288.444444444444
7250,5,37,3,8,1,1,27217160,19237160,8361660,4245620,4116040,10875500,7980000,31944774,31527006,417768,26799392,-4727614,4399000,153380,3816040,6849810,3033770,300000,300000,0,0,2400500,109514150,106328950,1544050,1544050,288.444444444444
7252,5,40,2,5,1,1,7753210,7623210,1123210,688000,435210,6500000,130000,11250360,11210360,40000,7713210,-3497150,1364000,676000,408210,503410,95200,27000,27000,0,0,100000,454048640,452166640,1526540,1526540,17.5555555555556
7253,5,40,2,8,1,1,10001730,9091730,5491730,3621780,1869950,3600000,910000,5434041,4939041,495000,9506730,4567689,3904100,282320,1869950,1922450,52500,0,0,0,0,40000000,607475800,645322500,1336500,1336500,107
7254,5,40,3,8,1,1,26822900,10012900,4758420,879420,3879000,5254480,16810000,21120478,21000478,120000,26702900,5702422,1430000,550580,2559000,2600000,41000,1320000,1320000,0,0,0,86446740,83843540,1991040,1991040,107
7255,2,40,2,4,1,1,16683720,16683720,16683720,5983720,10700000,0,0,34356260,31352260,3004000,13679720,-17672540,7000000,1016280,0,0,0,10700000,10700000,0,0,1150000,182764510,174587910,1396910,1396910,139.909090909091
7256,5,37,3,6,1,1,6768200,6378200,6378200,5475700,902500,0,390000,7202220,7102220,100000,6668200,-434020,15500000,10024300,-97500,0,97500,1000000,1000000,0,0,0,97004500,101737200,1628200,2062800,48.2
7257,4,40,2,5,3,1,1989060,1729060,1729060,-3619940,5349000,0,260000,22463800,19153800,3310000,-1320940,-20474740,1100000,4719940,-451000,0,451000,5800000,5800000,0,0,0,1076263780,1059683380,1486780,1886780,17.5555555555556
7259,5,40,2,8,1,1,12266670,11876670,4368670,787350,3581320,7508000,390000,6933100,6833100,100000,12166670,5333570,1100000,312650,488320,668820,180500,3093000,3093000,0,0,20000,1054653600,1052460400,1483200,1483200,107
7260,5,40,3,8,1,1,7159770,5261770,1661770,999000,662770,3600000,1898000,7623480,7266480,357000,6802770,-463710,1131000,132000,662770,746270,83500,0,0,0,0,0,498012260,489793160,1243360,1243360,107
7262,3,37,2,4,4,1,13964160,11494160,5365160,4122160,1243000,6129000,2470000,12189630,10487630,1702000,12262160,1774530,8000000,3877840,-404000,0,404000,1647000,1647000,0,0,2200000,200413750,194867750,1574550,1867550,168.203703703704
7263,5,40,3,5,1,1,17346760,17086760,8981340,2559340,6422000,8105420,260000,16946920,16157920,789000,16557760,399840,2750000,190660,1022000,1205000,183000,5400000,5400000,0,0,100000,305343053,297447053,1924653,1924653,17.5555555555556
7264,5,40,3,5,1,1,7540300,7150300,-49700,-47600,-2100,7200000,390000,11568440,11278440,290000,7250300,-4028140,1320000,1367600,-2100,45000,47100,0,0,0,0,0,270352228,262449028,1470428,1470428,17.5555555555556
7265,5,40,2,5,2,2,10712070,9802070,2149690,2408000,-258310,7652380,910000,7813280,7113280,700000,10012070,2898790,3300000,892000,-258310,0,258310,0,0,0,0,0,36141420,33858620,1905620,2105620,17.5555555555556
7266,4,40,3,5,3,1,11650665,9960665,6360665,-1784980,8145645,3600000,1690000,16794050,16474050,320000,11330665,-5143385,2200000,3984980,8145645,8636845,491200,0,0,0,0,0,645903900,626110300,1864000,1864000,17.5555555555556
7267,5,40,3,8,1,1,33867980,33867980,-2132020,-1161090,-970930,36000000,0,24366920,23866920,500000,33367980,9501060,550000,1711090,-1370930,0,1370930,400000,400000,0,0,230360,402278127,390953327,1606727,1909727,107
7269,4,40,3,8,1,1,24642420,23472420,17232420,-72480,17304900,6240000,1170000,11588810,10838810,750000,23892420,13053610,880000,952480,1704900,1800000,95100,15600000,15600000,0,0,0,207667221,205214122,2290721,2590722,107
7270,3,40,2,5,1,1,-2348500,-2348500,-2348500,-7227500,4879000,0,0,16867350,14457350,2410000,-4758500,-19215850,220000,7447500,-121000,0,121000,5000000,5000000,0,0,0,1079454450,1065307950,1640250,1640250,17.5555555555556
7271,5,40,2,2,1,2,9313110,8013110,4413110,-362640,4775750,3600000,1300000,11802330,10992550,809780,8503330,-2489220,34000,396640,375750,391750,16000,4400000,4400000,0,0,0,128568197,124616097,1661597,1661597,36.6190476190476
7272,3,40,3,2,3,1,6918060,6918060,6918060,3018060,3900000,0,0,30479390,28333390,2146000,4772060,-23561330,4750000,1731940,0,0,0,3900000,3900000,0,0,0,178481500,162560600,1620200,1620200,36.6190476190476
7273,5,40,2,5,1,1,4878250,4228250,4228250,403660,3824590,0,650000,15207280,14567280,640000,4238250,-10329030,1665600,1261940,1824590,2213790,389200,2000000,2000000,0,0,0,685417705,676528850,1804405,1945450,17.5555555555556
7274,4,40,3,5,1,1,17312500,16142500,10852500,1856900,8995600,5290000,1170000,9521400,9091400,430000,16882500,7791100,4400000,2543100,-104400,0,104400,9100000,9100000,0,0,0,873167376,866637476,1363376,1663376,17.5555555555556
7275,5,37,3,1,1,2,10799573,8264573,4983573,-937900,5921473,3281000,2535000,16709980,15459080,1250900,9548673,-5910407,5810000,6747900,3144873,3910073,765200,2776600,2776600,0,0,2400000,632248301,624853001,1381101,1381101,32.2857142857143
7276,4,37,2,4,1,1,52701960,52701960,52701960,17649660,35052300,0,0,38986850,33724400,5262450,47439510,13715110,35900000,18250340,34352300,45977600,11625300,700000,700000,0,0,1435000,496117300,495922000,1783400,1783400,168.203703703704
7277,5,37,2,4,1,1,31512000,29744000,13291000,8205700,5085300,16453000,1768000,22383660,19883660,2500000,29012000,9128340,15150000,6944300,5085300,5810000,724700,0,0,0,0,0,630063800,615525700,1526600,1726600,168.203703703704
7278,4,37,2,4,1,1,32889032,28933652,28933652,12918900,16014752,0,3955380,32610082,28013622,4596460,28292572,278950,20000000,7081100,16014752,19506142,3491390,0,0,0,0,30399420,1041551686,1017048586,1531486,1831586,168.203703703704
7279,4,37,2,4,1,1,12604610,12604610,12604610,-1210190,13814800,0,0,35942490,32281490,3661000,8943610,-23337880,8000000,9210190,3019800,3850000,830200,10795000,10795000,0,0,0,1638489314,1603598634,1671814,1971834,168.203703703704
7280,4,37,1,4,1,1,16197960,15677960,8134300,593550,7540750,7543660,520000,20166574,18210894,1955680,14242280,-3968614,3000000,2406450,7540750,10401500,2860750,0,0,0,7776979,100000,742531762,731535783,1568283,1568283,168.203703703704
7282,5,37,2,2,1,2,26452579,26452579,20262969,2800010,17462959,6189610,0,27627067,20967267,6659800,19792779,-1174488,4000000,1199990,10962959,11061040,98081,6500000,6500000,0,3000000,9000000,485023492,469603160,1896092,933860,36.6190476190476
7283,4,37,2,8,1,1,44270850,44140850,42940850,35468350,7472500,1200000,130000,36497150,33769380,2727770,41543080,7773700,58851100,23382750,1472500,1532500,60000,6000000,6000000,0,11000000,42020000,675648190,680870200,1545990,1498000,288.444444444444
7284,5,37,2,4,1,1,5234680,4714680,-2999300,-2078500,-920800,7713980,520000,7765420,7736990,28430,5206250,-2530740,900000,2978500,-920800,0,920800,0,0,0,3500000,1390000,176939340,169356140,1648540,1648540,168.203703703704
7285,5,37,2,8,1,1,1986715,1986715,-1793285,-1683285,-110000,3780000,0,4183050,4083050,100000,1886715,-2196335,0,1683285,-110000,0,110000,0,0,0,2000000,0,129203450,106571850,1307650,1307650,186.375
7286,3,37,2,4,2,1,-30936850,-30936850,-30936850,-38533020,7596170,0,0,30397370,18848240,11549130,-42485980,-61334220,2500000,41033020,7596170,19800000,12203830,0,0,0,66000000,200000,453324620,351023820,2130220,2130220,168.203703703704
7287,5,37,2,4,1,1,19780550,14190550,6324550,-701020,7025570,7866000,5590000,17223492,16242492,981000,18799550,2557058,4350000,5051020,7025570,9600000,2574430,0,0,0,11500000,3000000,386453490,363603790,2798490,2798490,168.203703703704
7288,5,37,2,8,1,1,971210,971210,-2628790,-2294590,-334200,3600000,0,2742340,2742340,0,971210,-1771130,0,2294590,-334200,130800,465000,0,0,0,2500000,200000,162090470,155924570,1498570,1498570,186.375
7289,5,37,2,8,1,1,26509130,25579630,19723630,20272980,-549350,5856000,929500,8940620,8790620,150000,26359130,17568510,22000000,1727020,-549350,0,549350,0,0,0,7000000,0,145300509,137707909,2156309,2156309,186.375
7290,5,37,2,8,1,1,18485420,18485420,-3362080,-3197080,-165000,21847500,0,4285110,4235110,50000,18435420,14200310,0,3197080,-165000,0,165000,0,0,0,2500000,0,169862691,160080891,1275491,1275491,186.375
7291,3,37,2,8,1,1,10221900,9571900,9271900,-5840150,15112050,300000,650000,14133380,12883280,1250100,8971800,-3911480,858000,6698150,8848050,11549750,2701700,6264000,6334000,70000,9500000,6271125,354021000,340397800,1595000,1595000,186.375
7292,5,37,1,5,1,1,19680300,18640300,8790300,597560,8192740,9850000,1040000,15231495,13681495,1550000,18130300,4448805,3200000,2602440,-207260,0,207260,8400000,8400000,0,14000000,0,247494312,232047712,2604612,2604612,149.307692307692
7293,5,37,2,8,1,1,12907030,12907030,5847030,5515130,331900,7060000,0,5812600,5412600,400000,12507030,7094430,8237000,2721870,331900,2289000,1957100,0,0,0,12500000,4000000,277726650,268309450,1538250,1538250,186.375
7294,5,37,3,1,1,2,32537914,25899914,15525834,4714735,10811099,10374080,6638000,28521726,26936000,1585726,30952188,4016188,6458485,1743750,10161099,17458271,7297172,650000,650000,0,14621300,6517400,452445326,423913320,1766726,433820,32.2857142857143
7296,3,37,3,4,3,1,68694567,68694567,65394567,16657290,48737277,3300000,0,19571057,9579037,9992020,58702547,49123510,18061890,1404600,43556187,52113187,8557000,5181090,5181090,0,0,10040000,475103540,477546840,1721440,1721440,168.203703703704
7297,5,37,2,4,1,1,75594033,64933348,53886866,29822780,24064086,11046482,10660685,21445118,20949898,495220,75098813,54148915,37116330,7293550,24064086,29794103,5730017,0,0,0,21608000,22980000,584314834,583433134,1343534,1343534,168.203703703704
7298,3,37,2,1,1,2,3079750,2559750,2559750,-1563970,4123720,0,520000,31102855,18519046,12583809,-9504059,-28023105,1795000,3358970,4123720,9248150,5124430,0,0,0,17837721,28758311,113974290,107388790,1660690,1660690,14.375
7299,4,40,1,5,1,1,34387350,33737350,22937350,22937350,0,10800000,650000,21406400,21376400,30000,34357350,12980950,25000000,2062650,0,0,0,0,0,0,8400000,0,955717000,935691500,1482000,1500000,154.269230769231
7300,4,40,3,7,1,1,-1498810,-1498810,-9058810,-26440310,17381500,7560000,0,24570090,22088090,2482000,-3980810,-26068900,0,26440310,17381500,71800000,54418500,0,0,0,0,3100000,424273900,410278000,1614500,1500000,183.5
7301,5,37,2,5,1,1,45615946.5652174,44831595.0869565,42226532.0434783,17462524.2608696,24764007.7826087,2605063.04347826,784351.47826087,14509568.4347826,13838544.9130435,671023.52173913,44944923.0434783,31106378.1304348,17646516,183991.739130435,24269253.0434783,25182147.7826087,912894.739130435,494754.739130435,494754.739130435,0,130434.782608696,232826.086956522,751410100,736763800,1512500,1512500,154.269230769231
7302,5,37,2,7,1,1,12837370,11537370,3274350,-3398400,6672750,8263020,1300000,12557848,9594548,2963300,9874070,279522,1400000,4798400,-477250,0,477250,7150000,7150000,0,0,600000,316126340,310883040,1479840,1479840,183.5
7303,3,37,1,6,1,1,80937090,80807090,80807090,78407090,2400000,0,130000,16056800,14717800,1339000,79598090,64880290,107940000,29532910,2400000,2400000,0,0,0,0,1145000,610000,178131900,155978600,1664000,1664000,11.5454545454545
7304,4,37,2,6,1,1,13065000,12805000,12805000,12805000,0,0,260000,8456790,7113790,1343000,11722000,4608210,15435000,2630000,0,0,0,0,0,0,0,0,71414500,68414500,1579000,1579000,11.5454545454545
7305,3,37,1,6,3,1,-1561600,-1561600,-1561600,-1491600,-70000,0,0,25892210,23360210,2532000,-4093600,-27453810,22785000,24276600,-70000,0,70000,0,0,0,6981000,5766000,308163500,297896900,1837000,1837000,11.5454545454545
7306,2,37,1,6,3,1,9239000,9239000,9239000,9277000,-38000,0,0,15796500,15360000,436500,8802500,-6557500,16170000,6893000,-38000,0,38000,0,0,0,483000,200000,70654900,63784900,1882300,1882300,11.5454545454545
7307,3,37,2,6,1,1,26924800,26924800,26924800,33708800,-6784000,0,0,13685200,12246200,1439000,25485800,13239600,43470000,9761200,-6784000,0,6784000,0,0,0,2398000,1664000,411197000,400723700,1754000,1754000,11.5454545454545
7308,3,37,1,6,4,1,-5686834,-5686834,-5686834,-5686834,0,0,0,21650190,19156990,2493200,-8180034,-27337024,49098966,54785800,0,0,0,0,0,0,3648900,8026000,194355900,166822600,1767000,1767000,11.5454545454545
7309,5,37,2,6,1,1,4183009,3143009,-4278791,-4085791,-193000,7421800,1040000,10611494,10283494,328000,3855009,-6428485,6078609,10164400,-193000,0,193000,0,0,0,0,0,69070200,73048400,1802000,1950000,24.8
7310,4,37,2,6,1,1,1337300,557300,-3762700,-4262700,500000,4320000,780000,9305280,8909280,396000,941300,-7967980,6240000,10502700,0,0,0,500000,500000,0,0,0,164910600,166604100,1699700,1899700,24.8
7311,5,37,1,6,1,1,18491760,16151760,11451760,8062760,3389000,4700000,2340000,5734930,5684930,50000,18441760,12756830,8450000,387240,209000,209000,0,3180000,3180000,0,0,0,52835200,52233300,1662000,1862000,24.8
7312,3,37,2,6,1,1,10769200,10509200,6909200,3157200,3752000,3600000,260000,7617940,5916940,1701000,9068200,3151260,3900000,742800,352000,400000,48000,3400000,3400000,0,0,0,126818800,125174700,1469600,1966600,24.8
7313,5,37,1,6,1,1,22946050,19241050,11084290,10938810,145480,8156760,3705000,9763300,9613300,150000,22796050,13182750,11735000,796190,145480,200000,54520,0,0,0,0,120000,111651400,110109700,1644300,1644300,24.8
7315,5,37,3,5,1,1,49758700.7735507,47197684.5036232,39002682.7101449,30908955.4275362,8093727.2826087,8195001.79347826,2561016.26992754,21630587.5597826,19081099.3713768,2549488.1884058,47209212.5851449,28128113.2137681,43158117,12249161.5724638,3982139.21014493,12119340.4492754,8137201.23913044,4111588.07246377,4111588.07246377,0,6389173.4076087,1171179.83695652,339079766.666667,326795800,0,0,154.269230769231
7317,5,37,3,2,1,1,48892581.0176471,30261083.5882353,21048395.3529412,-528544.764705882,21576940.1176471,9212688.23529412,18631497.4294118,46352766.9411765,43041066.9411765,3311700,45580881.0176471,2539814.07647058,30088,558632.764705882,16247526.0588235,21433422.4705882,5185896.41176471,5329414.05882353,5329414.05882353,0,12832959.7647059,18602669.7647059,289992011.764706,288352900,0,300000,36.6190476190476
7319,3,37,3,2,2,1,44538154.6176471,43934076.5882353,38065388.3529412,3636788.23529412,34428600.1176471,5868688.23529412,604078.029411765,24967543.9411765,21304243.9411765,3663300,40874854.6176471,19570610.6764706,5030088,1393299.76470588,27669186.0588235,32552272.4705882,4883086.41176471,6759414.05882353,6759414.05882353,0,6172959.76470588,9252669.76470588,130432711.764706,119597600,0,300000,36.6190476190476
7320,4,37,3,1,1,3,45717677.3642857,43588323.1428571,33772163.1428571,-206145.571428571,33978308.7142857,9816160,2129354.22142857,30396113.4285714,27642326.7142857,2753786.71428571,42963890.65,15321563.9357143,501643,707788.571428571,11220565.8571429,13452147.7857143,2231581.92857143,22757742.8571429,22757742.8571429,0,3951342.92857143,2327690.42857143,367561642.857143,358389600,0,100000,39.125
7322,5,37,3,1,1,1,3699530,3504530,-1215470,781680,-1997150,4720000,195000,6118817,4789664,1329153,2370377,-2419287,815000,33320,-1997150,111975,2109125,0,0,0,4711990,2741020.5,21511800,17734100,0,0,14.375
7323,4,37,2,1,1,1,17466550,17271550,16551550,-982000,17533550,720000,195000,11714957,9153804,2561153,14905397,5751593,815000,1797000,17403550,20011975,2608425,130000,130000,0,3711990,2241020.5,51730000,49660000,0,1000000,14.375
8001,5,38,2,4,1,1,-42231780,-42231780,-45070860,-51588570,6517710,2839080,0,19735980,18359160,1376820,-43608600,-61967760,14434560,66023130,6517710,7234560,716850,0,0,0,40961000,0,1157439890,1056277400,2121090,3200000,67
8002,5,38,1,4,1,2,23661350,23661350,19200000,16174340,3025660,4461350,0,28123626,25682606,2441020,21220330,-4462276,19142300,2967960,-574340,3320000,3894340,3600000,3600000,0,0,95000,505264729,503714400,1971729,2800000,209.826086956522
8003,5,38,1,4,1,2,20103850,19193850,14153850,7134200,7019650,5040000,910000,9969490,9969490,0,20103850,10134360,9546050,2411850,7019650,7529950,510300,0,0,0,95000,0,396872545,391717700,1842245,1489000,209.826086956522
8004,5,38,1,4,1,1,7113200,5163200,-24600,-12600,-12000,5187800,1950000,4896010,4891010,5000,7108200,2217190,0,12600,-12000,0,12000,0,0,0,0,2400000,212713110,210878200,1772310,1544000,209.826086956522
8005,5,38,3,4,1,1,22407540,22407540,15469340,11330500,4138840,6938200,0,8759040,8694040,65000,22342540,13648500,11750500,420000,4138840,4591500,452660,0,0,0,0,0,263444914,265744800,1675114,1925000,209.826086956522
8006,5,38,1,4,1,2,43878240,43878240,36917700,32442780,4474920,6960540,0,15439189,15439189,0,43878240,28439051,36038380,3595600,4474920,6140900,1665980,0,0,0,0,0,593619008,596237200,1677708,1847500,67
8009,5,38,2,4,1,1,10673110,10673110,280580,-5267550,5548130,10392530,0,23325322,22877522,447800,10225310,-12652212,298000,5565550,933894,1263384,329490,4614236,4614236,0,0,410000,766526269,757143000,1772669,300000,209.826086956522
8010,5,38,2,5,1,2,32634850,31204850,20283530,18346470,1937060,10921320,1430000,32114266,27684006,4430260,28204590,520584,36450000,18103530,1937060,2544750,607690,0,0,0,7700000,14835000,550924290,515319690,1925990,1925990,125.2
8011,5,38,2,5,1,1,23423050,23423050,14965990,14943490,22500,8457060,0,22017292,20594042,1423250,21999800,1405758,17778000,2834510,22500,352000,329500,0,0,0,0,1200000,663359580,660040380,1552880,1552880,125.2
8012,5,38,2,5,1,2,-1528205,-5883205,-15098675,-17354390,2255715,9215470,4355000,32488484,26671214,5817270,-7345475,-34016689,5874500,23228890,1935715,2930225,994510,320000,320000,0,0,5740000,629724500,613129100,1854500,1854500,125.2
8013,4,38,2,5,1,1,3969114,3961314,-2588686,-5438722,2850036,6550000,7800,35938029,34620029,1318000,2651114,-31968915,42758300,48197022,2850036,3420850,570814,0,0,0,232500,2100000,1349017136,1242802736,1593436,1593436,125.2
8014,5,38,2,4,1,1,36251099,36251099,30272819,30978099,-705280,5978280,0,17244443,16133093,1111350,35139749,19006656,43197569,12219470,-705280,0,705280,0,0,0,0,2670000,545976760,535762660,1921760,1921760,209.826086956522
8017,5,38,3,4,1,1,85501984,82176584,71584584,31519910,40064674,10592000,3325400,17001490,16001490,1000000,84501984,68500494,36155000,4635090,40064674,44168374,4103700,0,0,0,0,918000,566789600,546113000,0,0,209.826086956522
8018,4,38,3,4,1,2,42905717,42905717,29893017,21960650,7932367,13012700,0,25961273,24805753,1155520,41750197,16944444,27867970,5907320,7932367,13656027,5723660,0,0,0,0,10942610,1160548200,2055513300,0,0,67
8020,4,38,2,6,1,1,87215175,87215175,87215175,84224500,2990675,0,0,23094930,19399680,3695250,83519925,64120245,104796400,20571900,2990675,4599800,1609125,0,0,0,0,2142000,828835400,844666500,0,0,48.6
8022,4,38,2,6,1,1,44849670,40689670,33309670,27932150,5377520,7380000,4160000,44787960,41001960,3786000,41063670,61710,44055000,16122850,5377520,6130000,752480,0,0,0,2020000,26290000,1533524400,1533966100,0,0,48.6
8023,4,38,2,6,1,1,7347600,7347600,-374380,-1894540,1520160,7721980,0,41069150,36975090,4094060,3253540,-33721550,12254000,14148540,1520160,3290000,1769840,0,0,0,0,600000,1182868100,1139681000,0,0,48.6
8024,4,38,2,6,1,1,13921260,11841260,3723760,-12038130,15761890,8117500,2080000,32939578,30667478,2272100,11649160,-19018318,6389670,18427800,15761890,16350000,588110,0,0,0,0,4600000,784148700,755863900,0,0,48.6
8025,5,38,2,6,2,1,13229936.5,12260416,6212688,3751296,2461392,6047728,969520.5,26937307,23414037,3523270,9706666.5,-13707370.5,16859100,13107804,2386392,9142650,6756258,75000,75000,0,71210232,1736452,724338502,650347100,0,0,48.2
8026,4,38,2,5,1,2,65224250,65224250,65224250,62949250,2275000,0,0,65641480,36663200,28978280,36245970,-417230,114839000,51889750,2275000,2786000,511000,0,0,0,0,3600000,1742268700,1711446700,0,0,125.2
8028,4,38,3,8,1,1,17081289.8,17077850,5543890,-1649780,7193670,11533960,3439.8,21509253,19779849,1729404,15351885.8,-4427963.2,300000,1949780,6548670,12051010,5502340,645000,645000,0,2900000,2363500,298029700,277797800,0,0,220.666666666667
8032,5,38,2,1,1,2,13462237,13462237,5564297,8060,5556237,7897940,0,19959847,16855427,3104420,10357817,-6497610,1393000,1384940,5556237,9273000,3716763,0,0,0,0,4700000,506474600,503642500,0,0,37.8333333333333
8033,4,38,2,8,1,1,24675562,24675562,13297302,10433602,2863700,11378260,0,17409262,16972082,437180,24238382,7266300,15519812,5086210,2463700,2900000,436300,400000,400000,0,7861007,1485000,243129907,227370500,0,0,220.666666666667
8034,4,38,3,3,1,1,99595703,86656813,55731963,17377210,38354753,30924850,12938890,36825133,29144845,7680288,91915415,62770570,20007090,2629880,35434753,49174629,13739876,2920000,2920000,0,20047940,37360000,721464180,758742000,0,0,89.3666666666667
8035,5,38,2,1,1,1,-36873200,-36873200,-46119230,-3399500,-42719730,9246030,0,26417950,25705120,712830,-37586030,-63291150,0,3399500,-42719730,0,42719730,0,0,0,0,33550000,350712950,370941900,1593350,1000000,39.8333333333333
8036,4,38,3,3,1,1,25648756,25300356,-3828254,1243938,-5072192,29128610,348400,15324862,12241692,3083170,22565586,10323894,3850000,2606062,-5072192,46202992,51275184,0,0,0,77075000,41350000,1038045700,1059062100,0,0,89.3666666666667
8037,5,38,1,1,1,5,11821200,7921200,-4578800,-4578800,0,12500000,3900000,11256730,10953430,303300,11517900,564470,0,4578800,0,0,0,0,0,0,700000,3300000,1471584350,1461826600,1627150,2000000,39.8333333333333
8038,5,38,3,3,1,1,17729492,15205880,-5517400,2482070,-7999470,20723280,2523612,21831831,15908191,5923640,11805852,-4102339,5462520,2980450,-7999470,17956060,25955530,0,0,0,33815430,2037600,474829330,434252300,0,500000,89.3666666666667
8048,5,38,2,1,1,2,103967010,103707010,96157010,100795060,-4638050,7550000,260000,15301510,12845590,2455920,101511090,88665500,105872000,5076940,-4638050,6311550,10949600,0,0,0,5400000,25700000,526030100,627061400,1830900,1500000,37.8333333333333
8050,4,38,3,1,1,2,44044330,44044330,38164330,1449430,36714900,5880000,0,27603200,23024750,4578450,39465880,16441130,7545400,6095970,36714900,41947300,5232400,0,0,0,0,2400000,846882200,1002231800,0,0,37.8333333333333
8057,3,38,3,4,1,1,922400,597400,597400,-92600,690000,0,325000,37959454,35484960,2474494,-1552094,-37037054,1470000,1562600,690000,817630,127630,0,0,0,10860820,12829120,145230900,158744100,0,0,209.826086956522
8060,5,38,2,4,1,2,28477463.5,24639558,11993146,-748612,12741758,12646412,3837905.5,22695616,21286506,1409110,27068353.5,5781847.5,6656780,7405392,12741758,19394430,6652672,0,0,0,0,580000,429517100,416927300,0,0,209.826086956522
8062,4,38,3,4,1,2,1238364,1238364,-3848866,-1344300,-2504566,5087230,0,35054546,32562406,2492140,-1253776,-33816182,-800000,544300,-2504566,312200,2816766,0,0,0,0,2020000,370710184,362126484,1828484,1828484,209.826086956522
8063,5,38,2,4,1,2,44188555,44188555,30168675,7690705,22477970,14019880,0,11931750,10934030,997720,43190835,32256805,16543475,8852770,22477970,24663230,2185260,0,0,0,3717250,50000,799493700,764806700,0,0,67
8064,4,38,2,4,1,1,33560095,33560095,24893085,18428180,6464905,8667010,0,13901330,12815930,1085400,32474695,19658765,25983000,7554820,6464905,9420435,2955530,0,0,0,0,17600000,605079120,596866020,2709420,2709420,67
8065,4,38,2,4,1,1,35432099,35432099,26392379,8960070,17432309,9039720,0,28294291,26441731,1852560,33579539,7137808,22124225,13164155,17432309,22258174,4825865,0,0,0,0,3930000,445003900,439883000,0,0,209.826086956522
8066,4,38,2,4,1,1,4217182,4217182,-7202628,-9705582,2502954,11419810,0,51698166,47699790,3998376,218806,-47480984,20160000,29865582,2502954,10380800,7877846,0,0,0,0,7894000,367360200,341312900,1339600,1339600,209.826086956522
8069,4,38,2,4,1,1,47516174,47516174,8959904,-1857026,10816930,38556270,0,31906583,27421818,4484765,43031409,15609591,22216600,24073626,10816930,16117879,5300949,0,0,0,498000,900000,934856100,884818900,0,0,209.826086956522
8070,4,38,2,8,1,2,8912043,8717043,97393,-1765430,1862823,8619650,195000,10238060,9264060,974000,7938043,-1326017,23801200,25566630,1862823,8582423,6719600,0,0,0,0,2500000,295714800,289667600,0,0,220.666666666667
8071,4,38,2,8,1,1,71823322.1,63654742,46889778,76082692,-29192914,16764964,8168580.1,59870841,44593548,15277293,56546029.1,11952481.1,120413054,44330362,-31192914,19339296,50532210,2000000,2000000,0,93513517,53680000,995051542,990448000,0,0,220.666666666667
8073,4,38,3,8,3,3,47726192,47726192,39861142,40308072,-446930,7865050,0,36720730,35293470,1427260,46298932,11005462,51818492,11510420,-446930,311600,758530,0,0,0,18850000,37004000,651687685,645805585,1460485,1460485,220.666666666667
8074,4,38,2,8,1,2,62584567,61973567,48493647,42153477,6340170,13479920,611000,22953548,21037068,1916480,60668087,39631019,49932857,7779380,6340170,8468580,2128410,0,0,0,0,8890000,352299100,346387100,0,0,220.666666666667
8077,5,38,3,7,2,1,68679000,65494000,65494000,41504000,23990000,0,3185000,15718786,15363286,355500,68323500,52960214,44062000,2558000,-190000,0,190000,24180000,24180000,0,0,45000,472303200,468819900,0,0,183.5
8078,5,38,2,7,2,1,28783400,28153400,5653400,3190700,2462700,22500000,630000,74186020,65904020,8282000,20501400,-45402620,8270000,5079300,-537300,0,537300,3000000,7200000,4200000,60000000,2050000,1123481800,1111536000,1593000,1593000,183.5
8079,3,38,3,7,3,1,183105731.8,180094721,180020201,77201812,102818389,74520,3011010.8,139602581,93125586,46476995,136628736.8,43503150.8,115800000,38598188,-247170,0,247170,103065559,103065559,0,8285190,100000,2430088190,2395361500,0,0,183.5
8080,5,38,3,3,1,2,12615190,12355190,-2048810,-1564180,-484630,14404000,260000,15559134,14830364,728770,11886420,-2943944,1381500,2945680,-484630,300000,784630,0,0,0,0,450000,60574848,51993248,2414348,2414348,89.3666666666667
8082,4,38,3,3,1,2,86105880,85715880,81953880,9373980,72579900,3762000,390000,23170475,20567975,2602500,83503380,62935405,11931750,2557770,72579900,75457800,2877900,0,0,0,0,300000,210818800,198775600,0,1000000,89.3666666666667
8083,4,38,2,3,1,1,13804870,12894870,-1413130,-1184280,-228850,14308000,910000,14667410,14220360,447050,13357820,-862540,110000,1294280,-228850,0,228850,0,0,0,0,0,135385370,133342570,1517270,1517270,89.3666666666667
8084,5,38,3,3,1,1,47679371,47159371,35652301,2880005,32772296,11507070,520000,38636468,29835948,8800520,38878851,9042903,3674000,793995,32441220,34585040,2143820,331076,331076,0,0,3440000,196798300,187360700,0,0,89.3666666666667
8085,3,38,2,1,1,1,51433360,51173360,50873360,49544960,1328400,300000,260000,39126250,33247810,5878440,45554920,12307110,184000000,134455040,-471600,0,471600,1800000,1800000,0,0,5000000,169030750,145008950,1945450,1945450,14.375
8086,4,38,3,1,1,3,-50107825,-50757825,-57497825,-1691665,-55806160,6740000,650000,27738945,23699645,4039300,-54147125,-77846770,0,1691665,-61106160,0,61106160,5300000,5300000,0,68700000,18120000,354643400,400226800,0,1000000,14.375
8088,5,38,3,8,1,1,-15680300,-16980300,-35240300,-35109000,-131300,18260000,1300000,22864330,21222330,1642000,-17322300,-38544630,0,35109000,-131300,0,131300,0,0,0,0,0,154831550,114451550,1018550,1018550,202.5
8089,3,38,2,8,1,1,-5232720,-5492720,-5792720,-5792720,0,300000,260000,29831580,21839480,7992100,-13224820,-35064300,3000000,8792720,0,0,0,0,0,0,0,3170000,192816100,180041300,1743000,1743000,202.5
8090,5,38,2,8,1,1,10962503,9402503,-567497,4798637,-5366134,9970000,1560000,23179638,22207278,972360,9990143,-12217135,14000002,9201365,-5366134,0,5366134,0,0,0,0,0,241146880,226999180,1467980,1467980,202.5
8091,5,38,2,8,1,1,6716295,5156295,-2209705,-1730885,-478820,7366000,1560000,14338572,13907572,431000,6285295,-7622277,0,1730885,-478820,0,478820,0,0,0,0,0,254447055,246164355,1589955,1589955,202.5
8094,5,38,3,8,1,1,18273305,15673305,2009305,3538235,-1528930,13664000,2600000,16853900,15871900,982000,17291305,1419405,5500000,1961765,-1528930,0,1528930,0,0,0,0,1440000,212843300,205004800,0,1000000,202.5
8095,4,38,3,8,1,1,945945,555945,255945,-888055,1144000,300000,390000,8478495,7721995,756500,189445,-7532550,0,888055,1144000,3530000,2386000,0,0,0,0,100000,176207920,173455720,2774520,2774520,202.5
8096,5,38,2,3,1,3,13695310,9795310,474030,2610930,-2136900,9321280,3900000,22661590,22366050,295540,13399770,-8966280,6120000,3509070,-2136900,0,2136900,0,0,0,12000000,2110000,455580000,432117700,0,0,89.3666666666667
8098,5,38,2,4,1,3,10448600,10448600,3608600,740200,2868400,6840000,0,18341693,18126693,215000,10233600,-7893093,11019500,10279300,2868400,3595000,726600,0,0,0,0,0,230393240,215601300,1035640,1323000,209.826086956522
8099,5,38,2,4,1,2,37974954.5,35719084,14560604,20000325,-5439721,21158480,2255870.5,8640354,8435504,204850,37770104.5,29334600.5,21545505,1545180,-5821120,1793500,7614620,381399,381399,0,0,2400000,260904200,276343800,0,0,209.826086956522
8100,5,38,3,4,1,1,21048990,20528990,15855350,965050,14890300,4673640,520000,16980500,14537220,2443280,18605710,4068490,2000000,1034950,6590300,8158700,1568400,8300000,8300000,0,0,0,515180900,509119800,0,1178800,209.826086956522
8101,5,38,2,4,1,1,39340571,35373088,21948648,4544657,17403991,13424440,3967483,34613990,33320070,1293920,38046651,4726581,11678877,7134220,-86060,7000000,7086060,17490051,17490051,0,32550620,18660605,288969852,258491900,2325452,2123800,209.826086956522
8103,4,38,3,2,1,2,41028463,34528463,23188203,10413810,12774393,11340260,6500000,19538169,16813129,2725040,38303423,21490294,11563090,1149280,12609393,15311893,2702500,165000,165000,0,0,2450000,356591400,343330000,0,200000,101.066666666667
8104,5,38,2,2,1,1,18790745,15410745,6602075,3972150,2629925,8808670,3380000,18170995,17214405,956590,17834155,619750,5044280,1072130,1081925,1894925,813000,1548000,1548000,0,0,400000,133337500,128200100,0,0,101.066666666667
8105,5,38,3,2,1,2,43349539.9,41326385,834645,-922525,1757170,40491740,2023154.9,47841686,29271760,18569926,24779613.9,-4492146.1,2762275,3684800,-931050,287750,1218800,2688220,2688220,0,10719759,13230862,127331300,112271400,0,0,101.066666666667
8106,5,38,2,2,1,2,33803746,33592080,19735530,998960,18736570,13856550,211666,19300300,15025400,4274900,29528846,14503446,2788590,1789630,18336570,24803010,6466440,400000,400000,0,800000,0,406418800,386375800,0,0,101.066666666667
8107,5,38,3,3,1,3,35426290,27951290,11245290,8089070,3156220,16706000,7475000,23555480,22425480,1130000,34296290,11870810,9743480,1654410,-415780,2439220,2855000,3572000,3572000,0,10840000,6700000,559394000,524737500,2355600,3000000,89.3666666666667
8108,5,38,3,3,1,2,27904119,21123319,9567519,9627496,-59977,11555800,6780800,42199916,37693296,4506620,23397499,-14295797,13853980,4226484,-79977,5153219,5233196,20000,20000,0,50000,1541500,415755100,405900600,0,500000,89.3666666666667
8109,4,38,3,3,1,1,6414785,6414785,-885215,-1807690,922475,7300000,0,33819951,31835581,1984370,4430415,-27405166,0,1807690,-4837525,1287750,6125275,5760000,5760000,0,0,2060000,217588300,202509200,1697000,1500000,89.3666666666667
8110,5,38,3,8,1,2,15617956,8259956,-3150484,498070,-3648554,11410440,7358000,35661479,32361316,3300163,12317793,-20043523,3102000,2603930,-3648554,2287480,5936034,0,0,0,21324436,50000,685650336,616379800,0,0,220.666666666667
8111,5,38,3,3,1,2,27010956,21685666,1517108,5977393,-4460285,20168558,5325290,19005031,15956691,3048340,23962616,8005925,9990503,4013110,-5177195,51558837,56736032,716910,716910,0,72190264,1805000,922546700,929556500,0,0,89.3666666666667
8112,5,38,3,3,1,1,-11283397,-11283397,-31967397,1595320,-33562717,20684000,0,36456120,33220120,3236000,-14519397,-47739517,4400000,2804680,-33562717,0,33562717,0,0,0,0,10705000,523755977,453305757,1917220,2000000,89.3666666666667
8113,5,38,3,3,1,1,-1031031,-1031031,-3482978,-1552320,-1930658,2451947,0,22594140,22105950,488190,-1519221,-23625171,234410,1786730,-1930658,0,1930658,0,0,0,0,900000,309260420,255725100,1168320,1000000,89.3666666666667
8115,4,38,2,3,2,3,30048110,30048110,14323110,15079110,-756000,15725000,0,26744400,26194400,550000,29498110,3303710,33961000,18881890,-756000,3665000,4421000,0,0,0,0,630000,601243400,555288100,0,1000000,89.3666666666667
8116,5,38,2,3,1,1,24451800,24451800,9884970,14177570,-4292600,14566830,0,23174400,23174400,0,24451800,1277400,17450000,3272430,-4292600,7605000,11897600,0,0,0,0,5003000,595335830,563221400,1217930,2000000,89.3666666666667
8117,5,38,2,3,1,2,10783640,10263640,4359640,2015280,2344360,5904000,520000,8588360,7810040,778320,10005320,2195280,2785200,769920,2344360,2603360,259000,0,0,0,0,0,153453680,148065600,1427280,1500000,89.3666666666667
8118,5,38,3,3,1,1,2002140,2002140,2002140,1322240,679900,0,0,14576020,13526020,1050000,952140,-12573880,2108000,785760,679900,1922900,1243000,0,0,0,0,1360000,242258500,234246300,1969000,1500000,89.3666666666667
8120,5,38,2,3,2,2,19548460,19548460,7186450,3971955,3214495,12362010,0,14868737,13569527,1299210,18249250,4679723,7119315,3147360,3214495,7027370,3812875,0,0,0,106710,2450000,205903980,199350100,1334370,2000000,89.3666666666667
8121,4,38,3,3,1,2,-35138487,-41638232,-77196842,-60239655,-16957187,35558610,6499745,56480503,48033273,8447230,-43585717,-91618990,13472715,73712370,-23257187,15523024,38780211,6300000,6300000,0,10000000,16629000,1810633000,1570956000,0,0,89.3666666666667
8122,2,38,3,8,1,1,67159610,65859610,49873050,-727008,50600058,15986560,1300000,85637221,54100876,31536345,35623265,-18477611,5176165,5903173,22923653,45617112,22693459,27676405,27676405,0,42412482,41055012,423209882,376515900,0,0,220.666666666667
8123,4,38,2,8,1,1,33230416,25309656,14204686,4350492,9854194,11104970,7920760,50812640,39660630,11152010,22078406,-17582224,8912800,4562308,9342914,15033234,5690320,511280,511280,0,21123078,956000,682943100,652640700,0,2000000,220.666666666667
8124,4,38,3,8,1,3,42806680,42546680,32575280,2979350,29595930,9971400,260000,59154240,55464240,3690000,39116680,-16347560,4400000,1420650,15495930,15954930,459000,14100000,14100000,0,0,3420000,689542150,668087400,1334050,1500000,220.666666666667
8125,4,38,2,8,1,1,10572770,10572770,-657280,-693700,36420,11230050,0,17107430,16544430,563000,10009770,-6534660,275000,968700,-403580,1853000,2256580,440000,440000,0,4793590,6400000,254395002,256055200,1135302,1000000,220.666666666667
8126,5,38,2,3,1,2,9338375,8118375,1341635,1869235,-527600,6776740,1220000,7138701,6558481,580220,8758155,2199674,3091270,1222035,-527600,0,527600,0,0,0,0,5470000,189939600,187222000,0,0,89.3666666666667
8128,4,38,2,4,2,3,40154955,39894955,31494955,18403530,13091425,8400000,260000,16594130,16594130,0,40154955,23560825,23440130,5036600,13091425,14109000,1017575,0,0,0,3225580,7935460,289865900,300096000,0,0,209.826086956522
8129,5,38,2,4,1,1,27622060,27297060,21318860,15857460,5461400,5978200,325000,13548987,13548987,0,27622060,14073073,21241500,5384040,5461400,5941500,480100,0,0,0,0,0,173340400,179670500,0,0,209.826086956522
8130,5,38,2,2,1,2,22513040,22513040,22513040,6803359,15709681,0,0,10396653,9654013,742640,21770400,12116387,11738800,4935441,15709681,22200000,6490319,0,0,0,0,0,402979600,396359900,0,0,101.066666666667
8131,3,38,2,2,1,2,31123000,31123000,31123000,27328000,3795000,0,0,26298350,26298350,0,31123000,4824650,33950000,6622000,-205000,0,205000,4000000,4000000,0,0,0,221468700,211161000,0,0,101.066666666667
8132,4,38,2,2,2,1,50003530,50003530,47003530,46385530,618000,3000000,0,22538220,21938220,600000,49403530,27465310,50886000,4500470,618000,940000,322000,0,0,0,0,0,72118300,63390900,0,2000000,21.6666666666667
8133,5,38,2,2,1,1,24997977,24997977,12578142,11280732,1297410,12419835,0,18498275,16608813,1889462,23108515,6499702,14015000,2734268,1297410,2675000,1377590,0,0,0,1500000,0,510403453,499872500,2034953,4000000,101.066666666667
8134,4,38,2,2,1,2,65155290,65155290,65155290,48895590,16259700,0,0,32550670,31159730,1390940,63764350,32604620,50496000,1600410,7144700,7640000,495300,9115000,9115000,0,0,0,413226700,398573900,0,0,101.066666666667
8135,4,38,2,2,1,2,6779070,6779070,6779070,3622290,3156780,0,0,28435603,26118703,2316900,4462170,-21656533,5980000,2357710,766780,2050000,1283220,2390000,2390000,0,0,3560000,460931400,458855300,1934000,2500000,101.066666666667
8136,5,38,3,2,1,2,90490012.4,85967801,65482191,19072739,46409452,20485610,4522211.4,44288162,34001862,10286300,80203712.4,46201850.4,28238850,9166111,46209452,59190642,12981190,200000,200000,0,6450279,4080000,400101379,397574100,0,5000000,101.066666666667
8137,4,38,2,2,1,2,10610280,10610280,10610280,11485200,-874920,0,0,43022569,41550569,1472000,9138280,-32412289,14218000,2732800,-874920,0,874920,0,0,0,0,300000,461596400,453413800,0,3000000,21.6666666666667
8138,2,38,3,2,3,1,58050500,58050500,58050500,2543000,55507500,0,0,58182650,39699550,18483100,39567400,-132150,3500000,957000,55507500,59000000,3492500,0,0,0,0,400000,457936900,440000300,0,5000000,101.066666666667
8139,5,38,2,2,2,2,17241700,17241700,10108700,9656700,452000,7133000,0,14185620,13293620,892000,16349700,3056080,10880000,1223300,452000,910000,458000,0,0,0,0,70070000,278598920,265442300,1463320,700000,101.066666666667
8140,5,38,2,2,1,2,37469490,36949490,29149490,17790040,11359450,7800000,520000,21161720,19307620,1854100,35615390,16307770,20310100,2520060,11359450,16745800,5386350,0,0,0,0,60000,271667300,265527100,1943100,3000000,101.066666666667
8141,4,38,2,2,4,1,38811370,38291370,35291370,31811670,3479700,3000000,520000,50553395,46260395,4293000,34518370,-11742025,40729500,8917830,3479700,4736500,1256800,0,0,0,300000,560000,371081600,354019300,0,3000000,21.6666666666667
8142,5,38,2,1,1,2,18056080,18056080,11440080,1991980,9448100,6616000,0,13620140,12968980,651160,17404920,4435940,3403000,1411020,2139100,2841000,701900,7309000,7309000,0,0,2120000,233720300,228982600,0,1300000,39.8333333333333
8143,5,38,2,1,1,2,44486849,31417299,15577450,8763350,6814100,15839849,13069550,51245803,46717593,4528210,39958639,-6758954,13661900,4898550,6614100,7108900,494800,200000,200000,0,9470000,1200000,197719800,186195700,0,4000000,37.8333333333333
8144,2,38,2,1,4,2,54424700,54424700,54424700,18255700,36169000,0,0,32648250,29498250,3150000,51274700,21776450,21700000,3444300,-453000,240000,693000,36622000,36622000,0,0,0,136960500,131903900,0,1800000,37.8333333333333
8145,3,38,2,1,2,2,30528640,29852640,29852640,27662940,2189700,0,676000,66739630,61503290,5236340,25292300,-36210990,33898500,6235560,1189700,3859000,2669300,1000000,1000000,0,0,1350000,208323600,212146000,0,3000000,39.8333333333333
8146,5,38,2,1,1,4,17899156,16729156,11077156,6801630,4275526,5652000,1170000,33621087,30801087,2820000,15079156,-15721931,12531800,5730170,4275526,11364100,7088574,0,0,0,0,640000,1051828400,1040044100,0,2700000,39.8333333333333
8151,4,38,3,7,2,1,69627460,69588460,57573460,50939060,6634400,12015000,39000,34699160,30425160,4274000,65353460,34928300,62863300,11924240,2334400,4076700,1742300,4300000,4300000,0,2060000,3750000,2229459400,2218561300,1359200,2000000,183.5
8152,4,38,3,7,1,1,25084000,25084000,25084000,13064000,12020000,0,0,30711100,26333100,4378000,20706000,-5627100,16600000,3536000,-520000,0,520000,12540000,12540000,0,0,0,212832100,199051600,1358000,1500000,183.5
8153,3,38,2,7,1,1,49335020,49335020,49335020,33120020,16215000,0,0,36415020,32464960,3950060,45384960,12920000,37500000,4379980,16215000,16350000,135000,0,0,0,0,0,453207600,417469700,0,0,183.5
8154,4,38,2,8,1,1,56306555,56007555,52397555,26617405,25780150,3610000,299000,61840475,49766065,12074410,44232145,-5533920,47797315,21179910,4480150,5879550,1399400,21300000,21300000,0,355100,3630000,168035286,150485786,1341786,1341786,220.666666666667
8156,5,38,1,4,1,1,22987600,22987600,22987600,22341730,645870,0,0,20179415,19681805,497610,22489990,2808185,45441220,23099490,645870,5219600,4573730,0,0,0,0,1867300,182628400,186355100,0,0,67
8157,3,38,2,8,3,3,16950086.6,16812219,15448439,15006976,441463,1363780,137867.6,13776054,10647044,3129010,13821076.6,3174032.6,25221586,10214610,0,0,0,441463,441463,0,0,1870000,331797657,322356957,2166657,2166657,220.666666666667
8159,3,38,2,6,1,1,260163040,260163040,240163040,240163040,0,20000000,0,37228280,35806260,1422020,258741020,222934760,720497700,480334660,0,0,0,0,0,0,0,43780000,603600400,498050800,0,0,11.5454545454545
8160,5,38,3,3,1,1,23927010,23316010,14385410,9198250,5187160,8930600,611000,15220326,14723070,497256,23429754,8706684,10971310,1773060,5187160,6723230,1536070,0,0,0,0,7600000,376755500,380807600,0,0,89.3666666666667
8162,5,38,3,8,1,1,49541320,32201320,11303240,6717000,4586240,20898080,17340000,33117663,32688323,429340,49111980,16423657,8635000,1918000,-1214660,4771500,5986160,5800900,5800900,0,0,2000000,229714430,221379300,1695930,1000000,220.666666666667
8165,3,38,3,8,3,2,162419793.1,147075898,120952329,61800461,59151868,26123569,15343895.1,27154835,23722215,3432620,158987173.1,135264958.1,74787841,12987380,55478846,94315983,38837137,3673022,3673022,0,100000,54694447,589205153,728709800,0,0,202.5
8166,5,38,2,8,1,1,8383008,7076300,-273700,55300,-329000,7350000,1306708,25232080,22281780,2950300,5432708,-16849072,800000,744700,-329000,0,329000,0,0,0,16700000,0,473853860,451486600,2403960,2000000,220.666666666667
8167,3,38,2,8,1,2,35716370,35716370,33536370,26841560,6694810,2180000,0,17270310,14384240,2886070,32830300,18446060,52616900,25775340,6694810,9437500,2742690,0,0,0,0,0,248241700,235426000,0,0,220.666666666667
8168,4,38,3,4,1,2,16301304,16301304,12789324,11010520,1778804,3511980,0,29557252,23214392,6342860,9958444,-13255948,17835120,6824600,1778804,6042760,4263956,0,0,0,0,1377000,493353350,463905050,1675650,1675650,209.826086956522
8169,5,38,2,4,1,1,37235980,11105980,3557980,-724220,4282200,7548000,26130000,12708200,11546700,1161500,36074480,24527780,19792500,20516720,4282200,6138500,1856300,0,0,0,1500000,24750000,588235500,578395300,2011700,2011700,209.826086956522
8171,5,38,2,4,1,2,25076656,25076656,9730456,2036403,7694053,15346200,0,18777081,18153571,623510,24453146,6299575,7827650,5791247,7694053,12707515,5013462,0,0,0,0,3025000,404276700,392128200,0,0,209.826086956522
8172,5,38,2,8,1,1,17664750,17664750,8722540,4609960,4112580,8942210,0,22747406,20402926,2344480,15320270,-5082656,10294000,5684040,3592580,3816000,223420,520000,520000,0,246000,56000,310806910,300107510,1930210,1930210,220.666666666667
8173,4,38,2,5,1,1,14078540,7578540,498720,1282950,-784230,7079820,6500000,17425090,16543090,882000,13196540,-3346550,4170000,2887050,-784230,0,784230,0,0,0,0,11500000,713731000,729440700,0,0,66.875
8174,4,38,3,5,1,1,23630500,23630500,15950500,938500,15012000,7680000,0,36835700,31085700,5750000,17880500,-13205200,8100000,7161500,12112000,18000000,5888000,2900000,2900000,0,0,300000,212540800,199136600,1986700,1500000,66.875
8175,3,38,2,5,1,1,32105000,31845000,31745000,830000,30915000,100000,260000,33418600,26563600,6855000,25250000,-1313600,2050000,1220000,7405000,9460000,2055000,23510000,23510000,0,0,0,261281400,253092200,1695600,1500000,66.875
8176,5,38,2,7,1,1,15207870,15207870,6607870,6717370,-109500,8600000,0,13862520,13462520,400000,14807870,1345350,7550000,832630,-109500,0,109500,0,0,0,0,0,121106700,117489400,1368500,2000000,63.9
8179,5,38,3,7,1,1,8795720,8275720,-1084280,-983280,-101000,9360000,520000,9066280,9066280,0,8795720,-270560,0,983280,-101000,0,101000,0,0,0,0,0,253288500,247326100,0,1000000,63.9
8181,4,38,3,7,2,1,61645700,61645700,49645700,896700,48749000,12000000,0,15334920,14734920,600000,61045700,46310780,1800000,903300,48749000,64310000,15561000,0,0,0,0,0,121200300,98807000,0,4000000,63.9
8182,4,38,3,3,1,2,15272975,14782975,2216695,2857593,-640898,12566280,490000,17432420,16691850,740570,14532405,-2159445,3502280,644687,-640898,0,640898,0,0,0,0,1400000,127773100,115600100,0,0,89.3666666666667
8183,3,38,3,8,3,1,42192265,41672265,41372265,369465,41002800,300000,520000,34152500,33161500,991000,41201265,8039765,3080000,2710535,41002800,44660000,3657200,0,0,0,0,0,811741800,777430900,0,0,202.5
8184,4,38,1,8,1,5,102374000,101984000,82079000,82317500,-238500,19905000,390000,48782140,42066420,6715720,95658280,53591860,196900000,114582500,-238500,0,238500,0,0,0,0,5700000,238977600,227432600,0,0,202.5
8185,3,38,2,6,2,1,156297885,155907885,155607885,110558085,45049800,300000,390000,26563760,23692060,2871700,153426185,129734125,150650000,40091915,45049800,60700000,15650200,0,0,0,0,3800000,169215950,102077250,1690150,1690150,11.5454545454545
8186,3,38,2,6,3,1,13956120,13566120,13266120,9810520,3455600,300000,390000,30468174,28183064,2285110,11671010,-16512054,40530000,30719480,355600,654000,298400,3100000,3100000,0,0,1000000,527222700,377062300,0,1000000,48.2
8187,3,38,2,6,1,1,-14404845,-14404845,-15504845,-18551275,3046430,1100000,0,21583900,19504070,2079830,-16484675,-35988745,19990000,38541275,3046430,8251000,5204570,0,0,0,0,760000,94581100,69731800,0,1000000,11.5454545454545
8188,3,38,1,3,2,2,39794700,39794700,39794700,35997350,3797350,0,0,11314334,9510334,1804000,37990700,28480366,37822050,1824700,3797350,4367000,569650,0,0,0,0,0,242653000,259656100,0,2853000,89.3666666666667
8189,5,38,2,3,1,3,49422210,49422210,46574690,43531470,3043220,2847520,0,11460610,11460610,0,49422210,37961600,47091470,3560000,3043220,3740000,696780,0,0,0,0,0,481238800,499625500,0,0,89.3666666666667
8190,4,38,2,3,2,3,26040790,26040790,26040790,17381240,8659550,0,0,11602560,9648160,1954400,24086390,14438230,20153930,2772690,4819550,5045250,225700,3840000,3840000,0,0,160000,345119700,328844900,0,0,89.3666666666667
8191,4,38,3,3,1,1,19034420,19034420,9434420,5592520,3841900,9600000,0,10800168,10670168,130000,18904420,8234252,7644120,2051600,961900,1760000,798100,2880000,2880000,0,0,100000,200427130,199289600,1468430,1137500,89.3666666666667
8192,4,38,3,4,1,2,72758558,71963894,61039394,4856999,56182395,10924500,794664,70171408,50327294,19844114,52914444,2587150,25532880,20675881,53632395,71235575,17603180,2550000,2550000,0,0,4471500,1506977467,1459284467,1576367,1576367,67
8193,5,38,3,4,1,3,41971471,38836287,25067127,13628495,11438632,13769160,3135184,31207603,29067923,2139680,39831791,10763868,47386350,33757855,10770429,17038934,6268505,668203,668203,0,0,1950000,1000691900,967015100,0,0,67
8194,5,38,2,4,1,1,34509820,34509820,17189820,17099350,90470,17320000,0,17437270,14467200,2970070,31539750,17072550,27000000,9900650,90470,555900,465430,0,0,0,7400000,4000000,402384830,385498630,1952930,1952930,209.826086956522
8195,4,38,2,6,3,1,25898940,25638940,15029590,-17519560,32549150,10609350,260000,27737010,17857790,9879220,16019720,-1838070,30298500,47818060,32549150,37409260,4860110,0,0,0,0,35278700,733611840,751923440,2784340,2784340,48.6
8201,2,38,2,2,3,1,42264530,42264530,42264530,24393000,17871530,0,0,32474120,30163650,2310470,39954060,9790410,33340000,8947000,12971530,15360000,2388470,4900000,4900000,0,0,6200000,249057460,231501800,1633160,3000000,101.066666666667
8203,5,38,2,1,1,4,14454651,14454651,8034651,9350390,-1315739,6420000,0,13513421,12843421,670000,13784651,941230,10740000,1389610,-1315739,350000,1665739,0,0,0,0,0,638099900,624586500,0,400000,39.8333333333333
8204,5,38,2,7,1,1,15633850,15633850,10363850,10373850,-10000,5270000,0,6669450,6669450,0,15633850,8964400,10750000,376150,-10000,0,10000,0,0,0,0,0,91817600,90941000,1658800,500000,63.9
8205,5,38,3,3,1,1,43053977.8,36071580,18394820,1095420,17299400,17676760,6982397.8,33371987,32086867,1285120,41768857.8,9681990.8,1818000,722580,17299400,26445052,9145652,0,0,0,4828593,3743900,378166500,310705300,0,0,89.3666666666667
8206,4,38,3,2,1,2,40495700,40495700,40195700,20393450,19802250,300000,0,12939500,12647400,292100,40203600,27556200,38000000,17606550,17302250,26000000,8697750,2500000,2500000,0,0,4640000,75148600,54249100,0,0,21.6666666666667
8207,4,38,2,5,3,3,60922890,60922890,60922890,-3408170,64331060,0,0,53299520,50498440,2801080,58121810,7623370,16900000,20308170,60231060,68270700,8039640,4100000,4600000,500000,0,0,1527381200,1491272500,0,0,66.875
8211,4,38,2,3,1,3,13487083,5745073,562013,745083,-183070,5183060,7742010,20368993,19952123,416870,13070213,-6881910,4495593,3750510,-183070,0,183070,0,0,0,1900000,0,167300410,164569800,1461210,1682600,89.3666666666667
8212,3,38,1,1,1,2,25691700,25431700,23631700,24355600,-723900,1800000,260000,24330340,20739820,3590520,22101180,1361360,34598000,10242400,-1023900,435000,1458900,300000,300000,0,0,0,380551410,315496500,1375610,1000000,37.8333333333333
8214,5,38,2,8,1,1,23404600,21454600,-2252400,-4862400,2610000,23707000,1950000,29603600,26703600,2900000,20504600,-6199000,-817000,4045400,-330000,1995000,2325000,2940000,2940000,0,0,15450000,292591200,279673700,1453500,1000000,202.5
8215,4,38,3,1,1,3,17638540,16858540,11191400,-57000,11248400,5667140,780000,8029280,7739280,290000,17348540,9609260,0,57000,8368400,14899000,6530600,2880000,2880000,0,0,0,330018300,324382600,0,1394300,14.375
8216,4,38,3,7,1,1,43033510,43033510,33115700,22645700,10470000,9917810,0,27670020,25230120,2439900,40593610,15363490,26250000,3604300,6470000,7000000,530000,4000000,4000000,0,0,0,700862400,697303300,1640000,2000000,183.5
8217,5,38,2,7,2,1,-10681000,-10681000,-28061000,-27840000,-221000,17380000,0,20732200,19882200,850000,-11531000,-31413200,-17860000,9980000,-221000,0,221000,0,0,0,460000,0,334194300,309536700,1580000,1000000,183.5
8218,4,38,2,2,1,1,25295930,25295930,19905930,16460230,3445700,5390000,0,19669070,14499070,5170000,20125930,5626860,18570000,2109770,-244300,0,244300,3690000,3690000,0,0,0,152713800,146307400,1731500,1500000,21.6666666666667
8219,4,38,2,7,1,1,167441600,167441600,164717600,164757600,-40000,2724000,0,33248940,32688440,560500,166881100,134192660,206020000,41262400,-40000,0,40000,0,0,0,0,300000,2046957350,2145049750,2716350,2716350,183.5
8221,5,38,3,8,1,2,17792212,16232212,7574712,4723530,2851182,8657500,1560000,32974430,30230690,2743740,15048472,-15182218,6338110,1614580,2851182,4883850,2032668,0,0,0,0,2400000,521825800,517033500,0,500000,220.666666666667
8222,5,38,2,8,1,2,15614369.1,15516782,7672282,254333,7417949,7844500,97587.1,19091653,18439963,651690,14962679.1,-3477283.9,21843002,21588669,7417949,20827114,13409165,0,0,0,0,7823010,314303400,283381500,0,0,220.666666666667
8223,4,38,3,8,1,2,19257220,17827220,16327220,-1425210,17752430,1500000,1430000,22719060,20584800,2134260,17122960,-3461840,25000,1450210,17393130,33425800,16032670,359300,359300,0,0,450900,229312100,241307600,0,0,220.666666666667
8224,5,38,2,8,1,2,19082016,18172016,5151746,4446061,705685,13020270,910000,15931094,15715114,215980,18866036,3150922,9168511,4722450,705685,1574860,869175,0,0,0,0,0,361723758,354071258,1108058,1108058,220.666666666667
8225,5,38,2,3,1,1,-9203453,-9203453,-16894233,-507273,-16386960,7690780,0,21430029,20639953,790076,-9993529,-30633482,2736000,3243273,-16386960,5239000,21625960,0,0,0,16550000,3703000,2007845705,1941651500,1136605,1000000,89.3666666666667
8227,3,38,1,6,1,1,28387055,-3372945,-3672945,-3292330,-380615,300000,31760000,60144330,58693330,1451000,26936055,-31757275,60637500,63929830,-380615,0,380615,0,0,0,0,0,283683670,242443670,2105470,2105470,11.5454545454545
8228,5,38,2,7,1,1,15702000,15702000,12102000,8575000,3527000,3600000,0,7667280,7667280,0,15702000,8034720,10125000,1550000,-73000,0,73000,3600000,3600000,0,0,0,317283300,309728800,1754500,500000,63.9
8229,5,38,1,7,1,2,13155400,13155400,9555400,9657400,-102000,3600000,0,7242700,7242700,0,13155400,5912700,10750000,1092600,-102000,0,102000,0,0,0,0,0,462712800,459428700,1847500,400000,63.9
8230,5,38,3,7,1,1,30150000,30150000,25190000,5280000,19910000,4960000,0,12294270,11093970,1200300,28949700,17855730,6000000,720000,19910000,20000000,90000,0,0,0,0,0,457168500,449646400,1678000,3000000,63.9
8232,4,38,3,1,1,1,36460120,36460120,31842760,0,31842760,4617360,0,33270990,29135260,4135730,32324390,3189130,0,0,-45750,0,45750,31888510,31888510,0,7250000,9820000,58509180,53919700,1218180,1519700,14.375
8234,4,38,2,7,2,2,54974849,52310899,34675809,7304160,27371649,17635090,2663950,50665946,48792736,1873210,53101639,4308903,9035340,1731180,18111649,37946723,19835074,9260000,9260000,0,0,22820480,586088100,574219800,0,0,183.5
