"임가번호","연령별","지역별","전/겸업별","업종별","가구원수별","임지규모별","임가소득","경상소득","임가순소득","임업소득","임업외소득","이전소득","비경상소득","가계지출","소비지출","비소비지출","임가처분가능소득","임가경제잉여","임업총수입","임업경영비","겸업소득","겸업수입","겸업지출","사업외소득","사업외수입","사업외지출","재산적 수입","재산적 지출","기초_자본(순재산)","기말_자본(순재산)","연초보유","연말보유","가중치"
11021,4,31,1,5,1,1,40160450,40160450,39660450,7644100,32016350,500000,0,74544000,43403000,31141000,9019450,-34383550,10600000,2955900,-183650,0,183650,32200000,32200000,0,0,0,1840986100,1819953800,1000000,1000000,27.5714285714286
11031,4,31,2,7,1,1,28091840,28091840,27691840,-1039870,28731710,400000,0,40912676,35396346,5516330,22575510,-12820836,0,1039870,28431710,29370000,938290,300000,300000,0,0,0,375691500,367741000,400000,400000,65.9
11068,4,31,2,5,1,1,15756740,15176740,10706740,-655980,11362720,4470000,580000,41005600,36126630,4878970,10877770,-25248860,190300,846280,-637280,90025,727305,12000000,12000000,0,7147840,4901500,509337700,498388000,300000,300000,67
11071,5,31,1,5,1,1,-27675760,-28075760,-35175760,-32423910,-2751850,7100000,400000,31824940,25858786,5966154,-33641914,-59500700,2000000,34423910,-2751850,0,2751850,0,0,0,0,6930000,555021000,526828600,1000000,1000000,27.5714285714286
11072,4,31,2,5,1,1,22504870,20504870,8372870,-1171130,9544000,12132000,2000000,49434287,46957757,2476530,20028340,-26929417,200000,1371130,8544000,8544000,0,1000000,1000000,0,11075390,11300000,1810223400,1776156800,500000,500000,212.666666666667
11278,5,31,3,8,2,1,20257645,20057645,2104925,-1254341,3359266,17952720,200000,23626216,20998676,2627540,17630105,-3368571,340400,1594741,3359266,3467250,107984,0,0,0,10818467,10746507,247322300,241365300,1000000,1000000,39.9230769230769
11324,4,31,2,5,1,1,-2855896,-2855896,-2855896,-8269650,5413754,0,0,39019854,33811757,5208097,-8063993,-41875750,0,8269650,4213754,7757500,3543746,1200000,1200000,0,2300000,1170000,1097724600,1078893400,0,240000,11.8181818181818
11331,4,31,1,6,1,1,23272140,23272140,22906140,22173540,732600,366000,0,50299242,46574832,3724410,19547730,-27027102,43636800,21463260,732600,2201350,1468750,0,0,0,0,8355068,397035500,417324000,0,7500000,10.0769230769231
11368,4,31,3,2,1,1,28069600,25069600,17829820,11971020,5858800,7239780,3000000,12849786,11689786,1160000,26909600,15219814,12126000,154980,2018800,7985500,5966700,3840000,3840000,0,0,0,117727400,113528000,0,140000,34.25
11369,4,31,3,1,2,2,36340025,36340025,28330025,-5133310,33463335,8010000,0,42202330,38230830,3971500,32368525,-5862305,-4500000,633310,19623335,33861300,14237965,13840000,13840000,0,0,1450000,601368300,574644600,0,600000,51
11370,4,31,3,1,4,2,50853689,44677671,32951449,2680554,30270895,11726222,6176018,52829021,46113103,6715918,44137771,-1975332,4980600,2300046,28770495,50876280,22105785,1500400,1500400,0,39106102,9757618,1654604040,1587746440,0,624000,51
11371,3,31,3,1,1,2,-3990681,-3990681,-4390681,-5527900,1137219,400000,0,67173315,53159053,14014262,-18004943,-71163996,3200000,8727900,-974584,6702000,7676584,2111803,2111803,0,11946250,3040000,1578280640,1537198690,0,400000,51
11372,4,31,3,2,2,3,35299045,35299045,20456045,23698820,-3242775,14843000,0,39968270,36406650,3561620,31737425,-4669225,23787500,88680,-3242775,15777085,19019860,0,0,0,4395000,1320000,1352425740,1324223840,0,200000,34.25
11373,4,31,3,8,1,3,50435611,50435611,36168001,12991263,23176738,14267610,0,23404843,22240523,1164320,49271291,27030768,13363954,372691,9466105,11224953,1758848,13710633,13710633,0,0,3020000,503780900,497648300,0,450000,30.1282051282051
11374,4,31,3,8,1,1,22385846,20385846,13995646,8558922,5436724,6390200,2000000,9284223,9284223,0,22385846,13101623,8815400,256478,-203276,623000,826276,5640000,5640000,0,215300,2695500,293313940,294456440,0,150000,30.1282051282051
11375,5,31,3,1,1,2,27579856,27579856,26779856,4017807,22762049,800000,0,22213301,20329001,1884300,25695556,5366555,4200000,182193,-1237951,1470000,2707951,24000000,24000000,0,0,0,1261194500,1254742600,0,870000,51
11377,5,31,2,6,1,1,-12843269,-12843269,-17743269,-27189130,9445861,4900000,0,28077320,27597320,480000,-13323269,-40920589,27651000,54840130,3745861,5170000,1424139,5700000,5700000,0,0,0,1238853600,1211414100,0,500000,10.0769230769231
11378,3,31,3,3,3,1,86620435,72693130,71606090,-1582460,73188550,1087040,13927305,96151830,82884966,13266864,73353571,-9531395,870000,2452460,-806495,710100,1516595,73995045,73995045,0,16197000,12345000,314566400,311222200,0,620000,24
11379,3,31,3,5,3,3,26892500,26892500,25992500,-8266000,34258500,900000,0,62593442,52178798,10414644,16477856,-35700942,1500000,9766000,11790500,17333100,5542600,22468000,22468000,0,765000,1000000,910507430,890993430,0,550000,11.8181818181818
11380,4,31,3,5,1,2,6021976,5221976,-4382294,-1419870,-2962424,9604270,800000,20752837,17940457,2812380,3209596,-14730861,0,1419870,-2962424,2095250,5057674,0,0,0,0,84000,1640340410,1625865910,0,100000,11.8181818181818
11381,4,31,3,5,2,3,100835435,91878205,86312285,-87810,86400095,5565920,8957230,38680867,33223697,5457170,95378265,62154568,0,87810,80822695,86922097,6099402,5577400,5577400,0,0,9908321,1395805840,1381154040,0,120000,11.8181818181818
11385,3,31,2,7,1,1,54984123,49676679,39408879,24828509,14580370,10267800,5307444,61041348,49138048,11903300,43080823,-6057225,30780700,5952191,-690033,175000,865033,15270403,15384873,114470,28578439,11291754,1984968990,1953065036,0,100000,65.9
11387,5,31,3,8,1,1,8337503,8217503,-836127,-10880963,10044836,9053630,120000,24347423,23514423,833000,7504503,-16009920,590000,11470963,10044836,10650000,605164,0,0,0,0,1701655,1133486800,1113040200,0,800000,88.25
11388,4,31,2,7,1,1,7952490,7952490,722970,-13254100,13977070,7229520,0,12008807,9489427,2519380,5433110,-4056317,-9000000,4254100,-22930,0,22930,14000000,14000000,0,4044410,1847890,678044900,666631600,0,3250000,65.9
11392,5,31,2,7,1,1,86014250,86014250,86014250,84479360,1534890,0,0,28869883,25081833,3788050,82226200,57144367,96705000,12225640,1134890,2016650,881760,400000,400000,0,0,11192720,2324315200,2394676100,0,100000,65.9
11393,4,31,2,7,1,1,110457800,109011800,105136180,99421725,5714455,3875620,1446000,52083293,45139543,6943750,103514050,58374507,129805500,30383775,864807,1570000,705193,4849648,4849648,0,0,9002418,519260150,551489750,0,100000,65.9
11395,3,31,3,7,3,1,18357550,18357550,18357550,2008000,16349550,0,0,38347200,22302200,16045000,2312550,-19989650,15663000,13655000,1241550,1802050,560500,15108000,15108000,0,0,2200000,3009452000,3002034800,0,100000,65.9
11398,3,31,2,8,1,1,17755350,14363350,9783350,7692356,2090994,4580000,3392000,12544522,11270772,1273750,16481600,5210828,8352356,660000,1690994,1702294,11300,400000,400000,0,0,0,416361200,408808000,0,210000,30.1282051282051
11400,4,31,3,5,1,4,51101307,37162301,26798706,11720263,15078443,10363595,13939006,120359837,109222765,11137072,39964235,-69258530,12337266,617003,7378839,41020366,33641527,7699604,7699604,0,71616771,30050479,933771913,841636642,0,740000,212.666666666667
11403,4,31,3,8,1,3,58206632,53806632,43569542,6397090,37172452,10237090,4400000,36013693,32896097,3117596,55089036,22192939,6670000,272910,11972452,16795650,4823198,25200000,25200000,0,39261595,12249340,989227600,965368700,0,300000,17.9545454545455
11404,4,31,3,5,2,1,37694775,37694775,30450775,3162650,27288125,7244000,0,26714111,24908231,1805880,35888895,10980664,11065000,7902350,27288125,39318000,12029875,0,0,0,4000000,1000000,529023800,528887500,0,350000,11.8181818181818
11405,4,31,2,1,1,3,144988057,144713401,139391401,118773058,20618343,5322000,274656,48387079,42547959,5839120,139148937,96600978,153954410,35181352,20368139,41406000,21037861,250204,250204,0,13742791,0,978290891,933768300,0,124300,65.5
11406,3,31,3,1,1,2,63435205,58715205,56487205,-7579000,64066205,2228000,4720000,49064470,23928010,25136460,38298745,14370735,1826000,9405000,63866205,83161000,19294795,200000,200000,0,31729000,2117000,451030940,403990340,0,285000,65.5
11407,5,31,2,1,1,3,11015165,8615165,1767165,215000,1552165,6848000,2400000,18349657,17709657,640000,10375165,-7334492,215000,0,1552165,4492000,2939835,0,0,0,3100000,60000,809019300,797857700,0,150000,51
11408,4,31,3,1,1,4,36238527,34270527,28129787,7223128,20906659,6140740,1968000,39252989,31436369,7816620,28421907,-3014462,8311620,1088492,15253659,19177800,3924141,5653000,5653000,0,3000000,780000,2180750700,2169362000,0,500000,51
11409,3,31,3,5,1,3,31766484,31766484,31766484,444660,31321824,0,0,58943339,52745439,6197900,25568584,-27176855,7500000,7055340,8317624,10638000,2320376,23004200,23004200,0,1000000,4840000,2028878873,2008955773,0,623000,11.8181818181818
11410,4,31,2,8,1,1,121749207,121749207,121749207,119117367,2631840,0,0,59617120,46307520,13309600,108439607,62132087,130180000,11062633,-868160,0,868160,3500000,3500000,0,0,43774600,265000340,260297240,0,1394000,17.9545454545455
11413,2,31,3,7,2,1,33575225,33575225,29283905,-5884000,35167905,4291320,0,57148600,52878600,4270000,29305225,-23573375,970000,6854000,1867905,1867905,0,33300000,33300000,0,6500000,700000,548695900,509946600,0,100000,65.9
11414,4,31,3,7,1,1,73753543,71095741,69731741,-7020270,76752011,1364000,2657802,58256952,39316923,18940029,54813514,15496591,-880000,6140270,-21520839,24794720,46315559,98272850,98272850,0,0,13100000,812395600,798304000,0,100000,65.9
11415,4,31,3,7,1,1,9117090,9117090,9117090,-25417500,34534590,0,0,184748442,162156412,22592030,-13474940,-175631352,-20745000,4672500,-3085700,500000,3585700,37620290,67130000,29509710,1099000,4415458,2702366600,2053372000,0,200000,65.9
11418,5,31,3,8,1,1,-13701885,-21921965,-25072255,-30452072,5379817,3150290,8220080,12714366,11594366,1120000,-14821885,-26416251,6755078,37207150,5199339,5199339,0,180478,180478,0,0,2411500,741551500,701446400,0,1500000,30.1282051282051
11419,4,31,3,5,1,1,-4759117,-4759117,-4759117,-3047500,-1711617,0,0,29007739,24720599,4287140,-9046257,-33766856,0,3047500,-1711617,6638950,8350567,0,0,0,0,16204050,792941100,781321500,0,100000,11.8181818181818
11420,2,31,3,8,3,1,47313850,45313850,41713850,17391500,24322350,3600000,2000000,34310072,34027272,282800,47031050,13003778,19240000,1848500,-1027650,0,1027650,25350000,25350000,0,8200000,7000000,158386400,149297300,0,350000,30.1282051282051
11426,5,31,1,5,1,2,58781200,48781200,-1538800,-970150,-568650,50320000,10000000,27553800,26214800,1339000,57442200,31227400,2100000,3070150,-568650,0,568650,0,0,0,0,0,268215200,264961900,300000,300000,67
11430,4,31,2,8,1,1,6545060,5545060,353700,-60000,413700,5191360,1000000,32077985,27519445,4558540,1986520,-25532925,0,60000,413700,492000,78300,0,0,0,0,0,455184000,445124000,1000000,1000000,39.9230769230769
11436,3,31,2,8,1,4,14570385,14510385,13310385,10866925,2443460,1200000,60000,25053330,20027810,5025520,9544865,-10482945,13277255,2410330,1143460,4204000,3060540,1300000,1300000,0,50000,0,381906800,374873600,2000000,2000000,17.9545454545455
11437,5,31,1,6,1,1,38886764.75,38886764.75,19016764.75,19545883,-529118.25,19870000,0,30598757.875,27239454.5,3359303.375,35527461.375,8288006.875,23650388,4104505,-1229118.25,625188,1854306.25,700000,700000,0,103000,291250,224398700,212050400,700000,700000,10.0769230769231
11440,3,31,3,8,1,1,30773820,30439620,30439620,-325600,30765220,0,334200,21498888,17345618,4153270,26620550,9274932,0,325600,-104700,80000,184700,30869920,30869920,0,3747980,2155690,466372300,459631500,500000,500000,45.75
11441,4,31,1,8,1,1,40146319,40146319,34957309,22054197,12903112,5189010,0,27068749,23642619,3426130,36720189,13077570,26449147,4394950,-996888,300000,1296888,13900000,13900000,0,6281185,24958550,998956985,998358000,1000000,1000000,30.1282051282051
11442,5,31,1,8,1,1,12110900,11910900,7879900,6589960,1289940,4031000,200000,16074175,14934175,1140000,10970900,-3963275,11486200,4896240,1269940,3308400,2038460,20000,20000,0,3451600,1892000,776076100,768096300,1000000,1000000,30.1282051282051
11443,3,31,3,2,1,4,14408500,14408500,14408500,-343000,14751500,0,0,31259014,25336074,5922940,8485560,-16850514,0,343000,-391500,0,391500,15143000,15848000,705000,6520991,3856702,773977000,767124500,1200000,1200000,34.25
11445,4,31,1,8,4,4,41635108,40329488,25969928,21811245,4158683,14359560,1305620,19811834,16067874,3743960,37891148,21823274,30808195,8996950,3944350,4746600,802250,214333,214333,0,2217430,500000,639404600,629214900,1000000,1000000,17.9545454545455
11446,4,31,2,7,1,2,49815750,49815750,42815750,53574000,-10758250,7000000,0,47344160,38158160,9186000,40629750,2471590,53644500,70500,-12258250,6675000,18933250,1500000,1500000,0,15245760,7671760,-446827900,-406030000,1500000,1500000,65.9
11452,5,31,2,8,1,1,39093887,39093887,30671647,-650765,31322412,8422240,0,32465523,22399059,10066464,29027423,6628364,832100,1482865,-1297588,1848000,3145588,32620000,32620000,0,0,49260000,3766772100,3808925800,1000000,1000000,39.9230769230769
11455,5,31,2,8,1,1,26936720,26936720,17991260,18016475,-25215,8945460,0,22449192,19271632,3177560,23759160,4487528,34074959,16058484,-25215,333000,358215,0,0,0,14608702,7246558,504718600,484433600,0,500000,30.1282051282051
11456,4,31,2,5,1,1,31229620,30229620,20989620,-641390,21631010,9240000,1000000,43682070,28158430,15523640,15705980,-12452450,3300000,3941390,20131010,23426000,3294990,1500000,1500000,0,0,5750000,384644900,379415000,500000,500000,212.666666666667
11457,3,31,2,5,2,1,49986100,49986100,49986100,2645000,47341100,0,0,46684980,23288200,23396780,26589320,3301120,14850000,12205000,-158900,0,158900,47500000,47500000,0,5110000,13200000,393685900,377970900,200000,200000,27.5714285714286
11458,2,31,2,5,3,1,39376350,35976350,17006350,120400,16885950,18970000,3400000,42959000,38981700,3977300,35399050,-3582650,2070000,1949600,2435950,2568000,132050,14450000,14450000,0,6486200,13170000,343099200,345234300,700000,700000,27.5714285714286
11459,5,31,1,5,1,1,39705855,39705855,29745855,-2303650,32049505,9960000,0,48058513,41351513,6707000,32998855,-8352658,300000,2603650,-380495,0,380495,32430000,36000000,3570000,17293313,20220000,973172000,964532000,200000,200000,27.5714285714286
11460,4,31,3,5,1,1,129611466,128279182,106679492,-30390860,137070352,21599690,1332284,37205227,34379734,2825493,126785973,92406239,9118000,39508860,137070352,183677452,46607100,0,0,0,851200,40924000,569466300,550371100,500000,500000,27.5714285714286
11461,4,31,2,5,1,1,8010840,8010840,8010840,-5158910,13169750,0,0,21735280,20181280,1554000,6456840,-13724440,0,5158910,12169750,18883000,6713250,1000000,1000000,0,0,830000,192818200,178366900,1000000,1000000,212.666666666667
11463,5,31,2,5,1,1,8508075,8508075,1788075,-1278660,3066735,6720000,0,19319560,17004800,2314760,6193315,-10811485,0,1278660,2796735,14287000,11490265,270000,270000,0,2524000,3681000,350736000,335636100,700000,700000,27.5714285714286
11464,4,31,3,8,1,1,17551610,17551610,17551610,3033400,14518210,0,0,21453710,18028710,3425000,14126610,-3902100,12565650,9532250,14518210,16125000,1606790,0,0,0,9242160,4398000,71858100,55683800,100000,100000,88.2826086956522
11465,4,31,3,5,1,1,23840579,23640579,16590579,-814005,17404584,7050000,200000,22584564,21380564,1204000,22636579,1256015,0,814005,3004584,6497000,3492416,14400000,14400000,0,11980382,12750520,422943600,406159500,200000,200000,212.666666666667
11466,5,31,3,2,1,1,17126966,17126966,4328366,112020,4216346,12798600,0,24423586,19807396,4616190,12510776,-7296620,4050000,3937980,376346,2146500,1770154,3840000,3840000,0,7695532,6813780,191793900,177299800,1000000,1000000,34.25
11467,4,31,3,2,1,1,16464510,16464510,9264510,38400,9226110,7200000,0,40913693,28038883,12874810,3589700,-24449183,3600000,3561600,9226110,11303000,2076890,0,0,0,9945018,7498040,218729000,209789900,3200000,3200000,34.25
11470,4,31,1,6,1,1,20417489,20134629,12548409,10967002,1581407,7586220,282860,34319354,27048554,7270800,13146689,-13901865,68891068,57924066,1581407,41346282,39764875,0,0,0,1716150,4552050,204333100,177586600,100000,100000,35.8333333333333
11471,4,31,1,2,1,1,13030950,13030950,13030950,13030950,0,0,0,10432950,10179950,253000,12777950,2598000,89562000,76531050,0,0,0,0,0,0,0,0,119760000,93981800,0,0,34.25
11474,5,31,3,2,1,1,35157179,33076179,18194499,7138041,11056458,14881680,2081000,30955725,29148445,1807280,33349899,4201454,11976081,4838040,4540458,8872994,4332536,6516000,6516000,0,34594312,13153609,376304395,355276200,1500000,1500000,34.25
11475,4,31,3,5,1,2,36886565,36286565,34173175,131400,34041775,2113390,600000,34608244,33521034,1087210,35799355,2278321,1100000,968600,3338795,5875000,2536205,30702980,30702980,0,19733450,5706450,448456356,437243000,1000000,1000000,11.8181818181818
11476,4,31,3,5,1,2,20118625,19918625,7137500,650000,6487500,12781125,200000,12852348,10992348,1860000,18258625,7266277,1300000,650000,6487500,8975000,2487500,0,0,0,6257640,1143500,137483100,129131100,1000000,1000000,11.8181818181818
11480,4,31,3,5,1,1,12290377,12290377,-6309623,-1311160,-4998463,18600000,0,43283562,38195132,5088430,7201947,-30993185,0,1311160,-4998463,3450000,8448463,0,0,0,7149151,4348680,312170000,298020100,3000000,3000000,11.8181818181818
11481,5,31,3,5,1,1,13469890,13469890,2429890,-475110,2905000,11040000,0,23398360,21058360,2340000,11129890,-9928470,0,475110,2905000,3000000,95000,0,0,0,7095660,4019560,611246500,601837100,2000000,2000000,212.666666666667
11482,5,31,3,8,1,1,30946900,30946900,20546230,-1469250,22015480,10400670,0,26610589,25553839,1056750,29890150,4336311,0,1469250,-754520,0,754520,22770000,22770000,0,6078350,7027900,317320800,311162000,1500000,1500000,88.2826086956522
11483,5,31,3,5,1,1,3545764,3545764,-3386736,-8357766,4971030,6932500,0,28462450,27070450,1392000,2153764,-24916686,615500,8973266,471030,2225000,1753970,4500000,4500000,0,5552920,4030900,400387200,369377200,1000000,1000000,11.8181818181818
11485,4,31,3,8,1,1,35266956,32951705,21241445,-1046785,22288230,11710260,2315251,21439418,19727598,1711820,33555136,13827538,1159000,2205785,7664050,8600000,935950,14624180,14624180,0,2501910,1946910,190345100,182790800,1200000,1200000,88.2826086956522
11486,3,31,1,8,1,1,49808875,47588875,47588875,35582650,12006225,0,2220000,38463670,36322540,2141130,47667745,11345205,140068500,104485850,12006225,20000000,7993775,0,0,0,17202320,42576422,103965910,80080100,1000000,1000000,39.9230769230769
11487,3,31,2,2,1,2,74040570,74040570,74040570,73839020,201550,0,0,29620010,28400787,1219223,72821347,44420560,82489450,8650430,-2098450,1687600,3786050,2300000,2300000,0,10090804,39940100,68914900,62845000,100000,100000,34.25
11488,4,31,2,8,1,1,101691742,81858342,15602192,-3293140,18895332,66256150,19833400,53898490,46482910,7415580,94276162,47793252,0,3293140,13665411,19596701,5931290,5229921,5229921,0,40147000,80373565,467711100,451784900,300000,300000,39.9230769230769
12010,4,32,3,3,1,2,-1714310,-2214310,-3774310,-1548762,-2225548,1560000,500000,23421632,19585632,3836000,-5550310,-25135942,120000,1668762,-2225548,9800000,12025548,0,0,0,17143080,11746880,355023000,375052200,1200000,1200000,8
12015,4,32,3,1,1,2,6000000,6000000,1200000,0,1200000,4800000,0,20095600,19510600,585000,5415000,-14095600,0,0,0,0,0,1200000,1200000,0,2165000,2985000,169950700,159784100,1200000,1200000,19
12037,4,32,2,1,1,2,10815000,10815000,5675000,0,5675000,5140000,0,20014300,18714300,1300000,9515000,-9199300,0,0,5675000,7475000,1800000,0,0,0,2748000,3607000,89843300,72343400,1000000,1000000,19
12066,5,32,3,5,1,1,182779980,181779980,164932780,90000,164842780,16847200,1000000,64890180,52806930,12083250,170696730,117889800,1000000,910000,-157220,0,157220,165000000,165000000,0,27382870,4222000,1281754600,1249922400,500000,500000,36
12076,4,32,3,7,1,1,12900000,12900000,11700000,0,11700000,1200000,0,38784400,36354400,2430000,10470000,-25884400,0,0,0,0,0,11700000,11700000,0,4685900,8300000,430754400,406698900,1000000,1000000,38.75
12104,5,32,2,8,1,2,49633114,48633114,18609114,2391410,16217704,30024000,1000000,26165391,22157580,4007811,45625303,23467723,9501800,7110390,14537704,28634150,14096446,1680000,1680000,0,23680647,17351057,1266354900,1273265900,4550000,4550000,30.1282051282051
12109,4,32,2,8,1,1,27978135,27578135,23178135,-4393910,27572045,4400000,400000,27384290,25400760,1983530,25994605,593845,200000,4593910,24572045,30834600,6262555,3000000,3000000,0,16084050,7600000,260199700,267396500,5000000,5000000,46.1
12200,4,32,3,2,1,1,15355285,15355285,8495285,571500,7923785,6860000,0,29376113,27635113,1741000,13614285,-14020828,600000,28500,723785,2635900,1912115,7200000,7200000,0,13303313,8950000,169091200,157317900,3000000,3000000,36.0526315789474
12220,3,32,3,1,4,2,42973616,42973616,41773616,2853340,38920276,1200000,0,91321366,65790366,25531000,17442616,-48347750,3600000,746660,38920276,43849200,4928924,0,0,0,24080536,41630000,370682300,339595700,1000000,1000000,14.0454545454545
12234,3,32,2,8,1,1,13191670,13191670,11471670,5310520,6161150,1720000,0,17993920,16165920,1828000,11363670,-4802250,11400000,6089480,-338850,71300,410150,6500000,6500000,0,8799390,6400000,433822500,424165900,100000,100000,46.1
12235,4,32,3,8,1,1,21391780,21391780,14791780,9821500,4970280,6600000,0,30985900,26840900,4145000,17246780,-9594120,27529000,17707500,4970280,6881200,1910920,0,0,0,17734920,17900000,360977900,345577900,3000000,3000000,46.1
12272,4,32,3,2,1,1,46637800,46637800,34637800,1672500,32965300,12000000,0,40580600,37045600,3535000,43102800,6057200,2410000,737500,32965300,33099600,134300,0,0,0,14055600,14500000,153262100,137602100,1000000,1000000,36.0526315789474
12286,4,32,3,8,1,1,-9901134,-9901134,-15553244,-3322522,-12230722,5652110,0,27563295,26565945,997350,-10898484,-37464429,3080000,6402522,-12230722,7696000,19926722,0,0,0,3727000,5792000,194641100,161410700,1000000,1000000,93.9411764705882
12291,5,32,3,2,1,1,15214718,15214718,7228158,-781341,8009499,7986560,0,22369949,20557573,1812376,13402342,-7155231,670000,1451341,1549499,2875000,1325501,6460000,6460000,0,3754754,3809820,349225200,340062800,300000,300000,100.45
12299,4,32,2,2,1,1,18235812,15498772,8178772,1079000,7099772,7320000,2737040,20414631,19785131,629500,17606312,-2178819,1600000,521000,1039772,2546100,1506328,6060000,6060000,0,13523981,11700000,52641700,43798400,500000,500000,36.0526315789474
12377,3,32,3,6,1,1,59248020,39708020,39708020,28123750,11584270,0,19540000,35362622,22206390,13156232,46091788,23885398,29174000,1050250,11581490,18120400,6538910,2780,2780,0,9304000,14624000,760576400,734918700,1250000,130000,43.1666666666667
12379,3,32,3,1,1,2,12785650,11563650,11563650,112400,11451250,0,1222000,36479857,34231717,2248140,10537510,-23694207,235700,123300,3451250,5729400,2278150,8000000,8000000,0,20086655,15037741,330408900,320413300,780000,300000,14.0454545454545
12395,4,32,3,5,1,1,441108509,436918509,429929209,2774450,427154759,6989300,4190000,52476896,42308256,10168640,430939869,388631613,2835000,60550,425074759,445642652,20567893,2080000,2080000,0,5950000,10690000,720963900,705414000,1500000,1500000,35.6666666666667
12401,4,32,2,8,1,2,4001817,4001817,4001817,4470000,-468183,0,0,64325760,60537020,3788740,213077,-60323943,4500000,30000,-468183,0,468183,0,0,0,0,0,476868300,431588400,1250000,200000,24.5
12405,5,32,3,2,1,1,34202270,33202270,24850920,15577095,9273825,8351350,1000000,21750119,21015879,734240,33468030,12452151,15686095,109000,8753825,9564573,810748,520000,520000,0,5402083,1980000,374829583,348953100,1350000,500000,28.8545454545455
12412,5,32,3,8,1,2,15161032,15161032,4121232,-698111,4819343,11039800,0,11735671,11069071,666600,14494432,3425361,792000,1490111,-1120657,0,1120657,5940000,5940000,0,320000,320000,787947900,777474300,1000000,200000,88.2826086956522
12413,5,32,3,8,1,1,50258202,44258202,37303402,-70624,37374026,6954800,6000000,25375526,19957736,5417790,44840412,24882676,1650000,1720624,34398026,51227550,16829524,2976000,2976000,0,10217026,13596120,348223000,338334500,2400000,1500000,93.9411764705882
12414,3,32,1,6,1,1,-83210995,-86810995,-91324825,-88942341,-2382484,4513830,3600000,71701261,62242301,9458960,-92669955,-154912256,20794750,109737091,-2882484,1364000,4246484,500000,500000,0,21911211,14659198,1024313900,952424300,6000000,5700000,23.3
12415,4,32,3,8,1,1,77983656,77983656,77683656,-2468747,80152403,300000,0,36274180,29870070,6404110,71579546,41709476,80000,2548747,73252403,90185000,16932597,6900000,6900000,0,15623600,16281710,382149300,388139600,400000,2000000,93.9411764705882
12416,4,32,3,2,1,1,1378924,1378924,-7452876,-1798143,-5654733,8831800,0,33984644,29249024,4735620,-3356696,-32605720,990000,2788143,-8954733,345000,9299733,3300000,3300000,0,16345247,16767947,523872552,506810500,4516652,1500000,25.1052631578947
12417,5,32,3,8,1,2,16188721,16188721,8633921,4257302,4376619,7554800,0,11818744,11218744,600000,15588721,4369977,5430000,1172698,-1563381,0,1563381,5940000,5940000,0,3532510,8019510,318664174,319498900,189274,200000,88.2826086956522
12418,4,32,3,2,1,1,154660581,152004565,124519514,-240602,124760116,27485051,2656016,64741052,56972392,7768660,146891921,89919529,948900,1189502,113390708,153800483,40409775,11369408,11369408,0,53125463,22521340,696857694,664153700,1694024,200000,25.1052631578947
12419,4,32,3,1,1,2,1579040,1579040,27880,-566660,594540,1551160,0,29377950,26639840,2738110,-1159070,-27798910,0,566660,594540,4000000,3405460,0,0,0,0,3473000,268831800,248887000,1350000,180000,14.0454545454545
12420,5,32,2,1,1,2,29222864,29222864,16423704,-189000,16612704,12799160,0,16431622,16217652,213970,29008894,12791242,0,189000,3412704,3500000,87296,13200000,13200000,0,0,0,236901100,197066100,0,300000,14.0454545454545
12424,4,32,2,1,1,2,38003062,38003062,31463062,-733150,32196212,6540000,0,56476864,47180932,9295932,28707130,-18473802,33000,766150,-18194318,1837150,20031468,50390530,51890000,1499470,0,2650000,685764800,664549000,3100000,180000,14.0454545454545
12425,4,32,3,1,1,2,43813350,43813350,43113350,17697500,25415850,700000,0,28053223,26614223,1439000,42374350,15760127,17767500,70000,25415850,26368900,953050,0,0,0,23830000,7550000,513362700,499532300,1500000,1500000,14.0454545454545
12426,5,32,3,1,1,2,14059605,12959605,10309605,2969780,7339825,2650000,1100000,21320880,20839880,481000,13578605,-7261275,3978400,1008620,2328505,4317575,1989070,5011320,5011320,0,0,0,490598000,474524700,2530000,200000,14.0454545454545
12429,4,32,3,1,1,2,34220600,34220600,3765600,1813900,1951700,30455000,0,36039721,33254221,2785500,31435100,-1819121,2744200,930300,1951700,2652300,700600,0,0,0,1400000,4350000,493431400,551356300,1500000,300000,14.0454545454545
12430,4,32,3,1,3,2,25762000,23602000,15290200,7066000,8224200,8311800,2160000,29732090,24520090,5212000,20550000,-3970090,7066000,0,774200,1040000,265800,7450000,7450000,0,520000,1920000,279401500,272318200,1200000,110000,14.0454545454545
12431,4,32,3,1,3,2,-2464027,-2464027,-6714027,815950,-7529977,4250000,0,107941589,99392009,8549580,-11013607,-110405616,916000,100050,-7529977,9047700,16577677,0,0,0,983320,4693320,1145081800,993676000,1530000,1000000,14.0454545454545
12432,4,32,3,2,2,1,46704300,46704300,38494300,1348100,37146200,8210000,0,38858350,33807350,5051000,41653300,7845950,2450000,1101900,-553800,0,553800,37700000,37700000,0,2947000,13424000,379753100,319119300,1750000,100000,28.8545454545455
12434,4,32,2,1,1,4,124761683,124331683,104191053,103590558,600495,20140630,430000,64212676,59334996,4877680,119884003,60549007,109609568,6019010,440215,2876440,2436225,160280,160280,0,14867180,31466915,599874900,662684700,1350000,210000,44.375
12435,4,32,3,2,1,1,12321760,12321760,12321760,7008500,5313260,0,0,22144088,20502683,1641405,10680355,-9822328,7758500,750000,5313260,5468300,155040,0,0,0,600000,700000,831948900,731222700,1375000,150000,28.8545454545455
12436,4,32,3,2,1,1,15805562,15805562,11422862,3653940,7768922,4382700,0,9508810,9137660,371150,15434412,6296752,3700000,46060,3108922,4749880,1640958,4660000,4660000,0,0,200000,97004800,88971600,1350000,1000000,28.8545454545455
12438,5,32,3,8,1,1,12859792,12859792,5905312,4007150,1898162,6954480,0,46178830,44304090,1874740,10985052,-33319038,4438100,430950,1898162,2398852,500690,0,0,0,0,210000,703540900,679729200,1250000,80000,88.2826086956522
12439,5,32,3,4,2,1,14850846,14750846,6115806,3851700,2264106,8635040,100000,21239340,20833030,406310,14444536,-6388494,3956700,105000,2264106,5476431,3212325,0,0,0,2657400,133400,305096000,296520700,2100000,280000,83.25
12440,5,32,3,4,1,1,32897992,32897992,15335652,1982200,13353452,17562340,0,20387724,18091774,2295950,30602042,12510268,2655000,672800,13083452,13976060,892608,270000,270000,0,0,2400000,501926800,466213500,1250000,150000,83.25
12441,5,32,3,4,1,1,15092615,14092615,978475,661900,316575,13114140,1000000,5400900,5040900,360000,14732615,9691715,920000,258100,316575,520000,203425,0,0,0,0,0,287613200,282176700,1531000,300000,83.25
12443,4,32,2,6,3,1,15216380,15216380,4740380,1331200,3409180,10476000,0,20665530,15459530,5206000,10010380,-5449150,26722300,25391100,-840820,0,840820,4250000,4250000,0,0,150000,74847700,57665400,1200000,200000,35.8333333333333
12444,5,32,3,8,2,1,23444210,22244210,8341710,1403260,6938450,13902500,1200000,19754350,18483850,1270500,22173710,3689860,2328500,925240,5663450,7078250,1414800,1275000,1275000,0,0,550010,255176990,306098300,1530000,100000,88.2826086956522
12446,3,32,3,3,1,1,10587717,10587717,10587717,12294700,-1706983,0,0,8282831,7218411,1064420,9523297,2304886,16275600,3980900,-1706983,2607070,4314053,0,0,0,0,4500000,99612200,88954400,2350000,500000,7
12447,4,32,2,6,1,1,119603500,119573500,114066810,100225340,13841470,5506690,30000,25169039,24309039,860000,118743500,94434461,101100150,874810,7911470,11318770,3407300,5930000,5930000,0,2284000,270000,219802900,192924600,1350000,210000,22.4444444444444
12450,5,32,2,2,1,1,9101228,9101228,-393012,2857190,-3250202,9494240,0,24097120,20202120,3895000,5206228,-14995892,3468000,610810,-3250202,0,3250202,0,0,0,520000,5130000,28055000,26400000,1260000,80000,36.0526315789474
12451,5,32,3,2,1,1,62926644,58486644,39995644,6872859,33122785,18491000,4440000,46207190,32013190,14194000,48732644,16719454,8824600,1951741,18328785,21881210,3552425,14794000,14794000,0,3200000,3700000,384989700,374386800,758000,230000,28.8545454545455
12452,4,32,2,1,1,2,12363739,12363739,8842039,9457804,-615765,3521700,0,14152178,13697678,454500,11909239,-1788439,9624464,166660,-615765,0,615765,0,0,0,0,250000,284716900,279312600,1250000,280000,44.375
12454,4,32,3,8,1,1,34298915,34298915,25773195,6439160,19334035,8525720,0,22107740,20761280,1346460,32952455,12191175,8344900,1905740,-711965,3211055,3923020,20046000,20790000,744000,0,92716371,154794316,307323716,1750000,2500000,88.2826086956522
12455,4,32,2,8,2,1,20738505,20738505,17881425,15632050,2249375,2857080,0,27856852,26288312,1568540,19169965,-7118347,27659400,12027350,599375,3475350,2875975,1650000,1650000,0,0,0,877844168,847484468,1595000,2300000,88.2826086956522
12456,5,32,3,2,1,1,19098748,16872708,6689320,2052350,4636970,10183388,2226040,23893630,16813600,7080030,12018718,-4794882,2533950,481600,1625970,2013500,387530,3011000,3011000,0,0,1580000,333548400,318239700,2300000,1700000,28.8545454545455
12457,4,32,3,5,1,2,46647248,46247248,28358348,8331989,20026359,17888900,400000,31455171,29312571,2142600,44504648,15192077,9216619,884630,17042352,19987236,2944884,2984007,2984007,0,15602724,7237000,648111989,618876365,1570000,1900000,35.6666666666667
12459,5,32,3,2,1,1,17659525,17659525,12499525,6718700,5780825,5160000,0,28813050,28131050,682000,16977525,-11153525,7754000,1035300,5780825,7672125,1891300,0,0,0,0,15230000,360785000,345327100,2700000,2500000,100.45
12460,4,32,3,2,1,1,26295595,25275595,15633595,8917710,6715885,9642000,1020000,27564230,24532880,3031350,23264245,-1268635,13503500,4585790,6715885,12111725,5395840,0,0,0,1500000,3690000,660911460,645608560,2300000,1700000,25.1052631578947
12461,5,32,3,2,2,1,23171810,23171810,23171810,2814750,20357060,0,0,30759070,27921450,2837620,20334190,-7587260,4500000,1685250,20357060,32430530,12073470,0,0,0,0,27100000,407191900,444237300,2300000,3400000,28.8545454545455
12462,4,32,3,2,2,1,54654698,54637944,46455264,1253400,45201864,8182680,16754,50593454,33950664,16642790,38011908,4061244,2020000,766600,45201864,53809058,8607194,0,0,0,2179012,5500000,744145802,718505490,2700000,3700000,28.8545454545455
12463,3,32,2,1,3,5,85094160,85094160,70994160,47385110,23609050,14100000,0,47257164,39604634,7652530,77441630,37836996,300000000,252614890,23609050,23609050,0,0,0,0,40360494,92133704,2233646463,2415571963,2570000,4200000,44.375
12464,3,32,2,8,2,1,75403671,59054779,57127949,16283600,40844349,1926830,16348892,29908032,23276186,6631846,68771825,45495639,22585400,6301800,6838469,17808855,10970386,34005880,34005880,0,12974040,29026729,147103424,120673224,2867500,1700000,88.2826086956522
12465,4,32,2,2,3,1,125982481,118488237,39966397,48118004,-8151607,78521840,7494244,68788998,59278930,9510068,116472413,57193483,59532509,11414505,-8759763,5504031,14263794,608156,608156,0,2502566,25057000,372079350,346417284,1350000,2500000,25.1052631578947
12467,4,32,3,2,1,1,6740376,6740376,2965100,4639500,-1674400,3775276,0,53344478,51150888,2193590,4546786,-46604102,4772000,132500,-1674400,455275,2129675,0,0,0,670000,10008020,429717004,397939804,1750000,1500000,28.8545454545455
12468,4,32,3,2,1,1,4275540,4275540,-204460,3551000,-3755460,4480000,0,34405290,30556160,3849130,426410,-30129750,3780000,229000,-5055460,1877375,6932835,1300000,1300000,0,0,1210000,346453200,327620900,1780000,1500000,28.8545454545455
12469,4,32,3,2,1,1,38971880,35371880,25485480,227280,25258200,9886400,3600000,72603849,70169389,2434460,36537420,-33631969,300000,72720,-1080870,964375,2045245,26339070,26339070,0,0,8820520,124389600,128309600,1575000,1200000,28.8545454545455
12470,5,32,3,2,2,1,16306045,16306045,5768965,2121680,3647285,10537080,0,25309892,23645032,1664860,14641185,-9003847,2880000,758320,3647285,15888342,12241057,0,0,0,8660000,0,883450260,818997060,2370000,2500000,28.8545454545455
12471,4,32,2,2,1,1,47439640,25789640,25789640,25801710,-12070,0,21650000,43700360,38770570,4929790,42509850,3739280,39672600,13870890,-12070,7583555,7595625,0,0,0,5079470,27914530,493467720,464190120,2535000,3500000,25.1052631578947
12472,4,32,3,2,1,1,15989358,15189358,9589358,1432641,8156717,5600000,800000,25356950,24401700,955250,15034108,-9367592,2526331,1093690,8156717,11529032,3372315,0,0,0,0,829000,288287292,255012192,1790000,1700000,25.1052631578947
12474,5,32,3,8,1,1,28120543,25096543,17582813,3938775,13644038,7513730,3024000,20507516,20000176,507340,27613203,7613027,8812800,4874025,12433384,25537203,13103819,1210654,1210654,0,0,50000,1354951404,1330088204,1730000,2300000,88.2826086956522
12475,4,32,3,8,1,1,13772497,13772497,6961157,6308870,652287,6811340,0,25930950,24358250,1572700,12199797,-12158453,10002150,3693280,402287,3413845,3011558,250000,250000,0,0,400000,365315000,357140100,1320000,1300000,88.2826086956522
12478,4,32,3,2,1,1,22455455,22455455,19362545,11357175,8005370,3092910,0,38821686,28262986,10558700,11896755,-16366231,11763475,406300,8005370,9130320,1124950,0,0,0,0,0,324587260,270150760,3200000,2500000,28.8545454545455
12479,4,32,3,2,1,1,184736323,138221121,120404421,1699100,118705321,17816700,46515202,57736508,49260998,8475510,176260813,126999815,3395000,1695900,115255321,169081148,53825827,3450000,3450000,0,14323062,4586000,896668116,846795454,3570000,2500000,25.1052631578947
12482,5,32,2,8,1,1,14115770,12354310,7276150,6920150,356000,5078160,1761460,19136338,19036338,100000,14015770,-5020568,16250250,9330100,356000,506000,150000,0,0,0,2703722,4576990,76241900,58208700,2000000,150000,88.25
12483,5,32,1,8,1,1,14306450,14306450,396450,827700,-431250,13910000,0,15812742,11870560,3942182,10364268,-1506292,1400000,572300,-431250,0,431250,0,0,0,1261200,1715300,713476600,699338500,2000000,200000,30.1282051282051
12485,4,32,3,6,1,3,37860093,37860093,13760093,9984610,3775483,24100000,0,22302866,22081028,221838,37638255,15557227,46193400,36208790,3775483,5236800,1461317,0,0,0,0,3840000,1194202400,1168884200,3000000,100000,43.1666666666667
12486,4,32,2,1,2,4,1205856,1205856,-994144,-622160,-371984,2200000,0,28430952,27866792,564160,641696,-27225096,0,622160,-371984,0,371984,0,0,0,1312200,1932200,323266500,309055400,2000000,300000,44.375
12488,4,32,2,8,1,1,-3753110,-3753110,-6453110,-4697550,-1755560,2700000,0,62796830,52557920,10238910,-13992020,-66549940,6785000,11482550,-1755560,2340000,4095560,0,0,0,1429520,6279520,166555700,143064200,3000000,1500000,46.1
12489,4,32,3,8,2,1,-4064861,-4064861,-10476400,-8463564,-2012836,6411539,0,30387831,29073421,1314410,-5379271,-34452692,0,8463564,-2012836,0,2012836,0,0,0,4434090,15992463,683892000,652496600,3000000,100000,46.1
12490,5,32,3,7,1,2,351500,351500,-3998500,-3696500,-302000,4350000,0,8370900,8017900,353000,-1500,-8019400,550000,4246500,-302000,0,302000,0,0,0,0,0,260635400,245580200,2000000,200000,38.75
12493,4,32,3,5,2,1,6617700,6617700,4117700,-1907300,6025000,2500000,0,18295600,17195600,1100000,5517700,-11677900,176000,2083300,6025000,9460000,3435000,0,0,0,3482000,4235000,74230300,63797100,3500000,2000000,68
12494,5,32,3,1,1,2,9905500,9905500,885500,0,885500,9020000,0,6661300,6661300,0,9905500,3244200,0,0,885500,885500,0,0,0,0,0,0,400670200,389361900,2500000,200000,14.0454545454545
12495,4,32,3,1,2,4,5440000,5440000,2840000,0,2840000,2600000,0,13025300,12975300,50000,5390000,-7585300,0,0,2840000,4370000,1530000,0,0,0,2463000,3535000,730861400,716406500,3500000,300000,44.375
12496,3,32,2,8,1,1,64088204,63730204,61462204,15897650,45564554,2268000,358000,36260461,29162711,7097750,56990454,27827743,25486000,9588350,40664866,55211845,14546979,4899688,4899688,0,0,12814000,149023900,140571700,4000000,100000,88.25
12497,5,32,1,1,1,5,10764900,10764900,7314900,5496900,1818000,3450000,0,41051500,38791500,2260000,8504900,-30286600,15300000,9803100,-682000,0,682000,2500000,2500000,0,7047000,14028000,1663546700,1637113600,1000000,120000,44.375
12498,5,32,1,7,1,1,4615000,4615000,-35000,0,-35000,4650000,0,12362100,12262100,100000,4515000,-7747100,0,0,-35000,0,35000,0,0,0,455000,587000,850136800,841482400,2000000,340000,38.75
12499,4,32,3,7,1,1,12788350,12788350,12788350,-3231650,16020000,0,0,63889150,60339150,3550000,9238350,-51100800,0,3231650,16020000,32020000,16000000,0,0,0,6542000,11581000,3319058900,3292125600,3500000,400000,38.75
12501,4,32,2,6,3,1,15588900,15588900,15588900,13613150,1975750,0,0,33974260,27779880,6194380,9394520,-18385360,13613150,0,525750,589500,63750,1450000,1450000,0,1219000,5900000,533559700,520199700,1350000,230000,10.0769230769231
12505,5,32,3,2,1,1,9556550,9556550,3788310,1729475,2058835,5768240,0,13556960,12956960,600000,8956550,-4000410,2269475,540000,2058835,2581675,522840,0,0,0,0,0,399753300,379776700,2500000,200000,28.8545454545455
12506,5,32,3,8,1,1,18097440,18097440,15244820,7130000,8114820,2852620,0,23582690,22440780,1141910,16955530,-5485250,7130000,0,1274820,1400000,125180,6840000,6840000,0,280000,0,188514800,173054800,1530000,150000,84.9420289855072
12507,5,32,3,2,1,1,22107096,21057096,8403376,1825600,6577776,12653720,1050000,16993181,15736831,1256350,20850746,5113915,1983900,158300,3904776,7995327,4090551,2673000,2673000,0,13200000,1200000,216216004,195240204,1570000,1300000,28.8545454545455
12509,4,32,3,8,1,1,16453646,16453646,3197646,-1095802,4293448,13256000,0,26211911,22639900,3572011,12881635,-9758265,276000,1371802,4293448,6360100,2066652,0,0,0,3468000,5262000,236858400,221204300,3000000,150000,17.9545454545455
12510,2,32,3,7,1,1,197030700,197030700,197030700,28539700,168491000,0,0,39086620,28166620,10920000,186110700,157944080,52900000,24360300,168491000,237809500,69318500,0,0,0,0,0,456732700,443866100,2500000,3500000,220
12512,4,32,3,2,2,1,48570845,48170845,47786955,6456000,41330955,383890,400000,32374930,20446850,11928080,36642765,16195915,6666000,210000,7470955,10466600,2995645,33860000,33860000,0,0,0,77949000,108803400,200000,200000,25.1052631578947
12513,4,32,3,5,1,1,49746412,20472332,-8803988,-10182198,1378210,29276320,29274080,51598745,43337181,8261564,41484848,-1852333,1557400,11739598,418210,1729200,1310990,960000,960000,0,5985910,15070953,205728500,188841400,1500000,1500000,35.6666666666667
12516,3,32,3,2,1,1,36182755,31658115,30995355,-921620,31916975,662760,4524640,16066138,13957838,2108300,34074455,20116617,2038000,2959620,-2590925,8845260,11436185,34507900,34507900,0,1200000,19955000,375571188,397615388,1580000,2700000,28.8545454545455
12517,4,32,3,2,1,1,31703063,30003063,29303063,2530000,26773063,700000,1700000,49997930,46621580,3376350,28326713,-18294867,2550000,20000,26773063,36517490,9744427,0,0,0,0,0,403693800,375873800,300000,300000,28.8545454545455
12518,4,32,3,5,1,1,20879500,20879500,8724800,-481650,9206450,12154700,0,9268150,8466150,802000,20077500,11611350,0,481650,4906450,5000000,93550,4300000,4300000,0,0,0,304138000,300794700,300000,300000,68
12519,5,32,1,8,1,2,13829273,13229273,3840723,4337760,-497037,9388550,600000,9927616,9881336,46280,13782993,3901657,4757500,419740,-497037,0,497037,0,0,0,3218000,2915200,160315100,161461000,500000,500000,84.9420289855072
12520,5,32,1,8,1,2,42689900,41889900,30196020,31300100,-1104080,11693880,800000,11354723,10733623,621100,42068800,31335177,33000000,1699900,-1104080,0,1104080,0,0,0,8000675,8715246,452257300,448184900,600000,600000,84.9420289855072
12521,5,32,1,8,1,1,-3324620,-3724620,-13944620,5626500,-19571120,10220000,400000,11091240,10624240,467000,-3791620,-14415860,5626500,0,-22298120,3450,22301570,2727000,2727000,0,26968200,3279030,477096800,447459100,3720000,3720000,254
12522,4,32,2,8,2,2,121750325,108550325,98470325,39151000,59319325,10080000,13200000,36108600,32265100,3843500,117906825,85641725,63907000,24756000,56359325,130427375,74068050,2960000,8860000,5900000,0,6350000,995706100,967868800,190000,190000,84
12523,4,32,3,2,1,1,67484032,66484032,53201532,1950500,51251032,13282500,1000000,68241018,47011018,21230000,46254032,-756986,1950500,0,1251032,10366650,9115618,50000000,50000000,0,27444112,11409000,1321698400,1279583000,10000000,10000000,25.1052631578947
12524,4,32,2,8,1,3,11905799,8905799,2840100,-940000,3780100,6065699,3000000,24557910,21477110,3080800,8824999,-12652111,1485000,2425000,3780100,12650000,8869900,0,0,0,4888670,17292180,186750800,177842300,5000000,5000000,93.9411764705882
12525,4,32,2,8,4,3,23731850,23731850,16265850,1951670,14314180,7466000,0,66867438,55906438,10961000,12770850,-43135588,2876500,924830,-6785820,4924000,11709820,21100000,21100000,0,0,23040000,111593800,123175200,2000000,2000000,93.9411764705882
12526,3,32,2,8,1,3,4026455,3210715,532175,2984550,-2452375,2678540,815740,18347600,17106830,1240770,2785685,-14321145,3910150,925600,-2602375,5935725,8538100,150000,150000,0,700000,0,124513300,119989000,5050000,5050000,30.1282051282051
12527,4,32,2,8,1,3,75379541,68244651,57561751,42039610,15522141,10682900,7134890,48556759,43832054,4724705,70654836,26822782,45667690,3628080,-2352559,6495119,8847678,17874700,17874700,0,73803651,2783470,309097751,297846300,1000000,1000000,30.1282051282051
12528,3,32,3,6,3,1,22479264,22013660,22013660,19721040,2292620,0,465604,52227273,35382893,16844380,5634884,-29748009,21620350,1899310,1602620,3155400,1552780,690000,690000,0,380886,4062960,728863900,714826900,700000,700000,10.0769230769231
12529,5,32,3,2,1,1,18025160,17993160,8246260,6456405,1789855,9746900,32000,24589907,22689567,1900340,16124820,-6564747,7125625,669220,1019855,3105850,2085995,770000,770000,0,3291309,2406950,363192900,347719100,1515000,120000,28.8545454545455
12530,4,32,3,2,1,1,37316740,31823416,24970716,1323450,23647266,6852700,5493324,26831198,20883888,5947310,31369430,10485542,1328450,5000,1638820,2791750,1152930,22008446,22008446,0,15260000,8880000,367928100,349523700,200000,200000,28.8545454545455
12531,5,32,3,4,1,1,12806093,12806093,4394293,-1177500,5571793,8411800,0,21113970,17914250,3199720,9606373,-8307877,415000,1592500,5571793,11531550,5959757,0,0,0,0,3715000,347165200,333718300,150000,150000,83.25
12532,5,32,3,2,1,1,13080587,11880587,3995187,3520600,474587,7885400,1200000,10209496,9614886,594610,12485977,2871091,3600600,80000,474587,1659650,1185063,0,0,0,0,0,315908100,310641500,870000,870000,100.45
12533,5,32,3,2,1,1,28045999,27609135,19565775,3800000,15765775,8043360,436864,14964280,14898610,65670,27980329,13081719,4000000,200000,-308225,0,308225,16074000,16074000,0,465580,0,95077180,82885000,1530000,250000,28.8545454545455
12534,5,32,3,2,1,1,40792734,39592734,24294674,6915190,17379484,15298060,1200000,16752890,15970790,782100,40010634,24039844,6945190,30000,11993650,12635000,641350,5385834,5385834,0,0,900000,211982400,203759900,500000,500000,100.45
12535,4,32,3,2,1,1,15147615,15147615,4803455,404760,4398695,10344160,0,33047932,26748012,6299920,8847695,-17900317,792000,387240,-310305,581900,892205,4709000,4709000,0,0,0,9680000,7392500,200000,200000,25.1052631578947
12536,5,32,3,2,1,1,22935610,21935610,11577890,-507786,12085676,10357720,1000000,26207042,26170802,36240,22899370,-3271432,825000,1332786,12085676,17562510,5476834,0,0,0,9890680,12243088,258494900,242845000,200000,200000,25.1052631578947
12537,2,32,3,8,2,1,18238216,18078216,17378216,4965468,12412748,700000,160000,45279935,42168719,3111216,15127000,-27041719,8565540,3600072,12412748,21384267,8971519,0,0,0,2759310,7249310,212473500,199520600,1000000,1000000,46.1
12538,4,32,3,2,1,1,79870771,79870771,72692971,-6314842,79007813,7177800,0,17596014,16396014,1200000,78670771,62274757,1450000,7764842,79007813,80500000,1492187,0,0,0,389310,350310,366587800,356087800,600000,600000,25.1052631578947
12539,4,32,2,3,1,1,31116073,31116073,23576073,-5339421,28915494,7540000,0,44135810,39375810,4760000,26356073,-13019737,200000,5539421,-154506,0,154506,29070000,29070000,0,9314918,12759313,463698300,453478300,1000000,1000000,7
12540,5,32,1,8,1,1,27424058,27424058,-1298102,-594326,-703776,28722160,0,33249966,29545186,3704780,23719278,-5825908,690000,1284326,-703776,0,703776,0,0,0,7524553,7820673,342487900,331591300,500000,500000,46.1
12541,3,32,3,1,1,1,38005030,38005030,38005030,-209401,38214431,0,0,62324014,58737504,3586510,34418520,-24318984,0,209401,-185569,0,185569,38400000,38400000,0,707600,15508000,1083345000,1084015000,400000,400000,14.0454545454545
12542,2,32,3,5,1,1,58734674,58734674,58734674,-6705993,65440667,0,0,51047161,43115161,7932000,50802674,7687513,0,6705993,4840667,7245000,2404333,60600000,60600000,0,11594050,42023890,316800000,327200000,1000000,1000000,36
12543,5,32,3,8,1,1,26742439,25942439,10955939,6532877,4423062,14986500,800000,28092224,24644674,3447550,23294889,-1349785,20159900,13627023,4423062,8770500,4347438,0,0,0,5637150,5802630,381297100,362986100,1200000,1200000,45.75
12544,4,32,1,3,1,1,-20247104,-20247104,-21447104,-17117001,-4330103,1200000,0,47785079,34761799,13023280,-33270384,-68032183,136130000,153247001,-4330103,0,4330103,0,0,0,12754302,14218540,468931200,431393400,2000000,2000000,7
12545,3,32,3,8,1,1,-13580226,-14580226,-19126526,-21047658,1921132,4546300,1000000,20156904,17027734,3129170,-16709396,-33737130,8441000,29488658,-238868,4600000,4838868,2160000,2160000,0,9108263,10744435,609576900,606717500,500000,500000,45.75
12546,4,32,2,8,1,1,11251320,11251320,-2554030,-1477440,-1076590,13805350,0,24121301,23136777,984524,10266796,-12869981,2454000,3931440,-1076590,192000,1268590,0,0,0,5259491,4859421,364937200,351442100,300000,300000,46.1
12547,4,32,2,8,1,1,8183729,8183729,-1526671,3746362,-5273033,9710400,0,19196296,18208556,987740,7195989,-11012567,10054600,6308238,-5273033,991300,6264333,0,0,0,1959255,4415680,166344400,158625600,400000,400000,45.75
12548,4,32,1,7,1,1,-23450889,-23470889,-27756329,-27219712,-536617,4285440,20000,21437973,16585973,4852000,-28302889,-44888862,9057300,36277012,-536617,15000,551617,0,0,0,2613498,2048500,328782400,320033800,1600000,1600000,351
12549,5,32,3,8,1,1,25134757,24934757,16204757,-3068490,19273247,8730000,200000,19876466,18636466,1240000,23894757,5258291,0,3068490,73247,1044200,970953,19200000,19200000,0,12630426,10800000,431361600,424498300,1500000,1500000,88.2826086956522
12550,5,32,2,8,1,1,85480616,85480616,73560616,55355480,18205136,11920000,0,18968770,17500400,1468370,84012246,66511846,58751000,3395520,18205136,20977950,2772814,0,0,0,13774390,3150000,715150200,706806900,1000000,1000000,46.1
12551,4,32,3,8,1,1,12951768,12951768,11751768,-3906700,15658468,1200000,0,28966040,26161040,2805000,10146768,-16014272,0,3906700,-841532,897000,1738532,16500000,16500000,0,17543360,19280000,231969600,220904600,0,0,46.1
12552,3,32,3,8,1,1,3857300,3857300,257300,-1650500,1907800,3600000,0,8057200,7452200,605000,3252300,-4199900,0,1650500,1907800,2243800,336000,0,0,0,4702150,2564910,79887300,77157300,300000,300000,46.1
12554,3,32,3,2,1,1,36419300,36419300,36419300,12406500,24012800,0,0,38167170,33953170,4214000,32205300,-1747870,14950000,2543500,24012800,24077050,64250,0,0,0,13964160,11650000,183457700,167024400,500000,500000,28.8545454545455
12555,3,32,3,8,1,1,60509650,60509650,59309650,-4306500,63616150,1200000,0,48392160,40792160,7600000,52909650,12117490,0,4306500,63616150,64190400,574250,0,0,0,20310460,24500000,311921900,300051900,100000,100000,46.1
12556,4,32,2,8,1,1,63755000,63755000,12955000,12927400,27600,50800000,0,54163200,32453200,21710000,42045000,9591800,24150000,11222600,27600,27600,0,0,0,0,14283700,9976690,452953700,439696000,900000,900000,46.1
12557,5,32,1,8,1,1,36535100,36535100,25975100,22196300,3778800,10560000,0,18308390,17390390,918000,35617100,18226710,34431000,12234700,151800,151800,0,3627000,3627000,0,87894300,11434400,89975800,81767500,800000,800000,46.1
12558,2,32,1,8,2,2,66353745,66353745,65253745,50252145,15001600,1100000,0,33279476,30354476,2925000,63428745,33074269,69690000,19437855,-298400,0,298400,15300000,15300000,0,21184551,12660000,158494300,141711000,700000,700000,46.1
12561,3,32,3,1,1,2,11551630,11551630,11551630,0,11551630,0,0,43560500,41860500,1700000,9851630,-32008870,0,0,-5898370,32000000,37898370,17450000,17450000,0,6499000,11116000,441434000,414434000,1000000,1000000,5.08333333333333
12562,3,32,3,1,1,1,14250000,14250000,13050000,0,13050000,1200000,0,16271650,13777400,2494250,11755750,-2021650,0,0,0,0,0,13050000,13050000,0,2658800,3132800,97257000,87757100,200000,200000,5.08333333333333
12563,4,32,3,8,1,1,34961095,34961095,25898095,15323000,10575095,9063000,0,17207228,15199448,2007780,32953315,17753867,15323000,0,10275095,11500000,1224905,300000,300000,0,12300118,2039118,388004800,357360700,600000,600000,30.1282051282051
12564,5,32,2,8,1,1,18309835,17909835,6299285,1311024,4988261,11610550,400000,11805636,10906176,899460,17410375,6504199,3054700,1743676,-2001739,629500,2631239,6990000,6990000,0,1800000,4600000,135469900,128143900,5230000,5230000,30.1282051282051
12565,2,32,3,8,4,1,15200058,15200058,13327808,8203620,5124188,1872250,0,28558159,27283939,1274220,13925838,-13358101,10074720,1871100,172800,11050630,10877830,4951388,4951388,0,4859380,10014000,106029000,162164100,1000000,1000000,46.1
12566,4,32,3,8,1,1,2611440,2611440,1312670,184170,1128500,1298770,0,29256500,27676500,1580000,1031440,-26645060,517500,333330,1128500,2982500,1854000,0,0,0,4419000,6800000,141869600,122480800,1000000,1000000,46.1
12567,4,32,1,8,1,1,-5246070,-5246070,-7305000,-8380000,1075000,2058930,0,12415600,10915600,1500000,-6746070,-17661670,4250000,12630000,1075000,2300000,1225000,0,0,0,4512000,6700000,98734800,85268200,2000000,2000000,88.25
12569,4,32,3,1,1,1,11617500,11617500,2467500,0,2467500,9150000,0,14319600,13649600,670000,10947500,-2702100,0,0,2467500,6325000,3857500,0,0,0,873000,882000,103762800,98898400,1000000,1000000,5.08333333333333
12570,4,32,3,1,1,2,13090070,12660070,8360070,-474900,8834970,4300000,430000,29449343,22033473,7415870,5674200,-16359273,60000,534900,-2625030,595000,3220030,11460000,11460000,0,13702380,11916590,675196000,667122800,500000,500000,14.0454545454545
12572,4,32,3,1,1,1,23691078,22921078,17360198,0,17360198,5560880,770000,26508974,25194974,1314000,22377078,-2817896,0,0,17360198,30866985,13506787,0,0,0,29278290,6944800,1233063100,1172693200,300000,300000,14.0454545454545
12573,5,32,3,1,1,1,4487500,4487500,2847500,0,2847500,1640000,0,5582400,5372400,210000,4277500,-1094900,0,0,-52500,0,52500,2900000,2900000,0,0,0,168038500,269255300,100000,100000,14.0454545454545
12574,5,32,3,1,1,3,6140000,6140000,-10000,0,-10000,6150000,0,4683500,4683500,0,6140000,1456500,0,0,-10000,0,10000,0,0,0,0,0,62885200,60885200,100000,100000,44.375
12575,5,32,3,1,1,2,4250000,4250000,0,0,0,4250000,0,6438500,6438500,0,4250000,-2188500,0,0,0,0,0,0,0,0,0,0,71000900,67667600,100000,100000,14.0454545454545
12576,4,32,3,2,1,3,-2351591,-2351591,-2551591,-4683200,2131609,200000,0,38778528,34832614,3945914,-6297505,-41130119,1177000,5860200,2131609,60342000,58210391,0,0,0,56047074,44696894,905788400,865773600,150000,150000,25.1052631578947
12577,5,32,1,8,1,1,-10456902,-11256902,-15465522,-8239540,-7225982,4208620,800000,26378059,24714539,1663520,-12120422,-36834961,29700000,37939540,-10825982,0,10825982,3600000,3600000,0,18116630,21431320,425801800,398415500,200000,200000,254
12578,4,32,3,8,2,1,14767428,13667428,1679548,12945852,-11266304,11987880,1100000,25825081,20665393,5159688,9607740,-11057653,21047800,8101948,-11266304,12462500,23728804,0,0,0,25113615,27000345,365900380,346144200,200000,200000,46.1
12579,5,32,1,5,1,1,-5067516,-5067516,-11199316,-10803569,-395747,6131800,0,19710199,17831549,1878650,-6946166,-24777715,100000,10903569,-395747,0,395747,0,0,0,3888690,2912200,158617900,183238000,300000,300000,36
12580,5,32,3,8,1,2,51591798,49191798,35291798,-3217914,38509712,13900000,2400000,27412291,24164361,3247930,48343868,24179507,0,3217914,38509712,58500000,19990288,0,0,0,3545370,4428960,763557800,750720000,350000,350000,93.9411764705882
12581,5,32,3,5,1,1,3522684,3522684,-6643306,-2043454,-4599852,10165990,0,36348665,32485955,3862710,-340026,-32825981,3958000,6001454,-4599852,1656500,6256352,0,0,0,6637260,7030300,264447400,246609200,400000,400000,36
12582,4,32,2,8,1,1,11251846,10591846,-2583814,-2501657,-82157,13175660,660000,10097688,9847688,250000,11001846,1154158,210000,2711657,-82157,144000,226157,0,0,0,0,240000,9606200,10571200,500000,500000,93.9411764705882
12583,5,32,3,2,1,1,8468620,8468620,2998920,358965,2639955,5469700,0,12112733,12012733,100000,8368620,-3644113,1131000,772035,2639955,3068000,428045,0,0,0,0,0,278612400,272692400,100000,100000,25.1052631578947
12584,5,32,3,2,1,1,9646770,9646770,3434760,367235,3067525,6212010,0,8927476,8821826,105650,9541120,719294,950000,582765,91525,1296900,1205375,2976000,2976000,0,0,10000000,106560300,104180400,100000,100000,100.45
12585,5,32,3,2,1,1,18898273,17698273,10843473,333812,10509661,6854800,1200000,20594151,19053191,1540960,17357313,-1695878,920000,586188,7533661,10927500,3393839,2976000,2976000,0,7338418,7338142,567844800,562396200,150000,150000,25.1052631578947
12586,5,32,3,2,1,1,16904864,16904864,2694064,293354,2400710,14210800,0,27897192,26687192,1210000,15694864,-10992328,860000,566646,-569290,1150000,1719290,2970000,2970000,0,7926384,6462670,212850000,203965100,200000,200000,25.1052631578947
12587,5,32,3,2,1,1,-15635829,-15635829,-27066629,764924,-27831553,11430800,0,32804280,29111290,3692990,-19328819,-48440109,2576000,1811076,-30801553,1980300,32781853,2970000,2970000,0,53156886,25042606,561653000,549550500,400000,400000,25.1052631578947
12588,4,32,3,2,1,1,53194340,53194340,48130540,11086688,37043852,5063800,0,24234452,19054452,5180000,48014340,28959888,17880000,6793312,37043852,46005000,8961148,0,0,0,18772602,21637562,423836800,402515300,300000,300000,25.1052631578947
12589,4,32,3,2,1,1,20648555,20648555,5505955,916615,4589340,15142600,0,13511791,12382971,1128820,19519735,7136764,1080000,163385,1349340,4285000,2935660,3240000,3240000,0,1820190,2598500,119714700,115370300,350000,350000,25.1052631578947
12590,4,32,3,1,1,2,-56504257,-57304257,-58504257,-8831751,-49672506,1200000,800000,34206808,29752598,4454210,-60958467,-90711065,0,8831751,-49672506,16203500,65876006,0,0,0,24008110,23288280,1048522200,1019919900,400000,400000,14.0454545454545
12591,5,32,3,1,1,2,34450887,32420887,17907167,-208649,18115816,14513720,2030000,23027287,18877127,4150160,30300727,11423600,4548250,4756899,18115816,22253250,4137434,0,0,0,1733000,10994240,252598100,250572400,200000,200000,14.0454545454545
12592,5,32,3,1,1,2,9591075,9591075,-71725,-1499958,1428233,9662800,0,35622957,35522957,100000,9491075,-26031882,0,1499958,-1541767,0,1541767,2970000,2970000,0,9628821,17134102,330550100,324025600,150000,150000,14.0454545454545
12593,4,32,3,1,1,3,-37960673,-37960673,-42000673,-1916843,-40083830,4040000,0,27959711,26648481,1311230,-39271903,-65920384,0,1916843,-40083830,9634065,49717895,0,0,0,108161268,73659998,749349100,779486700,300000,300000,44.375
12594,5,32,2,1,1,2,11900145,11900145,5855885,9727325,-3871440,6044260,0,15423669,15130969,292700,11607445,-3523524,16731000,7003675,-3871440,0,3871440,0,0,0,7907380,4640580,206258100,200214000,500000,500000,14.0454545454545
12595,5,32,3,1,1,2,28668086,27268086,16263678,8577219,7686459,11004408,1400000,35900325,31622975,4277350,24390736,-7232239,11000000,2422781,3116459,6960630,3844171,4570000,4570000,0,9098042,8616179,470813800,455822300,300000,300000,14.0454545454545
12596,4,32,3,1,1,2,-33963263,-33963263,-41833923,35869,-41869792,7870660,0,20095725,19104325,991400,-34954663,-54058988,4100000,4064131,-41869792,12000000,53869792,0,0,0,121756909,140240262,408672100,493853800,5000000,5000000,14.0454545454545
12597,4,32,2,5,1,1,41130850,41130850,29900050,23365114,6534936,11230800,0,33538353,31677293,1861060,39269790,7592497,34700000,11334886,3534936,5527615,1992679,3000000,3000000,0,3981341,5554391,131332800,120516300,500000,500000,36
12598,4,32,3,1,1,2,71313842,70713842,59364202,11755500,47608702,11349640,600000,75587837,57381512,18206325,53107517,-4273995,17079220,5323720,1022202,8202900,7180698,46586500,50145000,3558500,6220410,27119248,422785232,432146900,1600000,1300000,5.08333333333333
12601,3,32,2,1,1,3,77364686,63968686,55529636,2922987,52606649,8439050,13396000,77465748,53609714,23856034,53508652,-101062,3206400,283413,52194869,60145587,7950718,411780,411780,0,39281767,9192958,374540600,348668800,4000000,4000000,5.08333333333333
12602,4,32,3,1,1,1,64141142,60364402,44077332,-9000,44086332,16287070,3776740,70124139,54213719,15910420,48230722,-5982997,0,9000,44066332,52102040,8035708,20000,20000,0,169303477,256043553,789142100,826700500,5900000,5900000,5.08333333333333
12603,4,32,3,1,1,1,47021300,45721300,39111300,0,39111300,6610000,1300000,27026099,26299399,726700,46294600,19995201,0,0,22763300,22850000,86700,16348000,16348000,0,9011983,2670550,657734900,633423600,3800000,3800000,5.08333333333333
12605,4,32,3,1,1,3,58876100,57676100,49036100,0,49036100,8640000,1200000,19646640,17439640,2207000,56669100,39229460,0,0,47016100,47120000,103900,2020000,2020000,0,1630000,1840000,402840600,388490600,3500000,3500000,5.08333333333333
12606,4,32,3,1,1,1,44527000,44127000,44127000,0,44127000,0,400000,16638070,15556070,1082000,43445000,27888930,0,0,38577000,38577000,0,5550000,5550000,0,3713620,845420,113960900,108016500,3100000,3100000,5.08333333333333
12607,4,32,3,1,1,1,47961000,47961000,47561000,-33000,47594000,400000,0,16702860,15420560,1282300,46678700,31258140,0,33000,47094000,47094000,0,500000,500000,0,4275970,1712050,325033100,314399800,2100000,2100000,5.08333333333333
12608,4,32,3,1,1,1,50066000,49666000,34266000,0,34266000,15400000,400000,14867970,14447970,420000,49646000,35198030,0,0,32866000,32900000,34000,1400000,1400000,0,7580810,4824730,160478400,150289600,1700000,1700000,5.08333333333333
12610,4,32,3,1,1,1,72241440,72241440,72241440,0,72241440,0,0,21674530,17209530,4465000,67776440,50566910,0,0,47741440,49712200,1970760,24500000,24500000,0,6376560,2613970,163899900,154359100,2300000,2300000,19
12611,4,32,3,1,1,1,45936000,45936000,34176000,-39000,34215000,11760000,0,13902354,12556184,1346170,44589830,32033646,0,39000,33715000,33740000,25000,500000,500000,0,8999704,5866916,124624400,119368900,5200000,5200000,5.08333333333333
13233,3,33,1,2,1,1,8591683,7258055,5458055,6378050,-919995,1800000,1333628,18423162,13606345,4816817,3774866,-9831479,7280000,901950,-919995,0,919995,0,0,0,1300000,2800000,-31287500,-22498300,350000,350000,36.0526315789474
13262,5,33,2,5,1,1,-4890281,-10414981,-19312341,-5185060,-14127281,8897360,5524700,20783367,16595377,4187990,-9078271,-25673648,700000,5885060,-14905781,17457000,32362781,778500,778500,0,10500000,2400000,308628300,306454100,830000,830000,68.7142857142857
13265,3,33,1,6,1,1,-10682781,-11442781,-12952591,-17710028,4757437,1509810,760000,47233996,27826166,19407830,-30090611,-57916777,65156366,82866394,4757437,8640000,3882563,0,0,0,3000000,13781438,718479700,639489600,260000,120000,23.3
13281,5,33,2,5,1,1,14961294,14777294,6117894,3619305,2498589,8659400,184000,15635731,14004731,1631000,13330294,-674437,11183500,7564195,-53061,897000,950061,2551650,2551650,0,0,14230000,129211200,144162800,500000,500000,64.5714285714286
13300,4,33,3,1,1,4,13036350,12884350,3332780,0,3332780,9551570,152000,12760272,11472872,1287400,11748950,276078,0,0,3256780,7369200,4112420,76000,76000,0,0,0,166846400,161486600,250000,250000,246
13356,5,33,3,4,1,1,78288866,72556246,40422796,31615513,8807283,32133450,5732620,20051296,18766816,1284480,77004386,58237570,47253836,15638323,6895934,14961410,8065476,1911349,1911349,0,1800000,15780000,528275600,535487800,5000000,110000,265
13370,4,33,3,5,1,1,159096913,153934511,129931972,25370120,104561852,24002539,5162402,57349238,41938817,15410421,143686492,101747675,40346110,14975990,98251190,120958147,22706957,6310662,6310662,0,4000000,24880000,1013200100,982206800,600000,600000,68.7142857142857
13373,3,33,2,3,1,2,25619055,24509121,17525471,8212350,9313121,6983650,1109934,13125666,12314438,811228,24807827,12493389,19098000,10885650,9203121,13651784,4448663,110000,110000,0,0,0,360324100,354538000,500000,80000,19.5
13374,3,33,3,3,1,1,66128070,66128070,65528070,6519990,59008080,600000,0,51242160,37635480,13606680,52521390,14885910,8180000,1660010,26354080,27903880,1549800,32654000,32654000,0,16400000,0,192577300,161175900,3000000,120000,19.5
13375,2,33,2,3,2,1,122777009,121677009,107648429,86336078,21312351,14028580,1100000,54678564,44060514,10618050,112158959,68098445,120414178,34078100,20087351,35503676,15416325,1225000,1225000,0,0,32598990,673954155,699082100,1400055,300000,42
13376,4,33,2,3,1,1,168476785,161457838,140520948,93604286,46916662,20936890,7018947,74332259,40188036,34144223,134332562,94144526,143377000,49772714,45601162,57593050,11991888,1315500,1315500,0,1231150,8202003,815752200,794491900,3000000,300000,42
13377,4,33,3,8,1,1,79481195,70362531,55511062,2414520,53096542,14851469,9118664,52051658,43601154,8450504,71030691,27429537,2975000,560480,45805698,60276838,14471140,7290844,7290844,0,44918702,79766980,694870930,710964800,2000000,300000,88.2826086956522
13378,3,33,3,2,2,1,145044154,143744154,131894393,48891991,83002402,11849761,1300000,61161470,51199933,9961537,135082617,83882684,55043001,6151010,79697696,100399129,20701433,3304706,3304706,0,38368171,57033856,455880725,434871200,0,150000,36.0526315789474
13379,3,33,3,8,2,1,57262780,57262780,57262780,5075040,52187740,0,0,49534800,48365680,1169120,56093660,7727980,5500000,424960,52187740,52421000,233260,0,0,0,3560560,59165400,199180900,231447600,3000000,300000,93.9411764705882
13382,5,33,3,8,1,1,80522762,71848156,48717536,14216263,34501273,23130620,8674606,29668732,28141861,1526871,78995891,50854030,29100000,14883737,16161633,21685700,5524067,18339640,18339640,0,5952500,35210000,194426300,216810000,2000000,300000,93.9411764705882
13383,4,33,3,8,1,1,126030486,125413880,120004940,-1362865,121367805,5408940,616606,36587656,32593020,3994636,122035850,89442830,0,1362865,121367805,147592500,26224695,0,0,0,0,850000,309053830,296706800,1433230,500000,93.9411764705882
13384,5,33,3,8,1,3,80201265,80201265,66827525,9138780,57688745,13373740,0,29358125,24901805,4456320,75744945,50843140,10283300,1144520,57688745,83163600,25474855,0,0,0,0,1036000,944000622,921625400,2852222,300000,46.1
13385,4,33,3,8,1,1,28184980,22714122,19460702,1541120,17919582,3253420,5470858,14745547,12755897,1989650,26195330,13439433,2970000,1428880,16439582,29309965,12870383,1480000,1480000,0,0,4290000,172860300,166571400,1500000,50000,93.9411764705882
13386,4,33,3,8,1,1,133193358,126683698,110016523,-232340,110248863,16667175,6509660,51961720,44308420,7653300,125540058,81231638,30000,262340,109422195,137551200,28129005,826668,826668,0,2271782,44020508,441053274,464555300,5000000,300000,46.1
13387,5,33,2,8,1,1,120795351,112034227,95592014,78454010,17138004,16442213,8761124,60826318,48212443,12613875,108181476,59969033,91746760,13292750,15912895,23752675,7839780,1225109,1225109,0,48000000,24600000,553244300,511156700,2000000,300000,46.1
13389,3,33,3,8,1,1,73998970,65849970,61305690,-4517950,65823640,4544280,8149000,65721450,43842150,21879300,52119670,8277520,4299900,8817850,29891640,43088450,13196810,35932000,35932000,0,6927000,5762000,370647300,352159700,2500000,200000,88.2826086956522
13390,5,33,1,1,1,4,28304445,21304445,8356525,5614070,2742455,12947920,7000000,23968324,23304234,664090,27640355,4336121,7428000,1813930,-227545,0,227545,2970000,2970000,0,4485730,8164480,150036600,144522800,2500000,300000,246
13399,5,33,2,5,1,3,9966027,8347767,-5126443,-5760328,633885,13474210,1618260,16592888,14985688,1607200,8358827,-6626861,4549602,10309930,234065,975000,740935,399820,399820,0,0,0,253061800,234029790,180000,380000,64.5714285714286
13404,3,33,3,4,2,1,86759338,77112720,63710805,-1974560,65685365,13401915,9646618,32629065,27961675,4667390,82091948,54130273,4048360,6022920,62216865,76163439,13946574,3468500,3468500,0,4163420,47677560,259255900,271966900,300000,50000,265
13406,4,33,1,6,3,1,23950650,22167218,19757778,4426824,15330954,2409440,1783432,30449968,27530278,2919690,21030960,-6499318,21701489,17274665,5232450,5911250,678800,10098504,10098504,0,0,2200000,293764600,244850600,180000,160000,10.0769230769231
13412,5,33,2,5,1,4,41822436,33522436,21330182,23332530,-2002348,12192254,8300000,47522325,46546635,975690,40846746,-5699889,40052500,16719970,-2143140,1755000,3898140,140792,140792,0,0,8154000,678972900,660044700,200000,200000,68.7142857142857
13413,5,33,2,4,1,1,12939172,11925460,1790650,-457469,2248119,10134810,1013712,15560683,13509343,2051340,10887832,-2621511,4971380,5428849,-220918,755500,976418,2469037,2469037,0,258540,14000,128189840,120813200,200000,230000,114.25
13419,4,33,3,5,1,1,67723045,62780141,62180141,25424550,36755591,600000,4942904,64676420,57885030,6791390,60931655,3046625,50092500,24667950,25959690,38908001,12948311,10795901,10795901,0,15641710,6899870,1006771603,918012400,1644203,1000000,31.3684210526316
13420,5,33,1,7,1,1,59711707,54041747,21003127,20910154,92973,33038620,5669960,23117354,22020354,1097000,58614707,36594353,32161000,11250846,-336627,0,336627,429600,429600,0,0,10571654,599299959,611450900,1322970,180000,98
13425,4,33,1,7,1,3,120145374,110059678,89922778,64331452,25591326,20136900,10085696,47855792,35366482,12489310,107656064,72289582,84135000,19803548,23967326,33690000,9722674,1624000,1624000,0,31817700,69437493,651773400,740626900,1500000,1500000,98
13430,3,33,3,2,3,1,77156663,76997753,74102354,35098310,39004044,2895399,158910,61018096,55531435,5486661,71670002,16138567,36860000,1761690,34504395,55421030,20916635,4499649,4499649,0,0,450000,80239900,60568500,4250000,250000,36.0526315789474
13433,4,33,3,1,1,2,117901447,104798872,95399102,-1126595,96525697,9399770,13102575,62109936,57058586,5051350,112850097,55791511,0,1126595,90664697,109779669,19114972,5861000,5861000,0,1999910,36455100,969419592,924136000,1672582,300000,81
13436,5,33,1,6,1,2,33363158,32739458,19785388,3748438,16036950,12954070,623700,22347547,19097785,3249762,30113396,11015611,20503648,16755210,15834700,23468798,7634098,202250,202250,0,0,0,292878000,263578500,100000,200000,10.0769230769231
13438,5,33,1,1,2,1,39283615,39283615,5730525,7649900,-1919375,33553090,0,36011443,30014813,5996630,33286985,3272172,10643650,2993750,-1919375,126000,2045375,0,0,0,3554220,40000,612472320,600043300,6000000,300000,81
13441,5,33,2,5,1,1,10344953,6595953,-8471367,-7781280,-690087,15067320,3749000,37602092,34314372,3287720,7057233,-27257139,22880000,30661280,-696370,50000,746370,6283,6283,0,79890,6358063,489975000,466528400,1546200,1000000,31.3684210526316
13442,4,33,2,5,1,1,68014642,68014642,64534642,37433560,27101082,3480000,0,52311940,47047010,5264930,62749712,15702702,50000000,12566440,-295915,0,295915,27396997,27396997,0,0,2400000,155761900,247337600,1495300,700000,31.3684210526316
13443,4,33,2,5,1,1,45520605,43825205,31512255,26907780,4604475,12312950,1695400,20846601,17595091,3251510,42269095,24674004,38179140,11271360,4541560,7106350,2564790,62915,62915,0,2057919,6783725,208000516,194049000,1000000,1000000,31.3684210526316
13444,2,33,1,5,1,1,-326420,-326420,-926420,-421550,-504870,600000,0,24678201,24678201,0,-326420,-25004621,7500000,7921550,-504870,0,504870,0,0,0,0,1500000,226794900,216235900,100000,100000,31.3684210526316
13446,5,33,2,5,1,1,35010991,29274571,18015501,18120599,-105098,11259070,5736420,23433910,22266600,1167310,33843681,11577081,39962139,21841540,-324883,924500,1249383,219785,219785,0,5660183,9700000,305317883,276507900,200000,200000,31.3684210526316
13447,4,33,2,5,1,1,41770116,40699856,27860256,24517150,3343106,12839600,1070260,33801720,31054470,2747250,39022866,7968396,53935000,29417850,3326705,11137500,7810795,16401,16401,0,4060000,59103300,260659000,259902300,200000,200000,31.3684210526316
13448,5,33,2,5,1,1,31151705,31151705,30551705,21199030,9352675,600000,0,20331797,20093097,238700,30913005,10819908,27215000,6015970,1792675,5059500,3266825,7560000,7560000,0,0,0,214768800,195552300,100000,100000,31.3684210526316
13449,4,33,2,5,1,1,10470524,9844534,9244534,9756074,-511540,600000,625990,35031254,33065321,1965933,8504591,-24560730,34261000,24504926,-511540,36400,547940,0,0,0,300000,160000,254594300,211161200,600000,600000,157
13450,3,33,2,5,2,1,-61309787,-72515530,-73463960,-63171570,-10292390,948430,11205743,67164912,65495060,1669852,-62979639,-128474699,62753305,125924875,-10292390,0,10292390,0,0,0,4360000,12606000,2419190700,2260553700,5000000,5000000,31.3684210526316
13451,5,33,1,5,1,1,7736817,6136817,-1130883,-1289125,158242,7267700,1600000,28580425,26767025,1813400,5923417,-20843608,33560525,34849650,-126395,0,126395,284637,284637,0,5900000,30000,379402800,336231200,5000000,5000000,157
13453,5,33,1,5,1,1,55615960,53415260,36635160,33401799,3233361,16780100,2200700,26388253,25329053,1059200,54556760,29227707,65798379,32396580,233361,439641,206280,3000000,3000000,0,45500,311010,501308400,464213600,500000,500000,31.3684210526316
13454,4,33,2,5,1,1,87910457,87468445,80278445,80572360,-293915,7190000,442012,31449956,24778236,6671720,81238737,56460501,98043000,17470640,-293915,80000,373915,0,0,0,0,198000,835767600,806754400,2000000,2000000,31.3684210526316
13455,4,33,2,5,1,1,4518877,3644973,-9294653,-17826601,8531948,12939626,873904,66725057,47532405,19192652,-14673775,-62206180,19426955,37253556,-2622872,80000,2702872,11154820,11154820,0,13422901,5252435,846168301,763696100,100000,100000,31.3684210526316
13456,4,33,2,5,1,1,22015835,21056677,17922537,-2603393,20525930,3134140,959158,42921286,40925966,1995320,20020515,-20905451,19148000,21751393,19892327,23327707,3435380,633603,633603,0,1877585,8200000,393752385,365234100,5000000,5000000,31.3684210526316
13457,4,33,2,5,1,1,44895184.75,44332186.5,26160636.125,16001763.5625,10158872.5625,18171550.375,562998.25,22623296.25,21994071.1875,629225.0625,44265959.6875,22271888.5,41257210,25255446.4375,9642859.3125,22459928,12817068.6875,516013.25,516013.25,0,8446205.625,839088.8125,627762600,594935400,400000,400000,31.3684210526316
13458,4,33,1,5,1,1,94628524,90685914,62354726,26267635,36087091,28331188,3942610,49306343,40859774,8446569,86181955,45322181,59072075,32804440,6170463,10621884,4451421,29916628,29916628,0,7300560,282500,504559660,472196000,1400000,1400000,157
13459,4,33,1,5,1,1,51740059,51162979,7904129,12077779,-4173650,43258850,577080,21746670,17220630,4526040,47214019,29993389,56736709,44658930,-4173650,827650,5001300,0,0,0,0,1899000,677203600,654455500,1000000,1000000,31.3684210526316
13460,4,33,1,5,1,1,-27669275,-27669275,-27669275,-26059600,-1609675,0,0,25517900,24817900,700000,-28369275,-53187175,26000000,52059600,-1609675,0,1609675,0,0,0,0,0,515734400,483962800,1000000,1000000,31.3684210526316
13462,4,33,2,5,1,1,14405654.875,11405332.375,-778137,719359.125,-1497496.125,12183469.375,3000322.5,22247585.6875,19762017.3125,2485568.375,11920086.5,-7841930.8125,8700275,7980915.875,-7535584.25,1957330,9492914.25,6038088.125,6038088.125,0,2346886.5,30038349.8125,333775490.875,354402100,130000,130000,31.3684210526316
13463,5,33,1,5,1,1,35930852,35634480,19042600,19488270,-445670,16591880,296372,21811570,20077470,1734100,34196752,14119282,25380000,5891730,-1105005,0,1105005,659335,659335,0,0,8750000,136780600,135948900,100000,100000,68.7142857142857
13464,3,33,3,5,2,2,65256452,63713704,51570605,24059993,27510612,12143099,1542748,23455286,19489766,3965520,61290932,41801166,29037628,4977635,23959037,35234583,11275546,3551575,3551575,0,863770,0,149675600,163144100,200000,200000,64.5714285714286
13465,5,33,2,5,1,1,15156934,14494450,2773200,3502100,-728900,11721250,662484,12739530,11527370,1212160,13944774,2417404,7304200,3802100,-792179,0,792179,63279,63279,0,0,0,360713300,380475900,230000,230000,64.5714285714286
13467,5,33,2,4,1,1,11856320,11856320,2758360,325635,2432725,9097960,0,15678373,15463343,215030,11641290,-3822053,3569375,3243740,1616495,2693750,1077255,816230,816230,0,0,120000,213309600,212331800,150000,150000,114.25
13468,5,33,2,4,1,1,18435874,17263160,8453200,7841790,611410,8809960,1172714,13433490,11421690,2011800,16424074,5002384,12258750,4416960,-2361555,292500,2654055,2972965,2972965,0,0,220000,71286200,77699600,500000,500000,114.25
13469,3,33,3,4,1,1,64756816,64270156,64270156,34232195,30037961,0,486660,31463624,22804890,8658734,56098082,33293192,44640255,10408060,20297291,26268350,5971059,9740670,9740670,0,12000000,5235500,50405900,65054100,500000,500000,265
13470,5,33,2,5,1,1,15155205,13967525,3751935,2323760,1428175,10215590,1187680,17016160,16605660,410500,14744705,-1860955,4440000,2116240,-1138675,0,1138675,2566850,2566850,0,965850,0,217978950,220497100,80000,80000,64.5714285714286
13471,5,33,2,5,1,1,16902238,13160338,-2424650,-2825355,400705,15584988,3741900,8065120,7624520,440600,16461638,8837118,8112075,10937430,-1649585,3363120,5012705,2050290,2050290,0,321950,5830000,33504750,37198400,160000,160000,68.7142857142857
13475,5,33,2,4,1,1,75382431,70382431,59475591,34357837,25117754,10906840,5000000,19177227,18068327,1108900,74273531,56205204,39679062,5321225,25050013,28549193,3499180,67741,67741,0,0,0,117296200,144120300,230000,230000,114.25
13476,5,33,3,5,2,1,58724060,35750552,27350472,-1260020,28610492,8400080,22973508,43601426,41251937,2349489,56374571,15122634,3016120,4276140,10523692,14367889,3844197,18086800,18086800,0,800000,29300000,236841700,252949300,150000,150000,68.7142857142857
13478,2,33,2,2,1,1,14077060,14077060,9248200,2372200,6876000,4828860,0,7462880,6185130,1277750,12799310,6614180,3331500,959300,3276000,3336000,60000,3600000,3600000,0,0,400000,26788900,25172400,300000,300000,36.0526315789474
13481,3,33,1,6,2,1,48073300,46728042,28845342,18896176,9949166,17882700,1345258,27830580,22682380,5148200,42925100,20242720,44276266,25380090,7305325,13667938,6362613,2643841,2643841,0,0,6767050,259968400,269825300,130000,130000,35.8333333333333
13482,4,33,1,5,1,1,9134910,7676130,-2959900,-2064510,-895390,10636030,1458780,13889110,13391240,497870,8637040,-4754200,2863000,4927510,-958610,0,958610,63220,63220,0,0,1000000,105777200,102617400,3000000,3000000,68.7142857142857
13483,4,33,2,5,1,1,51529542,46330986,24550536,-815853,25366389,21780450,5198556,22129377,21006117,1123260,50406282,29400165,2446500,3262353,21837233,36804945,14967712,3529156,3529156,0,0,1650000,43437100,40850700,100000,100000,64.5714285714286
13489,5,33,3,5,1,1,-887695,-4344285,-12728505,-2833975,-9894530,8384220,3456590,21488315,20238775,1249540,-2137235,-22376010,1532625,4366600,-22440810,1346750,23787560,12546280,12546280,0,26240000,4800000,139295300,135187100,300000,300000,64.5714285714286
13490,5,33,2,8,1,1,68548803,66060003,51771853,50227659,1544194,14288150,2488800,14265208,13577288,687920,67860883,54283595,70761200,20533541,1505082,2300000,794918,39112,39112,0,10068000,1380000,268272900,321298100,2000000,200000,17.9545454545455
13491,4,33,3,8,1,1,24908625,24908625,11348625,1380000,9968625,13560000,0,34189460,20383460,13806000,11102625,-9280835,1430000,50000,1288625,7630500,6341875,8680000,8680000,0,0,20435000,400735000,393156200,500000,500000,24.5
13492,5,33,2,8,1,1,64229595,58805263,20190174,14477520,5712654,38615089,5424332,28861138,26553898,2307240,61922355,35368457,16275900,1798380,5462584,7505345,2042761,250070,250070,0,237800,6237800,181412600,182831400,300000,300000,46.1
13493,2,33,2,8,2,1,56679734,51637854,46698474,30932620,15765854,4939380,5041880,70164408,56656520,13507888,43171846,-13484674,47380000,16447380,13096054,18534000,5437946,2669800,2669800,0,21152023,26687350,404009100,364331400,250000,250000,84
13498,4,33,3,7,1,1,-5860848,-6860848,-16249388,1861680,-18111068,9388540,1000000,21662794,18674604,2988190,-8849038,-27523642,2500000,638320,-18111068,197138060,215249128,0,0,0,0,1200000,568869300,604561500,330000,330000,164.5
13499,4,33,3,7,1,1,143198165,87737056,83148616,250771190,-167622574,4588440,55461109,107019081,100112971,6906110,136292055,36179084,254500000,3728810,-167622574,292306571,459929145,0,0,0,390495921,150927182,523213218,796064700,300000,300000,164.5
13500,5,33,1,7,1,1,9693565,9693565,-11314435,-11989897,675462,21008000,0,64936188,58111188,6825000,2868565,-55242623,-4420000,7569897,-524538,0,524538,1200000,1200000,0,0,0,814495400,779989600,1622600,1000000,98
13502,5,33,1,7,1,1,34880740,26209540,10086580,10274360,-187780,16122960,8671200,18614036,18264636,349400,34531340,16266704,15410000,5135640,-187780,0,187780,0,0,0,0,0,87183200,95679900,1100000,1100000,15.7
13504,3,33,1,7,3,2,139292790,127232380,125588680,89654233,35934447,1643700,12060410,106490083,84374156,22115927,117176863,32802707,147535300,57881067,17676466,42082000,24405534,18257981,18257981,0,26700000,39431800,18228300,117341500,200000,200000,98
13505,4,33,1,8,1,1,31284782,28981582,7810172,-737750,8547922,21171410,2303200,45173880,39288830,5885050,25399732,-13889098,3433100,4170850,1265595,1854525,588930,7282327,7282327,0,14094800,2780000,415323700,389209100,300000,300000,88.2826086956522
13506,3,33,1,7,2,1,232518667,232518667,232518667,231103780,1414887,0,0,60426000,41704420,18721580,213797087,172092667,315875000,84771220,-585113,0,585113,2000000,2000000,0,0,45972000,116843800,130176100,100000,100000,28.2686567164179
13507,5,33,1,7,1,1,48905790,48305790,28297310,28507475,-210165,20008480,600000,27494587,25085597,2408990,46496800,21411203,37369000,8861525,-210165,0,210165,0,0,0,0,2400000,291740200,300585900,300000,300000,15.7
13510,4,33,3,8,1,1,83978233,68387893,58533183,-675680,59208863,9854710,15590340,50855255,44457995,6397260,77580973,33122978,945600,1621280,20002935,28365280,8362345,39205928,39205928,0,24500000,0,202232100,164927700,6000000,300000,46.1
13511,5,33,2,6,1,1,11282260,10318260,-4950340,-6840910,1890570,15268600,964000,12591440,10853400,1738040,9544220,-1309180,1287000,8127910,1778570,4370000,2591430,112000,112000,0,180000,163000,11626600,9238300,130000,130000,35.8333333333333
13512,4,33,2,5,1,1,-9541515,-9541515,-15057415,-22690970,7633555,5515900,0,77503770,52420080,25083690,-34625205,-87045285,51789500,74480470,-15545965,805350,16351315,23179520,23179520,0,168700,28277270,594708800,534177000,100000,100000,31.3684210526316
13513,4,33,2,5,1,1,-26804629,-26804629,-30677669,-28441201,-2236468,3873040,0,22833246,22151946,681300,-27485929,-49637875,20601000,49042201,-2236468,1004500,3240968,0,0,0,200000,1300000,2848897900,2607514900,1000000,1000000,31.3684210526316
13514,4,33,1,5,2,1,26524705,25324705,24724705,25621030,-896325,600000,1200000,20700662,19516212,1184450,25340255,5824043,37250000,11628970,-896325,0,896325,0,0,0,0,2000000,74867200,72257700,150000,150000,157
13515,4,33,1,2,1,1,13169912,12969912,11169912,5577500,5592412,1800000,200000,24063059,21917579,2145480,11024432,-10893147,5622500,45000,5592412,6365730,773318,0,0,0,0,0,302790700,286955300,100000,100000,236
14257,4,34,3,3,1,1,42875109,20979102,15140102,-2472910,17613012,5839000,21896007,45174616,41281936,3892680,38982429,-2299507,9425900,11898810,16643012,41841446,25198434,970000,970000,0,500000,9620000,486106600,393609700,250000,1320000,63.4705882352941
14269,5,34,3,8,1,1,19539985,19539985,17843985,15078995,2764990,1696000,0,39198650,37199420,1999230,17540755,-19658665,25793025,10714030,2764990,5658000,2893010,0,0,0,0,0,903118500,880864200,570000,570000,30.1282051282051
14296,5,34,1,8,1,1,-34774341,-34774341,-41197841,-75215163,34017322,6423500,0,22526884,21808574,718310,-35492651,-57301225,-72000000,3215163,30384952,32348000,1963048,3632370,3682370,50000,90100,674147,-9583900,-91014600,350000,350000,93.9411764705882
14309,5,34,3,7,2,1,20501055,20501055,16157555,-6159685,22317240,4343500,0,28171905,22253365,5918540,14582515,-7670850,32042500,38202185,21517240,25500000,3982760,800000,800000,0,0,480000,176580600,159354500,570000,1700000,46
14344,3,34,3,8,2,1,29729090,29729090,29269090,6287990,22981100,460000,0,30277900,29821900,456000,29273090,-548810,6900000,612010,22981100,23289000,307900,0,0,0,0,0,102630800,94383300,2000000,2000000,84
14349,2,34,1,6,2,1,-23792720,-23792720,-23792720,-23792720,0,0,0,16266590,14373390,1893200,-25685920,-40059310,27060550,50853270,0,0,0,0,0,0,0,0,215634700,168536200,2300000,1000000,23.3
14359,3,34,3,8,1,2,21158337,16158337,15332437,-3392800,18725237,825900,5000000,36109221,28820590,7288631,13869706,-14950884,0,3392800,-3136013,402500,3538513,21861250,21861250,0,0,0,274149900,242474800,500000,500000,24.5
14383,4,34,2,5,3,1,-57002085,-58482085,-73843085,-35186590,-38656495,15361000,1480000,39937810,29804610,10133200,-67135285,-96939895,73152600,108339190,-38656495,865200,39521695,0,0,0,57895000,45630000,915709500,1096380000,51000,2048000,29.8888888888889
14436,4,34,3,7,1,1,6640466,2156706,-16368924,4766780,-21135704,18525630,4483760,30442484,27372204,3070280,3570186,-23802018,12593540,7826760,-21135704,61243269,82378973,0,0,0,244901758,23520000,1515152200,1340384100,400000,400000,28.2686567164179
14472,5,34,1,1,1,4,-132560549,-132560549,-135860549,-162800049,26939500,3300000,0,76241185,61450105,14791080,-147351629,-208801734,150000000,312800049,26939500,30000000,3060500,0,0,0,0,17254720,879721300,853854500,1500000,1500000,33.75
14603,4,34,1,8,1,4,317691360,294091360,277842400,267642400,10200000,16248960,23600000,66367630,63058570,3309060,314382300,251323730,339485000,71842600,0,0,0,10200000,10200000,0,139192680,140500000,243963600,263227700,500000,3000000,17.9545454545455
14604,2,34,1,8,2,1,39348400,39348400,34848400,34848400,0,4500000,0,12166900,11739900,427000,38921400,27181500,37735000,2886600,0,0,0,0,0,0,0,0,135473300,133604200,300000,1500000,17.9545454545455
14605,5,34,1,5,1,1,42094604,35952604,26828474,23690764,3137710,9124130,6142000,29656390,28604390,1052000,41042604,12438214,32715174,9024410,-168850,391300,560150,3306560,3306560,0,0,580000,378992200,195030700,200000,3000000,20.75
14610,5,34,1,4,1,3,-780690,-780690,-8620690,-10685590,2064900,7840000,0,10748550,7648550,3100000,-3880690,-11529240,2978500,13664090,2064900,5481000,3416100,0,0,0,7000000,3300000,518411800,497651700,550000,2500000,31.6
14611,4,34,1,8,1,1,70530905,70530905,64700905,56324800,8376105,5830000,0,23506369,20788069,2718300,67812605,47024536,69770500,13445700,8376105,11500000,3123895,0,0,0,0,500000,244556000,239234900,250000,1500000,17.9545454545455
14616,3,34,3,8,1,1,34080000,34080000,33250000,-2750000,36000000,830000,0,27065306,22515306,4550000,29530000,7014694,0,2750000,0,0,0,36000000,36000000,0,0,6000000,527057800,528357800,250000,1500000,17.9545454545455
14618,5,34,2,7,1,1,63819421,60377721,50758481,7648504,43109977,9619240,3441700,19631964,17514094,2117870,61701551,44187457,15000000,7351496,38509977,63119100,24609123,4600000,4600000,0,0,2823000,597869200,578164400,300000,2500000,46
14620,5,34,2,7,1,1,37062556,37062556,29630556,8263278,21367278,7432000,0,21307240,19138720,2168520,34894036,15755316,10500000,2236722,20367278,24150000,3782722,1000000,1000000,0,900000,0,427444000,416139000,260000,2000000,46
14621,5,34,1,7,1,1,1425280,1425280,-11158300,-11158300,0,12583580,0,17140000,13790000,3350000,-1924720,-15714720,36846700,48005000,0,0,0,0,0,0,0,1400000,417344100,410509900,300000,2000000,15.7
14622,5,34,1,7,1,2,16141406,11641406,7841406,11618353,-3776947,3800000,4500000,59850947,53063447,6787500,9353906,-43709541,15900000,4281647,-3776947,1440000,5216947,0,0,0,6000000,12800000,703693200,690929300,200000,2000000,46
14623,5,34,2,7,1,1,38216710,37628710,27254082,8361545,18892537,10374628,588000,15055168,14605168,450000,37766710,23161542,9000000,638455,17192537,41470473,24277936,1700000,1700000,0,0,105000,142337800,137933000,200000,3000000,46
14625,5,34,3,7,1,1,25114995,25114995,22813375,-707820,23521195,2301620,0,44632260,39921570,4710690,20404305,-19517265,0,707820,953575,10510500,9556925,22567620,25405000,2837380,0,0,866505250,818496500,2092650,2000000,46
14626,4,34,1,6,1,1,72493442,69060182,48603852,21270867,27332985,20456330,3433260,31526726,27620452,3906274,68587168,40966716,26133473,4862606,3577627,3758652,181025,23755358,23755358,0,0,422000,429240800,413217200,300000,3000000,43.1666666666667
14629,4,34,2,5,1,1,68504930,63770784,52490964,25096876,27394088,11279820,4734146,39671104,30538924,9132180,59372750,28833826,52647000,27550124,17208380,25706800,8498420,10185708,10185708,0,3300000,0,767153908,734269500,2448708,3000000,29.8888888888889
14630,4,34,2,1,1,3,32822414,32822414,9325604,36871230,-27545626,23496810,0,25290016,21782414,3507602,29314812,7532398,71103417,34232187,-27545626,39380980,66926606,0,0,0,77557000,37072770,843021242,864495800,1722942,1000000,35.4
14631,3,34,3,3,3,2,187523847,170655297,147249167,-3346587,150595754,23406130,16868550,89549125,82949136,6599989,180923858,97974722,53522036,56868623,141281334,222664429,81383095,9314420,9314420,0,164174880,400094303,1390351700,1439860000,5700000,5000000,63.4705882352941
14632,5,34,2,1,1,2,34963714,32688914,17846744,9046775,8799969,14842170,2274800,27340600,26344150,996450,33967264,7623114,12766000,3719225,4814286,7054500,2240214,3985683,3985683,0,200000,1720000,520578500,505532100,9000000,1000000,85.6666666666667
14633,4,34,2,3,2,1,58384860,58384860,44592920,25000850,19592070,13791940,0,53254374,45358294,7896080,50488780,5130486,36000000,10999150,13802070,15423750,1621680,5790000,6000000,210000,0,0,409232900,385494100,3500000,2000000,24.625
14634,4,34,2,1,1,4,54381648,54270752,33817617,22371767,11445850,20453135,110896,24623083,23238447,1384636,52997012,29758565,65147700,42775933,11445850,14624005,3178155,0,0,0,0,0,1020704928,992698900,1629428,70000,35.4
14635,5,34,2,1,1,3,-6255010,-6255010,-10015010,-9717010,-298000,3760000,0,41102576,41102576,0,-6255010,-47357586,70000000,79717010,-298000,0,298000,0,0,0,0,0,1028833420,995297600,1703920,1000000,35.4
14636,5,34,3,5,1,2,17366316.3333333,14882983,-32711.9999999995,-3002824.66666667,2970112.66666667,14915695,2483333.33333333,17158080.6666667,14686970.8333333,2471109.83333333,14895206.5,208235.666666666,960917,3963741.66666667,1234692.66666667,1993102.33333333,758409.666666667,1735420,1735420,0,5162463.16666667,374166.666666667,269636563.166667,261850900,3000000,1500000,29.8888888888889
14637,4,34,3,5,1,1,73652444,71190064,58053374,1739965,56313409,13136690,2462380,49942040,45244820,4697220,68955224,23710404,5544400,3804435,52358539,87779000,35420461,3954870,3954870,0,61727920,56052470,629957720,518035800,7000000,3000000,29.8888888888889
14638,4,34,2,3,1,1,12272721,12272721,4440441,7497645,-3057204,7832280,0,22455064,19751714,2703350,9569371,-10182343,9318500,1820855,-3057204,0,3057204,0,0,0,0,0,347558700,342701900,3000000,5000000,24.625
14639,4,34,3,2,1,1,56425698,56425698,45096998,-2159580,47256578,11328700,0,46755584,44191344,2564240,53861458,9670114,8138960,10298540,43278578,66777000,23498422,3978000,3978000,0,35255940,2750000,582065000,515519800,5000000,5000000,91.4
14641,4,34,1,6,2,1,-41882678,-41882678,-45212678,-54884923,9672245,3330000,0,24758490,24277850,480640,-42363318,-66641168,14190260,69075183,-1327755,0,1327755,11000000,11000000,0,0,2200000,515590300,481142000,100000,100000,23.5714285714286
14642,5,34,2,3,1,1,-22116441,-22116441,-27136441,-30391001,3254560,5020000,0,28644797,24786657,3858140,-25974581,-50761238,0,30391001,3254560,8093150,4838590,0,0,0,0,1000000,430693400,391815600,5000000,1000000,24.625
14643,5,34,3,1,1,1,43424338,42610014,30673136,8416170,22256966,11936878,814324,43020214,41590594,1429620,41994718,404124,11380360,2964190,22235966,33287221,11051255,21000,21000,0,0,50000,467548079,446885000,1569979,1000000,85.6666666666667
14645,4,34,2,3,2,2,17320550,16838990,6599010,-6264736,12863746,10239980,481560,37691706,34358596,3333110,13987440,-20371156,11662928,17927664,7762107,11687450,3925343,5101639,5101639,0,0,3517700,821852636,843520000,1606636,110000,24.625
14647,5,34,2,5,1,3,7907970,7907970,27970,2669440,-2641470,7880000,0,35453460,33210800,2242660,5665310,-27545490,23849800,21180360,-2641470,552000,3193470,0,0,0,3300000,8650000,300578100,282905200,1000000,60000,29.8888888888889
14648,4,34,2,1,1,2,197700532,196000532,192000532,139983540,52016992,4000000,1700000,47392578,38378618,9013960,188686572,150307954,161226000,21242460,12335232,13428832,1093600,39681760,39681760,0,167810,3067490,629131800,573913800,2500000,180000,35.4
14650,5,34,2,5,1,1,21381099,21181099,1704043,2126321,-422278,19477056,200000,30970177,27107767,3862410,17518689,-9589078,9246391,7120070,-492278,2011500,2503778,70000,70000,0,0,0,614389774,601105900,2246374,100000,29.8888888888889
14651,5,34,2,3,1,2,11083027,11083027,-2013843,4295351,-6309194,13096870,0,21189418,20574418,615000,10468027,-10106391,15000000,10704649,-8739194,0,8739194,2430000,2430000,0,1788003,0,431559913,406137100,2216610,360000,24.625
14653,4,34,2,5,2,3,109261378,109261378,74432578,65293988,9138590,34828800,0,48277690,33509180,14768510,94492868,60983688,89850000,24556012,9138590,9223960,85370,0,0,0,1717000,18027370,664616200,674722500,2308270,3000000,20.75
14654,4,34,2,5,1,1,49085802,49085802,30465182,15427680,15037502,18620620,0,41877760,39592310,2285450,46800352,7208042,47650000,32222320,15037502,17292000,2254498,0,0,0,0,0,1227601030,1222112600,1307830,1000000,29.8888888888889
14655,4,34,2,5,1,2,83262828,83262828,71313268,84836110,-13522842,11949560,0,18949970,16573810,2376160,80886668,64312858,100000000,15163890,-13522842,576000,14098842,0,0,0,0,8702400,624429992,593272100,1722992,0,20.75
14656,4,34,1,5,1,1,88628365,48581025,34863625,38529850,-3666225,13717400,40047340,49408412,48142462,1265950,87362415,39219953,159664800,121134950,-3666225,0,3666225,0,0,0,260000,20781000,481171443,389273900,1246743,500000,20.75
14657,4,34,2,3,1,1,12346930,12346930,10569430,12379210,-1809780,1777500,0,19475314,16260724,3214590,9132340,-7128384,21280000,8900790,-1809780,0,1809780,0,0,0,0,19000000,222465234,229974000,2226334,100000,24.625
14658,4,34,2,3,1,1,43610687,43610687,29699327,23074700,6624627,13911360,0,13384260,11296560,2087700,41522987,30226427,25056100,1981400,6624627,8840200,2215573,0,0,0,2500000,0,315244850,297337000,1586050,1000000,24.625
14659,3,34,1,6,1,1,36693940,36693940,36693940,36713940,-20000,0,0,75735780,38714390,37021390,-327450,-39041840,76134300,39420360,-20000,0,20000,0,0,0,0,2365000,235968026,198216800,2332026,3000000,23.3
14660,3,34,1,6,1,1,-58895360,-58895360,-58895360,-58885360,-10000,0,0,66740210,56487610,10252600,-69147960,-125635570,128919340,187804700,-10000,0,10000,0,0,0,0,1010000,870120650,765509900,2060650,2000000,23.3
14661,4,34,2,3,1,2,86277759,85840759,57472439,46540295,10932144,28368320,437000,21881403,17991593,3889810,82387949,64396356,80222450,33682155,10932144,35340680,24408536,0,0,0,17500000,11350000,754414045,692395800,2311045,2500000,24.625
14662,5,34,3,3,1,2,23966672,20586672,8527872,3188100,5339772,12058800,3380000,22038320,18935870,3102450,20864222,1928352,4560000,1371900,4160772,6823550,2662778,1179000,1179000,0,0,1700000,271729800,269236400,2000000,2000000,63.4705882352941
14663,5,34,2,3,1,2,31810022,31810022,25186322,26265672,-1079350,6623700,0,8606230,8606230,0,31810022,23203792,36960000,10694328,-1079350,0,1079350,0,0,0,64160,10000000,336016020,339017100,2099160,100000,24.625
14664,4,34,2,3,1,4,70129051,65029051,48963051,41487135,7475916,16066000,5100000,37131760,31913750,5218010,64911041,32997291,56355900,14868765,7475916,35008000,27532084,0,0,0,0,18010000,1072908670,1029925700,1512470,600000,24.625
14665,5,34,2,3,1,1,49296935,49296935,33222065,24941700,8280365,16074870,0,10346250,9183250,1163000,48133935,38950685,29193700,4252000,8280365,10246500,1966135,0,0,0,0,200000,177598525,184619300,2240325,2000000,24.625
14666,5,34,2,3,1,2,42258458,40507991,25980790,5763270,20217520,14527201,1750467,11734210,10662360,1071850,41186608,30524248,7238300,1475030,19866520,20835910,969390,351000,351000,0,13588157,17040000,249491818,232159600,1496161,200000,63.4705882352941
14667,5,34,1,3,1,1,20582850,20582850,3981850,4930740,-948890,16601000,0,18337507,17848767,488740,20094110,2245343,6700000,1769260,-948890,0,948890,0,0,0,0,1100000,245073252,237215700,1586852,1500000,24.625
14668,5,34,2,5,1,1,21186090,21124050,8553550,-4738050,13291600,12570500,62040,36149870,34585630,1564240,19621850,-14963780,14380000,19118050,-1158400,0,1158400,14450000,14450000,0,320000,1610000,166312780,145462100,2543480,150000,20.75
14669,5,34,2,3,1,1,42792370,33792370,19811990,4821910,14990080,13980380,9000000,39701130,39336130,365000,42427370,3091240,8000000,3178090,1790080,4025000,2234920,13200000,13200000,0,0,4679000,432100190,426154700,2009790,1000000,24.625
14670,4,34,2,3,1,1,76108050,61425082,25241772,2115217,23126555,36183310,14682968,36762481,27432641,9329840,66778210,39345569,13261100,11145883,8588555,18409700,9821145,14538000,14538000,0,1400000,3007850,884790951,878543900,1649701,4000000,24.625
14672,5,34,2,5,1,1,18603072,14602042,1773192,-145007,1918199,12828850,4001030,25157965,23424395,1733570,16869502,-6554893,2271274,2416281,1918199,3423374,1505175,0,0,0,6630000,1200000,362811064,343424200,2426664,2000000,20.75
14673,4,34,2,2,2,1,52268519,25639151,17585071,4365480,13219591,8054080,26629368,42358594,35746488,6612106,45656413,9909925,6492860,2127380,8148802,16184607,8035805,5070789,5070789,0,15945432,14673779,332363194,304929700,2415030,200000,91.4
14676,5,34,3,3,1,1,47419157,47419157,30045997,3060650,26985347,17373160,0,25800653,23828763,1971890,45447267,21618504,5470000,2409350,14956965,34727360,19770395,12028382,12028382,0,0,650000,442200100,424059800,1050000,1580000,63.4705882352941
14677,4,34,3,3,1,3,1106655,183655,-7522015,-3920950,-3601065,7705670,923000,25043930,18765530,6278400,-5171745,-23937275,12829580,16750530,-4001065,2982270,6983335,400000,400000,0,13300000,2900000,569324400,546945400,30000,1150000,63.4705882352941
14678,5,34,3,3,1,2,8786524,8786524,3227704,3960440,-732736,5558820,0,11108792,10039332,1069460,7717064,-2322268,7849200,3888760,-1838956,1418560,3257516,1106220,1106220,0,3278360,128360,437852300,424512400,350000,1500000,63.4705882352941
14681,4,34,2,3,1,1,-49201383,-49410383,-50210383,-17441160,-32769223,800000,209000,33391708,29349413,4042295,-53243678,-82593091,40000000,57441160,-32769223,0,32769223,0,0,0,0,14240000,807610000,748096000,300000,1380000,24.625
14682,4,34,3,3,1,1,-17647770,-17947770,-23652770,-17814850,-5837920,5705000,300000,38409180,27773480,10635700,-28283470,-56056950,4760000,22574850,-5987920,19763700,25751620,150000,150000,0,0,11915000,519523100,513648200,1500000,1500000,63.4705882352941
14684,3,34,3,3,4,1,124723681,124723681,121698681,3168450,118530231,3025000,0,50548885,47317915,3230970,121492711,74174796,11024400,7855950,117270231,167570108,50299877,1260000,1260000,0,17353370,29700000,225574400,214296400,360000,1380000,24.625
14685,4,34,3,8,2,3,121924547,121924547,99788307,9849050,89939257,22136240,0,48570472,41957272,6613200,115311347,73354075,21450000,11600950,89939257,97980000,8040743,0,0,0,258000,8430000,700499700,695452100,870000,1330000,88.2826086956522
14686,4,34,3,5,1,1,19759890,19759890,12909890,8607865,4302025,6850000,0,22555480,18789010,3766470,15993420,-2795590,19500000,10892135,4302025,12703520,8401495,0,0,0,0,0,297887800,283795600,523000,1350000,146
14687,4,34,2,3,2,5,107279805,107279805,73279805,78518630,-5238825,34000000,0,41104640,35906140,5198500,102081305,66175165,299028000,220509370,-5238825,6382575,11621400,0,0,0,0,13870000,2873798000,3071632100,1500000,1000000,24.625
14688,5,34,2,8,1,1,26844325,24844325,17994325,19267200,-1272875,6850000,2000000,31008640,24138640,6870000,19974325,-4164315,26142500,6875300,-1272875,0,1272875,0,0,0,0,20000,335737600,332148800,560000,1450000,30.1282051282051
14691,3,34,2,3,2,2,40590140,38513250,30284050,1839583,28444467,8229200,2076890,67026042,45580927,21445115,19145025,-26435902,16387550,14547967,-365203,437000,802203,28809670,28809670,0,18309676,46500000,374096976,348676900,350000,1300000,24.625
14692,5,34,3,3,1,1,45421040,45421040,29300120,7745000,21555120,16120920,0,12475388,11869388,606000,44815040,32945652,9975100,2230100,13055120,15995020,2939900,8500000,8500000,0,574000,0,438812300,425344600,1500000,1220000,63.4705882352941
14693,5,34,2,3,1,2,5768530,5768530,2172530,3779600,-1607070,3596000,0,27734146,25283476,2450670,3317860,-21965616,5000000,1220400,-1607070,0,1607070,0,0,0,0,30000,326546500,322450000,1215000,710000,24.625
14695,4,34,3,3,1,1,20499081,12127745,-5727775,-7815370,2087595,17855520,8371336,23130273,21316373,1813900,18685181,-2631192,0,7815370,77595,3040000,2962405,2010000,2010000,0,0,5700000,294157700,287068800,850000,500000,24.625
14697,5,34,3,8,1,2,22534812,18534812,9132614,2241650,6890964,9402198,4000000,18423290,14638480,3784810,18750002,4111522,6140400,3898750,4190964,6773874,2582910,2700000,2700000,0,0,300000,203787400,197305200,420000,150000,30.1282051282051
14699,4,34,3,8,1,1,13999907,12399907,4872027,2792332,2079695,7527880,1600000,27052211,26263211,789000,13210907,-13052304,8335492,5543160,-620305,239472,859777,2700000,2700000,0,5200000,700000,36780300,74967600,220000,1250000,30.1282051282051
14702,5,40,3,1,1,2,29367131,29367131,3720511,-389976,4110487,25646620,0,35070531,28551561,6518970,22848161,-5703400,0,389976,4110487,9014238,4903751,0,0,0,0,500000,4459252600,4452172700,2000000,2000000,336
14703,5,40,3,2,1,1,47253776,44153776,31912176,-1450160,33362336,12241600,3100000,20077900,19372970,704930,46548846,27175876,0,1450160,33244136,44440650,11196514,118200,118200,0,0,1300000,135093300,102188400,2000000,2000000,268
14706,4,34,3,3,1,2,46554210,46414210,30729030,18530360,12198670,15685180,140000,28702560,20982560,7720000,38834210,17851650,26120000,7589640,12198670,23595450,11396780,0,0,0,0,5400000,800865300,754769100,2000000,1000000,63.4705882352941
14707,4,34,3,8,1,1,-2776073,-7336173,-17656813,-12669680,-4987133,10320640,4560100,10717210,9877320,839890,-3615963,-13493283,2343000,15012680,-4987133,16002276,20989409,0,0,0,26410100,0,459531800,391108900,2000000,2000000,45.75
14708,4,40,2,3,2,3,162850170,162850170,155850170,55852410,99997760,7000000,0,78913350,60569150,18344200,144505970,83936820,162618300,106765890,99997760,105248210,5250450,0,0,0,0,3150000,2092558500,2026753400,3000000,3000000,33
14710,5,34,3,3,1,1,21953878,19996462,6322032,-12322340,18644372,13674430,1957416,17151875,16394585,757290,21196588,4802003,6745100,19067440,18011173,31156055,13144882,633199,633199,0,0,300000,361065000,322473500,2000000,204000,63.4705882352941
14713,4,34,3,3,1,1,77634602,77634602,64477582,39928210,24549372,13157020,0,16617697,15730307,887390,76747212,61016905,47793700,7865490,24039372,33519265,9479893,510000,510000,0,3640000,27071650,519701900,484640900,2000000,150000,63.4705882352941
14715,5,34,3,2,1,1,55594950,36037030,3433430,-951270,4384700,32603600,19557920,57187646,54923536,2264110,53330840,-1592696,2006000,2957270,-215300,1050000,1265300,4600000,4600000,0,2063063,440000,928917163,910649500,2100000,20000,91.4
14718,4,34,2,3,1,1,131457711,89604193,61297973,51505584,9792389,28306220,41853518,71290169,64024776,7265393,124192318,60167542,84884748,33379164,-3707210,5507400,9214610,13499599,13499599,0,6200000,23569260,342110100,323544300,550000,2300000,63.4705882352941
14720,5,34,1,4,1,1,62762020,54462020,36822020,2093010,34729010,17640000,8300000,30965850,29524950,1440900,61321120,31796170,15607050,13514040,33504010,41332630,7828620,1225000,1225000,0,0,0,341517300,316511600,400000,2000000,31.6
14721,5,34,2,3,1,3,3907404.16666667,2841316.66666667,-10693093.8333333,-11885911.2708333,1192817.4375,13534410.5,1066087.5,22434341.375,20866558.625,1567782.75,2339621.41666667,-18526937.2083333,9358815,21244726.2708333,14692.4375000005,3448469.16666667,3433776.72916667,1178125,1178125,0,357127.083333333,5093704.29166667,553018558.333333,550830700,2138000,2000000,24.625
14722,4,40,3,5,2,1,32126658,32126658,32126658,6748000,25378658,0,0,33767394,27541884,6225510,25901148,-1640736,9800000,3052000,25378658,38270000,12891342,0,0,0,0,7750000,936324800,916295700,2670000,200000,47.8333333333333
14723,3,40,3,5,3,4,46101355,46101355,46101355,3365840,42735515,0,0,30233241,22761711,7471530,38629825,15868114,3682000,316160,-249925,0,249925,42985440,42985440,0,0,0,1259051000,1245229100,1500000,1000000,47.8333333333333
14724,4,40,3,5,2,1,35240480,35240480,28753040,580040,28173000,6487440,0,52287420,46545820,5741600,29498880,-17046940,3220000,2639960,23973000,24920000,947000,4200000,4200000,0,0,1890000,600105200,563727400,2000000,170000,47.8333333333333
14726,3,34,2,1,3,5,57756681,50538381,39955911,49263392,-9307481,10582470,7218300,99981443,81707409,18274034,39482647,-42224762,96689905,47426513,-10348816,43610120,53958936,1041335,1041335,0,3642000,10343390,1236580400,1186278400,1000000,100000,35.4
14728,5,34,2,1,1,2,2099696,2099696,-1207804,2034330,-3242134,3307500,0,5572200,5462200,110000,1989696,-3472504,3500000,1465670,-3242134,0,3242134,0,0,0,0,0,297460600,274853500,5000000,1000000,85.6666666666667
14729,2,40,3,3,5,3,39781222,39781222,39781222,-21494350,61275572,0,0,123523092,75627476,47895616,-8114394,-83741870,5000000,26494350,-544428,0,544428,61820000,61820000,0,0,170000,3154285000,3108093900,2200000,130000,17.6666666666667
14730,4,40,3,3,1,1,79922696,78522696,62149656,5924951,56224705,16373040,1400000,36421091,33884481,2536610,77386086,43501605,9754891,3829940,43334605,55800610,12466005,12890100,12890100,0,0,23220000,870797600,872447800,2500000,2000000,17.6666666666667
14732,5,34,3,6,1,1,3325404,-6474596,-26334456,-45443047,19108591,19859860,9800000,28698956,24769725,3929231,-603827,-25373552,21421750,66864797,18758591,26728410,7969819,350000,350000,0,15000000,4000000,692336900,728460600,120000,500000,23.5714285714286
14736,4,34,3,3,2,1,63252967,63252967,57250847,47165162,10085685,6002120,0,46358408,43161408,3197000,60055967,16894559,60244442,13079280,10085685,17250000,7164315,0,0,0,2100000,37606717,484215600,456844400,5000000,1000000,24.625
14738,3,34,3,5,4,2,64593550,64593550,62693550,44117300,18576250,1900000,0,24818840,21887940,2930900,61662650,39774710,84200000,40082700,9556250,10677500,1121250,9020000,9020000,0,0,0,770970100,759831600,300000,1100000,29.8888888888889
14739,4,34,2,6,2,2,-106814133,-106814133,-106814133,-80925036,-25889097,0,0,38127312,31611964,6515348,-113329481,-144941445,36525500,117450536,-25889097,1127000,27016097,0,0,0,0,0,530810000,463856200,3000000,2000000,23.3
14740,4,34,3,3,1,1,58131175,50626095,32417150,15096438,17320712,18208945,7505080,40818546,31983836,8834710,49296465,17312629,101876188,86779750,-1969448,8133577,10103025,19290160,19290160,0,5073635,5649000,404202335,361068200,2300000,2000000,63.4705882352941
14742,2,40,3,7,3,1,-1962340,-2647340,-2647340,-12415600,9768260,0,685000,16684695,16154695,530000,-2492340,-18647035,3490000,15905600,-534790,0,534790,10303050,10303050,0,0,0,288812200,269691300,1700000,800000,103.142857142857
14744,3,34,2,3,3,2,30778061,30778061,29478061,25976176,3501885,1300000,0,39892557,33898455,5994102,24783959,-9114496,30627001,4650825,3501885,4176150,674265,0,0,0,0,6900000,562921200,547600800,1000000,4000000,24.625
14745,3,34,3,6,1,3,50570559,49928159,47203330,-18473903,65677233,2724829,642400,50310336,44186882,6123454,44447105,260223,43178005,61651908,65577233,83004194,17426961,100000,100000,0,100000,6960000,222098200,140665400,0,100000,22.4444444444444
14747,5,34,1,8,1,1,44337450,737450,-3762550,-2679800,-1082750,4500000,43600000,44396650,42396650,2000000,42337450,-59200,17250000,19929800,-1082750,0,1082750,0,0,0,35700000,0,183051700,175121800,5000000,5000000,93.9411764705882
14748,4,34,3,8,1,1,-16787205,-16787205,-17087205,-5789050,-11298155,300000,0,23584180,20995180,2589000,-19376205,-40371385,0,5789050,-11298155,1402500,12700655,0,0,0,0,1870000,340345200,327658500,3000000,3000000,24.5
14749,4,34,3,8,1,2,54507528,52467528,46095198,720000,45375198,6372330,2040000,26063925,21663925,4400000,50107528,28443603,3450000,2730000,25375198,46428750,21053552,20000000,20000000,0,10000000,0,302579000,290462400,5000000,5000000,24.5
14750,5,34,3,8,1,1,14515050,13415050,5135050,2158000,2977050,8280000,1100000,9220500,9170500,50000,14465050,5294550,2200000,42000,2977050,3795000,817950,0,0,0,0,0,92381800,90266800,5000000,5000000,88.2826086956522
14751,5,34,1,5,1,1,25160610,25160610,25160610,-790000,25950610,0,0,17568030,16628830,939200,24221410,7592580,24000,814000,3150610,3450000,299390,22800000,22800000,0,0,0,143844200,135845200,78000,78000,146
14752,4,34,1,4,2,1,137473901,133276757,116588937,70971661,45617276,16687820,4197144,27080553,24372823,2707730,134766171,110393348,87490743,16519082,39837276,54621550,14784274,5780000,5780000,0,485330,12000000,467274630,492031600,300000,300000,31.6
14753,5,34,2,4,1,1,21378846,21378846,12011766,10281150,1730616,9367080,0,18633094,17006094,1627000,19751846,2745752,13012750,2731600,1730616,3588000,1857384,0,0,0,0,0,93137000,101933700,4000000,4000000,31.6
14754,5,34,1,4,1,1,10741533,10741533,4398453,2611880,1786573,6343080,0,18048934,17217464,831470,9910063,-7307401,7308250,4696370,1786573,8264950,6478377,0,0,0,20000000,10400000,384441900,363089400,5000000,5000000,31.6
14755,5,34,2,1,1,3,176015496,171600614,124044904,102834769,21210135,47555710,4414882,51566915,49757812,1809103,174206393,124448581,384881942,282047173,20853330,80380938,59527608,356805,356805,0,1080000,3550000,598119800,574862500,500000,500000,33.75
14756,5,34,1,5,1,1,-29150518,-29416518,-34325568,-33281764,-1043804,4909050,266000,29115010,25922200,3192810,-32343328,-58265528,13940000,47221764,-1396225,609500,2005725,352421,352421,0,0,350000,838580000,783788300,300000,2500000,20.75
14757,5,34,2,5,1,1,54669344,51156848,9727838,2676276,7051562,41429010,3512496,45453192,32906351,12546841,42122503,9216152,6180708,3504432,-1834828,919186,2754014,8886390,8886390,0,21927466,280000,206432766,192934700,350000,3000000,146
14759,5,34,3,5,1,1,-4013520,-4013520,-10510100,-13149990,2639890,6496580,0,22096140,21416140,680000,-4693520,-26109660,1496500,14646490,2099890,28750000,26650110,540000,540000,0,0,1400000,153442100,126762800,230000,230000,20.75
14760,2,34,3,3,1,2,33593740,33593740,32393740,-1161000,33554740,1200000,0,33911550,27464490,6447060,27146680,-317810,0,1161000,0,0,0,33554740,33554740,0,0,280000,125555700,125835700,100000,100000,63.4705882352941
14761,4,34,1,6,1,1,44258128,44258128,9292058,8923538,368520,34966070,0,24206398,17238928,6967470,37290658,20051730,153137522,144213984,298520,448500,149980,70000,70000,0,0,15200000,1136339500,969622500,5000000,5000000,23.5714285714286
14763,4,34,2,5,1,1,387808240,387806020,387806020,380352395,7453625,0,2220,38497710,37567710,930000,386878240,349310530,433899300,53546905,7453625,14372000,6918375,0,0,0,0,382080000,807099300,976804400,750000,750000,20.75
14764,4,34,2,3,1,1,40702755,40702755,35802755,14890300,20912455,4900000,0,10125580,9605700,519880,40182875,30577175,16000000,1109700,20912455,23140000,2227545,0,0,0,0,2000000,356485800,333851100,5000000,5000000,24.625
14765,4,34,1,3,1,1,38328070,38328070,28276270,13699035,14577235,10051800,0,52097782,46259272,5838510,32489560,-13769712,29358000,15658965,-422765,0,422765,15000000,15000000,0,0,0,442902100,416061100,2000000,2000000,24.625
14766,4,34,2,3,1,1,64222370,61016528,30895419,17189002,13706417,30121109,3205842,24882906,21039956,3842950,60379420,39339464,32380000,15190998,6990198,13814180,6823982,6716219,6716219,0,4676758,14440000,328636558,332270100,1500000,1500000,24.625
14767,3,34,2,5,2,1,530647600,530647600,530647600,446675600,83972000,0,0,48398020,44274520,4123500,526524100,482249580,636000000,189324400,83972000,94300000,10328000,0,0,0,0,24000000,1033674100,1012687500,350000,350000,20.75
14768,4,34,3,3,1,1,32837959,32837959,26668959,-487926,27156885,6169000,0,21408240,19790840,1617400,31220559,11429719,5000000,5487926,-143115,1740000,1883115,27300000,27300000,0,0,12000000,316183700,315923800,3500000,3500000,24.625
14770,5,34,3,3,1,2,49879550,41679550,23839550,7558050,16281500,17840000,8200000,53158910,49040810,4118100,45761450,-3279360,17700000,10141950,16281500,35960000,19678500,0,0,0,46300000,1400000,789634800,753368700,500000,500000,24.625
14771,4,34,3,2,1,3,19725653,13584615,-6925905,-11332421,4406516,20510520,6141038,40821467,38850527,1970940,17754713,-21095814,56040578,67372999,-1644826,5525140,7169966,6051342,6051342,0,177445853,208570000,968646053,679354400,785000,1500000,91.4
14772,4,34,2,1,1,2,15740175.8181818,15740175.8181818,8479931.27272727,4404924.36363636,4075006.90909091,7260244.54545455,0,23141147.9090909,21316714.9090909,1824433,13915742.8181818,-7400972.0909091,19616742.7272727,15211818.3636364,-1068114.90909091,8270036.45454546,9338151.36363637,5143121.81818182,5143121.81818182,0,2438385.54545455,2135148.18181818,243658719.181818,233682600,1720700,1000000,33.75
14773,5,34,2,8,1,1,27238500,27238500,10345160,2379300,7965860,16893340,0,12302680,12292680,10000,27228500,14935820,7580000,5200700,965860,2400000,1434140,7000000,7000000,0,0,200000,204708700,194173800,1000000,1000000,88.25
14774,4,34,1,8,1,1,64934975,64894175,55126475,50643220,4483255,9767700,40800,11764640,11114660,649980,64284995,53170335,90888720,40245500,4483255,6300850,1817595,0,0,0,647000,0,203962800,215421700,3700000,2000000,88.25
14775,3,34,3,3,1,4,64724594.6875,59018167.2708333,54279033.8541667,5461501.3125,48817532.5416667,4739133.41666667,5706427.41666667,66182909.0833333,34750566.6458333,31432342.4375,33292252.25,-1458314.39583334,10193270.1666667,4731768.85416667,812603.104166667,1488222.5,675619.395833333,48004929.4375,48004929.4375,0,6350337.5,2254944.77083333,722162181.458333,710015600,43000,1020000,63.4705882352941
14776,4,34,1,6,1,1,-65685449,-65685449,-70785449,-70795449,10000,5100000,0,26277620,23692060,2585560,-68271009,-91963069,132961331,203756780,10000,10000,0,0,0,0,0,0,495030100,354105200,2000000,2000000,23.3
14777,4,34,3,2,2,1,17606151,17606151,5880990,-5984150,11865140,11725161,0,45660959,39549779,6111180,11494971,-28054808,-4052000,1932150,11865140,13054500,1189360,0,0,0,6554691,400000,568701091,532884100,200000,200000,91.4
14778,4,34,2,8,1,1,306945770,306345770,296727770,297178470,-450700,9618000,600000,21194060,18657700,2536360,304409410,285751710,341600000,44421530,-600700,0,600700,150000,150000,0,0,18090000,246337300,214303300,500000,500000,45.75
14779,5,34,2,3,1,3,-28818345,-28818345,-44529465,-44168300,-361165,15711120,0,17010096,16910096,100000,-28918345,-45828441,0,44168300,-361165,0,361165,0,0,0,0,0,1003069600,949653800,2500000,1000000,24.625
14780,4,34,3,3,1,4,14343640,14343640,6132540,-5751550,11884090,8211100,0,34610239,30737006,3873233,10470407,-20266599,6655250,12406800,-365910,2632750,2998660,12250000,12250000,0,0,1380000,823503900,803042200,1000000,1000000,24.625
14781,4,34,2,3,1,2,89861850,82981850,67703850,47858250,19845600,15278000,6880000,40302180,36453060,3849120,86012730,49559670,64182000,16323750,19645600,25181450,5535850,200000,200000,0,0,705000,868554400,843527600,350000,350000,24.625
14782,5,34,1,5,1,2,21116410,21116410,8911850,10679700,-1767850,12204560,0,27679090,19511250,8167840,12948570,-6562680,18000000,7320300,-2667850,0,2667850,900000,900000,0,0,1252000,363371000,350122800,80000,80000,29.8888888888889
14783,3,34,2,1,2,1,18221486,18221486,18221486,9540636,8680850,0,0,127149990,124128354,3021636,15199850,-108928504,115300000,105759364,-3319150,0,3319150,12000000,12000000,0,0,110000,369763900,336033200,3000000,2000000,33.75
14784,4,34,2,3,1,1,49959389,36432315,22196875,18782565,3414310,14235440,13527074,35480444,32836594,2643850,47315539,14478945,38529420,19746855,534310,2151250,1616940,2880000,2880000,0,0,4130000,707640400,694457300,110000,110000,24.625
14785,3,34,3,8,3,1,18135124,17335124,16865124,-10261000,27126124,470000,800000,31013210,26467260,4545950,13589174,-12878086,460000,10721000,3451175,6078575,2627400,23674949,23674949,0,0,1220000,202139000,184089000,150000,150000,45.75
14789,4,34,2,1,2,4,-23847750,-23887750,-42631520,-54713250,12081730,18743770,40000,32798604,25575664,7222940,-31070690,-56646354,30291200,85004450,10125980,85574160,75448180,1955750,1955750,0,0,150000,336365300,308761200,390000,390000,60
14790,4,34,2,1,1,1,50083755,49340755,49340755,62773460,-13432705,0,743000,43700032,38662409,5037623,45046132,6383723,248255530,185482070,-13482705,3992500,17475205,50000,50000,0,5577600,4277220,391532780,351299100,400000,400000,60
14793,5,34,1,6,1,1,44409774,44409774,39341774,39452274,-110500,5068000,0,13890008,12173928,1716080,42693694,30519766,41279974,1827700,-110500,0,110500,0,0,0,0,0,176771300,175975600,450000,2000000,22.4444444444444
14794,1,34,3,6,1,1,46720100,46720100,39706100,1567220,38138880,7014000,0,37937610,29469110,8468500,38251600,8782490,19320000,17752780,20788880,24822750,4033870,17350000,17350000,0,500000,300000,581819600,510183400,560000,1500000,43.1666666666667
14795,4,34,3,7,1,1,13036203.5294118,10018159.7647059,-18421592.7058823,10306125.1764706,-28727717.8823529,28439752.4705882,3018043.76470588,49200865.6470588,37836903.9411765,11363961.7058824,1672241.82352942,-36164662.117647,52864539,42558413.8235294,-29111145.5294118,28914158.2352941,58025303.7647059,383427.647058823,420145.294117647,36717.6470588235,4117.64705882353,1101352.94117647,560566705.882353,516314500,883000,1300000,46
14796,4,34,3,5,1,1,75445829,72951829,59085799,24599809,34485990,13866030,2494000,43211768,42179488,1032280,74413549,32234061,47071619,22471810,14297640,16249350,1951710,20188350,20188350,0,2707000,0,417966300,379047000,500000,500000,20.75
14797,5,34,2,8,1,2,24067885,24067885,12853665,26369300,-13515635,11214220,0,22135640,20315640,1820000,22247885,1932245,31943000,5573700,-13515635,2357500,15873135,0,0,0,0,18200000,759705200,767146700,1367000,1700000,30.1282051282051
14798,4,34,3,5,3,1,19356762,19356762,11860512,11096537,763975,7496250,0,42423004,41624579,798425,18558337,-23066242,40863440,29766903,763975,1487768,723793,0,0,0,0,770000,365038900,316794300,180000,180000,20.75
14799,5,34,2,3,1,1,19082700,18942700,7423700,5138300,2285400,11519000,140000,23080820,19430820,3650000,15432700,-3998120,5635100,496800,1685400,1948550,263150,600000,600000,0,0,650000,168175500,165360500,100000,100000,63.4705882352941
14800,4,34,3,5,1,2,34644360,33444360,24714160,1632040,23082120,8730200,1200000,34992150,33824380,1167770,33476590,-347790,3529500,1897460,-3462880,319250,3782130,26545000,26545000,0,14798130,2480153,1057334300,1029788900,5000000,5000000,262
14801,4,34,1,7,1,1,133712880.529412,130969935.705882,127009353.352941,126230466.117647,778887.235294118,3960582.35294118,2742944.82352941,13949153.4705882,13367457.0588235,581696.411764706,133131184.117647,119763727.058824,133391469.882353,7161003.76470588,309107.823529412,647685.176470588,338577.352941177,469779.411764706,469779.411764706,0,0,201176.470588235,165070931,270775100,1650431,80000,462
14802,5,34,1,7,1,1,-2498850,-2498850,-6071950,-5444700,-627250,3573100,0,34138590,32548590,1590000,-4088850,-36637440,11250000,16694700,-627250,0,627250,0,0,0,0,6090000,483688900,482730700,600000,3000000,46
14806,4,40,1,1,1,2,22775780,18975780,1675780,1696530,-20750,17300000,3800000,34618160,33138160,1480000,21295780,-11842380,6900000,5203470,-1920750,0,1920750,1900000,1900000,0,0,3000000,3739675000,3708416700,1000000,1000000,336
14807,5,40,1,1,1,2,5613762,5613762,5013762,13477925,-8464163,600000,0,64038261,54626439,9411822,-3798060,-58424499,120602900,107124975,-6063503,0,6063503,-2400660,0,2400660,0,3750000,769574900,733536400,800000,800000,149
14809,4,40,1,1,1,3,10260785,10260785,3360785,3856600,-495815,6900000,0,6677800,5777800,900000,9360785,3582985,14240000,10383400,-495815,0,495815,0,0,0,58800,58800,2246018100,2242428100,3000000,3000000,149
14810,4,40,2,1,1,4,101145780,93301300,80892640,46166750,34725890,12408660,7844480,50036936,48575464,1461472,99684308,51108844,91166150,44999400,9725890,15234816,5508926,25000000,25000000,0,0,2933000,3762562800,3707889500,550000,550000,149
14811,4,40,1,1,1,3,227119540,226119540,215249540,214041540,1208000,10870000,1000000,32965790,25656290,7309500,219810040,194153750,256290000,42248460,908000,1027000,119000,300000,300000,0,0,1440000,5147974500,5327016500,650000,650000,149
14812,3,40,1,8,2,1,-33235550,-33235550,-33835550,-35682250,1846700,600000,0,28890610,27278610,1612000,-34847550,-62126160,19800000,55482250,-303300,0,303300,2150000,2150000,0,55000,0,270518600,242523700,450000,450000,24.5
14814,3,40,2,8,1,1,50302070,46902070,46302070,45232670,1069400,600000,3400000,43092050,39720550,3371500,46930570,7210020,63900000,18667330,-4440600,4800000,9240600,5510000,5510000,0,0,2520000,447557600,403447700,520000,520000,24.5
14815,5,40,3,5,3,1,37767540,35397900,19587900,60000,19527900,15810000,2369640,18208670,17652670,556000,37211540,19558870,80000,20000,-1495100,702500,2197600,21023000,21023000,0,0,1600000,594133500,592089500,500000,500000,47.8333333333333
14816,5,40,2,5,1,1,49330083,35317619,34070289,-4140820,38211109,1247330,14012464,41739120,27154350,14584770,34745313,7590963,1158180,5299000,33761109,47924706,14163597,4450000,4450000,0,0,5750000,1236645000,1205075000,250000,250000,47.8333333333333
14817,4,40,1,8,1,1,36433140,36433140,33049770,33971100,-921330,3383370,0,51276301,42276480,8999821,27433319,-14843161,101668500,67697400,-921330,0,921330,0,0,0,0,150000,761293000,716081600,500000,500000,39.9230769230769
14818,3,40,3,8,2,1,106816370,106816370,106056370,-21055950,127112320,760000,0,83712400,69465400,14247000,92569370,23103970,13500000,34555950,-387680,0,387680,127500000,127500000,0,0,100000,1755520000,1709866800,200000,200000,24.5
14819,5,40,1,8,1,1,20385585.3333333,19432252,3056745.33333333,1380874.66666667,1675870.66666667,16375506.6666667,953333.333333333,20117508.5,15341815.1666667,4775693.33333333,15609892,268076.833333336,1388874.66666667,8000,620870.666666667,739103,118232.333333333,1055000,1055000,0,315900,1174933.33333333,60350000,57550000,150000,150000,17.9545454545455
14821,3,40,1,8,2,2,42985193,42715983,22283564,-3301910,25585474,20432419,269210,51172431,26417836,24754595,18230598,-8187238,211200,3513110,19268,628018,608750,25566206,25566206,0,10256459,3175839,146105159,135651400,200000,200000,30.1282051282051
14822,5,40,1,8,2,1,62212700,62212700,58212700,59007700,-795000,4000000,0,17069070,16841570,227500,61985200,45143630,66700000,7692300,-795000,69000,864000,0,0,0,0,0,727908000,782074700,1500000,1500000,17.9545454545455
14823,4,40,3,3,2,1,42159017,42159017,21143637,-3890755,25034392,21015380,0,32693662,28579192,4114470,38044547,9465355,3157495,7048250,25034392,26423709,1389317,0,0,0,975970,2164270,1042434600,1066944700,330000,330000,17.6666666666667
14824,4,40,1,8,1,1,6623390,4423390,2623390,2736040,-112650,1800000,2200000,8560800,2570800,5990000,633390,-1937410,2892900,156860,-112650,269100,381750,0,0,0,0,0,5410000,5290000,50000,50000,88.2826086956522
14826,5,40,3,8,1,2,8002305,8002305,7402305,3826390,3575915,600000,0,31048050,30248050,800000,7202305,-23045745,9205530,5379140,3575915,4123715,547800,0,0,0,0,0,1360090700,1307422500,180000,180000,24.5
14827,4,40,3,8,1,1,33759085,33759085,32009085,9671250,22337835,1750000,0,20349780,19277780,1072000,32687085,13409305,14970550,5299300,22337835,23450000,1112165,0,0,0,0,2230000,846850600,1035454000,220000,220000,24.5
14828,3,40,1,8,1,1,6923,6923,-1243077,-1828490,585413,1250000,0,12660040,10618290,2041750,-2034827,-12653117,291510,2120000,-85937,5054335,5140272,671350,671350,0,0,5500000,2116436000,2116896000,200000,200000,88.2826086956522
14829,4,40,3,8,2,1,13822100,5942100,5442100,-53000,5495100,500000,7880000,24478220,20625800,3852420,9969680,-10656120,0,53000,5495100,7000000,1504900,0,0,0,5300000,0,2445467000,2444261500,0,0,254
15153,5,35,2,6,1,1,-42072250,-42072250,-50732250,-58385650,7653400,8660000,0,20611620,20278620,333000,-42405250,-62683870,18562700,76948350,7653400,16507000,8853600,0,0,0,85900000,5000000,354785300,237314100,3000000,5000000,10.0769230769231
15199,4,35,3,2,4,1,65553373,40038501,28046221,13037361,15008860,11992280,25514872,47440561,44366732,3073829,62479544,18112812,15442500,2405139,5027360,18983616,13956256,9981500,10511500,530000,4729920,10550000,248528420,230728000,0,0,100.45
15322,4,35,3,4,1,1,62985032,59367078,55381928,11333690,44048238,3985150,3617954,44980061,36683249,8296812,54688220,18004971,18049320,6715630,17676676,48559020,30882344,26371562,26371562,0,0,13701800,702273700,689370200,0,0,71.875
15393,3,35,3,8,1,1,34193564,34093564,31793564,3806730,27986834,2300000,100000,33428132,28919532,4508600,29684964,765432,4166000,359270,2511694,5043500,2531806,25475140,25475140,0,1511000,8415000,127146400,127711300,400000,400000,84.9420289855072
15412,4,35,3,7,1,1,69490299,69490299,62430299,-752000,63182299,7060000,0,54309350,49313680,4995670,64494629,15180949,0,752000,63182299,71580000,8397701,0,0,0,200000000,208500000,244506600,352666000,1660700,1000000,102
15413,4,35,3,7,1,1,43943935,42017935,22905865,2486750,20419115,19112070,1926000,41367392,31713332,9654060,34289875,2576543,11987500,9500750,20419115,25829450,5410335,0,0,0,0,0,263894141,235814600,1070041,600000,102
15414,4,35,3,5,1,1,121013074,111358290,97472310,10295294,87177016,13885980,9654784,24584083,18636369,5947714,115065360,96428991,14641000,4345706,86661016,102829108,16168092,516000,516000,0,12282681,16420000,571489558,553202400,1791977,800000,17.7
15415,5,35,3,5,1,1,21606042,21232396,7650506,552730,7097776,13581890,373646,25018984,24289797,729187,20876855,-3412942,2346500,1793770,4115776,9419950,5304174,2982000,2982000,0,7152164,842000,178394231,164588200,2271967,1400000,17.7
15416,5,35,3,2,1,2,3835165,3835165,959165,4747680,-3788515,2876000,0,30256320,27859660,2396660,1438505,-26421155,7598000,2850320,-3788515,5484000,9272515,0,0,0,32700000,10378800,165952500,131823800,1000000,500000,28.8545454545455
15417,3,35,2,1,2,5,162544080,133531804,92272494,18967225,73305269,41259310,29012276,107436886,78274456,29162430,133381650,55107194,439409550,420442325,44605269,110452610,65847341,28700000,28700000,0,258000000,462456400,712375500,737046500,3000000,500000,45
15418,5,35,3,8,1,2,14957075,14795075,354075,-3483550,3837625,14441000,162000,18377500,16009500,2368000,12589075,-3420425,0,3483550,121625,3970950,3849325,3716000,3716000,0,6100000,224000,286310500,267903700,3000000,500000,46.1
15420,2,35,3,7,1,1,90361879,90361879,80796639,20968124,59828515,9565240,0,15050633,14135153,915480,89446399,75311246,22500000,1531876,59828515,93388781,33560266,0,0,0,0,331000,46586250,76443800,1621050,3000000,102
15421,4,35,3,8,1,4,44471265,33289265,8238725,1185370,7053355,25050540,11182000,48430650,44495640,3935010,40536255,-3959385,1810750,625380,3373355,11868800,8495445,3680000,3680000,0,29455800,5860000,385481800,338576400,2000000,500000,46.1
15422,3,35,3,8,1,1,48556660,48556660,48556660,7439020,41117640,0,0,23126620,20276620,2850000,45706660,25430040,8769450,1330430,41117640,44623180,3505540,0,0,0,1000000,20590000,30233900,33344400,5000000,1000000,46.1
15423,4,35,3,7,3,1,61483333,58267215,46162315,42892453,3269862,12104900,3216118,44662523,42250623,2411900,59071433,16820810,74310000,31417547,3129489,32863547,29734058,140373,140373,0,0,2162500,907877322,925678700,2058222,600000,116.083333333333
15430,5,35,1,7,1,1,5054000,4054000,-3074000,-3074000,0,7128000,1000000,7224350,6724350,500000,4554000,-2170350,0,3074000,0,0,0,0,0,0,0,0,78642460,75517500,1799960,200000,28.2686567164179
15431,5,35,2,6,1,2,7138705,4938705,-18427515,-21275928,2848413,23366220,2200000,37517140,32890250,4626890,2511815,-30378435,12193672,33469600,1754086,4017019,2262933,1094327,1094327,0,5800000,11790140,304517360,257341900,2000000,2000000,10.0769230769231
15432,4,35,2,6,1,2,5899232,5899232,-1112768,-1316068,203300,7012000,0,53293140,51569540,1723600,4175632,-47393908,16979612,18295680,203300,1729300,1526000,0,0,0,165400000,9170000,228244100,169349000,2000000,1000000,10.0769230769231
15433,4,35,3,6,1,1,9728015,9728015,9528015,-4637440,14165455,200000,0,15890030,14189090,1700940,8027075,-6162015,994000,5631440,6965455,8770600,1805145,7200000,7200000,0,2000000,4760000,316503400,297977400,3000000,1000000,35.8333333333333
15436,5,35,3,1,1,2,125561162,113551167,98715527,-7242350,105957877,14835640,12009995,84272747,64654317,19618430,105942732,41288415,0,7242350,105957877,184244034,78286157,0,0,0,113400000,38750000,591583100,482049900,1000000,1000000,36.4
15437,5,35,3,1,1,2,16490809,15050809,4685049,-109420,4794469,10365760,1440000,15693590,11274270,4419320,12071489,797219,0,109420,467080,1232350,765270,4327389,4327389,0,3220000,2600000,624446000,597391200,3000000,2000000,36.4
15439,4,35,3,8,1,1,24642684,19505984,6789574,-1240330,8029904,12716410,5136700,26809631,24477911,2331720,22310964,-2166947,588690,1829020,317905,16622538,16304633,7711999,7741999,30000,8902470,4452000,231631170,233344800,1200000,1000000,88.2826086956522
15442,3,35,3,1,3,1,36399495,36399495,35799495,24150,35775345,600000,0,30568373,25943373,4625000,31774495,5831122,1438800,1414650,15975345,18246975,2271630,19800000,19800000,0,0,4040000,79680200,69317800,2000000,1500000,58
15443,5,35,3,3,1,1,67358979,62227517,42852887,7870897,34981990,19374630,5131462,26594620,24637490,1957130,65401849,40764359,13658067,5787170,33766190,38259655,4493465,1215800,1215800,0,14365526,25300000,480953726,485033400,1000000,500000,9.5
15444,4,35,2,3,1,1,51569768,50615568,24268288,8197045,16071243,26347280,954200,25092586,23200031,1892555,49677213,26477182,17798549,9601504,11744333,19704597,7960264,4326910,4326910,0,18473400,5835000,208510000,182271200,1500000,2000000,9.5
15445,4,35,2,8,1,2,75960404,73572558,40702782,26458393,14244389,32869776,2387846,40396980,35423090,4973890,70986514,35563424,41240686,14782293,14244389,27109754,12865365,0,0,0,0,3534900,281424000,266842100,7500000,2000000,88.2826086956522
15448,4,35,3,8,1,1,50969237,48925169,29013729,-680714,29694443,19911440,2044068,13692164,12078254,1613910,49355327,37277073,3861636,4542350,13634443,59816802,46182359,16060000,16060000,0,0,2430000,63750800,40491000,2500000,4900000,88.2826086956522
15449,5,35,3,8,1,1,85279179,81951618,43124558,26891164,16233394,38827060,3327561,64798230,43873630,20924600,64354579,20480949,29687164,2796000,11393394,18118825,6725431,4840000,4840000,0,0,3000000,918230000,868633500,2000000,1000000,88.2826086956522
15450,5,35,3,5,1,1,89968680,75096080,54775080,25085105,29689975,20321000,14872600,42415096,38381006,4034090,85934590,47553584,34361000,9275895,18839975,29215900,10375925,10850000,10850000,0,9040000,1470000,826405400,774614800,3000000,1000000,17.7
15453,5,35,3,5,1,1,27499816,27299816,12240736,3849220,8391516,15059080,200000,24230261,23115171,1115090,26384726,3269555,8415000,4565780,8081516,12880956,4799440,310000,310000,0,110700000,65048000,538218200,467019800,2500000,2000000,17.7
15454,5,35,3,8,1,1,12529315,9529315,-7513555,-1020655,-6492900,17042870,3000000,13622396,13622396,0,12529315,-1093081,1117990,2138645,-8922900,43913700,52836600,2430000,2430000,0,0,2400000,233645000,230122000,2500000,3000000,88.2826086956522
15455,4,35,3,8,1,1,29682753,20427753,3809190,1565450,2243740,16618563,9255000,31448100,27179050,4269050,25413703,-1765347,4574600,3009150,2243740,4050950,1807210,0,0,0,80000000,33000000,614144600,574114400,1500000,1500000,88.2826086956522
15456,4,35,3,8,2,1,96947906,86965206,31617636,4415160,27202476,55347570,9982700,107542342,52016920,55525422,41422484,-10594436,36218650,31803490,27002476,31865255,4862779,200000,200000,0,2200000,3560000,1019071100,938267100,8000000,320000,46.1
15457,5,35,3,2,1,1,26598610,26598610,18928610,2045560,16883050,7670000,0,20483080,18640080,1843000,24755610,6115530,4300000,2254440,16883050,18011300,1128250,0,0,0,6100000,40150000,507942100,497755200,3000000,500000,185
15460,5,35,3,8,1,1,-13558241,-15114241,-26158151,175185,-26333336,11043910,1556000,33492453,31148453,2344000,-15902241,-47050694,2277000,2101815,-28535336,17780899,46316235,2202000,2202000,0,132300000,62800000,954883500,936645100,5000000,3000000,84.9420289855072
15461,5,35,3,1,1,1,121566710,120338710,106425260,18840340,87584920,13913450,1228000,23102180,22149180,953000,120613710,98464530,19930000,1089660,87197920,94481105,7283185,387000,387000,0,9400000,66940000,172057300,210490000,5000000,2000000,36.4
15462,4,35,3,7,1,2,62153539,62153539,55719339,-7326350,63045689,6434200,0,49726280,36806520,12919760,49233779,12427259,11850000,19176350,63045689,132105150,69059461,0,0,0,64702500,64990334,1939107700,1901872900,5000000,500000,116.083333333333
15463,4,35,2,7,1,2,-11464685,-15264685,-33013085,-46538040,13524955,17748400,3800000,38030870,35686870,2344000,-13808685,-49495555,-32500000,14038040,4090955,7644925,3553970,9434000,9434000,0,44000000,35200000,729107700,624067100,5000000,500000,116.083333333333
15464,4,35,3,2,1,1,48390719,47829405,33989705,18461560,15528145,13839700,561314,36818969,35602559,1216410,47174309,11571750,39275000,20813440,13311315,21409000,8097685,2216830,2216830,0,28300000,25100000,392391400,360831700,2000000,1000000,185
15465,4,35,3,8,1,2,22358697,22358697,11676197,-4080396,15756593,10682500,0,22098060,20553620,1544440,20814257,260637,5857354,9937750,15756593,17663243,1906650,0,0,0,3000000,3714400,251609300,249716500,2000000,500000,84.9420289855072
15466,5,35,3,2,1,1,30444620,28638620,18163980,-22830320,40994300,10474640,1806000,23253378,21743378,1510000,28934620,7191242,28375350,51205670,40994300,45027750,4033450,0,0,0,6700000,35900000,479868800,441934100,5000000,500000,185
15467,4,35,1,6,2,1,42995742,42995742,42995742,42916392,79350,0,0,22925085,21878445,1046640,41949102,20070657,122295692,79379300,79350,79350,0,0,0,0,14500000,55895875,218116300,206275500,3000000,4000000,23.3
15469,3,35,3,7,1,1,74952657,68172653,58889383,-10489116,69378499,9283270,6780004,43297700,34403240,8894460,66058197,31654957,-600000,9889116,67150609,97821530,30670921,2227890,2227890,0,115522263,47629852,192229085,432969800,5000000,2000000,116.083333333333
15471,5,35,2,8,1,2,15412632,15412632,1912302,1959662,-47360,13500330,0,10587940,10530450,57490,15355142,4824692,6536000,4576338,-47360,42550,89910,0,0,0,0,50000,222935400,221168300,3000000,2000000,88.2826086956522
15472,5,35,3,8,1,1,17811589,14611589,-997341,-2218880,1221539,15608930,3200000,19358431,18744741,613690,17197899,-1546842,0,2218880,-1640407,11801175,13441582,2861946,2861946,0,0,2840000,261163774,247359700,1932874,225000,88.2826086956522
15475,4,35,2,7,1,1,146990579,129097971,97376118,63838024,33538094,31721853,17892608,50791456,49505356,1286100,145704479,96199123,155797000,91958976,31138094,32940570,1802476,2400000,2400000,0,5739981,1350000,662788781,641286100,2500000,500000,116.083333333333
15476,5,35,2,7,1,2,63211294,62498048,54920918,56094110,-1173192,7577130,713246,28596467,25260627,3335840,59875454,34614827,77260000,21165890,-2343192,243930,2587122,1170000,1170000,0,0,2230000,1013434755,1025230200,1598355,400000,116.083333333333
15477,3,35,2,7,2,1,286443380,285643380,284403130,278222510,6180620,1240250,800000,69267940,52390140,16877800,269565580,217175440,380373750,102151240,-837380,0,837380,7018000,7018000,0,2624000,290806700,372979639,753606600,1188539,1000000,102
15478,5,35,3,1,1,2,29645526,19613526,3212186,-5160932,8373118,16401340,10032000,36854687,31427457,5427230,24218296,-7209161,549000,5709932,3893118,10130077,6236959,4480000,4480000,0,10000000,2400000,679611703,657631103,4000000,5000000,36.4
15479,4,35,2,4,1,1,51174655,41004539,27561453,22959410,4602043,13443086,10170116,50953946,47433396,3520550,47654105,220709,109938130,86978720,3269043,12029896,8760853,1333000,1333000,0,3132000,7800000,666258800,593269800,5000000,200000,71.875
15481,5,35,2,8,1,1,-10711817,-21774631,-33596691,-28154514,-5442177,11822060,11062814,42393446,38815256,3578190,-14290007,-53105263,73553828,101708342,-5442177,3213500,8655677,0,0,0,0,10795000,616436900,557184605,1000000,5000005,30.1282051282051
15482,5,35,3,4,1,1,142079912,142046755,128391985,-3922885,132314870,13654770,33157,34326542,32085682,2240860,139839052,107753370,20085949,24008834,132054870,155678300,23623430,260000,260000,0,14097000,17100000,633413300,643174900,3500000,1000000,121.428571428571
15483,5,35,2,4,1,1,44157665,42857665,34740265,26364685,8375580,8117400,1300000,22439220,16294520,6144700,38012965,21718445,28030625,1665940,3147580,5740750,2593170,5228000,5228000,0,1600000,0,596986800,515958100,1000000,4000000,121.428571428571
15484,5,35,3,4,1,1,-41386526.4545455,-42424962.8181818,-47981980.0909091,-23793319.4545455,-24188660.6363636,5557017.27272727,1038436.36363636,71547835.8181818,64642213.5454545,6905622.27272727,-48292148.7272727,-112934362.272727,15194446.7272727,38987766.1818182,-25216034.2727273,5672479.09090909,30888513.3636364,1027373.63636364,1027373.63636364,0,81682971.8181818,3681444.54545455,876035254.545455,747973800,5000000,100000,71.875
15485,5,35,3,8,2,1,41081513,31541513,-8693007,-7623922,-1069085,40234520,9540000,64938915,52449815,12489100,28592413,-23857402,2803088,10427010,-1071236,5455870,6527106,2151,2151,0,34431105,6836600,432466505,386936900,1000000,4700000,93.9411764705882
15486,5,35,2,5,1,1,38914245,28766245,17031545,17645840,-614295,11734700,10148000,13734640,13512310,222330,38691915,25179605,33320000,15674160,-614295,0,614295,0,0,0,349800,1713700,252808500,234103600,5000000,800000,35.2
15487,4,35,3,4,1,1,42608565,35465765,22618565,16105430,6513135,12847200,7142800,47840700,38066600,9774100,32834465,-5232135,18245900,2140470,4327635,6750000,2422365,2185500,2185500,0,10800000,1900000,320500900,302280200,2000000,5000000,121.428571428571
15488,4,35,3,4,1,1,18585089,18585089,9959269,8011081,1948188,8625820,0,40327800,38992950,1334850,17250239,-21742711,24183250,16172169,1948188,3971500,2023312,0,0,0,0,0,618593200,623801100,5000000,5000000,121.428571428571
15489,2,35,1,4,4,1,327776554,327776554,326275304,215061737,111213567,1501250,0,123271787,98725143,24546644,303229910,204504767,355623379,140561642,103113567,169992867,66879300,8100000,8100000,0,169000000,227722000,2161802736,2244785200,1605736,100000,71.875
15490,4,35,2,7,1,2,28239078,8603077,-1306474,55503945,-56810419,9909551,19636001,60049356,50358734,9690622,18548456,-31810278,65745280,10241335,-63795419,60654922,124450341,6985000,6985000,0,189510818,147001320,1175589518,1215689700,3000000,300000,116.083333333333
15491,3,35,2,4,4,1,9234770,9234770,1548770,2439730,-890960,7686000,0,14840590,14743100,97490,9137280,-5605820,7950000,5510270,-890960,0,890960,0,0,0,32000,31000,331908000,336246400,2000000,500000,121.428571428571
15492,5,35,3,6,1,1,122556506,92662506,59865256,6085933,53779323,32797250,29894000,66865147,58169109,8696038,113860468,55691359,18326233,12240300,45509323,68817650,23308327,8270000,8270000,0,41333040,117221370,854844832,827745800,1572232,4000000,10.0769230769231
15493,4,35,2,8,1,1,7869806,7869806,916506,-2996988,3913494,6953300,0,75130984,71213214,3917770,3952036,-67261178,112380601,115377589,3913494,10172500,6259006,0,0,0,0,9300000,813933100,729681700,1500000,1000000,30.1282051282051
15505,4,35,3,4,2,1,17012535,17012535,15937985,-3340790,19278775,1074550,0,47007971,43377621,3630350,13382185,-29995436,4929750,8270540,2215635,15555426,13339791,17063140,17063140,0,0,18038000,371078700,357299700,3000000,2500000,71.875
15507,5,35,3,2,1,1,20296734,18696734,7361974,5195000,2166974,11334760,1600000,5458170,5143940,314230,19982504,14838564,5260000,65000,1796650,2710350,913700,370324,370324,0,600000,1000000,-6780300,-9736900,3000000,1500000,28.8545454545455
15508,5,35,2,8,1,1,30075185,26875185,4569675,875000,3694675,22305510,3200000,28721412,27536892,1184520,28890665,1353773,3145000,2270000,274675,645725,371050,3420000,3420000,0,1300000,3246800,240233100,228830400,5000000,500000,84.9420289855072
15510,5,35,3,5,1,1,71276077,34330191,21471951,6927480,14544471,12858240,36945886,36187618,32140058,4047560,67228517,35088459,12600000,5672520,14296471,27344750,13048279,248000,248000,0,0,0,514825900,473670500,5000000,3000000,35.2
15511,4,35,3,4,1,1,44764370,44764370,34104370,11831370,22273000,10660000,0,24092040,20784540,3307500,41456870,20672330,15800000,3968630,-1507000,2300000,3807000,23780000,23780000,0,7700000,2200000,385719600,375948200,1000000,500000,121.428571428571
15514,5,35,3,7,1,1,2586745,1786745,-8403255,-8907280,504025,10190000,800000,24463880,23038880,1425000,1161745,-21877135,-313500,8593780,-15975,4469500,4485475,520000,520000,0,13400000,5600000,1585011500,1535100100,3000000,500000,116.083333333333
15516,4,35,3,4,1,1,7404637,6998437,-3580253,-9095540,5515287,10578690,406200,54976387,53232957,1743430,5661207,-47571750,5122000,14217540,4325287,12943958,8618671,1190000,1190000,0,0,6600000,511452400,457310900,1000000,200000,121.428571428571
15517,3,35,2,7,3,1,-33879172,-59879172,-61682772,-61069376,-613396,1803600,26000000,88998638,77601288,11397350,-45276522,-122877810,1350000,62419376,-613396,0,613396,0,0,0,25128200,2352660,760321200,670040600,1000000,600000,116.083333333333
15519,4,35,2,7,1,1,30929926,30719086,14605256,17779540,-3174284,16113830,210840,27083338,26428862,654476,30275450,3846588,34686500,16906960,-3174284,0,3174284,0,0,0,0,0,427175800,404407400,5000000,500000,102
15521,5,35,2,1,1,2,10461615,10461615,-2756043,-2956610,200567,13217658,0,17853640,17797000,56640,10404975,-7392025,0,2956610,200567,463000,262433,0,0,0,6500000,4000000,274988500,261941100,2000000,500000,62
15522,4,35,3,7,1,1,-6695647,-6695647,-16598415,-3369640,-13228775,9902768,0,14524710,12426990,2097720,-8793367,-21220357,1200000,4569640,-13228775,0,13228775,0,0,0,0,5710000,625752414,912962400,2534814,400000,28.2686567164179
15525,4,35,3,5,1,1,47152284,44382084,30171624,14273466,15898158,14210460,2770200,42269751,36360662,5909089,41243195,4882533,19232500,4959034,15898158,22362468,6464310,0,0,0,13265106,2970000,439935571,402868200,2283065,600000,17.7
15527,5,35,3,8,1,1,41088873,38754873,19972033,1648430,18323603,18782840,2334000,60672230,54301860,6370370,34718503,-19583357,4438950,2790520,9788603,16640715,6852112,8535000,8535000,0,0,8144000,781068300,768842400,2000000,1000000,88.2826086956522
15534,4,35,3,7,1,1,3361880,3361880,2761880,7186410,-4424530,600000,0,22335160,21173160,1162000,2199880,-18973280,20596000,13409590,-4424530,12837850,17262380,0,0,0,16150000,5000000,189536100,150296300,5000000,3000000,116.083333333333
15537,5,35,3,8,1,1,67342593,48075267,32098347,7778206,24320141,15976920,19267326,69449077,47798946,21650131,45692462,-2106484,37681750,29903544,17851658,55133162,37281504,6468483,6468483,0,40500000,20820000,220927400,170693400,5000000,500000,46.1
15538,5,35,1,7,1,1,25917818,25917818,22255818,22338834,-83016,3662000,0,12555338,11555338,1000000,24917818,13362480,38355000,16016166,-83016,0,83016,0,0,0,0,0,94460600,64531800,1629500,400000,116.083333333333
15539,5,35,3,7,1,1,18066321,18002261,7178261,-2936130,10114391,10824000,64060,21334996,19134996,2200000,15866321,-3268675,5650000,8586130,10114391,18000000,7885609,0,0,0,0,320000,178093500,160235000,500000,500000,28.2686567164179
15540,5,35,1,7,1,1,9889300,9889300,1727300,2337300,-610000,8162000,0,25917222,24308222,1609000,8280300,-16027922,7850000,5512700,-610000,0,610000,0,0,0,0,1230000,120791210,112789100,1604810,200000,28.2686567164179
15541,4,35,3,5,1,1,52745620,52745620,44712680,15285080,29427600,8032940,0,28106820,27386820,720000,52025620,24638800,19740000,4454920,28532600,54817950,26285350,895000,895000,0,0,4550000,66762350,64967500,1875750,800000,17.7
15542,5,35,1,5,1,1,41862535,41862535,24322535,25444535,-1122000,17540000,0,23072240,19842240,3230000,38632535,18790295,60000000,34555465,-1122000,0,1122000,0,0,0,0,1125000,459458750,442314200,1551250,1200000,245
15543,5,35,3,5,1,1,14606666,14606666,9282666,794190,8488476,5324000,0,9765190,9465190,300000,14306666,4841476,5960000,5165810,8488476,12069000,3580524,0,0,0,0,0,101887100,90091600,5000000,400000,17.7
15544,5,35,2,5,1,1,19592570,19592570,3154570,3311100,-156530,16438000,0,14793880,14393880,400000,19192570,4798690,5250000,1938900,-156530,120750,277280,0,0,0,0,1250000,176451100,173444200,1559500,500000,17.7
15545,5,35,2,7,1,1,12901950,12901950,3908950,4612300,-703350,8993000,0,16461670,15784970,676700,12225250,-3559720,5000000,387700,-703350,0,703350,0,0,0,0,4100000,324752800,318188700,1500000,500000,116.083333333333
15546,4,35,3,7,1,1,34428611,34428611,30008611,16743277,13265334,4420000,0,33444677,29573757,3870920,30557691,983934,21335000,4591723,13265334,16739700,3474366,0,0,0,0,6000000,332784600,313716500,2224900,700000,102
15547,5,35,2,7,1,1,10744935,10744935,4381935,2978920,1403015,6363000,0,22312330,21656330,656000,10088935,-11567395,4845750,1866830,-4096985,1116350,5213335,5500000,5500000,0,12800000,1900000,193482100,175515500,3000000,4000000,102
15548,5,35,3,1,1,2,19185000,17925000,5890000,3121400,2768600,12035000,1260000,15726187,15006187,720000,18465000,3458813,3202000,80600,462600,826200,363600,2306000,2306000,0,4400000,2000000,90781800,85972100,3000000,3000000,36.4
15549,5,35,3,1,1,2,11890802,11756802,-621958,1011500,-1633458,12378760,134000,24530640,24248380,282260,11608542,-12639838,1056000,44500,-2233458,5688700,7922158,600000,600000,0,13400000,1000000,328124700,304974900,5000000,5000000,62
15550,5,35,3,1,1,3,17596360,15596360,5456360,1356990,4099370,10140000,2000000,22077210,21877210,200000,17396360,-4480850,1968250,611260,1029370,2267750,1238380,3070000,3070000,0,8000000,0,224593100,210830200,3000000,3000000,62
15551,3,35,3,8,1,1,-17892400,-17892400,-17892400,408470,-18300870,0,0,30045850,25580150,4465700,-22358100,-47938250,1257800,849330,-18300870,4664300,22965170,0,0,0,36000000,2400000,279534100,219394900,2000000,500000,46.1
15552,3,35,3,8,1,1,28632647,18991587,17316867,-78205,17395072,1674720,9641060,21614366,19009596,2604770,26027877,7018281,151000,229205,12752990,15999230,3246240,4642082,4642082,0,5730000,8977600,155534800,148158300,500000,500000,46.1
15553,4,35,2,3,1,1,44953600,35531145,20362587,21586094,-1223507,15168558,9422455,49544779,26710369,22834410,22119190,-4591179,26909812,5323718,-1423507,8711846,10135353,200000,200000,0,0,1000000,198003400,276508150,1000000,500000,50
15554,5,35,3,7,1,1,63573344,60533344,26206810,19612230,6594580,34326534,3040000,31223522,23178262,8045260,55528084,32349822,27187500,7575270,6594580,23735625,17141045,0,0,0,0,1250000,138281200,124337600,0,0,102
15555,4,35,2,5,1,1,39151305,35471105,16247145,3736750,12510395,19223960,3680200,28886134,27238535,1647599,37503706,10265171,8945250,5208500,12510395,15906223,3395828,0,0,0,0,2000000,219408000,206114900,50000,50000,17.7
15556,4,35,3,8,2,2,49610067,46748940,25736870,25346440,390430,21012070,2861127,38313040,35425430,2887610,46722457,11297027,31394700,6048260,-49570,36979400,37028970,440000,440000,0,37620000,6600000,527421400,422939000,1000000,1000000,46.1
15557,5,35,3,8,1,1,50077138,43711420,27133680,-2013658,29147338,16577740,6365718,62143298,58647042,3496256,46580882,-12066160,6084302,8097960,20812689,35847535,15034846,8334649,8334649,0,304899,10493263,561742900,545057400,250000,250000,46.1
15558,3,35,3,4,2,1,24436216,18040240,14190240,2518200,11672040,3850000,6395976,33953620,28551740,5401880,19034336,-9517404,8212000,5693800,389900,3744000,3354100,11282140,11282140,0,63800,4959000,342378600,320443500,0,0,71.875
15559,3,35,3,5,1,1,19452958,15154318,14667378,1856993,12810385,486940,4298640,16333856,14426876,1906980,17545978,3119102,4491227,2634234,9028825,22246783,13217958,3781560,3781560,0,3319284,11794700,63529984,58069900,500000,500000,81.6666666666667
15560,4,35,3,5,2,1,59845606,49812412,38803282,18432474,20370808,11009130,10033194,37782680,31423590,6359090,53486516,22062926,30307964,11875490,16927052,20715089,3788037,3443756,3443756,0,3495760,800000,367458660,344934300,488000,488000,35.2
15561,5,35,3,5,1,1,31629781,25641081,9428171,2108959,7319212,16212910,5988700,30633039,28393129,2239910,29389871,996742,6304799,4195840,7319212,10312425,2993213,0,0,0,1700000,1500000,403490000,390653500,5000000,5000000,81.6666666666667
15562,4,35,3,4,1,1,71667589,69489943,66249943,-3995985,70245928,3240000,2177646,68485672,56248734,12236938,59430651,3181917,18821235,22817220,65145928,96380985,31235057,5100000,5100000,0,5173440,43140000,633729000,605973100,500000,500000,71.875
15563,5,35,2,4,1,1,14766515,13046515,8702895,5969266,2733629,4343620,1720000,13169636,13169636,0,14766515,1596879,10868682,4899416,2733629,3546400,812771,0,0,0,0,60000,415676500,412222900,5000000,5000000,71.875
15564,3,35,2,6,1,1,51144752,50644752,50644752,-2363872,53008624,0,500000,26485761,25429161,1056600,50088152,24658991,46231638,48595510,43818624,60792054,16973430,9190000,9190000,0,0,11805150,418142250,429315000,5000000,5000000,23.5714285714286
15565,4,35,3,5,4,2,763365,-1936635,-22018335,-47572115,25553780,20081700,2700000,47119166,40876166,6243000,-5479635,-46355801,53341750,100913865,23453780,35243250,11789470,2100000,2100000,0,0,43591000,1046002000,974347900,500000,500000,35.2
15566,3,35,3,5,1,1,11199824,8209624,3419384,-24393350,27812734,4790240,2990200,32462146,28739776,3722370,7477454,-21262322,2475280,26868630,-587266,46000,633266,28400000,28400000,0,0,2800000,242684400,210073700,2000000,2000000,35.2
15568,4,35,2,5,2,1,13240422,7240422,-4909578,-1820910,-3088668,12150000,6000000,24168916,23400446,768470,12471952,-10928494,6363000,8183910,-3088668,0,3088668,0,0,0,0,1230000,289043600,246930300,0,0,81.6666666666667
15569,5,35,1,8,1,1,31229798,26847980,16910880,15130443,1780437,9937100,4381818,29245475,28012775,1232700,29997098,1984323,21623473,6493030,1406507,3933000,2526493,373930,373930,0,0,8152000,222920500,215222900,0,0,93.9411764705882
15570,5,35,3,8,1,1,22786845,22786845,9489175,6326610,3162565,13297670,0,23710920,17272620,6438300,16348545,-924075,10192800,3866190,2502565,8326500,5823935,660000,660000,0,2750000,19377000,251198600,248349300,600000,600000,84.9420289855072
15571,3,35,3,8,3,2,20761265,8305341,5183601,-20278589,25462190,3121740,12455924,52205676,38137026,14068650,6692615,-31444411,2075000,22353589,822240,1426600,604360,24639950,24639950,0,11035342,12910000,342495342,308450000,100000,100000,45.75
15572,4,35,3,8,1,1,51088964,46942402,32139812,15083478,17056334,14802590,4146562,23554707,21610918,1943789,49145175,27534257,35394600,20311122,15881334,16542500,661166,1175000,1175000,0,18701443,11120000,241752643,234050400,200000,200000,39.9230769230769
15573,3,35,2,2,3,2,265851961,227531921,214684661,129993858,84690803,12847260,38320040,109264957,101017507,8247450,257604511,156587004,208630780,78636922,84690803,118855406,34164603,0,0,0,70000000,431251422,672759100,863645200,1000000,1000000,100.45
15575,5,35,3,5,2,1,13206984,9953624,-4482380,-579790,-3902590,14436004,3253360,19077786,13645746,5432040,7774944,-5870802,2550000,3129790,-3902590,0,3902590,0,0,0,0,1830000,349812300,339920100,200000,200000,17.7
15576,4,35,3,8,1,1,66528900,65180436,42287796,2820524,39467272,22892640,1348464,34873841,32468731,2405110,64123790,31655059,12864500,10043976,2159112,17130320,14971208,37308160,37308160,0,50152235,41000000,256500635,212002800,2000000,2000000,84.9420289855072
15577,5,35,2,8,1,1,23947540,13538580,1788600,-217750,2006350,11749980,10408960,19426338,17604258,1822080,22125460,4521202,3405000,3622750,-690650,0,690650,2697000,2697000,0,0,220000,55122500,53260900,980000,980000,84.9420289855072
16019,5,40,2,7,1,1,-22225700,-22225700,-38345460,-71237520,32892060,16119760,0,27578210,26446210,1132000,-23357700,-49803910,165395900,236633420,792060,983100,191040,32100000,32100000,0,0,2709100,341304900,299237400,1500000,100000,28.2686567164179
16326,4,36,2,4,2,2,21027395,21007395,12707005,7007200,5699805,8300390,20000,16823427,15531017,1292410,19734985,4203968,9095550,2088350,4799805,7051000,2251195,900000,900000,0,5800000,3580000,337785200,331432600,630000,630000,85.1578947368421
16473,5,36,3,8,1,1,31865242,28065242,9965542,1908910,8056632,18099700,3800000,41834230,27722750,14111480,17753762,-9968988,10615500,8706590,2164592,9579368,7414776,5892040,5892040,0,3700000,1206820,253568900,213904421,0,872621,63.7142857142857
16488,5,36,3,8,1,2,35610289,33877879,15006963,2052430,12954533,18870916,1732410,24553118,24426128,126990,35483299,11057171,3573000,1520570,6038732,9336220,3297488,6915801,6915801,0,2900000,3200000,479201800,464290910,0,211310,63.7142857142857
16521,5,36,3,7,1,1,51158435,39417246,21305596,3506102,17799494,18111650,11741189,33631106,32812186,818920,50339515,17527329,16200000,12693898,12494,1713050,1700556,17787000,18037740,250740,500192,9300000,412463622,413049600,2169230,1200000,28.2686567164179
16595,5,36,2,5,1,1,22410111,18766874,18066874,15838999,2227875,700000,3643237,19130078,19130078,0,22410111,3280033,18024309,2185310,1738216,2429376,691160,489659,489659,0,0,8506400,94270800,87801400,500000,500000,14.75
16602,5,36,2,5,1,1,51153970,39663970,21605490,1011620,20593870,18058480,11490000,34432730,33461980,970750,50183220,16721240,6274000,5262380,6712250,10469250,3757000,13881620,13881620,0,0,0,295125220,287998700,1141220,1700000,14.75
16663,5,36,2,8,2,2,35595452,35595452,22409512,22387736,21776,13185940,0,18694093,17043413,1650680,33944772,16901359,27478700,5090964,-221705,2134150,2355855,243481,243481,0,8100000,1500000,547774700,464084230,0,517430,84.9420289855072
16665,5,36,2,8,1,1,39886446,38664821,18104831,5835412,12269419,20559990,1221625,13392964,12694334,698630,39187816,26493482,10590800,4755388,11467842,14487875,3020033,801577,801577,0,500000,31200000,363758900,387010100,0,1674800,88.2826086956522
16667,5,36,2,8,1,2,76616192,74069837,48273487,43530314,4743173,25796350,2546355,40354002,37691182,2662820,73953372,36262190,49971800,6441486,1481073,5489890,4008817,3262100,3262100,0,3230000,5600000,379487000,361513590,0,355290,84.9420289855072
16668,4,36,3,8,1,3,101592793,95947495,61231185,12095780,49135405,34716310,5645298,37044890,34815560,2229330,99363463,64547903,24360000,12264220,48816905,60259650,11442745,318500,318500,0,13610000,2300000,703472100,629402160,0,1097360,84.9420289855072
16669,5,36,2,1,1,4,18628672,14738644,2111714,1654320,457394,12626930,3890028,21291310,19200560,2090750,16537922,-2662638,5176600,3522280,67395,462800,395405,389999,389999,0,5000000,0,656211400,637504750,0,763150,33
16670,5,36,3,3,1,2,35044517,34954517,8467427,10973330,-2505903,26487090,90000,30680430,30217850,462580,34581937,4364087,15849300,4875970,-2838143,7118500,9956643,332240,332240,0,12300000,3550000,437237100,422258100,0,249300,49
16672,5,36,3,8,1,1,74871810,74531938,50309783,12184636,38125147,24222155,339872,40114026,24283480,15830546,59041264,34757784,16110736,3926100,31510147,43286200,11776053,6615000,6615000,0,3500000,1984600,538866200,512816180,0,1356080,63.7142857142857
16673,4,36,3,8,1,1,48698275,48698275,34086025,17146410,16939615,14612250,0,29273360,27693360,1580000,47118275,19424915,20612900,3466490,-680385,1824500,2504885,17620000,17620000,0,8643980,10618780,489880400,477835300,0,86400,63.7142857142857
16675,5,36,3,8,1,1,39420152,37180152,19489792,9893520,9596272,17690360,2240000,15348527,13651387,1697140,37723012,24071625,11164800,1271280,9596272,14353630,4757358,0,0,0,1300000,0,368248200,366885390,0,494090,63.7142857142857
16676,4,36,3,4,1,1,67484328,62364328,50573258,19308467,31264791,11791070,5120000,58061748,51725636,6336112,61148216,9422580,28131250,8822783,23611791,32251007,8639216,7653000,7653000,0,3000000,25536000,415275500,401946355,0,176355,91.7272727272727
16677,5,36,2,4,1,2,39032380,39032380,29665340,23185790,6479550,9367040,0,12681400,12589070,92330,38940050,26350980,26069100,2883310,639550,1650250,1010700,5840000,5840000,0,400000,0,123576100,111600658,0,258358,91.7272727272727
16678,5,36,2,1,1,2,25928804,25568804,9922364,1490500,8431864,15646440,360000,14174970,13854470,320500,25608304,11753834,3781000,2290500,4355825,5274100,918275,4076039,4076039,0,30000000,42300000,628651100,346483600,0,1645800,41.5
16679,5,36,2,8,1,2,88189990,87389990,66236570,65099120,1137450,21153420,800000,26265960,21819110,4446850,83743140,61924030,74467600,9368480,587450,3763300,3175850,550000,550000,0,5800000,0,320513100,272147130,0,196530,88.2826086956522
16681,4,36,3,7,2,1,31778630,31778630,17063130,7291680,9771450,14715500,0,50613730,42403730,8210000,23568630,-18835100,10685000,3393320,5061450,5207700,146250,4710000,4710000,0,0,0,217643100,191936500,0,500000,36.7142857142857
16682,4,36,3,1,1,2,76842545,75842545,64597545,4705680,59891865,11245000,1000000,89409831,86375761,3034070,73808475,-12567286,6588000,1882320,55166865,55263450,96585,4725000,4725000,0,0,11900000,761223500,735746900,0,1200000,33
16683,5,36,2,4,1,2,13189845,13115485,4328485,-5775000,10103485,8787000,74360,25090880,23304080,1786800,11403045,-11901035,-3623000,2152000,10103485,15079025,4975540,0,0,0,7370000,1600000,445660500,420505000,0,600000,91.7272727272727
16684,5,36,3,7,1,4,17674295,17674295,6848955,2816360,4032595,10825340,0,14074550,13330070,744480,16929815,3599745,4973900,2157540,942595,1653900,711305,3090000,3090000,0,0,1300000,250969500,246268700,0,600000,36.7142857142857
16685,5,36,3,3,1,2,14949514,14949514,78794,-5998070,6076864,14870720,0,18460005,17840695,619310,14330204,-3510491,907500,6905570,3676864,7406250,3729386,2400000,2400000,0,0,1248000,428833900,399550400,0,800000,49
16686,4,36,3,7,1,2,56901920,50401920,45201920,-15463150,60665070,5200000,6500000,33311600,30030600,3281000,53620920,23590320,-9439000,6024150,17725070,36282520,18557450,42940000,42940000,0,16200000,4720000,545718900,496038600,500000,1500000,351
16687,5,36,2,4,1,1,30640573,28640573,14657100,-11271880,25928980,13983473,2000000,46014269,44057629,1956640,28683933,-15373696,1534750,12806630,14106216,22641496,8535280,11822764,11822764,0,0,5980000,444485200,411934900,0,800000,85.1578947368421
16688,5,36,2,8,3,1,23598625.9285714,23118159.5,10719858.0714286,-7047836.21428571,17767694.2857143,12398301.4285714,480466.428571429,29794972.9642857,29547806.5,247166.464285714,23351459.4642857,-6196347.03571428,6912598.57142857,13960434.7857143,17550983.5714286,21089149.4285714,3538165.85714286,216710.714285714,216710.714285714,0,268446.428571429,592754.642857143,296398178.571429,244668700,0,1000000,84.9420289855072
16689,5,36,2,7,1,1,120486805,120486805,106260285,74485950,31774335,14226520,0,37699809,35088119,2611690,117875115,82786996,108880000,34394050,27874335,45908900,18034565,3900000,3900000,0,0,3600000,759289500,703926500,0,1500000,152.666666666667
16690,5,36,2,8,2,2,30701130,28245130,4021750,523570,3498180,24223380,2456000,43109900,41740000,1369900,29331230,-12408770,6255230,5731660,1698180,3609650,1911470,1800000,1800000,0,0,4500000,493676600,436344500,500000,1000000,84.9420289855072
16692,3,36,2,1,3,2,4683901,4683901,-22572059,-28610555,6038496,27255960,0,74776826,58066236,16710590,-12026689,-70092925,44046155,72656710,6038496,15786850,9748354,0,0,0,20061100,20191632,1232027956,1439844300,1964456,1500000,2.4375
16694,4,36,2,1,1,1,65423980,65423980,65423980,32493615,32930365,0,0,36993866,30701096,6292770,59131210,28430114,52128605,19634990,-226175,0,226175,33156540,33156540,0,0,0,580531300,423664600,1500000,1000000,2.4375
16696,4,36,3,1,1,4,22980239,18474799,6191439,5647719,543720,12283360,4505440,44189152,37160822,7028330,15951909,-21208913,10373919,4726200,377140,1060860,683720,166580,166580,0,0,0,1058609700,796197100,1500000,1000000,33
16700,4,36,3,7,1,1,45762515,43072515,27849015,2484340,25364675,15223500,2690000,44767150,38609150,6158000,39604515,995365,10500000,8015660,21414675,41005150,19590475,3950000,3950000,0,0,30700000,439185760,425168200,1492260,2000000,28.2686567164179
16702,3,36,3,4,5,2,40648126,40648126,23076626,-3425930,26502556,17571500,0,38524125,36835725,1688400,38959726,2124001,0,3425930,2602556,2883050,280494,23900000,23900000,0,0,0,197505100,192709700,0,1000000,91.7272727272727
16703,4,36,2,7,1,1,7827176,7827176,-3589134,-10212040,6622906,11416310,0,42734339,40771729,1962610,5864566,-34907163,3430000,13642040,3086800,5001750,1914950,3536106,3536106,0,0,0,1082615400,817498900,1500000,600000,36.7142857142857
16705,5,36,2,7,1,1,48501070,46501070,36273790,35031140,1242650,10227280,2000000,6236980,6155490,81490,48419580,42264090,39218500,4187360,1242650,1392650,150000,0,0,0,0,1470000,924392200,937112300,0,700000,36.7142857142857
16706,5,36,2,1,1,2,44057266,41118682,24475662,9359148,15116514,16643020,2938584,29695797,28038817,1656980,42400286,14361469,22057978,12698830,14571326,43618856,29047530,545188,545188,0,29990000,2311000,634650600,591105200,0,1000000,41.5
16707,3,36,3,3,2,3,24592264,23892864,12069934,-10111550,22181484,11822930,699400,20210573,17719503,2491070,22101194,4381691,2140000,12251550,3025220,4743000,1717780,19156264,19156264,0,0,1250000,434170400,421488500,0,500000,15.5
16710,4,36,2,6,1,1,61077389,45077389,42192389,7869789,34322600,2885000,16000000,45976724,43552774,2423950,58653439,15100665,47305229,39435440,17182600,18042550,859950,17140000,17140000,0,0,850000,277324600,248255500,1300000,600000,22.4444444444444
16711,5,36,3,7,2,2,49219143,38028897,4668217,-2415895,7084112,33360680,11190246,32599482,31163392,1436090,47783053,16619661,160000,2575895,3176569,6059415,2882846,3907543,3907543,0,3692658,17400000,795765138,794157300,1788580,1000000,28.2686567164179
16714,4,36,2,7,1,2,30230338,30230338,18246818,16566340,1680478,11983520,0,24444258,23289568,1154690,29075648,5786080,22551000,5984660,1680478,2918500,1238022,0,0,0,0,3489000,293906700,308886400,600000,500000,36.7142857142857
16717,5,36,2,1,1,5,355542567,355342567,343144647,341889850,1254797,12197920,200000,71445620,65613090,5832530,349710037,284096947,451303000,109413150,1254797,1826900,572103,0,0,0,0,40996000,1239418800,1426157200,0,1000000,33
16718,5,36,3,4,1,2,26656750,26656750,10437350,-85500,10522850,16219400,0,20458300,20376900,81400,26575350,6198450,5506500,5592000,10522850,11108700,585850,0,0,0,0,1440000,237930700,232427400,0,500000,85.1578947368421
16719,4,36,3,4,1,1,45575560,27475560,26594570,-2104870,28699440,880990,18100000,61118183,48901883,12216300,33359260,-15542623,920000,3024870,11310140,21697850,10387710,17389300,17389300,0,27800000,50238700,234531400,216717500,0,800000,91.7272727272727
16720,5,36,2,4,1,2,20460670,16060670,6041030,364700,5676330,10019640,4400000,17850200,17017200,833000,19627670,2610470,6391000,6026300,5676330,7279800,1603470,0,0,0,0,2000000,313604200,305678900,0,500000,85.1578947368421
16721,3,36,3,1,1,1,685240990,685240990,685240990,-7366800,692607790,0,0,42071210,38472950,3598260,681642730,643169780,0,7366800,692607790,1412652790,720045000,0,0,0,0,0,455312400,437820200,0,1000000,2.4375
16723,5,36,2,8,1,1,25434160,22574160,12164990,4295500,7869490,10409170,2860000,25231090,23681090,1550000,23884160,203070,12248800,7953300,7869490,10198950,2329460,0,0,0,0,435000,362729700,347705600,0,800000,84.9420289855072
16727,5,36,3,7,1,2,24247780,20247780,1377260,-815551,2192811,18870520,4000000,12524347,12307617,216730,24031050,11723433,2190000,3005551,259170,340400,81230,1933641,1933641,0,0,0,363010520,351138100,2464220,200000,28.2686567164179
16728,5,36,3,7,1,1,22578155,22178155,11816095,5900850,5915245,10362060,400000,25212525,24272025,940500,21637655,-2634370,7880000,1979150,5915245,8446600,2531355,0,0,0,0,0,785598710,929139300,1993410,500000,28.2686567164179
16729,5,36,3,7,1,1,22227625,21827625,5223865,1294150,3929715,16603760,400000,22348654,22087654,261000,21966625,-121029,2500000,1205850,1769715,2960700,1190985,2160000,2160000,0,0,2750000,263117750,199694700,2507150,500000,28.2686567164179
16730,5,36,2,7,1,1,38491518,35625438,23292648,22159927,1132721,12332790,2866080,18836487,18525987,310500,38181018,19655031,28714000,6554073,1026437,1062600,36163,106284,106284,0,8786327,8786327,277428910,265134000,1493910,500000,28.2686567164179
16731,5,36,2,7,1,1,49185100,48813100,11603780,18599370,-6995590,37209320,372000,34661258,31002758,3658500,45526600,14523842,36257000,17657630,-6995590,4077260,11072850,0,0,0,3692000,15470000,130462496,137081100,1522796,1000000,28.2686567164179
16732,5,36,2,7,1,1,99244287,97284287,78320597,61081139,17239458,18963690,1960000,46891147,45253799,1637348,97606939,52353140,73551000,12469861,14064618,25524886,11460268,3174840,3174840,0,0,24000000,599463806,608734300,2569906,800000,28.2686567164179
16733,5,36,2,7,1,1,7011444,6611444,-3500516,905700,-4406216,10111960,400000,47005004,43288694,3716310,3295134,-39993560,13180000,12274300,-4406216,2796450,7202666,0,0,0,0,0,722698940,694226700,1709740,1000000,28.2686567164179
16735,5,36,3,7,1,1,5900025,5452385,270585,-2602500,2873085,5181800,447640,11125204,10924704,200500,5699525,-5225179,0,2602500,443085,861850,418765,2430000,2430000,0,0,0,203996530,199466200,1757230,2000000,28.2686567164179
16736,4,36,2,6,1,1,44424095,44424095,36189315,27633090,8556225,8234780,0,63582162,59654532,3927630,40496465,-19158067,73211400,45578310,8556225,11982512,3426287,0,0,0,0,0,513088700,457356400,1000000,1000000,22.4444444444444
16740,5,36,3,7,1,1,39671492,18671492,-417718,-3534265,3116547,19089210,21000000,50787050,50247250,539800,39131692,-11115558,7817205,11351470,2526148,7103368,4577220,590399,590399,0,0,4000000,417134800,384991600,2000000,200000,36.7142857142857
16742,4,36,3,6,1,1,5834058,2415658,-8297302,-31390331,23093029,10712960,3418400,45489071,40918792,4570279,1263779,-39655013,8876259,40266590,4619502,9339852,4720350,18473527,18473527,0,155000,741279,284418700,281552400,2500000,700000,10.0769230769231
16743,5,36,2,7,1,1,2539411,2339411,-7353029,-10208983,2855954,9692440,200000,33875181,33129631,745550,1793861,-31335770,10434967,20643950,2035954,3590425,1554471,820000,820000,0,0,0,950492300,890441500,1000000,1000000,36.7142857142857
16744,4,36,2,6,2,5,-33535038,-44594782,-64035272,-65063449,1028177,19440490,11059744,28647556,28161556,486000,-34021038,-62182594,49342092,114405541,673177,1851400,1178223,355000,355000,0,0,14220,884101580,722721000,2000000,200000,35.8333333333333
16745,5,36,2,1,1,2,181324961,180964961,173660001,173290811,369190,7304960,360000,65291177,60942117,4349060,176975901,116033784,261632410,88341599,119190,404500,285310,250000,250000,0,0,23573700,854087100,911214500,1300000,1500000,2.4375
16746,4,36,2,1,1,2,-1320457,-2700457,-22706377,-23092877,386500,20005920,1380000,45948322,43465172,2483150,-3803607,-47268779,67515740,90608617,386500,405500,19000,0,0,0,0,0,694096100,681097900,2000000,1000000,2.4375
16748,4,36,1,4,1,2,18314536,12414536,4577496,3900186,677310,7837040,5900000,19624870,18588540,1036330,17278206,-1310334,11900000,7999814,677310,1064000,386690,0,0,0,0,350000,305568480,296215200,1880880,5000000,85.1578947368421
16749,2,36,3,4,1,1,8767885,8367885,-2729115,-2805320,76205,11097000,400000,12417343,12340343,77000,8690885,-3649458,1610000,4415320,76205,679600,603395,0,0,0,0,2041200,153166030,141404100,2045630,100000,91.7272727272727
16750,5,36,2,4,1,1,6138337,5738337,916305,532400,383905,4822032,400000,60395104,59607374,787730,5350607,-54256767,6900000,6367600,-156095,325450,481545,540000,540000,0,300000000,303600000,607537690,515185200,1570090,150000,91.7272727272727
16756,4,36,1,4,1,1,29721520,29278460,2278460,-481700,2760160,27000000,443060,34784250,30003000,4781250,24940270,-5062730,1605000,2086700,360160,390250,30090,2400000,2400000,0,0,0,114599000,98203800,5000000,300000,91.7272727272727
16757,5,36,3,4,1,1,18660135,16312415,2594025,-2851700,5445725,13718390,2347720,48939860,47442740,1497120,17163015,-30279725,3105000,5956700,3201725,4176080,974355,2244000,2244000,0,0,980000,268864600,229579800,5000000,200000,85.1578947368421
16759,5,36,3,7,1,2,22583397,19956477,9672060,662960,9009100,10284417,2626920,23639270,21961820,1677450,20905947,-1055873,1880000,1217040,9009100,11127550,2118450,0,0,0,2981797,0,375662407,362703900,1583610,500000,36.7142857142857
16762,4,36,3,4,1,2,20743278,19743278,10453678,-2416552,12870230,9289600,1000000,32125950,28433980,3691970,17051308,-11382672,3639238,6055790,3270230,5620275,2350045,9600000,9600000,0,763400,1195000,590129640,567156600,1231940,600000,91.7272727272727
16764,4,36,3,8,1,1,42066720,42066720,23392690,-3110080,26502770,18674030,0,31566116,31300916,265200,41801520,10500604,279000,3389080,26502770,28407000,1904230,0,0,0,0,6495000,172687920,142276000,1314520,400000,17.9545454545455
16765,5,36,3,8,1,2,25777355,25777355,3811895,-31680,3843575,21965460,0,26473760,25406760,1067000,24710355,-696405,3390000,3421680,3843575,5724100,1880525,0,0,0,0,1606000,356864860,343408500,1641060,400000,84.9420289855072
16766,5,36,3,8,1,1,42074302,41706542,19231542,-2250220,21481762,22475000,367760,40347740,36606880,3740860,38333442,1726562,560000,2810220,18219812,28898800,10678988,3261950,3261950,0,83100,19567000,238129050,233468600,1989950,300000,84.9420289855072
16767,5,36,2,1,1,2,134494050,132494050,111365830,111528280,-162450,21128220,2000000,33336200,29325700,4010500,130483550,101157850,115046000,3517720,-762450,925500,1687950,600000,600000,0,55000000,55000000,299325634,236320600,1961934,300000,41.5
16768,5,36,3,3,1,1,33094090,33094090,20570830,16931480,3639350,12523260,0,19752200,19741700,10500,33083590,13341890,18783000,1851520,3639350,3863350,224000,0,0,0,0,1200000,220109486,208856000,1634686,100000,49
16769,3,36,3,4,1,1,166633694,140715346,104505376,1537035,102968341,36209970,25918348,82989524,70994297,11995227,154638467,83644170,5855500,4318465,101958341,187942660,85984319,1010000,1010000,0,92795000,83368320,991901550,1081983500,1888450,2000000,91.7272727272727
16770,5,36,1,1,1,5,-23507940,-23507940,-33039100,-33039100,0,9531160,0,29780750,29620250,160500,-23668440,-53288690,395950000,428989100,0,0,0,0,0,0,0,0,866384730,821230300,2254730,1000000,2.4375
16771,5,36,3,1,1,1,16385230,16385230,10647950,6465150,4182800,5737280,0,62620840,58352340,4268500,12116730,-46235610,38120000,31654850,-1217200,1011400,2228600,5400000,5400000,0,0,0,520449270,504292200,1272470,1000000,2.4375
16773,5,36,3,3,1,2,48007345,48007345,34548385,-1601900,36150285,13458960,0,25568130,25118130,450000,47557345,22439215,3635000,5236900,36150285,38531050,2380765,0,0,0,0,370000,637510030,763055400,1748330,2000000,15.5
16774,5,36,3,4,1,1,53447630,51447630,26244590,17236340,9008250,25203040,2000000,21088360,20237310,851050,52596580,32359270,19485000,2248660,6668250,13474250,6806000,2340000,2340000,0,0,50000,240571220,229945200,2161320,200000,91.7272727272727
16775,5,36,3,4,1,1,35023673,33023673,13703805,1508920,12194885,19319868,2000000,27663536,26011236,1652300,33371373,7360137,3283200,1774280,9764885,13783600,4018715,2430000,2430000,0,1877640,206500,156546650,145442200,1427710,400000,91.7272727272727
16776,2,36,3,2,5,1,71304445,71304445,67436285,-3770270,71206555,3868160,0,67619251,59902031,7717220,63587225,3685194,6180000,9950270,-393445,940950,1334395,71600000,71600000,0,0,9300000,211288080,184037800,1768780,150000,134.571428571429
16779,5,36,3,7,1,2,27447390,27447390,10379302,2124620,8254682,17068088,0,30885070,28833010,2052060,25395330,-3437680,6559500,4434880,8254682,15728456,7473774,0,0,0,0,1200000,398035100,378428000,1745800,700000,36.7142857142857
16780,5,36,2,4,1,2,23113480,23113480,3279690,-1413570,4693260,19833790,0,13851549,13740549,111000,23002480,9261931,3522900,4936470,4693260,5426000,732740,0,0,0,0,2640000,164860244,159267300,1253444,500000,91.7272727272727
16781,5,36,3,1,1,3,19602252,18942003,1918683,-2806990,4725673,17023320,660249,28965290,23799290,5166000,14436252,-9363038,1312380,4119370,1505288,3450252,1944964,3220385,3220385,0,500000,579000,268338667,257157000,1581467,600000,33
16782,3,36,3,2,4,1,134720783,119720783,60662363,1106685,59555678,59058420,15000000,99938350,85101900,14836450,119884333,34782433,5567000,4460315,59555678,111124870,51569192,0,0,0,0,13200000,1550895784,1615568900,1507184,2000000,134.571428571429
16783,4,36,2,6,1,2,29621990,29621990,12522990,-9046810,21569800,17099000,0,24266200,23213200,1053000,28568990,5355790,12220000,21266810,-30200,8050,38250,21600000,21600000,0,2401000,400000,221123810,188890700,1521410,300000,22.4444444444444
16784,4,36,1,1,1,1,49904113,43550177,28956227,22903274,6052953,14593950,6353936,63838423,46936562,16901861,33002252,-13934310,190447500,167544226,-63927,360950,424877,6116880,6116880,0,7200000,3290000,123442550,110099000,1550350,200000,2.4375
16786,5,36,2,5,1,1,36153469,33374199,15798129,1788355,14009774,17576070,2779270,35404338,26743208,8661130,27492339,749131,3092215,1303860,1165650,1681200,515550,12844124,12844124,0,2333784,3199800,272801444,261919700,1888360,100000,14.75
16787,4,36,3,7,1,1,22240055,21240055,5744155,839490,4904665,15495900,1000000,16276936,14906946,1369990,20870065,5963119,4800000,3960510,-1365335,10169175,11534510,6270000,6270000,0,12470000,9640000,305745170,301289200,1708770,1000000,28.2686567164179
16788,5,36,2,7,1,1,72470360,71470360,50827820,21163670,29664150,20642540,1000000,38932140,30115970,8816170,63654190,33538220,28083000,6919330,764520,1848275,1083755,28899630,28899630,0,0,2540000,469945240,461968200,1688540,1300000,28.2686567164179
16789,5,36,2,7,1,2,35537080,21557080,-393340,374460,-767800,21950420,13980000,30421520,27781350,2640170,32896910,5115560,3704000,3329540,-6717820,677625,7395445,5950020,5950020,0,13300000,3600000,435857200,418005700,1500000,1500000,28.2686567164179
16790,2,36,3,7,4,1,74837330,73037330,49202450,-3266050,52468500,23834880,1800000,36282856,36272106,10750,74826580,38554474,0,3266050,14668500,17770850,3102350,37800000,37800000,0,0,8749180,500844460,402889600,2307560,800000,28.2686567164179
16791,4,36,2,7,1,1,65562531,65562531,45641381,43771276,1870105,19921150,0,36350012,29694392,6655620,58906911,29212519,69547000,25775724,-3466135,2598075,6064210,5336240,5336240,0,15090000,4020000,597484359,585734400,1719759,700000,28.2686567164179
16795,5,36,2,4,2,1,116468044,109654102,92370092,785282,91584810,17284010,6813942,69103093,57065168,12037925,104430119,47364951,25812679,25027397,80935091,96896526,15961435,10649719,10649719,0,79877749,143161180,470048757,492225100,1655508,800000,91.7272727272727
16796,4,36,3,4,1,1,13380175,6085175,-8560575,-4403530,-4157045,14645750,7295000,27946560,25615260,2331300,11048875,-14566385,2081500,6485030,-4157045,2213350,6370395,0,0,0,0,2400000,119498830,103514400,1324630,400000,85.1578947368421
16797,5,36,2,7,1,1,90004910,76404910,38503430,32944880,5558550,37901480,13600000,35375310,31914560,3460750,86544160,54629600,46860500,13915620,-248350,101200,349550,5806900,6420000,613100,14000000,60300000,425381190,463708800,1811190,1500000,28.2686567164179
16798,5,36,2,7,1,1,103781520,90681520,80912362,11931110,68981252,9769158,13100000,42576567,39220807,3355760,100425760,61204953,38796000,26864890,38731990,49016256,10284266,30249262,30249262,0,15240500,12345000,1173185080,1154701000,2387380,800000,28.2686567164179
16799,5,36,2,7,1,1,38258258,33819936,18778666,13107420,5671246,15041270,4438322,24751488,24630738,120750,38137508,13506770,20117500,7010080,1522585,3148575,1625990,4148661,4148661,0,9896330,47330000,239521138,243502599,1935430,5798799,28.2686567164179
16800,4,36,3,7,1,1,25953842,23218748,10393398,12898090,-2504692,12825350,2735094,18562150,17801360,760790,25193052,7391692,16400000,3501910,-2504692,10648385,13153077,0,0,0,16362780,0,214335405,188029096,1771025,4958696,28.2686567164179
16802,5,36,3,8,1,1,39790112,37324534,18140664,5608694,12531970,19183870,2465578,20004576,18476076,1528500,38261612,19785536,7837074,2228380,12421870,13737870,1316000,110100,110100,0,0,4400840,211241880,203674380,7000000,500000,88.2826086956522
16803,5,36,3,3,1,3,22925443,20628947,7247247,7411893,-164646,13381700,2296496,13389545,9559805,3829740,19095703,9535898,9237032,1825139,-408351,765583,1173934,243705,243705,0,43281826,341522000,116603940,299507400,7100000,4500000,15.5
16804,5,36,2,3,1,1,31864483,30264483,16273803,14476883,1796920,13990680,1600000,22813566,21773366,1040200,30824283,9050917,18616483,4139600,-1014080,599970,1614050,2811000,2811000,0,5630000,11322000,245617000,241020200,6200000,700000,49
16805,4,36,3,2,2,2,269396417,265613839,208184239,-14433588,222617827,57429600,3782578,46056917,42696177,3360740,266035677,223339500,10161000,24594588,213036859,248866759,35829900,9580968,9580968,0,111360827,157253807,1122508220,1112968036,1953864,500000,134.571428571429
16806,5,36,3,2,1,1,32911908,30781266,16741716,12250915,4490801,14039550,2130642,32332138,32300278,31860,32880048,579770,15793075,3542160,1250801,6576245,5325444,3240000,3240000,0,0,5715000,287251692,268029492,8260000,1000000,134.571428571429
16807,5,36,2,8,1,3,30835524,30802724,15593904,6956650,8637254,15208820,32800,17061255,15689395,1371860,29463664,13774269,10628000,3671350,2797254,5793000,2995746,5840000,5840000,0,880000,2830000,525045500,502903700,7360600,200000,84.9420289855072
16808,5,36,3,1,1,1,26273414,26273414,4115190,4836890,-721700,22158224,0,21664309,20304309,1360000,24913414,4609105,13487100,8650210,-721700,1681200,2402900,0,0,0,0,1105000,277442372,256010272,1000000,500000,41.5
16809,4,36,3,2,1,3,52156446,44070170,36926311,1591768,35334543,7143859,8086276,62856120,42012086,20844034,31312412,-10699674,5899000,4307232,15180032,18572500,3392468,20154511,20154511,0,600000,74037000,434260100,492250700,0,500000,134.571428571429
16811,4,36,3,1,1,5,28535574,28235574,4321324,3936178,385146,23914250,300000,42401154,39611154,2790000,25745574,-13865580,36288000,32351822,119500,1267500,1148000,265646,265646,0,0,700000,561149608,510499508,1249400,700000,33
16812,5,36,2,8,1,1,17924702,17524702,3724702,2232110,1492592,13800000,400000,6960324,6810324,150000,17774702,10964378,3334750,1102640,1492592,2399800,907208,0,0,0,0,2400000,125535100,122475400,7300000,5000000,30.1282051282051
16813,4,36,3,2,1,1,24514884,24514884,18914884,-499258,19414142,5600000,0,33281244,25639074,7642170,16872714,-8766360,4850000,5349258,13454142,40783500,27329358,5960000,5960000,0,0,1708200,145616600,126544200,6932000,500000,134.571428571429
16815,3,36,3,2,1,1,30223220,30223220,27956220,400000,27556220,2267000,0,46030710,44380710,1650000,28573220,-15807490,1400000,1000000,27556220,43103500,15547280,0,0,0,24000000,8500000,162763600,148701600,5791500,590000,134.571428571429
16817,4,36,3,3,2,2,43575560,42879560,27957560,-1714640,29672200,14922000,696000,41734624,33305397,8429227,35146333,1840936,1865000,3579640,12199200,24222400,12023200,17473000,17473000,0,0,3072000,192711420,181840820,1796400,3500000,15.5
16818,5,36,2,3,1,3,20181485,20181485,4993495,81695,4911800,15187990,0,17144770,14979000,2165770,18015715,3036715,5996600,5914905,4911800,5337100,425300,0,0,0,0,0,340938230,336396700,5076730,5000000,15.5
16819,5,36,3,3,1,4,36477771,35301444,25124764,19162504,5962260,10176680,1176327,54805737,50583787,4221950,32255821,-18327966,28435592,9273088,5903224,11500000,5596776,59036,59036,0,0,2580000,702362068,678174700,2814968,500000,49
16820,4,36,3,8,1,4,49416081,48479255,38887187,2072615,36814572,9592068,936826,27943244,23821280,4121964,45294117,21472837,4225000,2152385,36814572,52530796,15716224,0,0,0,3270000,3500000,181587981,156704160,1828021,50000,93.9411764705882
16821,5,36,3,5,1,2,20111871,20111871,13403731,2046000,11357731,6708140,0,12054920,11841420,213500,19898371,8056951,2405000,359000,5865731,9441756,3576025,5492000,5492000,0,46740,450000,398976848,388511708,4560000,4000000,27.4
16824,5,36,3,1,1,2,-7649981,-7649981,-15792221,-14973338,-818883,8142240,0,41433826,36434656,4999170,-12649151,-49083807,40191782,55165120,-818883,2980300,3799183,0,0,0,0,0,616352700,579964300,2000000,800000,33
16827,4,36,2,7,1,1,-1502205,-2062205,-16102485,-28595260,12492775,14040280,560000,25150600,21123940,4026660,-5528865,-26652805,14320500,42915760,12492775,33071455,20578680,0,0,0,0,4800000,586098300,508073600,1300000,150000,23.625
16828,4,36,2,4,2,1,19318199,19318199,19318199,-2082346,21400545,0,0,17299350,16929230,370120,18948079,2018849,7658368,9740714,21400545,22862335,1461790,0,0,0,0,0,366266600,341774300,5500000,400000,85.1578947368421
16830,4,36,3,4,1,1,42705051,42305051,36590361,4588780,32001581,5714690,400000,22112940,19987260,2125680,40579371,20592111,11155000,6566220,27221581,27596111,374530,4780000,4780000,0,0,15280000,366721300,361000300,3000000,500000,85.1578947368421
16831,5,36,2,4,2,1,13392885,12992885,2994925,3205730,-210805,9997960,400000,25940180,25195050,745130,12647755,-12547295,6900000,3694270,-210805,1400100,1610905,0,0,0,0,3160000,298075637,279719100,1842037,300000,91.7272727272727
16832,4,36,3,4,1,1,39499642,27155642,20739972,-2153248,22893220,6415670,12344000,24092288,20475188,3617100,35882542,15407354,6000850,8154098,17431220,21940050,4508830,5462000,5462000,0,0,9310000,368634200,361511300,2500000,400000,85.1578947368421
16833,5,36,3,4,2,1,42004343,37404343,32863900,3523500,29340400,4540443,4600000,36575160,29935160,6640000,35364343,5429183,6900000,3376500,-296600,583750,880350,29637000,31300000,1663000,500000,82000000,715365380,698322500,1361880,900000,85.1578947368421
16834,5,40,2,7,1,1,57107444,44907444,23695294,15674500,8020794,21212150,12200000,19973583,18095083,1878500,55228944,37133861,18500000,2825500,5050594,6155147,1104553,2970200,2970200,0,300000,13000000,404332000,419899600,2000000,1000000,28.2686567164179
16836,5,40,2,7,1,1,19278370,19278370,7634870,6680940,953930,11643500,0,15228150,14835850,392300,18886070,4050220,10000000,3319060,953930,1110300,156370,0,0,0,0,2400000,339356600,323478900,1742300,1000000,28.2686567164179
16837,5,40,3,7,1,1,39497090,39497090,24957080,8674820,16282260,14540010,0,20401970,20087970,314000,39183090,19095120,12000000,3325180,4182260,5385850,1203590,12100000,12100000,0,0,1040000,908479190,888139200,1898490,400000,28.2686567164179
16838,5,40,2,7,1,1,31896165,31896165,19927835,8488660,11439175,11968330,0,24862550,23823100,1039450,30856715,7033615,14000000,5511340,-1310825,535950,1846775,12750000,12750000,0,0,16480000,676476850,606106600,1965150,100000,28.2686567164179
16839,5,40,3,7,3,1,46392270,44392270,37000770,7027360,29973410,7391500,2000000,24712040,22622040,2090000,44302270,21680230,8847000,1819640,-326590,0,326590,30300000,30300000,0,0,900000,546356260,528971560,5300000,200000,28.2686567164179
16840,5,40,2,7,1,1,10711650,10711650,4993250,3083650,1909600,5718400,0,9143280,8704070,439210,10272440,1568370,7000000,3916350,-1330400,0,1330400,3240000,3240000,0,0,20000,145937500,137277200,3000000,2500000,28.2686567164179
16841,5,40,2,7,1,1,42036434,41989474,27210674,20863680,6346994,14778800,46960,14637132,14557132,80000,41956434,27399302,27628000,6764320,946994,2564000,1617006,5400000,5400000,0,0,20000,426462440,410738940,6400000,500000,28.2686567164179
16842,5,40,2,7,2,1,37613955,36413955,27254975,21694300,5560675,9158980,1200000,31086980,30156980,930000,36683955,6526975,25000000,3305700,5360675,5435675,75000,200000,200000,0,0,0,688023200,673889900,2000000,1000000,28.2686567164179
16845,5,36,3,5,1,1,25003500,25003500,5982620,7915930,-1933310,19020880,0,21325219,19946729,1378490,23625010,3678281,8600000,684070,-1933310,2300000,4233310,0,0,0,1000000,350000,356512731,338402200,1764631,1000000,27.4
16846,3,36,2,4,1,1,66304537,50612238,50312238,36016194,14296044,300000,15692299,57840180,54552980,3287200,63017337,8464357,48763274,12747080,-99590,1724250,1823840,14395634,14395634,0,0,33510000,346120980,330404900,1772480,500000,85.1578947368421
16847,5,36,3,8,2,2,14665459,12165459,1272289,1311719,-39430,10893170,2500000,10482522,9959222,523300,14142159,4182937,4598215,3286496,-909430,552000,1461430,870000,870000,0,600000,650000,235520900,229099400,5970000,3500000,88.2826086956522
16848,3,36,2,4,2,1,8308045,7008045,-226955,-865000,638045,7235000,1300000,26674020,26624020,50000,8258045,-18365975,6900000,7765000,-141955,0,141955,780000,780000,0,0,120000,151696000,138183500,600000,200000,91.7272727272727
16850,5,36,1,4,1,1,12020450,10840450,-1522990,-2369700,846710,12363440,1180000,18947940,18060710,887230,11133220,-6927490,5272750,7642450,846710,1810750,964040,0,0,0,0,2840000,246721400,232350600,2596700,500000,91.7272727272727
16853,5,36,2,8,1,1,19056417,15456417,4026297,2787950,1238347,11430120,3600000,13100240,13049490,50750,19005667,5956177,3687750,899800,112347,2891485,2779138,1126000,1126000,0,0,2400000,283639659,281257000,2460659,1000000,88.2826086956522
16857,3,36,1,6,1,1,22609878,22609878,22609878,22670608,-60730,0,0,39559581,32132988,7426593,15183285,-16949703,480903627,458233019,-60730,0,60730,0,0,0,0,3455060,972317000,873395700,2000000,1000000,23.3
16859,4,36,2,7,4,2,53490270,53490270,42397640,10643900,31753740,11092630,0,31242440,27864890,3377550,50112720,22247830,31798000,21154100,5808740,6991850,1183110,25945000,25945000,0,2000000,21500000,679376300,664828100,0,800000,152.666666666667
16860,4,36,2,8,2,5,82376190,82376190,37741530,18816180,18925350,44634660,0,37973693,34433693,3540000,78836190,44402497,45895000,27078820,1125350,1300000,174650,17800000,17800000,0,0,0,302291490,257879400,1423190,500000,17.9545454545455
16861,4,36,2,7,1,1,91631350,91631350,86151350,71781750,14369600,5480000,0,34344204,29440420,4903784,86727566,57287146,90673500,18891750,-30400,269100,299500,14400000,14400000,0,0,1708000,645204230,623385900,1488830,800000,233.5
16862,5,36,2,7,1,1,26722446,25405046,8032676,6807320,1225356,17372370,1317400,38162628,32077248,6085380,20637066,-11440182,16455000,9647680,208125,1767600,1559475,1017231,1017231,0,775990,732990,352761760,335620600,1715660,1300000,28.2686567164179
16863,3,36,2,8,1,2,125328010,106429068,92854768,72691724,20163044,13574300,18898942,68756965,51195035,17561930,107766080,56571045,82833188,10141464,11127564,21441599,10314035,9035480,9035480,0,76749500,21160000,522056642,498209452,1455190,5000000,88.2826086956522
16864,5,36,2,4,1,2,26646054,24150054,13861604,13014630,846974,10288450,2496000,6467649,6256359,211290,26434764,20178405,17847500,4832870,-318751,2915200,3233951,1165725,1165725,0,29350029,43751000,407045029,412337860,0,981960,91.7272727272727
16865,5,36,2,4,1,2,44407979,40051827,23466017,14263267,9202750,16585810,4356152,25894906,25535296,359610,44048369,18513073,18970825,4707558,8606638,12572570,3965932,596112,596112,0,18300000,23410000,525418900,519983134,0,638034,91.7272727272727
16866,5,40,1,7,1,1,13056500,13056500,6146500,6155000,-8500,6910000,0,5160300,5160300,0,13056500,7896200,7590000,1435000,-8500,0,8500,0,0,0,0,0,210378000,208184200,4150000,4000000,28.2686567164179
16867,5,36,3,4,1,2,9167725,8767725,-204405,-387180,182775,8972130,400000,19011449,17881399,1130050,8037675,-9843724,1403000,1790180,182775,3099850,2917075,0,0,0,200000,0,301741319,287532300,1972219,100000,91.7272727272727
16868,5,36,2,8,1,2,122929990,122929990,106340870,99477700,6863170,16589120,0,39664500,37371780,2292720,120637270,83265490,100786000,1308300,263170,1909450,1646280,6600000,6600000,0,2520000,1900000,535150240,515775500,1557540,500000,84.9420289855072
16869,4,36,3,1,1,1,145038490.28125,32718192.78125,27810302.25,-6939681.625,34749983.875,4907890.53125,112320297.5,40139432.28125,36152489.5625,3986942.71875,141051547.5625,104899058,21252798.15625,28192479.78125,25549062,33794458.5,8245396.5,9200921.875,9201250,328.125,81424140.59375,76938521.875,218398258.09375,233404200,0,100000,2.4375
16870,4,36,3,1,1,1,15557290,15557290,2674040,-3522760,6196800,12883250,0,39148906,36865056,2283850,13273440,-23591616,0,3522760,-3703200,0,3703200,9900000,9900000,0,0,0,283247648,245067848,7800000,500000,11.8
16871,4,36,3,1,1,2,2328920,2328920,-1080,-14759600,14758520,2330000,0,13905820,12475220,1430600,898320,-11576900,29440000,44199600,10558520,49610000,39051480,4200000,4200000,0,0,3500000,72258500,70201900,4150000,1200000,11.8
16872,5,36,3,1,1,2,43240050,37820050,22330750,1777700,20553050,15489300,5420000,35198760,33188490,2010270,41229780,8041290,2376000,598300,20553050,25966500,5413450,0,0,0,2469900,3100000,657684660,639265460,2024000,500000,11.8
16876,4,36,2,7,1,1,137890603,133599547,119213437,72171650,47041787,14386110,4291056,33464815,30348565,3116250,134774353,104425788,82227500,10055850,11236015,12679550,1443535,35805772,35805772,0,84938386,142436440,103082022,250633286,1845250,200000,28.2686567164179
16877,3,36,3,6,1,1,53967517,47820797,43581997,814670,42767327,4238800,6146720,42300264,27783764,14516500,39451017,11667253,12721750,11907080,23562327,46019612,22457285,19205000,19205000,0,638700,9374500,518448700,494306500,0,1000000,10.0769230769231
16878,3,36,3,7,1,1,-181066,-981066,-11817160,-6612360,-5204800,10836094,800000,21565510,18727910,2837600,-3018666,-21746576,5847000,12459360,-5204800,5483150,10687950,0,0,0,20800000,22921000,289707300,290203300,0,1000000,36.7142857142857
16879,4,36,2,6,1,3,99528372,38170372,31035372,16088992,14946380,7135000,61358000,64023899,58506339,5517560,94010812,35504473,35595000,19506008,13346380,14841650,1495270,1600000,1600000,0,5000000,120000,436500200,313505400,1500000,300000,22.4444444444444
16880,5,36,3,8,1,1,13102204,13102204,2511394,-209400,2720794,10590810,0,7706550,7548920,157630,12944574,5395654,242000,451400,290794,1280750,989956,2430000,2430000,0,0,1200000,138165000,134944000,1650400,300000,17.9545454545455
16884,5,36,2,7,2,1,13322350,13322350,1047600,-1805300,2852900,12274750,0,35292196,27868136,7424060,5898290,-21969846,0,1805300,2852900,3097400,244500,0,0,0,0,0,435232330,424478200,1820030,500000,28.2686567164179
16885,5,40,2,7,1,1,12123885,12118545,-3651245,-3260480,-390765,15769790,5340,22479723,15912243,6567480,5556405,-10355838,0,3260480,-390765,1054100,1444865,0,0,0,0,0,289427000,284638000,300000,300000,28.2686567164179
16886,5,40,3,7,1,2,5670177,5670177,-9049193,-8221530,-827663,14719370,0,18640073,17863323,776750,4893427,-12969896,2000,8223530,-1637663,1757200,3394863,810000,810000,0,0,50000,744414200,730119200,500000,500000,28.2686567164179
16887,4,40,2,7,1,1,28048945,25448945,10204175,2292200,7911975,15244770,2600000,22962840,19712280,3250560,24798385,5086105,8454000,6161800,851975,4161345,3309370,7060000,7060000,0,0,6550000,337587000,366847600,400000,400000,28.2686567164179
16888,5,40,2,7,1,1,11902710,11302710,1512710,-315280,1827990,9790000,600000,12230660,11960660,270000,11632710,-327950,3000000,3315280,-1142010,0,1142010,2970000,2970000,0,5310780,40000,346976080,338086900,100000,100000,28.2686567164179
16889,5,40,1,7,1,1,30585095,30585095,16473495,16602750,-129255,14111600,0,16625380,15711390,913990,29671105,13959715,22000000,5397250,-129255,0,129255,0,0,0,0,0,131478600,128372300,300000,300000,28.2686567164179
16890,5,40,2,7,1,3,48394386,46394386,23333516,10462500,12871016,23060870,2000000,21799838,21549618,250220,48144166,26594548,12960000,2497500,6931016,7372916,441900,5940000,5940000,0,900000,7350000,1457005800,1469266000,4000000,4000000,23.625
16891,4,40,2,7,1,1,51829586,45829586,40137126,41117832,-980706,5692460,6000000,47523542,38244382,9279160,42550426,4306044,60098000,18980168,-980706,2100000,3080706,0,0,0,6000000,2840000,767091100,748529500,500000,500000,23.625
16892,5,40,2,7,1,1,11306245,11306245,4615245,-878200,5493445,6691000,0,19134330,18799440,334890,10971355,-7828085,10000000,10878200,-606555,0,606555,6100000,6100000,0,1468000,1088000,293198600,282675900,2000000,2000000,23.625
16894,4,40,2,7,1,1,52013737,50225817,33075854,26368220,6707634,17149963,1787920,38537245,30423815,8113430,43900307,13476492,39400000,13031780,-10019366,4174880,14194246,16727000,16727000,0,106067378,122971200,920859378,744398900,1500000,1500000,23.625
16897,5,40,2,7,1,1,7281275,7281275,3173775,530600,2643175,4107500,0,5771420,5771420,0,7281275,1509855,4500000,3969400,-326825,0,326825,2970000,2970000,0,150000,0,32523200,29657400,450000,450000,23.625
16898,3,36,3,5,1,1,38134430,32794430,30506430,-399850,30906280,2288000,5340000,23530914,19348894,4182020,33952410,14603516,0,399850,3124980,3399800,274820,27781300,27781300,0,972830,700000,105322330,101556200,4000000,4000000,27.4
16899,3,36,3,8,1,1,16896815,16096815,14251815,323730,13928085,1845000,800000,18018121,17883121,135000,16761815,-1121306,3822730,3499000,13928085,34762985,20834900,0,0,0,900000,4900000,120995000,88130700,3000000,3000000,30.1282051282051
16900,5,36,3,5,1,3,8054894,8038894,3053454,132200,2921254,4985440,16000,6127150,6127150,0,8054894,1927744,476000,343800,-48746,236000,284746,2970000,2970000,0,0,0,160645200,157736700,1000000,1000000,27.4
16901,4,36,1,1,1,2,5539537,5539537,-2428393,-2372530,-55863,7967930,0,28796430,27327270,1469160,4070377,-23256893,130815280,133187810,-55863,0,55863,0,0,0,10128370,14077440,134904490,133897960,2089000,700000,11.8
16902,4,36,1,1,1,1,7495400,7495400,3405400,3405400,0,4090000,0,12623580,12623580,0,7495400,-5128180,94500000,91094600,0,0,0,0,0,0,8000000,0,16246600,6600000,1000000,2000000,11.8
16903,4,36,3,5,1,1,33329465,32529465,19745885,12313960,7431925,12783580,800000,22123908,20430296,1693612,31635853,11205557,18382500,6068540,5661925,7452000,1790075,1770000,1770000,0,0,0,205234560,198689460,2000000,2000000,27.4
16904,3,36,2,8,4,2,56568050,53768050,48034050,21354250,26679800,5734000,2800000,24681562,24161562,520000,56048050,31886488,22598700,1244450,2679800,4149000,1469200,24000000,24000000,0,153850,0,203072600,192006100,500000,500000,84.9420289855072
16905,4,36,3,8,1,3,31940387,30628747,20040647,-3663295,23703942,10588100,1311640,46493624,43322249,3171375,28769012,-14553237,6161110,9824405,-836979,2045700,2882679,24540921,24595991,55070,4715176,500000,189287376,164765700,300000,300000,84.9420289855072
16906,5,36,3,1,1,4,17271435,17271435,155445,0,155445,17115990,0,28000792,26725892,1274900,15996535,-10729357,0,0,155445,9327980,9172535,0,0,0,0,2040000,476658536,446311436,600000,600000,41.5
16907,5,36,2,8,1,1,22246800,22246800,2912000,2046000,866000,19334800,0,11887390,11887390,0,22246800,10359410,2046000,0,866000,925500,59500,0,0,0,30000,0,22462900,20432900,500000,500000,84.9420289855072
16908,3,36,2,8,1,2,35529775,35529775,32366325,29277505,3088820,3163450,0,31391612,31022612,369000,35160775,4138163,42679533,13402028,3088820,4299400,1210580,0,0,0,0,5050000,194468400,188858400,1000000,1000000,84.9420289855072
16909,5,36,3,8,1,1,39933541,28915355,9154995,6276130,2878865,19760360,11018186,47957018,46326748,1630270,38303271,-8023477,6791750,515620,2037865,11132350,9094485,841000,841000,0,15000000,27750000,342592500,333102700,1000000,1000000,84.9420289855072
16911,5,36,2,3,1,1,19511750,19505350,10135990,2852270,7283720,9369360,6400,13806370,13314270,492100,19019650,5705380,3610600,758330,7082455,8660450,1577995,201265,201265,0,4000000,530000,237860590,229852390,348890,348890,49
16912,4,36,2,3,1,2,36986602,36986602,31679602,26153400,5526202,5307000,0,20223486,17732886,2490600,34496002,16763116,35562900,9409500,3861990,4081350,219360,1664212,1664212,0,1000000,0,123586930,113007530,214830,214830,15.5
16913,4,36,3,8,2,1,66950955,61330955,48407325,17357590,31049735,12923630,5620000,42498421,37953830,4544591,62406364,24452534,20948300,3590710,17779735,22658040,4878305,13270000,13770000,500000,4800000,3300000,312023700,302080100,1000000,1000000,63.7142857142857
16915,5,36,2,2,1,1,30365348,29875348,15844258,12451618,3392640,14031090,490000,42295882,34333102,7962780,22402568,-11930534,25423500,12971882,582640,1863050,1280410,2810000,2810000,0,9700000,13600000,559411400,639524900,700000,700000,100.45
16918,3,36,3,2,2,5,214573801,212733801,192013101,51718990,140294111,20720700,1840000,83162921,61624323,21538598,193035203,131410880,105552300,53833310,139494111,187423150,47929039,800000,800000,0,8000000,57873000,1114006800,1052172500,204300,204300,28.8545454545455
16919,5,36,2,4,1,2,24652600,24279897,11112217,7329327,3782890,13167680,372703,20986650,20156260,830390,23822210,3665950,9407662,2078335,3782890,5173100,1390210,0,0,0,9400000,1700000,207034000,194998900,400000,400000,91.7272727272727
16920,5,36,3,4,2,1,66207717,58001630,-572020,1201114,-1773134,58573650,8206087,60659398,52992938,7666460,58541257,5548319,10956000,9754886,-17596226,8503310,26099536,15823092,15823092,0,59659873,17026200,1868578373,1789921700,100000,100000,85.1578947368421
16921,5,36,3,7,1,1,9242292,8542292,-1551708,-770200,-781508,10094000,700000,17772210,17318770,453440,8788852,-8529918,0,770200,-781508,322000,1103508,0,0,0,0,7478000,385523700,382450100,1500000,400000,36.7142857142857
16922,5,36,3,7,1,1,14611436,14611436,-2368564,-589700,-1778864,16980000,0,31277085,25723175,5553910,9057526,-16665649,0,589700,-4208864,759200,4968064,2430000,2430000,0,240000,3610400,177095900,169519600,3500000,600000,36.7142857142857
16923,5,36,3,7,1,1,5223265,5223265,-647495,-827850,180355,5870760,0,12466419,12386979,79440,5143825,-7243154,0,827850,180355,442750,262395,0,0,0,0,0,144673800,140647200,600000,300000,36.7142857142857
16924,5,36,3,7,1,1,8861130,8861130,1421130,-437000,1858130,7440000,0,47842200,46542200,1300000,7561130,-38981070,0,437000,-421870,336900,758770,2280000,2280000,0,0,440000,532658780,507077900,1369780,1000000,233.5
16925,5,36,3,7,1,1,3790445,3790445,-1729555,-1291500,-438055,5520000,0,23905310,23504860,400450,3389995,-20114865,0,1291500,-438055,155250,593305,0,0,0,0,0,135802700,126597500,800000,600000,36.7142857142857
16926,4,36,3,7,5,1,36954850,36954850,36954850,-4036300,40991150,0,0,45980730,41260730,4720000,32234850,-9025880,0,4036300,-468850,588650,1057500,41460000,41460000,0,0,0,178424750,147665600,2067550,500000,36.7142857142857
16927,5,36,2,7,1,1,-35561140,-35561140,-43735600,-45251300,1515700,8174460,0,14997350,14827350,170000,-35731140,-50558490,-4442500,40808800,1515700,2606800,1091100,0,0,0,0,631000,654805400,603732500,1000000,1000000,36.7142857142857
16928,3,36,2,7,1,1,37480975,36940975,29543475,27582350,1961125,7397500,540000,11359700,11228140,131560,37349415,26121275,36238500,8656150,1961125,3188250,1227125,0,0,0,0,2200000,428354000,417449200,0,500000,152.666666666667
16929,5,36,2,7,1,1,51409012,51009012,40540550,39742130,798420,10468462,400000,24971402,24660502,310900,51098112,26437610,45960000,6217870,798420,1054550,256130,0,0,0,0,5478140,267389200,274585900,0,800000,351
16930,3,36,3,8,1,2,63733707,59433707,57138237,3741510,53396727,2295470,4300000,37680070,30472780,7207290,56526417,26053637,4552000,810490,10704047,12294850,1590803,42692680,42692680,0,700000,7800000,246099200,234234300,950000,950000,84.9420289855072
16931,5,36,3,8,1,1,11581614,10581614,2476810,910010,1566800,8104804,1000000,12646360,11573360,1073000,10508614,-1064746,1174000,263990,1566800,3229050,1662250,0,0,0,0,0,110284100,104865600,500000,500000,84.9420289855072
16932,5,36,3,1,1,2,31281420,31261500,24183550,1724950,22458600,7077950,19920,26101219,24322719,1778500,29502920,5180201,3770000,2045050,22458600,22458600,0,0,0,0,517080,0,283694300,271894400,1701220,200000,41.5
16933,5,36,3,4,1,2,25173405,24573405,11288015,-1750450,13038465,13285390,600000,43451400,39065700,4385700,20787705,-18277995,2465500,4215950,10038465,11899225,1860760,3000000,3000000,0,200000,45060000,552833678,564121300,1287578,250000,91.7272727272727
16934,4,36,2,3,1,2,12671274,12335274,-784800,-1149000,364200,13120074,336000,19413520,17184770,2228750,10442524,-6742246,633000,1782000,364200,1387600,1023400,0,0,0,0,0,111115200,106480800,500000,400000,49
16935,3,36,2,7,2,2,223842259,223842259,219320229,178237050,41083179,4522030,0,50457340,47598920,2858420,220983839,173384919,182000000,3762950,183179,974800,791621,40900000,40900000,0,0,11523000,432332300,612685700,0,500000,36.7142857142857
16936,3,36,3,7,4,2,38870402,38870402,9522962,3475060,6047902,29347440,0,29926760,27902010,2024750,36845652,8943642,6496000,3020940,1307902,8058323,6750421,4740000,4740000,0,0,3950000,-191296600,-215997500,200000,200000,36.7142857142857
16937,5,36,3,7,1,1,17948580,17948580,12384060,-1949490,14333550,5564520,0,28888870,27555720,1333150,16615430,-10940290,0,1949490,-266450,753200,1019650,14600000,14600000,0,0,1370000,183398300,172652900,2600000,700000,233.5
16938,4,36,2,7,1,1,3540655,3540655,3540655,-6877420,10418075,0,0,32737430,29581830,3155600,385055,-29196775,6000000,12877420,4750075,5000000,249925,5668000,5668000,0,0,2530000,283292100,272507200,500000,700000,36.7142857142857
16939,4,36,2,4,1,1,13322340,13322340,9626660,193300,9433360,3695680,0,11410340,11375340,35000,13287340,1912000,2470000,2276700,-1366640,47500,1414140,10800000,10800000,0,0,0,120737650,117595500,1915850,600000,85.1578947368421
16940,3,36,1,4,1,1,-1346000,-1746000,-1746000,-27365310,25619310,0,400000,69602600,65112600,4490000,-5836000,-70948600,1081000,28446310,1319310,1378000,58690,24300000,24300000,0,0,1090000,706061800,685846100,1000000,1000000,85.1578947368421
16941,3,36,2,4,3,1,103840775,103440775,103440775,73427600,30013175,0,400000,27626390,23650230,3976160,99864615,76214385,76015000,2587400,30013175,30034000,20825,0,0,0,0,1200000,111568100,104080100,900000,900000,85.1578947368421
16942,4,36,3,4,1,1,6135318,4035318,3735318,-2728350,6463668,300000,2100000,43373022,39863542,3509480,2625838,-37237704,1840000,4568350,3060891,8823840,5762949,3402777,3402777,0,0,1058000,170276700,161471100,400000,400000,85.1578947368421
16943,3,36,3,4,1,1,12156750,12036750,12036750,-617800,12654550,0,120000,25102400,21302400,3800000,8356750,-12945650,1150000,1767800,-145450,102350,247800,12800000,12800000,0,0,2000000,74350300,74468400,500000,500000,85.1578947368421
16944,4,36,3,4,1,1,72334610,70413879,67713879,8442452,59271427,2700000,1920731,42742448,34277478,8464970,63869640,29592162,30892788,22450336,59197632,72798055,13600423,73795,73795,0,1460000,34634000,466644100,455023200,0,1000000,85.1578947368421
16945,4,36,2,5,1,1,38628674,38493674,31433464,12582712,18850752,7060210,135000,32710520,28886810,3823710,34804964,5918154,14790422,2207710,18618362,19986342,1367980,232390,232390,0,0,6000000,132927600,136383900,0,3090000,14.75
16947,5,36,2,8,1,1,32356354,30856354,21051394,7123358,13928036,9804960,1500000,18548559,18437259,111300,32245054,13807795,9020748,1897390,5199392,7826247,2626855,8728644,8728644,0,0,2400000,252764400,250595300,1000000,1000000,88.2826086956522
16948,5,36,2,7,1,1,48567557,44447557,34135527,21367840,12767687,10312030,4120000,30804341,28775051,2029290,46538267,17763216,24755000,3387160,2800070,2978850,178780,9967617,9967617,0,156197570,158760000,377402890,499511900,1561520,1000000,28.2686567164179
16949,3,36,2,1,2,2,16003340,16003340,7266280,-7800280,15066560,8737060,0,27106270,24792190,2314080,13689260,-11102930,28000000,35800280,10186560,10923880,737320,4880000,4880000,0,0,1800000,260244400,218621200,500000,500000,2.4375
16950,4,36,2,1,1,1,85564359,85108879,79413579,74115342,5298237,5695300,455480,36041146,34439946,1601200,83963159,49523213,100763320,26647978,1143310,1378400,235090,4154927,4154927,0,0,2600000,242978315,167620400,1747215,500000,2.4375
16951,4,36,3,1,1,1,40986299,40956939,24830089,12614306,12215783,16126850,29360,36328177,31170347,5157830,35828469,4658122,74919386,62305080,5591783,25816413,20224630,6624000,6624000,0,5765240,66274795,447872900,407960300,1000000,1000000,2.4375
16953,4,36,3,7,1,4,15227833,15227833,15227833,-17153620,32381453,0,0,29036630,23992660,5043970,10183863,-13808797,0,17153620,526000,601000,75000,31855453,31855453,0,2036620,2717522,634355630,575463100,1000000,1000000,15.7
16954,4,36,3,7,1,1,49854621,40882621,28778121,-8965260,37743381,12104500,8972000,28897655,27030915,1866740,47987881,20956966,1650000,10615260,36933381,69722200,32788819,810000,810000,0,0,11134000,-140913400,-95237500,2000000,2000000,15.7
16955,4,36,2,7,1,1,10231460,9231460,3653300,-5459700,9113000,5578160,1000000,25368000,23598000,1770000,8461460,-15136540,12572000,18031700,8213000,14380000,6167000,900000,900000,0,420000,6300000,142072700,110183700,1000000,1000000,15.7
16956,5,36,2,6,1,1,14833221,13823221,2012431,-7624539,9636970,11810790,1010000,36084287,33175254,2909033,11924188,-21251066,21818453,29442992,586970,1811450,1224480,9050000,9050000,0,0,13401310,534794800,475432500,5000000,500000,10.0769230769231
16957,4,36,2,1,1,1,14614597,12529637,-2296653,-30552948,28256295,14826290,2084960,36025807,34632957,1392850,13221747,-21411210,25749812,56302760,28256295,37222500,8966205,0,0,0,3646600,6185000,526308700,437248600,1500000,200000,2.4375
16958,3,36,2,7,1,1,81525944,80695875,75231455,50837879,24393576,5464420,830069,88252304,76442382,11809922,69716022,-6726360,82425000,31587121,-1531244,1127000,2658244,25924820,25924820,0,0,3000000,767853400,725805600,1500000,200000,233.5
16959,4,36,2,7,2,1,43240300,43240300,33511070,32975960,535110,9729230,0,23147043,22373183,773860,42466440,20093257,45277000,12301040,535110,1878750,1343640,0,0,0,0,60000,634975130,614149000,1829630,1000000,28.2686567164179
16960,5,36,3,8,1,1,26432255,25732255,15795315,-439620,16234935,9936940,700000,24977313,24836813,140500,26291755,1454942,0,439620,7959935,10532310,2572375,8275000,8275000,0,0,601000,145018000,140503200,400000,400000,88.2826086956522
16961,4,36,1,1,1,1,-8520394.71875,-8840692.21875,-13748582.75,-24982411.625,11233828.875,4907890.53125,320297.5,28668908.28125,26506865.5625,2162042.71875,-10682437.4375,-37189303,21252798.15625,46235209.78125,10282907,18450858.5,8167951.5,950921.875,951250,328.125,76424140.59375,74938521.875,109616098.09375,98251700,1742540,100000,2.4375
16962,4,36,2,1,2,1,63561860,63561860,63561860,26772200,36789660,0,0,18424220,18043720,380500,63181360,45137640,178650000,151877800,9469660,9488700,19040,27320000,27320000,0,0,0,53645700,48720000,1782400,150000,2.4375
16963,5,40,3,7,1,1,15266992,15266992,6109042,-2432000,8541042,9157950,0,19036252,12253752,6782500,8484492,-3769260,0,2432000,86542,359250,272708,8454500,8454500,0,0,1200000,115741400,121134800,500000,500000,28.2686567164179
16964,3,40,2,7,1,1,14067470,14067470,-1125720,-1223000,97280,15193190,0,12663694,11918724,744970,13322500,1403776,1600000,2823000,97280,456050,358770,0,0,0,1200000,750000,79780000,75590900,300000,300000,28.2686567164179
16965,4,36,3,7,2,1,79845290,77395290,28071290,338190,27733100,49324000,2450000,82544366,61142106,21402260,58443030,-2699076,1500000,1161810,5793100,45133700,39340600,21940000,21940000,0,7908600,1350000,780020800,702995400,0,2000000,36.7142857142857
16966,5,36,3,7,1,1,56023770,56023770,45262870,21888100,23374770,10760900,0,44553390,42210300,2343090,53680680,11470380,26745000,4856900,17228500,17429750,201250,6146270,6146270,0,412120,3500000,524296048,519993854,1570974,1000000,36.7142857142857
16968,5,40,2,7,1,1,15380025,15380025,3980025,3878450,101575,11400000,0,9835955,9815955,20000,15360025,5544070,9750000,5871550,101575,317500,215925,0,0,0,2100000,0,253993200,252787700,5000000,5000000,28.2686567164179
16969,5,40,2,7,1,1,9349330,9349330,4686150,2131300,2554850,4663180,0,5447830,5334960,112870,9236460,3901500,6000000,3868700,-145150,0,145150,2700000,2700000,0,1000000,0,328348500,324575200,1500000,1500000,28.2686567164179
16970,5,40,2,7,1,1,9380815,8672815,1047015,1106600,-59585,7625800,708000,5580506,5458696,121810,9259005,3800309,8000000,6893400,-659585,2317180,2976765,600000,600000,0,2864000,0,359779400,346614800,500000,500000,28.2686567164179
16971,5,40,1,7,1,2,36931732,36163532,23481610,23366660,114950,12681922,768200,19105700,17863120,1242580,35689152,17826032,30495000,7128340,-375050,0,375050,490000,490000,0,0,7000000,495801000,495004400,3000000,3000000,28.2686567164179
16972,2,40,2,7,1,1,2319157,2319157,-7880843,6094200,-13975043,10200000,0,19942786,17712786,2230000,89157,-17623629,16365000,10270800,-14675043,901500,15576543,700000,700000,0,0,13443000,777467500,759203700,1000000,1000000,28.2686567164179
16973,5,40,1,7,1,1,32147230,30147230,24897230,8160200,16737030,5250000,2000000,9933070,9233070,700000,31447230,22214160,10000000,1839800,-512970,0,512970,17250000,17250000,0,0,0,378333100,375813100,1500000,1500000,28.2686567164179
16974,5,40,2,7,1,1,6341462,4941462,-1078538,-1038250,-40288,6020000,1400000,8859700,8649700,210000,6131462,-2518238,100000,1138250,-40288,333500,373788,0,0,0,145400,245400,197670400,194686600,0,0,28.2686567164179
16978,5,40,3,8,1,1,25258671,25258671,22132671,577000,21555671,3126000,0,24373360,19817850,4555510,20703161,885311,759000,182000,11155671,11570000,414329,10400000,10400000,0,6205270,4302999,131140500,154499700,50000,50000,84.9420289855072
16981,5,40,3,8,1,1,4631505,4631505,1031505,821680,209825,3600000,0,7008360,7008360,0,4631505,-2376855,880000,58320,209825,662500,452675,0,0,0,0,0,148727700,147775100,0,0,84.9420289855072
16985,5,36,1,1,1,1,37347452.0665323,34393622.1471774,28073455.4576613,8722765.3266129,19350690.1310484,6320166.68951613,2953829.91935484,20219494.3024194,17526232.983871,2693261.31854839,34654190.7479839,17127957.7641129,38397266.8709677,29674501.5443548,17130371.0020161,32328864.9979839,15198493.9959677,2220319.12903226,2226206.22580645,5887.09677419355,4437770.94657258,3554619.40120968,57394236.1179435,54691700,2000000,2000000,63
16986,4,36,3,1,1,1,55230102.0665322,52276272.1471774,43506105.4576613,3647765.32661289,39858340.1310484,8770166.68951613,2953829.91935484,23923914.3024194,21217752.983871,2706161.31854839,52523940.7479839,31306187.7641129,38397266.8709677,34749501.5443548,37638021.0020161,54006514.9979839,16368493.9959677,2220319.12903226,2226206.22580645,5887.09677419355,4437770.94657258,4554619.40120968,157597936.117944,149634600,200000,200000,2.4375
17246,4,37,2,6,1,1,8591283,7791283,2391283,4716470,-2325187,5400000,800000,25530478,17684558,7845920,745363,-16939195,18509000,13792530,-6075187,462350,6537537,3750000,3750000,0,15055760,5500000,116818391,84749800,1523331,1175000,22.4444444444444
17408,4,37,3,6,1,1,54574200,40447000,27203470,18304480,8898990,13243530,14127200,39279701,36837131,2442570,52131630,15294499,27190000,8885520,7257990,9569900,2311910,1641000,1641000,0,15000000,14700000,307935300,289995400,600000,600000,10.0769230769231
17634,5,37,2,4,1,1,20560204,19272444,5595324,-487452,6082776,13677120,1287760,30087189,24810069,5277120,15283084,-9526985,4360237,4847689,104228,1075000,970772,5978548,5978548,0,29680788,23400517,198283970,173915200,2000000,2000000,97
17694,5,37,2,5,1,1,20631365,17631365,6227365,1861140,4366225,11404000,3000000,20896630,17808630,3088000,17543365,-265265,18800000,16938860,76225,88550,12325,4290000,4290000,0,0,1200000,473902600,459490200,600000,600000,35.3030303030303
17698,5,37,2,5,1,1,12328100,8828100,3908100,1704100,2204000,4920000,3500000,7910060,7234060,676000,11652100,4418040,4800000,3095900,2204000,2255000,51000,0,0,0,0,0,171924500,165941700,2000000,2000000,68.1764705882353
17700,4,37,2,5,1,1,19766275,19766275,18966275,14206500,4759775,800000,0,12613560,11218560,1395000,18371275,7152715,21000000,6793500,-40225,0,40225,4800000,4800000,0,0,0,333758700,323762100,1426700,2000000,35.3030303030303
17719,5,37,3,2,1,4,62968183,54688023,39295133,28071570,11223563,15392890,8280160,66908963,62517983,4390980,58577203,-3940780,28757500,685930,10499963,25438813,14938850,723600,723600,0,33000000,21725000,1087340280,1019086400,1264180,1850000,36.0526315789474
17722,4,37,3,2,1,3,45860300,45600300,32491700,10538120,21953580,13108600,260000,46500740,40611290,5889450,39970850,-640440,11297600,759480,21953580,49071250,27117670,0,0,0,35152000,27500000,263755380,233948700,3122980,2220000,36.0526315789474
17812,5,37,3,4,1,1,5935570,4935570,-4570590,-3359100,-1211490,9506160,1000000,8032402,7969402,63000,5872570,-2096832,4324000,7683100,-1211490,2875000,4086490,0,0,0,13954462,5209000,311405900,294082200,1000000,1000000,97
17813,4,37,2,5,1,1,18415695,18015695,11910895,7563570,4347325,6104800,400000,13898236,13063496,834740,17580955,4517459,17445000,9881430,1419825,2081700,661875,2927500,2927500,0,0,200000,451864600,443451700,300000,300000,35.3030303030303
17814,5,37,3,5,1,1,27073574,22273574,5172314,-2939166,8111480,17101260,4800000,17469017,16198107,1270910,25802664,9604557,1379000,4318166,8066780,9030000,963220,44700,44700,0,1231966,2031966,219613600,214500900,1000000,1000000,95.9
17824,4,37,3,5,1,1,20606405,20606405,7500905,2674870,4826035,13105500,0,11601160,11032120,569040,20037365,9005245,5160000,2485130,4826035,8521500,3695465,0,0,0,450000,850000,148825700,145688200,1000000,1000000,95.9
17992,3,37,3,2,2,1,128480104,80950659,58753279,4825700,53927579,22197380,47529445,96116355,73765435,22350920,106129184,32363749,5000000,174300,31111947,62736950,31625003,22815632,22815632,0,310000,27420000,141749570,131537000,1785370,500000,36.0526315789474
18031,4,37,3,2,1,5,115163515.45,114703565.45,112191343.5,6410970,105780373.5,2512221.95,459950,42629609.35,31420119.15,11209490.2,103954025.25,72533906.1,10585350,4174380,105347423.5,133072197,27724773.5,432950,434450,1500,1018339,1086369.5,759649269.5,718525900,3500000,1500000,36.0526315789474
18032,5,37,3,1,1,3,80393695,80393695,70544695,5340000,65204695,9849000,0,46091327,35460627,10630700,69762995,34302368,5440000,100000,64204695,70834250,6629555,1000000,1000000,0,23173203,14625406,550822200,519888000,2750000,3580000,27.625
18033,4,37,3,1,1,5,68992670,68992670,59413670,3060010,56353660,9579000,0,52680690,39991890,12688800,56303870,16311980,3735000,674990,56353660,85141400,28787740,0,0,0,35657570,28976570,814062460,752526360,3250000,2740000,21.6363636363636
18034,5,37,1,5,1,5,87982790,85982790,68190200,68219700,-29500,17792590,2000000,26841900,24869900,1972000,86010790,61140890,68750000,530300,-29500,0,29500,0,0,0,3800000,80000,298756100,286366600,3570000,1800000,95.9
18036,4,37,2,8,1,1,8428807,8428807,8428807,11864970,-3436163,0,0,9996640,8306020,1690620,6738187,-1567833,19423500,7558530,-3436163,0,3436163,0,0,0,0,0,373774300,354068200,3470000,2540000,17.9545454545455
18037,5,37,3,8,1,1,37699480,35099480,19766650,2091350,17675300,15332830,2600000,16924770,16724770,200000,37499480,20774710,4853000,2761650,17675300,25794650,8119350,0,0,0,30000000,32360000,121736000,115274900,2620700,3120000,17.9545454545455
18038,4,37,3,5,1,1,62389445,58233245,40869435,19136150,21733285,17363810,4156200,68080080,56548010,11532070,50857375,-5690635,34228900,15092750,21733285,65012250,43278965,0,0,0,16000000,7389800,1348658300,1312509600,4530700,2450000,32.0357142857143
18040,5,37,2,4,1,1,34497480,33717480,25361480,3066930,22294550,8356000,780000,31266430,29872680,1393750,33103730,3231050,9652000,6585070,24550,284800,260250,22270000,22270000,0,0,2400000,232075800,221380200,1500000,600000,97
18041,5,37,2,4,1,1,-61608186,-61608186,-80229356,-5632940,-74596416,18621170,0,21882895,19707685,2175210,-63783396,-83491081,27600000,33232940,-75096416,435750,75532166,500000,500000,0,149439308,2792570,931145630,770840100,5000000,1000000,54.25
18043,5,37,2,5,1,1,27474246,26474246,11148316,-7131342,18279658,15325930,1000000,21716416,18669416,3047000,24427246,5757830,34330000,41461342,18279658,22094738,3815080,0,0,0,180000,0,1235745615,1219112100,1342915,1500000,35.3030303030303
18044,5,37,2,4,1,1,15670190,15670190,5626990,5745690,-118700,10043200,0,9466976,9454976,12000,15658190,6203214,10350000,4604310,-118700,48300,167000,0,0,0,0,0,286637050,277276300,1634450,3000000,54.25
18045,4,37,2,4,1,2,92674460,92274460,89634460,92366460,-2732000,2640000,400000,21028476,19383476,1645000,91029460,71645984,126800000,34433540,-2732000,604950,3336950,0,0,0,0,1360740,545128200,569163400,5000000,1000000,54.25
18046,5,37,1,5,1,1,26982302,26982302,17731662,18331847,-600185,9250640,0,32028480,31123830,904650,26077652,-5046178,67975000,49643153,-600185,531450,1131635,0,0,0,0,2507000,842904900,779246800,6000000,3000000,35.3030303030303
18047,4,37,2,4,2,1,104201260,103201260,61557560,65931840,-4374280,41643700,1000000,54099650,51644850,2454800,101746460,50101610,136959000,71027160,-4374280,10376050,14750330,0,0,0,1000000,2850000,1519156700,1489642000,1540000,1000000,54.25
18048,3,37,2,5,1,1,-10951860,-10951860,-10951860,-10462000,-489860,0,0,13993980,13016780,977200,-11929060,-24945840,12070000,22532000,-489860,20700,510560,0,0,0,0,400000,81458100,71162000,3000000,1000000,35.3030303030303
18049,3,37,2,5,1,1,14519900,14519900,14519900,10561000,3958900,0,0,28446000,26955000,1491000,13028900,-13926100,61405000,50844000,3958900,7076900,3118000,0,0,0,0,800000,244404150,235635100,2064550,500000,35.3030303030303
18052,5,37,2,6,1,1,20462140,20462140,3638340,3030800,607540,16823800,0,10237830,9785330,452500,20009640,10224310,14530000,11499200,607540,805000,197460,0,0,0,0,384000,119288000,115412600,1270400,2000000,10.0769230769231
18054,5,37,1,6,1,1,9030820,6610820,2010820,656320,1354500,4600000,2420000,9310040,8920040,390000,8640820,-279220,7400000,6743680,1354500,1430000,75500,0,0,0,0,210000,251825760,247785300,1661760,1000000,10.0769230769231
18055,5,37,2,6,1,1,13639187,10439187,2279187,2390112,-110925,8160000,3200000,11194890,11094890,100000,13539187,2444297,8630722,6240610,-110925,0,110925,0,0,0,0,0,148894842,146000000,1678242,2500000,10.0769230769231
18058,3,37,2,6,1,1,-6141440,-7541440,-14341440,-14898940,557500,6800000,1400000,6819720,6539720,280000,-6421440,-12961160,7300000,22198940,557500,557500,0,0,0,0,0,0,139181908,136806600,1345508,1000000,23.5714285714286
18059,5,37,3,4,2,1,19055560,17655560,505560,873171,-367611,17150000,1400000,12267741,12005051,262690,18792870,6787819,2456671,1583500,-537651,498649,1036300,170040,170040,0,300000,0,183515800,180411900,1724700,1700000,97
18062,3,37,2,4,2,2,57501890,56501890,52863890,4823400,48040490,3638000,1000000,43832906,41116906,2716000,54785890,13668984,13500000,8676600,48040490,57500000,9459510,0,0,0,315000,13750000,410128982,415397400,2227782,1500000,54.25
18063,5,37,2,4,2,2,17362490,17062490,1141990,1141445,545,15920500,300000,61501877,58120177,3381700,13980790,-44139387,24374665,23233220,-5999455,0,5999455,6000000,6000000,0,0,3517800,1145814930,1117111100,1807530,800000,54.25
18065,5,37,2,2,1,1,11117180,10517180,7237180,8444155,-1206975,3280000,600000,3801000,3451000,350000,10767180,7316180,14431825,5987670,-1206975,443250,1650225,0,0,0,0,0,458400950,441362900,1523550,1500000,295
18066,5,37,2,4,1,1,13346150,13346150,9506150,6265900,3240250,3840000,0,32187700,25983700,6204000,7142150,-18841550,15575000,9309100,3240250,5750000,2509750,0,0,0,0,1600000,386010800,401587100,1477500,1000000,97
18067,4,37,2,4,1,1,94965387,64362641,56773111,17407880,39365231,7589530,30602746,73187605,67177820,6009785,88955602,21777782,22374640,4966760,38470231,58181031,19710800,895000,895000,0,4707109,22227000,1052042749,1047223400,1392980,3000000,54.25
18069,3,37,3,4,2,1,46412890,46412890,46412890,1903850,44509040,0,0,9558070,8314070,1244000,45168890,36854820,2533450,629600,2529040,3037490,508450,41980000,41980000,0,0,510000,294827100,289604300,1539000,500000,97
18070,3,37,2,4,4,1,23946539,21382339,6593099,-1220370,7813469,14789240,2564200,29950968,22490798,7460170,16486369,-6004429,4147475,5367845,7843469,12592000,4748531,-30000,0,30000,590000,2161305,474855420,453217300,2303920,1000000,54.25
18071,4,37,2,4,1,1,52993907,52993907,42263907,12811625,29452282,10730000,0,29590085,29000085,590000,52403907,23403822,29218625,16407000,29452282,35029750,5577468,0,0,0,0,1580000,517351200,504086100,1855400,1800000,54.25
18072,5,37,3,1,1,4,36332050,28072050,20390070,6664000,13726070,7681980,8260000,23077884,22095098,982786,35349264,13254166,6954000,290000,1616070,1647700,31630,12110000,12110000,0,0,12900000,393950190,405181200,2223790,1910000,27.625
18074,5,37,3,2,1,1,43794879,35134879,31734879,4164000,27570879,3400000,8660000,40781720,36337740,4443980,39350899,3013159,4200000,36000,27570879,33051250,5480371,0,0,0,13200000,21750000,291376760,276697000,618960,2500000,36.0526315789474
18075,4,37,3,2,1,1,34844010,24951030,13653830,4290620,9363210,11297200,9892980,40099222,37806792,2292430,32551580,-5255212,5000000,709380,9363210,15638400,6275190,0,0,0,19700671,18180000,259456761,240180400,2660990,3600000,28.8545454545455
18076,4,37,3,2,1,2,37777836,37517836,32056036,6697716,25358320,5461800,260000,28168780,27257190,911590,36866246,9609056,7000000,302284,25358320,34274100,8915780,0,0,0,6000000,31000000,344560500,355987900,600000,400000,28.8545454545455
18077,4,37,3,2,1,2,41568340,40908340,9453060,6970000,2483060,31455280,660000,36496226,32745206,3751020,37817320,5072114,7200000,230000,1133060,4145750,3012690,1350000,1350000,0,12000000,7410000,328860520,317995700,942620,1430000,36.0526315789474
18078,5,37,3,2,1,1,35248462,34338462,14811982,6990170,7821812,19526480,910000,48045740,19708550,28337190,6911272,-12797278,7610500,620330,755855,1083700,327845,7065957,7065957,0,13000000,8100000,263110520,176617300,2342220,1530000,28.8545454545455
18081,4,37,3,2,1,4,87844700,87844700,72844700,3001700,69843000,15000000,0,50522160,39884660,10637500,77207200,37322540,5500000,2498300,-157000,17250,174250,70000000,70000000,0,14000000,3000000,348369720,322815900,1363020,270000,28.8545454545455
18082,5,37,3,2,1,3,64526541,64266541,57794671,9478770,48315901,6471870,260000,26117265,17674655,8442610,56083931,38409276,11895000,2416230,48245901,57209991,8964090,70000,70000,0,42700000,23800000,484418640,457250800,2439740,3050000,36.0526315789474
18083,5,37,2,5,1,2,76494597,76494597,58991490,56582680,2408810,17503107,0,42668030,40076730,2591300,73903297,33826567,60000000,3417320,2408810,5132150,2723340,0,0,0,25000000,5680000,438401470,461218600,318770,1720000,32.0357142857143
18084,3,37,2,6,2,1,89908801,89908801,88812701,36616147,52196554,1096100,0,43736596,30287950,13448646,76460155,46172205,52561391,15945244,-370320,0,370320,52566874,52566874,0,22200000,52370000,456904630,453202100,1625130,2100000,10.0769230769231
18087,5,37,3,8,1,3,6754547,6697947,1031377,-8536190,9567567,5666570,56600,9525160,9237570,287590,6466957,-2770613,3410000,11946190,9567567,17711325,8143758,0,0,0,13500000,17500000,441260350,431551400,3676250,2500000,88.25
18088,4,37,3,2,1,2,64540941,64280941,62480941,6427960,56052981,1800000,260000,36671039,34480639,2190400,62350541,27869902,7500000,1072040,56052981,66890750,10837769,0,0,0,8000000,33000000,454015290,442673300,1335590,1800000,36.0526315789474
18089,5,37,2,5,2,1,28317905,27717905,18150105,13316605,4833500,9567800,600000,34667310,34007310,660000,27657905,-6349405,23191000,9874395,333500,515200,181700,4500000,4500000,0,8914800,12340000,480097800,463569500,1200000,700000,35.3030303030303
18090,5,37,3,5,4,2,-27014995,-27014995,-31638235,5922020,-37560255,4623240,0,39249662,30395342,8854320,-35869315,-66264657,12100000,6177980,-37560255,12183030,49743285,0,0,0,89988060,2962000,2499308800,2421730800,1500000,1000000,68.1764705882353
18091,4,37,2,5,1,1,52023100,52023100,52023100,17550240,34472860,0,0,31384010,25912010,5472000,46551100,20639090,22800000,5249760,271000,415750,144750,34201860,34201860,0,9500000,0,468233100,445142400,900000,1500000,35.3030303030303
18092,4,37,2,5,1,1,31134692,30701698,30390098,24357422,6032676,311600,432994,62146161,51013580,11132581,20002111,-31011469,49195000,24837578,5787957,19152000,13364043,244719,244719,0,2500000,720000,1339719000,1306346600,1700000,1100000,35.3030303030303
18093,2,37,3,5,2,1,60012850,59013850,58113850,-1285310,59399160,900000,999000,56729800,46565800,10164000,49848850,3283050,12000000,13285310,59299160,94323000,35023840,100000,100000,0,8800000,400000,798258000,739381700,1500000,700000,68.1764705882353
18094,5,37,2,4,1,1,34588366,33188366,21832148,14864275,6967873,11356218,1400000,34463890,33031430,1432460,33155906,124476,22201105,7336830,489885,1583400,1093515,6477988,6477988,0,7210000,100000,313129000,294237200,800000,200000,54.25
18096,5,37,2,4,1,1,57372472,52249032,35956526,10287530,25668996,16292506,5123440,29477216,28385926,1091290,56281182,27895256,21211795,10924265,24195220,29601520,5406300,1473776,1473776,0,7080000,670000,632831100,597623800,850000,800000,54.25
18097,4,37,3,5,1,3,53047320,53047320,52337320,839640,51497680,710000,0,49408420,42167530,7240890,45806430,3638900,18037300,17197660,51497680,56640120,5142440,0,0,0,0,0,1340775800,1288217000,1300000,200000,68.1764705882353
18100,5,37,2,5,1,1,26805595,24605595,14428575,8219300,6209275,10177020,2200000,11543090,11358090,185000,26620595,15262505,10000000,1780700,6209275,6600140,390865,0,0,0,0,0,257490573,250785500,1383973,300000,68.1764705882353
18101,5,37,2,5,1,1,61597993,61597993,25417993,8772930,16645063,36180000,0,38307209,32218249,6088960,55509033,23290784,17425000,8652070,1295063,6790928,5495865,15350000,15600000,250000,0,2240000,241833180,231740800,1631880,1000000,68.1764705882353
18102,3,37,1,5,3,1,15289335,6089335,5789335,2912060,2877275,300000,9200000,55074855,40849055,14225800,1063535,-39785520,22783000,19870940,2877275,3976700,1099425,0,0,0,12697000,6000000,1114958400,1098333000,1784000,2000000,35.3030303030303
18103,4,37,2,5,1,1,30373280,30373280,16961880,7463880,9498000,13411400,0,20098798,17796078,2302720,28070560,10274482,10335000,2871120,-212000,69000,281000,9710000,9710000,0,0,0,572437185,563947000,1512285,500000,32.0357142857143
18104,4,37,3,6,1,1,77209106,74251266,62887346,30737526,32149820,11363920,2957840,35791541,32274611,3516930,73692176,41417565,31330536,593010,31869820,35263980,3394160,280000,280000,0,323180,40000,278192410,271904700,1557930,500000,10.0769230769231
18105,5,37,2,5,1,1,44173345,40454959,26915978,17614276,9301702,13538981,3718386,16578280,16098910,479370,43693975,27595065,29930721,12316445,8358985,12918760,4559775,942717,942717,0,24625000,54680000,287546870,298587300,1578470,500000,35.3030303030303
18106,5,37,3,5,1,2,16176810,13976810,-2337190,-1820240,-516950,16314000,2200000,20813580,20108580,705000,15471810,-4636770,400000,2220240,-516950,434700,951650,0,0,0,0,0,505695400,495772000,1722100,1000000,68.1764705882353
18107,5,37,2,5,1,1,34031107,2831107,355797,-280580,636377,2475310,31200000,42302615,40504025,1798590,32232517,-8271508,3407000,3687580,636377,5074250,4437873,0,0,0,3000000,0,151878830,141399500,1326830,300000,35.3030303030303
18108,4,37,3,1,1,3,49378100,46378100,34908100,0,34908100,11470000,3000000,39744744,36369744,3375000,46003100,9633356,0,0,3932100,4039600,107500,30976000,30976000,0,1000000,160000,362511700,351646000,100000,300000,27.625
18110,5,37,3,8,1,2,30328145,29866145,10244185,352040,9892145,19621960,462000,20063660,18560750,1502910,28825235,10264485,528000,175960,7214305,10144050,2929745,2677840,2677840,0,0,0,282801820,270853500,1491120,400000,84.9420289855072
18111,5,37,3,8,1,1,49770141,46957373,21153373,1662690,19490683,25804000,2812768,48885125,45714585,3170540,46599601,885016,1781000,118310,4724683,15897100,11172417,14766000,14766000,0,0,6800000,181591259,166081900,1682459,700000,84.9420289855072
18113,5,37,3,8,1,3,-11957277,-22138177,-37729320,-58254250,20524930,15591143,10180900,16935740,13566020,3369720,-15326997,-28893017,36864500,95118750,14262930,16970205,2707275,6262000,6262000,0,0,18200000,721874937,703460300,1883537,300000,254
18114,4,37,3,2,1,1,15844717,10498717,5367717,1022442,4345275,5131000,5346000,9525880,8799630,726250,15118467,6318837,1665602,643160,716875,2830835,2113960,3628400,3628400,0,3263000,2400000,245371780,236637200,1459980,500000,28.8545454545455
18115,5,37,3,8,1,3,44195055,42399511,28821711,-244280,29065991,13577800,1795544,41705053,40003853,1701200,42493855,2490002,0,244280,3615391,9622284,6006893,25450600,25450600,0,1214887,50000,240478187,214434200,600000,600000,84.9420289855072
18116,5,37,3,8,1,1,40480125,40080125,30556525,6143765,24412760,9523600,400000,29577070,25107070,4470000,36010125,10903055,7194000,1050235,-197240,1242700,1439940,24610000,24610000,0,0,14300000,237393609,274432909,1793509,1793509,88.2826086956522
18117,5,37,3,2,1,1,19165867,18565867,9103087,3452410,5650677,9462780,600000,10148820,9848820,300000,18865867,9017047,3688000,235590,5350677,7956350,2605673,300000,300000,0,0,0,166341690,156267000,1518090,300000,28.8545454545455
18119,3,37,3,2,2,1,20425411,20425411,20425411,73595,20351816,0,0,23078840,22286840,792000,19633411,-2653429,3000000,2926405,10251816,25775400,15523584,10100000,10100000,0,0,0,367219273,316317300,1569873,300000,28.8545454545455
18120,5,37,3,2,1,4,24703259,17601859,9423859,9105699,318160,8178000,7101400,19521260,19080610,440650,24262609,5181999,9105699,0,318160,3246000,2927840,0,0,0,0,1200000,442272526,437528300,1500126,400000,28.8545454545455
18121,3,37,3,2,3,5,102189288,85978688,51598688,18042500,33556188,34380000,16210600,102550170,83192170,19358000,82831288,-360882,18155000,112500,2032188,11554843,9522655,31524000,31524000,0,9000000,33796000,569551520,655352400,1639620,500000,28.8545454545455
18122,5,37,3,8,1,1,34726277,34726277,20746277,-5803940,26550217,13980000,0,19591231,19417451,173780,34552497,15135046,1771000,7574940,23550217,33796250,10246033,3000000,3000000,0,300000,14000000,354655589,314139700,1777389,500000,30.1282051282051
18123,5,37,2,5,1,2,81638892,80838892,72360222,59149276,13210946,8478670,800000,22486230,19776230,2710000,78928892,59152662,114146995,54997719,13060946,21503551,8442605,150000,150000,0,0,200000,711371400,677933200,1443900,500000,35.3030303030303
18124,5,37,3,4,1,1,38741418,35698818,25028118,4098161,20929957,10670700,3042600,24084207,23579207,505000,38236418,14657211,5537621,1439460,15509957,17776351,2266394,5420000,5420000,0,5600000,2350000,445727200,425095080,628100,182580,54.25
18125,3,37,2,4,3,1,46714311,45423773,36262313,6102436,30159877,9161460,1290538,41016232,35136042,5880190,40834121,5698079,35888134,29785698,29973938,55244143,25270205,185939,185939,0,32134924,10966500,360731074,310295500,517050,450000,54.25
18126,5,37,3,4,1,1,23073755,22473755,12199795,986720,11213075,10273960,600000,14317040,14059040,258000,22815755,8756715,2598250,1611530,11213075,11712075,499000,0,0,0,2000000,3300000,900361050,885620200,534450,331200,54.25
18127,5,37,3,1,1,2,35737366,30754456,13834836,9681060,4153776,16919620,4982910,27655886,24416916,3238970,32498396,8081480,15896720,6215660,153776,2122900,1969124,4000000,4000000,0,6800000,5689410,581745480,568328400,692880,350000,21.6363636363636
18128,5,37,3,1,1,2,9574225,8974225,567006,-1614114,2181120,8407219,600000,28126690,26816690,1310000,8264225,-18552465,4339926,5954040,2181120,4588855,2407735,0,0,0,11000000,830000,516396150,483093000,118450,400000,21.6363636363636
18129,5,37,3,4,1,1,-1397076,-1997076,-10327396,-9722992,-604404,8330320,600000,18735426,17430426,1305000,-2702076,-20132502,3340558,13063550,-604404,1405125,2009529,0,0,0,10600000,300000,635802770,624921500,456070,538000,54.25
18131,5,37,3,4,1,2,47992496,46903256,38639925,3050699,35589226,8263331,1089240,26878403,25239593,1638810,46353686,21114093,5630439,2579740,32279850,41338898,9059048,3309376,3309376,0,24575203,30037518,237353243,217742400,286640,500000,97
18132,5,37,3,4,1,1,10371111,9771111,587981,-791393,1379374,9183130,600000,13781820,13581820,200000,10171111,-3410709,2385232,3176625,1379374,2984625,1605251,0,0,0,7200000,1200000,355594670,342100900,180270,380000,54.25
18134,4,37,3,1,1,2,45812693,43612693,29542858,7801198,21741660,14069835,2200000,49870241,46420950,3449291,42363402,-4057548,11671162,3869964,18171660,28299826,10128166,3570000,3570000,0,2200000,2263100,459131180,390394800,651180,630000,27.625
18135,5,37,3,1,2,2,21068556,20468556,10053590,-1301160,11354750,10414966,600000,26332590,25806590,526000,20542556,-5264034,5558750,6859910,11354750,18485200,7130450,0,0,0,7200000,250000,312251350,281631900,11450,420000,21.6363636363636
18136,5,37,3,4,1,1,49170835,35950835,20832515,6186500,14646015,15118320,13220000,30703060,28967860,1735200,47435635,18467775,10610600,4424100,9696015,13069125,3373110,4950000,4950000,0,7150000,4050000,369932690,357633500,395090,520000,97
18137,5,37,2,4,1,1,19463285,17563285,10158325,8337000,1821325,7404960,1900000,8571250,7971250,600000,18863285,10892035,14950000,6613000,1821325,2157025,335700,0,0,0,1100000,0,1281344500,1273787200,152300,360000,54.25
18138,5,37,3,4,1,1,5698250,5698250,-101750,305000,-406750,5800000,0,14033930,13570930,463000,5235250,-8335680,345000,40000,-406750,345000,751750,0,0,0,0,400000,191260400,179074800,1751500,200000,54.25
18139,4,37,3,4,1,1,17007585,17007585,15107585,-50000,15157585,1900000,0,11428327,11038327,390000,16617585,5579258,0,50000,15157585,21369000,6211415,0,0,0,0,0,307504900,294420900,1563300,100000,97
18140,4,37,3,4,1,1,-1464200,-1464200,-1464200,-150000,-1314200,0,0,10798460,10388460,410000,-1874200,-12262660,0,150000,-1314200,0,1314200,0,0,0,0,20000,172231400,149571500,1422500,50000,97
18141,4,37,3,4,2,1,80575043,71575043,70258043,2481850,67776193,1317000,9000000,36299850,33975530,2324320,78250723,44275193,3039450,557600,5913040,7495900,1582860,61863153,61863153,0,107617,1353000,130381537,123380900,1625520,30000,97
18142,4,37,3,4,1,1,91042983.5762712,90968064.9322034,90452557.6440678,37096774.6101695,53355783.0338983,515507.288135593,74918.6440677966,14858401.8644068,13284925.3898305,1573476.47457627,89469507.1016949,76184581.7118644,46213644.2711864,9116869.66101695,53081474.0508475,55786345.440678,2704871.38983051,274308.983050847,274308.983050847,0,273179.322033898,617330.101694915,61424940.6779661,54574000,1689600,100000,54.25
18143,5,37,3,4,1,1,17485577,17485577,12657517,-35000,12692517,4828060,0,17318551,15720341,1598210,15887367,167026,0,35000,12692517,19410000,6717483,0,0,0,992912,17203668,96059496,82209100,1773196,100000,97
18145,5,37,2,4,1,1,54725648,54725648,45222200,47569000,-2346800,9503448,0,20579806,20069340,510466,54215182,34145842,47800000,231000,-2616800,1380000,3996800,270000,270000,0,0,0,340131400,340808000,1597600,100000,54.25
18146,4,37,2,4,2,1,55290790,55290790,49450790,46654090,2796700,5840000,0,40813248,38903768,1909480,53381310,14477542,48000000,1345910,-4403300,1725000,6128300,7200000,7200000,0,5646000,4866600,894551720,897801200,1517720,200000,54.25
18147,4,37,3,1,1,2,-33251300,-33251300,-33251300,-37617200,4365900,0,0,20212900,17242900,2970000,-36221300,-53464200,0,37617200,4365900,4468900,103000,0,0,0,1000000,0,475764700,373958200,0,859000,5.55555555555556
18148,4,37,3,1,1,1,30890840,30890840,30890840,-16808800,47699640,0,0,10068660,8952660,1116000,29774840,20822180,0,16808800,29099640,32998300,3898660,18600000,18600000,0,4500000,21000000,168403100,150344500,1601900,565100,5.55555555555556
18150,4,37,3,1,2,1,37969300,37969300,37969300,-21573100,59542400,0,0,19099300,17245800,1853500,36115800,18870000,0,21573100,29142400,29220400,78000,30400000,30400000,0,2000000,0,154352400,105058500,1657000,577000,5.55555555555556
18151,5,37,2,3,1,2,10546170,10546170,6118670,6442970,-324300,4427500,0,9189440,8939440,250000,10296170,1356730,10752500,4309530,-324300,477700,802000,0,0,0,1990000,9600000,296893700,289419300,1590700,985000,5
18153,4,37,3,5,1,1,-369710,-369710,-369710,-549000,179290,0,0,7012997,6962997,50000,-419710,-7382707,0,549000,179290,438450,259160,0,0,0,2000000,500000,47688610,48600600,2855710,661000,32.0357142857143
18155,5,37,3,5,1,1,18949950,9809950,3909950,2560000,1349950,5900000,9140000,5664900,5464900,200000,18749950,13285050,4895000,2335000,1349950,1945650,595700,0,0,0,1000000,0,184579350,177976600,2192350,507000,95.9
18157,5,37,3,5,1,1,12836140,12836140,11306140,2410890,8895250,1530000,0,14715215,12815565,1899650,10936490,-1879075,4900000,2489110,8895250,9224000,328750,0,0,0,24500000,11650000,273940840,248371500,1457940,447000,32.0357142857143
18158,5,37,3,1,1,1,18048415,18048415,10348415,-1255660,11604075,7700000,0,8489590,8239590,250000,17798415,9558825,0,1255660,11604075,14262600,2658525,0,0,0,8500000,100000,165274370,151855400,1490070,561000,5.55555555555556
18160,5,37,3,3,1,2,29721790,29721790,21421790,5989190,15432600,8300000,0,4753280,4753280,0,29721790,24968510,8050000,2060810,15432600,15494600,62000,0,0,0,1000000,0,618496750,611327000,2234250,667000,5
18161,3,37,3,1,2,2,9347900,9347900,9347900,-19740800,29088700,0,0,10016700,8990700,1026000,8321900,-668800,0,19740800,29088700,29138700,50000,0,0,0,1000000,0,305454550,276632000,2373250,963000,5.55555555555556
18163,5,37,3,7,1,1,15848890,11148890,-143220,-565800,422580,11292110,4700000,13507228,13193880,313348,15535542,2341662,649000,1214800,122580,544500,421920,300000,300000,0,3500000,1704550,145462388,134576100,1682288,785900,23.625
18164,5,37,2,7,1,1,10967560,10967560,4987560,4724360,263200,5980000,0,6465290,5885290,580000,10387560,4502270,14550000,9825640,263200,458200,195000,0,0,0,1500000,0,236369293,234334100,1168793,799000,15.7
18165,3,37,3,8,1,1,33642600,25642600,24401050,7669360,16731690,1241550,8000000,22983988,20893680,2090308,31552292,10658612,9600000,1930640,3502300,3985050,482750,13229390,13399390,170000,0,1600000,74679584,66766400,1636984,650000,46.1
18167,5,37,3,8,1,1,49560471,47697759,37568199,6686552,30881647,10129560,1862712,18922474,17890474,1032000,48528471,30637997,9880632,3194080,30856647,41190362,10333715,25000,25000,0,51030723,58745000,129570710,104593800,1736987,507100,46.1
18169,5,37,3,8,1,1,15049830,15049830,11179830,6686880,4492950,3870000,0,3085160,2765160,320000,14729830,11964670,9200000,2513120,4492950,4522950,30000,0,0,0,1000000,0,103278700,96209000,2675600,560000,46.1
18170,5,37,3,8,1,1,767873.787878789,730601.060606061,102949.848484849,-3150483.42424242,3253433.27272727,627651.212121212,37272.7272727273,11003668.7272727,10312272.4242424,691396.303030303,76477.4848484856,-10235794.9393939,917804.303030303,4068287.72727273,3164618.12121212,3986447.15151515,821829.03030303,88815.1515151515,88815.1515151515,0,4232409.09090909,1059327.27272727,112070185.333333,99963400,1719952,227000,46.1
18171,5,37,3,8,1,1,23911450,23911450,14609750,1433400,13176350,9301700,0,7166510,7066510,100000,23811450,16744940,5336100,3902700,13176350,21309350,8133000,0,0,0,9000000,14000000,206328843,173383500,1418543,520000,46.1
18172,4,37,3,8,1,1,72817265,72817265,71967265,-3396210,75363475,850000,0,14162135,13302135,860000,71957265,58655130,0,3396210,75363475,90926700,15563225,0,0,0,30000000,27650000,212747400,139411300,1530000,785000,46.1
18173,5,37,3,8,1,2,-1757490,-1757490,-4807490,-5286690,479200,3050000,0,4637430,4147430,490000,-2247490,-6394920,0,5286690,479200,543200,64000,0,0,0,1500000,0,307599500,293081200,1459500,447000,46.1
18174,5,37,2,8,1,1,28988400,28988400,27068400,28112600,-1044200,1920000,0,8991910,8671910,320000,28668400,19996490,33153350,5040750,-1044200,483800,1528000,0,0,0,6000000,6180000,315899250,307457400,1528750,385000,46.1
18175,5,37,3,8,1,1,11888432,11888432,169392,-1490665,1660057,11719040,0,16166814,15337334,829480,11058952,-4278382,3428400,4919065,1660057,2838900,1178843,0,0,0,10500000,6100000,159459640,143715100,2076540,620500,46.1
18176,5,37,3,8,1,1,14269130,12269130,3539130,13915970,-10376840,8730000,2000000,34928560,25588560,9340000,4929130,-20659430,22214200,8298230,-10376840,53726150,64102990,0,0,0,1999400,16160000,1459887800,1214120700,5650800,5420000,17.9545454545455
18177,1,37,2,8,5,1,216225162,183115652,168554652,103501440,65053212,14561000,33109510,41800716,39609126,2191590,214033572,174424446,133144980,29643540,64982772,90140362,25157590,70440,70440,0,0,33877400,393086800,392685600,2870000,1000000,254
18178,4,37,3,8,2,1,13188008,12134731,2406781,-5325502,7732283,9727950,1053277,37496391,36381491,1114900,12073108,-24308383,21847700,27173202,7732283,12773913,5041630,0,0,0,0,1530000,648313664,589333264,1977000,3550000,17.9545454545455
18179,5,37,2,8,1,1,6401040,6401040,294100,2659600,-2365500,6106940,0,10600700,9740700,860000,5541040,-4199660,3634000,974400,-2365500,0,2365500,0,0,0,0,0,64643900,57413600,2554800,1472000,254
18180,4,37,3,5,2,1,17569110,17569110,16869110,-491330,17360440,700000,0,34586093,26270779,8315314,9253796,-17016983,608000,1099330,-1300390,0,1300390,18660830,18660830,0,10760570,23085391,232902300,224526000,2053000,1790000,32.0357142857143
18182,5,37,3,2,1,2,67362050,65462050,52862050,1896000,50966050,12600000,1900000,44678520,40755120,3923400,63438650,22683530,2574000,678000,50966050,59965000,8998950,0,0,0,0,185000,519538200,487662100,1500000,1500000,295
18183,4,37,3,8,1,1,32391466,30776006,8591976,8153609,438367,22184030,1615460,47610186,45721736,1888450,30503016,-15218720,16012600,7858991,438367,16480750,16042383,0,0,0,16254486,3450000,1151542500,1127488300,4323000,3500000,17.9545454545455
18184,4,37,3,4,1,1,36073060,35469220,24575520,4862500,19713020,10893700,603840,31318290,28131370,3186920,32886140,4754770,4900000,37500,13458520,31074000,17615480,6254500,6254500,0,2000000,2102000,327240220,324801500,1570820,50000,97
18185,4,37,3,4,1,1,41158750,41158750,41158750,5000000,36158750,0,0,28410160,25365160,3045000,38113750,12748590,5000000,0,36158750,49450000,13291250,0,0,0,9321100,6573610,288371000,274838600,1574100,100000,54.25
18186,4,37,3,4,1,1,13814300,13814300,13814300,11100000,2714300,0,0,20741640,17415640,3326000,10488300,-6927340,11150000,50000,-715700,8729500,9445200,3430000,3430000,0,10004000,5351000,188593320,170946900,1334920,100000,54.25
18187,4,37,3,4,3,1,68917238,64368271,23840121,-1130515,24970636,40528150,4548967,45264690,41638554,3626136,65291102,23652548,5420900,6551415,18257996,50485490,32227494,6712640,6712640,0,0,8224057,339909177,333093900,1448677,200000,97
18188,4,37,3,4,1,1,15513800,10032080,4176080,-2571250,6747330,5856000,5481720,14483850,14313850,170000,15343800,1029950,-2471250,100000,3197330,10029580,6832250,3550000,3550000,0,300000,0,411956800,401846400,1691600,100000,97
18189,3,37,3,4,1,1,21553500,21553500,21553500,455000,21098500,0,0,17901350,17243350,658000,20895500,3652150,575000,120000,21098500,23650000,2551500,0,0,0,0,5350000,264810300,260422000,1530000,50000,97
18190,4,37,3,4,1,1,10073405,9273405,9273405,7038500,2234905,0,800000,14983050,14583050,400000,9673405,-4909645,7265500,227000,2234905,5297000,3062095,0,0,0,0,20000000,94552250,90932600,1654350,50000,97
18191,5,37,3,4,1,1,33163000,33163000,23513000,4444500,19068500,9650000,0,13097930,12517930,580000,32583000,20065070,4500000,55500,19068500,23000000,3931500,0,0,0,0,3600000,286693000,275177200,1896900,100000,97
18192,4,37,3,5,1,1,7881575,7881575,-2489505,-26900,-2462605,10371080,0,14891550,14741550,150000,7731575,-7009975,620000,646900,-2462605,0,2462605,0,0,0,0,200000,240906580,236774800,2445780,580000,32.0357142857143
18193,5,40,1,7,1,2,197691007,195691007,191338167,192053147,-714980,4352840,2000000,65800418,58903498,6896920,190794087,131890589,265995000,73941853,-714980,0,714980,0,0,0,14800000,0,1674442200,1415564400,35000,100000,103.142857142857
18195,5,37,2,4,1,1,86876715,82876715,67513655,47692480,19821175,15363060,4000000,19367950,19267950,100000,86776715,67508765,73772500,26080020,19821175,23475425,3654250,0,0,0,5300000,7080000,968276650,935995500,552850,380000,54.25
18196,5,37,3,4,1,1,14392485,14392485,3610455,-1424145,5034600,10782030,0,13364590,13046500,318090,14074395,1027895,3742825,5166970,5034600,9247119,4212519,0,0,0,9000000,1200000,371149601,321966000,624201,560000,97
18197,5,37,3,4,1,1,39385220,39385220,29382340,16612675,12769665,10002880,0,11862670,11692670,170000,39215220,27522550,19542000,2929325,11574665,13314700,1740035,1195000,1195000,0,2000000,2500000,807546310,808977300,623510,620000,54.25
18199,5,37,2,4,1,1,14521150,13461150,1328150,-3478950,4807100,12133000,1060000,15371900,14971900,400000,14121150,-850750,3686550,7165500,4807100,5599200,792100,0,0,0,0,1930000,230929250,227164100,1530450,5000000,97
18200,3,37,1,1,1,5,22825400,22565400,5382040,5146990,235050,17183360,260000,27364880,20765920,6598960,16226440,-4539480,23750000,18603010,235050,476750,241700,0,0,0,4000000,18000000,597434800,583606700,2331700,500000,27.625
18203,5,40,3,4,1,2,36805400,32805400,-94600,687400,-782000,32900000,4000000,15712460,13912460,1800000,35005400,21092940,2070000,1382600,-782000,0,782000,0,0,0,0,0,1727524700,1715991600,3000000,600000,206.166666666667
18204,4,40,2,4,1,1,1251100,1251100,-1748900,-4136900,2388000,3000000,0,18268500,17768500,500000,751100,-17017400,1035000,5171900,-12000,0,12000,2400000,2400000,0,0,10000,848255800,831475900,1700000,3000000,206.166666666667
18205,5,40,2,4,1,1,26845270,24645270,-1154730,-1154730,0,25800000,2200000,9721480,9341480,380000,26465270,17123790,1380000,2534730,0,0,0,0,0,0,0,0,449477200,440784500,2500000,2500000,149.333333333333
18208,5,40,1,4,1,1,6501700,4301700,-758300,-758300,0,5060000,2200000,5301500,5241500,60000,6441700,1200200,1380000,2138300,0,0,0,0,0,0,0,0,708127400,704702100,1800000,300000,149.333333333333
18209,5,40,3,4,1,1,568370,568370,-6941630,-1671630,-5270000,7510000,0,17805500,15537900,2267600,-1699230,-17237130,977500,2649130,-5270000,0,5270000,0,0,0,25150000,0,1276779300,1248031200,1700000,2000000,206.166666666667
18212,5,40,2,4,1,1,12063150,9863150,23150,23150,0,9840000,2200000,8991600,8731600,260000,11803150,3071550,1794000,1770850,0,0,0,0,0,0,0,0,492068200,488123200,1500000,2500000,206.166666666667
18213,4,37,3,8,1,1,39023450,32175450,18417920,1617800,16800120,13757530,6848000,20002502,19673672,328830,38694620,19020948,1628000,10200,290760,6107000,5816240,16509360,16509360,0,0,1375000,92943460,86032660,1639760,1639760,84.9420289855072
18214,5,37,3,8,1,1,21799560,21199560,10270560,5815820,4454740,10929000,600000,14507535,13744992,762543,21037017,7292025,6103000,287180,4454740,6499650,2044910,0,0,0,0,5365000,105546750,103519600,1544050,300000,84.9420289855072
18216,5,40,1,5,1,1,7859200,7059200,139200,385000,-245800,6920000,800000,18018560,16988560,1030000,6829200,-10159360,970000,585000,-245800,322000,567800,0,0,0,0,0,407886540,406008000,1526540,1500000,52.25
18217,5,40,2,8,1,1,6171580,6071580,1351580,802980,548600,4720000,100000,4933715,4613715,320000,5851580,1237865,1239300,436320,488600,488600,0,60000,60000,0,520000,0,604482000,641872200,1336500,1400000,84.9420289855072
18219,2,37,2,4,1,1,22608270,22608270,22608270,12939720,9668550,0,0,42052470,35182470,6870000,15738270,-19444200,14950000,2010280,-31450,0,31450,9700000,9700000,0,0,0,162075210,152092700,1396910,1000000,54.25
18222,5,40,3,8,1,1,14445250,11119250,3429250,-312650,3741900,7690000,3326000,8797750,8627750,170000,14275250,5647500,20000,332650,1113900,1181050,67150,2628000,2628000,0,0,0,984452600,983776200,1483200,3000000,84.9420289855072
18223,5,40,2,8,1,1,8625520,6385520,2365520,917050,1448470,4020000,2240000,6936840,6571840,365000,8260520,1688680,1001050,84000,1348470,1419020,70550,100000,100000,0,0,0,480009160,472564700,1243360,2000000,84.9420289855072
18224,3,37,2,4,4,1,22902010,21002010,13912010,11532760,2379250,7090000,1900000,14508830,11191830,3317000,19585010,8393180,16675000,5142240,-199750,0,199750,2579000,2579000,0,0,2300000,178045150,174015100,1867550,1400000,54.25
18225,5,40,3,4,1,1,15938860,15938860,7627140,-301060,7928200,8311720,0,16940370,16409370,531000,15407860,-1001510,200000,501060,1478200,1602000,123800,6450000,6450000,0,0,50000,295575253,288824600,1924653,3000000,206.166666666667
18227,5,40,2,5,2,2,7709000,6809000,-171000,-511000,340000,6980000,900000,7689578,7579578,110000,7599000,19422,250000,761000,340000,399000,59000,0,0,0,0,0,35022920,31243500,2105620,800000,52.25
18228,4,40,3,5,3,1,10673200,9273200,4053200,-4192980,8246180,5220000,1400000,18881400,18581400,300000,10373200,-8208200,0,4192980,8246180,8587300,341120,0,0,0,0,0,720710500,698774300,1864000,2000000,52.25
18229,5,40,3,8,1,1,30139421,30139421,-3660579,-1768940,-1891639,33800000,0,25410157,24178157,1232000,28907421,4729264,0,1768940,-1891639,0,1891639,0,0,0,0,30000,390892727,379852500,1909727,3000000,88.25
18230,4,40,3,8,1,1,25105150,24305150,23905150,-705480,24610630,400000,800000,17309632,14843632,2466000,22639150,7795518,264000,969480,4780630,4830000,49370,19830000,19830000,0,0,70000,180194022,175826200,2590722,800000,84.9420289855072
18232,5,40,2,2,1,2,20468755,19428755,13358755,9078360,4280395,6070000,1040000,22367600,20703560,1664040,18804715,-1898845,9475000,396640,230395,1404450,1174055,4050000,4050000,0,0,410000,123672897,118559200,1661597,500000,28.8545454545455
18233,3,40,2,2,3,1,19422260,19422260,17582260,14589060,2993200,1840000,0,29861449,23745449,6116000,13306260,-10439189,16330000,1740940,-6800,0,6800,3000000,3000000,0,0,1000000,166327600,151786500,1620200,2000000,28.8545454545455
18234,5,40,3,5,1,1,5377190,4577190,3677190,-2935940,6613130,900000,800000,13602338,12976958,625380,4751810,-8225148,1122000,4057940,613130,2586580,1973450,6000000,6000000,0,0,0,665700150,655916800,1945450,1200000,52.25
18236,5,37,2,5,1,2,13128392,13128392,6922992,1477575,5445417,6205400,0,15953640,14763640,1190000,11938392,-2825248,6927475,5449900,1554417,1750575,196158,3891000,3891000,0,2001000,14690000,609335801,598181700,1381101,2000000,68.1764705882353
18237,4,37,2,4,1,1,75064141,75064141,75064141,55694660,19369481,0,0,39039900,35752050,3287850,71776291,36024241,77820500,22125840,18019481,22523000,4503519,1350000,1350000,0,0,2352000,483354700,483315000,1783400,5000000,54.25
18238,5,37,3,4,1,1,27837450,27437450,7999450,7500700,498750,19438000,400000,20065210,18285210,1780000,26057450,7772240,14421000,6920300,498750,1196000,697250,0,0,0,0,0,578123400,563363700,1726600,1700000,54.25
18239,4,37,2,4,1,1,4400640,3800640,1391600,4080400,-2688800,2409040,600000,41641070,35005730,6635340,-2234700,-37240430,12650000,8569600,-2688800,0,2688800,0,0,0,0,1402000,1014373986,994881200,1831586,5000000,54.25
18240,4,37,3,4,1,1,2459410,2459410,2459410,-1608590,4068000,0,0,36064960,31274960,4790000,-2330590,-33605550,9200000,10808590,-32000,0,32000,4100000,4100000,0,0,0,1566617534,1532459000,1971834,3000000,54.25
18241,4,37,1,4,1,1,20699486,18099486,7982910,9416450,-1433540,10116576,2600000,18987986,15009186,3978800,16720686,1711500,13915000,4498550,-1433540,0,1433540,0,0,0,0,4300000,691925983,694780400,1568283,4000000,54.25
18242,5,37,3,2,1,4,26665990,26665990,20148370,7392510,12755860,6517620,0,23936659,22021859,1914800,24751190,2729331,8500000,1107490,9755860,9971250,215390,3000000,3000000,0,5000000,15000000,546645260,537373300,933860,1620000,28.8545454545455
18244,5,37,3,2,1,1,16554390,15754390,6514050,2640500,3873550,9240340,800000,8934570,7944570,990000,15564390,7619820,5750000,3109500,3873550,5903750,2030200,0,0,0,2500000,4100000,151241240,147250400,1648540,380900,100.45
18247,5,37,3,1,1,1,10771295,10771295,4654795,289980,4364815,6116500,0,12390120,11155820,1234300,9536995,-1618825,5750000,5460020,4364815,5432550,1067735,0,0,0,5500000,7000000,362133290,349932100,2798490,447000,5.55555555555556
18249,5,37,3,8,1,1,8112130,7512130,212130,-1552620,1764750,7300000,600000,9829990,9779990,50000,8062130,-1717860,274400,1827020,624750,883650,258900,1140000,1140000,0,4000000,0,141986809,130853000,2156309,565100,46.1
18251,3,37,3,8,1,1,3316796,1068796,868796,-5130550,5999346,200000,2248000,12158090,10958090,1200000,2116796,-8841294,758100,5888650,1319346,6280400,4961054,4680000,4680000,0,7075000,3550000,330684100,314562900,1595000,72000,46.1
18252,5,37,3,5,1,1,12915010,10515010,635010,-3282440,3917450,9880000,2400000,12442125,12392125,50000,12865010,472885,2800000,6082440,417450,572550,155100,3500000,3500000,0,11000000,2000000,233262612,217776400,2604612,565000,95.9
18254,5,37,3,1,1,2,24992883,23463283,13696432,8593715,5102717,9766851,1529600,26260473,24579683,1680790,23312093,-1267590,9777165,1183450,3326192,8370235,5044043,1776525,1776525,0,16493500,5378970,501761420,471667300,433820,435000,21.6363636363636
18256,3,37,3,4,4,1,57339863,57339863,55839863,5534485,50305378,1500000,0,16943407,15339787,1603620,55736243,40396456,13595528,8061043,48851608,58141350,9289742,1453770,1453770,0,0,1960000,551889640,542324100,1721440,2000000,97
18257,5,37,2,4,1,1,68654092,54497513,44837263,21901322,22935941,9660250,14156579,25258184,22283054,2975130,65678962,43395908,35298744,13397422,22935941,29097530,6161589,0,0,0,15693000,7560000,591103534,567306600,1343534,500000,54.25
18258,3,37,3,1,1,2,6282310,5502310,5502310,1228530,4273780,0,780000,28494180,21873204,6620976,-338666,-22211870,4457500,3228970,4273780,6440400,2166620,0,0,0,10562574,23569000,114006090,105245400,1660690,770000,5.55555555555556
18259,4,40,1,5,1,1,63951350,62951350,52151350,52151350,0,10800000,1000000,21223700,21163700,60000,63891350,42727650,55100000,2948650,0,0,0,0,0,0,8400000,0,904958600,886426100,1500000,3000000,306
18260,4,40,3,7,1,1,-2888370,-2888370,-10088370,-26418370,16330000,7200000,0,27926930,25094930,2832000,-5720370,-30815300,-15000000,11418370,16330000,40000000,23670000,0,0,0,0,0,410229600,378269800,1500000,2000000,103.142857142857
18261,5,37,3,4,1,1,33130450,33130450,30970450,14489000,16481450,2160000,0,13646200,13426200,220000,32910450,19484250,15858500,1369500,16481450,18936750,2455300,0,0,0,0,0,747520100,754381300,1512500,2000000,54.25
18262,5,37,2,5,1,1,27760595,27760595,22924595,22580820,343775,4836000,0,16229990,15851490,378500,27382095,11530605,36500000,13919180,343775,3450000,3106225,0,0,0,235000,350000,813116000,793030400,300000,300000,35.3030303030303
18263,5,37,1,5,1,1,14493420,14493420,8014920,5087150,2927770,6478500,0,8645110,7595110,1050000,13443420,5848310,11180000,6092850,-312230,0,312230,3240000,3240000,0,121200,121200,319001600,314415000,3000000,3000000,68.1764705882353
18264,5,37,1,5,1,1,9292910,9292910,-1690090,-1304240,-385850,10983000,0,21217710,19483710,1734000,7558910,-11924800,12300000,13604240,-385850,0,385850,0,0,0,1933000,1470000,430774600,412341400,150000,150000,68.1764705882353
18265,3,37,2,5,1,1,133977991,133977991,132907991,68949465,63958526,1070000,0,39768230,32155520,7612710,126365281,94209761,102199500,33250035,57008526,73278367,16269841,6950000,6950000,0,150000,8540000,1231336000,1214975400,700000,700000,35.3030303030303
18266,4,37,2,5,2,1,21891791,21891791,6007671,1214250,4793421,15884120,0,47707850,40529800,7178050,14713741,-25816059,14400000,13185750,4793421,6000000,1206579,0,0,0,16185708,26661500,202897100,187310300,1500000,1500000,35.3030303030303
18269,5,37,3,5,1,1,46189820,46189820,31253820,8536020,22717800,14936000,0,40943890,38197090,2746800,43443020,5245930,22250000,13713980,22717800,25300000,2582200,0,0,0,25925000,33948000,1013069200,986118000,1500000,1500000,35.3030303030303
18270,5,37,1,5,1,1,15314669.275,14137801.775,6443758.15,5375978,1067780.15,7694043.625,1176867.5,7477906.525,7166930.275,310976.25,15003693.025,7836762.75,18714503.5,13338525.5,875505.15,1307910,432404.85,192275,192275,0,8013811.25,18729274,368354300,370457300,100000,100000,68.1764705882353
18272,4,37,2,5,1,1,51974500,51174500,49974500,33111360,16863140,1200000,800000,17753814,16976814,777000,51197500,34220686,63000000,29888640,16863140,17250000,386860,0,0,0,35772500,69841300,306851300,310623400,400000,400000,35.3030303030303
18273,3,37,2,5,1,1,69204955,67743523,65822773,441492,65381281,1920750,1461432,28578926,21463140,7115786,62089169,40626029,24297012,23855520,64574876,73897631,9322755,806405,806405,0,202060,2880000,671185600,645979900,1500000,1500000,35.3030303030303
18274,3,37,2,5,2,1,14651400,14651400,10971400,10157450,813950,3680000,0,21840107,19046510,2793597,11857803,-7188707,24300000,14142550,813950,1150000,336050,0,0,0,414000,364000,515004100,490329300,300000,300000,35.3030303030303
18275,4,37,2,1,1,1,27854041,27797241,20202041,21731500,-1529459,7595200,56800,24463438,23561518,901920,26952121,3390603,42815455,21083955,-1529459,943875,2473334,0,0,0,6000000,1870000,425962300,397679100,655000,655000,5.55555555555556
18276,4,37,3,5,2,1,52755368,50795939,45013579,-489715,45503294,5782360,1959429,23907894,17457534,6450360,46305008,28847474,525000,1014715,45203294,63088250,17884956,300000,300000,0,14966421,6975600,498537021,477916600,1000000,1000000,32.0357142857143
18277,5,37,3,5,1,1,17930847,14730847,5113047,-5375100,10488147,9617800,3200000,14441390,14314390,127000,17803847,3489457,0,5375100,2959847,3978000,1018153,7528300,7528300,0,0,2470000,220940800,211468400,300000,300000,35.3030303030303
18278,5,37,1,7,1,1,8138665,8138665,-994885,-3448700,2453815,9133550,0,13236037,10470045,2765992,5372673,-5097372,200000,3648700,-246185,79350,325535,2700000,2700000,0,0,200000,289641140,283196500,1479840,500000,290
18279,3,37,2,5,2,1,11244480,11244480,3980480,3412180,568300,7264000,0,12798760,11788760,1010000,10234480,-1554280,9405000,5992820,568300,3020000,2451700,0,0,0,0,2400000,868768300,859060000,1000000,1000000,35.3030303030303
18280,5,37,2,5,1,1,22240740,20240740,-1517860,-1064530,-453330,21758600,2000000,11000030,10709760,290270,21950470,11240710,0,1064530,-453330,430000,883330,0,0,0,0,0,91577300,88636000,1000000,1000000,95.9
18281,4,37,3,5,1,1,72114685,61558685,48473685,-2231400,50705085,13085000,10556000,50117270,47729960,2387310,69727375,21997415,1465400,3696800,49475085,80056325,30581240,1230000,1230000,0,3600000,6330000,500821600,484357600,2000000,2000000,32.0357142857143
18282,4,37,3,5,1,1,15876328,13856328,506328,-875163,1381491,13350000,2020000,17786463,17571463,215000,15661328,-1910135,0,875163,910991,2970000,2059009,470500,470500,0,0,2200000,347706400,336193100,1000000,1000000,32.0357142857143
18283,5,37,3,5,1,1,16166065,13966065,-342455,163420,-505875,14308520,2200000,11307938,10967938,340000,15826065,4858127,2010000,1846580,-852675,230000,1082675,346800,346800,0,0,162000,216790500,213094900,1500000,1500000,32.0357142857143
18284,4,37,3,5,1,1,23702580,22702580,10431980,-49070,10481050,12270600,1000000,15866340,12525340,3341000,20361580,7836240,973000,1022070,6171050,9916500,3745450,4310000,4310000,0,0,2220000,76171600,73237500,500000,500000,32.0357142857143
18285,5,37,3,5,1,1,42022693,42022693,26263273,1299315,24963958,15759420,0,14911418,14657918,253500,41769193,27111275,3390500,2091185,24633958,29622500,4988542,330000,330000,0,3350000,9700000,270327800,267270500,1000000,1000000,68.1764705882353
18286,5,37,2,5,1,1,34022059,30322986,17333739,3181315,14152424,12989247,3699073,21822224,18758714,3063510,30958549,12199835,7240755,4059440,13842424,21609745,7767321,310000,310000,0,3192293,20859000,515626493,521646300,1000000,1000000,68.1764705882353
18287,5,37,2,5,1,1,36405140,36005140,24629140,14706880,9922260,11376000,400000,16954500,14498500,2456000,33949140,19450640,20650000,5943120,9922260,10871450,949190,0,0,0,500000,2320000,340319100,333623400,500000,500000,35.3030303030303
18289,4,37,3,1,1,1,26275714.5789474,25615231,22674122.0526316,9712049.57894737,12962072.4736842,2941108.94736842,660483.578947368,11647007.5263158,10616540.7368421,1030466.78947368,25245247.7894737,14628707.0526316,11745742.7368421,2033693.15789474,11755067.2105263,14895631.9473684,3140564.73684211,1207005.26315789,1207005.26315789,0,4060960.26315789,5125352.26315789,45400501.3157895,17350000,1000000,150000,6.66666666666667
18290,4,37,3,5,1,1,3347500,3347500,3247500,1180000,2067500,100000,0,12221930,11267930,954000,2393500,-8874430,1400000,220000,2067500,2200000,132500,0,0,0,0,1800000,80615300,81365300,100000,100000,95.9
18291,5,37,1,5,1,1,9102000,8902000,4912000,4947000,-35000,3990000,200000,8438120,7963120,475000,8627000,663880,5600000,653000,-35000,0,35000,0,0,0,0,0,12681800,12081800,200000,200000,32.0357142857143
18292,4,37,3,4,1,1,15150500,15150500,14550500,9233000,5317500,600000,0,26168010,23994010,2174000,12976500,-11017510,11850000,2617000,5317500,17250000,11932500,0,0,0,0,200000,238147800,235087800,500000,500000,54.25
18293,5,37,1,5,1,2,3913910,3913910,3913910,4350010,-436100,0,0,20117720,17231720,2886000,1027910,-16203810,6300000,1949990,-3796100,0,3796100,3360000,3360000,0,0,0,127024300,120724400,100000,100000,95.9
18294,4,37,1,5,1,2,16808000,16808000,6408000,6408000,0,10400000,0,8574090,7532090,1042000,15766000,8233910,7308000,900000,0,0,0,0,0,0,50000,100000,30221500,29871500,100000,100000,32.0357142857143
18295,5,37,3,5,1,1,2768910,2768910,1238910,502010,736900,1530000,0,4746000,4556000,190000,2578910,-1977090,660000,157990,36900,510150,473250,700000,700000,0,2000000,110000,39331900,36258600,380000,380000,32.0357142857143
18296,4,37,2,2,1,4,8395340,6595340,-4987220,1341820,-6329040,11582560,1800000,38395340,33721400,4673940,3721400,-30000000,10104000,8762180,-7729040,6718500,14447540,1400000,1400000,0,59343760,49597510,664564500,615192100,400000,400000,28.8545454545455
18297,4,37,3,2,1,2,42152021,36966577,31373187,4454000,26919187,5593390,5185444,24997648,23534758,1462890,40689131,17154373,10670000,6216000,26919187,57869425,30950238,0,0,0,62733450,75618324,159051306,147725800,3000000,3000000,28.8545454545455
18298,5,37,2,2,1,1,23371800,22171800,884100,5008700,-4124600,21287700,1200000,36014121,34853121,1161000,22210800,-12642321,5790000,781300,-4124600,500000,4624600,0,0,0,29987740,17323567,240825900,219935900,1000000,1000000,28.8545454545455
18299,2,37,3,2,1,1,29083168,29083168,23773798,11297510,12476288,5309370,0,18610420,17599760,1010660,28072508,10472748,12012500,714990,353338,2082000,1728662,12122950,12122950,0,11365270,25085454,120564500,133464600,1500000,1500000,28.8545454545455
18300,5,37,3,2,1,1,40232825,35135575,21481085,10579310,10901775,13654490,5097250,25539786,24387480,1152306,39080519,14693039,11795600,1216290,9843630,15590600,5746970,1058145,1058145,0,8980000,23743095,455432505,454248200,1000000,1000000,28.8545454545455
18301,4,37,3,2,1,1,12504010,12504010,-3100950,2645040,-5745990,15604960,0,25802500,25704000,98500,12405510,-13298490,4450000,1804960,-5745990,3450350,9196340,0,0,0,24715000,16111200,171283400,155430200,2000000,2000000,28.8545454545455
18302,3,37,3,2,1,1,2931570,2931570,-68430,-810300,741870,3000000,0,12037560,11648560,389000,2542570,-9105990,3100000,3910300,-5273130,3874000,9147130,6015000,6015000,0,17050520,15360820,283823500,270794800,3000000,3000000,28.8545454545455
18303,4,37,2,2,1,1,28497005,28497005,11264045,11371000,-106955,17232960,0,16029100,15933100,96000,28401005,12467905,12100000,729000,-106955,230000,336955,0,0,0,8315830,14647300,228333900,227643700,3000000,3000000,28.8545454545455
18304,4,37,3,2,1,1,16379702,15379702,4921742,922820,3998922,10457960,1000000,31996024,27152584,4843440,11536262,-15616322,3100000,2177180,3998922,13975000,9976078,0,0,0,20338568,9664480,88197100,63660400,2000000,2000000,28.8545454545455
18305,4,37,3,1,2,1,51014227,49814227,43504227,-615395,44119622,6310000,1200000,23251400,21235000,2016400,48997827,27762827,300000,915395,41819622,47015000,5195378,2300000,2300000,0,12150000,430000,213416900,193171200,300000,300000,6.66666666666667
18306,5,37,3,1,1,3,6737430,6137430,-6414200,-5526500,-887700,12551630,600000,17984190,16708690,1275500,5461930,-11246760,0,5526500,-1137700,729800,1867500,250000,250000,0,7757000,900000,218096300,198262200,3000000,3000000,27.625
18307,5,37,3,8,1,1,-9269640,-9269640,-12469640,-2068650,-10400990,3200000,0,8112390,7992390,120000,-9389640,-17382030,0,2068650,-10400990,555100,10956090,0,0,0,16500000,0,191362500,132719300,500000,500000,46.1
18308,5,37,3,5,1,1,9340400,7940400,460400,212350,248050,7480000,1400000,6490370,6390370,100000,9240400,2850030,764000,551650,248050,489050,241000,0,0,0,1500000,0,101118600,97079800,500000,500000,32.0357142857143
18309,5,37,2,8,1,1,34686980,34686980,30836980,30868680,-31700,3850000,0,7075260,6625260,450000,34236980,27611720,32000000,1131320,-31700,568250,599950,0,0,0,2000000,0,157630400,156163800,300000,300000,46.1
18310,5,37,3,8,1,1,23302165,23302165,20102165,10325040,9777125,3200000,0,6902450,6702450,200000,23102165,16399715,11500000,1174960,9777125,9953200,176075,0,0,0,1500000,0,140930400,134013900,350000,350000,46.1
18311,5,37,3,8,1,1,16652950,16652950,12902950,5413700,7489250,3750000,0,14735200,14585200,150000,16502950,1917750,6900000,1486300,7489250,7807750,318500,0,0,0,5000000,0,107066600,91950000,500000,500000,46.1
18312,5,37,3,8,1,1,17684050,17684050,12124050,5997000,6127050,5560000,0,4957700,4597700,360000,17324050,12726350,6900000,903000,6127050,6334050,207000,0,0,0,2480000,0,127165000,121901700,0,0,46.1
18313,5,37,3,8,1,1,23051500,23051500,19851500,9668350,10183150,3200000,0,6728500,6728500,0,23051500,16323000,11500000,1831650,10183150,10198150,15000,0,0,0,1000000,0,130312400,123429100,300000,300000,46.1
18316,5,37,2,4,1,1,11272430,10072430,-2206610,-1945260,-261350,12279040,1200000,18049856,17849856,200000,11072430,-6777426,1150000,3095260,-261350,2271850,2533200,0,0,0,7100000,1600000,385278700,363820400,550000,550000,54.25
18317,5,37,3,4,1,1,33283345,32113345,21517795,943510,20574285,10595550,1170000,19253997,18034427,1219570,32063775,14029348,4564000,3620490,19074285,24236175,5161890,1500000,1500000,0,9300000,1270000,486060100,462364900,536000,536000,97
18318,4,37,3,4,2,1,15737655,15137655,4431395,330320,4101075,10706260,600000,18353790,17325790,1028000,14709655,-2616135,1150000,819680,4101075,5256475,1155400,0,0,0,9000000,0,384387500,356684200,356500,356500,97
18319,5,37,2,4,1,1,10822910,8422910,301850,234010,67840,8121060,2400000,11534113,11282323,251790,10571120,-711203,3450000,3215990,67840,1429150,1361310,0,0,0,4800000,0,333591400,319321100,650000,650000,54.25
18320,5,37,3,4,1,1,24065610,22105610,8689530,8520710,168820,13416080,1960000,32732850,31270850,1462000,22603610,-8667240,11901000,3380290,-1831180,1344995,3176175,2000000,2000000,0,21428000,6757600,313654600,282556000,245000,245000,54.25
18321,5,37,3,4,1,1,21516225,18686225,2989015,-1036450,4025465,15697210,2830000,40451281,38212281,2239000,19277225,-18935056,920000,1956450,3985465,4547130,561665,40000,40000,0,7877600,2672500,171705100,158827500,480000,480000,97
18322,5,37,2,4,1,1,7022912,3622912,-7567128,-4736490,-2830638,11190040,3400000,26202850,24712850,1490000,5532912,-19179938,16778250,21514740,-4470638,10210075,14680713,1640000,1640000,0,7100000,2996900,527589500,499216300,500000,500000,54.25
18323,5,37,2,4,1,1,92073143,88240527,74505297,41777510,32727787,13735230,3832616,35809045,33445305,2363740,89709403,56264098,63653860,21876350,32727787,47002464,14274677,0,0,0,22642320,5815550,507129100,503786000,659000,659000,54.25
18325,5,37,3,4,1,1,24740930,23540930,8344700,3901240,4443460,15196230,1200000,23262260,21436260,1826000,22914930,1478670,10372350,6471110,4443460,6126600,1683140,0,0,0,2770000,3150000,581622600,563072300,475000,475000,54.25
18326,5,37,3,4,1,1,22864780,20678780,11473830,3985980,7487850,9204950,2186000,20546570,18072590,2473980,20390800,2318210,7839000,3853020,7137850,9287450,2149600,350000,350000,0,7550000,1120000,543648500,527673300,390000,390000,97
18327,4,37,2,1,1,2,101170138,101170138,89030498,64994665,24035833,12139640,0,32573148,28397908,4175240,96994898,68596990,74644595,9649930,24035833,29169475,5133642,0,0,0,8192000,4062126,355356500,328700300,485000,485000,6.66666666666667
18330,5,37,3,1,1,1,34749870,33749870,23437740,5595990,17841750,10312130,1000000,9265360,9220360,45000,34704870,25484510,6790400,1194410,17646750,21254500,3607750,195000,195000,0,1677000,1688000,276460100,267265800,1500000,1500000,21.6363636363636
18331,3,37,3,5,1,1,244985588,226567316,212277606,31009003,181268603,14289710,18418272,38336312,35122312,3214000,241771588,206649276,33339508,2330505,179136963,202150934,23013971,2131640,2131640,0,19832900,31147700,370404400,364559200,1800000,1800000,32.0357142857143
18333,3,37,3,5,1,1,14034308,14034308,14034308,-121040,14155348,0,0,29796013,20277775,9518238,4516070,-15761705,1680000,1801040,13037358,22168818,9131460,1117990,1117990,0,0,0,319771600,309657600,1000000,1000000,32.0357142857143
18336,4,37,3,5,1,1,98684552,97213342,92268002,11515700,80752302,4945340,1471210,50772227,37027637,13744590,84939962,47912325,13099400,1583700,80752302,120458800,39706498,0,0,0,47878543,21567000,419756243,366501100,1000000,1000000,32.0357142857143
18339,3,37,3,1,2,2,-7037738.89473684,-7121949.42105263,-10005203.1052632,4797188.57894737,-14802391.6842105,2883253.68421053,84210.5263157895,50148538.5263158,40437432.1578947,9711106.36842105,-16748845.2631579,-57186277.4210526,5550611.73684211,753423.157894737,-15154496.9473684,18218746.7894737,33373243.7368421,352105.263157895,352105.263157895,0,43961527.2631579,14360369.3684211,777080811.578947,722567900,2067180,1500000,21.6363636363636
18340,4,37,3,5,1,1,68061040,67061040,52861040,11450450,41410590,14200000,1000000,20693740,20073740,620000,67441040,47367300,12250000,799550,41410590,53590000,12179410,0,0,0,5433100,878160,343503000,330604800,3420000,3420000,32.0357142857143
18341,5,37,2,1,1,2,23106258,23019858,12263408,8266670,3996738,10756450,86400,12175720,11880670,295050,22811208,10930538,9000000,733330,3996738,4321500,324762,0,0,0,4600000,1600000,229217300,214884000,325000,325000,6.66666666666667
18343,5,37,3,1,1,2,62728524,53550399,34047659,6860630,27187029,19502740,9178125,25873610,23752070,2121540,60606984,36854914,9539200,2678570,25637283,32997455,7360172,1549746,1549746,0,11999533,4000000,509898633,480757500,326000,326000,21.6363636363636
18344,5,37,2,8,1,1,54771950,53571950,44826070,5922340,38903730,8745880,1200000,44179800,43679800,500000,54271950,10592150,19138300,13215960,38813730,50169715,11355985,90000,90000,0,8370000,1400000,415659700,383113100,546000,546000,17.9545454545455
18348,5,37,3,2,1,1,38257387,31997387,19737387,-104663,19842050,12260000,6260000,44858005,39805005,5053000,33204387,-6600618,0,104663,-3452950,5009850,8462800,23295000,23295000,0,0,2620000,188617200,180455700,300000,700000,28.8545454545455
18349,3,37,3,2,4,1,26748693,25985703,19230253,6706670,12523583,6755450,762990,24711996,23177656,1534340,25214353,2036697,7000000,293330,5116137,8859267,3743130,7407446,7407446,0,0,0,125326900,118663400,300000,300000,36.0526315789474
18350,4,37,3,2,1,1,40786310,40786310,26094660,309400,25785260,14691650,0,24107475,22099175,2008300,38778010,16678835,750000,440600,545260,1142800,597540,25240000,25240000,0,0,0,164919700,143494000,300000,400000,28.8545454545455
18351,4,37,3,8,1,1,47108592,47108592,36728592,9801070,26927522,10380000,0,15366200,15116200,250000,46858592,31742392,10312800,511730,5307522,6069750,762228,21620000,21620000,0,0,3380000,108426200,104691900,400000,400000,254
18352,4,37,3,2,1,1,14356111,14356111,3716111,1900001,1816110,10640000,0,15423104,11116804,4306300,10049811,-1066993,2000000,99999,-339890,905750,1245640,2156000,2156000,0,0,0,132796100,126413500,300000,300000,28.8545454545455
18353,4,37,3,2,1,1,39636375,39636375,22346375,3000000,19346375,17290000,0,24941740,24491740,450000,39186375,14694635,3000000,0,19346375,22019950,2673575,0,0,0,0,5000000,209136500,186977400,500000,500000,28.8545454545455
18354,4,37,3,2,1,1,22421700,20621700,14525700,6562200,7963500,6096000,1800000,33168040,32675400,492640,21929060,-10746340,6707500,145300,3883500,4246050,362550,4080000,4080000,0,0,0,174641800,167579200,500000,500000,28.8545454545455
18355,5,37,3,1,1,3,23507815,18786845,4243422,-37000,4280422,14543423,4720970,17321680,16679330,642350,22865465,6186135,0,37000,3388981,6075366,2686385,891441,891441,0,0,200000,221541300,208018700,200000,200000,27.625
18356,5,37,3,8,1,2,28503987,28503987,15022747,8199340,6823407,13481240,0,17366150,17316150,50000,28453987,11137837,8436000,236660,6823407,8790950,1967543,0,0,0,0,0,200580200,186570000,300000,300000,254
18358,4,37,3,2,1,1,63906003,61901823,49321103,383340,48937763,12580720,2004180,28674301,25828661,2845640,61060363,35231702,700000,316660,1556933,4681496,3124563,47380830,47380830,0,730000,12956000,251738100,236872200,400000,400000,28.8545454545455
18359,5,37,3,8,1,1,12980155,12040155,2245755,823800,1421955,9794400,940000,14765820,14099820,666000,12314155,-1785665,4785000,3961200,1321955,2039650,717695,100000,100000,0,500000,2200000,180693000,166327400,300000,300000,30.1282051282051
18363,5,37,3,4,1,1,16800550,16000550,3551590,561340,2990250,12448960,800000,16875240,16425240,450000,16350550,-74690,3220000,2658660,2990250,3785750,795500,0,0,0,4100000,2800000,340287200,329663300,639000,639000,97
18364,5,37,2,4,1,2,12254560,12054560,1061040,-1806700,2867740,10993520,200000,34652950,33711020,941930,11312630,-22398390,460000,2266700,-372260,0,372260,3240000,3240000,0,13365900,3656420,1108697100,1071037900,1500000,1500000,97
18366,4,37,3,4,1,1,130638427,123032005,112420025,5201885,107218140,10611980,7606422,33972544,29725524,4247020,126391407,96665883,13773140,8571255,106818140,127707870,20889730,400000,400000,0,31656615,130356331,717841900,792691000,250000,250000,54.25
18367,4,37,2,4,2,1,25945045,25945045,24675045,5601735,19073310,1270000,0,26936465,22777745,4158720,21786325,-991420,15007845,9406110,-406690,441600,848290,19480000,19480000,0,15940140,40706354,264334600,315007100,100000,100000,97
18368,5,37,3,4,1,1,25101652,23763224,10047324,1591995,8455329,13715900,1338428,35066498,34774148,292350,24809302,-9964846,4127160,2535165,8415630,8800000,384370,39699,39699,0,29575680,10162880,289020700,269511200,300000,300000,97
18369,5,37,3,4,1,1,30414545,26814545,8934265,-3791305,12725570,17880280,3600000,20039450,18982650,1056800,29357745,10375095,332925,4124230,12725570,13200000,474430,0,0,0,13460870,9513470,311804900,299536800,500000,500000,97
18370,4,37,2,4,1,2,2938646,2138646,-5323514,4846363,-10169877,7462160,800000,51623356,43676536,7946820,-5008174,-48684710,11201374,6355011,-10169877,828000,10997877,0,0,0,51594286,20668611,630460001,577897800,200000,200000,97
18371,5,37,2,4,1,3,34260390,31460390,20155670,2817800,17337870,11304720,2800000,16121585,16029485,92100,34168290,18138805,11063000,8245200,11337870,12650000,1312130,6000000,6000000,0,20884600,13597200,343816100,329318900,250000,250000,54.25
18372,4,37,2,4,1,1,15697969,14697969,2454609,2014969,439640,12243360,1000000,41244210,37032210,4212000,11485969,-25546241,32366750,30351781,439640,1170000,730360,0,0,0,22540049,40369730,1387453300,1371478300,250000,250000,54.25
18373,4,37,3,4,3,1,4620341,4620341,-8574139,-7062014,-1512125,13194480,0,26190930,25152900,1038030,3582311,-21570589,5773000,12835014,-1512125,604900,2117025,0,0,0,13851534,9680250,655602000,615759600,2000000,2000000,54.25
18374,5,37,2,4,1,1,46325295,46325295,-3134745,-2625470,-509275,49460040,0,56481057,51666777,4814280,41511015,-10155762,523250,3148720,-509275,23000,532275,0,0,0,24600000,1300000,651002200,607672600,2000000,2000000,97
18375,5,37,1,4,1,1,13529298,13029298,-810290,-154810,-655480,13839588,500000,16154310,15321730,832580,12696718,-2625012,1075250,1230060,-655480,0,655480,0,0,0,9123390,3275000,400435600,386572300,800000,800000,97
18376,5,37,3,4,1,1,26814266,16714266,5218386,1305923,3912463,11495880,10100000,15234025,13939025,1295000,25519266,11580241,6572643,5266720,842463,1300000,457537,3070000,3070000,0,6100000,10012345,306965800,306565000,3000000,3000000,97
18377,5,37,3,4,1,1,28710439,27710439,13083239,2060970,11022269,14627200,1000000,37960210,37211210,749000,27961439,-9249771,6624000,4563030,11022269,13731000,2708731,0,0,0,28491331,13464000,327216700,312210700,1500000,1500000,97
18378,4,37,1,4,1,1,31188892,30788892,19091212,-8062820,27154032,11697680,400000,34961818,33371918,1589900,29598992,-3772926,11500,8074320,-1935968,0,1935968,29090000,29120000,30000,31306700,5400000,392366600,345228300,1200000,1200000,97
18379,5,37,3,4,1,2,29650369,27250369,20041969,6470462,13571507,7208400,2400000,34095368,28755968,5339400,24310969,-4444999,14529043,8058581,13571507,17625000,4053493,0,0,0,37408900,15113950,457790350,426525000,200000,200000,54.25
18380,4,37,3,4,1,1,26061510,26053510,13324410,543450,12780960,12729100,8000,30442810,29619380,823430,25238080,-4381300,25886500,25343050,12780960,23571550,10790590,0,0,0,42243420,28092550,807449100,797001100,2000000,2000000,54.25
18381,5,37,3,4,1,1,52699667,52281427,39744467,14246720,25497747,12536960,418240,8859600,8649880,209720,52489947,43840067,16456500,2209780,25497747,26582250,1084503,0,0,0,6355700,16989380,381146100,380627900,2000000,2000000,97
18382,4,37,3,4,1,1,16099059,15599059,-2086541,3283276,-5369817,17685600,500000,38431303,28153253,10278050,5821009,-22332244,15582500,12299224,-5369817,18877000,24246817,0,0,0,43818425,28999003,491101590,444668000,3000000,3000000,54.25
18383,4,37,3,4,1,1,68826590,67826590,59784590,1554550,58230040,8042000,1000000,28520375,26017820,2502555,66324035,40306215,7498000,5943450,58230040,69189750,10959710,0,0,0,36488090,15099400,338764910,296144800,1200000,1200000,54.25
18384,4,37,3,4,2,1,28962980,27762980,4337460,-1198452,5535912,23425520,1200000,21617710,18324030,3293680,25669300,7345270,4441588,5640040,5535912,7067747,1531835,0,0,0,14977900,11124485,288139415,279351200,200000,200000,54.25
18386,4,37,3,4,1,1,48646546,48646546,32360746,27354690,5006056,16285800,0,27607060,24545910,3061150,45585396,21039486,35037500,7682810,5006056,11500000,6493944,0,0,0,27049350,43805346,303598600,307829400,200000,200000,54.25
18387,5,37,3,4,1,1,23502069,22702069,17788552,2104378,15684174,4913517,800000,40464211,36947631,3516580,19985489,-16962142,8028498,5924120,15452174,23188096,7735922,232000,232000,0,20572400,33204865,630084135,609239500,300000,300000,54.25
18388,4,37,2,4,1,1,20893777,20493777,9412106,2451185,6960921,11081671,400000,33123383,26976793,6146590,14747187,-12229606,31110423,28659238,6960921,9200000,2239079,0,0,0,33292270,41016906,525225244,504833100,200000,200000,54.25
18389,5,37,3,5,1,1,15040035,15040035,5140035,4953050,186985,9900000,0,11271200,10251200,1020000,14020035,3768835,10942750,5989700,186985,1237500,1050515,0,0,0,0,330000,381105300,371677500,400000,400000,68.1764705882353
18390,5,37,2,5,1,1,34815300,33415300,26045300,21106100,4939200,7370000,1400000,18531340,17726340,805000,34010300,16283960,32275000,11168900,4939200,5816700,877500,0,0,0,200000,0,336066800,323175200,5000000,5000000,35.3030303030303
18391,5,37,2,5,1,1,29828810,26489978,11953038,2933382,9019656,14536940,3338832,47675853,28262343,19413510,10415300,-17847043,17872500,14939118,9019656,12026350,3006694,0,0,0,3382604,2002890,162327500,159549800,500000,500000,35.3030303030303
18392,5,37,2,5,1,1,11307300,11307300,4703300,2080950,2622350,6604000,0,13397991,13297991,100000,11207300,-2090691,4322500,2241550,-77650,56350,134000,2700000,2700000,0,55000,0,125620400,117674000,800000,800000,68.1764705882353
18393,4,37,1,4,3,2,80965650,80965650,67390650,37967250,29423400,13575000,0,45836100,41285100,4551000,76414650,35129550,73041000,35073750,753400,5310400,4557000,28670000,28670000,0,1500000,37500000,1247143900,1237469200,1000000,1000000,54.25
18394,5,37,2,5,1,1,8732340,8732340,1082340,1059940,22400,7650000,0,24653263,20835993,3817270,4915070,-15920923,15180000,14120060,22400,690200,667800,0,0,0,0,1190000,293201900,271921700,1000000,200000,68.1764705882353
18395,2,37,2,4,1,1,25917376,25917376,12314296,10987240,1327056,13603080,0,20552860,16860860,3692000,22225376,5364516,22862000,11874760,1327056,4423475,3096419,0,0,0,0,0,156406300,149188100,100000,100000,54.25
18396,4,37,2,4,1,1,34498805,33112805,23652565,13314015,10338550,9460240,1386000,17147820,16019660,1128160,33370645,17350985,41519025,28205010,10338550,13906950,3568400,0,0,0,1200000,4300000,510739800,487797500,150000,150000,54.25
18397,5,37,2,4,1,1,33254000,32254000,20014000,14704100,5309900,12240000,1000000,15516100,15196100,320000,32934000,17737900,16687500,1983400,5309900,6891900,1582000,0,0,0,1100000,0,552291000,476747800,1500000,1500000,97
18398,4,37,2,4,1,1,6714880,6714880,2257380,-886020,3143400,4457500,0,14652720,14461720,191000,6523880,-7937840,3485000,4371020,1243400,2028900,785500,1900000,1900000,0,0,0,93015400,87961100,500000,500000,97
18399,3,37,3,5,1,3,-2304553,-2304553,-34280833,-33676973,-603860,31976280,0,40038133,36556295,3481838,-5786391,-42342686,9224575,42901548,-603860,7857042,8460902,0,0,0,0,100000,458227600,403597800,500000,500000,35.3030303030303
18400,5,37,2,5,1,2,88854233,88854233,82513593,55337420,27176173,6340640,0,60430380,52030680,8399700,80454533,28423853,105266067,49928647,27176173,38490028,11313855,0,0,0,17000000,42884500,444444000,490177000,1000000,1000000,35.3030303030303
18401,5,37,3,5,1,1,63521135,57382055,43097085,21305185,21791900,14284970,6139080,29464328,27069588,2394740,61126395,34056807,44171805,22866620,21791900,24208350,2416450,0,0,0,419500,607040,780786320,759136800,500000,500000,68.1764705882353
18402,5,37,1,6,1,1,18214160,16514160,11714160,7934160,3780000,4800000,1700000,5806270,5326270,480000,17734160,12407890,14000000,6065840,0,0,0,3780000,3780000,0,0,0,49284500,42104600,1862000,500000,10.0769230769231
18403,5,37,2,6,1,1,13410520,12010520,4151920,4413420,-261500,7858600,1400000,11778189,11338689,439500,12971020,1632331,9559920,5146500,-261500,0,261500,0,0,0,0,0,69868600,67728800,1950000,3000000,10.0769230769231
18404,5,37,1,6,1,1,18945600,9745600,6285600,6285600,0,3460000,9200000,19460160,18832160,628000,18317600,-514560,7000000,714400,0,0,0,0,0,0,0,0,124047800,119957400,1966600,100000,10.0769230769231
18405,5,37,3,5,1,1,23868369,21868369,13146239,8678671,4467568,8722130,2000000,40696459,33638499,7057960,16810409,-16828090,28224581,19545910,3497568,4782513,1284945,970000,970000,0,1320200,10200000,506542700,496001900,500000,500000,35.3030303030303
18406,5,37,2,4,1,1,46427622,44227622,35980992,1876425,34104567,8246630,2200000,34436163,32065893,2370270,44057352,11991459,6628000,4751575,5869617,6345125,475508,28234950,28234950,0,6700000,939063,388942600,364089300,420000,420000,54.25
18407,5,37,2,4,1,1,46403460,44603460,7103460,-2609759,9713219,37500000,1800000,17185992,15937852,1248140,45155320,29217468,3920321,6530080,9713219,11166534,1453315,0,0,0,8332142,1667029,554827900,532743000,456000,456000,54.25
18408,4,37,2,4,1,1,8586200,7786200,1581240,-476185,2057425,6204960,800000,26010180,25368180,642000,7944200,-17423980,3592605,4068790,1739425,1936975,197550,318000,318000,0,10000000,1120000,524519700,496454200,635000,635000,54.25
18409,4,37,2,1,1,3,26353834,25953834,14855954,6544700,8311254,11097880,400000,25281700,22356700,2925000,23428834,1072134,13682250,7137550,8311254,9922020,1610766,0,0,0,11550000,1550000,664210600,644696800,436000,436000,27.625
18410,5,37,3,4,1,1,16334945,14734945,4797985,-1334340,6132325,9936960,1600000,20180200,19370200,810000,15524945,-3845255,5480650,6814990,6052325,7349275,1296950,80000,80000,0,8400000,1500000,628047800,609204500,450000,450000,54.25
18411,5,37,2,4,1,1,30723512,29123512,22254862,5219171,17035691,6868650,1600000,10797310,9767310,1030000,29693512,19926202,9815686,4596515,11842691,14656344,2813653,5193000,5193000,0,0,3600000,727476900,725803000,2000000,2000000,54.25
18412,4,37,2,4,1,1,68546980,68425636,60945986,26814419,34131567,7479650,121344,50308692,37538742,12769950,55777030,18238288,28940739,2126320,24361567,37525300,13163733,9770000,9770000,0,593023,1200000,437085700,435722500,3000000,3000000,54.25
18413,4,37,2,4,1,1,42398155,41038155,35295155,28057777,7237378,5743000,1360000,51129495,46695155,4434340,37963815,-8731340,42819000,14761223,7237378,13800000,6562622,0,0,0,2100000,7779450,749727800,726621800,200000,200000,54.25
18414,4,37,2,4,1,1,25360705,25360705,13071625,9834400,3237225,12289080,0,34586360,32039360,2547000,22813705,-9225655,23034500,13200100,3237225,11539000,8301775,0,0,0,0,3368000,659005100,637952200,1000000,1000000,54.25
18415,5,37,2,6,1,1,15316630,13116630,5082490,4407490,675000,8034140,2200000,12010650,11760650,250000,15066630,3305980,10320000,5912510,675000,675000,0,0,0,0,0,0,116018700,107422200,1644300,1644300,10.0769230769231
18416,4,40,3,6,1,1,7055100,5055100,1015100,415100,600000,4040000,2000000,8823960,8489960,334000,6721100,-1768860,7200000,6784900,0,0,0,600000,600000,0,0,0,158339380,153342600,1886780,2699700,10.0769230769231
18417,4,37,3,1,1,1,3297197,2457197,326017,-710462,1036479,2131180,840000,28011175,25124615,2886560,410637,-24713978,4094288,4804750,686479,3660595,2974116,350000,350000,0,8000000,1000000,633429200,595177600,450000,450000,21.6363636363636
18418,5,37,3,5,1,1,33830261,33590261,24800261,17808840,6991421,8790000,240000,24647350,23811550,835800,32994461,9182911,28760450,10951610,3571421,7704594,4133173,3420000,3420000,0,6500000,700000,340650700,331303200,0,200000,35.3030303030303
18419,3,37,2,5,1,1,-14778989,-14778989,-14778989,-9612256,-5166733,0,0,24139983,17314523,6825460,-21604449,-38918972,4210000,13822256,-5166733,0,5166733,0,0,0,7600000,237000,851838900,826989100,0,200000,35.3030303030303
18420,3,37,2,5,3,1,55953715,55953715,52333715,4401940,47931775,3620000,0,33972230,32111390,1860840,54092875,21981485,33700000,29298060,47931775,53786075,5854300,0,0,0,12600000,12000000,596399000,562215900,500000,500000,35.3030303030303
18421,5,37,2,5,1,1,45693400,28693400,17965520,8348080,9617440,10727880,17000000,37404860,33209660,4195200,41498200,8288540,17590000,9241920,1233650,2138100,904450,8383790,8383790,0,7400000,2400000,741126800,720513100,500000,500000,35.3030303030303
18422,5,37,3,1,1,2,27339295.5263158,24644240.7368421,1378620.21052632,1120830.78947368,257789.421052632,23265620.5263158,2695054.78947368,22242303.1052632,20894408.7368421,1347894.36842105,25991401.1578947,5096992.42105264,2958540,1837709.21052632,-1930736.89473684,3063658.47368421,4994395.36842105,2188526.31578947,2188526.31578947,0,8662222.57894737,1813842.10526316,255984921.052632,228470500,260000,260000,21.6363636363636
18424,4,37,3,5,1,1,188487350,146875540,135896260,27012340,108883920,10979280,41611810,58566671,44790361,13776310,174711040,129920679,40062500,13050160,104843920,139892435,35048515,4040000,4040000,0,66900000,154880000,1355060808,1375431108,900000,900000,95.9
18425,4,37,3,5,2,1,53019490,51019490,31207070,9074600,22132470,19812420,2000000,49804872,45326942,4477930,48541560,3214618,20000000,10925400,541990,1381500,839510,21590480,21590480,0,7000000,12740000,1032653900,1000133000,1100000,1100000,32.0357142857143
18426,4,37,3,5,1,3,10458165,9188165,1090365,-5770800,6861165,8097800,1270000,45355502,42132162,3223340,7234825,-34897337,14600000,20370800,-267785,3334500,3602285,7128950,7128950,0,20672160,2550000,841047460,798372100,4500000,4500000,95.9
18428,4,37,3,5,2,1,23807050,20807050,10392850,2214600,8178250,10414200,3000000,38410890,36348170,2062720,21744330,-14603840,5000000,2785400,178250,396750,218500,8000000,8000000,0,11850000,4375000,351045500,325737300,4700000,4700000,32.0357142857143
18429,5,37,3,5,1,1,31672534,30279934,13415934,2223600,11192334,16864000,1392600,34922110,31403930,3518180,28154354,-3249576,8700000,6476400,180284,872200,691916,11012050,11012050,0,10000000,3434000,317774800,300376600,5700000,5700000,32.0357142857143
18430,5,37,3,5,1,1,16181040,11581040,-1872960,962700,-2835660,13454000,4600000,39082790,38190790,892000,15289040,-22901750,5206000,4243300,-2835660,1034750,3870410,0,0,0,13200000,250000,888081900,852241800,700000,700000,32.0357142857143
18431,3,37,3,2,1,1,32247831,30447831,22017831,304620,21713211,8430000,1800000,33780350,30106950,3673400,28574431,-1532519,1300000,995380,5763211,6408000,644789,15950000,15950000,0,21618299,25028500,743200,-7347300,300000,300000,28.8545454545455
18432,5,37,3,8,1,4,61252925,60252925,41375925,974770,40401155,18877000,1000000,24794503,23492363,1302140,59950785,36458422,1712500,737730,40401155,49627394,9226239,0,0,0,10304574,39254256,596053844,604640300,3000000,3000000,39.9230769230769
18433,5,37,2,8,1,3,23330248,22530248,-8760462,-9360402,599940,31290710,800000,31504055,29681865,1822190,21508058,-8173807,12372340,21732742,460666,3261960,2801294,139274,139274,0,91119043,105569090,297472150,334453000,200000,200000,39.9230769230769
18434,5,37,2,8,1,2,35643576,34043576,3136726,1520360,1616366,30906850,1600000,30584517,24858117,5726400,29917176,5059059,16496970,14976610,1490345,8028930,6538585,126021,126021,0,22973330,27592480,660151160,638784000,300000,300000,39.9230769230769
18436,3,37,3,8,1,1,70346746,47305738,29175718,-453730,29629448,18130020,23041008,32738815,22851879,9886936,60459810,37607931,275000,728730,23678528,42983887,19305359,5950920,5950920,0,74062052,86475641,333299511,323226500,200000,200000,39.9230769230769
18437,5,37,2,8,1,5,128311870,125711870,50082780,49706780,376000,75629090,2600000,62065390,50132090,11933300,116378570,66246480,63450000,13743220,376000,600000,224000,0,0,0,40436040,77425000,510993400,597641800,500000,500000,24.5
18440,5,37,3,8,1,1,14239250,12439250,3338320,3073000,265320,9100930,1800000,15283862,14225015,1058847,13180403,-1044612,3496000,423000,-84680,350000,434680,350000,350000,0,8143084,200000,103671484,92438700,2000000,2000000,39.9230769230769
18442,5,40,1,4,1,1,7043610,3843610,-256390,-256390,0,4100000,3200000,8966270,8946270,20000,7023610,-1922660,1380000,1636390,0,0,0,0,0,0,0,0,1106666600,1103573000,0,2000000,206.166666666667
18443,4,37,3,5,1,1,22047114,20343114,4743114,-287440,5030554,15600000,1704000,14377970,13717970,660000,21387114,7669144,1690200,1977640,560554,1776700,1216146,4470000,4470000,0,2500000,1600000,127804400,120454500,500000,500000,32.0357142857143
18444,4,37,3,5,1,1,149430842,147886324,147286324,1128020,146158304,600000,1544518,34279830,29805890,4473940,144956902,115151012,2184000,1055980,145898304,161484319,15586015,260000,260000,0,2835000,100000,329675900,320239300,300000,300000,32.0357142857143
18445,3,37,3,8,1,1,-3820268,-3820268,-4520268,-17100,-4503168,700000,0,33041670,30673370,2368300,-6188568,-36861938,3620200,3637300,-4973168,6559300,11532468,470000,470000,0,0,50000,66436400,61457800,300000,300000,63.7142857142857
18446,5,37,3,5,1,1,87546124,85426124,79128124,326000,78802124,6298000,2120000,18576130,12303130,6273000,81273124,68969994,1260000,934000,78802124,95666000,16863876,0,0,0,5400000,200000,105414400,95911100,1500000,1500000,32.0357142857143
18447,4,37,3,4,1,2,76908035,75908035,64581585,1588120,62993465,11326450,1000000,42316600,39481600,2835000,74073035,34591435,6532000,4943880,62993465,69763750,6770285,0,0,0,2700000,24700000,586639000,600754100,1500000,1500000,97
18448,4,37,3,4,2,3,94557860,94557860,79497860,38850880,40646980,15060000,0,31386190,27021190,4365000,90192860,63171670,44721250,5870370,40646980,50981780,10334800,0,0,0,5360000,1650000,535999200,517610100,500000,500000,97
18461,5,40,1,5,1,1,15814980,13414980,-22585020,-22497320,-87700,36000000,2400000,29425490,23760460,5665030,10149950,-13610510,41040000,63537320,-87700,0,87700,0,0,0,39288100,36444900,962517300,943184300,300000,300000,47.8333333333333
18463,4,40,3,8,1,1,15653650,11253650,-1975150,-1459300,-515850,13228800,4400000,54740930,45802430,8938500,6715150,-39087280,0,1459300,-515850,506000,1021850,0,0,0,43171390,4009910,408170900,363251600,250000,250000,46.1
18464,4,40,3,5,1,1,63069380,44869380,28488180,1034950,27453230,16381200,18200000,30427630,29459130,968500,62100880,32641750,4275000,3240050,-296770,0,296770,27750000,27750000,0,14536520,18713470,479363600,469342100,500000,500000,52.25
18467,5,40,2,8,1,1,14099647.6666667,8032981,-4099569,-2763940,-1335629,12132550,6066666.66666667,48626077.1666667,47406910.5,1219166.66666667,12880481,-34526429.5,2422000,5185940,-1685129,37183,1722312,349500,349500,0,20325160,8791780,785503700,746189700,700000,700000,46.1
18468,4,40,3,5,1,1,13801460,13001460,4460840,1095900,3364940,8540620,800000,19029060,14452740,4576320,9225140,-5227600,1470000,374100,-28920,0,28920,3393860,3393860,0,13374700,1983800,282783000,270075300,2000000,2000000,52.25
18469,5,40,3,5,1,2,13932280,12932280,3773580,-1707550,5481130,9158700,1000000,15132410,14610310,522100,13410180,-1200130,1956000,3663550,5481130,5750000,268870,0,0,0,8038300,5963340,202545500,191042200,200000,200000,52.25
18470,4,40,1,2,1,5,14085565,13685565,2367405,2832000,-464595,11318160,400000,17094730,16830330,264400,13821165,-3009165,3190000,358000,-464595,0,464595,0,0,0,6485080,6421306,589292300,580932300,1000000,1000000,28.8545454545455
18477,4,40,2,8,1,1,10771780,7571780,-343820,-1273260,929440,7915600,3200000,26694000,22561950,4132050,6639730,-15922220,92500,1365760,229440,316250,86810,700000,700000,0,11024550,5150210,910951000,893846400,500000,500000,46.1
18482,5,40,3,8,1,2,13459180,11859180,4092100,660100,3432000,7767080,1600000,9450726,8785726,665000,12794180,4008454,741400,81300,3432000,3500000,68000,0,0,0,7913190,5862930,259038300,79210500,150000,150000,84.9420289855072
18486,5,40,3,5,1,1,26427475,24227475,2730515,2120800,609715,21496960,2200000,24654168,17299668,7354500,19072975,1773307,3879600,1758800,305715,690000,384285,304000,304000,0,31660000,6361000,596440300,566954400,4000000,4000000,52.25
18496,5,40,1,4,1,1,25891410,21891410,11937250,12267600,-330350,9954160,4000000,20846870,19423000,1423870,24467540,5044540,17560500,5292900,-330350,0,330350,0,0,0,13548110,19175370,505572200,505626000,2000000,2000000,149.333333333333
18498,5,37,3,8,1,1,68465197,37175197,22058267,-3481500,25539767,15116930,31290000,44057081,28470121,15586960,52878237,24408116,230000,3711500,2929487,5883550,2954063,22610280,22610280,0,1400000,11610000,326555100,316376800,400000,400000,84.9420289855072
18499,5,37,3,5,1,1,21017011,21017011,11995261,-481600,12476861,9021750,0,28221881,27631101,590780,20426231,-7204870,2500000,2981600,12476861,15161250,2684389,0,0,0,7000000,9000000,371518900,339703500,700000,700000,32.0357142857143
18501,4,37,3,2,2,1,38594510.8333333,37520416.2777778,35402361.6666667,2120285.77777778,33282075.8888889,2118054.61111111,1074094.55555556,31725523.9722222,22705732.55,9019791.42222222,29574719.4111111,6868986.8611111,31697056,29576770.2222222,30488184.8333333,68454263.7777778,37966078.9444444,2793891.05555556,2793891.05555556,0,49470925.4444444,8630111,480985772.222222,412252300,2000000,2000000,100.45
18502,2,37,2,1,1,3,13895182.6677632,12194139.0296053,8055762.71381579,-6516542.17763158,14572304.8914474,4138376.31578947,1701043.63815789,28888828.6842105,25917809.6118421,2971019.07236842,10924163.5953947,-14993646.0164474,469982.526315789,6986524.70394737,12858150.9440789,17101217.8026316,4243066.85855263,1714153.94736842,1714153.94736842,0,9932215.70723684,4237704.58223684,464216155.921053,406571800,2500000,2500000,6.66666666666667
18503,5,37,3,1,1,2,37065146.6677632,33189043.0296053,21924065.7138158,-10888513.1776316,32812578.8914474,11264977.3157895,3876103.63815789,30486735.6842105,27861176.6118421,2625559.07236842,34439587.5953947,6578410.98355263,-3212238.47368421,7676274.70394737,31098424.9440789,55543315.8026316,24444890.8585526,1714153.94736842,1714153.94736842,0,8732215.70723684,12291704.5822368,761855455.921053,712991100,3000000,3000000,6.66666666666667
18504,5,37,3,1,2,1,33016535.6677632,26334922.0296053,16860005.7138158,2103650.82236842,14756354.8914474,9474916.31578947,6681613.63815789,30111018.6842105,26249599.6118421,3861419.07236842,29155116.5953947,2905516.98355263,7861855.52631579,5758204.70394737,10962200.9440789,16473742.8026316,5511541.85855263,3794153.94736842,3794153.94736842,0,8732215.70723684,4837704.58223684,241105555.921053,223289500,450000,450000,5.55555555555556
18506,5,37,3,1,1,5,52359962.6677632,47696919.0296053,34537742.7138158,4453037.82236842,30084704.8914474,13159176.3157895,4663043.63815789,19684588.6842105,17503569.6118421,2181019.07236842,50178943.5953947,32675373.9835526,5269982.52631579,816944.703947368,28370550.9440789,32855967.8026316,4485416.85855263,1714153.94736842,1714153.94736842,0,7232215.70723684,4537704.58223684,462219955.921053,443622100,546000,546000,21.6363636363636
19094,5,38,2,5,1,3,89530436,86142004,68441624,49825818,18615806,17700380,3388432,32991254,30869864,2121390,87409046,56539182,80533948,30708130,13334214,16805304,3471090,5281592,5281592,0,18475200,6290000,1007151100,957373100,0,1000000,32.6
19209,4,38,3,4,1,2,89363062,87753332,76240552,16954973,59285579,11512780,1609730,66022748,61274148,4748600,84614462,23340314,36482890,19527917,56121479,72591565,16470086,3164100,3164100,0,3186443,5691449,1409667867,1362206900,1576367,2000000,39.5476190476191
19214,4,38,2,6,1,1,21828080,21828080,21828080,22292835,-464755,0,0,25756490,20415790,5340700,16487380,-3928410,40781000,18488165,-464755,267800,732555,0,0,0,9000000,2037000,807593400,678895500,0,5000000,23.5714285714286
19314,3,38,3,4,1,1,93332008,80499834,66779714,-2698240,69477954,13720120,12832174,93531244,53287816,40243428,53088580,-199236,3450000,6148240,40153507,60874657,20721150,29324447,29324447,0,46268829,197219993,523574446,461972300,0,100000,39.5476190476191
19317,3,38,2,8,1,2,35028370,35028370,33142730,26797350,6345380,1885640,0,19816420,17903130,1913290,33115080,15211950,54692550,27895200,6345380,8320000,1974620,0,0,0,0,0,230163600,195051200,0,250000,30.1282051282051
19327,5,38,2,4,1,1,7325820,7325820,-1983200,-1567435,-415765,9309020,0,28078993,27279723,799270,6526550,-20753173,3715000,5282435,-415765,103500,519265,0,0,0,0,270000,277659710,266433200,1930210,300000,39.5476190476191
19390,2,38,2,8,3,1,55647700,55647700,55347700,49027000,6320700,300000,0,50291610,44606610,5685000,49962700,5356090,59915000,10888000,2320700,2856000,535300,4000000,4000000,0,0,6550000,331308400,323985900,3000000,2000000,84
19418,5,38,3,3,1,1,-11397132,-11397132,-28225852,-2413170,-25812682,16828720,0,47558347,45718747,1839600,-13236732,-58955479,0,2413170,-25812682,120000,25932682,0,0,0,0,73875000,496702057,438843857,2000000,30000,14.375
19419,5,38,2,8,1,3,9620255,7560255,-3925615,464710,-4390325,11485870,2060000,20585700,20146580,439120,9181135,-10965445,4329400,3864690,-4390325,0,4390325,0,0,0,9700000,1200000,443426600,427227700,0,1000000,84.9420289855072
19476,4,38,2,8,1,2,34420479,33240479,15098949,5027720,10071229,18141530,1180000,25582420,23653970,1928450,32492029,8838059,6698000,1670280,7312800,9032900,1720100,2758429,2758429,0,0,1900000,384588600,369522200,200000,500000,84.9420289855072
19488,3,38,1,2,1,2,47043400,47043400,47043400,46742900,300500,0,0,27797620,27077620,720000,46323400,19245780,58400000,11657100,-599500,0,599500,900000,900000,0,0,0,197561800,190254100,0,3000000,100.45
19490,5,38,2,8,1,2,46453250,41517850,21982719,9120800,12861919,19535131,4935400,45022604,40266404,4756200,41697050,1430646,14236350,5115550,11715440,13685300,1969860,1146479,1146479,0,3000000,2200000,183836400,175892300,4000000,5000000,88.2826086956522
19497,5,38,2,4,1,2,69996826,69996826,53149416,31812280,21337136,16847410,0,16257840,14741530,1516310,68480516,53738986,43956500,12144220,21337136,28007796,6670660,0,0,0,9317280,26157921,821205000,817484800,0,500000,39.5476190476191
19625,5,38,3,3,1,1,63838264,62508264,46738524,-1452300,48190824,15769740,1330000,17932720,15349990,2582730,61255534,45905544,700000,2152300,48190824,94806736,46615912,0,0,0,32355500,7900000,971188200,805565100,0,3000000,26.25
19644,5,38,2,4,1,1,259495304,259495304,255273454,253109198,2164256,4221850,0,14559670,13801560,758110,258737194,244935634,273285688,20176490,2164256,3714256,1550000,0,0,0,0,0,931583900,779506400,3200000,2980000,39.5476190476191
19645,5,38,2,4,1,2,10922475,10922475,3319615,3277930,41685,7602860,0,24948230,23318630,1629600,9292875,-14025755,4126550,848620,-858315,1722500,2580815,900000,900000,0,0,0,469466000,450785700,2800000,190000,39.5476190476191
19646,5,38,3,4,1,2,6656187,6656187,-457813,307250,-765063,7114000,0,9627740,9447740,180000,6476187,-2971553,2676500,2369250,-765063,663000,1428063,0,0,0,799900,799900,414783600,407600000,1489000,110000,164.166666666667
19648,5,38,3,4,1,1,15320715,15320715,8236035,4068075,4167960,7084680,0,9369150,9294150,75000,15245715,5951565,4545375,477300,4167960,5402250,1234290,0,0,0,1098490,1108990,246205400,238960400,1925000,230000,164.166666666667
19649,5,38,1,4,1,1,13029797,13029797,6083717,2447050,3636667,6946080,0,15189789,14689789,500000,12529797,-2159992,6105050,3658000,3636667,5044000,1407333,0,0,0,989089,989089,485817100,463394700,1847500,90000,39.5476190476191
19651,5,38,2,5,1,2,23448575,23448575,12043355,11594630,448725,11405220,0,34673538,25100338,9573200,13875375,-11224963,23760000,12165370,448725,1000000,551275,0,0,0,0,4600000,501058890,484194500,1925990,5000000,32.6
19652,5,38,2,5,1,1,16745535,16745535,7847205,8343730,-496525,8898330,0,21285900,20269090,1016810,15728725,-4540365,10780000,2436270,-496525,0,496525,0,0,0,0,5380000,582884980,582981300,1552880,1000000,32.6
19653,5,38,2,5,1,2,13975497,11915497,-1755763,-4628660,2872897,13671260,2060000,38437111,36091311,2345800,11629697,-24461614,12295600,16924260,2872897,5067920,2195023,0,0,0,0,7610000,588512000,572560300,1854500,5000000,25
19654,4,38,2,5,1,1,-4616732,-4616732,-11556732,2387134,-13943866,6940000,0,44112368,36351568,7760800,-12377532,-48729100,47756400,45369266,-13943866,21132730,35076596,0,0,0,30643700,200000,1172994336,1238639600,1593436,5000000,25
19656,5,38,3,4,1,1,79813320,79813320,71900320,8946550,62953770,7913000,0,12887990,12759990,128000,79685320,66925330,15068500,6121950,62953770,67089880,4136110,0,0,0,1010000,655000,560687500,538212900,0,1000000,39.5476190476191
19657,4,38,2,4,1,2,23566555,21566555,10003665,12259575,-2255910,11562890,2000000,50349486,48316886,2032600,21533955,-26782931,17134605,4875030,-2255910,0,2255910,0,0,0,0,2609570,1627018290,1562934800,0,130000,39.5476190476191
19659,4,38,2,5,1,1,49192650,47142650,37122650,36810900,311750,10020000,2050000,48940350,44563350,4377000,44815650,252300,47738000,10927100,311750,956750,645000,0,0,0,2440000,5400000,1471714400,1459878000,0,1000000,17.4285714285714
19660,4,38,2,5,1,1,7121469,7121469,-306911,-940840,633929,7428380,0,35502230,34175060,1327170,5794299,-28380761,13826000,14766840,633929,1270750,636821,0,0,0,678300,1000000,1071390600,1036213600,0,5000000,25
19661,5,38,3,6,1,1,20871596,19871596,9956576,-1320774,11277350,9915020,1000000,36339662,35163172,1176490,19695106,-15468066,17400026,18720800,11277350,13046435,1769085,0,0,0,0,5300000,741950800,712656000,0,80000,43.1666666666667
19662,5,38,2,5,2,1,14005684,13710596,7491277,-2053795,9545072,6219319,295088,30453301,22947721,7505580,6500104,-16447617,7579500,9633295,8626178,15537550,6911372,918894,918894,0,17710168,54766276,642644728,608100700,0,3000000,32.6
19663,4,38,1,5,1,2,86682634,86682634,86682634,54179867,32502767,0,0,70225264,40200534,30024730,56657904,16457370,107481000,53301133,32502767,32731100,228333,0,0,0,0,3600000,1716811000,1662909000,0,340000,25
19664,4,38,3,8,1,1,9209235,9188635,1950195,-1711810,3662005,7238440,20600,18582619,16540799,2041820,7167415,-9373384,0,1711810,3138445,4945290,1806845,523560,523560,0,600000,0,287599100,263245500,0,250000,88.2826086956522
19666,5,38,2,1,1,2,11226655,9426655,-1488885,-736240,-752645,10915540,1800000,15400517,14351397,1049120,10177535,-4173862,623700,1359940,-752645,0,752645,0,0,0,351987,4258987,488291900,478999800,0,170000,45.2857142857143
19667,4,38,2,8,1,1,27476643,27476643,14691593,15710443,-1018850,12785050,0,17678685,17537115,141570,27335073,9797958,18121043,2410600,-1018850,1323560,2342410,0,0,0,0,2280000,228185100,217055600,0,140000,88.2826086956522
19668,5,38,3,3,1,1,99897194,88266759,65481641,2486876,62994765,22785118,11630435,51488620,47227560,4261060,95636134,48408574,3781476,1294600,62640765,72613333,9972568,354000,354000,0,21196327,8320000,803867627,727501300,0,80000,14.375
19669,5,38,3,1,1,1,-1721946,-1721946,-11775646,-1076000,-10699646,10053700,0,35526490,35170660,355830,-2077776,-37248436,0,1076000,-10699646,0,10699646,0,0,0,0,11323000,382487500,361579800,1000000,120000,45.2857142857143
19672,5,38,3,3,1,1,22647512,21517672,2263162,-243188,2506350,19254510,1129840,19018073,18722543,295530,22351982,3629439,3451322,3694510,1660350,16865780,15205430,846000,846000,0,1062950,8000000,453542250,369947100,500000,70000,26.25
19673,5,38,3,1,1,2,17234565,17234565,8674565,6693870,1980695,8560000,0,12682620,12500620,182000,17052565,4551945,12678000,5984130,1980695,8669975,6689280,0,0,0,3760000,2420000,515313900,477466700,1500000,150000,34.4444444444444
19674,4,38,3,1,1,2,33329865,32329865,23389865,5188855,18201010,8940000,1000000,23685530,21042900,2642630,30687235,9644335,23595625,18406770,18201010,20511550,2310540,0,0,0,1500000,2220000,1022651100,1284158500,0,150000,45.2857142857143
19675,3,38,3,4,1,1,-3197800,-3197800,-3197800,-3045300,-152500,0,0,43764480,41531480,2233000,-5430800,-46962280,-500000,2545300,-152500,0,152500,0,0,0,13641960,23590420,89947900,79781100,0,70000,164.166666666667
19677,5,38,2,4,1,2,43887121,37145416,24919726,16867592,8052134,12225690,6741705,19151968,18644498,507470,43379651,24735153,21292317,4424725,8052134,14311009,6258875,0,0,0,0,0,403865900,400778600,0,80000,39.5476190476191
19678,4,38,2,2,1,2,7684313,6684313,-1392380,146700,-1539080,8076693,1000000,20766572,19849212,917360,6766953,-13082259,780000,633300,-1539080,211150,1750230,0,0,0,0,1690000,342580384,338498200,1828484,90000,104.272727272727
19680,4,38,2,4,1,1,19406584,18846584,10044294,-2092720,12137014,8802290,560000,14550670,13602350,948320,18458264,4855914,7368100,9460820,11487014,15619350,4132336,650000,650000,0,0,1800000,642738420,616200300,2709420,210000,39.5476190476191
19681,4,38,2,4,1,1,38992246,38992246,28302916,11013038,17289878,10689330,0,29678702,27429462,2249240,36743006,9313544,23798946,12785908,17289878,22304959,5015081,0,0,0,0,520000,433375600,419792400,0,140000,39.5476190476191
19682,4,38,2,4,1,1,-1930547,-1930547,-12507830,-10087700,-2420130,10577283,0,86554510,84382800,2171710,-4102257,-88485057,6429500,16517200,-2920130,1186000,4106130,500000,500000,0,1260000,1571107,343476900,306479200,1339600,500000,39.5476190476191
19683,4,38,2,4,1,1,50982876,50982876,13907986,4109212,9798774,37074890,0,36330678,27635994,8694684,42288192,14652198,25655189,21545977,9798774,16125000,6326226,0,0,0,0,1712380,859848800,814550500,0,650000,39.5476190476191
19684,4,38,2,8,1,2,11036385,11036385,2341875,1487400,854475,8694510,0,16204170,14889570,1314600,9721785,-5167785,26315860,24828460,854475,5016700,4162225,0,0,0,0,2400000,271947700,241000500,0,350000,30.1282051282051
19685,4,38,2,8,2,1,132092175,89551556,71304106,73976477,-2672371,18247450,42540619,62238719,49307159,12931560,119160615,69853456,127145378,53168901,-3761318,45864824,49626142,1088947,1088947,0,160677631,109194890,897626216,768285700,0,400000,30.1282051282051
19687,4,38,2,8,1,2,63957963,61098683,44343483,38603392,5740091,16755200,2859280,23617666,22069396,1548270,62409693,40340297,45663592,7060200,5740091,8154566,2414475,0,0,0,0,9150000,320968900,317935000,0,300000,88.2826086956522
19689,5,38,2,7,2,1,45413650,45013650,41590650,21750200,19840450,3423000,400000,23354560,20563560,2791000,42622650,22059090,23150000,1399800,-359550,0,359550,20200000,20200000,0,2011000,720000,451400600,448614000,0,120000,107.6
19690,5,38,2,7,2,1,55033150,54033150,25933150,-3828300,29761450,28100000,1000000,58497370,56644370,1853000,53180150,-3464220,-60000,3768300,-238550,0,238550,30000000,30000000,0,7069750,18473870,1731746200,1716339400,1593000,50000,107.6
19691,3,38,3,7,3,1,73741520,73741520,73741520,-9228480,82970000,0,0,95251320,75152320,20099000,53642520,-21509800,7902500,17130980,-30000,0,30000,83000000,83000000,0,5803000,2500000,2445374200,2405479400,0,60000,152.333333333333
19705,5,38,2,2,1,3,13713100,13713100,6731100,1692900,5038200,6982000,0,18123209,17773209,350000,13363100,-4410109,12022200,10329300,5038200,5548400,510200,0,0,0,209590,209590,201727700,179905400,1323000,130000,104.272727272727
19706,5,38,2,4,1,2,30223378,26988898,4518298,4635637,-117339,22470600,3234480,8951141,8771231,179910,30043468,21272237,6146325,1510688,-897339,6291750,7189089,780000,780000,0,122570,4032570,228276800,227200500,0,80000,39.5476190476191
19708,5,38,3,4,1,1,33956309,33082915,13312455,-948440,14260895,19770460,873394,34128560,33223010,905550,33050759,-172251,4179690,5128130,-1039105,2925000,3964105,15300000,15300000,0,36571838,27941256,290093738,256643600,2123800,340000,164.166666666667
19709,5,38,1,7,1,1,21466800,20466800,11166800,11336800,-170000,9300000,1000000,41622000,34007000,7615000,13851800,-20155200,19400000,8063200,-170000,0,170000,0,0,0,2604000,1000000,1878925600,1834351400,0,15000,107.6
19711,5,38,2,2,1,1,25908375,23365305,6176945,3250050,2926895,17188360,2543070,19786203,17943673,1842530,24065845,6122172,4019500,769450,766895,1084795,317900,2160000,2160000,0,195050,3381242,132235700,130665000,0,300000,100.45
19712,5,38,3,4,1,2,46676895,44372755,-1177175,-141189,-1035986,45549930,2304140,46812710,34497090,12315620,34361275,-135815,1601801,1742990,-1110893,1036100,2146993,74907,74907,0,20093780,17229680,129677770,110588100,0,20000,164.166666666667
19713,5,38,3,2,1,2,15831403,15831403,6151673,332220,5819453,9679730,0,20591370,18251370,2340000,13491403,-4759967,917600,585380,5819453,13979600,8160147,0,0,0,0,220000,400209400,377940300,0,45000,100.45
19714,5,38,3,3,1,3,40463328,26323328,2702938,1611467,1091471,23620390,14140000,25511660,24045660,1466000,38997328,14951668,3210752,1599285,-1743529,3599984,5343513,2835000,2835000,0,7281700,6911700,589064900,546544000,3000000,1000000,26.25
19715,5,38,3,3,1,2,15367539,13887539,227459,4015290,-3787831,13660080,1480000,40236725,36914725,3322000,12045539,-24869186,6466970,2451680,-3787831,4182860,7970691,0,0,0,900000,4398070,389188100,376317300,500000,30000,26.25
19716,4,38,3,3,1,1,13690547,13690547,5440547,-1057690,6498237,8250000,0,33828859,23574069,10254790,3435757,-20138312,500000,1557690,3378237,11500000,8121763,3120000,3120000,0,0,8021700,286271400,248363900,1500000,500000,26.25
19717,5,38,3,8,1,2,26670101,19565301,-1225359,-121130,-1104229,20790660,7104800,34406830,30530810,3876020,22794081,-7736729,2750000,2871130,-1104229,2197000,3301229,0,0,0,20134850,300000,664979050,598168100,0,1000000,84.9420289855072
19718,5,38,3,3,1,2,30695851,25165556,1786291,4803645,-3017354,23379265,5530295,23885905,22182285,1703620,28992231,6809946,9119503,4315858,-5054136,26283869,31338005,2036782,2036782,0,36330663,53166640,1059712270,928174700,0,1000000,14.375
19720,5,38,3,6,1,1,6301965,6301965,4687685,7979190,-3291505,1614280,0,22197659,21068559,1129100,5172865,-15895694,9503000,1523810,-3291505,828000,4119505,0,0,0,0,4020120,294880700,281857400,1000000,500000,43.1666666666667
19721,4,38,1,3,2,3,11989150,11989150,5763710,9134210,-3370500,6225440,0,29772200,28072200,1700000,10289150,-17783050,37722000,28587790,-3370500,0,3370500,0,0,0,0,6250000,567653600,541822400,1000000,1000000,14.375
19722,5,38,3,3,1,1,5947134,5947134,-4949986,-2771950,-2178036,10897120,0,29833485,28212897,1620588,4326546,-23886351,130000,2901950,-2178036,4240000,6418036,0,0,0,0,1250000,590095400,568435600,2000000,1500000,14.375
19723,5,38,2,3,1,2,19129090,13129090,6233130,4085680,2147450,6895960,6000000,9288900,8534740,754160,18374930,9840190,4945600,859920,2047450,2553000,505550,100000,100000,0,0,0,147465300,141004500,1500000,500000,26.25
19724,5,38,3,3,1,1,1462065,1462065,1462065,882860,579205,0,0,14462500,13401500,1061000,401065,-13000435,1708500,825640,579205,1425450,846245,0,0,0,0,0,231907200,219816400,1500000,20000,26.25
19725,5,38,3,3,2,2,13198004,13198004,919814,209580,710234,12278190,0,16573984,14934174,1639810,11558194,-3375980,2520100,2310520,710234,5121950,4411716,0,0,0,0,5230000,182617700,176754400,2000000,300000,26.25
19726,4,38,3,3,1,2,8554988,267648,-35531202,-9509230,-26021972,35798850,8287340,63821807,58072192,5749615,2805373,-55266819,6787750,16296980,-26221972,13449709,39671681,200000,200000,0,761800,7920000,1375558100,1244796800,0,100000,14.375
19728,4,38,2,8,1,1,27500092,24227822,7789762,5542119,2247643,16438060,3272270,44338489,38397569,5940920,21559172,-16838397,10023813,4481694,2157643,8633797,6476154,90000,90000,0,21823487,15207987,645890320,612674100,2000000,50000,84.9420289855072
19729,5,38,3,8,1,3,42055450,40835450,30905450,7958350,22947100,9930000,1220000,50411400,48439400,1972000,40083450,-8355950,9994000,2035650,5417100,6843350,1426250,17530000,17530000,0,0,46500000,670906700,644549300,1500000,1000000,84.9420289855072
19730,5,38,2,8,1,1,7645273,6645273,-2961205,-1544250,-1416955,9606478,1000000,15263253,14843153,420100,7225173,-7617980,136000,1680250,-1416955,0,1416955,0,0,0,4435193,6998945,244648080,243918800,1000000,500000,84.9420289855072
19731,5,38,3,3,1,2,12675300,9015300,1186000,-474240,1660240,7829300,3660000,11216172,10967952,248220,12427080,1459128,860000,1334240,1660240,2806000,1145760,0,0,0,0,0,264053800,252552800,0,30000,26.25
19732,4,38,3,4,2,3,15425700,13367700,4667700,-1159650,5827350,8700000,2058000,15692310,15092310,600000,14825700,-266610,3956950,5116600,5827350,6846850,1019500,0,0,0,4232090,13219360,261144200,199444300,0,250000,39.5476190476191
19733,5,38,3,4,1,1,9114173,9114173,2715773,-884165,3599938,6398400,0,17749362,17299362,450000,8664173,-8635189,3590875,4475040,3599938,4059250,459312,0,0,0,949355,1046000,160164700,151364800,0,170000,39.5476190476191
19734,5,38,2,8,1,2,8425868,8365868,8365868,3107800,5258068,0,60000,12524304,12029844,494460,7931408,-4098436,7220500,4112700,5258068,8228500,2970432,0,0,0,0,0,366598200,362412800,0,2000000,84.9420289855072
19736,4,38,2,8,2,1,73747030,73747030,70447030,66013530,4433500,3300000,0,33614747,27010747,6604000,67143030,40132283,73300000,7286470,133500,600000,466500,4300000,4300000,0,0,0,103379400,93152000,2000000,3000000,84
19738,4,38,2,8,1,2,34637385,34637385,33437385,13761190,19676195,1200000,0,30430440,29170440,1260000,33377385,4206945,16068600,2307410,8066195,8679000,612805,11610000,11610000,0,0,2001000,377372500,366543000,0,2000000,84.9420289855072
19739,4,38,2,2,1,2,6950470,6950470,6950470,4266770,2683700,0,0,26465063,22790063,3675000,3275470,-19514593,9480000,5213230,-526300,1486500,2012800,3210000,3210000,0,562890,4362890,419051800,415559700,2500000,1000000,104.272727272727
19740,5,38,2,8,1,2,81946513,75256355,49900045,28242621,21657424,25356310,6690158,46341599,37439479,8902120,73044393,35604914,35534319,7291698,20634710,33913207,13278497,1022714,1022714,0,100000,3436920,379744780,368794700,5000000,4000000,24.5
19741,4,38,2,2,1,2,19899750,19899750,17899750,5890750,12009000,2000000,0,22553016,19143016,3410000,16489750,-2653266,8300000,2409250,-181000,34500,215500,12190000,12190000,0,2441840,2448590,432627500,416629400,3000000,56000,36.0526315789474
19743,5,38,2,8,2,2,18222950,18222950,10022950,7129950,2893000,8200000,0,13202700,12310700,892000,17330950,5020250,8320000,1190050,2893000,3863500,970500,0,0,0,0,1500000,281520000,475082300,700000,700000,88.2826086956522
19744,5,38,2,2,1,2,37950840,37950840,27850840,18120790,9730050,10100000,0,20060120,19020120,1040000,36910840,17890720,20941050,2820260,9730050,14847250,5117200,0,0,0,0,0,259902000,246894900,3000000,2000000,104.272727272727
19745,4,38,2,2,4,1,61290745,61230745,57030745,56874610,156135,4200000,60000,55672354,50134474,5537880,55752865,5618391,75772200,18897590,156135,6874455,6718320,0,0,0,3663290,300000,334775990,308677100,3000000,4000000,100.45
19746,5,38,2,1,1,2,12889080,12229080,5989080,577580,5411500,6240000,660000,22297780,21502360,795420,12093660,-9408700,1696000,1118420,41500,1280000,1238500,5370000,5370000,0,0,350000,227626100,221688400,1300000,1500000,34.4444444444444
19748,5,38,1,2,1,2,34472300,34472300,24832300,25311700,-479400,9640000,0,13940850,13940850,0,34472300,20531450,29090000,3778300,-479400,0,479400,0,0,0,0,1200000,89214800,82158200,1800000,400000,100.45
19749,3,38,2,8,2,2,53832340,53832340,53832340,48188640,5643700,0,0,69581240,57716420,11864820,41967520,-15748900,55056100,6867460,5143700,6102200,958500,500000,500000,0,0,1000000,163390700,147783200,3000000,2500000,84
19750,5,38,2,1,1,4,17816395,15116395,8876395,2980655,5895740,6240000,2700000,25365528,23735528,1630000,16186395,-7549133,8633475,5652820,5895740,10981750,5086010,0,0,0,0,0,956629300,938985000,2700000,1800000,34.4444444444444
19753,4,38,1,7,2,1,102564550,101564550,90194550,90956700,-762150,11370000,1000000,44241000,41360000,2881000,99683550,58323550,108500000,17543300,-762150,0,762150,0,0,0,4540000,3200000,1928472500,1970506700,2000000,200000,152.333333333333
19754,4,38,1,7,1,2,27884500,27284500,27284500,10695000,16589500,0,600000,30208500,27992500,2216000,25668500,-2324000,13800000,3105000,-110500,0,110500,16700000,16700000,0,3110000,2400000,302718000,301415500,1500000,40000,152.333333333333
19755,3,38,1,7,1,1,47104070,47104070,47104070,34564020,12540050,0,0,39206570,35141900,4064670,43039400,7897500,39000000,4435980,12540050,17250000,4709950,0,0,0,1797070,1037070,850783300,755453900,0,50000,107.6
19756,4,38,2,8,1,1,45797037,45617037,44137037,25816217,18320820,1480000,180000,53053528,47177728,5875800,39921237,-7256491,50418775,24602558,4640820,6352390,1711570,13680000,13680000,0,4023240,6155000,178550086,154364300,1341786,250000,30.1282051282051
19757,5,38,2,4,1,1,6335759,6335759,4535759,3434500,1101259,1800000,0,15437934,14798414,639520,5696239,-9102175,18458750,15024250,-2798741,919100,3717841,3900000,3900000,0,2462210,6541310,171847600,154684300,0,140000,39.5476190476191
19758,3,38,2,8,3,3,27774234,26899630,25013050,22346081,2666969,1886580,874604,16679520,13921838,2757682,25016552,11094714,32367691,10021610,2050260,2608840,558580,616709,616709,0,0,54060,350763857,330874800,2166657,350000,30.1282051282051
19759,3,38,1,6,1,1,145606379,145606379,145606379,145606379,0,0,0,82841320,38810860,44030460,101575919,62765059,636429000,490822621,0,0,0,0,0,0,0,2200000,420727200,282080100,0,200000,23.3
19761,5,38,3,8,1,1,29466600,24866600,4766600,1882400,2884200,20100000,4600000,22521860,18416360,4105500,25361100,6944740,2849000,966600,96200,2067500,1971300,2788000,2788000,0,0,2248000,249368000,242130600,1000000,200000,84.9420289855072
19762,4,38,2,8,2,2,140674221,139892561,125345861,69966500,55379361,14546700,781660,43502646,40954656,2547990,138126231,97171575,89101170,19134670,53603361,96644167,43040806,1776000,1776000,0,2653463,10253463,780998300,764674700,0,100000,46.1
19765,4,38,3,4,1,2,8871721,8871721,5368761,2176840,3191921,3502960,0,39131530,33881128,5250402,3621319,-30259809,9815400,7638560,3191921,5469520,2277599,0,0,0,0,455000,528042950,491856800,1675650,300000,39.5476190476191
19766,5,38,2,4,1,1,-3077450,-4196450,-12692450,-14439400,1746950,8496000,1119000,24059800,23740800,319000,-3396450,-27137250,10946000,25385400,1746950,2494200,747250,0,0,0,0,420000,604542600,564840700,2011700,400000,39.5476190476191
19767,5,38,2,3,1,2,11470898,11470898,1935038,4513983,-2578945,9535860,0,20875368,20044108,831260,10639638,-9404470,10595850,6081867,-2578945,3598215,6177160,0,0,0,0,2440000,417932400,401454900,0,500000,26.25
19769,4,38,2,5,1,1,4871750,4871750,-7338250,-7368250,30000,12210000,0,17663220,16572220,1091000,3780750,-12791470,0,7368250,30000,1150000,1120000,0,0,0,1483000,913000,707158700,691715000,0,300000,37.6666666666667
19771,3,38,2,5,1,1,25165000,25165000,25165000,1630000,23535000,0,0,33708800,30383000,3325800,21839200,-8543800,3000000,1370000,335000,575000,240000,23200000,23200000,0,2830000,1530000,264579200,253059200,1500000,250000,17.4285714285714
19772,5,38,2,7,1,1,15511205,14511205,4791205,164470,4626735,9720000,1000000,9454290,9424290,30000,15481205,6056915,1275000,1110530,2276735,2500000,223265,2350000,2350000,0,0,0,107430100,101291300,2000000,110000,28.2686567164179
19774,5,38,2,7,1,1,17155720,17155720,5775720,4241720,1534000,11380000,0,8787800,8487800,300000,16855720,8367920,5000000,758280,184000,184000,0,1350000,1350000,0,0,0,236499200,228594800,1000000,58000,28.2686567164179
19776,5,38,3,7,2,1,64531500,64531500,55921500,4987000,50934500,8610000,0,16173900,15407900,766000,63765500,48357600,6000000,1013000,48284500,60237000,11952500,2650000,2650000,0,1153000,1148000,96517500,86256500,4000000,49000,28.2686567164179
19783,3,38,2,4,2,2,9498275,9498275,9498275,5782325,3715950,0,0,13640421,11936421,1704000,7794275,-4142146,7682625,1900300,3715950,3935750,219800,0,0,0,2039183,1264203,221793400,226653900,2853000,80000,39.5476190476191
19784,5,38,2,4,1,3,10900250,10900250,4495150,2940100,1555050,6405100,0,13155510,13055510,100000,10800250,-2255260,5465400,2525300,1555050,2113800,558750,0,0,0,220680,227080,452042900,443049600,0,120000,39.5476190476191
19785,4,38,3,3,1,3,14580145,14580145,6180145,-641940,6822085,8400000,0,12163720,11302220,861500,13718645,2416425,2089580,2731520,2982085,3780000,797915,3840000,3840000,0,404300,964300,303011000,279165100,0,70000,14.375
19786,4,38,2,4,1,1,14048800,14048800,3848800,-485400,4334200,10200000,0,10484670,10424670,60000,13988800,3564130,2104500,2589900,1094200,1521000,426800,3240000,3240000,0,641750,641750,245833700,237956300,1137500,150000,164.166666666667
19789,5,38,1,5,1,1,49512516,49512516,28425216,28825056,-399840,21087300,0,26780859,15479099,11301760,38210756,22731657,34408236,5583180,-399840,0,399840,0,0,0,0,2500000,386595930,389340100,1952930,1500000,25
19790,4,38,2,6,3,1,66942537,65573057,53658577,22282597,31375980,11914480,1369480,34323777,32093257,2230520,64712017,32618760,59151384,36868787,31375980,35829650,4453670,0,0,0,0,33407680,818817840,704773200,2784340,1000000,22.4444444444444
19792,5,38,2,1,1,4,13365163,13365163,5745163,6731718,-986555,7620000,0,28080873,27360873,720000,12645163,-14715710,8648000,1916282,-986555,0,986555,0,0,0,0,0,568868500,556825100,400000,800000,34.4444444444444
19793,5,38,2,7,1,1,11701880,11701880,-711300,-1018300,307000,12413180,0,6938400,6923400,15000,11686880,4763480,-500000,518300,207000,207000,0,100000,100000,0,0,0,93523900,88955600,500000,100000,28.2686567164179
19795,4,38,3,2,1,2,29578742,29578742,28078742,1243850,26834892,1500000,0,14329666,14059706,269960,29308782,15249076,4095000,2851150,24834892,34845000,10010108,2000000,2000000,0,0,16127000,103979000,124530700,0,150000,28.8545454545455
19796,4,38,2,5,3,3,55161567,55161567,53861567,5650480,48211087,1300000,0,54882570,52654970,2227600,52933967,278997,28600000,22949520,48211087,62526400,14315313,0,0,0,0,450000,1497634300,1464560600,0,3000000,17.4285714285714
19798,3,38,1,1,1,2,26456345,26456345,24656345,20676280,3980065,1800000,0,25089220,21287300,3801920,22654425,1367125,33089000,12412720,-519935,757000,1276935,4500000,4500000,0,0,0,455955700,432819700,1000000,100000,45.2857142857143
19799,5,38,2,4,1,1,37591500,35191500,8728500,5936250,2792250,26463000,2400000,36101800,33031800,3070000,34521500,1489700,10200000,4263750,2792250,5237000,2444750,0,0,0,0,2450000,265958100,274283900,1000000,50000,39.5476190476191
19800,5,38,3,1,1,3,15929490,15929490,10602290,-87100,10689390,5327200,0,10371370,9767670,603700,15325790,5558120,0,87100,7149390,13377590,6228200,3540000,3540000,0,0,100000,320393000,312218700,1394300,150000,13.25
19802,5,38,3,7,2,1,37535700,36935700,33975700,-9839300,43815000,2960000,600000,36186600,34345600,1841000,35694700,1349100,0,9839300,-185000,0,185000,44000000,44000000,0,3440000,3200000,314543700,305104800,1000000,200000,107.6
19803,4,38,2,8,1,1,24487380,24487380,15587380,12930770,2656610,8900000,0,17626430,16726430,900000,23587380,6860950,15236500,2305730,-133390,89000,222390,2790000,2790000,0,900000,0,155962300,147052500,1500000,600000,84.9420289855072
19804,5,38,1,7,1,1,43594800,42594800,34564800,34754800,-190000,8030000,1000000,43144200,39623200,3521000,40073800,450600,72980000,38225200,-190000,0,190000,0,0,0,3450000,2350000,2057291850,2008228100,2716350,300000,152.333333333333
19805,5,38,3,8,1,2,16545555,16545555,6219525,2297299,3922226,10326030,0,26590040,20147630,6442410,10103145,-10044485,3453379,1156080,3922226,5609023,1686797,0,0,0,0,2400000,486482100,473420300,500000,150000,84.9420289855072
19806,5,38,2,4,1,2,13471845,12371845,4543625,-2521890,7065515,7828220,1100000,26949702,24448979,2500723,10971122,-13477857,15661159,18183049,7065515,15930109,8864594,0,0,0,0,6145000,462919000,447315700,0,400000,164.166666666667
19807,4,38,3,8,1,2,43998719,39787919,38287919,-634020,38921939,1500000,4210800,37587033,33559093,4027940,39970779,6411686,0,634020,13061201,19961000,6899799,25860738,25860738,0,0,608900,275802500,259521300,0,300000,88.2826086956522
19809,5,38,3,3,1,1,-8997427,-8997427,-16528007,-2017706,-14510301,7530580,0,25340032,22991462,2348570,-11345997,-34337459,1422000,3439706,-14510301,8582000,23092301,0,0,0,0,158000,1849136700,1813776300,1000000,100000,26.25
19812,5,38,3,5,1,1,5351776,4951776,179576,-783900,963476,4772200,400000,10887160,9831160,1056000,4295776,-5535384,969000,1752900,163476,957956,794480,800000,800000,0,5000000,2400000,232514000,212514000,300000,300000,32.6
19813,4,38,2,5,1,1,14337310,13137310,-1552690,-8119940,6567250,14690000,1200000,24421560,22992820,1428740,12908570,-10084250,8800000,16919940,6067250,18127000,12059750,500000,500000,0,0,2850000,696475600,669370400,400000,400000,32.6
19814,4,38,2,5,2,2,102771245,102771245,92642915,53552105,39090810,10128330,0,93749890,78899200,14850690,87920555,9021355,100332500,46780395,39090810,77065650,37974840,0,0,0,2796084,15600000,2381813584,2313836000,1000000,1000000,25
19815,4,38,3,2,1,1,13150203,11856801,2736641,2784017,-47376,9120160,1293402,30537560,27613290,2924270,10225933,-17387357,24920152,22136135,-1397376,2689349,4086725,1350000,1350000,0,0,4600000,496633600,472228400,3100000,3100000,104.272727272727
19816,4,38,2,6,1,3,-15340970,-15340970,-20430970,-27805320,7374350,5090000,0,30894530,29781650,1112880,-16453850,-46235500,75838500,103643820,7374350,7696400,322050,0,0,0,358000,1110000,1263455300,1194415700,500000,500000,23.5714285714286
19817,5,38,2,5,1,2,62294853,54877963,40295433,17952030,22343403,14582530,7416890,18864720,15968480,2896240,59398613,43430133,27774170,9822140,21574038,38543447,16969409,769365,769365,0,27670725,15790000,1018315125,991096900,5000000,5000000,32.6
19818,5,38,3,5,1,1,25698158,25594608,18823148,474780,18348368,6771460,103550,20670605,20090845,579760,25118398,5027553,6686000,6211220,18048368,20195438,2147070,300000,300000,0,0,2195000,966773900,953742100,5000000,5000000,32.6
19819,5,38,2,5,1,1,23629020,23289020,12639020,6662470,5976550,10650000,340000,21067700,18562700,2505000,21124020,2561320,12572500,5910030,4587550,5401000,813450,1389000,1389000,0,9752500,7822500,441827100,431503200,1300000,1300000,32.6
19821,5,38,2,5,1,1,7469758,7212038,-606352,-1430776,824424,7818390,257720,7962778,7662778,300000,7169758,-493020,3820000,5250776,657424,816500,159076,167000,167000,0,0,800000,393292100,386971900,200000,200000,32.6
19822,2,38,1,5,1,1,155908660,144308660,143578660,143638660,-60000,730000,11600000,81721990,46525430,35196560,120712100,74186670,279400000,135761340,-60000,0,60000,0,0,0,0,108500000,2278172800,2338254900,5000000,5000000,25
19826,5,38,1,4,1,1,15687778,10045288,6511208,4871930,1639278,3534080,5642490,18514495,17810795,703700,14984078,-2826717,10187460,5315530,1615010,2416200,801190,24268,24268,0,3993210,991940,170302550,159377300,100000,100000,39.5476190476191
19828,5,38,2,7,1,1,16874785,16874785,12205425,4372500,7832925,4669360,0,9505900,9308900,197000,16677785,7368885,6000000,1627500,562925,562925,0,7270000,7270000,0,0,0,303916300,297236300,500000,120000,28.2686567164179
19829,4,38,2,7,1,1,58211900,57911900,53646900,40119400,13527500,4265000,300000,17417000,16072000,1345000,56866900,40794900,44000000,3880600,11087500,11087500,0,2440000,2440000,0,1535000,883500,144101700,173286100,108000,108000,28.2686567164179
19830,5,38,3,7,1,1,9287900,7887900,-3312100,-3616600,304500,11200000,1400000,14600079,14200079,400000,8887900,-5312179,0,3616600,304500,1949250,1644750,0,0,0,450000,200000,159908200,146080000,130000,130000,28.2686567164179
19831,5,38,3,7,1,2,23084170,23084170,14024170,-2873330,16897500,9060000,0,36402170,35602170,800000,22284170,-13318000,1480000,4353330,12897500,12897500,0,4000000,4000000,0,450000,600000,739784700,711188100,25000,25000,28.2686567164179
19832,5,38,3,7,1,1,10458100,9658100,3110100,-560000,3670100,6548000,800000,10465000,10215000,250000,10208100,-6900,0,560000,330100,372600,42500,3340000,3340000,0,2515000,2400000,137858700,132933700,5000000,5000000,28.2686567164179
19833,5,38,1,7,1,1,7468810,5868810,1290650,1065900,224750,4578160,1600000,5846100,5746100,100000,7368810,1622710,1650000,584100,224750,224750,0,0,0,0,0,0,150881400,148168800,35000,35000,28.2686567164179
19834,5,38,1,7,1,1,4008360,4008360,-569800,-508600,-61200,4578160,0,10041312,9941312,100000,3908360,-6032952,0,508600,-61200,0,61200,0,0,0,1485022,1474124,32865800,28528200,9000,9000,28.2686567164179
19835,3,38,3,7,1,1,29808800,29808800,26758800,3850000,22908800,3050000,0,28713260,27023260,1690000,28118800,1095540,4000000,150000,8208800,8280000,71200,14700000,14700000,0,50000,470000,346883600,327834300,15000,15000,28.2686567164179
19836,5,38,3,8,1,1,20568100,20568100,18668100,5404000,13264100,1900000,0,40225500,38645500,1580000,18988100,-19657400,5500000,96000,5664100,7111100,1447000,7600000,7600000,0,200000,200000,270465800,233736500,130000,130000,84.9420289855072
19837,5,38,3,4,1,1,5777092,5777092,-876908,-2141050,1264142,6654000,0,21123245,21006245,117000,5660092,-15346153,1120000,3261050,1264142,5115000,3850858,0,0,0,2557138,4513600,359387000,347374500,70000,70000,39.5476190476191
19838,5,38,3,4,1,2,11733284,11733284,2086004,-3325500,5411504,9647280,0,12761360,12661360,100000,11633284,-1028076,0,3325500,5411504,6000000,588496,0,0,0,188380,3188380,234443100,221813100,80000,80000,39.5476190476191
19839,5,38,3,4,1,3,16976185,16976185,10286185,4405900,5880285,6690000,0,6775025,6605025,170000,16806185,10201160,5232500,826600,5880285,5915000,34715,0,0,0,443360,351650,94477600,91727700,90000,90000,164.166666666667
19840,4,38,2,1,1,5,21621110,21621110,21121110,5358100,15763010,500000,0,20139790,18475790,1664000,19957110,1481320,6702500,1344400,2263010,4485000,2221990,13500000,13500000,0,1122060,4097300,408588900,404069000,210000,210000,13.25
19841,4,38,2,3,1,3,9559820,9239820,1425630,2009795,-584165,7814190,320000,9820790,9078380,742410,8817410,-260970,5095000,3085205,-584165,0,584165,0,0,0,0,0,184908700,178929100,1682600,140000,26.25
19842,4,38,3,4,1,1,19279640,19279640,19279640,-1351210,20630850,0,0,22335540,20839840,1495700,17783940,-3055900,716500,2067710,-919150,403000,1322150,21550000,21550000,0,2373390,7593100,233868700,229099600,180000,180000,164.166666666667
19843,4,38,2,3,1,2,15577189,15398693,4508423,9086225,-4577802,10890270,178496,17569383,15715541,1853842,13723347,-1992194,12623840,3537615,-4582932,6077080,10660012,5130,5130,0,2195109,5192635,235045800,233639200,1000000,1000000,26.25
19844,5,38,2,4,1,1,10023920,10023920,2203920,1783920,420000,7820000,0,5246109,5046109,200000,9823920,4777811,3491400,1707480,420000,982800,562800,0,0,0,82600,82600,221254900,218010900,3150000,3150000,39.5476190476191
19845,3,38,2,2,1,2,5557035,5557035,5557035,3826190,1730845,0,0,14545450,12880620,1664830,3892205,-8988415,5543500,1717310,1730845,1937000,206155,0,0,0,944500,944500,202909900,197856600,220000,220000,104.272727272727
19846,5,38,2,4,1,1,5897520,5897520,1997520,1406120,591400,3900000,0,4444554,4324554,120000,5777520,1452966,2191100,784980,591400,1084200,492800,0,0,0,180000,180000,255368200,253184900,80000,80000,164.166666666667
19847,5,38,3,2,1,1,18140750,18140750,8170750,6336400,1834350,9970000,0,23721854,23521854,200000,17940750,-5581104,11004000,4667600,1834350,2418000,583650,0,0,0,1567940,1590710,597375600,579092300,70000,70000,100.45
19848,4,38,3,2,1,1,10502710,10502710,10502710,8660560,1842150,0,0,9325360,7705360,1620000,8882710,1177350,9885600,1225040,1842150,2332200,490050,0,0,0,458280,470080,123385600,120788300,100000,100000,100.45
19849,4,38,3,4,1,1,4412590,4412590,1262590,-701650,1964240,3150000,0,12898610,10920610,1978000,2434590,-8486020,3674500,4376150,1964240,2418000,453760,0,0,0,935050,935050,416750200,408294500,5800000,5800000,39.5476190476191
19850,3,38,2,4,1,1,1768440,1768440,1768440,592780,1175660,0,0,10641640,8952640,1689000,79440,-8873200,5258000,4665220,1175660,2496000,1320340,0,0,0,407500,407500,312734000,304500000,1150000,1150000,39.5476190476191
19851,4,38,2,4,1,1,18536355,18536355,18536355,7605930,10930425,0,0,13013439,11364839,1648600,16887755,5522916,11621000,4015070,10930425,12402000,1471575,0,0,0,483000,1422700,228324400,222872100,120000,120000,39.5476190476191
19852,4,38,2,2,1,1,1951875,1951875,1951875,1521525,430350,0,0,15614460,14121460,1493000,458875,-13662585,6772125,5250600,430350,1556750,1126400,0,0,0,1828200,1852500,374320100,364450100,210000,210000,100.45
19853,4,38,2,4,2,1,-2411252,-2411252,-4602532,-16331776,11729244,2191280,0,66033161,58896291,7136870,-9548122,-68444413,23412934,39744710,10684285,25816795,15132510,1044959,1044959,0,1126992,13588437,2171413200,2121671800,1000000,1000000,39.5476190476191
19854,5,38,2,4,1,1,-2315570,-2315570,-16522780,-17094220,571440,14207210,0,22781480,21731480,1050000,-3365570,-25097050,7935300,25029520,571440,1608900,1037460,0,0,0,0,1442570,489043330,462542700,500000,500000,39.5476190476191
19855,5,38,2,4,1,1,38771427,35181407,21976407,-3942240,25918647,13205000,3590020,50480682,45046862,5433820,33337607,-11709255,10161250,14103490,1212375,22365000,21152625,24706272,24706272,0,9000000,17230000,871905200,849224300,1000000,1000000,39.5476190476191
19856,5,38,2,4,1,2,-3601452,-3601452,-14181615,-6979740,-7201875,10580163,0,60768040,51919430,8848610,-12450062,-64369492,34389530,41369270,-7201875,2689600,9891475,0,0,0,0,3566270,792401550,765481400,2000000,2000000,39.5476190476191
19857,5,38,2,4,1,1,27143800,27143800,20774600,11725800,9048800,6369200,0,22152120,18879120,3273000,23870800,4991680,22277000,10551200,9048800,10374000,1325200,0,0,0,0,0,398783100,394769900,200000,200000,39.5476190476191
19858,5,38,2,4,1,1,29189660,22389660,7858340,757050,7101290,14531320,6800000,21885360,18881360,3004000,26185660,7304300,17975750,17218700,3981290,8367500,4386210,3120000,3120000,0,20734000,2740000,365132500,334974300,500000,500000,39.5476190476191
19859,4,38,3,2,1,1,61823859,61423859,51491019,23604756,27886263,9932840,400000,43649167,40409189,3239978,58583881,18174692,38301956,14697200,2397823,18306707,15908884,25488440,25488440,0,22072274,16578006,374416284,371412400,2000000,2000000,104.272727272727
19860,4,38,3,2,1,2,34642975,34185366,32985366,-315442,33300808,1200000,457609,30183680,27565090,2618590,32024385,4459295,35168678,35484120,17794358,20776658,2982300,15506450,15529660,23210,1750000,500000,886918200,863944000,1000000,1000000,104.272727272727
19861,5,38,3,2,1,2,2539370,2539370,-5650390,-18649950,12999560,8189760,0,52834780,52824030,10750,2528620,-50295410,20260550,38910500,7554560,11523100,3968540,5445000,5445000,0,0,2300000,1248430400,1212102300,1000000,1000000,104.272727272727
19862,4,38,3,1,1,1,30581835,29481835,29481835,-1500,29483335,0,1100000,36099200,32685400,3413800,27168035,-5517365,0,1500,961835,1035000,73165,28521500,28521500,0,1649400,10903700,63044700,57018000,1519700,60000,13.25
19863,4,38,1,5,1,1,16387738,8387258,671578,726200,-54622,7715680,8000480,26537050,25383160,1153890,15233848,-10149312,9004000,8277800,-804622,2928753,3733375,750000,750000,0,7351311,10549330,401067200,401291400,30000,30000,37.6666666666667
19864,4,38,2,7,2,2,24758950,23598950,21378950,-4804950,26183900,2220000,1160000,50042000,46949000,3093000,21665950,-25283050,3250000,8054950,4853900,5500000,646100,21330000,21330000,0,3635000,2300000,488645500,418986600,0,200000,152.333333333333
19865,4,38,1,7,3,1,83637900,83637900,83637900,50637900,33000000,0,0,47192000,44323000,2869000,80768900,36445900,107000000,56362100,0,0,0,33000000,33000000,0,4760000,2650000,1408364100,1454348500,150000,150000,152.333333333333
19866,4,38,3,3,1,1,26452075,21682075,8724215,2875100,5849115,12957860,4770000,44644423,40944183,3700240,22751835,-18192348,5232500,2357400,5849115,7853325,2004210,0,0,0,1798000,4738000,316586600,299405000,1000000,1000000,26.25
19867,4,38,3,3,1,1,78199474,67456267,51032537,2603725,48428812,16423730,10743207,79354150,72323990,7030160,71169314,-1154676,6514665,3910940,33441150,47020500,13579350,14987662,14987662,0,50000,11490000,598244100,569074299,1000000,1000000,14.375
19868,5,38,3,4,4,1,17567400,14367400,456400,-4397550,4853950,13911000,3200000,49913920,49528920,385000,17182400,-32346520,6210000,10607550,4853950,6173950,1320000,0,0,0,0,0,610630400,526737200,600000,600000,39.5476190476191
19869,4,38,2,4,2,3,96485680,96485680,84435680,46969580,37466100,12050000,0,38378001,35925301,2452700,94032980,58107679,69377000,22407420,37466100,44091650,6625550,0,0,0,0,1600000,990485300,636162400,500000,500000,39.5476190476191
19870,4,38,3,8,1,5,10620872,10620872,-2249408,-2466058,216650,12870280,0,37625010,36591680,1033330,9587542,-27004138,1723942,4190000,216650,353750,137100,0,0,0,505000,1380800,795436100,757136100,250000,250000,84.9420289855072
19871,4,38,2,8,1,1,2669480,2669480,1469480,1926580,-457100,1200000,0,38092467,33329317,4763150,-2093670,-35422987,6600000,4673420,-457100,0,457100,0,0,0,138000,6572400,172689900,150986700,150000,150000,84.9420289855072
19872,5,38,2,4,1,2,16089447,14267447,4239837,-4348910,8588747,10027610,1822000,27978771,27090641,888130,15201317,-11889324,2867750,7216660,2888747,7870367,4981620,5700000,5700000,0,219060,1224930,141503400,126287100,200000,200000,39.5476190476191
19873,4,38,1,8,1,1,19372211,19312211,15189811,15750708,-560897,4122400,60000,22506783,20438043,2068740,17303471,-3134572,46483065,30732357,-560897,809600,1370497,0,0,0,2022510,4452430,208793000,188109700,200000,200000,30.1282051282051
19874,4,38,1,8,1,1,24760798,20060798,12052458,11880518,171940,8008340,4700000,23323990,21239590,2084400,22676398,1436808,24297438,12416920,171940,562100,390160,0,0,0,0,3670000,299125800,286065800,100000,100000,30.1282051282051
19875,5,38,2,8,1,1,31815122,31815122,21055122,19507822,1547300,10760000,0,39837780,36475850,3361930,28453192,-8022658,40170353,20662531,1547300,5306500,3759200,0,0,0,0,1275000,369558300,343526900,150000,150000,30.1282051282051
19876,3,38,3,4,1,2,-55301455,-55301455,-64501455,-27590060,-36911395,9200000,0,51865877,44457217,7408660,-62710115,-107167332,12656240,40246300,-46063625,25008277,71071902,9152230,9152230,0,3474103,27272138,380928800,299865200,250000,250000,39.5476190476191
19877,5,38,3,8,1,1,74412001,73312001,63538601,32041526,31497075,9773400,1100000,28643168,25227198,3415970,70996031,45768833,52114654,20073128,29157075,40792820,11635745,2340000,2340000,0,44825246,6957840,546172706,485180600,150000,150000,30.1282051282051
19878,3,38,2,8,4,2,12626466,12626466,11426466,10419481,1006985,1200000,0,13329840,12487340,842500,11783966,-703374,22840531,12421050,1006985,1717085,710100,0,0,0,0,1450000,1605871400,1741227600,500000,500000,30.1282051282051
19879,4,38,1,8,1,1,15120105,10920105,-5217265,-2168880,-3048385,16137370,4200000,14277430,13637430,640000,14480105,842675,8704520,10873400,-4310385,28000,4338385,1262000,1262000,0,50000,130000,173316500,161049900,100000,100000,30.1282051282051
19880,5,38,2,2,1,1,22849015,22849015,15849015,11949040,3899975,7000000,0,17289850,16063850,1226000,21623015,5559165,14905000,2955960,3899975,4864050,964075,0,0,0,200000,0,775699800,750138200,3000000,3000000,104.272727272727
19881,5,38,2,8,1,2,13690527,13290527,4072797,-45528,4118325,9217730,400000,21070550,20770550,300000,13390527,-7380023,1115000,1160528,3428325,4494550,1066225,690000,690000,0,3088340,3088340,579744800,569152200,55000,55000,84.9420289855072
19882,5,38,2,8,1,1,21932854,21932854,13917874,1302500,12615374,8014980,0,14069435,13037725,1031710,20901144,7863419,2099800,797300,10665374,11661000,995626,1950000,1950000,0,799300,2346080,95420000,82616100,85000,85000,24.5
19883,5,38,2,8,1,1,40610479,33328529,9498649,-351552,9850201,23829880,7281950,49525705,47852275,1673430,38937049,-8915226,756000,1107552,-4454999,258000,4712999,14305200,14305200,0,2734030,7669835,892748295,882164700,5000000,5000000,24.5
19884,4,38,2,8,1,2,31722243,31322243,18433823,11974090,6459733,12888420,400000,49056260,43422940,5633320,26088923,-17334017,12439000,464910,-117957,115000,232957,6577690,6577690,0,177983,200000,307701883,280477900,3500000,3500000,17.9545454545455
19885,4,38,2,8,1,2,62137470,62137470,62137470,59718570,2418900,0,0,25817000,20554400,5262600,56874870,36320470,70224500,10505930,818900,2761500,1942600,1600000,1600000,0,0,500000,214690800,201200900,2500000,2500000,24.5
19886,3,38,2,8,1,2,32593150,31973150,29473150,15636000,13837150,2500000,620000,40351480,26294100,14057380,18535770,-7758330,16550000,914000,1107150,1381000,273850,12730000,12730000,0,5085000,1000000,215436900,148909800,48000,48000,84.9420289855072
19887,5,38,2,8,1,1,4902900,4902900,1602900,692900,910000,3300000,0,18030470,17900470,130000,4772900,-13127570,3613900,2921000,810000,1000000,190000,100000,100000,0,300000,0,225206300,213036300,1000000,1000000,84.9420289855072
19888,4,38,2,8,1,1,10794830,10748650,3471650,621250,2850400,7277000,46180,17912388,17107388,805000,9989830,-7117558,1130000,508750,1310400,1497050,186650,1540000,1540000,0,0,50000,340880300,334060300,1000000,1000000,84.9420289855072
19889,4,38,2,8,1,2,15076320,9976320,4271040,1903440,2367600,5705280,5100000,14588129,14011929,576200,14500120,488191,4862500,2959060,697600,1466500,768900,1670000,1670000,0,0,900000,334456200,325214100,1200000,1200000,84.9420289855072
19890,4,38,1,2,1,2,18771000,18771000,17346000,15946000,1400000,1425000,0,11212800,10237800,975000,17796000,7558200,16265000,319000,0,0,0,1400000,1400000,0,1530000,1880000,436662600,428277000,1000000,1000000,36.0526315789474
19891,3,38,2,2,2,3,52504390,52504390,50004390,41062090,8942300,2500000,0,35187590,33932590,1255000,51249390,17316800,52740000,11677910,6942300,12300000,5357700,2000000,2000000,0,0,3400000,716419500,698943100,4000000,4000000,28.8545454545455
19892,5,38,2,8,1,1,20671420,20671420,13351420,9047420,4304000,7320000,0,15880350,15154350,726000,19945420,4791070,14651000,5603580,4304000,5000000,696000,0,0,0,0,200000,427506200,416859700,800000,800000,88.2826086956522
19893,5,38,2,8,1,2,22199080,22199080,11679080,1605130,10073950,10520000,0,15142020,14842020,300000,21899080,7057060,2890000,1284870,9723950,9743500,19550,350000,350000,0,1208890,1598190,126641800,117037500,55000,55000,84.9420289855072
19894,5,38,2,8,1,1,19922880,18922880,12802880,8414820,4388060,6120000,1000000,20968070,19068070,1900000,18022880,-1045190,10852500,2437680,4388060,5257500,869440,0,0,0,0,2400000,349356300,337648600,4000000,4000000,88.2826086956522
19895,5,38,2,2,1,2,14500385,12500385,8900385,5160285,3740100,3600000,2000000,15233870,15233870,0,14500385,-733485,6407825,1247540,983100,1299400,316300,2757000,2757000,0,0,2400000,306880700,303977200,1600000,1600000,104.272727272727
19896,4,38,2,1,1,3,13767912,13767912,8312102,3718470,4593632,5455810,0,25649700,24637780,1011920,12755992,-11881788,10548000,6829530,-1186368,1798800,2985168,5780000,5780000,0,0,2720000,364022700,341335100,3800000,3800000,34.4444444444444
19897,5,38,3,8,1,1,19762500,19762500,9912500,5035000,4877500,9850000,0,11891500,11231500,660000,19102500,7871000,5440000,405000,1877500,2260000,382500,3000000,3000000,0,200000,400000,792036100,782006100,30000,30000,84.9420289855072
19898,4,38,2,8,1,1,44584200,43524200,34741200,24132870,10608330,8783000,1060000,15936080,15335730,600350,43983850,28648120,31181750,7048880,6608330,11783750,5175420,4000000,4000000,0,0,2530000,281590000,274945200,2800000,2800000,24.5
19899,5,38,2,1,1,3,19093820,17093820,2120400,-1004600,3125000,14973420,2000000,29867200,27571200,2296000,16797820,-10773380,5280000,6284600,-115000,0,115000,3240000,3240000,0,0,4240000,356517700,350654500,230000,230000,34.4444444444444
19900,5,38,1,1,1,3,7233300,7173300,673300,136700,536600,6500000,60000,11495480,11495480,0,7233300,-4262180,550000,413300,-3400,0,3400,540000,540000,0,0,0,183053200,175928300,600000,600000,34.4444444444444
19901,5,38,2,1,1,2,24938250,24878250,19878250,12988300,6889950,5000000,60000,18909580,17751980,1157600,23780650,6028670,26932350,13944050,6889950,9040000,2150050,0,0,0,240000,2400000,758736600,741110100,4000000,4000000,34.4444444444444
19902,3,38,3,1,1,2,6678690,6678690,6678690,5114160,1564530,0,0,15915660,14915660,1000000,5678690,-9236970,8608750,3494590,-235470,1982500,2217970,1800000,1800000,0,0,2400000,353226700,346161800,600000,600000,45.2857142857143
19903,5,38,3,2,1,1,26083600,26083600,15199600,5408400,9791200,10884000,0,9212350,9056350,156000,25927600,16871250,5523900,115500,6791200,7004300,213100,3000000,3000000,0,0,0,89455200,86273000,700000,700000,100.45
19904,5,38,2,8,1,2,50479360,50479360,35282360,11960920,23321440,15197000,0,143390281,89518971,53871310,-3391950,-92910921,20035900,8074980,18131440,26716660,8585220,5190000,5190000,0,9925700,29451000,583736300,526180500,200000,200000,84.9420289855072
19905,4,38,3,8,1,1,41081506,40252236,4506806,1797930,2708876,35745430,829270,50547631,44228151,6319480,34762026,-9466125,5850950,4053020,2708876,5109948,2401072,0,0,0,1211300,2250000,436930000,397204600,150000,150000,84.9420289855072
19906,4,38,2,5,1,2,-1487486,-1487486,-2687486,-2633000,-54486,1200000,0,24119008,23298508,820500,-2307986,-25606494,126000,2759000,-54486,1221050,1275536,0,0,0,5678866,5622000,531876800,523037900,1200000,1200000,37.6666666666667
19907,4,38,3,5,1,2,56710550,56710550,53010550,-2481200,55491750,3700000,0,26504728,25519728,985000,55725550,30205822,-215000,2266200,27691750,28250250,558500,27800000,27800000,0,0,0,260458800,253522500,1200000,1200000,17.4285714285714
19908,3,38,2,5,1,2,-1107900,-1107900,-1107900,-86600,-1021300,0,0,31413217,25370707,6042510,-7150410,-32521117,0,86600,-1021300,2546980,3568280,0,0,0,1499500,2300000,215059100,213568900,500000,500000,17.4285714285714
19910,3,38,2,5,1,2,5811850,5811850,1561850,391000,1170850,4250000,0,25128810,24150810,978000,4833850,-19316960,700000,309000,1170850,1996050,825200,0,0,0,857410,2434000,568205400,557932700,1200000,1200000,17.4285714285714
19911,4,38,2,8,1,1,11828275,11828275,-71725,-22050,-49675,11900000,0,8166180,7966180,200000,11628275,3662095,602000,624050,-49675,955950,1005625,0,0,0,848500,730000,275481500,273272800,1000000,1000000,84.9420289855072
19914,3,38,3,4,2,1,18340650,17540650,11532650,14869400,-3336750,6008000,800000,64238492,48225162,16013330,2327320,-45897842,17514000,2644600,-3336750,5159790,8496540,0,0,0,1003026,11000000,671797700,664790800,300000,300000,164.166666666667
19915,2,38,2,5,3,1,41440760,41420760,40420760,366400,40054360,1000000,20000,39515235,31779895,7735340,33705420,1925525,3215000,2848600,-815640,1555800,2371440,40870000,40870000,0,2220250,2112000,512694300,503725700,5000000,5000000,17.4285714285714
19916,4,38,3,8,2,1,22445730,14705730,7120650,255100,6865550,7585080,7740000,26892640,24957640,1935000,20510730,-4446910,2528000,2272900,-1401450,2203500,3604950,8267000,8267000,0,0,250000,133993700,128142800,300000,300000,84.9420289855072
19917,5,38,2,6,1,1,24246145,24046145,13072325,12621500,450825,10973820,200000,68858130,67240510,1617620,22628525,-44611985,15001000,2379500,450825,1407000,956175,0,0,0,1361000,1915000,373197700,321780100,500000,500000,10.0769230769231
19919,3,38,2,1,1,1,61363750,61363750,61363750,-1118000,62481750,0,0,18611400,17771400,840000,60523750,42752350,-970000,148000,58481750,60619700,2137950,4000000,4000000,0,1600300,4376080,187853400,183757400,1000000,1000000,13.25
19925,5,38,3,4,1,3,57196277,55872917,38596406,17560040,21036366,17276511,1323360,25950547,24504337,1446210,55750067,31245730,29780140,12220100,13936411,16427255,2490844,7099955,7099955,0,30033735,6724000,755387735,708010800,50000,50000,164.166666666667
19926,3,38,2,8,1,1,11179508.9354839,10864938.9354839,3813571.83870968,2376151.80645161,1437420.03225806,7051367.09677419,314570,19823965.8387097,19240971.3225806,582994.516129032,10596514.4193548,-8644456.9032258,4717635.80645161,2341484,1269486.80645161,2007783.61290323,738296.806451613,167933.225806452,167933.225806452,0,1304979.58064516,2589035.38709677,293004108.16129,285699100,1500000,1500000,46.1
19927,5,38,2,8,1,1,5538662,4538662,-2379338,701500,-3080838,6918000,1000000,27027052,26450552,576500,4962162,-21488390,1500000,798500,-3080838,2216450,5297288,0,0,0,1072540,2191032,606691100,600963900,1500000,1500000,46.1
19928,5,38,2,8,1,1,5393325,5393325,-3246675,-1366000,-1880675,8640000,0,11463840,11288840,175000,5218325,-6070515,-900000,466000,-1880675,1336950,3217625,0,0,0,0,0,207304800,204429000,1000000,1000000,46.1
19929,5,38,2,8,1,1,8086985,7486985,726985,-645000,1371985,6760000,600000,9862343,9772343,90000,7996985,-1775358,0,645000,-248015,1741050,1989065,1620000,1620000,0,101100,240000,50903000,50688900,500000,500000,46.1
19930,4,38,2,8,1,1,4369282,4169282,-2360718,-59800,-2300918,6530000,200000,13318664,12848664,470000,3899282,-8949382,1069000,1128800,-2300918,659900,2960818,0,0,0,277680,542000,217171100,211673100,1000000,1000000,46.1
19931,5,38,2,8,1,1,4183885,3583885,-4264115,-1965000,-2299115,7848000,600000,13378070,13193070,185000,3998885,-9194185,0,1965000,-2299115,1421450,3720565,0,0,0,698200,292000,270193200,269091600,1000000,1000000,46.1
19932,5,38,2,8,1,1,9610615,9210615,-1029385,-106500,-922885,10240000,400000,19799640,19679640,120000,9490615,-10189025,0,106500,-922885,2352500,3275385,0,0,0,282000,472000,205508600,196427400,300000,300000,46.1
19933,4,38,2,8,2,1,7820095,7420095,4420095,2500000,1920095,3000000,400000,74213615,74022945,190670,7629425,-66393520,2500000,0,-1979905,6523260,8503165,3900000,3900000,0,3500000,0,735019100,654419500,2000000,2000000,84.9420289855072
19934,5,38,3,1,1,3,49580104,39250104,22370804,2341940,20028864,16879300,10330000,35485374,32300278,3185096,46395008,14094730,3177420,835480,19469864,24368135,4898271,559000,559000,0,499600,12460000,701491900,698465500,120000,120000,34.4444444444444
19935,4,38,3,8,1,2,14104667,-5895333,-23579383,-2187610,-21391773,17684050,20000000,27986831,25472521,2514310,11590357,-13882164,1920000,4107610,-23605573,8207860,31813433,2213800,2213800,0,0,8531600,321288700,312729500,100000,100000,93.9411764705882
19936,5,38,3,1,1,3,13091198,13091198,2147998,0,2147998,10943200,0,22363138,20061148,2301990,10789208,-9271940,0,0,2147998,7008768,4860770,0,0,0,0,160000,397651000,369734700,100000,100000,45.2857142857143
19938,4,38,3,4,1,1,9146795,9141785,-1001215,2876450,-3877665,10143000,5010,25457836,23180026,2277810,6868985,-16311041,5030050,2153600,-4577665,3357500,7935165,700000,700000,0,0,17380000,173585400,144807700,300000,300000,39.5476190476191
19939,5,38,3,4,1,1,38257172,32437172,21245292,5186880,16058412,11191880,5820000,14389270,13409430,979840,37277332,23867902,9161250,3974370,15658412,24743940,9085528,400000,400000,0,152500,2272500,373753800,370823800,300000,300000,39.5476190476191
19941,5,38,3,3,1,1,17459491,17459491,7758371,6403736,1354635,9701120,0,13151780,12883560,268220,17191271,4307711,8847856,2444120,1354635,3166600,1811965,0,0,0,0,2820000,360382400,358494500,0,500000,26.25
19942,5,38,3,8,1,2,240259,-359741,-7561275,3689550,-11250825,7201534,600000,24113620,22713620,1400000,-1159741,-23873361,4869000,1179450,-11250825,2000000,13250825,0,0,0,25000000,30564350,269649200,223127700,200000,200000,84.9420289855072
19943,4,38,3,1,2,2,28716222,25855222,19923222,1753010,18170212,5932000,2861000,20820352,18051752,2768600,25947622,7895870,1810010,57000,17770212,31573440,13803228,400000,400000,0,240000,3180000,392063900,368101900,2000000,2000000,45.2857142857143
19945,5,38,3,8,1,2,9543120,9543120,508400,-6028000,6536400,9034720,0,15594720,15460910,133810,9409310,-6051600,264000,6292000,6536400,12900000,6363600,0,0,0,0,20490000,511254800,448336800,300000,300000,84.9420289855072
19946,5,38,3,3,1,1,30223150,30223150,20116150,6144000,13972150,10107000,0,8582600,8555600,27000,30196150,21640550,6348000,204000,13972150,14150000,177850,0,0,0,0,0,336808900,314055600,50000,50000,26.25
19947,5,38,2,8,1,2,13033400,13033400,7483400,-216600,7700000,5550000,0,13327600,13297600,30000,13003400,-294200,2535000,2751600,6900000,6900000,0,800000,800000,0,1525800,1475000,384633000,366424400,1000000,1000000,84.9420289855072
19948,3,38,3,2,1,4,54292003,51992003,33791150,19662950,14128200,18200853,2300000,64438450,58202750,6235700,48056303,-10146447,55038500,35375550,14128200,18603200,4475000,0,0,0,30000000,10400000,450986100,426854600,3000000,3000000,100.45
19949,4,40,3,8,1,1,37541000,37541000,34341000,76000,34265000,3200000,0,22243300,18843300,3400000,34141000,15297700,350000,274000,34265000,34265000,0,0,0,0,3536000,4020000,130270900,116886000,150000,150000,24.5
19950,5,40,1,2,1,1,17009000,16009000,4609000,4864000,-255000,11400000,1000000,30020000,26928000,3092000,13917000,-13011000,6050000,1186000,-255000,0,255000,0,0,0,2010000,1300000,606875400,595544400,50000,50000,268
19951,3,40,3,8,3,1,44890900,44890900,44890900,-3356600,48247500,0,0,61135000,52833000,8302000,36588900,-16244100,0,3356600,-152500,0,152500,48400000,48400000,0,3863000,1600000,-54016700,-68023300,0,0,39.9230769230769
19952,4,40,3,8,1,1,10130000,10130000,2240000,-20000,2260000,7890000,0,6475000,6413000,62000,10068000,3655000,0,20000,2260000,2300000,40000,0,0,0,1200000,0,179962400,177742400,70000,70000,24.5
19953,5,40,1,7,1,1,-3946000,-4946000,-9766000,-9676000,-90000,4820000,1000000,33830179,31488179,2342000,-6288000,-37776179,17017500,26693500,-90000,0,90000,0,0,0,4050000,1900000,285941500,252373000,150000,150000,103.142857142857
19955,5,40,1,7,1,2,15039400,15039400,-3490600,-3490600,0,18530000,0,20704400,18734400,1970000,13069400,-5665000,1500000,4990600,0,0,0,0,0,0,2245000,2070000,645088700,630236100,65000,65000,1342
19956,4,40,1,7,1,1,3302500,2702500,1882500,-4104500,5987000,820000,600000,26518000,24831000,1687000,1615500,-23215500,143000,4247500,-13000,0,13000,6000000,6000000,0,3115000,2500000,501174400,480355900,100000,100000,103.142857142857
19957,4,40,2,7,1,1,14568330,14568330,14568330,7300830,7267500,0,0,39328400,37534800,1793600,12774730,-24760070,8350000,1049170,7267500,7411150,143650,0,0,0,664800,952700,566010300,550580300,1500000,1500000,15.7
19958,5,40,3,8,1,1,18192000,17592000,7692000,445000,7247000,9900000,600000,27033400,25098400,1935000,16257000,-8841400,2200000,1755000,7247000,10947000,3700000,0,0,0,2955000,2700000,472377900,466453500,200000,200000,30.1282051282051
19959,4,40,3,8,3,1,138808000,138808000,132328000,1278000,131050000,6480000,0,92846300,84554300,8292000,130516000,45961700,1430000,152000,75550000,89000000,13450000,55500000,55500000,0,8433000,46800000,474697200,486797300,560000,560000,30.1282051282051
19960,5,40,1,7,1,1,-14990700,-15990700,-19110700,-19110700,0,3120000,1000000,38743600,34401600,4342000,-19332700,-53734300,1450000,20560700,0,0,0,0,0,0,4225000,1900000,349480400,328314600,0,0,103.142857142857
19961,5,40,1,7,1,1,6055000,5055000,-2835000,-2835000,0,7890000,1000000,10821500,10621500,200000,5855000,-4766500,6589000,9424000,0,0,0,0,0,0,10000,0,177736700,166205500,100000,100000,23.625
19962,4,40,1,7,2,1,-1425100,-1425100,-1425100,-13431600,12006500,0,0,23825100,21682100,2143000,-3568100,-25250200,1515000,14946600,-293500,11500,305000,12300000,12300000,0,2420000,2420000,357268800,343048800,2000000,2000000,15.7
19963,4,40,1,7,2,1,46983400,45983400,18383400,15913400,2470000,27600000,1000000,30884000,27370000,3514000,43469400,16099400,59142500,43229100,-30000,0,30000,2500000,2500000,0,3894000,3000000,280137400,318313300,0,0,15.7
19964,5,40,1,7,1,1,-48889500,-49489500,-49489500,-75494500,26005000,0,600000,59245000,55263000,3982000,-52871500,-108134500,18000000,93494500,21505000,25000000,3495000,4500000,4500000,0,4955000,4800000,2276064000,2226992500,0,0,103.142857142857
19966,3,38,1,1,1,1,26842448.4375,24926885.9375,21779153.5,6435797.125,15343356.375,3147732.4375,1915562.5,43832216.1875,38323398.6875,5508817.5,21333630.9375,-16989767.75,17986616,11550818.875,-797993.625,2864780.5,3662774.125,16141350,16141350,0,4925625,8129375,390375825,372155200,0,0,37
