"연령별","무기질비료_질소질_지출액","무기질비료_인산질_지출액","무기질비료_가리질_지출액","무기질비료_복합_지출액","무기질비료_토양개량제_지출액","무기질비료_기타_지출액","유기질비료_퇴구비_지출액","유기질비료_계분_지출액","유기질비료_우분_지출액","유기질비료_돈분_지출액","유기질비료_기타_지출액","지역별","규모별","조성비","경영수준별","경지면적_합계_계","경지면적_합계_논","경지면적_합계_밭","경지면적_합계_임지","경지면적_합계_기타","경지면적_자작지_계","경지면적_자작지_논","경지면적_자작지_밭","경지면적_자작지_임지","경지면적_자작지_기타","경지면적_차용지_계","경지면적_차용지_논","경지면적_차용지_밭","경지면적_차용지_임지","경지면적_차용지_기타","재배면적_합계_계","재배면적_합계_논","재배면적_합계_밭","재배면적_합계_임지","재배면적_합계_기타","재배면적_자작지_계","재배면적_자작지_논","재배면적_자작지_밭","재배면적_자작지_임지","재배면적_자작지_기타","재배면적_차용지_계","재배면적_차용지_논","재배면적_차용지_밭","재배면적_차용지_임지","재배면적_차용지_기타","수령","전/겸업별","재배본수_ha당","비료비_ha당","무기질비료_ha당","유기질비료_ha당","무기질비료_질소질_지출액1","무기질비료_인산질_지출액1","무기질비료_가리질_지출액1","무기질비료_복합_지출액1","무기질비료_토양개량제_지출액1","무기질비료_기타_지출액1","유기질비료_퇴구비_지출액1","유기질비료_계분_지출액1","유기질비료_우분_지출액1","유기질비료_돈분_지출액1","유기질비료_기타_지출액1","농약비_ha당","수도광열비_ha당","제재료비_ha당","소농구비_ha당","수선비_ha당","임차료_ha당","위탁영농비_ha당","기타비용_ha당","기계_감가상각비_ha당","시설물_감가상각비_ha당","감가상각비_ha당","자동차비_ha당","자가토지용역비_ha당","임차토지용역비_ha당","토지용역비_ha당","자가노동비_ha당","고용노동비_ha당","급식물비_ha당","노동비_ha당","경영비","고정자본용역비_ha당","유동자본용역비_ha당","자본용역비_ha당","내급비","소득","직접생산비","간접생산비","생산비 합계_ha당","순수익","총 평가액_ha당","생대추 수량_ha당","건대추_원초 수량_ha당","건대추_찍초 수량_ha당","건대추_소계 수량_ha당","총 생산량(건대추 기준)_ha당","생대추 평가액_ha당","건대추_소계 평가액_ha당","부산물 생산량_ha당","무기질_질소질_수량_ha당","무기질_인산질_수량_ha당","무기질_가리질_수량_ha당","무기질_복합_수량_ha당","무기질_토양개량제_수량_ha당","무기질_기타_수량_ha당","무기질_합계_수량_ha당","유기질_퇴구비_수량_ha당","유기질_계분_수량_ha당","유기질_우분_수량_ha당","유기질_돈분_수량_ha당","유기질_기타_수량_ha당","유기질_합계_수량_ha당","총 노동시간_보통자가_ha당","총 노동시간_보통자가_남_ha당","총 노동시간_보통자가_여_ha당","총 노동시간_보통고용_ha당","총 노동시간_보통고용_남_ha당","총 노동시간_보통고용_여_ha당","총 노동시간_특수자가_ha당","총 노동시간_특수고용_ha당","총 노동시간_합계_ha당","간벌_시간_ha당","건조_시간_ha당","경운_시간_ha당","관수(살수)_시간_ha당","두둑_시간_ha당","멀칭_시간_ha당","배수로 정비 및 관리_시간_ha당","병해충방제_시간_ha당","보식작업_시간_ha당","선별_시간_ha당","수확 및 운반_시간_ha당","시비_시간_ha당","시설물 보수_시간_ha당","식재(조림)_시간_ha당","열매솎기(적과)_시간_ha당","인공교배 또는 수정_시간_ha당","재배지 정리_시간_ha당","전정_시간_ha당","접목 및 관리_시간_ha당","정지_시간_ha당","제초_시간_ha당","종묘 이식_시간_ha당","차광막 설치_시간_ha당","채종_시간_ha당","꽃눈솎기(적뢰)_시간_ha당","출하_시간_ha당","지주세우기_시간_ha당","일반관리_시간_ha당","파종_시간_ha당","표고목 눕히기_시간_ha당","표고목 뒤집기_시간_ha당","표고목 벌채_시간_ha당","표고목 세우기_시간_ha당","표고목 폐기_시간_ha당","버섯발생작업_시간_ha당","재배장 소독_시간_ha당","종균접종_시간_ha당","천공작업_시간_ha당","표고세척_시간_ha당","기타_시간_ha당","가중치"
1,0,0,0,0,0,0,0,0,0,0,0,99,1,403205,6,0.4,0.4,0,0,0,0.4,0.4,0,0,0,0,0,0,0,0,0.14,0.14,0,0,0,0.14,0.14,0,0,0,0,0,0,0,0,3,2,2142.85714285714,0,0,0,0,0,0,0,0,0,0,0,0,0,0,197714.285714286,66500,0,0,0,0,0,218214.285714286,24600613.2440476,7701305,32301918.2440476,1180405.35714286,14303142.8571429,0,14303142.8571429,19431807.1428571,3004178.57142857,134707.142857143,22570692.8571429,37390173.0309822,4040105.96379777,280095.425357143,4320201.38915491,38171821.2450774,19232684.1118749,56938650.0297619,18623344.2462978,75561994.2760597,-18939137.1332025,56622857.1428571,5242.85714285714,0,0,0,1992.28571428571,56622857.1428571,0,0,0,0,0,0,0,0,0,0,0,0,0,0,0,1692.85714285714,285.714285714286,1407.14285714286,85.7142857142857,85.7142857142857,0,14.2857142857143,92.8571428571428,1885.71428571429,0,0,0,14.2857142857143,0,0,0,107.142857142857,0,0,628.571428571429,0,0,0,207.142857142857,0,78.5714285714286,271.428571428571,0,0,514.285714285714,0,0,0,0,0,64.2857142857143,0,0,0,0,0,0,0,0,0,0,0,0,0,26.95
1,0,0,0,0,0,11560,0,0,0,0,0,33,3,411291,5,0.79,0.25,0.54,0,0,0.79,0.25,0.54,0,0,0,0,0,0,0,0.71,0.25,0.46,0,0,0.71,0.25,0.46,0,0,0,0,0,0,0,12,2,1549.29577464789,16281.6901408451,16281.6901408451,0,0,0,0,0,0,16281.6901408451,0,0,0,0,0,1095408.45070423,390211.267605634,56000,0,0,0,0,367718.309859155,1260874.69483568,2691183.67605634,3952058.37089202,314534.85915493,1819126.76056338,0,1819126.76056338,9788792.95774648,2108252.11267606,0,11897045.0704225,8711756.06103287,382896.816264507,167945.377183099,550842.193447606,12158761.9117575,41938215.7699531,18500549.0187793,2369968.95401099,20870517.9727903,29779453.8581956,50649971.8309859,3691.54929577465,146.478873239437,0,146.478873239437,1549.2676056338,48876112.6760563,1773859.15492958,0,0,0,0,0,0,49.2957746478873,49.2957746478873,0,0,0,0,0,0,667.605633802817,261.971830985916,405.633802816901,177.464788732394,35.2112676056338,142.253521126761,83.0985915492958,0,928.169014084507,0,1.40845070422535,0,0,0,0,0,80.2816901408451,0,173.239436619718,346.478873239437,2.8169014084507,0,0,149.295774647887,0,0,28.169014084507,0,0,36.6197183098592,0,0,0,0,104.225352112676,0,5.63380281690141,0,0,0,0,0,0,0,0,0,0,0,0,12.8823529411765
1,0,0,0,0,0,122390,0,0,198220,0,54410,99,1,403205,6,0.54,0.54,0,0,0,0.54,0.54,0,0,0,0,0,0,0,0,0.17,0.17,0,0,0,0.17,0.17,0,0,0,0,0,0,0,0,4,2,1647.05882352941,2206000,719941.176470588,1486058.82352941,0,0,0,0,0,719941.176470588,0,0,1166000,0,320058.823529412,84588.2352941176,726235.294117647,0,9352.94117647059,69647.0588235294,0,0,253882.352941176,4222987.56127451,5776131.11764706,9999118.67892157,1944197.05882353,1472411.76470588,0,1472411.76470588,12231835.2941176,0,0,12231835.2941176,15696226.620098,1562225.28806316,189315.725294118,1751541.01335728,15455788.0721808,-15378579.5612745,27928061.9142157,3223952.77806316,31152014.6922788,-30834367.6334553,317647.058823529,29.4117647058824,0,0,0,11.1764705882353,317647.058823529,0,0,0,0,0,0,0,52.9411764705882,52.9411764705882,0,0,77594.1176470588,0,2082.35294117647,79676.4705882353,817.647058823529,817.647058823529,0,0,0,0,5.88235294117647,0,823.529411764706,0,0,0,70.5882352941176,0,0,0,17.6470588235294,0,0,105.882352941176,211.764705882353,0,0,229.411764705882,0,64.7058823529412,123.529411764706,0,0,0,0,0,0,0,0,0,0,0,0,0,0,0,0,0,0,0,0,0,0,26.95
1,0,0,0,0,0,129880,875860,0,0,0,0,33,2,411291,6,0.5,0,0.5,0,0,0.5,0,0.5,0,0,0,0,0,0,0,0.5,0,0.5,0,0,0.5,0,0.5,0,0,0,0,0,0,0,14,2,560,2011480,259760,1751720,0,0,0,0,0,259760,1751720,0,0,0,0,1528040,877860,0,0,0,0,0,67480,392301.433333333,956204.35,1348505.78333333,0,2002440,0,2002440,4032248,1040772,304258,5377278,7347849.82783464,111450.072794625,119824.9767,231275.049494625,6507800.00499332,3042570.17216536,11621934.7833333,2233715.04949463,13855649.832828,-3465229.83282796,10390420,850,0,438,438,761,8270500,2119920,0,0,0,0,0,0,9.8,9.8,8930,0,0,0,0,8930,168,164,4,100,8,92,90,0,358,0,0,0,20,0,0,0,38,0,4,124,48,0,0,12,0,0,80,0,0,32,0,0,0,0,0,0,0,0,0,0,0,0,0,0,0,0,0,0,0,17.4705882352941
1,0,0,0,0,0,81600,0,0,0,0,0,33,2,411291,5,0.33,0,0.33,0,0,0.33,0,0.33,0,0,0,0,0,0,0,0.33,0,0.33,0,0,0.33,0,0.33,0,0,0,0,0,0,0,18,2,1454.54545454545,247272.727272727,247272.727272727,0,0,0,0,0,0,247272.727272727,0,0,0,0,0,1497848.48484848,265303.03030303,0,0,0,0,0,8393.93939393939,217746.148989899,1324302.96969697,1542049.11868687,413592.424242424,6068030.3030303,0,6068030.3030303,4662157.57575758,558536.363636364,0,5220693.93939394,4944287.08838384,66652.5479655682,87960.0722727273,154612.620238295,10884800.4990262,32332500.790404,9606444.66414141,6222642.9232686,15829087.58741,21447700.2913779,37276787.8787879,1906.06060606061,0,30.3030303030303,30.3030303030303,754.606060606061,37091939.3939394,184848.484848485,0,0,0,0,0,0,8.18181818181818,8.18181818181818,0,0,0,0,0,0,233.333333333333,136.363636363636,96.969696969697,42.4242424242424,21.2121212121212,21.2121212121212,90.9090909090909,0,366.666666666667,0,0,0,24.2424242424242,0,0,0,48.4848484848485,0,6.06060606060606,193.939393939394,18.1818181818182,0,0,18.1818181818182,0,0,18.1818181818182,0,0,39.3939393939394,0,0,0,0,0,0,0,0,0,0,0,0,0,0,0,0,0,0,0,17.4705882352941
1,0,0,0,176680,0,54400,0,0,0,0,0,37,3,394684,5,0.5,0,0.5,0,0,0.5,0,0.5,0,0,0,0,0,0,0,0.5,0,0.5,0,0,0.5,0,0.5,0,0,0,0,0,0,0,26,2,540,462160,462160,0,0,0,0,353360,0,108800,0,0,0,0,0,827440,1208140,0,0,0,0,0,85240,5495870.275,149206.910526316,5645077.18552632,0,1601960,0,1601960,11593616,14082096,427470,26103182,22939287.2984237,490478.241450967,348536.8683,839015.109750967,14227610.9968536,31382792.7015763,34725923.1855263,2440975.10975097,37166898.2952773,17155181.7047227,54322080,1398,6246,468,6714,7245.24,8164320,46157760,0,0,0,0,1178,0,5,1183,0,0,0,0,0,0,632,452,180,1020,686,334,162,0,1814,0,6,0,4,0,0,0,48,0,602,716,42,0,0,138,0,0,106,0,0,104,0,0,0,48,0,0,0,0,0,0,0,0,0,0,0,0,0,0,0,15.2564102564103
1,0,0,0,670,0,27200,0,0,0,0,0,33,3,411291,6,0.58,0,0.58,0,0,0.58,0,0.58,0,0,0,0,0,0,0,0.58,0,0.58,0,0,0.58,0,0.58,0,0,0,0,0,0,0,16,2,603.448275862069,48051.724137931,48051.724137931,0,0,0,0,1155.1724137931,0,46896.5517241379,0,0,0,0,0,1994310.34482759,803189.655172414,0,0,0,0,0,18379.3103448276,528538.793103448,3394.75725952813,531933.550362977,96390.2298850575,1484586.20689655,0,1484586.20689655,16854927.5862069,1502906.89655172,0,18357834.4827586,5406452.71128252,83214.7154749784,257844.451034483,341059.166509461,18680572.9596129,22231685.219752,22261380.2974894,1825645.37340601,24087025.6708954,3551112.26013906,27638137.9310345,1808.62068965517,448.275862068966,0,448.275862068966,1135.55172413793,21124689.6551724,6513448.27586207,0,0,0,0,1.72413793103448,0,29.3103448275862,31.0344827586207,0,0,0,0,0,0,936.206896551724,694.827586206897,241.379310344828,136.206896551724,0,136.206896551724,227.586206896552,0,1300,0,10.3448275862069,0,67.2413793103448,0,0,0,72.4137931034483,0,125.862068965517,303.448275862069,3.44827586206897,0,0,379.310344827586,0,0,182.758620689655,0,0,155.172413793103,0,0,0,0,0,0,0,0,0,0,0,0,0,0,0,0,0,0,0,12.8823529411765
2,0,0,0,0,0,0,0,0,0,0,0,33,2,411291,6,0.42,0,0.42,0,0,0.42,0,0.42,0,0,0,0,0,0,0,0.42,0,0.42,0,0,0.42,0,0.42,0,0,0,0,0,0,0,15,2,952.380952380952,0,0,0,0,0,0,0,0,0,0,0,0,0,0,1706904.76190476,296714.285714286,354976.19047619,0,0,0,0,404261.904761905,2063260.99206349,2437341.03571429,4500602.02777778,177237.896825397,2383857.14285714,0,2383857.14285714,4814180.95238095,0,0,4814180.95238095,7851988.06746032,423137.352821786,92061.0128571429,515198.365678929,7713236.46091702,5901154.78968254,12666169.0198413,2899055.50853607,15565224.5283773,-1812081.67123448,13753142.8571429,800,38.0952380952381,0,38.0952380952381,342.095238095238,13384000,369142.857142857,0,0,0,0,0,0,0,0,0,0,0,0,0,0,302.380952380952,66.6666666666667,235.714285714286,0,0,0,73.8095238095238,0,376.190476190476,0,2.38095238095238,0,4.76190476190476,0,0,0,38.0952380952381,0,28.5714285714286,119.047619047619,0,0,0,121.428571428571,0,0,9.52380952380952,0,0,52.3809523809524,0,0,0,0,0,0,0,0,0,0,0,0,0,0,0,0,0,0,0,17.4705882352941
2,0,0,0,0,0,0,0,0,0,0,0,37,4,394684,6,0.76,0,0.76,0,0,0.59,0,0.59,0,0,0.17,0,0.17,0,0,0.76,0,0.76,0,0,0.59,0,0.59,0,0,0.17,0,0.17,0,0,22.25,2,513.157894736842,0,0,0,0,0,0,0,0,0,0,0,0,0,0,1433763.15789474,1275342.10526316,0,0,15578.9473684211,0,0,80855.2631578947,2704468.41557018,792877.930055402,3497346.34562558,548521.929824561,2301500,648789.473684211,2950289.47368421,8214393.42105263,2092484.21052632,0,10306877.6315789,9987365.43334488,830815.165510429,159315.867828947,990131.033339377,11506024.454392,20855345.0929709,17552969.3807133,3940420.50702359,21493389.8877369,9349320.6385789,30842710.5263158,0,3902.63157894737,205.263157894737,4107.8947368421,4107.8947368421,0,30842710.5263158,0,0,0,0,0,0,0,0,0,0,0,0,0,0,475,475,0,201.315789473684,201.315789473684,0,61.8421052631579,0,738.157894736842,0,15.7894736842105,0,0,0,0,0,31.5789473684211,0,128.947368421053,265.789473684211,0,0,0,194.736842105263,0,0,50,0,0,51.3157894736842,0,0,0,0,0,0,0,0,0,0,0,0,0,0,0,0,0,0,0,17.8
2,0,0,0,0,0,0,1069370,0,0,0,0,38,3,370532,6,0.84,0.84,0,0,0,0,0,0,0,0,0.84,0.84,0,0,0,0.84,0.84,0,0,0,0,0,0,0,0,0.84,0.84,0,0,0,17,2,714.285714285714,1273059.52380952,0,1273059.52380952,0,0,0,0,0,0,1273059.52380952,0,0,0,0,691238.095238095,773214.285714286,78107.1428571429,0,0,0,0,0,431523.4375,13957.9523809524,445481.389880952,0,0,2935011.9047619,2935011.9047619,8337184.52380952,1003336.9047619,179609.523809524,9520130.95238095,7589274.4808184,60116.5740985714,149879.3625,209995.936598571,8707496.75042303,13301761.2334673,13151763.389881,3145007.84136048,16296771.2312414,4594264.48304429,20891035.7142857,125,1610.71428571429,247.619047619048,1858.33333333333,1905.83333333333,1216250,19674785.7142857,0,0,0,0,0,0,0,0,7973.80952380952,0,0,0,0,7973.80952380952,496.428571428571,377.380952380952,119.047619047619,107.142857142857,0,107.142857142857,82.1428571428571,0,685.714285714286,0,23.8095238095238,0,0,0,0,0,33.3333333333333,0,46.4285714285714,288.095238095238,20.2380952380952,0,0,160.714285714286,0,0,50,0,0,63.0952380952381,0,0,0,0,0,0,0,0,0,0,0,0,0,0,0,0,0,0,0,10.8461538461538
2,0,0,0,0,0,0,122210,0,0,0,61620,38,2,370532,6,0.37,0,0.37,0,0,0.37,0,0.37,0,0,0,0,0,0,0,0.37,0,0.37,0,0,0.37,0,0.37,0,0,0,0,0,0,0,36,2,918.918918918919,496837.837837838,0,496837.837837838,0,0,0,0,0,0,330297.297297297,0,0,0,166540.540540541,424189.189189189,1366729.72972973,0,0,0,0,0,19189.1891891892,450581.722972973,23318.4684684685,473900.191441441,0,270594.594594595,0,270594.594594595,9092451.35135135,531497.297297297,0,9623948.64864865,3682875.43468468,64834.0272927365,144960.369324324,209794.396617061,9572840.34256301,22766151.5923423,12775326.786036,480388.991211655,13255715.7772477,13193311.2497793,26449027.027027,0,2251.35135135135,421.621621621622,2672.97297297297,2672.97297297297,0,26449027.027027,0,0,0,0,0,0,0,0,724.324324324324,0,0,0,1394.59459459459,2118.91891891892,337.837837837838,235.135135135135,102.702702702703,59.4594594594595,0,59.4594594594595,262.162162162162,0,659.459459459459,0,13.5135135135135,0,0,0,0,0,43.2432432432432,0,0,194.594594594595,13.5135135135135,0,0,145.945945945946,0,0,16.2162162162162,0,0,232.432432432432,0,0,0,0,0,0,0,0,0,0,0,0,0,0,0,0,0,0,0,33.4166666666667
2,0,0,0,0,0,0,81480,0,0,0,0,99,1,403205,6,0.11,0.11,0,0,0,0,0,0,0,0,0.11,0.11,0,0,0,0.11,0.11,0,0,0,0,0,0,0,0,0.11,0.11,0,0,0,7,2,1000,740727.272727273,0,740727.272727273,0,0,0,0,0,0,740727.272727273,0,0,0,0,267818.181818182,199000,0,0,0,0,0,15181.8181818182,1345490.90909091,106588,1452078.90909091,0,0,1075818.18181818,1075818.18181818,6896400,0,0,6896400,4153829.36363636,287834.743939091,98647.3963636364,386482.140302727,7282882.14030273,-1411738.45454545,9974411.18181818,1462300.32212091,11436711.5039391,-8694620.59484818,2742090.90909091,281.818181818182,0,0,0,107.090909090909,2742090.90909091,0,0,0,0,0,0,0,0,0,8118.18181818182,0,0,0,0,8118.18181818182,345.454545454545,345.454545454545,0,0,0,0,109.090909090909,0,454.545454545455,0,0,0,0,0,0,0,45.4545454545455,0,0,18.1818181818182,36.3636363636364,0,0,0,0,0,290.909090909091,0,0,63.6363636363636,0,0,0,0,0,0,0,0,0,0,0,0,0,0,0,0,0,0,0,26.95
2,0,0,0,0,0,111520,0,0,0,0,0,33,3,411291,6,2.1,0,2.1,0,0,1.31,0,1.31,0,0,0.79,0,0.79,0,0,2.1,0,2.1,0,0,1.31,0,1.31,0,0,0.79,0,0.79,0,0,14.4,2,1880.95238095238,53104.7619047619,53104.7619047619,0,0,0,0,0,0,53104.7619047619,0,0,0,0,0,1933409.52380952,571757.142857143,0,0,0,0,0,11838.0952380952,485919.712301587,220201.285714286,706120.998015873,15360.9920634921,4128852.38095238,2113209.52380952,6242061.90476191,3872786.19047619,2285382.38095238,0,6158168.57142857,8101474.4186508,64274.5655911607,106048.578857143,170323.144448304,8171961.71587688,7197249.39087302,9861051.08531746,6412385.04921021,16273436.1345277,-974712.325003861,15298723.8095238,998.571428571429,49.5238095238095,0,49.5238095238095,428.980952380952,14579142.8571429,719580.952380953,0,0,0,0,0,0,18.5714285714286,18.5714285714286,0,0,0,0,0,0,184.761904761905,134.761904761905,50,163.809523809524,39.5238095238095,124.285714285714,76.1904761904762,12.3809523809524,437.142857142857,0,2.85714285714286,0,42.8571428571429,0,0,0,36.1904761904762,0,47.1428571428572,153.333333333333,0,0,0,40,0,0,28.5714285714286,1.90476190476191,0,84.2857142857143,0,0,0,0,0,0,0,0,0,0,0,0,0,0,0,0,0,0,0,12.8823529411765
2,0,0,0,0,0,115600,0,0,0,0,853550,99,4,403205,5,1.31,1.31,0,0,0,1.31,1.31,0,0,0,0,0,0,0,0,1.31,1.31,0,0,0,1.31,1.31,0,0,0,0,0,0,0,0,11.1666666666667,1,885.496183206107,739809.160305343,88244.2748091603,651564.885496183,0,0,0,0,0,88244.2748091603,0,0,0,0,651564.885496183,578580.152671756,244824.427480916,0,0,37366.4122137405,0,0,0,924581.265903308,227433.704298915,1152014.97020222,393966.921119593,4509328.24427481,0,4509328.24427481,3555252.67175573,8404229.00763359,357025.190839695,12316506.870229,12204886.6458644,354249.414739454,169092.607328244,523342.022067698,8694057.53470073,34521395.7968837,15866273.9142226,5032670.26634251,20898944.1805651,25827338.262183,46726282.4427481,4802.29007633588,0,0,0,1824.87022900763,46726282.4427481,0,0,0,0,0,0,0,4.42748091603053,4.42748091603053,0,0,0,0,4503.0534351145,4503.0534351145,140.458015267176,140.458015267176,0,222.900763358779,151.145038167939,71.7557251908397,86.2595419847328,300,749.618320610687,0,0,0,0,0,0,0,127.480916030534,0,0,229.770992366412,38.9312977099237,0,0,74.0458015267176,0,0,22.9007633587786,0,0,256.488549618321,0,0,0,0,0,0,0,0,0,0,0,0,0,0,0,0,0,0,0,12.6
2,0,0,0,0,0,294750,0,0,396440,0,96690,99,2,403205,6,1.34,1.34,0,0,0,1.34,1.34,0,0,0,0,0,0,0,0,1.34,1.34,0,0,0,1.34,1.34,0,0,0,0,0,0,0,0,1.5,2,1268.65671641791,587970.149253731,219962.686567164,368007.462686567,0,0,0,0,0,219962.686567164,0,0,295850.746268657,0,72156.7164179104,119037.313432836,53462.6865671642,218067.164179104,18671.6417910448,44186.5671641791,0,3394507.46268657,19529.8507462687,542128.599191542,732792.753731343,1274921.35292289,246651.865671642,5379708.95522388,0,5379708.95522388,13104975.3731343,1249008.95522388,0,14353984.3283582,7629220.0096393,155196.817716534,228534.418544776,383731.236261311,18868415.5646195,26887123.2739428,20734195.3827736,5763440.19148519,26497635.5742588,8018707.70932326,34516343.2835821,2511.94029850746,31.3432835820896,0,31.3432835820896,985.880597014925,34212626.8656716,303716.417910448,0,0,0,0,0,0,162.686567164179,162.686567164179,0,0,8531.34328358209,0,297.014925373134,8828.35820895522,1002.98507462687,501.492537313433,501.492537313433,95.5223880597015,53.7313432835821,41.7910447761194,5.22388059701492,0,1103.73134328358,0,0,0,7.46268656716418,0,0,0,10.4477611940298,0,0,770.149253731343,96.2686567164179,0,0,158.208955223881,0,0,41.7910447761194,0,0,8.95522388059701,0,0,0,0,0,10.4477611940298,0,0,0,0,0,0,0,0,0,0,0,0,0,19.7777777777778
2,0,0,0,0,0,40800,0,0,0,0,322740,37,2,394684,5,0.32,0,0.32,0,0,0.32,0,0.32,0,0,0,0,0,0,0,0.32,0,0.32,0,0,0.32,0,0.32,0,0,0,0,0,0,0,26,2,484.375,1136062.5,127500,1008562.5,0,0,0,0,0,127500,0,0,0,0,1008562.5,976343.75,1371562.5,0,435906.25,186281.25,72531.25,0,777000,2038218.48958333,3937.17105263158,2042155.66063596,1302739.58333333,3003656.25,0,3003656.25,13917387.5,0,0,13917387.5,8695266.7439693,371980.643531743,229307.86125,601288.504781743,17522332.2547817,29757670.7560307,22612654.2439693,3604944.75478174,26217598.998751,12235338.501249,38452937.5,687.5,5365.625,96.875,5462.5,5723.75,3348125,35104812.5,0,0,0,0,0,0,2.8125,2.8125,0,0,0,0,5575,5575,887.5,587.5,300,0,0,0,109.375,0,996.875,0,12.5,6.25,0,0,0,0,50,0,37.5,381.25,25,0,0,303.125,0,31.25,78.125,0,0,71.875,0,0,0,0,0,0,0,0,0,0,0,0,0,0,0,0,0,0,0,39.25
2,0,0,0,0,0,42160,0,0,0,0,33930,37,1,394684,6,0.22,0,0.22,0,0,0.22,0,0.22,0,0,0,0,0,0,0,0.22,0,0.22,0,0,0.22,0,0.22,0,0,0,0,0,0,0,24,2,772.727272727273,345863.636363636,191636.363636364,154227.272727273,0,0,0,0,0,191636.363636364,0,0,0,0,154227.272727273,1016045.45454545,2375681.81818182,0,0,0,0,0,26000,690281.704545455,61358.2535885167,751639.958133971,383170.454545455,3185727.27272727,0,3185727.27272727,24064486.3636364,4950200,114295.454545455,29128981.8181818,10262785.2864434,175972.922006609,399644.758636364,575617.680642972,27920626.806879,22494032.8953748,34422067.1399522,3761344.95337025,38183412.0933224,-5426593.91150421,32756818.1818182,0,4613.63636363636,0,4613.63636363636,4613.63636363636,0,32756818.1818182,0,0,0,0,0,0,8.18181818181818,8.18181818181818,0,0,0,0,4022.72727272727,4022.72727272727,1690.90909090909,1077.27272727273,613.636363636364,177.272727272727,0,177.272727272727,86.3636363636364,159.090909090909,2113.63636363636,0,31.8181818181818,0,0,0,0,0,72.7272727272727,0,40.9090909090909,690.909090909091,77.2727272727273,0,0,918.181818181818,0,72.7272727272727,113.636363636364,0,0,86.3636363636364,0,0,0,0,9.09090909090909,0,0,0,0,0,0,0,0,0,0,0,0,0,0,37.6818181818182
2,0,0,0,0,0,45560,152770,0,0,0,0,37,3,394684,5,0.5,0,0.5,0,0,0.5,0,0.5,0,0,0,0,0,0,0,0.5,0,0.5,0,0,0.5,0,0.5,0,0,0,0,0,0,0,28.5,2,360,396660,91120,305540,0,0,0,0,0,91120,305540,0,0,0,0,627480,1857020,0,0,0,0,0,99460,3911656.73333333,153886.5,4065543.23333333,1111649.33333333,2603180,0,2603180,13079902,5466298,0,18546200,14018794.5666667,642728.023227,261550.863,904278.886227,16587360.886227,41128765.4333333,27098696.5666667,3507458.886227,30606155.4528937,24541404.5471063,55147560,0,7806,1124,8930,8930,0,55147560,0,0,0,0,0,0,2.6,2.6,2232,0,0,0,0,2232,796,472,324,462,370,92,140,0,1398,0,8,0,4,0,0,0,42,0,350,690,20,0,0,190,0,0,0,0,0,94,0,0,0,0,0,0,0,0,0,0,0,0,0,0,0,0,0,0,0,15.2564102564103
2,0,0,0,0,0,61330,3460,0,0,0,45450,37,1,394684,6,0.28,0.28,0,0,0,0.28,0.28,0,0,0,0,0,0,0,0,0.28,0.28,0,0,0,0.28,0.28,0,0,0,0,0,0,0,0,16,2,1607.14285714286,393714.285714286,219035.714285714,174678.571428571,0,0,0,0,0,219035.714285714,12357.1428571429,0,0,0,162321.428571429,849464.285714286,678607.142857143,0,0,0,0,0,23714.2857142857,606180,100437.734962406,706617.734962406,725802.083333333,2217000,0,2217000,19347900,1095332.14285714,0,20443232.1428571,4867935.96115288,182052.892875705,272023.095535714,454075.988411419,22018975.9884114,12958135.4674185,24215835.9611529,2671075.98841142,26886911.9495643,-9060840.52099287,17826071.4285714,0,2510.71428571429,0,2510.71428571429,2510.71428571429,0,17826071.4285714,0,0,0,0,0,0,14.6428571428571,14.6428571428571,1596.42857142857,0,0,0,1053.57142857143,2650,1232.14285714286,1189.28571428571,42.8571428571429,78.5714285714286,53.5714285714286,25,71.4285714285714,0,1382.14285714286,0,10.7142857142857,0,0,0,0,0,89.2857142857143,0,21.4285714285714,221.428571428571,50,0,0,646.428571428571,0,57.1428571428571,164.285714285714,0,0,114.285714285714,0,0,0,0,7.14285714285714,0,0,0,0,0,0,0,0,0,0,0,0,0,0,37.6818181818182
2,0,0,0,118770,0,106330,896230,0,0,0,0,33,3,411291,5,0.64,0.6,0.04,0,0,0.64,0.6,0.04,0,0,0,0,0,0,0,0.64,0.6,0.04,0,0,0.64,0.6,0.04,0,0,0,0,0,0,0,13.6,2,1171.875,1752078.125,351718.75,1400359.375,0,0,0,185578.125,0,166140.625,1400359.375,0,0,0,0,1151703.125,813734.375,0,0,0,0,0,19421.875,298749.544270833,313334.833881579,612084.378152412,120973.177083333,3081890.625,0,3081890.625,11932789.0625,3511679.6875,0,15444468.75,8392965.74273575,53309.243570699,233054.0859375,286363.329508199,15301043.0170082,51250471.7572643,20325754.8052357,3368253.9545082,23694008.7597439,35949428.7402561,59643437.5,3276.5625,812.5,0,812.5,2057.59375,47837812.5,11805625,0,0,0,0,337.5,0,34.84375,372.34375,175,0,0,0,0,175,726.5625,543.75,182.8125,351.5625,0,351.5625,103.125,0,1181.25,0,12.5,0,103.125,0,0,0,48.4375,0,115.625,601.5625,51.5625,0,0,160.9375,0,0,32.8125,0,0,54.6875,0,0,0,0,0,0,0,0,0,0,0,0,0,0,0,0,0,0,0,12.8823529411765
2,0,0,0,128090,0,90100,0,0,0,0,0,37,3,394684,6,0.58,0,0.58,0,0,0.58,0,0.58,0,0,0,0,0,0,0,0.58,0,0.58,0,0,0.58,0,0.58,0,0,0,0,0,0,0,14.25,2,655.172413793103,376189.655172414,376189.655172414,0,0,0,0,220844.827586207,0,155344.827586207,0,0,0,0,0,978862.068965517,1018913.79310345,0,0,0,106724.137931034,0,26327.5862068966,445258.642241379,96648.3575317604,541906.99977314,350387.212643678,5230517.24137931,0,5230517.24137931,11145274.137931,2442468.96551724,130062.068965517,13717805.1724138,6259843.7667606,154378.173375919,197131.592327586,351509.765703505,16833983.8665321,14758604.5091015,17511800.6262099,5582027.00708282,23093827.6332927,-2075379.35743067,21018448.2758621,0,2960.34482758621,0,2960.34482758621,2960.34482758621,0,21018448.2758621,0,0,0,0,405.172413793103,0,11.8965517241379,417.068965517241,0,0,0,0,0,0,522.413793103448,522.413793103448,0,113.793103448276,77.5862068965517,36.2068965517241,198.275862068966,60.3448275862069,894.827586206897,0,13.7931034482759,0,74.1379310344828,0,0,0,125.862068965517,0,20.6896551724138,260.344827586207,15.5172413793103,0,0,158.620689655172,0,37.9310344827586,112.068965517241,0,0,72.4137931034483,0,0,0,0,3.44827586206897,0,0,0,0,0,0,0,0,0,0,0,0,0,0,15.2564102564103
2,0,0,0,172760,0,88400,0,0,0,0,232060,33,2,411291,6,0.48,0,0.48,0,0,0,0,0,0,0,0.48,0,0.48,0,0,0.48,0,0.48,0,0,0,0,0,0,0,0.48,0,0.48,0,0,18.5,1,1458.33333333333,1027541.66666667,544083.333333333,483458.333333333,0,0,0,359916.666666667,0,184166.666666667,0,0,0,0,483458.333333333,1502812.5,212083.333333333,0,0,0,0,0,37000,975934.635416667,8269.375,984204.010416667,947815.972222222,0,2465416.66666667,2465416.66666667,5026383.33333333,0,0,5026383.33333333,7588165.14930556,122535.49134375,94840.723125,217376.21446875,5243759.54780208,3861918.18402778,10149131.8159722,2682792.88113542,12831924.6971076,-1381841.36377431,11450083.3333333,545.833333333333,433.333333333333,129.166666666667,562.5,769.916666666667,6375333.33333333,5074750,0,0,0,0,531.25,0,5.625,536.875,0,0,0,0,3072.91666666667,3072.91666666667,300,150,150,0,0,0,68.75,0,368.75,0,10.4166666666667,0,0,0,0,0,54.1666666666667,0,14.5833333333333,129.166666666667,27.0833333333333,0,0,0,0,0,95.8333333333333,0,0,37.5,0,0,0,0,0,0,0,0,0,0,0,0,0,0,0,0,0,0,0,17.4705882352941
2,0,0,0,200240,0,845850,0,0,0,0,309680,37,4,394684,6,2.89,2.89,0,0,0,2.89,2.89,0,0,0,0,0,0,0,0,2.83,2.83,0,0,0,2.83,2.83,0,0,0,0,0,0,0,0,34.3333333333333,2,300.353356890459,479070.671378092,369643.109540636,109427.561837456,0,0,0,70756.183745583,0,298886.925795053,0,0,0,0,109427.561837456,1314314.48763251,832007.067137809,0,0,0,218699.64664311,0,24000,318269.932273263,24405.9652222429,342675.897495506,181665.724381625,566063.604240283,0,566063.604240283,7713363.95759717,2248045.93639576,157269.25795053,10118679.1519435,6070655.24597997,65491.3018735308,157789.26795053,223280.569824061,8624485.57469648,8814256.41479741,13905796.6466121,789344.174064343,14695140.8206765,189770.840100929,14884911.6607774,0,2096.46643109541,0,2096.46643109541,2096.46643109541,0,14884911.6607774,0,0,0,0,138.86925795053,0,13.0742049469965,151.943462897527,0,0,0,0,1876.32508833922,1876.32508833922,395.406360424028,204.240282685512,191.166077738516,183.038869257951,85.8657243816254,97.1731448763251,156.890459363958,0,735.335689045936,0,8.8339222614841,0,2.82685512367491,0,0,0,87.6325088339223,0,10.6007067137809,132.508833922261,38.5159010600707,0,0,287.632508833922,0,24.7349823321555,79.8586572438163,0,0,60.4240282685512,0,0,0,0,1.76678445229682,0,0,0,0,0,0,0,0,0,0,0,0,0,0,17.8
2,0,0,0,217910,0,23800,0,0,264300,0,0,33,1,411291,6,0.26,0,0.26,0,0,0.26,0,0.26,0,0,0,0,0,0,0,0.26,0,0.26,0,0,0.26,0,0.26,0,0,0,0,0,0,0,14,2,769.230769230769,1946192.30769231,929653.846153846,1016538.46153846,0,0,0,838115.384615385,0,91538.4615384615,0,0,1016538.46153846,0,0,1584230.76923077,399846.153846154,0,0,0,0,0,109307.692307692,603449.022435897,18320,621769.022435897,1574832.69230769,2695615.38461538,0,2695615.38461538,6167607.69230769,0,0,6167607.69230769,6647469.63782051,89169.4477838942,124017.293076923,213186.740860817,9076409.81778389,-6530161.94551282,12815077.3301282,2908802.1254762,15723879.4556044,-15606571.7632967,117307.692307692,0,0,19.2307692307692,19.2307692307692,19.2307692307692,0,117307.692307692,0,0,0,0,453.846153846154,0,3.46153846153846,457.307692307692,0,0,101473.076923077,0,0,101473.076923077,161.538461538462,146.153846153846,15.3846153846154,0,0,0,226.923076923077,0,388.461538461538,0,0,0,30.7692307692308,0,0,0,61.5384615384615,0,0,7.69230769230769,115.384615384615,0,0,23.0769230769231,0,0,76.9230769230769,0,0,73.0769230769231,0,0,0,0,0,0,0,0,0,0,0,0,0,0,0,0,0,0,0,34.0909090909091
2,0,0,0,235580,0,44880,0,0,66070,0,0,37,2,394684,5,0.43,0,0.43,0,0,0.43,0,0.43,0,0,0,0,0,0,0,0.43,0,0.43,0,0,0.43,0,0.43,0,0,0,0,0,0,0,30.5,2,348.837209302326,805883.720930232,652232.558139535,153651.162790698,0,0,0,547860.465116279,0,104372.093023256,0,0,153651.162790698,0,0,841581.395348837,2201023.25581395,2218953.48837209,0,0,0,0,99116.2790697674,5633214.42829457,188355.569155447,5821569.99745002,0,3026953.48837209,0,3026953.48837209,22132644.1860465,23568869.7674419,1403462.79069767,47104976.744186,36675466.0611413,483244.133534945,647249.148837209,1130493.28237215,26969769.5907739,265857882.776068,59487788.8811709,4157446.77074425,63645235.6519152,238888113.185294,302533348.837209,36576.7441860465,15732.5581395349,409.302325581395,16141.8604651163,30041.0232558139,160206139.534884,142327209.302326,0,0,0,0,1369.76744186046,0,3.48837209302326,1373.25581395349,0,0,2044.18604651163,0,0,2044.18604651163,1467.44186046512,823.255813953488,644.186046511628,1741.86046511628,1116.27906976744,625.581395348837,153.488372093023,0,3362.79069767442,0,13.953488372093,0,0,0,0,0,44.1860465116279,0,1427.90697674419,1376.74418604651,25.5813953488372,0,0,360.46511627907,0,0,9.30232558139535,0,0,104.651162790698,0,0,0,0,0,0,0,0,0,0,0,0,0,0,0,0,0,0,0,39.25
2,0,0,0,240480,0,98600,0,0,99110,0,116030,33,1,411291,6,0.66,0,0.66,0,0,0.66,0,0.66,0,0,0,0,0,0,0,0.66,0,0.66,0,0,0.66,0,0.66,0,0,0,0,0,0,0,13,2,606.060606060606,839727.272727273,513757.575757576,325969.696969697,0,0,0,364363.636363636,0,149393.939393939,0,0,150166.666666667,0,175803.03030303,1250878.78787879,446121.212121212,0,0,0,0,0,69969.696969697,780789.204545454,843416.121212121,1624205.32575758,68932.0707070707,2578909.09090909,0,2578909.09090909,4636207.57575758,198640.909090909,0,4834848.48484848,4909766.27525252,110373.732251591,90414.7772727273,200788.509524318,7415905.17619098,5655051.90656566,9545973.8510101,2779697.60043341,12325671.4514435,-1760853.26962533,10564818.1818182,318.181818181818,472.727272727273,172.727272727273,645.454545454545,766.363636363636,4645454.54545454,5919363.63636364,0,0,0,0,386.363636363636,0,5.75757575757576,392.121212121212,0,0,6662.12121212121,0,1116.66666666667,7778.78787878788,278.787878787879,103.030303030303,175.757575757576,22.7272727272727,0,22.7272727272727,71.2121212121212,0,372.727272727273,0,0,0,15.1515151515152,0,0,0,31.8181818181818,0,9.09090909090909,143.939393939394,56.0606060606061,0,0,25.7575757575758,0,0,60.6060606060606,0,0,30.3030303030303,0,0,0,0,0,0,0,0,0,0,0,0,0,0,0,0,0,0,0,34.0909090909091
2,0,0,0,29450,0,271980,252060,0,0,0,19200,38,1,370532,6,0.16,0.16,0,0,0,0,0,0,0,0,0.16,0.16,0,0,0,0.16,0.16,0,0,0,0,0,0,0,0,0.16,0.16,0,0,0,36,2,812.5,3579312.5,1883937.5,1695375,0,0,0,184062.5,0,1699875,1575375,0,0,0,120000,1089000,2394437.5,0,0,0,0,0,22187.5,1216653.203125,89099.4773391813,1305752.68046418,0,0,1232687.5,1232687.5,15413687.5,7398881.25,0,22812568.75,17392790.9304642,206115.989669593,363254.7009375,569370.690607093,15983058.1906071,969709.069535818,31573790.9304642,1802058.19060709,33375849.1210713,-15013349.1210713,18362500,0,1625,325,1950,1950,0,18362500,0,0,0,0,368.75,0,5443.75,5812.5,3768.75,0,0,0,1106.25,4875,743.75,543.75,200,431.25,325,106.25,300,93.75,1568.75,0,0,0,0,0,0,0,62.5,0,0,693.75,37.5,0,0,300,0,0,112.5,0,0,362.5,0,0,0,0,0,0,0,0,0,0,0,0,0,0,0,0,0,0,0,33.4166666666667
2,0,0,0,314100,0,47600,203690,0,0,0,0,37,2,394684,6,0.36,0,0.36,0,0,0.36,0,0.36,0,0,0,0,0,0,0,0.36,0,0.36,0,0,0.36,0,0.36,0,0,0,0,0,0,0,22,1,436.111111111111,1570527.77777778,1004722.22222222,565805.555555556,0,0,0,872500,0,132222.222222222,565805.555555556,0,0,0,0,1286361.11111111,1878416.66666667,0,0,0,0,0,54277.7777777778,9287675.09259259,749934.576023392,10037609.668616,0,2503055.55555556,0,2503055.55555556,24458705.5555556,14098344.4444444,0,38557050,29320221.4463938,992117.734892763,526661.595,1518779.32989276,28480540.4410039,8772778.55360623,53778927.0019493,4021834.88544832,57800761.8873976,-19707761.8873976,38093000,0,5205.55555555555,866.666666666667,6072.22222222222,6072.22222222222,0,38093000,0,0,0,0,2183.33333333333,0,4.44444444444444,2187.77777777778,6202.77777777778,0,0,0,0,6202.77777777778,1533.33333333333,1033.33333333333,500,1075,561.111111111111,513.888888888889,194.444444444444,0,2802.77777777778,0,5.55555555555555,0,0,0,0,0,61.1111111111111,0,1055.55555555556,763.888888888889,52.7777777777778,0,0,630.555555555555,0,0,105.555555555556,0,0,127.777777777778,0,0,0,0,0,0,0,0,0,0,0,0,0,0,0,0,0,0,0,39.25
2,0,0,0,36910,0,0,0,0,99110,0,0,33,1,411291,6,0.26,0,0.26,0,0,0.26,0,0.26,0,0,0,0,0,0,0,0.26,0,0.26,0,0,0.26,0,0.26,0,0,0,0,0,0,0,7.66666666666667,2,1269.23076923077,523153.846153846,141961.538461538,381192.307692308,0,0,0,141961.538461538,0,0,0,0,381192.307692308,0,0,2203961.53846154,420846.153846154,0,0,0,119038.461538462,0,199692.307692308,1773176.53846154,1967855.19230769,3741031.73076923,572614.743589744,2695576.92307692,0,2695576.92307692,12591511.5384615,3316315.38461538,0,15907826.9230769,11507945.1666667,458505.302599038,235400.408653846,693905.711252885,15980994.1727913,19327977.9102564,24099456.7051282,3389482.63432981,27488939.339458,3346983.73746506,30835923.0769231,1815.38461538462,561.538461538462,0,561.538461538462,1251.38461538462,24035692.3076923,6800230.76923077,0,0,0,0,303.846153846154,0,0,303.846153846154,0,0,50734.6153846154,0,0,50734.6153846154,830.769230769231,292.307692307692,538.461538461538,303.846153846154,15.3846153846154,288.461538461538,142.307692307692,0,1276.92307692308,0,7.69230769230769,0,0,0,0,0,123.076923076923,0,161.538461538462,350,30.7692307692308,0,0,407.692307692308,0,15.3846153846154,76.9230769230769,0,0,103.846153846154,0,0,0,0,0,0,0,0,0,0,0,0,0,0,0,0,0,0,0,34.0909090909091
2,0,0,0,377370,70750,687080,3904910,0,0,0,469450,33,4,411291,5,1.06,0,1.06,0,0,1.06,0,1.06,0,0,0,0,0,0,0,1.06,0,1.06,0,0,1.06,0,1.06,0,0,0,0,0,0,0,13,1,962.264150943396,5197698.11320755,1070943.39622641,4126754.71698113,0,0,0,356009.433962264,66745.2830188679,648188.679245283,3683877.35849057,0,0,0,442877.358490566,1591632.0754717,831716.981132075,0,0,156273.58490566,0,0,166547.169811321,5722959.78773585,4571784.31976167,10294744.1074975,390146.226415094,2078009.43396226,0,2078009.43396226,14919713.2075472,7256472.64150943,0,22176185.8490566,26296521.8999503,941612.62607361,365958.653349057,1307571.27942267,18305293.9209321,77277166.7792949,41216235.1074975,3385580.71338493,44601815.8208824,58971872.8583628,103573688.679245,6924.52830188679,982.075471698113,0,982.075471698113,3613.39622641509,91680754.7169811,11892933.9622642,0,0,0,0,694.339622641509,118.867924528302,919.811320754717,1733.01886792453,21252.8301886792,0,0,0,3061.32075471698,24314.1509433962,812.264150943396,507.547169811321,304.716981132075,592.452830188679,210.377358490566,382.075471698113,231.132075471698,0,1635.84905660377,0,2.83018867924528,0,0,0,0,0,99.0566037735849,0,203.77358490566,819.811320754717,29.2452830188679,4.71698113207547,0,221.698113207547,0,0,39.622641509434,0,0,127.358490566038,0,0,0,0,87.7358490566038,0,0,0,0,0,0,0,0,0,0,0,0,0,0,16.4
2,0,0,0,392630,0,115600,0,0,198220,0,0,37,4,394684,5,1.33,1.33,0,0,0,1.33,1.33,0,0,0,0,0,0,0,0,1.33,1.33,0,0,0,1.33,1.33,0,0,0,0,0,0,0,0,23.75,2,575.187969924812,531165.413533835,382127.819548872,149037.593984962,0,0,0,295210.526315789,0,86917.2932330827,0,0,149037.593984962,0,0,701639.097744361,987270.676691729,0,0,0,0,0,6406.01503759398,3427030.1754386,176668.711911357,3603698.88734995,652981.516290727,2107834.58646617,0,2107834.58646617,8046142.10526316,3943686.46616541,519923.308270677,12509751.8796992,10992544.9027349,481331.141931663,179045.231954887,660376.37388655,11163263.5439653,36429282.1649343,19387597.4863474,2768210.96035272,22155808.4467002,25266018.620969,47421827.0676692,0,7043.60902255639,587.218045112782,7630.82706766917,7630.82706766917,0,47421827.0676692,0,0,0,0,738.345864661654,0,2.63157894736842,740.977443609022,0,0,1983.45864661654,0,0,1983.45864661654,536.842105263158,278.195488721805,258.646616541353,290.225563909774,178.195488721805,112.03007518797,60.9022556390977,0,887.96992481203,0,4.51127819548872,0,1.50375939849624,0,0,0,20.3007518796992,0,203.759398496241,303.007518796992,25.5639097744361,0,0,248.12030075188,0,0,48.1203007518797,0,0,33.0827067669173,0,0,0,0,0,0,0,0,0,0,0,0,0,0,0,0,0,0,0,17.8
2,0,0,0,47120,0,126470,0,0,0,0,464120,33,4,411291,6,1.2,0,1.2,0,0,1.2,0,1.2,0,0,0,0,0,0,0,1.2,0,1.2,0,0,1.2,0,1.2,0,0,0,0,0,0,0,18.5,2,1250,531425,144658.333333333,386766.666666667,0,0,0,39266.6666666667,0,105391.666666667,0,0,0,0,386766.666666667,1064233.33333333,124966.666666667,0,0,0,0,0,28116.6666666667,386717.211805556,4961.625,391678.836805556,113737.916666667,2085883.33333333,0,2085883.33333333,2075554.16666667,138765.833333333,27240.8333333333,2241560.83333333,2805922.36759222,63023.6761509375,48482.175375,111505.851525937,4298477.07073927,1082660.96574111,4907010.25347222,2197389.18485927,7104399.43833149,-3215816.10499816,3888583.33333333,358.333333333333,0,8.33333333333333,8.33333333333333,144.5,3837750,50833.3333333333,0,0,0,0,49.1666666666667,0,3.16666666666667,52.3333333333333,0,0,0,0,2458.33333333333,2458.33333333333,103.333333333333,88.3333333333333,15,9.16666666666667,9.16666666666667,0,35,0,147.5,0,0,0,6.66666666666667,0,0,0,19.1666666666667,0,3.33333333333333,40,16.6666666666667,0,0,15,0,0,25,0,0,21.6666666666667,0,0,0,0,0,0,0,0,0,0,0,0,0,0,0,0,0,0,0,16.4
2,0,0,0,47120,0,38760,0,0,0,0,0,37,3,394684,6,0.6,0,0.6,0,0,0.6,0,0.6,0,0,0,0,0,0,0,0.6,0,0.6,0,0,0.6,0,0.6,0,0,0,0,0,0,0,21.75,2,766.666666666667,143133.333333333,143133.333333333,0,0,0,0,78533.3333333333,0,64600,0,0,0,0,0,660200,1477966.66666667,0,0,0,0,0,35516.6666666667,966297.194444444,66504.1657894737,1032801.36023392,964961.805555556,3003666.66666667,0,3003666.66666667,13927081.6666667,7689690,0,21616771.6666667,12398953.8324561,237626.706827961,290793.09825,528419.80507796,17459168.1384113,6420212.83421053,26326035.4991228,3532086.47174463,29858121.9708674,-11038955.3042008,18819166.6666667,0,2601.66666666667,520,3121.66666666667,3121.66666666667,0,18819166.6666667,0,0,0,0,196.666666666667,0,2.5,199.166666666667,0,0,0,0,0,0,910,591.666666666667,318.333333333333,588.333333333333,290,298.333333333333,83.3333333333333,0,1581.66666666667,0,8.33333333333333,0,0,0,0,0,26.6666666666667,0,600,648.333333333333,8.33333333333333,0,0,200,0,0,35,0,0,55,0,0,0,0,0,0,0,0,0,0,0,0,0,0,0,0,0,0,0,15.2564102564103
2,0,0,0,78530,0,0,651800,0,0,0,0,99,2,403205,6,0.3,0.3,0,0,0,0.3,0.3,0,0,0,0,0,0,0,0,0.25,0.25,0,0,0,0.25,0.25,0,0,0,0,0,0,0,0,7,2,800,2921320,314120,2607200,0,0,0,314120,0,0,2607200,0,0,0,0,174720,4360,0,0,0,0,0,21720,2193626,17998.2894736842,2211624.28947368,0,1401720,0,1401720,1867880,0,0,1867880,5736949.28947368,360375.276578092,60628.5,421003.776578092,3690603.77657809,-4073229.28947368,7604829.28947368,1822723.77657809,9427553.06605178,-7763833.06605178,1663720,124,40,0,40,87.12,1206520,457200,0,0,0,0,784,0,0,784,17860,0,0,0,0,17860,132,68,64,0,0,0,12,0,144,0,4,0,0,0,0,0,36,0,0,8,64,0,0,0,0,0,32,0,0,0,0,0,0,0,0,0,0,0,0,0,0,0,0,0,0,0,0,0,0,19.7777777777778
2,0,0,0,88340,0,449100,0,0,0,0,0,33,3,411291,6,0.98,0,0.98,0,0,0.69,0,0.69,0,0,0.29,0,0.29,0,0,0.98,0,0.98,0,0,0.69,0,0.69,0,0,0.29,0,0.29,0,0,13,1,1520.40816326531,548408.163265306,548408.163265306,0,0,0,0,90142.8571428571,0,458265.306122449,0,0,0,0,0,1555887.75510204,675918.367346939,2028387.75510204,0,0,0,0,915204.081632653,2137422.36394558,488872.244897959,2626294.60884354,395014.455782313,2043306.12244898,2012581.63265306,4055887.75510204,9086472.44897959,802669.387755102,0,9889141.83673469,11971657.207483,236800.447002551,189697.317704082,426497.764706633,11556276.3361352,14502097.8945578,19045548.0238095,4482385.51980867,23527933.5436182,2945821.55842261,26473755.1020408,1390.81632653061,424.489795918367,0,424.489795918367,953,20305918.3673469,6167836.73469388,0,0,0,0,180.612244897959,0,761.530612244898,942.142857142857,0,0,0,0,0,0,557.142857142857,480.612244897959,76.530612244898,91.8367346938776,0,91.8367346938776,65.3061224489796,0,714.285714285714,0,4.08163265306122,0,128.571428571429,0,0,0,33.6734693877551,0,30.6122448979592,140.816326530612,14.2857142857143,0,0,248.979591836735,0,0,81.6326530612245,0,0,31.6326530612245,0,0,0,0,0,0,0,0,0,0,0,0,0,0,0,0,0,0,0,12.8823529411765
2,122460,0,0,0,431460,0,0,0,0,0,149370,33,3,411291,6,0.53,0,0.53,0,0,0.23,0,0.23,0,0,0.3,0,0.3,0,0,0.53,0,0.53,0,0,0.23,0,0.23,0,0,0.3,0,0.3,0,0,17.3333333333333,2,1490.56603773585,1326962.26415094,1045132.0754717,281830.188679245,231056.603773585,0,0,0,814075.471698113,0,0,0,0,0,281830.188679245,2005528.30188679,407452.830188679,0,0,0,0,0,1108509.43396226,1004310.37735849,1408844.24528302,2413154.62264151,975092.767295597,1057886.79245283,3721377.35849057,4779264.1509434,19690790.5660377,1749673.58490566,0,21440464.1509434,14119042.163522,248821.70459434,319410.341320755,568232.045915094,21316909.4044057,14462467.2704403,30088455.3710692,5347496.19685849,35435951.5679277,-6854442.13396541,28581509.4339623,1979.24528301887,196.22641509434,0,196.22641509434,948.339622641509,26205207.5471698,2376301.88679245,0,171.698113207547,0,0,0,1590.56603773585,0,1762.2641509434,0,0,0,0,1947.16981132075,1947.16981132075,1292.45283018868,560.377358490566,732.075471698113,139.622641509434,139.622641509434,0,205.660377358491,0,1637.7358490566,9.43396226415094,1.88679245283019,0,0,0,0,0,107.547169811321,0,224.528301886792,200,28.3018867924528,0,0,616.981132075472,0,0,169.811320754717,0,0,205.660377358491,0,0,0,0,73.5849056603774,0,0,0,0,0,0,0,0,0,0,0,0,0,0,12.8823529411765
2,14000,0,0,117790,0,387910,67220,1138900,0,0,502850,99,2,403205,6,0.34,0.34,0,0,0,0.34,0.34,0,0,0,0,0,0,0,0,0.34,0.34,0,0,0,0.34,0.34,0,0,0,0,0,0,0,0,2,2,2294.11764705882,6554911.76470588,1528529.41176471,5026382.35294118,41176.4705882353,0,0,346441.176470588,0,1140911.76470588,197705.882352941,3349705.88235294,0,0,1478970.58823529,812794.117647059,191264.705882353,4063323.52941176,8705.88235294118,0,0,9555970.58823529,83882.3529411765,1032548.7745098,2309016.76470588,3341565.53921569,972098.529411765,5300588.23529412,0,5300588.23529412,38987941.1764706,25892688.2352941,517700,65398329.4117647,52087014.9716696,413291.276497059,1053030.56558824,1466321.84208529,46065946.5272784,19993396.7930362,91386051.4215686,6766910.07737941,98152961.498948,-26072549.7342421,72080411.7647059,9252.94117647059,0,0,0,3516.11764705882,72080411.7647059,0,0,26.4705882352941,0,0,347.058823529412,0,463.823529411765,837.35294117647,1970.58823529412,10479.4117647059,0,0,16005.8823529412,28455.8823529412,2708.82352941176,2085.29411764706,623.529411764706,2005.88235294118,964.705882352941,1041.17647058824,61.7647058823529,0,4776.47058823529,0,5.88235294117647,0,17.6470588235294,0,0,0,94.1176470588235,0,0,2558.82352941176,458.823529411765,44.1176470588235,0,1326.47058823529,0,0,200,0,0,0,0,0,0,0,0,44.1176470588235,26.4705882352941,0,0,0,0,0,0,0,0,0,0,0,0,19.7777777777778
2,23620,0,0,36510,0,96550,0,0,0,0,0,37,1,394684,5,0.27,0.11,0.16,0,0,0.27,0.11,0.16,0,0,0,0,0,0,0,0.27,0.11,0.16,0,0,0.27,0.11,0.16,0,0,0,0,0,0,0,31,2,925.925925925926,580296.296296296,580296.296296296,0,87481.4814814815,0,0,135222.222222222,0,357592.592592593,0,0,0,0,0,1048000,1313185.18518519,0,0,0,0,0,48333.3333333333,608204.814814815,145820.711500975,754025.526315789,936638.888888889,5488185.18518518,0,5488185.18518518,22254374.0740741,1009588.88888889,0,23263962.962963,6084752.11890838,251445.212786842,318983.4,570428.612786842,28312987.8720461,43194507.1403509,28339126.1929825,6058613.79797203,34397739.9909545,14881519.2683048,49279259.2592593,0,6940.74074074074,0,6940.74074074074,6940.74074074074,0,49279259.2592593,0,203.703703703704,0,0,292.592592592593,0,10.7407407407407,507.037037037037,0,0,0,0,0,0,1466.66666666667,888.888888888889,577.777777777778,81.4814814814815,25.9259259259259,55.5555555555556,159.259259259259,0,1707.40740740741,0,29.6296296296296,0,0,0,0,0,137.037037037037,0,37.037037037037,496.296296296296,25.9259259259259,0,0,533.333333333333,0,122.222222222222,170.37037037037,0,0,148.148148148148,0,0,0,0,7.40740740740741,0,0,0,0,0,0,0,0,0,0,0,0,0,0,37.6818181818182
3,0,0,0,0,0,0,0,0,0,0,0,33,1,411291,5,0.25,0,0.25,0,0,0.25,0,0.25,0,0,0,0,0,0,0,0.15,0,0.15,0,0,0.15,0,0.15,0,0,0,0,0,0,0,15,2,1413.33333333333,0,0,0,0,0,0,0,0,0,0,0,0,0,0,2299000,415666.666666667,33133.3333333333,0,0,0,0,936133.333333333,10914120.6666667,484786.466666667,11398907.1333333,992532.222222222,1501866.66666667,0,1501866.66666667,7778433.33333333,2162793.33333333,251453.333333333,10192680,18704162.7050532,1427227.458399,168600.852,1595828.310399,11072875.9609013,137420170.62828,26679343.6888889,3097694.97706567,29777038.6659546,126347294.667379,156124333.333333,573.333333333333,11540,1440,12980,13197.8666666667,7590933.33333333,148533400,0,0,0,0,0,0,0,0,0,0,0,0,0,0,353.333333333333,286.666666666667,66.6666666666667,126.666666666667,126.666666666667,0,166.666666666667,0,646.666666666667,0,0,0,0,0,0,0,86.6666666666667,0,0,0,0,0,0,266.666666666667,0,60,166.666666666667,0,0,66.6666666666667,0,0,0,0,0,0,0,0,0,0,0,0,0,0,0,0,0,0,0,34.0909090909091
3,0,0,0,0,0,0,0,0,0,0,0,37,1,394684,6,0.2,0,0.2,0,0,0.2,0,0.2,0,0,0,0,0,0,0,0.2,0,0.2,0,0,0.2,0,0.2,0,0,0,0,0,0,0,21,2,600,0,0,0,0,0,0,0,0,0,0,0,0,0,0,1484850,599250,0,0,0,0,0,14250,295322.75,8549.25,303872,331174.583333333,2953600,0,2953600,7625685,0,0,7625685,3128080.58333333,103031.72490375,118147.02525,221178.75015375,10800463.7501538,12343619.4166667,10753765.5833333,3174778.75015375,13928544.3334871,1543155.66651292,15471700,0,2395,0,2395,2395,0,15471700,0,0,0,0,0,0,0,0,0,0,0,0,0,0,525,375,150,0,0,0,20,0,545,0,50,0,0,0,0,0,40,0,0,240,0,0,0,155,0,0,25,0,0,35,0,0,0,0,0,0,0,0,0,0,0,0,0,0,0,0,0,0,0,37.6818181818182
3,0,0,0,0,0,0,0,0,0,0,136030,38,3,370532,6,0.69,0.69,0,0,0,0,0,0,0,0,0.69,0.69,0,0,0,0.69,0.69,0,0,0,0,0,0,0,0,0.69,0.69,0,0,0,36,2,753.623188405797,197144.927536232,0,197144.927536232,0,0,0,0,0,0,0,0,0,0,197144.927536232,947507.246376812,1035884.05797101,116681.15942029,0,0,67275.3623188406,0,0,3417199.27536232,35117.347826087,3452316.62318841,0,0,2429710.14492754,2429710.14492754,10606346.3768116,1060143.47826087,0,11666489.8550725,9677195,412146.3610125,170476.438695652,582622.799708152,11188969.1765197,14708573.115942,17853831.2318841,3012332.94463569,20866164.1765197,3519603.93942228,24385768.115942,304.347826086957,1689.85507246377,527.536231884058,2217.39130434783,2333.04347826087,2961304.34782609,21424463.7681159,0,0,0,0,0,0,0,0,0,0,0,0,1282.60869565217,1282.60869565217,724.63768115942,363.768115942029,360.869565217391,75.3623188405797,53.6231884057971,21.7391304347826,73.9130434782609,0,873.913043478261,0,28.9855072463768,0,0,0,0,0,21.7391304347826,0,56.5217391304348,365.217391304348,5.79710144927536,0,0,307.246376811594,0,0,36.231884057971,0,0,52.1739130434783,0,0,0,0,0,0,0,0,0,0,0,0,0,0,0,0,0,0,0,10.8461538461538
3,0,0,0,0,0,0,0,0,0,0,173380,37,3,394684,6,0.65,0,0.65,0,0,0.65,0,0.65,0,0,0,0,0,0,0,0.65,0,0.65,0,0,0.65,0,0.65,0,0,0,0,0,0,0,16.25,1,1046.15384615385,266738.461538462,0,266738.461538462,0,0,0,0,0,0,0,0,0,0,266738.461538462,339215.384615385,575907.692307692,0,0,0,0,0,71046.1538461538,1073563.84615385,43842.2222222222,1117406.06837607,0,2002461.53846154,0,2002461.53846154,14499024.6153846,0,0,14499024.6153846,2764997.76068376,66600.7550307692,191385.977538462,257986.732569231,16759472.8864154,4134956.08547009,17264022.3760684,2260448.27103077,19524470.6470991,-12624516.8009453,6899953.84615385,0,1216.92307692308,0,1216.92307692308,1216.92307692308,0,6899953.84615385,0,0,0,0,0,0,0,0,0,0,0,0,2269.23076923077,2269.23076923077,1035.38461538462,653.846153846154,381.538461538462,0,0,0,32.3076923076923,0,1067.69230769231,0,121.538461538462,0,0,0,0,0,60,0,76.9230769230769,184.615384615385,26.1538461538462,0,0,0,0,0,284.615384615385,0,0,313.846153846154,0,0,0,0,0,0,0,0,0,0,0,0,0,0,0,0,0,0,0,15.2564102564103
3,0,0,0,0,0,0,0,0,0,0,173380,37,3,394684,6,0.66,0.66,0,0,0,0.66,0.66,0,0,0,0,0,0,0,0,0.63,0.63,0,0,0,0.63,0.63,0,0,0,0,0,0,0,0,25,2,634.920634920635,275206.349206349,0,275206.349206349,0,0,0,0,0,0,0,0,0,0,275206.349206349,901142.857142857,1066587.3015873,141984.126984127,44523.8095238095,0,0,0,84571.4285714286,2961212.59920635,112904.380952381,3074116.98015873,919011.243386243,1271396.82539683,0,1271396.82539683,9960842.85714286,626928.571428571,0,10587771.4285714,7528756.66798942,472093.807103036,159186.715714286,631280.522817321,11863520.205357,2867370.31613756,17489599.5251323,1902677.34821415,19392276.8733464,-8996149.88921944,10396126.984127,0,1982.53968253968,825.396825396825,2807.93650793651,2807.93650793651,0,10396126.984127,0,0,0,0,0,0,0,0,0,0,0,0,2341.26984126984,2341.26984126984,646.031746031746,519.047619047619,126.984126984127,47.6190476190476,23.8095238095238,23.8095238095238,44.4444444444444,0,738.095238095238,0,63.4920634920635,0,0,0,0,0,61.9047619047619,0,47.6190476190476,200,26.984126984127,0,0,0,0,0,207.936507936508,0,0,115.873015873016,0,0,0,0,0,14.2857142857143,0,0,0,0,0,0,0,0,0,0,0,0,0,15.2564102564103
3,0,0,0,0,0,0,0,0,0,0,213390,99,4,403205,6,2.02,0,2.02,0,0,1.31,0,1.31,0,0,0.71,0,0.71,0,0,2.02,0,2.02,0,0,1.31,0,1.31,0,0,0.71,0,0.71,0,0,18.75,2,891.089108910891,105638.613861386,0,105638.613861386,0,0,0,0,0,0,0,0,0,0,105638.613861386,78460.396039604,115143.564356436,0,0,1955.44554455446,0,0,202222.772277228,359435.020627063,1941732.47524752,2301167.49587459,0,2329574.25742574,634663.366336634,2964237.62376238,1451583.66336634,222522.277227723,56016.8316831683,1730122.77227723,4072424.69265367,119657.11835495,27137.5543069307,146794.672661881,3976523.66400161,1817986.19843544,4937916.06023102,3111032.29642426,8048948.35665528,-2158537.46556617,5890410.89108911,0,515.346534653465,0,515.346534653465,515.346534653465,0,5890410.89108911,0,0,0,0,0,0,0,0,0,0,0,0,730.19801980198,730.19801980198,75.7425742574257,43.0693069306931,32.6732673267327,22.2772277227723,0,22.2772277227723,26.2376237623762,0,124.257425742574,0,1.48514851485149,0,0,0,0,0,12.8712871287129,0,16.8316831683168,46.039603960396,7.92079207920792,0,0,14.3564356435644,0,0,4.95049504950495,0,0,19.8019801980198,0,0,0,0,0,0,0,0,0,0,0,0,0,0,0,0,0,0,0,12.6
3,0,0,0,0,0,0,0,0,0,0,266730,37,4,394684,6,1.64,0.11,1.53,0,0,1.64,0.11,1.53,0,0,0,0,0,0,0,1.64,0.11,1.53,0,0,1.64,0.11,1.53,0,0,0,0,0,0,0,22.3125,2,604.878048780488,162640.243902439,0,162640.243902439,0,0,0,0,0,0,0,0,0,0,162640.243902439,1688164.63414634,717457.317073171,0,0,0,0,0,454006.097560976,1459194.00406504,285148.798780488,1744342.80284553,564433.333333333,2935914.63414634,0,2935914.63414634,14009365.8536585,1452166.46341463,0,15461532.3170732,7177894.89227642,367507.204489893,229720.294481707,597227.498971601,17542507.9867765,5245086.81504065,21187260.745935,3533142.13311794,24720402.8790529,-12297421.1717358,12422981.7073171,117.073170731707,1745.12195121951,181.09756097561,1926.21951219512,1970.70731707317,570146.341463415,11852835.3658537,0,0,0,0,0,0,0,0,0,0,0,0,899.390243902439,899.390243902439,982.926829268293,393.292682926829,589.634146341463,121.341463414634,121.341463414634,0,99.390243902439,0,1203.65853658537,0,6.09756097560976,0,0,0,0,0,54.8780487804878,0,481.707317073171,117.073170731707,6.70731707317073,0,0,390.243902439024,0,0,67.6829268292683,0,0,79.2682926829268,0,0,0,0,0,0,0,0,0,0,0,0,0,0,0,0,0,0,0,17.8
3,0,0,0,0,0,0,0,0,0,0,50680,37,1,394684,6,0.33,0,0.33,0,0,0.33,0,0.33,0,0,0,0,0,0,0,0.33,0,0.33,0,0,0.33,0,0.33,0,0,0,0,0,0,0,24,2,818.181818181818,153575.757575758,0,153575.757575758,0,0,0,0,0,0,0,0,0,0,153575.757575758,415939.393939394,636818.181818182,0,0,0,0,0,107636.363636364,803420.909090909,136351.674641148,939772.583732057,350895.202020202,1820424.24242424,0,1820424.24242424,11782387.8787879,0,0,11782387.8787879,2999321.48272196,248411.918415251,159120.744545455,407532.662960706,14010344.7841728,1576678.51727804,14781709.3615098,2227956.90538495,17009666.2668948,-12433666.2668948,4576000,0,945.454545454545,0,945.454545454545,945.454545454545,0,4576000,0,0,0,0,0,0,0,0,0,0,0,0,1339.39393939394,1339.39393939394,812.121212121212,533.333333333333,278.787878787879,0,0,0,45.4545454545455,0,857.575757575758,0,96.969696969697,0,0,0,0,0,81.8181818181818,0,60.6060606060606,96.969696969697,24.2424242424242,0,0,0,0,0,315.151515151515,0,0,181.818181818182,0,0,0,0,0,0,0,0,0,0,0,0,0,0,0,0,0,0,0,37.6818181818182
3,0,0,0,0,0,0,0,0,0,0,533470,38,4,370532,5,1.5,0,0,1.5,0,1.5,0,0,1.5,0,0,0,0,0,0,1.5,0,0,1.5,0,1.5,0,0,1.5,0,0,0,0,0,0,33,2,2036.66666666667,355646.666666667,0,355646.666666667,0,0,0,0,0,0,0,0,0,0,355646.666666667,645013.333333333,1548433.33333333,1326.66666666667,0,0,0,0,11840,1056634.6,15427.2191033138,1072061.81910331,330513.5,1067980,0,1067980,7913953.33333333,1498520.66666667,0,9412474,5833887.98576998,172325.523877934,145493.0181,317818.541977934,9299751.87531127,32622338.6808967,13747841.3191033,1385798.54197793,15133639.8610812,23322586.8055854,38456226.6666667,70,3469.33333333333,34.6666666666667,3504,3530.6,1362200,37094026.6666667,0,0,0,0,0,0,0,0,0,0,0,0,2458,2458,462.666666666667,320,142.666666666667,129.333333333333,45.3333333333333,84,95.3333333333333,0,687.333333333333,0,8,0,0,0,0,0,19.3333333333333,0,0,199.333333333333,14,0,0,289.333333333333,0,0,62,0,0,84.6666666666667,0,0,0,0,10.6666666666667,0,0,0,0,0,0,0,0,0,0,0,0,0,0,10.8461538461538
3,0,0,0,0,0,0,0,0,0,0,56680,38,1,370532,6,0.17,0.07,0,0.1,0,0.17,0.07,0,0.1,0,0,0,0,0,0,0.17,0.07,0,0.1,0,0.17,0.07,0,0.1,0,0,0,0,0,0,26,2,735.294117647059,333411.764705882,0,333411.764705882,0,0,0,0,0,0,0,0,0,0,333411.764705882,1816705.88235294,1128705.88235294,0,0,0,0,0,104470.588235294,1249428.75,0,1249428.75,0,2944764.70588235,0,2944764.70588235,12407223.5294118,1562488.23529412,0,13969711.7647059,6565743.10294118,155723.13129375,210839.021470588,366562.152764338,15718550.3880585,2345374.54411765,18972966.6323529,3311326.85864669,22284293.4909996,-13373175.8439408,8911117.64705882,0,1594.11764705882,0,1594.11764705882,1594.11764705882,0,8911117.64705882,0,0,0,0,0,0,0,0,0,0,0,0,2170.58823529412,2170.58823529412,817.647058823529,470.588235294118,347.058823529412,129.411764705882,41.1764705882353,88.2352941176471,100,0,1047.05882352941,0,105.882352941176,0,0,0,0,0,123.529411764706,0,0,317.647058823529,17.6470588235294,0,0,235.294117647059,0,47.0588235294118,94.1176470588235,0,0,105.882352941176,0,0,0,0,0,0,0,0,0,0,0,0,0,0,0,0,0,0,0,33.4166666666667
3,0,0,0,0,0,0,0,0,0,0,6960,33,1,411291,6,0.23,0,0.23,0,0,0.23,0,0.23,0,0,0,0,0,0,0,0.23,0,0.23,0,0,0.23,0,0.23,0,0,0,0,0,0,0,13,1,434.782608695652,30260.8695652174,0,30260.8695652174,0,0,0,0,0,0,0,0,0,0,30260.8695652174,1462130.43478261,195130.434782609,0,0,0,0,0,54043.4782608696,359807.083333333,0,359807.083333333,0,2176565.2173913,0,2176565.2173913,2292304.34782609,0,0,2292304.34782609,2512663.30072464,31447.1948869565,49011.5152173913,80458.7101043478,4549328.27532174,-2380054.60507246,4804967.64855072,2257023.92749565,7061991.57604638,-6929382.8803942,132608.695652174,0,0,21.7391304347826,21.7391304347826,21.7391304347826,0,132608.695652174,0,0,0,0,0,0,0,0,0,0,0,0,191.304347826087,191.304347826087,91.304347826087,0,91.304347826087,0,0,0,78.2608695652174,0,169.565217391304,0,0,0,0,0,0,0,60.8695652173913,0,0,8.69565217391304,13.0434782608696,0,0,21.7391304347826,0,0,17.3913043478261,0,0,47.8260869565217,0,0,0,0,0,0,0,0,0,0,0,0,0,0,0,0,0,0,0,34.0909090909091
3,0,0,0,0,0,0,0,0,0,0,85350,99,1,403205,6,0.21,0,0.21,0,0,0.21,0,0.21,0,0,0,0,0,0,0,0.18,0,0.18,0,0,0.18,0,0.18,0,0,0,0,0,0,0,15,2,1833.33333333333,474166.666666667,0,474166.666666667,0,0,0,0,0,0,0,0,0,0,474166.666666667,756444.444444444,85111.1111111111,0,0,0,3094555.55555556,0,0,1153703.37962963,34196.9444444444,1187900.32407407,573440.740740741,8343500,0,8343500,12277027.7777778,1647061.11111111,0,13924088.8888889,8221884.9537037,229847.2767,222762.555,452609.8317,21073137.6094778,4110337.26851852,20498912.7314815,8796109.8317,29295022.5631815,-16962800.3409593,12332222.2222222,1222.22222222222,0,0,0,464.444444444444,12332222.2222222,0,0,0,0,0,0,0,0,0,0,0,0,0,3277.77777777778,3277.77777777778,866.666666666667,527.777777777778,338.888888888889,0,0,0,44.4444444444444,66.6666666666667,977.777777777778,0,0,0,0,0,0,0,66.6666666666667,0,0,333.333333333333,94.4444444444444,222.222222222222,0,0,0,0,116.666666666667,0,0,0,144.444444444444,0,0,0,0,0,0,0,0,0,0,0,0,0,0,0,0,0,0,26.95
3,0,0,0,0,0,0,0,0,429480,0,0,38,4,370532,5,1.31,1.01,0,0.23,0.07,1.08,0.78,0,0.23,0.07,0.23,0.23,0,0,0,1.31,1.01,0,0.23,0.07,1.08,0.78,0,0.23,0.07,0.23,0.23,0,0,0,29.5555555555556,2,725.190839694656,327847.328244275,0,327847.328244275,0,0,0,0,0,0,0,0,327847.328244275,0,0,1065229.00763359,1889954.19847328,12137.4045801527,0,0,0,0,40671.7557251908,4276501.65394402,2123146.54881479,6399648.20275881,0,2086519.08396947,37641.2213740458,2124160.30534351,6659452.67175572,2965759.54198473,95974.0458015267,9721186.25954198,13138992.5741821,361081.371243471,158642.865343511,519724.236586983,9332098.12470566,31068976.8914667,19827206.1569573,2643884.54193049,22471090.6988878,21736878.7667611,44207969.4656489,1600.76335877863,3177.86259541985,0,3177.86259541985,3786.15267175573,15575427.480916,28632541.9847328,0,0,0,0,0,0,0,0,0,0,4363.35877862595,0,0,4363.35877862595,393.129770992366,226.717557251908,166.412213740458,221.374045801527,101.526717557252,119.847328244275,87.0229007633588,0,701.526717557252,0,45.0381679389313,0,0,0,0,0,26.7175572519084,0,72.5190839694656,263.358778625954,28.2442748091603,0,0,168.702290076336,0,0,51.9083969465649,0,0,45.0381679389313,0,0,0,0,0,0,0,0,0,0,0,0,0,0,0,0,0,0,0,10.8461538461538
3,0,0,0,0,0,0,0,0,462520,0,23470,33,4,411291,6,1.01,0.5,0.51,0,0,1.01,0.5,0.51,0,0,0,0,0,0,0,1.01,0.5,0.51,0,0,1.01,0.5,0.51,0,0,0,0,0,0,0,12.3333333333333,2,1188.11881188119,481178.217821782,0,481178.217821782,0,0,0,0,0,0,0,0,457940.594059406,0,23237.6237623762,3457247.52475248,4196376.23762376,0,0,0,0,0,580287.128712871,738554.969059406,220079.207920792,958634.176980198,61324.9174917492,5947851.48514851,0,5947851.48514851,11646799.009901,5002802.97029703,0,16649601.980198,15149142.1736799,90888.386769802,308180.996732673,399069.383502475,17993719.878552,12077748.915429,26795941.1835809,6346920.86865099,33142862.0522318,-5915970.96312294,27226891.0891089,1557.42574257426,308.910891089109,0,308.910891089109,900.732673267327,22738415.8415842,4488475.24752475,0,0,0,0,0,0,0,0,0,0,87072.2772277228,0,145.544554455446,87217.8217821782,768.316831683168,494.059405940594,274.257425742574,448.514851485148,151.485148514851,297.029702970297,79.2079207920792,0,1296.0396039604,0,5.94059405940594,0,83.1683168316832,0,0,0,162.376237623762,0,141.584158415842,530.693069306931,94.0594059405941,0,0,181.188118811881,0,0,0,0,0,41.5841584158416,0,0,0,0,0,0,55.4455445544554,0,0,0,0,0,0,0,0,0,0,0,0,16.4
3,0,0,0,0,0,0,1792460,0,330370,0,0,33,3,411291,6,1.28,0.71,0.57,0,0,1.28,0.71,0.57,0,0,0,0,0,0,0,1.28,0.71,0.57,0,0,1.28,0.71,0.57,0,0,0,0,0,0,0,13.2,2,1093.75,1658460.9375,0,1658460.9375,0,0,0,0,0,0,1400359.375,0,258101.5625,0,0,1198523.4375,559929.6875,0,0,0,0,0,12484.375,584199.21875,1395.390625,585594.609375,151216.471354167,2815937.5,0,2815937.5,4202698.4375,1977771.09375,0,6180469.53125,6555271.61197917,79450.9039511719,116759.895820312,196210.799771484,7214846.73727148,-1798834.11197917,10757970.0494792,3012148.29977148,13770118.3492507,-9013680.84925065,4756437.5,164.0625,162.5,0,162.5,224.84375,2395312.5,2361125,0,0,0,0,0,0,0,0,3488.28125,0,68705.46875,0,0,72193.75,257.8125,204.6875,53.125,178.90625,96.875,82.03125,35.15625,0,471.875,0,3.90625,0,56.25,0,0,0,14.84375,0,26.5625,105.46875,37.5,0,0,112.5,0,0,82.8125,0,0,32.03125,0,0,0,0,0,0,0,0,0,0,0,0,0,0,0,0,0,0,0,12.8823529411765
3,0,0,0,0,0,0,301460,0,0,0,0,33,3,411291,5,0.6,0,0.6,0,0,0.6,0,0.6,0,0,0,0,0,0,0,0.6,0,0.6,0,0,0.6,0,0.6,0,0,0,0,0,0,0,9.66666666666667,2,850,502433.333333333,0,502433.333333333,0,0,0,0,0,0,502433.333333333,0,0,0,0,839550,205683.333333333,0,0,0,0,0,447566.666666667,370076.875,389982.166666667,760059.041666667,124066.527777778,2169316.66666667,0,2169316.66666667,12044281.6666667,1244146.66666667,62863.3333333333,13351291.6666667,4540682.23211729,104962.577540625,186460.27875,291422.856290625,14561998.8602845,39198184.4345494,16641941.5694444,2460739.52295729,19102681.0924017,24636185.5742649,43738866.6666667,3145,173.333333333333,0,173.333333333333,1368.43333333333,41639800,2099066.66666667,0,0,0,0,0,0,0,0,2976.66666666667,0,0,0,0,2976.66666666667,771.666666666667,518.333333333333,253.333333333333,111.666666666667,50,61.6666666666667,93.3333333333333,0,976.666666666667,0,3.33333333333333,0,0,0,0,0,50,0,83.3333333333333,218.333333333333,56.6666666666667,0,0,241.666666666667,0,0,211.666666666667,0,0,111.666666666667,0,0,0,0,0,0,0,0,0,0,0,0,0,0,0,0,0,0,0,12.8823529411765
3,0,0,0,0,0,0,537740,0,0,0,0,33,3,411291,5,0.63,0,0.63,0,0,0.63,0,0.63,0,0,0,0,0,0,0,0.63,0,0.63,0,0,0.63,0,0.63,0,0,0,0,0,0,0,17,2,984.126984126984,853555.555555556,0,853555.555555556,0,0,0,0,0,0,853555.555555556,0,0,0,0,741841.26984127,689190.476190476,0,0,0,0,0,11269.8412698413,435537.261904762,614.322222222222,436151.584126984,88740.2116402117,1827634.92063492,0,1827634.92063492,11273014.2857143,794109.523809524,0,12067123.8095238,4026149.46243386,51159.1524892071,174510.218571429,225669.371060636,13326318.5774098,28971945.7756614,15299163.7481481,2053304.29169556,17352468.0398437,15645627.1982515,32998095.2380952,1165.07936507937,825.396825396825,0,825.396825396825,1268.12698412698,17010158.7301587,15987936.5079365,0,0,0,0,0,0,0,0,2126.98412698413,0,0,0,0,2126.98412698413,744.444444444444,453.968253968254,290.47619047619,60.3174603174603,30.1587301587302,30.1587301587302,73.015873015873,0,877.777777777778,0,12.6984126984127,0,103.174603174603,0,0,0,31.7460317460317,0,176.190476190476,346.031746031746,12.6984126984127,0,0,120.634920634921,0,0,33.3333333333333,0,0,41.2698412698413,0,0,0,0,0,0,0,0,0,0,0,0,0,0,0,0,0,0,0,12.8823529411765
3,0,0,0,0,0,122390,0,0,0,0,52010,37,3,394684,6,0.51,0,0.24,0,0.27,0.51,0,0.24,0,0.27,0,0,0,0,0,0.42,0,0.22,0,0.2,0.42,0,0.22,0,0.2,0,0,0,0,0,25,2,1321.42857142857,415238.095238095,291404.761904762,123833.333333333,0,0,0,0,0,291404.761904762,0,0,0,0,123833.333333333,1170809.52380952,1326476.19047619,0,16238.0952380952,0,0,0,76119.0476190476,1667736.66666667,29997.3684210526,1697734.03508772,172142.857142857,4291000,0,4291000,23313630.952381,0,0,23313630.952381,5269441.84461153,133026.973893609,319769.919642857,452796.893536466,28057427.8459174,9126272.44110275,28583072.7969925,4743796.89353647,33326869.6905289,-18931155.4048147,14395714.2857143,0,2726.19047619048,1238.09523809524,3964.28571428571,3964.28571428571,0,14395714.2857143,0,0,0,0,0,0,2488.09523809524,2488.09523809524,0,0,0,0,1052.38095238095,1052.38095238095,1697.61904761905,859.523809523809,838.095238095238,0,0,0,83.3333333333333,0,1780.95238095238,0,76.1904761904762,0,0,0,0,0,123.809523809524,0,95.2380952380952,285.714285714286,59.5238095238095,0,0,0,0,0,661.904761904762,0,0,478.571428571428,0,0,0,0,0,0,0,0,0,0,0,0,0,0,0,0,0,0,0,15.2564102564103
3,0,0,0,0,0,132600,0,0,264300,0,0,37,4,394684,6,1.52,0.15,1.37,0,0,0.61,0,0.61,0,0,0.91,0.15,0.76,0,0,1.52,0.15,1.37,0,0,0.61,0,0.61,0,0,0.91,0.15,0.76,0,0,27,2,1519.73684210526,261118.421052632,87236.8421052632,173881.578947368,0,0,0,0,0,87236.8421052632,0,0,173881.578947368,0,0,679164.473684211,1346256.57894737,0,0,0,0,0,34585.5263157895,2328801.95175439,99642.5744459834,2428444.52620037,0,922177.631578947,1686861.84210526,2609039.47368421,7823084.21052632,4733944.73684211,496290.131578947,13053319.0789474,11752159.3040253,324679.422677013,186799.495559211,511478.918236223,9565931.69304288,19420952.53808,18197572.6051477,3120518.39192043,21318090.9970682,9855020.8450371,31173111.8421053,0,4108.55263157895,1026.97368421053,5135.52631578947,5135.52631578947,0,31173111.8421053,0,0,0,0,0,0,3.68421052631579,3.68421052631579,0,0,1735.52631578947,0,0,1735.52631578947,535.526315789474,222.368421052632,313.157894736842,386.184210526316,168.421052631579,217.763157894737,66.4473684210526,0,988.157894736842,0,1.97368421052632,0,0,0,0,0,24.3421052631579,0,174.342105263158,355.263157894737,17.7631578947368,0,0,348.684210526316,0,0,21.0526315789474,0,0,44.7368421052632,0,0,0,0,0,0,0,0,0,0,0,0,0,0,0,0,0,0,0,17.8
3,0,0,0,0,0,134620,0,0,356800,0,0,33,2,411291,6,0.57,0,0.57,0,0,0.57,0,0.57,0,0,0,0,0,0,0,0.57,0,0.57,0,0,0.57,0,0.57,0,0,0,0,0,0,0,13.5,1,1315.78947368421,862140.350877193,236175.438596491,625964.912280702,0,0,0,0,0,236175.438596491,0,0,625964.912280702,0,0,2086526.31578947,562666.666666667,0,0,0,1221543.85964912,0,49859.649122807,4434455.19005848,1678247.89473684,6112703.08479532,798160.81871345,2459157.89473684,0,2459157.89473684,3695268.42105263,1047608.77192982,200722.807017544,4943600,13196836.258235,219997.956611842,118174.992631579,338172.949243421,6648986.3313593,14216672.5136948,17048491.745614,2797330.84398026,19845822.5895943,7567686.18233553,27413508.7719298,1875.43859649123,0,5.26315789473684,5.26315789473684,717.929824561404,27381403.5087719,32105.2631578947,0,0,0,0,0,0,3.50877192982456,3.50877192982456,0,0,46285.9649122807,0,0,46285.9649122807,163.157894736842,161.40350877193,1.75438596491228,91.2280701754386,26.3157894736842,64.9122807017544,73.6842105263158,0,328.070175438596,0,0,0,14.0350877192982,0,0,0,42.1052631578947,0,10.5263157894737,161.40350877193,15.7894736842105,0,0,17.5438596491228,0,0,33.3333333333333,0,0,33.3333333333333,0,0,0,0,0,0,0,0,0,0,0,0,0,0,0,0,0,0,0,17.4705882352941
3,0,0,0,0,0,13600,0,0,0,0,106690,99,1,403205,6,0.16,0.16,0,0,0,0.16,0.16,0,0,0,0,0,0,0,0,0.16,0.16,0,0,0,0.16,0.16,0,0,0,0,0,0,0,0,12.5,2,625,751812.5,85000,666812.5,0,0,0,0,0,85000,0,0,0,0,666812.5,762000,1162812.5,0,0,0,0,0,184250,3900784.21875,366396.5,4267180.71875,1136140.625,3128812.5,0,3128812.5,4551018.75,0,0,4551018.75,8667401.34375,1126309.66643531,90054.5090625,1216364.17549781,8896195.42549781,-7516713.84375,13218420.09375,4345176.67549781,17563596.7692478,-16412909.2692478,1150687.5,0,118.75,0,118.75,118.75,0,1150687.5,0,0,0,0,0,0,2.5,2.5,0,0,0,0,1843.75,1843.75,112.5,112.5,0,0,0,0,168.75,0,281.25,0,6.25,0,0,0,0,0,62.5,0,6.25,18.75,12.5,0,0,0,0,25,37.5,0,0,112.5,0,0,0,0,0,0,0,0,0,0,0,0,0,0,0,0,0,0,0,26.95
3,0,0,0,0,0,13600,244430,0,0,0,0,38,1,370532,6,0.13,0,0.13,0,0,0,0,0,0,0,0.13,0,0.13,0,0,0.13,0,0.13,0,0,0,0,0,0,0,0.13,0,0.13,0,0,31,2,923.076923076923,1984846.15384615,104615.384615385,1880230.76923077,0,0,0,0,0,104615.384615385,1880230.76923077,0,0,0,0,2257000,1204000,0,0,0,0,0,27307.6923076923,3570510.38461538,187987.404408457,3758497.78902384,0,0,379307.692307692,379307.692307692,19931738.4615385,2829853.84615385,0,22761592.3076923,12811345.1736392,522304.643658097,343052.165769231,865356.809427328,20797095.2709658,18693116.3648223,32363775.94287,1244664.50173502,33608440.444605,-2103978.90614347,31504461.5384615,238.461538461538,2400,400,2800,2890.61538461538,4640461.53846154,26864000,0,0,0,0,0,0,5.38461538461538,5.38461538461538,10307.6923076923,0,0,0,0,10307.6923076923,1030.76923076923,853.846153846154,176.923076923077,200,146.153846153846,53.8461538461538,307.692307692308,0,1538.46153846154,0,30.7692307692308,0,0,0,0,0,76.9230769230769,0,0,361.538461538462,84.6153846153846,0,0,276.923076923077,0,0,84.6153846153846,0,0,553.846153846154,0,0,0,0,69.2307692307692,0,0,0,0,0,0,0,0,0,0,0,0,0,0,33.4166666666667
3,0,0,0,0,0,183590,0,0,0,0,112030,37,4,394684,6,0.83,0,0.83,0,0,0.83,0,0.83,0,0,0,0,0,0,0,0.67,0,0.67,0,0,0.67,0,0.67,0,0,0,0,0,0,0,29.5,2,746.268656716418,441223.880597015,274014.925373134,167208.955223881,0,0,0,0,0,274014.925373134,0,0,0,0,167208.955223881,690716.417910448,406805.970149254,0,0,0,0,0,106029.850746269,1012115.17412935,10633.3955223881,1022748.56965174,1244407.960199,2689880.59701493,0,2689880.59701493,15426543.2835821,2200800,0,17627343.2835821,6507416.64925373,160758.857461567,234156.250746269,394915.108207836,18511338.9888049,9285538.57462686,21933959.9328358,3084795.70522276,25018755.6380586,-9225800.41417799,15792955.2238806,0,3107.46268656716,776.119402985075,3883.58208955224,3883.58208955224,0,15792955.2238806,0,0,0,0,0,0,3121.34328358209,3121.34328358209,0,0,0,0,2641.79104477612,2641.79104477612,1062.68656716418,528.358208955224,534.328358208955,167.164179104478,83.5820895522388,83.5820895522388,105.970149253731,0,1335.82089552239,0,47.7611940298507,0,0,0,0,0,77.6119402985075,0,59.7014925373134,346.268656716418,37.3134328358209,0,0,0,0,0,604.477611940299,0,0,162.686567164179,0,0,0,0,0,0,0,0,0,0,0,0,0,0,0,0,0,0,0,17.8
3,0,0,0,0,0,250500,268870,0,0,0,215520,99,1,403205,6,0.5,0.4,0.1,0,0,0.5,0.4,0.1,0,0,0,0,0,0,0,0.27,0.17,0.1,0,0,0.27,0.17,0.1,0,0,0,0,0,0,0,1.5,2,1666.66666666667,2721814.81481481,927777.777777778,1794037.03703704,0,0,0,0,0,927777.777777778,995814.814814815,0,0,0,798222.222222222,834074.074074074,279925.925925926,0,0,438592.592592593,0,6618407.40740741,157074.074074074,1531372.96296296,9046825.92592593,10578198.8888889,1224124.07407407,5339851.85185185,0,5339851.85185185,26712062.962963,14515022.2222222,0,41227085.1851852,37770439.0740741,1293737.8095,635165.235,1928903.0445,33980817.8593148,7564153.51851851,64482502.037037,7268754.89635185,71751256.9333889,-26416664.3407963,45334592.5925926,4659.25925925926,0,0,0,1770.51851851852,45334592.5925926,0,0,0,0,0,0,0,441.851851851852,441.851851851852,9922.22222222222,0,0,0,5681.48148148148,15603.7037037037,1877.77777777778,1274.07407407407,603.703703703704,1103.7037037037,548.148148148148,555.555555555556,55.5555555555556,0,3037.03703703704,0,3.7037037037037,0,44.4444444444444,0,25.9259259259259,0,85.1851851851852,0,0,2292.59259259259,181.481481481481,0,0,248.148148148148,0,29.6296296296296,125.925925925926,0,0,0,0,0,0,0,0,0,0,0,0,0,0,0,0,0,0,0,0,0,0,26.95
3,0,0,0,0,0,2542300,0,67340,198220,0,144300,99,1,403205,6,0.42,0.42,0,0,0,0,0,0,0,0,0.42,0.42,0,0,0,0.3,0.3,0,0,0,0,0,0,0,0,0.3,0.3,0,0,0,1.5,2,1010,9840533.33333333,8474333.33333333,1366200,0,0,0,0,0,8474333.33333333,0,224466.666666667,660733.333333333,0,481000,511366.666666667,552700,1494200,0,973666.666666667,0,0,0,2456227.58333333,2447528.63333333,4903756.21666666,0,0,2958500,2958500,5820860,0,0,5820860,21637927.8833333,312406.62019425,233198.919,545605.53919425,6366465.53919425,1085838.78333334,24500287.8833333,3504105.53919425,28004393.4225276,-5280626.75586091,22723766.6666667,1396.66666666667,0,0,0,530.733333333333,22723766.6666667,0,0,0,0,0,0,0,4520,4520,0,3760,29313.3333333333,0,3143.33333333333,36216.6666666667,323.333333333333,210,113.333333333333,0,0,0,83.3333333333333,0,406.666666666667,0,0,0,63.3333333333333,0,0,0,43.3333333333333,20,80,133.333333333333,26.6666666666667,3.33333333333333,0,0,0,10,6.66666666666667,0,0,0,0,0,0,0,0,20,0,0,0,0,0,0,0,0,0,0,0,0,0,26.95
3,0,0,0,0,0,27200,0,0,33040,0,0,33,1,411291,6,0.27,0,0.27,0,0,0.27,0,0.27,0,0,0,0,0,0,0,0.27,0,0.27,0,0,0.27,0,0.27,0,0,0,0,0,0,0,19,2,2222.22222222222,223111.111111111,100740.740740741,122370.37037037,0,0,0,0,0,100740.740740741,0,0,122370.37037037,0,0,2054592.59259259,271592.592592593,0,0,0,0,0,65777.7777777778,1263400.41666667,10290.7407407407,1273691.15740741,505501.851851852,1854111.11111111,0,1854111.11111111,3553214.81481481,0,0,3553214.81481481,4805558.08333333,282712.14691875,74944.71,357656.85691875,5764982.78284468,-4131113.63888889,8358772.89814815,2211767.96802986,10570540.866178,-9896096.42173356,674444.444444444,0,37.037037037037,37.037037037037,74.0740740740741,74.0740740740741,0,674444.444444444,0,0,0,0,0,0,3.33333333333333,3.33333333333333,0,0,3255.55555555556,0,0,3255.55555555556,137.037037037037,111.111111111111,25.9259259259259,0,0,0,96.2962962962963,0,233.333333333333,0,0,0,22.2222222222222,0,0,0,62.962962962963,0,0,3.7037037037037,18.5185185185185,0,0,37.037037037037,0,0,40.7407407407407,0,0,48.1481481481481,0,0,0,0,0,0,0,0,0,0,0,0,0,0,0,0,0,0,0,34.0909090909091
3,0,0,0,0,0,273330,0,0,0,0,0,37,3,394684,6,0.8,0,0.8,0,0,0.8,0,0.8,0,0,0,0,0,0,0,0.8,0,0.8,0,0,0.8,0,0.8,0,0,0,0,0,0,0,28,2,625,341662.5,341662.5,0,0,0,0,0,0,341662.5,0,0,0,0,0,1071112.5,448075,0,0,0,0,0,11100,2139322.11458333,7210.59671052632,2146532.71129386,390821.875,1251525,0,1251525,16926873.75,0,0,16926873.75,4803988.58629386,105920.603201072,228405.7085625,334326.311763572,18512725.0617636,4379636.41370614,21730862.3362939,1585851.31176357,23316713.6480574,-14133088.6480574,9183625,0,1561.25,38.75,1600,1600,0,9183625,0,0,0,0,0,0,8.75,8.75,0,0,0,0,0,0,1275,637.5,637.5,0,0,0,37.5,0,1312.5,0,7.5,0,0,0,0,0,20,0,0,160,0,0,0,433.75,0,0,221.25,0,0,467.5,0,0,0,0,2.5,0,0,0,0,0,0,0,0,0,0,0,0,0,0,15.2564102564103
3,0,0,0,0,0,30600,162950,0,0,0,131770,38,1,370532,6,0.23,0,0.23,0,0,0,0,0,0,0,0.23,0,0.23,0,0,0.23,0,0.23,0,0,0,0,0,0,0,0.23,0,0.23,0,0,31,2,956.521739130435,1414434.7826087,133043.47826087,1281391.30434783,0,0,0,0,0,133043.47826087,708478.260869565,0,0,0,572913.043478261,728826.086956522,1375347.82608696,0,0,0,0,0,15434.7826086957,1279002.59057971,72217.270531401,1351219.86111111,0,0,1715086.95652174,1715086.95652174,18768447.826087,1897621.73913043,0,20666069.5652174,8868504.03502415,240424.349769293,294031.373478261,534455.723247554,19302903.5493345,9089061.18236715,25921864.9045894,2249542.67976929,28171407.5843587,-10213842.3669674,17957565.2173913,0,1808.69565217391,134.782608695652,1943.47826086957,1943.47826086957,0,17957565.2173913,0,0,0,0,0,0,226.086956521739,226.086956521739,1943.47826086957,0,0,0,2434.78260869565,4378.26086956522,817.391304347826,630.434782608696,186.95652173913,126.086956521739,126.086956521739,0,430.434782608696,0,1373.91304347826,0,21.7391304347826,0,0,0,0,0,73.9130434782609,0,0,430.434782608696,82.6086956521739,0,0,234.782608695652,0,0,139.130434782609,0,0,391.304347826087,0,0,0,0,0,0,0,0,0,0,0,0,0,0,0,0,0,0,0,33.4166666666667
3,0,0,0,0,0,34000,0,0,0,0,0,37,1,394684,5,0.2,0.2,0,0,0,0.2,0.2,0,0,0,0,0,0,0,0,0.2,0.2,0,0,0,0.2,0.2,0,0,0,0,0,0,0,0,18,2,250,170000,170000,0,0,0,0,0,0,170000,0,0,0,0,0,1218650,4016700,0,0,0,0,0,168700,10960350.125,170985,11131335.125,2315908.33333333,2503050,0,2503050,28231595,2829945,0,31061540,22245922.4583333,1518547.36635,445122.4185,1963669.78485,32698314.78485,37979127.5416667,50477517.4583333,4466719.78485,54944237.2431833,5280812.75681666,60225050,0,8585,625,9210,9210,0,60225050,0,0,0,0,0,0,2,2,0,0,0,0,0,0,1700,920,780,185,185,0,335,0,2220,0,30,0,0,0,0,0,85,0,555,985,20,0,0,305,0,0,0,0,0,240,0,0,0,0,0,0,0,0,0,0,0,0,0,0,0,0,0,0,0,37.6818181818182
3,0,0,0,0,0,34000,0,0,0,0,104030,37,1,394684,6,0.59,0.16,0.4,0,0.03,0.59,0.16,0.4,0,0.03,0,0,0,0,0,0.59,0.16,0.4,0,0.03,0.59,0.16,0.4,0,0.03,0,0,0,0,0,20,1,1405.08474576271,233949.152542373,57627.1186440678,176322.033898305,0,0,0,0,0,57627.1186440678,0,0,0,0,176322.033898305,551050.847457627,322813.559322034,0,0,0,0,0,84288.1355932203,1071340.94632768,0,1071340.94632768,0,3393983.05084746,0,3393983.05084746,10744232.2033898,0,0,10744232.2033898,2658126.64124294,84873.2859724576,145026.456864407,229899.742836864,14368114.9970742,1607636.07062147,13402358.8446328,3623882.79368432,17026241.6383171,-12760478.9264527,4265762.71186441,0,881.35593220339,0,881.35593220339,881.35593220339,0,4265762.71186441,0,0,0,0,0,0,0.338983050847458,0.338983050847458,0,0,0,0,1500,1500,777.966101694915,411.864406779661,366.101694915254,0,0,0,35.593220338983,0,813.559322033898,0,54.2372881355932,0,0,0,0,0,66.1016949152542,0,67.7966101694915,108.474576271186,13.5593220338983,0,0,0,0,0,279.661016949152,0,0,223.728813559322,0,0,0,0,0,0,0,0,0,0,0,0,0,0,0,0,0,0,0,37.6818181818182
3,0,0,0,0,0,34680,315720,0,0,0,0,37,3,394684,6,0.7,0.7,0,0,0,0.7,0.7,0,0,0,0,0,0,0,0,0.7,0.7,0,0,0,0.7,0.7,0,0,0,0,0,0,0,0,24.5,2,600,500571.428571429,49542.8571428571,451028.571428571,0,0,0,0,0,49542.8571428571,451028.571428571,0,0,0,0,407571.428571429,949085.714285714,0,0,0,0,0,30442.8571428571,3180477.45238095,39082.2857142857,3219559.73809524,0,1716385.71428571,0,1716385.71428571,10232224.2857143,1033307.14285714,179610,11445141.4285714,6551696.65847977,163000.639806429,161993.676214286,324994.316020714,12436739.9670648,11605517.6272345,16947056.5952381,2041380.03030643,18988436.6255445,-831222.339830238,18157214.2857143,0,2677.14285714286,267.142857142857,2944.28571428571,2944.28571428571,0,18157214.2857143,0,0,0,0,0,0,3.14285714285714,3.14285714285714,2391.42857142857,0,0,0,0,2391.42857142857,650,325.714285714286,324.285714285714,64.2857142857143,64.2857142857143,0,102.857142857143,0,817.142857142857,0,4.28571428571429,0,0,0,0,0,41.4285714285714,0,245.714285714286,292.857142857143,22.8571428571429,0,0,114.285714285714,0,0,17.1428571428571,0,0,78.5714285714286,0,0,0,0,0,0,0,0,0,0,0,0,0,0,0,0,0,0,0,15.2564102564103
3,0,0,0,0,0,378400,193500,0,0,0,32010,99,2,403205,6,0.5,0.5,0,0,0,0.5,0.5,0,0,0,0,0,0,0,0,0.5,0.5,0,0,0,0.5,0.5,0,0,0,0,0,0,0,0,5.75,2,980,1207820,756800,451020,0,0,0,0,0,756800,387000,0,0,0,64020,346040,111860,0,0,0,0,0,125740,1285159.13333333,834407.46,2119566.59333333,1508596,2833460,0,2833460,2911274,0,0,2911274,5822827.59333333,310313.9707317,57138.2181,367452.1888317,6112186.1888317,-4070827.59333333,8734101.59333333,3200912.1888317,11935013.782165,-10183013.782165,1752000,150,0,0,0,57,1752000,0,0,0,0,0,0,0,1750.4,1750.4,2232,0,0,0,176,2408,136,80,56,0,0,0,66,0,202,0,0,0,0,0,0,0,80,18,0,24,30,0,0,8,0,16,20,0,0,6,0,0,0,0,0,0,0,0,0,0,0,0,0,0,0,0,0,0,0,19.7777777777778
3,0,0,0,0,0,39440,0,0,0,0,0,37,2,394684,5,0.45,0,0.45,0,0,0,0,0,0,0,0.45,0,0.45,0,0,0.45,0,0.45,0,0,0,0,0,0,0,0.45,0,0.45,0,0,34.3333333333333,2,888.888888888889,87644.4444444444,87644.4444444444,0,0,0,0,0,0,87644.4444444444,0,0,0,0,0,1245377.77777778,2329444.44444444,0,0,0,0,0,54466.6666666667,4745930.14814815,119989.473684211,4865919.62183236,1608315.74074074,0,2848933.33333333,2848933.33333333,26112555.5555556,3569313.33333333,0,29681868.8888889,17004099.3625731,605902.24528579,405795.447,1011697.69228579,27124253.2478413,34953100.6374269,40267721.5847953,3860631.02561912,44128352.6104144,7828847.38958555,51957200,0,6940,693.333333333333,7633.33333333333,7633.33333333333,0,51957200,0,0,0,0,0,0,2.44444444444444,2.44444444444444,0,0,0,0,0,0,1711.11111111111,964.444444444444,746.666666666667,271.111111111111,135.555555555556,135.555555555556,195.555555555556,0,2177.77777777778,0,11.1111111111111,0,0,0,0,0,53.3333333333333,0,731.111111111111,777.777777777778,17.7777777777778,0,0,457.777777777778,0,0,0,0,0,128.888888888889,0,0,0,0,0,0,0,0,0,0,0,0,0,0,0,0,0,0,0,39.25
3,0,0,0,0,0,46240,0,0,165190,0,232060,33,3,411291,6,0.87,0,0.87,0,0,0.87,0,0.87,0,0,0,0,0,0,0,0.87,0,0.87,0,0,0.87,0,0.87,0,0,0,0,0,0,0,13.6,2,1310.34482758621,509758.620689655,53149.4252873563,456609.195402299,0,0,0,0,0,53149.4252873563,0,0,189873.563218391,0,266735.632183908,1000793.10344828,179942.528735632,0,0,0,0,0,46954.0229885057,685336.077586207,1283860.91954023,1969196.99712644,156879.885057471,2071494.25287356,0,2071494.25287356,3231177.01149425,0,0,3231177.01149425,4274816.15804598,225899.55044806,60368.7972413793,286268.34768944,5588939.61205725,4821793.03735632,7505993.16954023,2357762.600563,9863755.77010323,-767146.574700933,9096609.1954023,614.942528735632,298.850574712644,35.632183908046,334.48275862069,568.16091954023,5983390.8045977,3113218.3908046,0,0,0,0,0,0,1.49425287356322,1.49425287356322,0,0,15162.0689655172,0,1695.40229885057,16857.4712643678,167.816091954023,94.2528735632184,73.5632183908046,0,0,0,60.9195402298851,0,228.735632183908,0,0,0,11.4942528735632,0,0,0,20.6896551724138,0,5.74712643678161,57.4712643678161,27.5862068965517,0,0,34.4827586206897,0,0,43.6781609195402,0,0,27.5862068965517,0,0,0,0,0,0,0,0,0,0,0,0,0,0,0,0,0,0,0,12.8823529411765
3,0,0,0,0,0,51000,203690,0,0,0,0,37,3,394684,6,0.77,0.23,0.54,0,0,0.49,0,0.49,0,0,0.28,0.23,0.05,0,0,0.77,0.23,0.54,0,0,0.49,0,0.49,0,0,0.28,0.23,0.05,0,0,29.5,2,623.376623376623,330766.233766234,66233.7662337662,264532.467532468,0,0,0,0,0,66233.7662337662,264532.467532468,0,0,0,0,751571.428571429,1217896.1038961,0,0,0,0,0,69194.8051948052,2965578.50649351,146091.079972659,3111669.58646617,0,1690376.62337662,640363.636363636,2330740.25974026,11540210.3896104,2200398.7012987,146953.246753247,13887562.3376623,8740077.34851637,95125.6523348428,197522.439545455,292648.091880297,13646655.4986613,14808468.1060291,19763344.4955571,2623388.35162056,22386732.8471776,1161812.60736782,23548545.4545455,0,3446.75324675325,405.194805194805,3851.94805194805,3851.94805194805,0,23548545.4545455,0,0,0,0,0,0,0.649350649350649,0.649350649350649,1449.35064935065,0,0,0,0,1449.35064935065,701.298701298701,497.402597402597,203.896103896104,172.727272727273,58.4415584415584,114.285714285714,105.194805194805,0,979.220779220779,0,7.79220779220779,0,2.5974025974026,0,0,0,41.5584415584416,0,250.649350649351,344.155844155844,11.6883116883117,0,0,225.974025974026,0,0,31.1688311688312,0,0,63.6363636363636,0,0,0,0,0,0,0,0,0,0,0,0,0,0,0,0,0,0,0,15.2564102564103
3,0,0,0,0,0,51000,407380,0,0,0,0,37,2,394684,5,0.4,0,0.4,0,0,0.4,0,0.4,0,0,0,0,0,0,0,0.4,0,0.4,0,0,0.4,0,0.4,0,0,0,0,0,0,0,23.5,2,825,1145950,127500,1018450,0,0,0,0,0,127500,1018450,0,0,0,0,1195050,2185700,0,0,0,0,0,79925,4667292,112490.131578947,4779782.13157895,1157954.16666667,2503050,0,2503050,24947040,12213202.5,0,37160242.5,23152247.7982456,602581.082278618,507467.440125,1110048.52240362,28560138.5224036,29788227.2017544,48099287.7982456,3613098.52240362,51712386.3206492,1228088.67935076,52940475,0,7807.5,780,8587.5,8587.5,0,52940475,0,0,0,0,0,0,1.25,1.25,5582.5,0,0,0,0,5582.5,1600,1030,570,947.5,412.5,535,180,0,2727.5,0,12.5,0,0,0,0,0,57.5,0,1190,972.5,30,0,0,302.5,0,0,47.5,0,0,115,0,0,0,0,0,0,0,0,0,0,0,0,0,0,0,0,0,0,0,39.25
3,0,0,0,0,0,61200,224060,0,0,0,69620,33,1,411291,5,0.23,0,0.23,0,0,0.23,0,0.23,0,0,0,0,0,0,0,0.23,0,0.23,0,0,0.23,0,0.23,0,0,0,0,0,0,0,23,2,652.173913043478,1542956.52173913,266086.956521739,1276869.56521739,0,0,0,0,0,266086.956521739,974173.913043478,0,0,0,302695.652173913,2261695.65217391,314086.956521739,0,0,0,0,0,115826.086956522,2339993.07971015,925028.695652174,3265021.77536232,593415.217391304,3047217.39130435,0,3047217.39130435,8779586.95652174,0,0,8779586.95652174,8504293.21014493,383224.390928804,158121.948913043,541346.339841848,12368150.6876679,35926011.1376812,17283880.1666667,3588563.7311462,20872443.8978129,23557860.4500132,44430304.3478261,4560.86956521739,0,8.69565217391304,8.69565217391304,1741.82608695652,44377260.8695652,53043.4782608696,0,0,0,0,0,0,9.56521739130435,9.56521739130435,4852.17391304348,0,0,0,1921.73913043478,6773.91304347826,504.347826086957,321.739130434783,182.608695652174,0,0,0,113.04347826087,0,617.391304347826,0,0,0,43.4782608695652,0,0,0,65.2173913043478,0,8.69565217391304,347.826086956522,65.2173913043478,0,0,34.7826086956522,0,0,0,0,0,52.1739130434783,0,0,0,0,0,0,0,0,0,0,0,0,0,0,0,0,0,0,0,34.0909090909091
3,0,0,0,0,0,71400,458300,0,0,0,0,37,3,394684,6,0.53,0.22,0.31,0,0,0.22,0.22,0,0,0,0.31,0,0.31,0,0,0.53,0.22,0.31,0,0,0.22,0.22,0,0,0,0.31,0,0.31,0,0,23.25,2,509.433962264151,999433.962264151,134716.981132075,864716.981132075,0,0,0,0,0,134716.981132075,864716.981132075,0,0,0,0,1191773.58490566,2200566.03773585,0,0,0,0,0,80415.0943396226,4643572.61006289,76408.3912611718,4719981.00132406,0,944547.169811321,2232830.18867925,3177377.35849057,19112520.754717,16420690.5660377,2158703.77358491,37691915.0943396,29237959.6625205,338009.199028749,512293.860849057,850303.059877805,22068489.5307568,21370078.0733285,47278768.774909,4027680.41836837,51306449.1932773,-698411.457428277,50608037.7358491,0,6186.79245283019,2945.28301886792,9132.07547169811,9132.07547169811,0,50608037.7358491,0,0,0,0,0,0,3.20754716981132,3.20754716981132,8424.52830188679,0,0,0,0,8424.52830188679,1224.52830188679,637.735849056604,586.792452830189,1175.47169811321,743.396226415094,432.075471698113,183.018867924528,0,2583.01886792453,0,13.2075471698113,0,7.54716981132075,0,0,0,64.1509433962264,0,373.584905660377,956.603773584906,43.3962264150943,0,0,943.396226415094,0,0,62.2641509433962,0,0,118.867924528302,0,0,0,0,0,0,0,0,0,0,0,0,0,0,0,0,0,0,0,15.2564102564103
3,0,0,0,0,0,72080,305530,0,0,0,0,37,4,394684,6,1.18,0.33,0.85,0,0,0.33,0.33,0,0,0,0.85,0,0.85,0,0,1.18,0.33,0.85,0,0,0.33,0.33,0,0,0,0.85,0,0.85,0,0,20.8333333333333,2,720.338983050847,320008.474576271,61084.7457627119,258923.728813559,0,0,0,0,0,61084.7457627119,258923.728813559,0,0,0,0,434805.084745763,724720.338983051,0,0,0,0,0,24686.4406779661,2039708.47457627,68638.0463871543,2108346.52096343,0,678796.610169492,1253601.69491525,1932398.30508475,6382741.52542373,2126822.03389831,458155.93220339,8967719.49152542,7502182.94453863,206550.32886289,127234.068940678,333784.397803568,7738970.10982159,15403444.1741054,12974970.3514719,2266182.70288831,15241153.0543602,7664474.06428386,22905627.1186441,0,3175.42372881356,740.677966101695,3916.10169491525,3916.10169491525,0,22905627.1186441,0,0,0,0,0,0,3.05084745762712,3.05084745762712,2838.13559322034,0,0,0,0,2838.13559322034,405.084745762712,206.779661016949,198.305084745763,157.627118644068,62.7118644067797,94.9152542372881,62.7118644067797,0,625.423728813559,0,2.54237288135593,0,0,0,0,0,16.9491525423729,0,190.677966101695,275.423728813559,9.32203389830508,0,0,65.2542372881356,0,0,22.0338983050847,0,0,43.2203389830509,0,0,0,0,0,0,0,0,0,0,0,0,0,0,0,0,0,0,0,17.8
3,0,0,0,0,0,8160,0,0,198220,0,0,37,1,394684,6,0.1,0.1,0,0,0,0.1,0.1,0,0,0,0,0,0,0,0,0.1,0.1,0,0,0,0.1,0.1,0,0,0,0,0,0,0,0,24,2,600,2063800,81600,1982200,0,0,0,0,0,81600,0,0,1982200,0,0,1554500,932700,0,0,0,0,0,35600,2896767.95833333,67493.9473684211,2964261.90570176,1505323.33333333,3003700,0,3003700,49462070,0,0,49462070,9450869.23903509,541647.295615362,656691.3405,1198338.63611536,53664108.6361154,8967330.76096491,58912939.2390351,4202038.63611536,63114977.8751505,-44696777.8751505,18418200,0,3120,100,3220,3220,0,18418200,0,0,0,0,0,0,4,4,0,0,26380,0,0,26380,3820,1910,1910,0,0,0,40,0,3860,0,20,0,0,0,0,0,80,0,0,480,160,0,0,1340,0,0,680,0,0,1080,0,0,0,0,20,0,0,0,0,0,0,0,0,0,0,0,0,0,0,37.6818181818182
3,0,0,0,0,0,82280,162950,0,0,0,0,37,2,394684,5,0.45,0.45,0,0,0,0.3,0.3,0,0,0,0.15,0.15,0,0,0,0.45,0.45,0,0,0,0.3,0.3,0,0,0,0.15,0.15,0,0,0,23.5,2,777.777777777778,544955.555555556,182844.444444444,362111.111111111,0,0,0,0,0,182844.444444444,362111.111111111,0,0,0,0,1429133.33333333,2800400,0,0,0,0,0,73400,4632861.11111111,0,4632861.11111111,0,1112466.66666667,1095733.33333333,2208200,25867053.3333333,11567404.4444444,1676357.77777778,39110815.5555556,23056573.3613524,317464.647525,534098.259,851562.906525,28989439.1007282,55210959.971981,48986249.5555556,3059762.906525,52046012.4620806,26221520.8712528,78267533.3333333,0,11333.3333333333,1620,12953.3333333333,12953.3333333333,0,78267533.3333333,0,0,0,0,0,0,7.55555555555556,7.55555555555556,1984.44444444444,0,0,0,0,1984.44444444444,1708.88888888889,946.666666666667,762.222222222222,1035.55555555556,446.666666666667,588.888888888889,193.333333333333,0,2937.77777777778,0,8.88888888888889,0,0,0,0,0,64.4444444444445,0,555.555555555556,1448.88888888889,40,0,0,617.777777777778,0,0,66.6666666666667,0,0,135.555555555556,0,0,0,0,0,0,0,0,0,0,0,0,0,0,0,0,0,0,0,39.25
3,0,0,0,0,0,95200,0,0,0,0,0,37,4,394684,6,1.33,0,1.33,0,0,1.33,0,1.33,0,0,0,0,0,0,0,1.33,0,1.33,0,0,1.33,0,1.33,0,0,0,0,0,0,0,46,1,751.87969924812,71578.9473684211,71578.9473684211,0,0,0,0,0,0,71578.9473684211,0,0,0,0,0,552000,1622691.72932331,0,0,0,0,0,74781.9548872181,3554212.53132832,134988.157894737,3689200.68922306,0,2258390.97744361,0,2258390.97744361,5072527.81954887,15241690.9774436,869690.22556391,21183909.0225564,22299153.9895664,139906.345601504,285585.284097744,425491.629699248,7973574.9609349,25463996.3863735,27588846.3433584,2683882.60714286,30272728.9505013,17490421.4254386,47763150.3759399,0,7043.60902255639,704.511278195489,7748.12030075188,7748.12030075188,0,47763150.3759399,0,0,0,0,0,0,2.18045112781955,2.18045112781955,0,0,0,0,0,0,263.90977443609,221.804511278196,42.1052631578947,1175.18796992481,797.744360902256,377.443609022556,74.4360902255639,0,1513.53383458647,0,3.7593984962406,0,1.50375939849624,0,0,0,21.0526315789474,0,317.293233082707,563.90977443609,7.5187969924812,0,0,497.744360902256,0,3.7593984962406,46.6165413533835,0,0,50.3759398496241,0,0,0,0,0,0,0,0,0,0,0,0,0,0,0,0,0,0,0,17.8
3,0,0,0,0,0,98600,0,0,0,0,278470,33,2,411291,5,0.46,0,0.46,0,0,0.46,0,0.46,0,0,0,0,0,0,0,0.33,0,0.33,0,0,0.33,0,0.33,0,0,0,0,0,0,0,15,2,1333.33333333333,1142636.36363636,298787.878787879,843848.484848485,0,0,0,0,0,298787.878787879,0,0,0,0,843848.484848485,1413121.21212121,467727.272727273,0,0,0,0,0,118393.939393939,586138.396464646,1446388.86363636,2032527.26010101,1003609.09090909,3640818.18181818,0,3640818.18181818,7332233.33333333,0,0,7332233.33333333,6589306.13888889,310510.471351704,127260.462272727,437770.933624432,11410822.4487759,30793299.9217172,13921539.4722222,4078589.11544261,18000128.5876648,19382477.4729412,37382606.0606061,2254.54545454545,0,15.1515151515152,15.1515151515152,871.878787878788,37290181.8181818,92424.2424242424,0,0,0,0,0,0,9.39393939393939,9.39393939393939,0,0,0,0,5363.63636363636,5363.63636363636,415.151515151515,200,215.151515151515,0,0,0,118.181818181818,0,533.333333333333,0,0,0,30.3030303030303,0,0,0,54.5454545454545,0,21.2121212121212,218.181818181818,21.2121212121212,0,0,39.3939393939394,0,0,96.969696969697,0,0,51.5151515151515,0,0,0,0,0,0,0,0,0,0,0,0,0,0,0,0,0,0,0,17.4705882352941
3,0,0,0,0,51000,156600,1130470,0,0,0,85350,33,3,411291,5,0.52,0.52,0,0,0,0.52,0.52,0,0,0,0,0,0,0,0,0.52,0.52,0,0,0,0.52,0.52,0,0,0,0,0,0,0,0,8.5,1,1057.69230769231,2737346.15384615,399230.769230769,2338115.38461538,0,0,0,0,98076.9230769231,301153.846153846,2173980.76923077,0,0,0,164134.615384615,1758038.46153846,484115.384615385,0,0,0,0,0,0,1814595.59294872,2962661.53846154,4777257.13141026,0,2310500,0,2310500,23216509.6153846,2005328.84615385,72534.6153846154,25294373.0769231,12179144.0336333,324026.030985577,367827.557884615,691853.588870192,26285630.7635702,62326913.6586744,35462421.2083333,3002353.58887019,38464774.7972035,36041282.8951042,74506057.6923077,4436.53846153846,1301.92307692308,0,1301.92307692308,2987.80769230769,58739769.2307692,15766288.4615385,0,0,0,0,0,173.076923076923,208.269230769231,381.346153846154,12880.7692307692,0,0,0,1134.61538461538,14015.3846153846,1548.07692307692,815.384615384615,732.692307692308,157.692307692308,57.6923076923077,100,167.307692307692,0,1873.07692307692,0,5.76923076923077,0,0,0,0,0,146.153846153846,0,563.461538461538,696.153846153846,71.1538461538461,0,0,161.538461538462,0,0,100,0,0,21.1538461538462,0,0,0,0,107.692307692308,0,0,0,0,0,0,0,0,0,0,0,0,0,0,12.8823529411765
3,0,0,0,10500,0,0,0,0,0,0,0,99,1,403205,6,0.25,0,0.25,0,0,0.25,0,0.25,0,0,0,0,0,0,0,0.17,0,0.17,0,0,0.17,0,0.17,0,0,0,0,0,0,0,24,2,576.470588235294,61764.7058823529,61764.7058823529,0,0,0,0,61764.7058823529,0,0,0,0,0,0,0,1500235.29411765,540823.529411765,0,0,0,0,0,31352.9411764706,876074.264705882,75412.0216718266,951486.286377709,1681536.76470588,3121411.76470588,0,3121411.76470588,5387964.70588235,619552.941176471,0,6007517.64705882,5789957.4628483,379669.824988746,98921.5835294118,478591.408518158,8987967.87910639,16840866.0665635,11177922.1687307,3600003.17322404,14777925.3419547,7852898.18745708,22630823.5294118,23.5294117647059,1647.05882352941,111.764705882353,1758.82352941176,1767.76470588235,200470.588235294,22430352.9411765,0,0,0,0,117.647058823529,0,0,117.647058823529,0,0,0,0,0,0,288.235294117647,211.764705882353,76.4705882352941,47.0588235294118,23.5294117647059,23.5294117647059,82.3529411764706,0,417.647058823529,0,5.88235294117647,0,0,0,0,0,141.176470588235,0,47.0588235294118,94.1176470588235,5.88235294117647,0,0,0,0,0,47.0588235294118,0,0,76.4705882352941,0,0,0,0,0,0,0,0,0,0,0,0,0,0,0,0,0,0,0,26.95
3,0,0,0,110130,0,166940,0,0,132150,0,0,37,3,394684,6,0.82,0.82,0,0,0,0.82,0.82,0,0,0,0,0,0,0,0,0.82,0.82,0,0,0,0.82,0.82,0,0,0,0,0,0,0,0,25.5,2,463.414634146341,499048.780487805,337890.243902439,161158.536585366,0,0,0,134304.87804878,0,203585.365853659,0,0,161158.536585366,0,0,1032463.41463415,1860243.90243902,0,0,0,0,0,31060.9756097561,624214.715447154,16461.9704749679,640676.685922122,0,2014658.53658537,0,2014658.53658537,14905241.4634146,1542401.2195122,30664.6341463415,16478307.3170732,6003454.59853521,69148.9381554878,241798.661341463,310947.599496951,17258636.6137131,22387886.8648794,20936485.076166,2325606.13608232,23262091.2122483,5129250.25116629,28391341.4634146,0,3998.78048780488,0,3998.78048780488,3998.78048780488,0,28391341.4634146,0,0,0,0,263.414634146341,0,12.9268292682927,276.341463414634,0,0,1715.85365853659,0,0,1715.85365853659,857.317073170732,563.414634146341,293.90243902439,56.0975609756098,29.2682926829268,26.8292682926829,200,42.6829268292683,1156.09756097561,0,10.9756097560976,0,0,0,0,0,128.048780487805,0,24.390243902439,224.390243902439,36.5853658536585,0,0,492.682926829268,0,56.0975609756098,108.536585365854,0,0,71.9512195121951,0,0,0,0,2.4390243902439,0,0,0,0,0,0,0,0,0,0,0,0,0,0,15.2564102564103
3,0,0,0,15710,0,0,122210,0,0,0,0,99,1,403205,6,0.18,0.18,0,0,0,0.18,0.18,0,0,0,0,0,0,0,0,0.1,0.1,0,0,0,0.1,0.1,0,0,0,0,0,0,0,0,7,2,800,1379200,157100,1222100,0,0,0,157100,0,0,1222100,0,0,0,0,203200,97400,0,0,0,0,0,27700,1839626.29166667,87935.1,1927561.39166667,0,1001200,0,1001200,3020830,0,0,3020830,4038266.39166667,361853.553065625,57449.2095,419302.762565625,4441332.76256562,1128333.60833333,7059096.39166667,1420502.76256562,8479599.15423229,-3312999.15423229,5166600,520,0,0,0,197.6,5166600,0,0,0,0,0,390,0,0,390,8930,0,0,0,0,8930,230,140,90,0,0,0,0,0,230,0,0,0,20,0,0,0,10,0,0,60,80,0,0,0,0,0,60,0,0,0,0,0,0,0,0,0,0,0,0,0,0,0,0,0,0,0,0,0,0,26.95
3,0,0,0,1668680,0,288980,0,0,0,0,0,33,4,411291,6,1.38,0,1.38,0,0,1.38,0,1.38,0,0,0,0,0,0,0,1.04,0,1.04,0,0,1.04,0,1.04,0,0,0,0,0,0,0,27,2,1201.92307692308,1882365.38461538,1882365.38461538,0,0,0,0,1604500,0,277865.384615385,0,0,0,0,0,1395028.84615385,356788.461538462,0,0,0,0,0,61480.7692307692,1006184.8036859,1877591.45432692,2883776.25801282,139181.169871795,4996500,0,4996500,2669629.80769231,0,0,2669629.80769231,7129911.88942308,145937.468682692,77338.3132211538,223275.781903846,7889405.58959615,3191049.64903846,9799541.69711538,5219775.78190385,15019317.4790192,-4698355.94055769,10320961.5384615,524.038461538462,0,20.1923076923077,20.1923076923077,219.326923076923,10197788.4615385,123173.076923077,0,0,0,0,3776.92307692308,0,10.7692307692308,3787.69230769231,0,0,0,0,0,0,127.884615384615,75,52.8846153846154,0,0,0,57.6923076923077,0,185.576923076923,0,0,0,11.5384615384615,0,0,0,19.2307692307692,0,3.84615384615385,46.1538461538462,24.0384615384615,0,0,28.8461538461538,0,0,28.8461538461538,0,0,23.0769230769231,0,0,0,0,0,0,0,0,0,0,0,0,0,0,0,0,0,0,0,16.4
3,0,0,0,215950,0,0,555050,0,0,0,0,38,3,370532,6,0.55,0,0.55,0,0,0.55,0,0.55,0,0,0,0,0,0,0,0.55,0,0.55,0,0,0.55,0,0.55,0,0,0,0,0,0,0,23,1,454.545454545455,1401818.18181818,392636.363636364,1009181.81818182,0,0,0,392636.363636364,0,0,1009181.81818182,0,0,0,0,563381.818181818,1174200,0,0,0,0,0,9690.90909090909,2979531.84848485,23608.3370547581,3003140.18553961,0,327672.727272727,0,327672.727272727,12032052.7272727,1721661.81818182,0,13753714.5454545,8244424.91281233,149564.017446244,205369.086272727,354933.103718971,12714658.5582644,11746738.7235513,20276477.6400851,682605.830991698,20959083.4710768,-967919.834713124,19991163.6363636,0,1703.63636363636,378.181818181818,2081.81818181818,2081.81818181818,0,19991163.6363636,0,0,0,0,714.545454545455,0,0,714.545454545455,2434.54545454545,0,0,0,0,2434.54545454545,623.636363636364,421.818181818182,201.818181818182,136.363636363636,50.9090909090909,85.4545454545455,207.272727272727,0,967.272727272727,0,14.5454545454545,0,0,0,0,0,32.7272727272727,0,0,427.272727272727,47.2727272727273,0,0,209.090909090909,0,0,23.6363636363636,0,0,212.727272727273,0,0,0,0,0,0,0,0,0,0,0,0,0,0,0,0,0,0,0,10.8461538461538
3,0,0,0,22090,0,0,111010,0,0,0,0,37,1,394684,6,0.18,0,0.18,0,0,0.05,0,0.05,0,0,0.13,0,0.13,0,0,0.18,0,0.18,0,0,0.05,0,0.05,0,0,0.13,0,0.13,0,0,9,2,527.777777777778,739444.444444444,122722.222222222,616722.222222222,0,0,0,122722.222222222,0,0,616722.222222222,0,0,0,0,1325388.88888889,542055.555555556,0,0,1524055.55555556,0,0,39444.4444444444,1296095.23148148,247478.289473684,1543573.52095517,1736986.11111111,834333.333333333,2465388.88888889,3299722.22222222,12000233.3333333,0,0,12000233.3333333,10311021.4098441,522918.857557895,196473.06,719391.917557895,13553958.5842246,-5078243.63206628,19845865.8542885,4019114.13978012,23864979.9940686,-18632202.2162908,5232777.77777778,0,783.333333333333,88.8888888888889,872.222222222222,872.222222222222,0,5232777.77777778,0,0,0,0,161.111111111111,0,0,161.111111111111,3844.44444444444,0,0,0,0,3844.44444444444,722.222222222222,572.222222222222,150,0,0,0,105.555555555556,0,827.777777777778,0,5.55555555555556,0,0,0,0,0,55.5555555555556,0,122.222222222222,177.777777777778,33.3333333333333,0,0,266.666666666667,0,5.55555555555556,72.2222222222222,0,0,88.8888888888889,0,0,0,0,0,0,0,0,0,0,0,0,0,0,0,0,0,0,0,37.6818181818182
3,0,0,0,234840,0,34000,0,0,0,0,78690,38,3,370532,6,0.54,0,0.54,0,0,0.4,0,0.4,0,0,0.14,0,0.14,0,0,0.54,0,0.54,0,0,0.4,0,0.4,0,0,0.14,0,0.14,0,0,23.2,2,759.259259259259,643574.074074074,497851.851851852,145722.222222222,0,0,0,434888.888888889,0,62962.962962963,0,0,0,0,145722.222222222,1837259.25925926,1637796.2962963,51537.037037037,42111.1111111111,0,0,0,0,480513.117283951,37790.378644602,518303.495928553,0,741629.62962963,365259.259259259,1106888.88888889,13579109.2592593,504794.444444444,0,14083903.7037037,5971166.97741003,83550.4075214362,222298.605,305849.012521436,14626587.9014103,26019999.6892566,19185016.97741,1412737.90141032,20597754.8788204,11393411.7878463,31991166.6666667,0,2890.74074074074,1542.59259259259,4433.33333333333,4433.33333333333,0,31991166.6666667,0,0,0,0,837.037037037037,0,4.44444444444444,841.481481481481,0,0,0,0,818.518518518518,818.518518518518,827.777777777778,524.074074074074,303.703703703704,40.7407407407407,12.962962962963,27.7777777777778,138.888888888889,0,1007.40740740741,0,20.3703703703704,0,0,0,0,0,112.962962962963,0,79.6296296296296,468.518518518518,33.3333333333333,0,0,122.222222222222,0,66.6666666666667,29.6296296296296,0,0,55.5555555555556,0,0,0,18.5185185185185,0,0,0,0,0,0,0,0,0,0,0,0,0,0,0,10.8461538461538
3,0,0,0,23560,0,0,81480,0,0,0,0,38,4,370532,6,1.02,0,1.02,0,0,0,0,0,0,0,1.02,0,1.02,0,0,1.02,0,1.02,0,0,0,0,0,0,0,1.02,0,1.02,0,0,34.3333333333333,2,931.372549019608,102980.392156863,23098.0392156863,79882.3529411765,0,0,0,23098.0392156863,0,0,79882.3529411765,0,0,0,0,333666.666666667,1113872.54901961,0,0,0,0,0,17411.7647058824,1206820.85375817,11895.3236440775,1218716.17740225,0,0,870137.254901961,870137.254901961,10117549.0196078,587838.235294118,0,10705387.254902,4615155.04014734,130211.427833446,149120.821323529,279332.249156976,10396881.2687648,11437511.6265193,13862566.8048532,1149469.50405894,15012036.3089122,1040630.3577545,16052666.6666667,0,2041.17647058824,2550.98039215686,4592.1568627451,4592.1568627451,0,16052666.6666667,0,0,0,0,38.2352941176471,0,0,38.2352941176471,175.490196078431,0,0,0,0,175.490196078431,617.647058823529,322.549019607843,295.098039215686,46.078431372549,18.6274509803922,27.4509803921569,127.450980392157,0,791.176470588235,0,14.7058823529412,0,0,0,0,0,27.4509803921569,0,0,163.725490196078,2.94117647058824,0,0,253.921568627451,0,0,94.1176470588235,0,0,234.313725490196,0,0,0,0,0,0,0,0,0,0,0,0,0,0,0,0,0,0,0,10.8461538461538
3,0,0,0,25520,0,11560,178230,0,198220,0,80020,37,1,394684,6,0.2,0,0,0,0.2,0.2,0,0,0,0.2,0,0,0,0,0,0.2,0,0,0,0.2,0.2,0,0,0,0.2,0,0,0,0,0,9.5,2,1000,2467750,185400,2282350,0,0,0,127600,0,57800,891150,0,991100,0,400100,4145200,559850,0,0,0,0,0,163350,5597657,102591,5700248,1563287.5,2337850,0,2337850,9780650,0,0,9780650,14994369.5,892120.28821875,207969.12,1100089.40821875,13218589.4082187,-9536169.5,24775019.5,3437939.40821875,28212958.9082187,-22754758.9082187,5458200,220,730,50,780,863.6,1071400,4386800,0,0,0,0,195,0,85,280,5580,0,17590,0,2210,25380,580,495,85,0,0,0,85,0,665,0,5,0,0,0,0,0,35,0,70,125,85,0,0,255,0,0,60,0,0,30,0,0,0,0,0,0,0,0,0,0,0,0,0,0,0,0,0,0,0,37.6818181818182
3,0,0,0,271890,0,19040,0,0,0,0,405440,38,4,370532,6,1.32,0.26,1.06,0,0,0.59,0.26,0.33,0,0,0.73,0,0.73,0,0,1.32,0.26,1.06,0,0,0.59,0.26,0.33,0,0,0.73,0,0.73,0,0,25.2857142857143,2,803.030303030303,527553.03030303,220401.515151515,307151.515151515,0,0,0,205977.272727273,0,14424.2424242424,0,0,0,0,307151.515151515,1089477.27272727,1186196.96969697,0,68916.6666666667,0,0,0,0,1858878.49431818,24475.0833333333,1883353.57765151,263659.46969697,273053.03030303,246689.393939394,519742.424242424,10333370.4545455,9129220.45454545,0,19462590.9090909,14765598.8352273,230550.48630767,271367.028409091,501917.514716761,11108340.9995652,6843022.37689394,24852279.8958333,1021659.93895919,25873939.8347925,-4265318.6226713,21608621.2121212,0,3548.48484848485,366.666666666667,3915.15151515152,3915.15151515152,0,21608621.2121212,0,0,0,0,1190.15151515152,0,1.51515151515152,1191.66666666667,0,0,0,0,89.3939393939394,89.3939393939394,632.575757575758,388.636363636364,243.939393939394,1013.63636363636,29.5454545454545,984.090909090909,106.818181818182,0,1753.0303030303,0,31.8181818181818,0,0,0,0,0,46.969696969697,0,110.606060606061,1284.09090909091,26.5151515151515,0,0,109.848484848485,0,31.8181818181818,41.6666666666667,0,0,50.7575757575758,0,0,0,18.9393939393939,0,0,0,0,0,0,0,0,0,0,0,0,0,0,0,10.8461538461538
3,0,0,0,27390,0,56100,0,0,0,0,4590,37,1,394684,5,0.16,0.16,0,0,0,0.16,0.16,0,0,0,0,0,0,0,0,0.16,0.16,0,0,0,0.16,0.16,0,0,0,0,0,0,0,0,22,2,593.75,550500,521812.5,28687.5,0,0,0,171187.5,0,350625,0,0,0,0,28687.5,1463687.5,1677500,0,0,0,0,0,27750,1422796.953125,70306.4144736842,1493103.36759868,0,3128812.5,0,3128812.5,19602400,1151981.25,0,20754381.25,6759206.11759868,185015.505778557,297356.8978125,482372.403591057,23213584.9035911,35674981.3824013,26361606.1175987,3611184.90359106,29972791.0211897,12461396.4788103,42434187.5,0,5856.25,293.75,6150,6150,0,42434187.5,0,0,0,0,368.75,0,15,383.75,0,0,0,0,181.25,181.25,1368.75,875,493.75,87.5,43.75,43.75,68.75,0,1525,0,37.5,0,0,0,0,0,68.75,0,75,587.5,43.75,0,0,62.5,0,100,400,0,0,137.5,0,0,0,0,12.5,0,0,0,0,0,0,0,0,0,0,0,0,0,0,37.6818181818182
3,0,0,0,29450,0,0,387010,0,0,0,0,99,2,403205,6,0.4,0,0,0.4,0,0,0,0,0,0,0.4,0,0,0.4,0,0.4,0,0,0.4,0,0,0,0,0,0,0.4,0,0,0.4,0,14,2,750,1041150,73625,967525,0,0,0,73625,0,0,967525,0,0,0,0,78750,71125,0,0,0,0,0,0,155544.40625,7327.95,162872.35625,471436.25,0,2465425,2465425,982860,0,0,982860,4693963.60625,88505.9816070938,26412.70275,114918.684357094,1097778.68435709,3091261.39375,3211398.60625,2580343.68435709,5791742.29060709,1993482.70939291,7785225,0,457.5,400,857.5,857.5,0,7785225,0,0,0,0,147.5,0,0,147.5,5582.5,0,0,0,0,5582.5,32.5,30,2.5,0,0,0,30,0,62.5,0,0,0,0,0,0,0,10,0,0,0,12.5,0,0,10,0,0,5,0,0,25,0,0,0,0,0,0,0,0,0,0,0,0,0,0,0,0,0,0,0,19.7777777777778
3,0,0,0,29450,0,135310,0,0,0,0,0,33,2,411291,5,0.4,0,0.4,0,0,0.4,0,0.4,0,0,0,0,0,0,0,0.4,0,0.4,0,0,0.4,0,0.4,0,0,0,0,0,0,0,17,2,1400,411900,411900,0,0,0,0,73625,0,338275,0,0,0,0,0,1993850,1042575,0,0,0,0,0,57725,1620976.51041667,1394216.625,3015193.13541667,215040.416666667,2002400,0,2002400,6147160,1492842.5,298600,7938602.5,8698762.9453602,237939.709591406,139052.527875,376992.237466406,8766806.34418954,30208162.0546398,15086177.0520833,2379392.23746641,17465569.2895497,21441355.7104503,38906925,2622.5,1300,130,1430,2426.55,25516925,13390000,0,0,0,0,50,0,15.5,65.5,0,0,0,0,0,0,295,280,15,130,37.5,92.5,105,0,530,0,12.5,0,20,0,0,0,42.5,0,20,230,27.5,0,0,45,0,0,82.5,0,0,50,0,0,0,0,0,0,0,0,0,0,0,0,0,0,0,0,0,0,0,17.4705882352941
3,0,0,0,30040,0,34000,0,0,0,0,33930,37,1,394684,6,0.24,0.11,0.13,0,0,0.24,0.11,0.13,0,0,0,0,0,0,0,0.24,0.11,0.13,0,0,0.24,0.11,0.13,0,0,0,0,0,0,0,23.5,2,1250,408208.333333333,266833.333333333,141375,0,0,0,125166.666666667,0,141666.666666667,0,0,0,0,141375,1574750,2212375,0,0,0,0,0,53291.6666666667,1105654.32291667,14061.1293859649,1119715.45230263,125457.291666667,2836791.66666667,0,2836791.66666667,21940512.5,7717270.83333333,0,29657783.3333333,13605752.5773026,157765.683527467,411962.86125,569728.544777467,25347032.7114441,20013164.089364,35546265.0773026,3406520.21144413,38952785.2887468,-5333868.6220801,33618916.6666667,0,5204.16666666667,0,5204.16666666667,5204.16666666667,0,33618916.6666667,0,0,0,0,245.833333333333,0,8.33333333333333,254.166666666667,0,0,0,0,3687.5,3687.5,1479.16666666667,983.333333333333,495.833333333333,525,495.833333333333,29.1666666666667,116.666666666667,0,2120.83333333333,0,33.3333333333333,0,0,0,0,0,125,0,41.6666666666667,516.666666666667,100,0,0,983.333333333333,0,112.5,104.166666666667,0,0,95.8333333333333,0,0,0,0,8.33333333333333,0,0,0,0,0,0,0,0,0,0,0,0,0,0,37.6818181818182
3,0,0,0,309190,0,146870,101840,0,0,0,0,37,2,394684,5,0.48,0,0.48,0,0,0.48,0,0.48,0,0,0,0,0,0,0,0.48,0,0.48,0,0,0.48,0,0.48,0,0,0,0,0,0,0,27.6666666666667,2,583.333333333333,1162291.66666667,950125,212166.666666667,0,0,0,644145.833333333,0,305979.166666667,212166.666666667,0,0,0,0,3155875,3151187.5,0,0,0,0,0,29604.1666666667,661456.944444444,56995,718451.944444444,677448.958333333,2920208.33333333,0,2920208.33333333,15390491.6666667,14736627.0833333,942952.083333333,31070070.8333333,24487413.6704879,97327.528425,468613.704375,565941.2328,19358349.9650898,357763336.329512,40359614.0694444,3486149.56613333,43845763.6355778,338404986.364422,382250750,0,56379.1666666667,0,56379.1666666667,56379.1666666667,0,382250750,0,0,0,0,1229.16666666667,0,10.4166666666667,1239.58333333333,6977.08333333333,0,0,0,0,6977.08333333333,950,497.916666666667,452.083333333333,1102.08333333333,664.583333333333,437.5,179.166666666667,27.0833333333333,2258.33333333333,0,100,0,0,0,0,0,39.5833333333333,0,0,993.75,43.75,0,0,650,0,52.0833333333333,264.583333333333,0,0,114.583333333333,0,0,0,0,0,0,0,0,0,0,0,0,0,0,0,0,0,0,0,39.25
3,0,0,0,323910,0,28560,0,0,0,0,472920,38,3,370532,6,0.96,0,0.96,0,0,0.96,0,0.96,0,0,0,0,0,0,0,0.96,0,0.96,0,0,0.96,0,0.96,0,0,0,0,0,0,0,20.5,2,822.916666666667,859781.25,367156.25,492625,0,0,0,337406.25,0,29750,0,0,0,0,492625,1230822.91666667,2731729.16666667,0,47385.4166666667,0,0,0,0,1708533.32465278,33279.767403882,1741813.09205666,301077.083333333,584031.25,0,584031.25,10100983.3333333,8680310.41666667,0,18781293.75,15963451.3420567,130028.333269646,287359.801875,417388.135144646,11102402.718478,15848902.82461,26064434.67539,1001419.38514465,27065854.0605346,4746500.10613202,31812354.1666667,0,4879.16666666667,113.541666666667,4992.70833333333,4992.70833333333,0,31812354.1666667,0,0,0,0,613.541666666667,0,1.875,615.416666666667,0,0,0,0,2765.625,2765.625,656.25,339.583333333333,316.666666666667,933.333333333333,69.7916666666667,863.541666666667,93.75,0,1683.33333333333,0,26.0416666666667,0,0,0,0,0,50,0,456.25,858.333333333333,29.1666666666667,0,0,87.5,0,67.7083333333333,38.5416666666667,0,0,48.9583333333333,0,0,0,20.8333333333333,0,0,0,0,0,0,0,0,0,0,0,0,0,0,0,10.8461538461538
3,0,0,0,370050,0,292390,0,0,0,0,141370,37,4,394684,6,0.99,0.53,0.46,0,0,0.99,0.53,0.46,0,0,0,0,0,0,0,0.99,0.53,0.46,0,0,0.99,0.53,0.46,0,0,0,0,0,0,0,16.3333333333333,2,878.787878787879,811929.292929293,669131.313131313,142797.97979798,0,0,0,373787.878787879,0,295343.434343434,0,0,0,0,142797.97979798,1239515.15151515,1272606.06060606,0,0,15949.4949494949,0,0,28343.4343434343,486443.468013468,46345.9165337586,532789.384547227,205277.356902357,2144040.4040404,0,2144040.4040404,14530864.6464646,1706803.03030303,38098.9898989899,16275766.6666667,6211901.93588271,102593.204897297,238675.937727273,341269.142624569,17050268.4532419,19541734.4277537,20776860.8424597,2485309.54666497,23262170.3891247,2491465.97451171,25753636.3636364,0,3627.27272727273,0,3627.27272727273,3627.27272727273,0,25753636.3636364,0,0,0,0,693.939393939394,0,17.4747474747475,711.414141414141,0,0,0,0,3724.24242424242,3724.24242424242,870.707070707071,483.838383838384,386.868686868687,52.5252525252525,30.3030303030303,22.2222222222222,190.909090909091,53.5353535353535,1167.67676767677,0,20.2020202020202,0,14.1414141414141,0,0,0,121.212121212121,0,25.2525252525253,219.191919191919,67.6767676767677,0,0,418.181818181818,0,62.6262626262626,146.464646464646,0,0,69.6969696969697,0,0,0,0,3.03030303030303,0,0,0,0,0,0,0,0,0,0,0,0,0,0,17.8
3,0,0,0,39260,0,52360,0,0,165190,0,0,37,3,394684,5,0.56,0,0.56,0,0,0.16,0,0.16,0,0,0.4,0,0.4,0,0,0.56,0,0.56,0,0,0.16,0,0.16,0,0,0.4,0,0.4,0,0,31,2,750,458589.285714286,163607.142857143,294982.142857143,0,0,0,70107.1428571429,0,93500,0,0,294982.142857143,0,0,808446.428571429,1674750,0,0,0,0,0,39321.4285714286,5546311.75595238,107572.705827068,5653884.46177945,0,715142.857142857,1408785.71428571,2123928.57142857,16128482.1428571,2959458.92857143,336767.857142857,19424708.9285714,13450133.8748278,293528.252071924,272230.665267857,565758.917339781,17693938.1471486,29196312.5537437,28454384.533208,2689687.48876835,31144072.0219764,11502374.4065951,42646446.4285714,0,6133.92857142857,975,7108.92857142857,7108.92857142857,0,42646446.4285714,0,0,0,0,175,0,3.03571428571429,178.035714285714,0,0,3141.07142857143,0,0,3141.07142857143,1021.42857142857,591.071428571429,430.357142857143,191.071428571429,125,66.0714285714286,148.214285714286,0,1360.71428571429,0,5.35714285714286,0,3.57142857142857,0,0,0,41.0714285714286,0,341.071428571429,407.142857142857,23.2142857142857,0,0,378.571428571429,0,0,57.1428571428571,0,0,103.571428571429,0,0,0,0,0,0,0,0,0,0,0,0,0,0,0,0,0,0,0,15.2564102564103
3,0,0,0,392630,0,81600,0,0,99110,0,0,37,4,394684,6,1.4,0.2,1.2,0,0,1.4,0.2,1.2,0,0,0,0,0,0,0,1.4,0.2,1.2,0,0,1.4,0.2,1.2,0,0,0,0,0,0,0,29.75,1,892.857142857143,409528.571428571,338735.714285714,70792.8571428571,0,0,0,280450,0,58285.7142857143,0,0,70792.8571428571,0,0,516271.428571429,1095014.28571429,0,0,0,0,0,32985.7142857143,3273490.17857143,67172.6785714286,3340662.85714286,827110.119047619,2431542.85714286,0,2431542.85714286,7297217.85714286,3190374.28571429,368200,10855792.1428571,9918639.4136329,209273.243504464,156851.544535714,366124.788040179,10351077.3505978,20803210.5863671,17472049.1190476,2797667.64518304,20269716.7642306,10452133.2357693,30721850,3610,1642.85714285714,256.428571428571,1899.28571428571,3271.08571428571,19313500,11408350,0,0,0,0,701.428571428571,0,1.07142857142857,702.5,0,0,627.857142857143,0,0,627.857142857143,450.714285714286,255,195.714285714286,203.571428571429,137.857142857143,65.7142857142857,78.5714285714286,0,732.857142857143,0,2.85714285714286,0,2.85714285714286,0,0,0,23.5714285714286,0,145,248.571428571429,21.4285714285714,0,0,212.857142857143,0,0,20.7142857142857,0,0,55,0,0,0,0,0,0,0,0,0,0,0,0,0,0,0,0,0,0,0,17.8
3,0,0,0,403420,0,312780,2034850,0,0,0,0,99,3,403205,5,0.67,0.67,0,0,0,0.67,0.67,0,0,0,0,0,0,0,0,0.67,0.67,0,0,0,0.67,0.67,0,0,0,0,0,0,0,0,6.75,2,2671.64179104478,4106044.7761194,1068955.2238806,3037089.55223881,0,0,0,602119.402985075,0,466835.820895522,3037089.55223881,0,0,0,0,1076656.71641791,160074.626865672,4079477.6119403,32268.6567164179,0,0,0,0,31993.1343283582,929661.940298507,961655.074626866,81481.4676616916,5977432.8358209,0,5977432.8358209,20934450.7462687,8199649.25373134,966408.955223881,30100508.9552239,19372504.2347213,-44717.2578067164,480593.630820895,435876.373014179,28042177.8596859,81013853.9742339,41001372.8855721,6413309.20883507,47414682.0944072,52971676.114548,100386358.208955,12886.5671641791,0,0,0,4896.89552238806,100386358.208955,0,0,0,0,0,702.985074626866,0,77.7611940298507,780.746268656716,17995.5223880597,0,0,0,0,17995.5223880597,1525.37313432836,953.731343283582,571.641791044776,726.865671641791,134.328358208955,592.537313432836,17.910447761194,0,2270.14925373134,0,0,0,61.1940298507463,0,0,0,17.910447761194,0,883.582089552239,822.388059701492,73.1343283582089,0,0,286.567164179104,0,0,125.373134328358,0,0,0,0,0,0,0,0,0,0,0,0,0,0,0,0,0,0,0,0,0,0,12.6
3,0,0,0,44170,0,4080,0,0,0,0,12000,99,1,403205,6,0.65,0.65,0,0,0,0.65,0.65,0,0,0,0,0,0,0,0,0.4,0.4,0,0,0,0.4,0.4,0,0,0,0,0,0,0,0,2,2,1800,150625,120625,30000,0,0,0,110425,0,10200,0,0,0,0,30000,267225,75025,0,28425,0,0,0,62150,1756881.71875,5862345,7619226.71875,0,2903550,0,2903550,18583307.5,0,0,18583307.5,8605881.71875,370393.151392969,232876.103625,603269.255017969,22090126.755018,18196068.28125,27189189.21875,3506819.25501797,30696008.473768,-3894058.47376797,26801950,2622.5,0,0,0,996.55,26801950,0,0,0,0,0,110,0,0.25,110.25,0,0,0,0,82.5,82.5,1280,1020,260,0,0,0,27.5,0,1307.5,0,5,0,30,0,0,0,37.5,0,125,382.5,15,0,0,482.5,0,0,225,0,0,0,0,0,0,0,0,5,0,0,0,0,0,0,0,0,0,0,0,0,0,26.95
3,0,0,0,471160,0,71400,162950,0,0,0,0,37,3,394684,5,0.93,0.5,0.43,0,0,0.93,0.5,0.43,0,0,0,0,0,0,0,0.93,0.5,0.43,0,0,0.93,0.5,0.43,0,0,0,0,0,0,0,29.75,2,462.365591397849,758612.903225806,583397.849462366,175215.053763441,0,0,0,506623.655913978,0,76774.1935483871,175215.053763441,0,0,0,0,519473.11827957,1116397.84946237,0,0,0,0,0,26731.1827956989,3298505.72132616,78670.5178268251,3377176.23915299,0,2260817.20430108,0,2260817.20430108,12544763.4408602,7312009.67741935,0,19856773.1182796,13505084.9703358,360570.321340556,270677.556290323,631247.877630878,15436828.5227922,30844130.0834277,26049848.411196,2892065.08193195,28941913.493128,15407301.5606355,44349215.0537634,0,6379.56989247312,167.741935483871,6547.31182795699,6547.31182795699,0,44349215.0537634,0,0,0,0,1266.66666666667,0,3.97849462365591,1270.64516129032,1801.0752688172,0,0,0,0,1801.0752688172,775.268817204301,505.376344086022,269.89247311828,555.913978494624,276.344086021505,279.569892473118,111.827956989247,0,1443.01075268817,0,5.37634408602151,0,4.3010752688172,0,0,0,33.3333333333333,0,740.860215053763,419.354838709677,24.7311827956989,0,0,103.225806451613,0,0,37.6344086021505,0,0,74.1935483870968,0,0,0,0,0,0,0,0,0,0,0,0,0,0,0,0,0,0,0,15.2564102564103
3,0,0,0,49080,0,6800,0,0,0,0,0,99,2,403205,6,0.49,0.19,0.25,0,0.05,0.49,0.19,0.25,0,0.05,0,0,0,0,0,0.46,0.19,0.22,0,0.05,0.46,0.19,0.22,0,0.05,0,0,0,0,0,13.8,2,760.869565217391,121478.260869565,121478.260869565,0,0,0,0,106695.652173913,0,14782.6086956522,0,0,0,0,0,451260.869565217,114173.913043478,0,0,0,0,0,92652.1739130435,513184.347826087,3838610.6201373,4351794.96796339,484992.934782609,2894847.82608696,0,2894847.82608696,6937017.39130435,0,0,6937017.39130435,6019558.1201373,602152.498942569,93756.4786956522,695908.977638221,10527774.1950295,2369246.22768879,12956575.5114416,3590756.80372518,16547332.3151668,-8158527.96734074,8388804.34782609,700,45.6521739130435,0,45.6521739130435,311.652173913043,7867000,521804.347826087,0,0,0,0,213.04347826087,0,1.08695652173913,214.130434782609,0,0,0,0,0,0,456.521739130435,308.695652173913,147.826086956522,0,0,0,41.304347826087,0,497.826086956522,0,0,0,8.69565217391304,0,0,0,78.2608695652174,4.34782608695652,26.0869565217391,145.652173913043,6.52173913043478,0,0,73.9130434782609,0,0,121.739130434783,0,0,32.6086956521739,0,0,0,0,0,0,0,0,0,0,0,0,0,0,0,0,0,0,0,19.7777777777778
3,0,0,0,549680,1340830,868290,1120290,445650,0,0,133370,99,4,403205,6,1.48,1.48,0,0,0,1.09,1.09,0,0,0,0.39,0.39,0,0,0,1.48,1.48,0,0,0,1.09,1.09,0,0,0,0.39,0.39,0,0,0,5.57142857142857,2,2331.08108108108,3012236.48648649,1864054.05405405,1148182.43243243,0,0,0,371405.405405405,905966.216216216,586682.432432432,756952.702702703,301114.864864865,0,0,90114.8648648649,1137493.24324324,273750,949587.837837838,47898.6486486486,0,0,0,0,613812.837837838,410957.77027027,1024770.60810811,19110.6418918919,5547317.56756757,1932351.35135135,7479668.91891892,9696284.45945946,2138277.7027027,305822.972972973,12140385.1351351,10993937.8478912,68720.414366554,213370.418918919,282090.833285473,15776259.5056646,20644399.9899467,19008437.6013514,7761759.75220439,26770197.3535557,4868140.48428209,31638337.8378378,3825.67567567568,0,0,0,1453.75675675676,31638337.8378378,0,0,0,0,0,358.108108108108,1133.78378378378,157.635135135135,1649.52702702703,829.72972972973,2242.56756756757,0,0,298.648648648649,3370.94594594595,621.621621621622,470.945945945946,150.675675675676,174.324324324324,33.1081081081081,141.216216216216,57.4324324324324,6.75675675675676,860.135135135135,0,0,0,49.3243243243243,0,12.1621621621622,0,57.4324324324324,6.08108108108108,166.891891891892,301.351351351351,61.4864864864865,10.1351351351351,0,62.1621621621622,0,18.2432432432432,83.1081081081081,0,0,22.2972972972973,0,0,0,0,0,0,9.45945945945946,0,0,0,0,0,0,0,0,0,0,0,0,12.6
3,0,0,0,61250,40800,41070,0,0,0,0,234730,33,3,411291,6,1.88,0,1.88,0,0,1.85,0,1.85,0,0,0.03,0,0.03,0,0,0.69,0,0.69,0,0,0.66,0,0.66,0,0,0.03,0,0.03,0,0,15,2,753.623188405797,547608.695652174,207420.289855072,340188.405797101,0,0,0,88768.115942029,59130.4347826087,59521.7391304348,0,0,0,0,340188.405797101,1171202.89855072,794579.710144927,0,0,0,0,0,1222478.26086957,1506986.35869565,3568382.82608696,5075369.18478261,0,1958927.53623188,142927.536231884,2101855.07246377,16964573.9130435,2871689.85507246,0,19836263.7681159,12237147.1413043,280198.882836685,286401.42,566600.302836685,19490101.752112,20951490.5398551,29058793.5181159,2668455.37530045,31727248.8934164,1461388.78774302,33188637.6811594,1823.1884057971,452.173913043478,0,452.173913043478,1144.98550724638,26618550.7246377,6570086.95652174,0,0,0,0,143.478260869565,104.347826086957,26.6666666666667,274.492753623188,0,0,0,0,2137.68115942029,2137.68115942029,1124.63768115942,663.768115942029,460.869565217391,279.710144927536,8.69565217391304,271.014492753623,120.289855072464,0,1524.63768115942,0,8.69565217391304,11.5942028985507,111.594202898551,0,0,0,168.115942028986,0,143.478260869565,620.289855072464,34.7826086956522,0,0,257.971014492754,0,18.8405797101449,92.7536231884058,0,0,56.5217391304348,0,0,0,0,0,0,0,0,0,0,0,0,0,0,0,0,0,0,0,12.8823529411765
3,0,0,0,63800,0,0,415020,0,0,0,0,37,1,394684,6,0.69,0,0.69,0,0,0.36,0,0.36,0,0,0.33,0,0.33,0,0,0.13,0,0.13,0,0,0.1,0,0.1,0,0,0.03,0,0.03,0,0,20,2,615.384615384615,3683230.76923077,490769.230769231,3192461.53846154,0,0,0,490769.230769231,0,0,3192461.53846154,0,0,0,0,2965923.07692308,1847615.38461538,0,507384.615384615,1512076.92307692,0,0,204923.076923077,7827834.51923077,98645.1923076923,7926479.71153846,1781467.94871795,2310538.46153846,682692.307692308,2993230.76923077,27388784.6153846,0,0,27388784.6153846,21506477.8141026,1088298.40006298,463035.752307692,1551334.15237067,31250657.2292937,-35862.4294871762,48212570.1217949,4544564.92160144,52757135.0433963,-31286519.6587809,21470615.3846154,1161.53846153846,2400,238.461538461538,2638.46153846154,3079.84615384615,5656692.30769231,15813923.0769231,0,0,0,0,753.846153846154,0,0,753.846153846154,18892.3076923077,0,0,0,0,18892.3076923077,1900,1138.46153846154,761.538461538462,0,0,0,130.769230769231,0,2030.76923076923,0,53.8461538461538,0,0,0,0,0,76.9230769230769,0,123.076923076923,430.769230769231,130.769230769231,0,0,1000,0,0,115.384615384615,0,0,100,0,0,0,0,0,0,0,0,0,0,0,0,0,0,0,0,0,0,0,37.6818181818182
3,0,0,0,63800,0,13600,285160,0,0,0,80020,37,1,394684,6,0.23,0,0.23,0,0,0,0,0,0,0,0.23,0,0.23,0,0,0.23,0,0.23,0,0,0,0,0,0,0,0.23,0,0.23,0,0,17.5,2,995.652173913043,1924260.86956522,336521.739130435,1587739.13043478,0,0,0,277391.304347826,0,59130.4347826087,1239826.08695652,0,0,0,347913.043478261,2906608.69565217,421130.434782609,0,0,446260.869565217,0,0,0,4145407.30072464,176071.510297483,4321478.81102212,241591.304347826,0,1715043.47826087,1715043.47826087,19095973.9130435,977165.217391304,0,20073139.1304348,13348223.6805873,339906.631652531,313122.51,653029.141652531,19749003.054696,7012819.79767353,30729154.1153699,2368072.6199134,33097226.7352833,-12736183.2570225,20361043.4782609,3282.60869565217,543.478260869565,269.565217391304,813.04347826087,2060.4347826087,15986304.3478261,4374739.13043478,0,0,0,0,426.086956521739,0,3.91304347826087,430,7765.21739130435,0,0,0,1921.73913043478,9686.95652173913,1234.78260869565,1039.13043478261,195.652173913043,95.6521739130435,0,95.6521739130435,86.9565217391304,0,1417.39130434783,0,4.34782608695652,0,286.95652173913,0,0,0,73.9130434782609,0,43.4782608695652,443.478260869565,56.5217391304348,0,0,282.608695652174,0,0,160.869565217391,0,0,65.2173913043478,0,0,0,0,0,0,0,0,0,0,0,0,0,0,0,0,0,0,0,37.6818181818182
3,0,0,0,88340,0,0,0,0,0,0,173380,37,3,394684,6,0.59,0.59,0,0,0,0.59,0.59,0,0,0,0,0,0,0,0,0.52,0.52,0,0,0,0.52,0.52,0,0,0,0,0,0,0,0,25,2,673.076923076923,503307.692307692,169884.615384615,333423.076923077,0,0,0,169884.615384615,0,0,0,0,0,0,333423.076923077,533384.615384615,307326.923076923,0,0,0,0,0,191269.230769231,1770503.24519231,0,1770503.24519231,1202528.84615385,1386307.69230769,0,1386307.69230769,16235455.7692308,1873551.92307692,0,18109007.6923077,6776556.47596154,204381.683302284,238678.198269231,443059.881571514,18064823.34311,16505808.9086538,23012012.2451923,1829367.57387921,24841379.8190715,-1559014.43445612,23282365.3846154,0,4003.84615384615,2001.92307692308,6005.76923076923,6005.76923076923,0,23282365.3846154,0,0,0,0,376.923076923077,0,0,376.923076923077,0,0,0,0,2836.53846153846,2836.53846153846,1196.15384615385,617.307692307692,578.846153846154,142.307692307692,71.1538461538461,71.1538461538461,40.3846153846154,0,1378.84615384615,0,38.4615384615385,0,0,0,0,0,75,0,76.9230769230769,450,32.6923076923077,0,0,0,0,0,359.615384615385,0,0,346.153846153846,0,0,0,0,0,0,0,0,0,0,0,0,0,0,0,0,0,0,0,15.2564102564103
3,0,0,28760,176680,0,37400,0,0,0,0,116030,33,2,411291,6,0.4,0,0,0.4,0,0,0,0,0,0,0.4,0,0,0.4,0,0.4,0,0,0.4,0,0,0,0,0,0,0.4,0,0,0.4,0,19,2,1500,897175,607100,290075,0,0,71900,441700,0,93500,0,0,0,0,290075,1334825,536325,0,0,0,0,0,75475,3921999.32291667,5954,3927953.32291667,1364855,0,1232700,1232700,4678122.5,0,0,4678122.5,9780599.32291667,209816.886684375,91391.358375,301208.245059375,4979330.74505937,-8987599.32291667,13226021.8229167,1533908.24505937,14759930.067976,-13966930.067976,793000,0,0,130,130,130,0,793000,0,0,0,177.5,490,0,3.25,670.75,0,0,0,0,1842.5,1842.5,250,250,0,0,0,0,57.5,0,307.5,0,2.5,0,30,0,0,0,40,0,0,7.5,15,0,0,32.5,0,0,140,0,0,40,0,0,0,0,0,0,0,0,0,0,0,0,0,0,0,0,0,0,0,17.4705882352941
3,0,24140,0,535930,0,0,356460,0,0,0,0,37,2,394684,5,0.63,0,0.63,0,0,0.3,0,0.3,0,0,0.33,0,0.33,0,0,0.48,0,0.48,0,0,0.15,0,0.15,0,0,0.33,0,0.33,0,0,32.5,2,572.916666666667,1909437.5,1166812.5,742625,0,50291.6666666667,0,1116520.83333333,0,0,742625,0,0,0,0,1547291.66666667,2020229.16666667,0,0,1315791.66666667,0,0,33291.6666666667,2659097.91666667,84367.5986842105,2743465.51535088,65070,938645.833333333,2054520.83333333,2993166.66666667,15351972.9166667,2341120.83333333,0,17693093.75,14424902.8486842,242629.583482895,297907.4953125,540537.078795395,16831155.8287954,34019388.8179825,27722354.9320175,3533703.74546206,31256058.6774796,17188232.9891871,48444291.6666667,2185.41666666667,6506.25,0,6506.25,7336.70833333333,10642979.1666667,37801312.5,0,0,245.833333333333,0,1716.66666666667,0,0,1962.5,4652.08333333333,0,0,0,0,4652.08333333333,1012.5,856.25,156.25,233.333333333333,0,233.333333333333,50,0,1295.83333333333,0,25,0,0,0,0,0,39.5833333333333,0,104.166666666667,441.666666666667,43.75,0,0,529.166666666667,0,2.08333333333333,66.6666666666667,0,0,43.75,0,0,0,0,0,0,0,0,0,0,0,0,0,0,0,0,0,0,0,39.25
3,0,24880,0,0,0,66060,0,0,0,0,117360,33,2,411291,5,0.4,0.2,0.2,0,0,0.2,0.2,0,0,0,0.2,0,0.2,0,0,0.4,0.2,0.2,0,0,0.2,0.2,0,0,0,0.2,0,0.2,0,0,7.66666666666667,2,1625,520750,227350,293400,0,62200,0,0,0,165150,0,0,0,0,293400,3904900,349000,0,0,0,0,0,40850,601589.208333333,1328049.875,1929639.08333333,186099.791666667,1752150,8628950,10381100,18342215,6069407.5,942952.5,25354575,22275331.561397,251497.10462625,366566.41125,618063.51587625,21420936.8294792,90304168.438603,32697104.875,10999163.5158763,43696268.3908762,68883231.6091238,112579500,10222.5,520,0,520,4404.55,107540700,5038800,0,0,327.5,0,0,0,272.5,600,0,0,0,0,2027.5,2027.5,1125,837.5,287.5,592.5,30,562.5,157.5,0,1875,0,2.5,0,10,0,0,0,245,0,185,712.5,65,0,0,210,0,0,187.5,0,0,50,0,0,0,0,185,0,22.5,0,0,0,0,0,0,0,0,0,0,0,0,17.4705882352941
3,0,49380,0,36320,0,833630,0,316910,0,0,0,99,2,403205,6,0.33,0.33,0,0,0,0,0,0,0,0,0.33,0.33,0,0,0,0.33,0.33,0,0,0,0,0,0,0,0,0.33,0.33,0,0,0,9,2,2424.24242424242,3746181.81818182,2785848.48484848,960333.333333333,0,149636.363636364,0,110060.606060606,0,2526151.51515152,0,960333.333333333,0,0,0,697909.090909091,454727.272727273,1987818.18181818,148181.818181818,0,0,0,0,33743.9393939394,466324.242424242,500068.181818182,54159.0909090909,0,8965151.51515152,8965151.51515152,27452003.030303,7910727.27272727,0,35362730.3030303,24868129.2424242,38105.4835227273,515130.214090909,553235.697613636,28005238.7279167,5583688.93939394,43354980.7575758,9518387.21276515,52873367.9703409,-22421549.7885227,30451818.1818182,3909.09090909091,0,0,0,1485.45454545455,30451818.1818182,0,0,0,896.969696969697,0,57.5757575757576,0,1928.48484848485,2883.0303030303,0,13409.0909090909,0,0,0,13409.0909090909,1927.27272727273,1169.69696969697,757.575757575758,681.818181818182,90.9090909090909,590.909090909091,81.8181818181818,0,2690.90909090909,0,0,0,169.69696969697,0,0,0,84.8484848484848,0,839.393939393939,1363.63636363636,106.060606060606,0,69.6969696969697,57.5757575757576,0,0,0,0,0,0,0,0,0,0,0,0,0,0,0,0,0,0,0,0,0,0,0,0,0,19.7777777777778
3,146950,76820,0,0,0,203980,407380,0,0,0,0,33,3,411291,5,0.72,0.72,0,0,0,0.52,0.52,0,0,0,0.2,0.2,0,0,0,0.72,0.72,0,0,0,0.52,0.52,0,0,0,0.2,0.2,0,0,0,20.6666666666667,2,1104.16666666667,1159902.77777778,594097.222222222,565805.555555556,204097.222222222,106694.444444444,0,0,0,283305.555555556,565805.555555556,0,0,0,0,1988097.22222222,398736.111111111,27611.1111111111,0,0,0,0,1551555.55555556,2936294.3287037,4006328.65497076,6942622.98367446,0,1112458.33333333,410902.777777778,1523361.11111111,24260431.9444444,3050704.16666667,0,27311136.1111111,15941423.7058967,613685.803248355,394110.0225,1007795.82574836,26380686.1035261,52422173.5163255,39790952.8725634,2531156.93685947,42322109.8094228,26041487.4127994,68363597.2222222,4369.44444444444,868.055555555556,0,868.055555555556,2528.44444444444,57851444.4444444,10512152.7777778,0,152.777777777778,205.555555555556,0,0,0,362.5,720.833333333333,3101.38888888889,0,0,0,0,3101.38888888889,1811.11111111111,898.611111111111,912.5,231.944444444444,115.277777777778,116.666666666667,59.7222222222222,0,2102.77777777778,0,2.77777777777778,0,2.77777777777778,0,0,0,102.777777777778,0,252.777777777778,566.666666666667,72.2222222222222,0,0,616.666666666667,0,0,318.055555555556,0,0,88.8888888888889,0,0,0,0,59.7222222222222,0,19.4444444444444,0,0,0,0,0,0,0,0,0,0,0,0,12.8823529411765
3,314880,0,0,0,0,484120,0,0,132150,0,196320,37,4,394684,6,1.46,0.55,0.91,0,0,1.46,0.55,0.91,0,0,0,0,0,0,0,1.46,0.55,0.91,0,0,1.46,0.55,0.91,0,0,0,0,0,0,0,26,2,491.780821917808,772239.726027397,547260.273972603,224979.452054794,215671.232876712,0,0,0,0,331589.04109589,0,0,90513.698630137,0,134465.753424658,2080691.78082192,876479.452054794,0,0,0,0,0,26102.7397260274,357284.840182648,11557.2188175919,368842.05900024,111355.936073059,2557917.80821918,0,2557917.80821918,12072280.1369863,2379787.67123288,279009.589041096,14731077.3972603,7056127.21110192,52949.5579550829,224612.081815068,277561.639770151,15140825.3278511,16257009.7751994,19361473.0909637,2835479.44798933,22196952.538953,1116184.44734833,23313136.9863014,0,3261.64383561644,53.4246575342466,3315.06849315068,3315.06849315068,0,23313136.9863014,0,501.369863013699,0,0,0,0,15.7534246575342,517.123287671233,0,0,1204.79452054795,0,3232.87671232877,4437.67123287671,628.767123287671,358.904109589041,269.86301369863,167.808219178082,110.27397260274,57.5342465753425,228.767123287671,0,1025.34246575342,0,13.6986301369863,0,0,0,0,0,141.095890410959,0,19.8630136986301,247.260273972603,91.7808219178082,0,0,244.520547945205,0,61.6438356164383,101.369863013699,0,0,101.369863013699,0,0,0,0,2.73972602739726,0,0,0,0,0,0,0,0,0,0,0,0,0,0,17.8
3,31490,0,0,47120,0,99960,0,0,0,0,0,37,2,394684,6,0.39,0,0.39,0,0,0.39,0,0.39,0,0,0,0,0,0,0,0.39,0,0.39,0,0,0.39,0,0.39,0,0,0,0,0,0,0,26,2,897.435897435897,457871.794871795,457871.794871795,0,80743.5897435897,0,0,120820.512820513,0,256307.692307692,0,0,0,0,0,1409384.61538462,937897.435897436,0,0,0,0,0,44282.0512820513,3339174.7542735,77877.8340080972,3417052.5882816,501808.760683761,2464538.46153846,0,2464538.46153846,17686584.6153846,698946.153846154,0,18385530.7692308,7861927.40024741,378660.531489777,258004.845,636665.376489777,20787788.4534129,9783457.2151372,25548512.015632,3101203.83802824,28649715.8536603,-11004331.2382756,17645384.6153846,0,2602.5641025641,0,2602.5641025641,2602.5641025641,0,17645384.6153846,0,187.179487179487,0,0,202.564102564103,0,11.2820512820513,401.025641025641,0,0,0,0,0,0,1207.69230769231,789.74358974359,417.948717948718,56.4102564102564,17.9487179487179,38.4615384615385,87.1794871794872,0,1351.28205128205,0,15.3846153846154,0,0,0,0,0,117.948717948718,0,17.9487179487179,261.538461538462,10.2564102564103,0,0,641.025641025641,0,82.051282051282,120.512820512821,0,0,79.4871794871795,0,0,0,0,5.12820512820513,0,0,0,0,0,0,0,0,0,0,0,0,0,0,39.25
3,96220,0,0,79510,0,107440,0,0,449300,0,9070,33,3,411291,5,0.67,0,0.67,0,0,0.67,0,0.67,0,0,0,0,0,0,0,0.67,0,0.67,0,0,0.67,0,0.67,0,0,0,0,0,0,0,14,2,1119.40298507463,1106776.11940299,422641.791044776,684134.328358209,143611.940298507,0,0,118671.641791045,0,160358.208955224,0,0,670597.014925373,0,13537.3134328358,1395223.88059702,191044.776119403,13358.2089552239,0,0,0,0,191388.059701493,2295153.02238806,1915950.8444619,4211103.86684996,555521.766169154,1195492.53731343,0,1195492.53731343,10996414.9253731,568662.686567164,56295.5223880597,11621373.1343284,8647138.45326565,402907.185828064,176407.844776119,579315.030604183,12824749.9267756,37493383.9347941,19697080.8121236,1774807.56791762,21471888.3800412,24668634.0080185,46140522.3880597,2347.76119402985,1243.28358208955,0,1243.28358208955,2135.4328358209,31084358.2089552,15056164.1791045,0,273.134328358209,0,0,2638.80597014925,0,13.2835820895522,2925.22388059702,0,0,26252.2388059702,0,110.44776119403,26362.6865671642,755.223880597015,386.567164179105,368.656716417911,34.3283582089552,34.3283582089552,0,65.6716417910448,0,855.223880597015,0,1.49253731343284,0,0,0,0,0,55.2238805970149,0,94.0298507462687,268.656716417911,79.1044776119403,0,0,158.208955223881,0,0,125.373134328358,0,0,31.3432835820896,0,0,0,0,40.2985074626866,0,1.49253731343284,0,0,0,0,0,0,0,0,0,0,0,0,12.8823529411765
4,0,0,0,0,0,0,0,0,0,0,0,37,1,394684,6,0.11,0,0.11,0,0,0.11,0,0.11,0,0,0,0,0,0,0,0.11,0,0.11,0,0,0.11,0,0.11,0,0,0,0,0,0,0,21,2,454.545454545455,0,0,0,0,0,0,0,0,0,0,0,0,0,0,1029909.09090909,1357000,0,0,0,0,0,64545.4545454545,3792304.62121212,98173.2057416268,3890477.82695375,0,3003636.36363636,0,3003636.36363636,17026754.5454545,2132018.18181818,0,19158772.7272727,8868634.55422647,476311.607164055,262564.261363636,738875.868527691,20769266.7776186,26609092.7185008,25895389.099681,3742512.23216406,29637901.3318451,5839825.9408822,35477727.2727273,1527.27272727273,4254.54545454545,190.909090909091,4445.45454545455,5025.81818181818,7437818.18181818,28039909.0909091,0,0,0,0,0,0,0,0,0,0,0,0,0,0,1136.36363636364,827.272727272727,309.090909090909,163.636363636364,81.8181818181818,81.8181818181818,72.7272727272727,0,1372.72727272727,0,18.1818181818182,0,0,0,0,0,81.8181818181818,0,145.454545454545,636.363636363636,0,0,0,272.727272727273,0,9.09090909090909,90.9090909090909,0,0,118.181818181818,0,0,0,0,0,0,0,0,0,0,0,0,0,0,0,0,0,0,0,37.6818181818182
4,0,0,0,0,0,0,0,0,0,0,0,37,1,394684,6,0.16,0.16,0,0,0,0.16,0.16,0,0,0,0,0,0,0,0,0.1,0.1,0,0,0,0.1,0.1,0,0,0,0,0,0,0,0,21,2,500,0,0,0,0,0,0,0,0,0,0,0,0,0,0,2052500,397900,0,0,911800,0,0,3858800,1761904.58333333,1052507.94444444,2814412.52777778,880156.666666667,3003700,0,3003700,18188390,0,0,18188390,11310253.1944444,1237528.90229625,308724.0885,1546252.99079625,22738342.9907962,4599346.80555556,29498643.1944444,4549952.99079625,34048596.1852407,-18138996.1852407,15909600,3070,160,10,170,1336.6,14950900,958700,0,0,0,0,0,0,0,0,0,0,0,0,0,0,1170,890,280,0,0,0,110,0,1280,0,10,0,0,0,0,0,180,0,20,610,0,0,0,300,0,0,80,0,0,80,0,0,0,0,0,0,0,0,0,0,0,0,0,0,0,0,0,0,0,37.6818181818182
4,0,0,0,0,0,0,0,0,0,0,0,37,3,394684,6,0.48,0,0.48,0,0,0.48,0,0.48,0,0,0,0,0,0,0,0.48,0,0.48,0,0,0.48,0,0.48,0,0,0,0,0,0,0,22,1,1020.83333333333,0,0,0,0,0,0,0,0,0,0,0,0,0,0,540812.5,784437.5,0,0,0,0,0,133208.333333333,1689735.06944444,6561.92434210526,1696296.99378655,0,2294479.16666667,0,2294479.16666667,10729881.25,0,0,10729881.25,3549439.32711988,88953.1659688322,148088.3259375,237041.491906332,13261401.908573,2038394.00621345,14279320.5771199,2531520.658573,16810841.2356929,-11223007.9023595,5587833.33333333,0,866.666666666667,216.666666666667,1083.33333333333,1083.33333333333,0,5587833.33333333,0,0,0,0,0,0,0,0,0,0,0,0,0,0,768.75,414.583333333333,354.166666666667,0,0,0,37.5,0,806.25,0,83.3333333333333,0,0,0,0,0,75,0,45.8333333333333,66.6666666666667,0,0,0,0,0,0,347.916666666667,0,0,187.5,0,0,0,0,0,0,0,0,0,0,0,0,0,0,0,0,0,0,0,15.2564102564103
4,0,0,0,0,0,0,0,0,0,0,0,38,3,370532,6,0.5,0,0.5,0,0,0.2,0,0.2,0,0,0.3,0,0.3,0,0,0.5,0,0.5,0,0,0.2,0,0.2,0,0,0.3,0,0.3,0,0,35,2,754,0,0,0,0,0,0,0,0,0,0,0,0,0,0,298680,251780,0,0,0,0,0,14200,720503.008333333,40305.0976608187,760808.105994152,0,200240,236680,436920,5782956,454252,0,6237208,2386932.10599415,113766.442860849,82642.6962,196409.139060849,6179605.13906085,-2142732.10599415,7933208.10599415,633329.139060849,8566537.245055,-8322337.245055,244200,0,20,20,40,40,0,244200,0,0,0,0,0,0,0,0,0,0,0,0,0,0,210,64,146,34,22,12,194,0,438,0,2,0,0,0,0,0,22,0,0,20,0,0,0,154,0,0,64,0,0,176,0,0,0,0,0,0,0,0,0,0,0,0,0,0,0,0,0,0,0,10.8461538461538
4,0,0,0,0,0,0,0,0,0,0,0,99,1,403205,6,0.3,0.3,0,0,0,0.3,0.3,0,0,0,0,0,0,0,0,0.3,0.3,0,0,0,0.3,0.3,0,0,0,0,0,0,0,0,16,2,833.333333333333,0,0,0,0,0,0,0,0,0,0,0,0,0,0,172733.333333333,72933.3333333333,0,0,0,0,0,47366.6666666667,349520.833333333,5862.33333333333,355383.166666667,0,2703300,0,2703300,4220056.66666667,183296.666666667,0,4403353.33333333,1234918.16666667,36261.18171,57061.0979999999,93322.27971,7016678.94637667,2832481.83333333,5454974.83333333,2796622.27971,8251597.11304333,-4184197.11304333,4067400,256.666666666667,113.333333333333,0,113.333333333333,210.866666666667,2772000,1295400,0,0,0,0,0,0,0,0,0,0,0,0,0,0,143.333333333333,143.333333333333,0,16.6666666666667,16.6666666666667,0,123.333333333333,0,283.333333333333,0,0,0,0,0,0,0,46.6666666666667,0,0,0,0,0,0,50,0,0,90,0,0,96.6666666666667,0,0,0,0,0,0,0,0,0,0,0,0,0,0,0,0,0,0,0,26.95
4,0,0,0,0,0,0,0,0,0,0,101360,38,2,370532,6,0.36,0,0.36,0,0,0.36,0,0.36,0,0,0,0,0,0,0,0.36,0,0.36,0,0,0.36,0,0.36,0,0,0,0,0,0,0,35,2,972.222222222222,281555.555555556,0,281555.555555556,0,0,0,0,0,0,0,0,0,0,281555.555555556,464277.777777778,1854694.44444444,0,0,0,0,0,19722.2222222222,665179.502314815,73842.7371669916,739022.239481806,0,417166.666666667,0,417166.666666667,8193822.22222222,2934594.44444444,0,11128416.6666667,6664398.68392625,151619.907078207,167046.3,318666.207078207,8929655.0959671,18926101.3160737,14858220.9061485,735832.873744874,15594053.7798933,9996446.22010665,25590500,0,2313.88888888889,288.888888888889,2602.77777777778,2602.77777777778,0,25590500,0,0,0,0,0,0,0,0,0,0,0,0,1638.88888888889,1638.88888888889,247.222222222222,213.888888888889,33.3333333333333,225,127.777777777778,97.2222222222222,275,0,747.222222222222,0,33.3333333333333,0,0,0,0,0,38.8888888888889,0,0,225,27.7777777777778,0,0,133.333333333333,0,0,44.4444444444444,0,0,244.444444444444,0,0,0,0,0,0,0,0,0,0,0,0,0,0,0,0,0,0,0,33.4166666666667
4,0,0,0,0,0,0,0,0,0,0,106690,37,1,394684,6,0.45,0,0.45,0,0,0.45,0,0.45,0,0,0,0,0,0,0,0.38,0,0.38,0,0,0.38,0,0.38,0,0,0,0,0,0,0,13.6666666666667,2,868.421052631579,280763.157894737,0,280763.157894737,0,0,0,0,0,0,0,0,0,0,280763.157894737,970552.631578947,636578.947368421,784657.894736842,0,0,0,0,177605.263157895,3020374.69298246,7499.34210526316,3027874.03508772,0,2239605.26315789,0,2239605.26315789,18559252.6315789,0,0,18559252.6315789,6272715.92982456,175830.94845,260124.337894737,435955.286344737,21234813.1810816,748652.491228069,24831968.5614035,2675560.54950263,27507529.1109061,-20486160.6898535,7021368.42105263,0,1368.42105263158,136.842105263158,1505.26315789474,1505.26315789474,0,7021368.42105263,0,0,0,0,0,0,0,0,0,0,0,0,386.842105263158,386.842105263158,1307.8947368421,842.105263157895,465.78947368421,0,0,0,55.2631578947368,0,1363.15789473684,0,63.1578947368421,0,0,0,0,0,102.631578947368,0,105.263157894737,168.421052631579,44.7368421052632,0,0,0,0,0,555.263157894737,0,0,252.631578947368,0,0,0,0,0,71.0526315789474,0,0,0,0,0,0,0,0,0,0,0,0,0,37.6818181818182
4,0,0,0,0,0,0,0,0,0,0,12800,33,1,411291,6,0.24,0,0.24,0,0,0.24,0,0.24,0,0,0,0,0,0,0,0.13,0,0.13,0,0,0.13,0,0.13,0,0,0,0,0,0,0,13,2,730.769230769231,98461.5384615385,0,98461.5384615385,0,0,0,0,0,0,0,0,0,0,98461.5384615385,296923.076923077,33615.3846153846,0,0,0,0,0,16384.6153846154,812829.807692308,0,812829.807692308,0,3003692.30769231,0,3003692.30769231,5113453.84615385,0,0,5113453.84615385,1669505.42307692,106391.031057692,67539.8873076923,173930.918365385,8291077.07221154,3626494.57692308,6782959.26923077,3177623.22605769,9960582.49528846,-4664582.49528846,5296000,400,0,0,0,152,5296000,0,0,0,0,0,0,0,0,0,0,0,0,0,676.923076923077,676.923076923077,292.307692307692,261.538461538462,30.7692307692308,0,0,0,53.8461538461538,0,346.153846153846,0,0,0,0,0,0,0,53.8461538461538,0,0,0,15.3846153846154,0,0,176.923076923077,0,0,100,0,0,0,0,0,0,0,0,0,0,0,0,0,0,0,0,0,0,0,0,0,0,34.0909090909091
4,0,0,0,0,0,0,0,0,0,0,173380,37,3,394684,6,0.72,0,0.72,0,0,0.05,0,0.05,0,0,0.67,0,0.67,0,0,0.67,0,0.67,0,0,0.03,0,0.03,0,0,0.64,0,0.64,0,0,24.5,2,582.089552238806,258776.119402985,0,258776.119402985,0,0,0,0,0,0,0,0,0,0,258776.119402985,757313.432835821,557074.626865672,0,0,0,0,0,53014.9253731343,600835.06840796,47850.2798507463,648685.348258707,0,149432.835820896,1766268.65671642,1915701.49253731,10422611.9402985,0,0,10422611.9402985,4435817.10945274,83223.358361194,146392.81119403,229616.169555224,10801660.9456746,498108.263681591,13092160.3930348,2145317.66209254,15237478.0551274,-10303552.681993,4933925.37313433,156.716417910448,932.835820895522,155.223880597015,1088.05970149254,1147.61194029851,716194.029850746,4217731.34328358,0,0,0,0,0,0,0,0,0,0,0,0,2201.49253731343,2201.49253731343,731.343283582089,510.44776119403,220.89552238806,0,0,0,20.8955223880597,0,752.238805970149,0,59.7014925373134,0,0,0,0,0,56.7164179104478,0,32.8358208955224,179.10447761194,23.8805970149254,0,0,0,0,0,176.119402985075,0,0,223.880597014925,0,0,0,0,0,0,0,0,0,0,0,0,0,0,0,0,0,0,0,15.2564102564103
4,0,0,0,0,0,0,0,0,0,0,30010,37,1,394684,6,0.11,0,0.11,0,0,0.11,0,0.11,0,0,0,0,0,0,0,0.1,0,0.1,0,0,0.1,0,0.1,0,0,0,0,0,0,0,27.6666666666667,2,1000,300100,0,300100,0,0,0,0,0,0,0,0,0,0,300100,1605300,1118700,0,0,0,0,0,17800,1601151.41666667,101240.921052632,1702392.3377193,0,7008600,0,7008600,34310100,0,0,34310100,5138976.3377193,166834.387477599,453826.8,620661.187477599,41939361.1874776,11478123.6622807,39449076.3377193,7629261.1874776,47078337.5251969,-30461237.5251969,16617100,0,2810,100,2910,2910,0,16617100,0,0,0,0,0,0,0,0,0,0,0,0,2210,2210,3100,200,2900,0,0,0,30,0,3130,0,30,0,0,0,0,0,60,0,0,320,80,0,0,1250,0,0,420,0,0,960,0,0,0,0,10,0,0,0,0,0,0,0,0,0,0,0,0,0,0,37.6818181818182
4,0,0,0,0,0,0,0,0,0,0,34010,38,1,370532,6,0.19,0.07,0.12,0,0,0.19,0.07,0.12,0,0,0,0,0,0,0,0.19,0.07,0.12,0,0,0.19,0.07,0.12,0,0,0,0,0,0,0,27,2,1157.89473684211,179000,0,179000,0,0,0,0,0,0,0,0,0,0,179000,1253789.47368421,931000,418473.684210526,0,0,0,0,93473.6842105263,1170163.94736842,0,1170163.94736842,0,2961473.68421053,0,2961473.68421053,4617694.73684211,2560078.94736842,0,7177773.68421053,6976511.73684211,119289.267852632,122150.152894737,241439.420747368,7820607.8418,2649961.94736842,11594206.4736842,3202913.10495789,14797119.5786421,-5170645.89443158,9626473.68421053,0,1068.42105263158,0,1068.42105263158,1068.42105263158,0,9626473.68421053,0,0,0,0,0,0,0,0,0,0,0,0,1163.15789473684,1163.15789473684,305.263157894737,173.684210526316,131.578947368421,205.263157894737,84.2105263157895,121.052631578947,36.8421052631579,0,547.368421052632,0,121.052631578947,0,0,0,10.5263157894737,0,63.1578947368421,0,0,210.526315789474,5.26315789473684,0,0,105.263157894737,0,0,21.0526315789474,0,0,10.5263157894737,0,0,0,0,0,0,0,0,0,0,0,0,0,0,0,0,0,0,0,33.4166666666667
4,0,0,0,0,0,0,0,0,0,0,86690,37,1,394684,6,0.17,0,0.17,0,0,0.17,0,0.17,0,0,0,0,0,0,0,0.17,0,0.17,0,0,0.17,0,0.17,0,0,0,0,0,0,0,22.5,2,858.823529411765,509941.176470588,0,509941.176470588,0,0,0,0,0,0,0,0,0,0,509941.176470588,2284176.47058824,2060352.94117647,0,0,0,0,0,125352.941176471,5443683.43137255,8381.61764705882,5452065.04901961,0,3533764.70588235,0,3533764.70588235,31301094.1176471,0,0,31301094.1176471,10826572.5784314,284676.188790441,440813.149411765,725489.338202206,35560348.1617316,8154368.59803921,42127666.6960784,4259254.04408456,46386920.740163,-27405979.5636924,18980941.1764706,0,3676.47058823529,1223.52941176471,4900,4900,0,18980941.1764706,0,0,0,0,0,0,0,0,0,0,0,0,4335.29411764706,4335.29411764706,2041.17647058824,1241.17647058824,800,0,0,0,229.411764705882,0,2270.58823529412,0,188.235294117647,0,0,0,0,0,270.588235294118,0,176.470588235294,376.470588235294,47.0588235294118,0,0,0,0,0,741.176470588235,0,0,470.588235294118,0,0,0,0,0,0,0,0,0,0,0,0,0,0,0,0,0,0,0,37.6818181818182
4,0,0,0,0,0,0,0,0,0,0,86690,37,3,394684,6,0.54,0,0.54,0,0,0.54,0,0.54,0,0,0,0,0,0,0,0.54,0,0.54,0,0,0.54,0,0.54,0,0,0,0,0,0,0,23,2,500,160537.037037037,0,160537.037037037,0,0,0,0,0,0,0,0,0,0,160537.037037037,571370.37037037,833111.111111111,99388.8888888889,0,0,0,0,72351.8518518519,735157.191358025,2198.81687242798,737356.008230453,0,1761425.92592593,0,1761425.92592593,6183244.44444444,1204022.22222222,0,7387266.66666667,4072821.48971193,17697.1237375,110856.915,128554.0387375,8073224.40910787,7495548.88065844,10256065.9341564,1889979.96466343,12146045.8988198,-577675.528449433,11568370.3703704,0,2312.96296296296,385.185185185185,2698.14814814815,2698.14814814815,0,11568370.3703704,0,0,0,0,0,0,0,0,0,0,0,0,1364.81481481481,1364.81481481481,531.481481481481,11.1111111111111,520.37037037037,68.5185185185185,55.5555555555556,12.962962962963,25.9259259259259,24.0740740740741,650,0,72.2222222222222,0,0,0,0,0,83.3333333333333,0,0,112.962962962963,29.6296296296296,0,0,0,0,0,224.074074074074,0,0,111.111111111111,0,0,0,0,0,16.6666666666667,0,0,0,0,0,0,0,0,0,0,0,0,0,15.2564102564103
4,0,0,0,0,0,0,0,0,0,10852730,80020,99,3,403205,6,2.05,0.99,1.06,0,0,1.06,0,1.06,0,0,0.99,0.99,0,0,0,1.32,0.99,0.33,0,0,0.33,0,0.33,0,0,0.99,0.99,0,0,0,12.3333333333333,2,1136.36363636364,8282386.36363636,0,8282386.36363636,0,0,0,0,0,0,0,0,0,8221765.15151515,60621.2121212121,398696.96969697,317992.424242424,2300295.45454545,0,3590.90909090909,0,0,660053.03030303,275925.86489899,25419.8444976077,301345.709396598,948160.984848485,3792515.15151515,137303.03030303,3929818.18181818,7575845.45454545,213808.333333333,24764.3939393939,7814418.18181818,13967517.9358566,107797.760017509,240295.815,348093.575017509,11740538.8485575,-11866358.8449475,21430145.0275784,4277911.75683569,25708056.7844141,-23606897.693505,2101159.09090909,288.636363636364,0,21.2121212121212,21.2121212121212,130.893939393939,1965613.63636364,135545.454545455,0,0,0,0,0,0,0,0,0,0,0,10813.6363636364,871.212121212121,11684.8484848485,347.727272727273,347.727272727273,0,13.6363636363636,13.6363636363636,0,140.909090909091,0,502.272727272727,0,0,0,6.06060606060606,0,0,3.03030303030303,34.0909090909091,15.9090909090909,18.1818181818182,37.8787878787879,35.6060606060606,0,0,207.575757575758,0,11.3636363636364,36.3636363636364,0,0,87.1212121212121,5.3030303030303,0,0,0,0,0,0,0,0,0,0,0,0,0,0,0,0,0,3.78787878787879,12.6
4,0,0,0,0,0,0,0,0,297330,0,0,99,2,403205,6,0.66,0,0.66,0,0,0.36,0,0.36,0,0,0.3,0,0.3,0,0,0.33,0,0.33,0,0,0.03,0,0.03,0,0,0.3,0,0.3,0,0,30,2,242.424242424242,901000,0,901000,0,0,0,0,0,0,0,0,901000,0,0,597030.303030303,401272.727272727,0,0,19151.5151515152,0,0,32303.0303030303,2137750.42929293,44411.6666666667,2182162.0959596,2378695.70707071,3034000,2151636.36363636,5185636.36363636,7811933.33333333,1933218.18181818,0,9745151.51515152,10999674.9242424,572295.890607955,142105.295454545,714401.1860625,11560334.5193958,-6115947.65151515,16659971.8939394,5900037.54969886,22560009.4436383,-17676282.170911,4883727.27272727,0,427.272727272727,0,427.272727272727,427.272727272727,0,4883727.27272727,0,0,0,0,0,0,0,0,0,0,19987.8787878788,0,0,19987.8787878788,393.939393939394,333.333333333333,60.6060606060606,142.424242424242,84.8484848484849,57.5757575757576,133.333333333333,0,669.69696969697,0,6.06060606060606,0,0,0,0,0,69.6969696969697,0,18.1818181818182,172.727272727273,163.636363636364,0,0,30.3030303030303,0,0,154.545454545455,0,0,54.5454545454546,0,0,0,0,0,0,0,0,0,0,0,0,0,0,0,0,0,0,0,19.7777777777778
4,0,0,0,0,0,0,166010,0,111000,0,0,38,1,370532,6,0.1,0,0.1,0,0,0,0,0,0,0,0.1,0,0.1,0,0,0.1,0,0.1,0,0,0,0,0,0,0,0.1,0,0.1,0,0,20.5,2,900,2770100,0,2770100,0,0,0,0,0,0,1660100,0,1110000,0,0,1251700,3360100,0,0,0,0,0,0,2497489.16666667,166307.659574468,2663796.82624113,0,0,1479300,1479300,27647510,3824250,0,31471760,15719778.8262411,356826.881072872,472071.969,828898.850072872,28476408.8500729,21805321.1737589,41887988.8262411,2308198.85007287,44196187.676314,-6671087.67631401,37525100,0,6250,470,6720,6720,0,37525100,0,0,0,0,0,0,0,0,11160,0,61560,0,0,72720,1670,1670,0,250,250,0,140,0,2060,0,80,0,0,0,0,0,120,0,360,940,130,0,0,120,0,70,30,0,0,210,0,0,0,0,0,0,0,0,0,0,0,0,0,0,0,0,0,0,0,33.4166666666667
4,0,0,0,0,0,0,218960,0,0,0,119500,38,3,370532,6,0.83,0,0.83,0,0,0.83,0,0.83,0,0,0,0,0,0,0,0.83,0,0.83,0,0,0.83,0,0.83,0,0,0,0,0,0,0,36,2,903.614457831325,407783.13253012,0,407783.13253012,0,0,0,0,0,0,263807.228915663,0,0,0,143975.903614458,360457.831325301,681795.180722891,0,0,0,0,0,17120.4819277108,1483612.89658635,13596.0660184598,1497208.96260481,0,337759.036144578,0,337759.036144578,8590096.38554217,211796.385542169,0,8801892.77108434,3546693.974653,116380.348372995,124768.950180723,241149.298553717,9169004.72024046,2477787.95305785,12136790.3601952,578908.334698296,12715698.6948935,-6691216.76718262,6024481.92771084,0,501.204819277108,62.6506024096386,563.855421686747,563.855421686747,0,6024481.92771084,0,0,0,0,0,0,0,0,1613.25301204819,0,0,0,1243.3734939759,2856.6265060241,481.927710843373,224.096385542169,257.831325301205,16.8674698795181,6.02409638554217,10.8433734939759,149.397590361446,0,648.192771084337,0,6.02409638554217,0,0,0,0,0,25.3012048192771,0,0,137.349397590361,48.1927710843373,0,0,93.9759036144578,0,0,50.6024096385542,0,6.02409638554217,280.722891566265,0,0,0,0,0,0,0,0,0,0,0,0,0,0,0,0,0,0,0,10.8461538461538
4,0,0,0,0,0,0,293310,0,0,0,0,38,3,370532,6,0.51,0,0.51,0,0,0.51,0,0.51,0,0,0,0,0,0,0,0.51,0,0.51,0,0,0.51,0,0.51,0,0,0,0,0,0,0,35,2,980.392156862745,575117.647058823,0,575117.647058823,0,0,0,0,0,0,575117.647058823,0,0,0,0,521980.392156863,1753450.98039216,0,0,0,0,0,6960.78431372549,411875.629084967,44710.8002522646,456586.429337232,0,1629431.37254902,0,1629431.37254902,13703421.5686275,1250905.88235294,0,14954327.4509804,4935534.11561174,86998.3409182779,216413.822647059,303412.163565337,15636265.1047418,17475956.0804667,18638955.6842392,1932843.53611436,20571799.2203535,1839690.97572488,22411490.1960784,0,2041.17647058824,203.921568627451,2245.09803921569,2245.09803921569,0,22411490.1960784,0,0,0,0,0,0,0,0,4947.05882352941,0,0,0,0,4947.05882352941,652.941176470588,527.450980392157,125.490196078431,92.156862745098,54.9019607843137,37.2549019607843,260.78431372549,0,1005.88235294118,0,23.5294117647059,0,0,0,0,0,37.2549019607843,0,0,347.058823529412,33.3333333333333,0,0,307.843137254902,0,0,25.4901960784314,0,0,231.372549019608,0,0,0,0,0,0,0,0,0,0,0,0,0,0,0,0,0,0,0,10.8461538461538
4,0,0,0,0,0,0,318770,0,0,0,0,38,1,370532,6,0.12,0,0.12,0,0,0.12,0,0.12,0,0,0,0,0,0,0,0.12,0,0.12,0,0,0.12,0,0.12,0,0,0,0,0,0,0,35,2,916.666666666667,2656416.66666667,0,2656416.66666667,0,0,0,0,0,0,2656416.66666667,0,0,0,0,1491833.33333333,2873250,0,0,0,0,0,29583.3333333333,2244104.34027778,215100.250974659,2459204.59125244,0,417166.666666667,0,417166.666666667,26304591.6666667,2739675,0,29044266.6666667,12620494.9245858,427287.366382648,438558.5025,865845.868882648,27587604.202216,-4420661.59125243,38925086.5912524,1283012.53554931,40208099.1268018,-32008265.7934684,8199833.33333333,0,691.666666666667,258.333333333333,950,950,0,8199833.33333333,0,0,0,0,0,0,0,0,10416.6666666667,0,0,0,0,10416.6666666667,1150,966.666666666667,183.333333333333,200,125,75,583.333333333333,0,1933.33333333333,0,33.3333333333333,0,0,0,0,0,83.3333333333333,0,0,450,91.6666666666667,0,0,691.666666666667,0,0,83.3333333333333,0,0,500,0,0,0,0,0,0,0,0,0,0,0,0,0,0,0,0,0,0,0,33.4166666666667
4,0,0,0,0,0,0,358490,0,0,0,0,33,1,411291,6,0.23,0,0.23,0,0,0.05,0,0.05,0,0,0.18,0,0.18,0,0,0.23,0,0.23,0,0,0.05,0,0.05,0,0,0.18,0,0.18,0,0,7,2,1217.39130434783,1558652.17391304,0,1558652.17391304,0,0,0,0,0,0,1558652.17391304,0,0,0,0,420565.217391304,62086.9565217391,0,0,0,0,0,478739.130434783,488675.543478261,0,488675.543478261,647375.362318841,326478.260869565,1179130.43478261,1505608.69565217,5570260.86956522,0,0,5570260.86956522,5246515.81884058,123569.165073913,98297.197826087,221866.3629,6118605.49333478,-180776.688405797,9637646.25362319,1727475.05855217,11365121.3121754,-6299382.18174058,5065739.13043478,382.608695652174,0,0,0,145.391304347826,5065739.13043478,0,0,0,0,0,0,0,0,0,7765.21739130435,0,0,0,0,7765.21739130435,356.521739130435,165.217391304348,191.304347826087,0,0,0,65.2173913043478,0,421.739130434783,0,0,0,0,0,0,0,43.4782608695652,0,0,0,43.4782608695652,0,0,217.391304347826,0,0,69.5652173913044,0,0,47.8260869565217,0,0,0,0,0,0,0,0,0,0,0,0,0,0,0,0,0,0,0,34.0909090909091
4,0,0,0,0,0,0,77400,0,0,0,0,38,1,370532,6,0.1,0,0.1,0,0,0,0,0,0,0,0.1,0,0.1,0,0,0.1,0,0.1,0,0,0,0,0,0,0,0.1,0,0.1,0,0,35,2,1100,774000,0,774000,0,0,0,0,0,0,774000,0,0,0,0,1275200,601900,0,0,0,0,0,35500,4277385.91666667,360797.197076023,4638183.11374269,0,0,394500,394500,29727440,921870,0,30649310,9011685.11374269,472719.005790454,405031.3065,877750.312290454,30605190.3122905,864614.886257309,38344625.1137427,1272250.31229045,39616875.4260331,-29740575.4260331,9876300,0,520,1250,1770,1770,0,9876300,0,0,0,0,0,0,0,0,4800,0,0,0,0,4800,1940,1070,870,70,40,30,260,0,2270,0,30,0,0,0,0,0,130,0,0,360,10,0,0,140,0,0,50,0,0,1360,0,0,0,0,0,0,190,0,0,0,0,0,0,0,0,0,0,0,0,33.4166666666667
4,0,0,0,0,0,104040,913340,0,0,0,0,99,4,403205,6,0.91,0,0.91,0,0,0.91,0,0.91,0,0,0,0,0,0,0,0.91,0,0.91,0,0,0.91,0,0.91,0,0,0,0,0,0,0,15,2,752.747252747253,1118000,114329.67032967,1003670.32967033,0,0,0,0,0,114329.67032967,1003670.32967033,0,0,0,0,1537395.6043956,175021.978021978,0,0,58560.4395604396,0,0,31230.7692307692,875311.666666667,4343718.46153846,5219030.12820513,828898.901098901,2750615.38461538,0,2750615.38461538,10531047.2527473,796178.021978022,0,11327225.2747253,10167520.8424908,509121.944402637,173106.323901099,682228.268303736,13963890.9056664,-5397059.30402931,20698568.0952381,3432843.65291912,24131411.7481572,-19360950.2096957,4770461.53846154,392.307692307692,0,0,0,149.076923076923,4770461.53846154,0,0,0,0,0,0,0,12.8571428571429,12.8571428571429,5791.20879120879,0,0,0,0,5791.20879120879,578.021978021978,476.923076923077,101.098901098901,17.5824175824176,17.5824175824176,0,134.065934065934,21.978021978022,751.648351648352,0,0,0,14.2857142857143,0,0,0,121.978021978022,0,23.0769230769231,91.2087912087912,54.9450549450549,0,0,261.538461538462,0,0,96.7032967032967,0,0,87.9120879120879,0,0,0,0,0,0,0,0,0,0,0,0,0,0,0,0,0,0,0,12.6
4,0,0,0,0,0,110160,0,0,0,0,104030,37,2,394684,6,0.36,0,0.36,0,0,0.36,0,0.36,0,0,0,0,0,0,0,0.36,0,0.36,0,0,0.36,0,0.36,0,0,0,0,0,0,0,26,2,861.111111111111,594972.222222222,306000,288972.222222222,0,0,0,0,0,306000,0,0,0,0,288972.222222222,1627083.33333333,1008027.77777778,0,0,0,0,0,22805.5555555556,588891.261574074,82292.7251461988,671183.986720273,401390.740740741,3865833.33333333,0,3865833.33333333,19651841.6666667,292566.666666667,0,19944408.3333333,5012714.28301657,187946.131320592,281847.16125,469793.292570592,23987468.2925706,18799563.4947612,24664555.9496832,4335626.62590393,29000182.5755872,-5187904.79780939,23812277.7777778,0,3686.11111111111,0,3686.11111111111,3686.11111111111,0,23812277.7777778,0,0,0,0,0,0,19.1666666666667,19.1666666666667,0,0,0,0,2458.33333333333,2458.33333333333,1191.66666666667,711.111111111111,480.555555555556,22.2222222222222,11.1111111111111,11.1111111111111,236.111111111111,0,1450,0,13.8888888888889,0,0,0,0,0,150,0,16.6666666666667,211.111111111111,47.2222222222222,0,0,480.555555555556,0,252.777777777778,175,0,0,97.2222222222222,0,0,0,0,5.55555555555556,0,0,0,0,0,0,0,0,0,0,0,0,0,0,39.25
4,0,0,0,0,0,12240,0,0,0,0,0,37,1,394684,6,0.29,0,0.29,0,0,0.29,0,0.29,0,0,0,0,0,0,0,0.29,0,0.29,0,0,0.29,0,0.29,0,0,0,0,0,0,0,21,1,586.206896551724,42206.8965517241,42206.8965517241,0,0,0,0,0,0,42206.8965517241,0,0,0,0,0,574517.24137931,1606310.34482759,0,0,0,0,0,52655.1724137931,1720939.08045977,310317.604355717,2031256.68481549,0,1726241.37931035,0,1726241.37931035,14665396.5517241,15248875.862069,715341.379310345,30629613.7931034,20315153.2755747,190713.232813067,399799.436896552,590512.669709619,17332844.9065366,22301915.6899426,35331244.1330914,2316754.04901996,37647998.1821113,4969070.78340593,42617068.9655172,362.068965517241,5706.89655172414,755.172413793103,6462.06896551724,6599.65517241379,1585862.06896552,41031206.8965517,0,0,0,0,0,0,0.344827586206897,0.344827586206897,0,0,0,0,0,0,1186.20689655172,251.724137931035,934.48275862069,975.862068965517,641.379310344828,334.48275862069,44.8275862068966,89.6551724137931,2296.55172413793,0,6.89655172413793,0,6.89655172413793,0,0,0,10.3448275862069,0,544.827586206897,637.931034482759,6.89655172413793,0,0,731.034482758621,0,0,79.3103448275862,0,0,141.379310344828,0,0,0,131.034482758621,0,0,0,0,0,0,0,0,0,0,0,0,0,0,0,37.6818181818182
4,0,0,0,0,0,127840,0,0,0,0,153960,37,2,394684,6,0.48,0,0.48,0,0,0.48,0,0.48,0,0,0,0,0,0,0,0.48,0,0.48,0,0,0.48,0,0.48,0,0,0,0,0,0,0,26,2,812.5,587083.333333333,266333.333333333,320750,0,0,0,0,0,266333.333333333,0,0,0,0,320750,1278395.83333333,1442854.16666667,0,0,0,0,0,16104.1666666667,303314.991319444,49214.336622807,352529.327942251,0,1355833.33333333,0,1355833.33333333,21388664.5833333,1257150,0,22645814.5833333,5328800.82794225,65320.5725652138,315538.5628125,380859.135377714,23125357.0520444,16729407.5053911,26717465.4112756,1736692.46871105,28454157.8799866,-6395949.5466533,22058208.3333333,0,3414.58333333333,0,3414.58333333333,3414.58333333333,0,22058208.3333333,0,0,0,0,0,0,13.75,13.75,0,0,0,0,4608.33333333333,4608.33333333333,1356.25,772.916666666667,583.333333333333,95.8333333333333,50,45.8333333333333,218.75,0,1670.83333333333,0,14.5833333333333,0,0,0,0,0,239.583333333333,0,25,277.083333333333,129.166666666667,0,0,604.166666666667,0,100,191.666666666667,0,0,83.3333333333333,0,0,0,0,6.25,0,0,0,0,0,0,0,0,0,0,0,0,0,0,39.25
4,0,0,0,0,0,144840,0,0,237870,0,0,37,3,394684,6,0.66,0.58,0.08,0,0,0.66,0.58,0.08,0,0,0,0,0,0,0,0.66,0.58,0.08,0,0,0.66,0.58,0.08,0,0,0,0,0,0,0,34,2,621.212121212121,579863.636363636,219454.545454545,360409.090909091,0,0,0,0,0,219454.545454545,0,0,360409.090909091,0,0,1036757.57575758,1257000,0,0,0,0,0,34818.1818181818,470265.082070707,61358.2535885168,531623.335659224,291953.914141414,2032787.87878788,0,2032787.87878788,15946537.8787879,856022.727272727,68577.2727272727,16871137.8787879,4986217.10660493,123858.480091597,240321.863863636,364180.343955233,18408589.6386661,11819570.772183,20997838.5225279,2396968.22274311,23394806.745271,-6589018.86648314,16805787.8787879,0,2601.51515151515,0,2601.51515151515,2601.51515151515,0,16805787.8787879,0,0,0,0,0,0,11.8181818181818,11.8181818181818,0,0,4263.63636363636,0,0,4263.63636363636,916.666666666667,569.69696969697,346.969696969697,56.0606060606061,39.3939393939394,16.6666666666667,222.727272727273,0,1195.45454545455,0,15.1515151515152,0,0,0,0,0,180.30303030303,0,19.6969696969697,183.333333333333,51.5151515151515,0,0,500,0,50,107.575757575758,0,0,84.8484848484849,0,0,0,0,3.03030303030303,0,0,0,0,0,0,0,0,0,0,0,0,0,0,15.2564102564103
4,0,0,0,0,0,20400,387010,0,0,0,0,99,1,403205,6,0.34,0,0.1,0.24,0,0.34,0,0.1,0.24,0,0,0,0,0,0,0.22,0,0.1,0.12,0,0.22,0,0.1,0.12,0,0,0,0,0,0,9,2,781.818181818182,1851863.63636364,92727.2727272727,1759136.36363636,0,0,0,0,0,92727.2727272727,1759136.36363636,0,0,0,0,487181.818181818,238863.636363636,420136.363636364,0,0,0,0,261409.090909091,523437.272727273,39970.5,563407.772727273,0,4095909.09090909,0,4095909.09090909,3195159.09090909,0,0,3195159.09090909,4226067.31818182,115537.7307375,78423.5556818182,193961.286419318,7485029.4682375,-3567430.95454545,7421226.40909091,4289870.37732841,11711096.7864193,-11052460.422783,658636.363636364,0,40.9090909090909,27.2727272727273,68.1818181818182,68.1818181818182,0,658636.363636364,0,0,0,0,0,0,236.363636363636,236.363636363636,5072.72727272727,0,0,0,0,5072.72727272727,209.090909090909,209.090909090909,0,0,0,0,4.54545454545455,0,213.636363636364,0,4.54545454545455,0,0,0,0,0,45.4545454545455,0,4.54545454545455,22.7272727272727,27.2727272727273,0,0,0,0,27.2727272727273,27.2727272727273,0,0,50,0,0,0,0,0,0,4.54545454545455,0,0,0,0,0,0,0,0,0,0,0,0,26.95
4,0,0,0,0,0,212150,0,0,0,0,0,37,3,394684,6,0.79,0,0.79,0,0,0.79,0,0.79,0,0,0,0,0,0,0,0.79,0,0.79,0,0,0.79,0,0.79,0,0,0,0,0,0,0,27,2,632.911392405063,268544.303797468,268544.303797468,0,0,0,0,0,0,268544.303797468,0,0,0,0,0,889949.367088608,573101.265822785,0,0,0,0,0,15506.3291139241,1301725.03164557,52685.2931379081,1354410.32478348,0,3041696.20253165,0,3041696.20253165,11488743.0379747,2055306.32911392,159148.101265823,13703197.4683544,5575652.60692847,124674.119328598,187721.129620253,312395.248948851,14977831.9035127,8490701.82345128,17199393.0589607,3354091.4514805,20553484.5104412,-6487130.08006145,14066354.4303797,0,2074.6835443038,0,2074.6835443038,2074.6835443038,0,14066354.4303797,0,0,0,0,0,0,340.886075949367,340.886075949367,0,0,0,0,0,0,726.582278481013,364.556962025316,362.025316455696,91.1392405063291,65.8227848101266,25.3164556962025,132.911392405063,44.3037974683544,994.936708860759,0,6.32911392405063,0,0,0,0,0,158.227848101266,0,21.5189873417721,191.139240506329,26.5822784810127,0,0,341.772151898734,0,88.6075949367088,94.9367088607595,0,0,63.2911392405063,0,0,0,0,2.53164556962025,0,0,0,0,0,0,0,0,0,0,0,0,0,0,15.2564102564103
4,0,0,0,0,0,27200,0,0,0,0,138700,37,3,394684,6,0.65,0.32,0.33,0,0,0.65,0.32,0.33,0,0,0,0,0,0,0,0.58,0.32,0.26,0,0,0.58,0.32,0.26,0,0,0,0,0,0,0,23.3333333333333,2,396.551724137931,286034.482758621,46896.5517241379,239137.931034483,0,0,0,0,0,46896.5517241379,0,0,0,0,239137.931034483,594706.896551724,711465.517241379,0,41827.5862068966,0,0,0,59413.7931034483,807115.459770115,34910.7304900182,842026.190260133,449227.586206897,1467327.5862069,0,1467327.5862069,7362294.82758621,3811610.34482759,0,11173905.1724138,7190996.39715669,135751.83073632,156338.344396552,292090.175132872,9121712.58892598,-581272.259225651,14553291.2247429,1759417.76133977,16312708.9860827,-9702984.84815163,6609724.13793103,0,1436.20689655172,358.620689655172,1794.8275862069,1794.8275862069,0,6609724.13793103,0,0,0,0,0,0,3.44827586206897,3.44827586206897,0,0,0,0,2034.48275862069,2034.48275862069,477.586206896552,344.827586206897,132.758620689655,251.724137931035,251.724137931035,0,48.2758620689655,0,777.586206896552,0,50,0,0,0,0,0,89.6551724137931,0,63.7931034482759,127.586206896552,29.3103448275862,0,0,0,0,0,262.068965517241,0,0,155.172413793103,0,0,0,0,0,0,0,0,0,0,0,0,0,0,0,0,0,0,0,15.2564102564103
4,0,0,0,0,0,27200,0,0,0,0,86690,37,1,394684,6,0.257,0.257,0,0,0,0.257,0.257,0,0,0,0,0,0,0,0,0.2,0.2,0,0,0,0.2,0.2,0,0,0,0,0,0,0,0,25,2,1500,569450,136000,433450,0,0,0,0,0,136000,0,0,0,0,433450,650200,719650,0,0,0,0,0,127850,1178256.66666667,0,1178256.66666667,0,2002450,0,2002450,32797520,1018440,0,33815960,4658530.66666667,55254.1905,435979.7865,491233.977,35291203.977,6932269.33333333,37456050.6666667,2493683.977,39949734.6436667,-28358934.6436667,11590800,0,2080,520,2600,2600,0,11590800,0,0,0,0,0,0,10,10,0,0,0,0,370,370,2580,830,1750,80,40,40,75,0,2735,0,40,0,0,0,0,0,135,0,185,800,45,0,0,0,0,0,695,0,0,835,0,0,0,0,0,0,0,0,0,0,0,0,0,0,0,0,0,0,0,37.6818181818182
4,0,0,0,0,0,31280,0,0,0,0,0,37,2,394684,6,0.38,0,0.38,0,0,0.38,0,0.38,0,0,0,0,0,0,0,0.38,0,0.38,0,0,0.38,0,0.38,0,0,0,0,0,0,0,21,2,736.842105263158,82315.7894736842,82315.7894736842,0,0,0,0,0,0,82315.7894736842,0,0,0,0,0,842578.947368421,378473.684210526,0,0,0,0,0,9342.1052631579,626475.416666667,31247.2587719298,657722.675438597,518036.403508772,3003657.89473684,0,3003657.89473684,24490615.7894737,0,0,24490615.7894737,2883153.60526316,139991.228082237,313510.414736842,453501.642819079,27947775.3270296,8935820.07894737,27373769.3947368,3457159.53755592,30830928.9322928,-19011955.2480822,11818973.6842105,0,2013.15789473684,42.1052631578947,2055.26315789474,2055.26315789474,0,11818973.6842105,0,0,0,0,0,0,5.78947368421053,5.78947368421053,0,0,0,0,0,0,1878.94736842105,942.105263157895,936.842105263158,0,0,0,26.3157894736842,0,1905.26315789474,0,10.5263157894737,0,0,0,0,0,39.4736842105263,0,0,210.526315789474,0,0,0,660.526315789474,0,0,442.105263157895,0,0,536.842105263158,0,0,0,0,5.26315789473684,0,0,0,0,0,0,0,0,0,0,0,0,0,0,39.25
4,0,0,0,0,0,3240,0,0,165190,0,89620,33,2,411291,5,0.518,0.274,0.244,0,0,0.518,0.274,0.244,0,0,0,0,0,0,0,0.518,0.274,0.244,0,0,0.518,0.274,0.244,0,0,0,0,0,0,0,11.5,2,1467.18146718147,498166.023166023,6254.82625482625,491911.196911197,0,0,0,0,0,6254.82625482625,0,0,318899.613899614,0,173011.583011583,1383957.52895753,155521.235521236,0,54150.5791505791,213378.378378378,0,0,691216.216216216,6129766.77123552,5643541.71814672,11773308.4893822,0,1517297.2972973,0,1517297.2972973,24898312.7413127,5635272.2007722,145629.343629344,30679214.2857143,20843138.9734615,862429.540278909,409158.591602317,1271588.13188123,27805950.1922035,39089119.7137972,45860203.7364865,2788885.42917852,48649089.165665,11283169.5215937,59932258.6872587,3239.38223938224,1407.33590733591,0,1407.33590733591,2638.30115830116,42889420.8494208,17042837.8378378,0,0,0,0,0,0,2.50965250965251,2.50965250965251,0,0,33955.5984555985,0,1138.99613899614,35094.5945945946,1891.89189189189,731.660231660232,1160.23166023166,523.166023166023,233.590733590734,289.57528957529,90.7335907335907,0,2505.79150579151,0,1.93050193050193,0,0,0,0,0,164.092664092664,0,285.714285714286,702.702702702703,204.633204633205,0,0,561.776061776062,0,0,204.633204633205,0,0,320.46332046332,0,0,0,0,59.8455598455598,0,0,0,0,0,0,0,0,0,0,0,0,0,0,17.4705882352941
4,0,0,0,0,0,34000,0,0,0,0,69350,37,2,394684,6,0.3,0,0.3,0,0,0.3,0,0.3,0,0,0,0,0,0,0,0.27,0,0.27,0,0,0.27,0,0.27,0,0,0,0,0,0,0,27,2,2481.48148148148,382777.777777778,125925.925925926,256851.851851852,0,0,0,0,0,125925.925925926,0,0,0,0,256851.851851852,485407.407407407,541185.185185185,0,14037.037037037,0,0,0,184185.185185185,1986285.77160494,0,1986285.77160494,0,5006111.11111111,0,5006111.11111111,13557822.2222222,8901748.14814815,0,22459570.3703704,12890310.5123457,136053.6942,292416.03,428469.7242,18992403.0575333,-3195199.40123457,26448132.7345679,5434580.83531111,31882713.569879,-22187602.4587679,9695111.11111111,0,1925.92592592593,385.185185185185,2311.11111111111,2311.11111111111,0,9695111.11111111,0,0,0,0,0,0,3.33333333333333,3.33333333333333,0,0,0,0,2185.18518518519,2185.18518518519,1133.33333333333,103.703703703704,1029.62962962963,670.37037037037,362.962962962963,307.407407407407,55.5555555555556,0,1859.25925925926,0,29.6296296296296,0,0,0,0,0,100,0,74.0740740740741,848.148148148148,62.962962962963,0,0,0,0,0,522.222222222222,0,0,222.222222222222,0,0,0,0,0,0,0,0,0,0,0,0,0,0,0,0,0,0,0,39.25
4,0,0,0,0,0,4560,0,0,0,0,0,33,1,411291,6,0.25,0,0.25,0,0,0.25,0,0.25,0,0,0,0,0,0,0,0.25,0,0.25,0,0,0.25,0,0.25,0,0,0,0,0,0,0,16,2,680,18240,18240,0,0,0,0,0,0,18240,0,0,0,0,0,983480,424720,0,0,0,0,0,14200,763406.483333333,0,763406.483333333,309691.333333333,1241520,0,1241520,14131852,1579860,0,15711712,4504888.81666667,130177.69833825,208401.0768,338578.77513825,15711950.7751382,-247568.816666666,18636740.8166667,1580098.77513825,20216839.5918049,-15959519.5918049,4257320,208,84,0,84,163.04,3036800,1220520,0,0,0,0,0,0,1.6,1.6,0,0,0,0,0,0,940,696,244,120,60,60,68,0,1128,0,8,0,104,0,0,0,276,0,32,216,0,0,0,372,0,0,120,0,0,0,0,0,0,0,0,0,0,0,0,0,0,0,0,0,0,0,0,0,0,34.0909090909091
4,0,0,0,0,0,4560,0,0,0,0,0,33,2,411291,6,0.33,0.25,0.08,0,0,0.33,0.25,0.08,0,0,0,0,0,0,0,0.33,0.25,0.08,0,0,0.33,0.25,0.08,0,0,0,0,0,0,0,17,2,1018.18181818182,13818.1818181818,13818.1818181818,0,0,0,0,0,0,13818.1818181818,0,0,0,0,0,1537181.81818182,926000,0,0,0,0,0,936454.545454545,888508.952020202,36391.6515151515,924900.603535353,65176.2626262626,2275484.84848485,0,2275484.84848485,19735200,0,0,19735200,4814822.41161616,106862.03238375,281256.152727273,388118.185111023,22398803.0335959,18368207.8914141,24550022.4116162,2663603.03359587,27213625.445212,-4030595.14218174,23183030.3030303,1587.87878787879,0,0,0,603.393939393939,23183030.3030303,0,0,0,0,0,0,0,1.21212121212121,1.21212121212121,0,0,0,0,0,0,1290.90909090909,821.212121212121,469.69696969697,0,0,0,148.484848484848,0,1439.39393939394,0,0,0,160.606060606061,0,0,0,348.484848484848,0,90.9090909090909,242.424242424242,0,0,0,333.333333333333,0,0,190.909090909091,0,0,72.7272727272727,0,0,0,0,0,0,0,0,0,0,0,0,0,0,0,0,0,0,0,17.4705882352941
4,0,0,0,0,0,46240,0,0,0,0,22620,37,1,394684,6,0.13,0.13,0,0,0,0.13,0.13,0,0,0,0,0,0,0,0,0.13,0.13,0,0,0,0.13,0.13,0,0,0,0,0,0,0,0,18,2,323.076923076923,529692.307692308,355692.307692308,174000,0,0,0,0,0,355692.307692308,0,0,0,0,174000,1481076.92307692,1391615.38461538,0,0,0,0,0,25153.8461538462,957217.051282051,155755.263157895,1112972.31443995,0,5391230.76923077,0,5391230.76923077,24493876.9230769,339507.692307692,0,24833384.6153846,5274702.4682861,220277.138825405,343370.215384615,563647.35421002,30448755.0465177,14900374.4547908,29768579.391363,5954878.12344079,35723457.5148038,-15548380.5917269,20175076.9230769,0,3123.07692307692,0,3123.07692307692,3123.07692307692,0,20175076.9230769,0,0,0,0,0,0,18.4615384615385,18.4615384615385,0,0,0,0,4538.46153846154,4538.46153846154,1707.69230769231,1146.15384615385,561.538461538462,30.7692307692308,0,30.7692307692308,84.6153846153846,0,1823.07692307692,0,23.0769230769231,0,0,0,0,0,69.2307692307692,0,46.1538461538462,338.461538461538,92.3076923076923,0,0,730.769230769231,0,107.692307692308,253.846153846154,0,0,153.846153846154,0,0,0,0,7.69230769230769,0,0,0,0,0,0,0,0,0,0,0,0,0,0,37.6818181818182
4,0,0,0,0,0,4760,0,0,0,0,15870,99,1,403205,6,0.33,0,0.33,0,0,0,0,0,0,0,0.33,0,0.33,0,0,0.33,0,0.33,0,0,0,0,0,0,0,0.33,0,0.33,0,0,18,2,545.454545454545,62515.1515151515,14424.2424242424,48090.9090909091,0,0,0,0,0,14424.2424242424,0,0,0,0,48090.9090909091,461848.484848485,103151.515151515,780060.606060606,0,0,0,0,266575.757575758,583895.075757576,26646.9696969697,610542.045454545,0,0,794909.090909091,794909.090909091,2085318.18181818,488678.787878788,0,2573996.96969697,3971486.43939394,53902.0160795454,51615.0040909091,105517.020170455,2190835.20198864,-3447850.07575758,5261895.53030303,900426.111079545,6162321.64138258,-5638685.27774621,523636.363636364,48.4848484848485,0,0,0,18.4242424242424,523636.363636364,0,0,0,0,0,0,0,0.909090909090909,0.909090909090909,0,0,0,0,312.121212121212,312.121212121212,84.8484848484848,33.3333333333333,51.5151515151515,33.3333333333333,33.3333333333333,0,60.6060606060606,0,178.787878787879,0,6.06060606060606,0,0,0,0,0,42.4242424242424,0,0,24.2424242424242,6.06060606060606,0,0,36.3636363636364,0,0,21.2121212121212,0,0,42.4242424242424,0,0,0,0,0,0,0,0,0,0,0,0,0,0,0,0,0,0,0,26.95
4,0,0,0,0,0,48820,0,0,396450,0,0,37,3,394684,6,0.53,0.33,0.2,0,0,0.53,0.33,0.2,0,0,0,0,0,0,0,0.53,0.33,0.2,0,0,0.53,0.33,0.2,0,0,0,0,0,0,0,11.5,2,603.77358490566,840132.075471698,92113.2075471698,748018.867924528,0,0,0,0,0,92113.2075471698,0,0,748018.867924528,0,0,444000,268075.471698113,0,0,0,0,0,10056.6037735849,867242.798742138,0,867242.798742138,393279.874213837,3022547.16981132,0,3022547.16981132,22773792.4528302,0,0,22773792.4528302,3217470.82389937,90295.3399054245,295683.087735849,385978.427641274,26182318.0502828,-564451.955974843,25991263.2767296,3408525.59745259,29399788.8741822,-26746770.0062576,2653018.86792453,0,441.509433962264,30.188679245283,471.698113207547,471.698113207547,0,2653018.86792453,0,0,0,0,0,0,2.07547169811321,2.07547169811321,0,0,6637.7358490566,0,0,6637.7358490566,1754.71698113208,900,854.716981132075,0,0,0,20.7547169811321,0,1775.47169811321,0,5.66037735849057,11.3207547169811,0,0,0,0,32.0754716981132,0,0,75.4716981132075,32.0754716981132,0,0,688.679245283019,0,0,428.301886792453,0,0,498.11320754717,0,0,0,0,3.77358490566038,0,0,0,0,0,0,0,0,0,0,0,0,0,0,15.2564102564103
4,0,0,0,0,0,5100,77400,0,0,0,0,99,1,403205,6,0.26,0.26,0,0,0,0.26,0.26,0,0,0,0,0,0,0,0,0.13,0.13,0,0,0,0.13,0.13,0,0,0,0,0,0,0,0,13.5,2,423.076923076923,634615.384615385,39230.7692307692,595384.615384615,0,0,0,0,0,39230.7692307692,595384.615384615,0,0,0,0,426000,100923.076923077,0,0,0,0,0,191230.769230769,1062122.72435897,33821.3076923077,1095944.03205128,0,2695615.38461538,0,2695615.38461538,3595353.84615385,0,0,3595353.84615385,2851918.26282051,132488.814927981,60119.6953846154,192608.510312596,6483577.74108183,-2588149.03205128,6447272.10897436,2888223.89492798,9335496.00390234,-9071726.77313311,263769.230769231,0,23.0769230769231,0,23.0769230769231,23.0769230769231,0,263769.230769231,0,0,0,0,0,0,3.07692307692308,3.07692307692308,3438.46153846154,0,0,0,0,3438.46153846154,176.923076923077,130.769230769231,46.1538461538462,0,0,0,69.2307692307692,0,246.153846153846,0,7.69230769230769,0,0,0,0,0,76.9230769230769,0,0,7.69230769230769,61.5384615384615,0,0,0,0,0,15.3846153846154,0,0,76.9230769230769,0,0,0,0,0,0,0,0,0,0,0,0,0,0,0,0,0,0,0,26.95
4,0,0,0,0,0,53040,101840,0,0,0,0,37,3,394684,6,0.64,0,0.64,0,0,0.64,0,0.64,0,0,0,0,0,0,0,0.64,0,0.64,0,0,0.64,0,0.64,0,0,0,0,0,0,0,21.3333333333333,1,531.25,242000,82875,159125,0,0,0,0,0,82875,159125,0,0,0,0,932171.875,1101640.625,0,0,0,0,0,51609.375,4150129.140625,70306.3322368421,4220435.47286184,0,3003671.875,0,3003671.875,14964579.6875,5770942.1875,422362.5,21157884.375,12831032.0390533,146446.060979235,285346.4709375,431792.531916735,18704858.0907253,18362342.9609467,28100425.7228618,3435464.40691674,31535890.1297786,-342515.129778575,31193375,0,4390.625,731.25,5121.875,5121.875,0,31193375,0,0,0,0,0,0,2.03125,2.03125,1743.75,0,0,0,0,1743.75,901.5625,692.1875,209.375,310.9375,209.375,101.5625,132.8125,0,1345.3125,0,7.8125,0,0,0,0,0,48.4375,0,332.8125,289.0625,21.875,0,0,365.625,0,0,67.1875,0,0,212.5,0,0,0,0,0,0,0,0,0,0,0,0,0,0,0,0,0,0,0,15.2564102564103
4,0,0,0,0,0,54400,0,0,0,0,140570,37,4,394684,6,1.5,0,1.5,0,0,0.17,0,0.17,0,0,1.33,0,1.33,0,0,1.4,0,1.4,0,0,0.07,0,0.07,0,0,1.33,0,1.33,0,0,25.7142857142857,2,571.428571428571,139264.285714286,38857.1428571429,100407.142857143,0,0,0,0,0,38857.1428571429,0,0,0,0,100407.142857143,243842.857142857,347521.428571429,0,0,0,0,0,76114.2857142857,1569668.18452381,3663.96428571429,1573332.14880952,18609.1071428571,71514.2857142857,1267928.57142857,1339442.85714286,6661825,249960,0,6911785,4311256.68452381,38885.1222302678,93780.1134642857,132665.235694554,6866004.52140884,3727900.45833333,9705153.11309524,1472108.09283741,11177261.2059326,-3138104.0630755,8039157.14285714,0,1412.85714285714,0,1412.85714285714,1412.85714285714,0,8039157.14285714,0,0,0,0,0,0,0.357142857142857,0.357142857142857,0,0,0,0,842.142857142857,842.142857142857,497.857142857143,243.571428571429,254.285714285714,17.1428571428571,17.1428571428571,0,15,0,530,0,28.5714285714286,0,0,0,0,0,27.8571428571429,0,28.5714285714286,57.1428571428571,22.8571428571429,0,0,0,0,0,180.714285714286,0,0,184.285714285714,0,0,0,0,0,0,0,0,0,0,0,0,0,0,0,0,0,0,0,17.8
4,0,0,0,0,0,54400,203690,0,0,0,0,37,3,394684,6,0.57,0,0.57,0,0,0.44,0,0.44,0,0,0.13,0,0.13,0,0,0.57,0,0.57,0,0,0.44,0,0.44,0,0,0.13,0,0.13,0,0,32,1,359.649122807017,452789.473684211,95438.5964912281,357350.877192982,0,0,0,0,0,95438.5964912281,357350.877192982,0,0,0,0,400859.649122807,1789298.24561403,0,0,0,0,0,52350.8771929825,5453756.43274854,157880.886426593,5611637.31917513,0,2283473.68421053,865052.631578947,3148526.31578947,13353326.3157895,5145749.12280702,463203.50877193,18962278.9473684,14841267.1664639,227467.363711911,263139.562894737,490606.926606648,16461764.5880898,13027399.5002028,27663898.5121576,3639133.24239612,31303031.7545537,-3434365.08788704,27868666.6666667,0,4108.77192982456,410.526315789474,4519.29824561403,4519.29824561403,0,27868666.6666667,0,0,0,0,0,0,5.96491228070175,5.96491228070175,1957.8947368421,0,0,0,0,1957.8947368421,901.754385964912,410.526315789474,491.228070175439,363.157894736842,278.947368421053,84.2105263157895,105.263157894737,0,1370.17543859649,0,7.01754385964912,0,0,0,0,0,31.578947368421,0,322.80701754386,580.701754385965,29.8245614035088,0,0,270.175438596491,0,0,56.140350877193,0,0,71.9298245614035,0,0,0,0,0,0,0,0,0,0,0,0,0,0,0,0,0,0,0,15.2564102564103
4,0,0,0,0,0,57800,0,0,0,0,18670,37,1,394684,6,0.13,0,0.13,0,0,0.13,0,0.13,0,0,0,0,0,0,0,0.13,0,0.13,0,0,0.13,0,0.13,0,0,0,0,0,0,0,36,2,769.230769230769,588230.769230769,444615.384615385,143615.384615385,0,0,0,0,0,444615.384615385,0,0,0,0,143615.384615385,1707538.46153846,2243153.84615385,0,0,0,0,0,80615.3846153846,522886.923076923,103837.044534413,626723.967611336,451627.884615385,3311769.23076923,0,3311769.23076923,33536192.3076923,810184.615384615,0,34346376.9230769,6902758.9291498,196532.046312449,473435.871923077,669967.918235526,37517929.4566971,21573241.0708502,40438951.2368421,3981737.14900476,44420688.3858469,-15944688.3858469,28476000,0,4200,0,4200,4200,0,28476000,0,0,0,0,0,0,23.8461538461538,23.8461538461538,0,0,0,0,907.692307692308,907.692307692308,2407.69230769231,1500,907.692307692308,61.5384615384615,30.7692307692308,30.7692307692308,92.3076923076923,0,2561.53846153846,0,38.4615384615385,0,0,0,0,0,115.384615384615,0,53.8461538461538,430.769230769231,46.1538461538462,0,0,1261.53846153846,0,123.076923076923,292.307692307692,0,0,184.615384615385,0,0,0,0,15.3846153846154,0,0,0,0,0,0,0,0,0,0,0,0,0,0,37.6818181818182
4,0,0,0,0,0,62560,0,0,0,0,33930,37,1,394684,6,0.2,0,0.2,0,0,0.2,0,0.2,0,0,0,0,0,0,0,0.2,0,0.2,0,0,0.2,0,0.2,0,0,0,0,0,0,0,20,2,1250,482450,312800,169650,0,0,0,0,0,312800,0,0,0,0,169650,1205950,911600,0,0,0,0,0,59850,821143.166666667,168735.394736842,989878.561403509,0,3404150,0,3404150,22329280,2253025,0,24582305,6297437.56140351,203224.228663026,330992.18325,534216.411913026,26267646.411913,16893962.4385965,28626717.5614035,3938366.41191303,32565083.9733165,-9373683.97331654,23191400,0,3590,0,3590,3590,0,23191400,0,0,0,0,0,0,15,15,0,0,0,0,4425,4425,1590,955,635,170,95,75,75,0,1835,0,15,0,0,0,0,0,100,0,30,570,55,0,0,620,0,135,150,0,0,150,0,0,0,0,10,0,0,0,0,0,0,0,0,0,0,0,0,0,0,37.6818181818182
4,0,0,0,0,0,75480,0,0,0,0,58150,37,2,394684,6,0.3,0,0.3,0,0,0.3,0,0.3,0,0,0,0,0,0,0,0.3,0,0.3,0,0,0.3,0,0.3,0,0,0,0,0,0,0,26,2,2333.33333333333,445433.333333333,251600,193833.333333333,0,0,0,0,0,251600,0,0,0,0,193833.333333333,1485033.33333333,1110866.66666667,0,0,0,0,0,19166.6666666667,544661.888888889,74993.4210526316,619655.30994152,0,1501833.33333333,0,1501833.33333333,16696000,4333363.33333333,0,21029363.3333333,8408202.64327485,76088.445226579,292691.8395,368780.284726579,18566613.6180599,16139797.3567251,25104202.6432749,1870613.61805991,26974816.2613348,-2426816.26133477,24548000,0,3800,0,3800,3800,0,24548000,0,0,0,0,0,0,10.3333333333333,10.3333333333333,0,0,0,0,1230,1230,1203.33333333333,26.6666666666667,1176.66666666667,313.333333333333,233.333333333333,80,223.333333333333,0,1740,0,20,0,0,0,0,0,216.666666666667,0,30,283.333333333333,40,0,0,723.333333333333,0,103.333333333333,120,0,0,196.666666666667,0,0,0,0,6.66666666666667,0,0,0,0,0,0,0,0,0,0,0,0,0,0,39.25
4,0,0,0,0,0,82960,0,0,66070,0,56550,37,2,394684,6,0.39,0,0.39,0,0,0.39,0,0.39,0,0,0,0,0,0,0,0.39,0,0.39,0,0,0.39,0,0.39,0,0,0,0,0,0,0,15,2,769.230769230769,527128.205128205,212717.948717949,314410.256410256,0,0,0,0,0,212717.948717949,0,0,169410.256410256,0,145000,1338307.69230769,1536743.58974359,0,0,0,0,0,22948.7179487179,1377253.38675214,103837.044534413,1481090.43128655,0,3696820.51282051,0,3696820.51282051,23565361.5384615,1272425.64102564,0,24837787.1794872,6573328.2774404,216328.507028289,343394.421923077,559722.928951366,27821904.9802334,20424876.8507647,30138689.8159019,4256543.44177188,34395233.2576738,-7397028.12946868,26998205.1282051,0,3802.5641025641,0,3802.5641025641,3802.5641025641,0,26998205.1282051,0,0,0,0,0,0,13.8461538461538,13.8461538461538,0,0,1805.12820512821,0,3782.05128205128,5587.17948717949,1548.71794871795,894.871794871795,653.846153846154,89.7435897435897,71.7948717948718,17.9487179487179,194.871794871795,0,1833.33333333333,0,17.9487179487179,0,28.2051282051282,0,0,0,164.102564102564,0,25.6410256410256,261.538461538462,125.641025641026,0,0,889.74358974359,0,69.2307692307692,171.794871794872,0,0,74.3589743589744,0,0,0,0,5.12820512820513,0,0,0,0,0,0,0,0,0,0,0,0,0,0,39.25
4,0,0,0,0,0,95200,0,0,0,0,0,99,3,403205,6,0.98,0.3,0.68,0,0,0.98,0.3,0.68,0,0,0,0,0,0,0,0.9,0.3,0.6,0,0,0.9,0.3,0.6,0,0,0,0,0,0,0,16.6666666666667,2,966.666666666667,105777.777777778,105777.777777778,0,0,0,0,0,0,105777.777777778,0,0,0,0,0,1222588.88888889,126477.777777778,93866.6666666667,0,0,0,0,342244.444444444,2417977.67592593,2510592.02573099,4928569.70165692,942872.5,3148277.77777778,0,3148277.77777778,13607868.8888889,2645583.33333333,0,16253452.2222222,10811186.0905458,235235.637637342,220454.5545,455690.192137342,17211836.858804,7892036.13167641,24419054.9794347,3603967.96991512,28023022.9493498,-9319800.7271276,18703222.2222222,1922.22222222222,0,0,0,730.444444444444,18703222.2222222,0,0,0,0,0,0,0,4.22222222222222,4.22222222222222,0,0,0,0,0,0,672.222222222222,636.666666666667,35.5555555555556,195.555555555556,117.777777777778,77.7777777777778,214.444444444444,0,1082.22222222222,0,0,0,0,0,0,0,117.777777777778,0,94.4444444444444,172.222222222222,0,0,0,416.666666666667,0,0,74.4444444444444,5.55555555555556,0,201.111111111111,0,0,0,0,0,0,0,0,0,0,0,0,0,0,0,0,0,0,0,12.6
4,0,0,0,100110,0,31280,0,0,0,0,0,37,1,394684,5,0.27,0,0.27,0,0,0.19,0,0.19,0,0,0.08,0,0.08,0,0,0.27,0,0.27,0,0,0.19,0,0.19,0,0,0.08,0,0.08,0,0,24,2,707.407407407407,486629.62962963,486629.62962963,0,0,0,0,370777.777777778,0,115851.851851852,0,0,0,0,0,1734851.85185185,1580777.77777778,0,0,7296.2962962963,0,0,78925.9259259259,9230529.16666666,205061.333333333,9435590.5,308810,2121111.11111111,902148.148148148,3023259.25925926,12955637.037037,4027200,0,16982837.037037,18956914.1296296,151595.6357625,253586.52,405182.1557625,15481930.3039106,32842900.6851852,31010403.0185185,3428441.41502176,34438844.4335403,17360970.3812745,51799814.8148148,0,7981.48148148148,0,7981.48148148148,7981.48148148148,0,51799814.8148148,0,0,0,0,877.777777777778,0,8.14814814814815,885.925925925926,0,0,0,0,0,0,759.259259259259,618.518518518518,140.740740740741,296.296296296296,177.777777777778,118.518518518519,125.925925925926,0,1181.48148148148,0,25.9259259259259,0,0,0,0,0,25.9259259259259,0,181.481481481481,396.296296296296,37.037037037037,0,0,411.111111111111,0,18.5185185185185,0,0,0,85.1851851851852,0,0,0,0,0,0,0,0,0,0,0,0,0,0,0,0,0,0,0,37.6818181818182
4,0,0,0,102970,0,12240,0,0,0,0,0,37,1,394684,6,0.24,0,0.24,0,0,0,0,0,0,0,0.24,0,0.24,0,0,0.2,0,0.2,0,0,0,0,0,0,0,0.2,0,0.2,0,0,26,2,450,576050,576050,0,0,0,0,514850,0,61200,0,0,0,0,0,2935150,1272350,0,0,0,0,0,10650,1807050.66666667,0,1807050.66666667,2130324,0,3451600,3451600,9100450,17109150,0,26209600,29687008.6666667,112293.81216,376696.17,488989.98216,9589439.98216,-13612408.6666667,35335858.6666667,3940589.98216,39276448.6488267,-23201848.6488267,16074600,3670,0,0,0,1394.6,16074600,0,0,0,0,0,1275,0,2,1277,0,0,0,0,0,0,460,130,330,1270,735,535,210,0,1940,0,0,0,0,0,0,0,95,0,0,1280,55,0,0,55,0,0,320,0,0,135,0,0,0,0,0,0,0,0,0,0,0,0,0,0,0,0,0,0,0,37.6818181818182
4,0,0,0,107970,0,4760,0,0,0,0,0,38,3,370532,6,0.66,0.09,0.57,0,0,0.66,0.09,0.57,0,0,0,0,0,0,0,0.66,0.09,0.57,0,0,0.66,0.09,0.57,0,0,0,0,0,0,0,23.25,2,560.606060606061,170803.03030303,170803.03030303,0,0,0,0,163590.909090909,0,7212.12121212121,0,0,0,0,0,848212.121212121,892227.272727273,42166.6666666667,0,0,0,0,0,184525.669191919,11811.6215344939,196337.290726413,0,864696.96969697,0,864696.96969697,7061586.36363636,1117072.72727273,0,8178659.09090909,3637351.10890823,21374.6099255077,123104.628409091,144479.238334599,8070762.57166793,4317194.34563722,10698937.4725446,1009176.20803157,11708113.6805762,-3753568.22603071,7954545.45454545,0,946.969696969697,946.969696969697,1893.93939393939,1893.93939393939,0,7954545.45454545,0,0,0,0,207.575757575758,0,0.606060606060606,208.181818181818,0,0,0,0,0,0,437.878787878788,213.636363636364,224.242424242424,84.8484848484848,42.4242424242424,42.4242424242424,80.3030303030303,0,603.030303030303,0,30.3030303030303,0,0,0,0,0,60.6060606060606,0,83.3333333333333,300,12.1212121212121,0,0,56.0606060606061,0,0,0,0,0,60.6060606060606,0,0,0,0,0,0,0,0,0,0,0,0,0,0,0,0,0,0,0,10.8461538461538
4,0,0,0,10800,0,48280,0,0,0,0,0,37,1,394684,6,0.1,0.1,0,0,0,0.1,0.1,0,0,0,0,0,0,0,0,0.1,0.1,0,0,0,0.1,0.1,0,0,0,0,0,0,0,0,44,2,400,590800,590800,0,0,0,0,108000,0,482800,0,0,0,0,0,1657100,480800,0,0,0,0,0,24500,1171961.375,53995.2631578947,1225956.63815789,0,11013500,0,11013500,21683150,441360,0,22124510,4815200.63815789,210617.928638585,302264.1765,512882.105138585,33209532.1051386,20055799.3618421,26498350.6381579,11526382.1051386,38024732.7432965,-13153732.7432965,24871000,0,3850,0,3850,3850,0,24871000,0,0,0,0,200,0,16,216,0,0,0,0,0,0,1530,940,590,40,0,40,80,0,1650,0,20,0,0,0,0,0,60,0,60,360,20,0,0,680,0,80,250,0,0,110,0,0,0,0,10,0,0,0,0,0,0,0,0,0,0,0,0,0,0,37.6818181818182
4,0,0,0,117790,0,127840,0,0,0,0,67860,37,2,394684,6,0.44,0.44,0,0,0,0.44,0.44,0,0,0,0,0,0,0,0,0.44,0.44,0,0,0,0.44,0.44,0,0,0,0,0,0,0,0,23,2,1045.45454545455,712477.272727273,558250,154227.272727273,0,0,0,267704.545454545,0,290545.454545455,0,0,0,0,154227.272727273,1270022.72727273,901454.545454545,0,0,0,0,0,36568.1818181818,398051.524621212,25624.3720095694,423675.896630782,138534.090909091,3071931.81818182,0,3071931.81818182,22237843.1818182,697029.545454545,0,22934872.7272727,4574446.26026715,72460.8163122981,314143.054772727,386603.871085025,25696378.871085,9637553.73973285,26812289.4420853,3458535.68926684,30270825.1313522,-16058825.1313522,14212000,0,2200,0,2200,2200,0,14212000,0,0,0,0,445.454545454545,0,13.1818181818182,458.636363636364,0,0,0,0,4022.72727272727,4022.72727272727,1406.81818181818,765.909090909091,640.909090909091,50,34.0909090909091,15.9090909090909,240.909090909091,0,1697.72727272727,0,9.09090909090909,0,0,0,0,0,165.909090909091,0,27.2727272727273,213.636363636364,104.545454545455,0,0,788.636363636364,0,122.727272727273,131.818181818182,0,0,129.545454545455,0,0,0,0,4.54545454545455,0,0,0,0,0,0,0,0,0,0,0,0,0,0,39.25
4,0,0,0,12760,0,0,213880,0,0,0,0,37,1,394684,6,0.15,0,0.15,0,0,0,0,0,0,0,0.15,0,0.15,0,0,0.15,0,0.15,0,0,0,0,0,0,0,0.15,0,0.15,0,0,26,2,600,1510933.33333333,85066.6666666667,1425866.66666667,0,0,0,85066.6666666667,0,0,1425866.66666667,0,0,0,0,1358133.33333333,793533.333333333,0,0,0,0,0,0,2539650.02777778,54715.2,2594365.22777778,307555.333333333,0,2892733.33333333,2892733.33333333,18177186.6666667,3930293.33333333,0,22107480,13782231.2277778,133398.48701475,314310.942,447709.42901475,18624896.0956814,231368.772222223,29066684.5611111,3340442.76234808,32407127.3234592,-18393527.3234592,14013600,700,2080,66.6666666666667,2146.66666666667,2412.66666666667,3066000,10947600,0,0,0,0,133.333333333333,0,0,133.333333333333,8933.33333333333,0,0,0,0,8933.33333333333,1233.33333333333,880,353.333333333333,313.333333333333,186.666666666667,126.666666666667,66.6666666666667,0,1613.33333333333,0,13.3333333333333,0,0,0,0,0,46.6666666666667,0,226.666666666667,733.333333333333,53.3333333333333,0,0,380,0,0,86.6666666666667,0,0,73.3333333333333,0,0,0,0,0,0,0,0,0,0,0,0,0,0,0,0,0,0,0,37.6818181818182
4,0,0,0,12760,0,0,534680,0,0,0,0,37,1,394684,6,0.5,0,0.5,0,0,0.34,0,0.34,0,0,0.16,0,0.16,0,0,0.3,0,0.3,0,0,0.2,0,0.2,0,0,0.1,0,0.1,0,0,12,2,633.333333333333,1824800,42533.3333333333,1782266.66666667,0,0,0,42533.3333333333,0,0,1782266.66666667,0,0,0,0,1131200,298033.333333333,0,0,657900,0,0,47366.6666666667,1592120.55555556,82492.9824561403,1674613.5380117,166022.333333333,1401733.33333333,986166.666666667,2387900,11005200,0,0,11005200,7180786.5380117,182473.652054013,182822.67,365296.322054013,12772229.6553873,87446.7953216359,17199819.871345,2753196.32205401,19953016.193399,-12684782.8600657,7268233.33333333,0,1003.33333333333,260,1263.33333333333,1263.33333333333,0,7268233.33333333,0,0,0,0,66.6666666666667,0,0,66.6666666666667,11163.3333333333,0,0,0,0,11163.3333333333,660,536.666666666667,123.333333333333,0,0,0,96.6666666666667,0,756.666666666667,0,3.33333333333333,0,0,0,0,0,53.3333333333333,0,113.333333333333,133.333333333333,56.6666666666667,0,0,216.666666666667,0,0,93.3333333333333,0,0,86.6666666666667,0,0,0,0,0,0,0,0,0,0,0,0,0,0,0,0,0,0,0,37.6818181818182
4,0,0,0,157050,0,10200,0,0,0,0,0,37,3,394684,6,0.57,0,0.57,0,0,0,0,0,0,0,0.57,0,0.57,0,0,0.57,0,0.57,0,0,0,0,0,0,0,0.57,0,0.57,0,0,16.2,2,1017.54385964912,293421.052631579,293421.052631579,0,0,0,0,275526.315789474,0,17894.7368421053,0,0,0,0,0,464877.192982456,898245.614035088,0,0,0,0,0,33649.1228070175,4708576.37426901,142092.797783933,4850669.17205294,0,0,2768157.89473684,2768157.89473684,12994101.754386,1207657.89473684,0,14201759.6491228,10911361.9439828,332073.758260595,193087.224473684,525160.98273428,13519262.7371202,-617309.312403817,21137305.8036319,3293318.87747112,24430624.681103,-14136572.0495241,10294052.6315789,0,1478.94736842105,191.228070175439,1670.17543859649,1670.17543859649,0,10294052.6315789,0,0,0,0,689.473684210526,0,0.175438596491228,689.649122807018,0,0,0,0,0,0,763.157894736842,735.087719298246,28.0701754385965,78.9473684210526,78.9473684210526,0,96.4912280701754,0,938.59649122807,0,3.50877192982456,0,3.50877192982456,0,0,0,36.8421052631579,0,129.824561403509,219.298245614035,7.01754385964912,0,0,424.561403508772,0,0,50.8771929824561,0,0,63.1578947368421,0,0,0,0,0,0,0,0,0,0,0,0,0,0,0,0,0,0,0,15.2564102564103
4,0,0,0,157050,0,19040,0,0,0,0,0,37,3,394684,5,0.63,0.44,0.19,0,0,0.4,0.21,0.19,0,0,0.23,0.23,0,0,0,0.63,0.44,0.19,0,0,0.4,0.21,0.19,0,0,0.23,0.23,0,0,0,23.5,2,746.031746031746,279507.936507936,279507.936507936,0,0,0,0,249285.714285714,0,30222.2222222222,0,0,0,0,0,497365.079365079,1436317.46031746,0,0,0,0,0,22555.5555555556,4781457.52645503,70936.634085213,4852394.16054024,0,1716380.95238095,1095746.03174603,2812126.98412698,19158666.6666667,1253857.14285714,0,20412523.8095238,9832427.36688944,204616.639768195,275176.478571429,479793.118339624,21354840.7373872,53371493.2680312,27895348.0018101,3291920.10246661,31187268.1042767,32016652.5306439,63203920.6349206,0,8673.01587301587,1239.68253968254,9912.69841269841,9912.69841269841,0,63203920.6349206,0,0,0,0,623.809523809524,0,0.317460317460317,624.126984126984,0,0,0,0,0,0,1371.42857142857,630.15873015873,741.269841269841,95.2380952380952,47.6190476190476,47.6190476190476,87.3015873015873,0,1553.96825396825,0,6.34920634920635,0,3.17460317460317,0,0,0,33.3333333333333,0,515.873015873016,603.174603174603,7.93650793650793,0,0,285.714285714286,0,0,34.9206349206349,0,0,63.4920634920635,0,0,0,0,0,0,0,0,0,0,0,0,0,0,0,0,0,0,0,15.2564102564103
4,0,0,0,18160,0,24140,0,0,0,0,0,33,3,411291,6,0.26,0,0,0.26,0,0,0,0,0,0,0.26,0,0,0.26,0,0.26,0,0,0.26,0,0,0,0,0,0,0.26,0,0,0.26,0,24,2,384.615384615385,162692.307692308,162692.307692308,0,0,0,0,69846.1538461538,0,92846.1538461538,0,0,0,0,0,2085961.53846154,170500,0,0,0,0,0,0,1713729.23076923,86323.5708502024,1800052.80161943,0,0,1896461.53846154,1896461.53846154,10340019.2307692,457600,0,10797619.2307692,6984559.18623482,174708.45490418,160583.792884615,335292.247788796,10675311.478558,-4794789.95546559,15428116.8785425,2231753.78625033,17659870.6647928,-15470101.4340236,2189769.23076923,142.307692307692,38.4615384615385,38.4615384615385,76.9230769230769,131,1582461.53846154,607307.692307692,0,0,0,0,150,0,5,155,0,0,0,0,0,0,900,0,900,30.7692307692308,30.7692307692308,0,46.1538461538462,0,976.923076923077,0,3.84615384615385,0,0,0,0,0,146.153846153846,0,3.84615384615385,23.0769230769231,7.69230769230769,0,0,230.769230769231,0,0,257.692307692308,0,0,303.846153846154,0,0,0,0,0,0,0,0,0,0,0,0,0,0,0,0,0,0,0,12.8823529411765
4,0,0,0,18650,0,0,25060,0,0,0,0,99,1,403205,6,0.2,0.1,0,0,0.1,0.2,0.1,0,0,0.1,0,0,0,0,0,0.1,0.05,0,0,0.05,0.1,0.05,0,0,0.05,0,0,0,0,0,19.5,2,70,437100,186500,250600,0,0,0,186500,0,0,250600,0,0,0,0,61000,0,0,0,0,0,0,22000,260981.25,0,260981.25,0,1001200,0,1001200,981380,0,0,981380,1184286.25,44075.81840625,18242.982,62318.80040625,2044898.80040625,-795086.25,2165666.25,1063518.80040625,3229185.05040625,-2839985.05040625,389200,40,0,0,0,15.2,389200,0,0,0,0,0,300,0,0,300,1790,0,0,0,0,1790,90,10,80,0,0,0,0,0,90,0,0,0,0,0,0,0,10,0,0,10,70,0,0,0,0,0,0,0,0,0,0,0,0,0,0,0,0,0,0,0,0,0,0,0,0,0,0,0,0,26.95
4,0,0,0,19630,111270,26660,1041870,0,0,0,0,99,3,403205,6,0.26,0.23,0.02,0,0.01,0.26,0.23,0.02,0,0.01,0,0,0,0,0,0.26,0.23,0.02,0,0.01,0.26,0.23,0.02,0,0.01,0,0,0,0,0,15,2,576.923076923077,4613192.30769231,606000,4007192.30769231,0,0,0,75500,427961.538461538,102538.461538462,4007192.30769231,0,0,0,0,949961.538461538,353692.307692308,0,0,0,0,0,145307.692307692,5714968.97435897,4006329.79554656,9721298.76990553,0,3080653.84615385,0,3080653.84615385,8899592.30769231,817265.384615385,0,9716857.69230769,17003923.0006748,526317.707638968,191714.990192308,718032.697831275,12698278.8516774,-13724538.3852901,25903515.3083671,3798686.54398512,29702201.8523522,-26422817.2369676,3279384.61538462,280.769230769231,0,0,0,106.692307692308,3279384.61538462,0,0,0,0,0,76.9230769230769,1380.76923076923,4.23076923076923,1461.92307692308,32634.6153846154,0,0,0,0,32634.6153846154,461.538461538462,415.384615384615,46.1538461538462,53.8461538461538,53.8461538461538,0,130.769230769231,0,646.153846153846,0,0,0,0,0,0,0,103.846153846154,0,15.3846153846154,50,84.6153846153846,0,0,269.230769230769,0,11.5384615384615,46.1538461538462,0,0,65.3846153846154,0,0,0,0,0,0,0,0,0,0,0,0,0,0,0,0,0,0,0,12.6
4,0,0,0,200240,0,807420,0,0,0,0,226190,37,4,394684,6,2.3,2,0.3,0,0,2.3,2,0.3,0,0,0,0,0,0,0,2.3,2,0.3,0,0,2.3,2,0.3,0,0,0,0,0,0,0,29.3333333333333,2,321.739130434783,536456.52173913,438113.043478261,98343.4782608696,0,0,0,87060.8695652174,0,351052.173913044,0,0,0,0,98343.4782608696,1448882.60869565,830339.130434783,0,0,0,0,0,25700,240711.639492754,29423.5057208238,270135.145213577,88358.5144927536,1079582.60869565,0,1079582.60869565,7905913.04347826,3431257.82608696,27331.7391304348,11364502.6086957,7034085.84954203,50805.9576133739,172601.452565217,223407.410178591,9227962.69860376,10617009.8026319,14959058.5292716,1302990.01887424,16262048.5481458,1389047.10402812,17651095.6521739,0,2375.65217391304,0,2375.65217391304,2375.65217391304,0,17651095.6521739,0,0,0,0,170.869565217391,0,19.1304347826087,190,0,0,0,0,2564.78260869565,2564.78260869565,401.304347826087,234.782608695652,166.521739130435,185.217391304348,173.478260869565,11.7391304347826,155.652173913043,38.2608695652174,780.434782608696,0,9.56521739130435,0,23.0434782608696,0,0,0,100.869565217391,0,14.7826086956522,149.565217391304,32.6086956521739,0,0,268.695652173913,0,31.7391304347826,81.304347826087,0,0,66.5217391304348,0,0,0,0,1.73913043478261,0,0,0,0,0,0,0,0,0,0,0,0,0,0,17.8
4,0,0,0,226740,0,189710,1247600,0,0,0,0,37,3,394684,5,0.68,0,0.68,0,0,0.68,0,0.68,0,0,0,0,0,0,0,0.68,0,0.68,0,0,0.68,0,0.68,0,0,0,0,0,0,0,21.5,2,544.117647058824,2447132.35294118,612426.470588235,1834705.88235294,0,0,0,333441.176470588,0,278985.294117647,1834705.88235294,0,0,0,0,1357279.41176471,803382.352941177,0,0,2897.05882352941,129691.176470588,0,39176.4705882353,4328634.52205883,1826954.57983193,6155589.10189076,919556.617647059,3003661.76470588,0,3003661.76470588,19889254.4117647,1542385.29411765,258850,21690489.7058824,13810402.6700162,502415.776442411,321611.089632353,824026.866074764,23957164.209714,29429538.5064544,33939878.2489496,3827688.63078065,37767566.8797302,5472374.29674036,43239941.1764706,7401.47058823529,964.705882352941,23.5294117647059,988.235294117647,3800.79411764706,36939470.5882353,6300470.5882353,0,0,0,0,780.882352941177,0,20.8823529411765,801.764705882353,21342.6470588235,0,0,0,0,21342.6470588235,1166.17647058824,936.764705882353,229.411764705882,154.411764705882,0,154.411764705882,200,0,1520.58823529412,0,11.7647058823529,0,255.882352941176,0,0,0,32.3529411764706,0,44.1176470588235,507.352941176471,73.5294117647059,0,0,276.470588235294,0,7.35294117647059,111.764705882353,0,0,148.529411764706,0,0,0,0,51.4705882352941,0,0,0,0,0,0,0,0,0,0,0,0,0,0,15.2564102564103
4,0,0,0,235580,0,39440,0,0,0,0,0,37,1,394684,6,0.19,0,0.19,0,0,0.11,0,0.11,0,0,0.08,0,0.08,0,0,0.19,0,0.19,0,0,0.11,0,0.11,0,0,0.08,0,0.08,0,0,25.5,2,684.210526315789,1447473.68421053,1447473.68421053,0,0,0,0,1239894.73684211,0,207578.947368421,0,0,0,0,0,1348578.94736842,2062789.47368421,0,0,0,0,0,52368.4210526316,13053689.3640351,319708.79501385,13373398.1590489,2437798.24561404,1580894.73684211,1038052.63157895,2618947.36842105,44394689.4736842,2148726.31578947,0,46543415.7894737,24303869.8783472,553140.638319235,625173.709736842,1178314.34805608,47153898.5585824,-6815448.82571561,67660506.7204524,3797261.71647713,71457768.4369296,-53969347.384298,17488421.0526316,0,2463.15789473684,0,2463.15789473684,2463.15789473684,0,17488421.0526316,0,0,0,0,3100,0,5.78947368421053,3105.78947368421,0,0,0,0,0,0,2931.57894736842,1673.68421052632,1257.89473684211,194.736842105263,0,194.736842105263,326.315789473684,0,3452.63157894737,0,10.5263157894737,0,10.5263157894737,0,0,0,100,0,715.789473684211,842.105263157895,52.6315789473684,0,0,1089.47368421053,0,0,252.631578947368,0,0,378.947368421053,0,0,0,0,0,0,0,0,0,0,0,0,0,0,0,0,0,0,0,37.6818181818182
4,0,0,0,246370,0,34000,0,0,0,0,0,37,2,394684,5,0.48,0,0.48,0,0,0.48,0,0.48,0,0,0,0,0,0,0,0.48,0,0.48,0,0,0.48,0,0.48,0,0,0,0,0,0,0,41,2,416.666666666667,584104.166666667,584104.166666667,0,0,0,0,513270.833333333,0,70833.3333333333,0,0,0,0,0,5770979.16666667,1814000,0,0,0,0,0,1232875,1831765.859375,32059.6875,1863825.546875,225816.319444444,3128833.33333333,0,3128833.33333333,8056681.25,24170743.75,0,32227425,36057027.9496528,225797.115585937,505797.0075,731594.123085937,11917108.7064193,33376409.5503472,44113709.1996528,3860427.45641927,47974136.6560721,21459300.8439279,69433437.5,0,12035.4166666667,0,12035.4166666667,12035.4166666667,0,69433437.5,0,0,0,0,1227.08333333333,0,12.5,1239.58333333333,0,0,0,0,0,0,383.333333333333,87.5,295.833333333333,929.166666666667,685.416666666667,243.75,208.333333333333,677.083333333333,2197.91666666667,0,168.75,0,0,0,0,0,93.75,0,79.1666666666667,995.833333333333,45.8333333333333,0,0,95.8333333333333,0,45.8333333333333,177.083333333333,0,0,495.833333333333,0,0,0,0,0,0,0,0,0,0,0,0,0,0,0,0,0,0,0,39.25
4,0,0,0,25320,0,10200,0,0,0,0,0,37,1,394684,6,0.29,0,0.29,0,0,0.16,0,0.16,0,0,0.13,0,0.13,0,0,0.29,0,0.29,0,0,0.16,0,0.16,0,0,0.13,0,0.13,0,0,20.3333333333333,2,827.586206896552,122482.75862069,122482.75862069,0,0,0,0,87310.3448275862,0,35172.4137931034,0,0,0,0,0,1007965.51724138,794758.620689655,0,0,0,1664620.68965517,0,85724.1379310345,2631799.59770115,180156.609195402,2811956.20689655,0,811344.827586207,680103.448275862,1491448.27586207,12717331.0344828,1846441.37931034,130062.068965517,14693834.4827586,9425226.44132056,318046.500977586,223188.042413793,541234.543391379,14183482.791726,976670.110403573,21576026.4137931,2032682.81925345,23608709.2330466,-13206812.6813224,10401896.5517241,0,1506.89655172414,213.793103448276,1720.68965517241,1720.68965517241,0,10401896.5517241,0,0,0,0,203.448275862069,0,1.37931034482759,204.827586206897,0,0,0,0,0,0,872.413793103448,700,172.413793103448,86.2068965517241,58.6206896551724,27.5862068965517,20.6896551724138,37.9310344827586,1017.24137931034,37.9310344827586,41.3793103448276,0,0,0,0,0,55.1724137931034,0,48.2758620689655,196.551724137931,27.5862068965517,0,0,348.275862068965,0,62.0689655172414,103.448275862069,0,0,82.7586206896552,0,0,0,0,13.7931034482759,0,0,0,0,0,0,0,0,0,0,0,0,0,0,37.6818181818182
4,0,0,0,26500,0,62560,274980,0,0,0,0,37,2,394684,6,0.28,0,0.28,0,0,0.28,0,0.28,0,0,0,0,0,0,0,0.2,0,0.2,0,0,0.2,0,0.2,0,0,0,0,0,0,0,9,2,575,1820200,445300,1374900,0,0,0,132500,0,312800,1374900,0,0,0,0,1661100,636450,0,0,0,0,0,0,3364915.52083333,35996.8421052632,3400912.3629386,1259256.25,3003650,0,3003650,28760405,0,0,28760405,9172602.6129386,343173.843285691,399469.58325,742643.426535691,32506698.4265357,1489147.3870614,37933007.6129386,3746293.42653569,41679301.0394743,-31017551.0394743,10661750,0,1795,80,1875,1875,0,10661750,0,0,0,0,295,0,6,301,6700,0,0,0,0,6700,1875,1865,10,0,0,0,50,0,1925,0,15,0,0,0,0,0,75,0,0,240,105,0,0,485,0,0,425,0,0,570,0,0,0,0,10,0,0,0,0,0,0,0,0,0,0,0,0,0,0,39.25
4,0,0,0,274840,0,53040,285160,0,0,0,0,37,3,394684,6,0.66,0,0.66,0,0,0.66,0,0.66,0,0,0,0,0,0,0,0.66,0,0.66,0,0,0.66,0,0.66,0,0,0,0,0,0,0,26,1,530.30303030303,928848.484848485,496787.878787879,432060.606060606,0,0,0,416424.242424242,0,80363.6363636364,432060.606060606,0,0,0,0,755075.757575758,1316469.6969697,0,0,0,0,0,29060.6060606061,6552092.99242424,97150.5681818182,6649243.56060606,0,1517000,0,1517000,9860981.81818182,2539024.24242424,380990.909090909,12780996.969697,12690418.0163499,215999.441590909,192096.985909091,408096.4275,12089057.4869076,12402703.1957713,22854379.0757576,1925096.4275,24779475.5032576,313645.708863642,25093121.2121212,0,3548.48484848485,709.090909090909,4257.57575757576,4257.57575757576,0,25093121.2121212,0,0,0,0,1189.39393939394,0,3.63636363636364,1193.0303030303,2706.06060606061,0,0,0,0,2706.06060606061,600,375.757575757576,224.242424242424,203.030303030303,101.515151515152,101.515151515152,101.515151515152,0,904.545454545455,0,6.06060606060606,0,0,0,0,0,42.4242424242424,0,262.121212121212,354.545454545455,24.2424242424242,0,0,146.969696969697,0,0,6.06060606060606,0,0,62.1212121212121,0,0,0,0,0,0,0,0,0,0,0,0,0,0,0,0,0,0,0,15.2564102564103
4,0,0,0,314100,0,40800,0,0,0,0,0,37,3,394684,5,0.93,0,0.93,0,0,0.93,0,0.93,0,0,0,0,0,0,0,0.93,0,0.93,0,0,0.93,0,0.93,0,0,0,0,0,0,0,27.3333333333333,2,419.354838709677,381612.903225806,381612.903225806,0,0,0,0,337741.935483871,0,43870.9677419355,0,0,0,0,0,431935.483870968,1318021.50537634,0,0,0,0,0,17182.7956989247,4190997.96594982,82154.0831918506,4273152.04914167,715935.035842294,2691462.3655914,0,2691462.3655914,8649969.89247312,10046297.8494624,1426256.98924731,20122524.7311828,18345210.0120891,495944.217933616,270596.020645161,766540.238578778,12767841.0964199,39127080.3104915,27655048.5043388,3458002.60417018,31113051.108509,26359239.2140717,57472290.3225806,0,8393.54838709677,839.784946236559,9233.33333333333,9233.33333333333,0,57472290.3225806,0,0,0,0,845.161290322581,0,3.2258064516129,848.387096774194,0,0,0,0,0,0,567.741935483871,300,267.741935483871,689.247311827957,649.462365591398,39.7849462365591,68.8172043010753,0,1325.8064516129,0,9.67741935483871,0,0,0,0,0,24.7311827956989,0,251.612903225806,844.086021505376,17.2043010752688,0,0,125.806451612903,0,0,4.3010752688172,0,0,48.3870967741935,0,0,0,0,0,0,0,0,0,0,0,0,0,0,0,0,0,0,0,15.2564102564103
4,0,0,0,32390,0,54400,0,0,0,0,0,99,1,403205,6,0.2,0,0,0.2,0,0.2,0,0,0.2,0,0,0,0,0,0,0.2,0,0,0.2,0,0.2,0,0,0.2,0,0,0,0,0,0,15,2,1000,433950,433950,0,0,0,0,161950,0,272000,0,0,0,0,0,1905150,219950,0,0,0,0,0,0,88663,26380.5,115043.5,0,10012250,0,10012250,3462395,3542805,150870,7156070,6696404.38938931,38590.82514,118038.708,156629.53314,13705843.6437507,-4373504.38938931,10233368.5,10168879.53314,20402248.03314,-18079348.03314,2322900,90,50,0,50,84.2,1751400,571500,0,0,0,0,295,0,5.5,300.5,0,0,0,0,0,0,135,115,20,240,95,145,90,15,480,0,0,0,0,0,0,0,80,0,0,150,10,0,0,170,0,0,0,0,40,30,0,0,0,0,0,0,0,0,0,0,0,0,0,0,0,0,0,0,0,26.95
4,0,0,0,32390,21330,32500,896230,0,0,0,0,33,2,411291,6,0.35,0,0.35,0,0,0.35,0,0.35,0,0,0,0,0,0,0,0.35,0,0.35,0,0,0.35,0,0.35,0,0,0,0,0,0,0,18,2,1000,2807000,246342.857142857,2560657.14285714,0,0,0,92542.8571428571,60942.8571428571,92857.1428571429,2560657.14285714,0,0,0,0,1195342.85714286,694057.142857143,0,0,1251857.14285714,0,0,260714.285714286,673953.761904762,10144.1368421053,684097.898746867,239598.571428571,2288514.28571429,0,2288514.28571429,11141722.8571429,0,0,11141722.8571429,7543958.89874687,108401.790358201,210810.935571429,319212.72592963,13749449.8687868,-1005216.04160401,18685681.7558897,2607727.01164392,21293408.7675336,-14754665.9103908,6538742.85714286,300,148.571428571429,0,148.571428571429,262.571428571429,4380000,2158742.85714286,0,0,0,0,168.571428571429,8.57142857142857,50.8571428571429,228,6380,0,0,0,0,6380,677.142857142857,451.428571428571,225.714285714286,0,0,0,117.142857142857,0,794.285714285714,0,5.71428571428571,0,120,0,0,0,145.714285714286,0,28.5714285714286,137.142857142857,25.7142857142857,0,0,194.285714285714,0,17.1428571428571,77.1428571428572,0,0,42.8571428571429,0,0,0,0,0,0,0,0,0,0,0,0,0,0,0,0,0,0,0,17.4705882352941
4,0,0,0,343550,0,560950,1130470,0,0,0,0,37,2,394684,5,1,1,0,0,0,1,1,0,0,0,0,0,0,0,0,1,1,0,0,0,1,1,0,0,0,0,0,0,0,0,27.75,2,445,2034970,904500,1130470,0,0,0,343550,0,560950,1130470,0,0,0,0,2202450,1830100,1043610,0,0,0,0,23090,3431658.86458333,204327.075,3635985.93958333,301056.666666667,3183880,0,3183880,6511878,12012271,930378,19454527,24081535.6139187,239510.439268312,323053.27605,562563.715318312,10585381.7076496,75576794.3860813,30920473.60625,3746443.71531831,34666917.3215683,64991412.6784317,99658330,5872,11761,0,11761,13992.36,24505540,75152790,0,0,0,0,1964,0,21.6,1985.6,20095,0,0,0,0,20095,344,179,165,966,257,709,119,74,1503,0,222,0,0,0,0,0,41,0,0,884,138,0,0,48,0,2,143,0,0,25,0,0,0,0,0,0,0,0,0,0,0,0,0,0,0,0,0,0,0,39.25
4,0,0,0,3630,0,9320,1326420,0,0,0,1650,33,1,411291,6,0.26,0.26,0,0,0,0.26,0.26,0,0,0,0,0,0,0,0,0.26,0.26,0,0,0,0.26,0.26,0,0,0,0,0,0,0,0,18,2,1134.61538461538,5157769.23076923,49807.6923076923,5107961.53846154,0,0,0,13961.5384615385,0,35846.1538461538,5101615.38461538,0,0,0,6346.15384615385,1123423.07692308,594423.076923077,0,0,0,0,0,20500,607259.53525641,763326.923076923,1370586.45833333,0,3080692.30769231,0,3080692.30769231,11552011.5384615,3747103.84615385,0,15299115.3846154,12425096.6891026,56099.9199699519,269672.053846154,325771.973816106,14958475.81997,18647787.9262821,23977108.2275641,3406464.28150841,27383572.5090725,3689312.1063121,31072884.6153846,1611.53846153846,519.230769230769,0,519.230769230769,1131.61538461538,23528461.5384615,7544423.07692308,0,0,0,0,1.92307692307692,0,3.07692307692308,5,25419.2307692308,0,0,0,1.53846153846154,25420.7692307692,811.538461538462,484.615384615385,326.923076923077,284.615384615385,142.307692307692,142.307692307692,42.3076923076923,0,1138.46153846154,0,19.2307692307692,0,15.3846153846154,0,0,0,65.3846153846154,0,115.384615384615,592.307692307692,107.692307692308,0,0,223.076923076923,0,0,0,0,0,0,0,0,0,0,0,0,0,0,0,0,0,0,0,0,0,0,0,0,0,34.0909090909091
4,0,0,0,38280,0,25700,305530,0,0,0,0,37,1,394684,6,0.19,0,0.19,0,0,0.19,0,0.19,0,0,0,0,0,0,0,0.19,0,0.19,0,0,0.19,0,0.19,0,0,0,0,0,0,0,14,2,789.473684210526,1944789.47368421,336736.842105263,1608052.63157895,0,0,0,201473.684210526,0,135263.157894737,1608052.63157895,0,0,0,0,1779052.63157895,1388578.94736842,0,0,270052.631578947,0,0,560842.105263158,3938326.44736842,184128.653047091,4122455.10041551,2315335.0877193,3003684.21052632,0,3003684.21052632,14719784.2105263,1103400,0,15823184.2105263,13879189.9776085,633914.076633968,264462.975,898377.051633968,18621845.4726866,7127178.44344414,28598974.1881348,3902061.26216028,32501035.4502951,-11494667.0292425,21006368.4210526,0,3289.47368421053,326.315789473684,3615.78947368421,3615.78947368421,0,21006368.4210526,0,0,0,0,310.526315789474,0,1.57894736842105,312.105263157895,17626.3157894737,0,0,0,0,17626.3157894737,963.157894736842,642.105263157895,321.052631578947,100,0,100,89.4736842105263,0,1152.63157894737,0,15.7894736842105,0,0,0,0,0,42.1052631578947,0,431.578947368421,310.526315789474,52.6315789473684,0,0,173.684210526316,0,0,78.9473684210526,0,0,47.3684210526316,0,0,0,0,0,0,0,0,0,0,0,0,0,0,0,0,0,0,0,37.6818181818182
4,0,0,0,39260,0,0,0,0,0,0,34680,37,3,394684,6,0.37,0,0.37,0,0,0.37,0,0.37,0,0,0,0,0,0,0,0.35,0,0.35,0,0,0.35,0,0.35,0,0,0,0,0,0,0,20,2,942.857142857143,211257.142857143,112171.428571429,99085.7142857143,0,0,0,112171.428571429,0,0,0,0,0,0,99085.7142857143,427857.142857143,663000,0,0,0,0,0,81200,2313794.54761905,0,2313794.54761905,0,4291000,0,4291000,11139585.7142857,1128471.42857143,0,12268057.1428571,5220264.26190476,95916.7851557143,165864.162857143,261780.948012857,15692366.6622986,11197792.8809524,16359849.9761905,4552780.94801286,20912630.9242033,-4494573.78134619,16418057.1428571,0,2974.28571428571,0,2974.28571428571,2974.28571428571,0,16418057.1428571,0,0,0,0,280,0,0,280,0,0,0,0,842.857142857143,842.857142857143,742.857142857143,591.428571428571,151.428571428571,85.7142857142857,42.8571428571429,42.8571428571429,34.2857142857143,0,862.857142857143,0,114.285714285714,0,0,0,0,0,60,0,85.7142857142857,177.142857142857,45.7142857142857,0,0,0,0,0,157.142857142857,0,0,222.857142857143,0,0,0,0,0,0,0,0,0,0,0,0,0,0,0,0,0,0,0,15.2564102564103
4,0,0,0,39260,0,32640,101840,0,0,0,0,37,1,394684,6,0.19,0.19,0,0,0,0.19,0.19,0,0,0,0,0,0,0,0,0.19,0.19,0,0,0,0.19,0.19,0,0,0,0,0,0,0,0,21,2,421.052631578947,914421.052631579,378421.052631579,536000,0,0,0,206631.578947368,0,171789.473684211,536000,0,0,0,0,1608473.68421053,3567052.63157895,0,0,0,0,0,50473.6842105263,8842435.43859649,157486.184210526,8999921.62280702,3047335.0877193,2634789.47368421,0,2634789.47368421,37719515.7894737,8856857.89473684,1124921.05263158,47701294.7368421,27653132.1014333,697621.5446625,654176.846842105,1351798.39150461,42617112.2637555,28060552.109093,66283656.5,3986587.86518882,70270244.3651888,-14556560.1546625,55713684.2105263,0,7394.73684210526,2052.63157894737,9447.36842105263,9447.36842105263,0,55713684.2105263,0,0,0,0,515.789473684211,0,5.26315789473684,521.052631578947,5873.68421052632,0,0,0,0,5873.68421052632,2489.47368421053,1236.84210526316,1252.63157894737,721.052631578947,236.842105263158,484.210526315789,315.789473684211,0,3526.31578947368,0,21.0526315789474,0,0,0,0,0,105.263157894737,0,1263.15789473684,1078.94736842105,84.2105263157895,0,0,668.421052631579,0,0,63.1578947368421,0,0,242.105263157895,0,0,0,0,0,0,0,0,0,0,0,0,0,0,0,0,0,0,0,37.6818181818182
4,0,0,0,39260,0,68000,407380,0,0,0,0,37,1,394684,6,0.26,0,0.26,0,0,0.26,0,0.26,0,0,0,0,0,0,0,0.26,0,0.26,0,0,0.26,0,0.26,0,0,0,0,0,0,0,21,1,807.692307692308,1979384.61538462,412538.461538462,1566846.15384615,0,0,0,151000,0,261538.461538462,1566846.15384615,0,0,0,0,1150461.53846154,542230.769230769,0,0,0,0,0,71038.4615384615,7869555.76923077,246612.980769231,8116168.75,0,2695615.38461538,0,2695615.38461538,20368992.3076923,3423976.92307692,338496.153846154,24131465.3846154,15726657.0535798,156406.375600962,338676.156346154,495082.531947115,23849474.3822135,11010842.9464202,36385433.5192308,3190697.9165625,39576131.4357933,-12838631.4357933,26737500,13711.5384615385,0,0,0,5210.38461538462,26737500,0,0,0,0,0,376.923076923077,0,16.5384615384615,393.461538461538,8584.61538461538,0,0,0,0,8584.61538461538,996.153846153846,792.307692307692,203.846153846154,226.923076923077,226.923076923077,0,365.384615384615,0,1588.46153846154,0,0,0,7.69230769230769,0,0,0,96.1538461538461,0,92.3076923076923,688.461538461538,88.4615384615385,0,0,296.153846153846,0,0,46.1538461538462,0,0,273.076923076923,0,0,0,0,0,0,0,0,0,0,0,0,0,0,0,0,0,0,0,37.6818181818182
4,0,0,0,392630,0,83640,0,0,0,0,0,37,3,394684,6,0.83,0,0.83,0,0,0.83,0,0.83,0,0,0,0,0,0,0,0.83,0,0.83,0,0,0.83,0,0.83,0,0,0,0,0,0,0,30,2,783.132530120482,573819.277108434,573819.277108434,0,0,0,0,473048.192771084,0,100771.084337349,0,0,0,0,0,573493.975903614,511819.277108434,0,0,0,0,0,14975.9036144578,3335180.08032129,72102.1084337349,3407282.18875502,0,1930072.28915663,0,1930072.28915663,11301248.1927711,2931827.71084337,0,14233075.9036145,8407902.33333333,250926.864817771,193272.289698795,444199.154516566,13675519.6364443,6418965.13654619,19709150.5261044,2374271.44367319,22083421.9697776,-7256554.49989809,14826867.4698795,0,2013.25301204819,563.855421686747,2577.10843373494,2577.10843373494,0,14826867.4698795,0,0,0,0,1183.13253012048,0,4.21686746987952,1187.34939759036,0,0,0,0,0,0,749.397590361446,386.746987951807,362.650602409639,215.66265060241,134.939759036145,80.722891566265,87.9518072289157,0,1053.01204819277,0,3.6144578313253,0,0,0,0,0,36.144578313253,0,338.55421686747,303.614457831325,20.4819277108434,0,0,285.542168674699,0,0,15.6626506024096,0,0,49.3975903614458,0,0,0,0,0,0,0,0,0,0,0,0,0,0,0,0,0,0,0,15.2564102564103
4,0,0,0,392630,0,90440,203690,0,0,0,0,37,4,394684,6,1.02,0,1.02,0,0,1.02,0,1.02,0,0,0,0,0,0,0,1.02,0,1.02,0,0,1.02,0,1.02,0,0,0,0,0,0,0,24.3333333333333,2,931.372549019608,673294.117647059,473598.039215686,199696.078431373,0,0,0,384931.37254902,0,88666.6666666667,199696.078431373,0,0,0,0,964686.274509804,866803.921568627,0,0,0,0,0,48754.9019607843,2454759.95098039,80534.1114551083,2535294.0624355,374622.549019608,2944764.70588235,0,2944764.70588235,12392596.0784314,4726296.07843137,271175.490196078,17390067.6470588,10659303.8143215,249287.198670418,242314.823382353,491602.022052771,16025270.3878138,6715411.87195296,23248207.4742002,3436366.72793512,26684574.2021353,-9309858.51586082,17374715.6862745,0,2296.07843137255,765.686274509804,3061.76470588235,3061.76470588235,0,17374715.6862745,0,0,0,0,962.745098039216,0,1.86274509803922,964.607843137255,1094.11764705882,0,0,0,0,1094.11764705882,818.627450980392,477.450980392157,341.176470588235,319.607843137255,188.235294117647,131.372549019608,87.2549019607843,0,1225.49019607843,0,4.90196078431373,0,3.92156862745098,0,0,0,34.3137254901961,0,326.470588235294,411.764705882353,19.6078431372549,0,0,319.607843137255,0,0,49.0196078431373,0,0,55.8823529411765,0,0,0,0,0,0,0,0,0,0,0,0,0,0,0,0,0,0,0,17.8
4,0,0,0,417170,0,0,0,0,0,0,346750,37,1,394684,6,0.31,0.2,0.11,0,0,0.31,0.2,0.11,0,0,0,0,0,0,0,0.31,0.2,0.11,0,0,0.31,0.2,0.11,0,0,0,0,0,0,0,18,2,838.709677419355,2464258.06451613,1345709.67741935,1118548.38709677,0,0,0,1345709.67741935,0,0,0,0,0,0,1118548.38709677,665935.483870968,1444129.03225806,0,0,0,0,0,343741.935483871,1726276.41129032,88250.3225806452,1814526.73387097,1120632.90322581,3714225.80645161,0,3714225.80645161,31209712.9032258,0,0,31209712.9032258,8247908.15322581,349348.94139375,438952.495645161,788301.437038911,35712240.1467163,17925253.1370968,39457621.0564516,4502527.24349052,43960148.2999421,-17786987.0096196,26173161.2903226,1690.32258064516,2687.09677419355,0,2687.09677419355,3329.41935483871,13167612.9032258,13005548.3870968,0,0,0,0,316.129032258065,0,0,316.129032258065,0,0,0,0,9516.12903225806,9516.12903225806,2274.1935483871,1290.32258064516,983.870967741935,0,0,0,67.741935483871,0,2341.93548387097,0,141.935483870968,0,0,0,0,0,164.516129032258,0,70.9677419354839,1032.25806451613,109.677419354839,0,0,0,0,0,570.967741935484,0,0,251.612903225806,0,0,0,0,0,0,0,0,0,0,0,0,0,0,0,0,0,0,0,37.6818181818182
4,0,0,0,44170,0,0,0,0,0,0,17340,37,1,394684,6,0.31,0.17,0.07,0,0.07,0.31,0.17,0.07,0,0.07,0,0,0,0,0,0.31,0.17,0.07,0,0.07,0.31,0.17,0.07,0,0.07,0,0,0,0,0,19.3333333333333,2,1129.03225806452,198419.35483871,142483.870967742,55935.4838709677,0,0,0,142483.870967742,0,0,0,0,0,0,55935.4838709677,270387.096774194,476677.419354839,0,0,25451.6129032258,0,0,95096.7741935484,1419585.48387097,58059.4227504244,1477644.90662139,0,2906806.4516129,0,2906806.4516129,12543425.8064516,970854.838709677,0,13514280.6451613,3909216.00339558,154712.403716256,177150.801774194,331863.20549045,15782095.463555,3512590.44821732,16452641.8098472,3238669.65710335,19691311.4669505,-12269505.0153376,7421806.4516129,0,1277.41935483871,0,1277.41935483871,1277.41935483871,0,7421806.4516129,0,0,0,0,316.129032258064,0,0,316.129032258064,0,0,0,0,474.193548387097,474.193548387097,980.645161290322,322.58064516129,658.064516129032,70.9677419354839,48.3870967741935,22.5806451612903,35.4838709677419,0,1087.09677419355,0,38.7096774193548,0,0,0,0,0,64.516129032258,0,32.258064516129,303.225806451613,54.8387096774193,0,0,0,0,0,225.806451612903,0,0,367.741935483871,0,0,0,0,0,0,0,0,0,0,0,0,0,0,0,0,0,0,0,37.6818181818182
4,0,0,0,44170,0,0,61110,0,0,0,0,99,1,403205,6,0.47,0.17,0.3,0,0,0.47,0.17,0.3,0,0,0,0,0,0,0,0.11,0.01,0.1,0,0,0.11,0.01,0.1,0,0,0,0,0,0,0,16.5,2,227.272727272727,957090.909090909,401545.454545455,555545.454545455,0,0,0,401545.454545455,0,0,555545.454545455,0,0,0,0,0,398090.909090909,0,0,10727.2727272727,0,0,48454.5454545455,1597160.3030303,142117.454545455,1739277.75757576,2704201.51515152,2366545.45454545,0,2366545.45454545,3623836.36363636,0,0,3623836.36363636,6261047.90909091,565133.36715,61214.13,626347.49715,6616729.31533182,-3657593.36363636,9884884.27272727,2992892.95169545,12877777.2244227,-10274322.6789682,2603454.54545455,45.4545454545455,27.2727272727273,281.818181818182,309.090909090909,326.363636363636,490909.090909091,2112545.45454545,0,0,0,0,890.909090909091,0,0,890.909090909091,4063.63636363636,0,0,0,0,4063.63636363636,181.818181818182,181.818181818182,0,0,0,0,54.5454545454545,0,236.363636363636,0,9.09090909090909,0,0,0,0,0,0,0,0,63.6363636363636,72.7272727272727,0,0,0,0,0,36.3636363636364,0,0,54.5454545454545,0,0,0,0,0,0,0,0,0,0,0,0,0,0,0,0,0,0,0,26.95
4,0,0,0,44170,0,51680,0,0,0,0,0,33,2,411291,6,0.33,0,0.33,0,0,0.33,0,0.33,0,0,0,0,0,0,0,0.33,0,0.33,0,0,0.33,0,0.33,0,0,0,0,0,0,0,17.3333333333333,1,757.575757575758,290454.545454545,290454.545454545,0,0,0,0,133848.484848485,0,156606.060606061,0,0,0,0,0,1474757.57575758,298575.757575758,0,0,0,0,0,73181.8181818182,437603.661616162,0,437603.661616162,1071540.90909091,3034030.3030303,0,3034030.3030303,6094969.6969697,132554.545454545,0,6227524.24242424,4189959.81313131,119012.964954545,101628.601363636,220641.566318182,9349641.56631818,-4097535.57070707,10284929.510101,3254671.86934848,13539601.3794495,-13447177.1370253,92424.2424242424,0,0,15.1515151515152,15.1515151515152,15.1515151515152,0,92424.2424242424,0,0,0,0,178.787878787879,0,5.45454545454545,184.242424242424,0,0,0,0,0,0,315.151515151515,166.666666666667,148.484848484848,9.09090909090909,9.09090909090909,0,121.212121212121,0,445.454545454545,0,0,0,0,0,0,0,281.818181818182,0,0,6.06060606060606,30.3030303030303,0,0,42.4242424242424,0,0,18.1818181818182,0,0,66.6666666666667,0,0,0,0,0,0,0,0,0,0,0,0,0,0,0,0,0,0,0,17.4705882352941
4,0,0,0,46620,341240,102000,201650,0,0,0,0,37,1,394684,6,0.45,0,0.45,0,0,0.45,0,0.45,0,0,0,0,0,0,0,0.3,0,0.3,0,0,0.3,0,0.3,0,0,0,0,0,0,0,17.5,2,700,2305033.33333333,1632866.66666667,672166.666666667,0,0,0,155400,1137466.66666667,340000,672166.666666667,0,0,0,0,2401833.33333333,1061433.33333333,0,0,13166.6666666667,0,0,47366.6666666667,2914822.13194444,97705.7142857143,3012527.84623016,559614.722222222,2936933.33333333,0,2936933.33333333,19701766.6666667,4810630,0,24512396.6666667,14606289.9017857,336845.332160156,368645.9445,705491.276660156,23344191.2766602,16315576.764881,34308056.5684524,3642424.60999349,37950481.1784459,-7028614.51177921,30921866.6666667,0,4786.66666666667,0,4786.66666666667,4786.66666666667,0,30921866.6666667,0,0,0,0,326.666666666667,5500,10,5836.66666666667,44653.3333333333,0,0,0,0,44653.3333333333,1116.66666666667,1116.66666666667,0,360,196.666666666667,163.333333333333,183.333333333333,0,1660,0,26.6666666666667,0,0,0,0,0,93.3333333333333,0,120,300,143.333333333333,0,0,406.666666666667,0,10,283.333333333333,0,0,270,0,0,0,0,6.66666666666667,0,0,0,0,0,0,0,0,0,0,0,0,0,0,37.6818181818182
4,0,0,0,466250,0,85000,0,0,132150,0,0,37,1,394684,5,0.27,0.27,0,0,0,0.27,0.27,0,0,0,0,0,0,0,0,0.27,0.27,0,0,0,0.27,0.27,0,0,0,0,0,0,0,0,23,2,574.074074074074,2531111.11111111,2041666.66666667,489444.444444444,0,0,0,1726851.85185185,0,314814.814814815,0,0,489444.444444444,0,0,1914962.96296296,2632444.44444444,0,0,0,0,0,63148.1481481481,8575469.81481482,195582.842105263,8771052.65692008,0,1854111.11111111,0,1854111.11111111,46937359.2592593,0,0,46937359.2592593,16307403.3235867,496019.493268421,657060.165,1153079.65826842,49944550.0286388,32632004.0838207,63244762.582846,3007190.76937953,66251953.3522255,-17312545.9448181,48939407.4074074,0,6940.74074074074,1155.55555555556,8096.2962962963,8096.2962962963,0,48939407.4074074,0,0,0,0,4362.96296296296,0,7.03703703703704,4370,0,0,6514.81481481481,0,0,6514.81481481481,3085.18518518518,1707.40740740741,1377.77777777778,0,0,0,351.851851851852,0,3437.03703703704,0,7.40740740740741,0,0,0,0,0,100,0,777.777777777778,1485.18518518518,107.407407407407,0,0,537.037037037037,0,0,77.7777777777778,0,0,211.111111111111,0,0,0,133.333333333333,0,0,0,0,0,0,0,0,0,0,0,0,0,0,0,37.6818181818182
4,0,0,0,49080,0,0,0,0,0,0,5200,37,1,394684,6,0.17,0,0.17,0,0,0.17,0,0.17,0,0,0,0,0,0,0,0.17,0,0.17,0,0,0.17,0,0.17,0,0,0,0,0,0,0,14,2,705.882352941176,319294.117647059,288705.882352941,30588.2352941176,0,0,0,288705.882352941,0,0,0,0,0,0,30588.2352941176,416000,985117.647058823,0,0,0,0,0,146235.294117647,1709308.57843137,105873.06501548,1815181.64344685,0,588941.176470588,0,588941.176470588,27608270.5882353,343082.352941176,0,27951352.9411765,4419595.05521156,218465.633678406,362288.7,580754.333678405,28777966.0983843,9580169.65067079,32027865.6434469,1169695.51014899,33197561.1535958,-19197796.4477135,13999764.7058824,0,2329.41176470588,0,2329.41176470588,2329.41176470588,0,13999764.7058824,0,0,0,0,576.470588235294,0,0,576.470588235294,0,0,0,0,2600,2600,2005.88235294118,1147.05882352941,858.823529411765,23.5294117647059,23.5294117647059,0,64.7058823529412,0,2094.11764705882,0,141.176470588235,0,0,0,0,0,117.647058823529,0,117.647058823529,376.470588235294,141.176470588235,0,0,0,0,0,600,0,0,600,0,0,0,0,0,0,0,0,0,0,0,0,0,0,0,0,0,0,0,37.6818181818182
4,0,0,0,51040,0,0,0,0,0,0,0,37,3,394684,6,0.33,0,0.33,0,0,0.33,0,0.33,0,0,0,0,0,0,0,0.33,0,0.33,0,0,0.33,0,0.33,0,0,0,0,0,0,0,39,2,424.242424242424,154666.666666667,154666.666666667,0,0,0,0,154666.666666667,0,0,0,0,0,0,0,2071969.6969697,501666.666666667,0,0,3803787.87878788,0,0,139939.393939394,4254556.74242424,226343.779904306,4480900.52232855,947446.96969697,3034000,0,3034000,3518542.42424242,4871709.09090909,0,8390251.51515152,17366770.8859649,583704.348005024,183006.724090909,766711.072095933,7319253.49633836,-10957407.2496013,20885313.3102073,3800711.07209593,24686024.3823033,-18276660.7459396,6409363.63636364,0,945.454545454545,93.9393939393939,1039.39393939394,1039.39393939394,0,6409363.63636364,0,0,0,0,239.393939393939,0,0,239.393939393939,0,0,0,0,0,0,160.606060606061,160.606060606061,0,345.454545454545,345.454545454545,0,66.6666666666667,0,572.727272727273,0,6.06060606060606,0,0,0,0,0,36.3636363636364,0,9.09090909090909,118.181818181818,15.1515151515152,0,0,257.575757575758,0,18.1818181818182,54.5454545454545,0,0,57.5757575757576,0,0,0,0,0,0,0,0,0,0,0,0,0,0,0,0,0,0,0,15.2564102564103
4,0,0,0,53980,0,116270,0,0,0,0,533470,99,2,403205,6,0.34,0.34,0,0,0,0.17,0.17,0,0,0,0.17,0.17,0,0,0,0.34,0.34,0,0,0,0.17,0.17,0,0,0,0.17,0.17,0,0,0,6.5,2,1470.58823529412,2069764.70588235,500735.294117647,1569029.41176471,0,0,0,158764.705882353,0,341970.588235294,0,0,0,0,1569029.41176471,105764.705882353,401617.647058823,803882.352941176,113764.705882353,0,0,0,0,24562.9411764706,366400,390962.941176471,729802.696078431,2944764.70588235,2900500,5845264.70588235,25460605.8823529,3089488.23529412,0,28550094.1176471,11008752.9901961,101339.333291912,389345.392058823,490684.725350735,28896055.313586,22588364.6568627,33568858.872549,6335949.43123309,39904808.3037821,-6307690.65672328,33597117.6470588,3452.94117647059,0,0,0,1312.11764705882,33597117.6470588,0,0,0,0,0,76.4705882352941,0,55.2941176470588,131.764705882353,0,0,0,0,4338.23529411765,4338.23529411765,1900,1064.70588235294,835.294117647059,241.176470588235,105.882352941176,135.294117647059,8.8235294117647,0,2150,0,0,0,129.411764705882,0,0,0,8.8235294117647,0,944.117647058823,800,94.1176470588235,0,0,55.8823529411765,0,0,61.7647058823529,0,0,55.8823529411765,0,0,0,0,0,0,0,0,0,0,0,0,0,0,0,0,0,0,0,19.7777777777778
4,0,0,0,58890,0,239340,0,0,132150,0,0,37,2,394684,5,0.78,0,0.78,0,0,0.78,0,0.78,0,0,0,0,0,0,0,0.39,0,0.39,0,0,0.39,0,0.39,0,0,0,0,0,0,0,22,2,571.794871794872,1103538.46153846,764692.307692308,338846.153846154,0,0,0,151000,0,613692.307692308,0,0,338846.153846154,0,0,2855000,973282.051282051,115717.948717949,0,30358.9743589744,0,324717.948717949,77435.8974358974,3644900.25641026,138350.48582996,3783250.74224022,267228.632478632,1437666.66666667,0,1437666.66666667,26070646.1538462,0,0,26070646.1538462,9925214.65677013,452208.344361741,383340.973846154,835549.318207895,28343862.1387207,36462887.9073324,35995860.8106163,2273215.98487456,38269076.7954908,8119025.76861171,46388102.5641026,4430.76923076923,4082.05128205128,441.025641025641,4523.07692307692,6206.76923076923,21533538.4615385,24854564.1025641,0,0,0,0,302.564102564103,0,17.1794871794872,319.74358974359,0,0,15784.6153846154,0,0,15784.6153846154,1964.10256410256,933.333333333333,1030.76923076923,0,0,0,56.4102564102564,0,2020.51282051282,15.3846153846154,41.025641025641,0,0,0,0,0,33.3333333333333,0,289.74358974359,717.948717948718,87.1794871794872,0,0,446.153846153846,0,25.6410256410256,151.282051282051,0,0,123.076923076923,0,0,0,0,89.7435897435897,0,0,0,0,0,0,0,0,0,0,0,0,0,0,39.25
4,0,0,0,59100,139090,87130,0,0,0,0,49350,99,3,403205,6,0.5,0.33,0,0.17,0,0,0,0,0,0,0.5,0.33,0,0.17,0,0.5,0.33,0,0.17,0,0,0,0,0,0,0.5,0.33,0,0.17,0,12.5,2,1020,669340,570640,98700,0,0,0,118200,278180,174260,0,0,0,0,98700,1354360,159580,0,0,0,0,0,0,1228423.58333333,7914.12,1236337.70333333,0,0,9861660,9861660,6968574,1067244,336946,8372764,14796476.7955858,143073.3543885,128255.9346,271329.2889885,7532099.19673604,-13170276.7955858,12195586.7033333,10132989.2889885,22328575.9923218,-20702375.9923218,1626200,188,0,0,0,71.44,1626200,0,0,0,0,0,196,288,169.6,653.6,0,0,0,0,1474,1474,290,290,0,100,100,0,156,0,546,0,0,0,62,0,0,6,100,0,0,40,82,0,0,100,0,0,68,0,0,56,0,32,0,0,0,0,0,0,0,0,0,0,0,0,0,0,0,0,0,12.6
4,0,0,0,63800,0,0,0,0,0,0,453450,37,3,394684,6,0.75,0,0.75,0,0,0.75,0,0.75,0,0,0,0,0,0,0,0.69,0,0.69,0,0,0.69,0,0.69,0,0,0,0,0,0,0,16,2,318.840579710145,749637.68115942,92463.768115942,657173.913043478,0,0,0,92463.768115942,0,0,0,0,0,0,657173.913043478,1989971.01449275,1091217.39130435,0,0,0,0,0,82362.3188405797,2558070.60386473,68472.2540045767,2626542.85786931,478274.637681159,2611884.05797101,0,2611884.05797101,26309998.5507246,760015.942028986,0,27070014.4927536,8172705.84337656,168036.398700858,376445.915217391,544482.313918249,29466364.9226139,12909670.9682176,34482704.3941012,3156366.37188926,37639070.7659905,-16556693.9543963,21082376.8115942,304.347826086957,2715.94202898551,678.260869565217,3394.20289855072,3509.85507246377,1482173.91304348,19600202.8985507,0,0,0,0,142.028985507246,0,0,142.028985507246,0,0,0,0,3205.79710144928,3205.79710144928,1891.30434782609,1128.98550724638,762.31884057971,108.695652173913,0,108.695652173913,53.6231884057971,0,2053.6231884058,0,14.4927536231884,0,0,0,0,0,34.7826086956522,0,788.405797101449,572.463768115942,21.7391304347826,0,0,384.057971014493,0,8.69565217391304,169.565217391304,0,0,59.4202898550725,0,0,0,0,0,0,0,0,0,0,0,0,0,0,0,0,0,0,0,15.2564102564103
4,0,0,0,6770,0,0,189430,0,0,0,0,99,1,403205,6,0.1,0.1,0,0,0,0.1,0.1,0,0,0,0,0,0,0,0,0.1,0.1,0,0,0,0.1,0.1,0,0,0,0,0,0,0,0,17.5,2,1000,1962000,67700,1894300,0,0,0,67700,0,0,1894300,0,0,0,0,152400,383100,0,0,0,0,0,54300,1149706.33333333,228633,1378339.33333333,0,1001200,0,1001200,13376300,0,0,13376300,4333344.33333333,205716.68415,193526.415,399243.09915,14776743.09915,11192355.6666667,17709644.3333333,1400443.09915,19110087.4324833,-3584387.43248333,15525700,100,1460,0,1460,1498,973000,14552700,0,0,0,0,1180,0,0,1180,13400,0,0,0,0,13400,940,770,170,0,0,0,10,0,950,0,40,0,0,0,0,0,10,0,0,320,210,0,0,0,0,0,370,0,0,0,0,0,0,0,0,0,0,0,0,0,0,0,0,0,0,0,0,0,0,26.95
4,0,0,0,78530,29670,0,0,0,0,0,0,37,1,394684,6,0.13,0,0.13,0,0,0.13,0,0.13,0,0,0,0,0,0,0,0.13,0,0.13,0,0,0.13,0,0.13,0,0,0,0,0,0,0,25,2,384.615384615385,832307.692307692,832307.692307692,0,0,0,0,604076.923076923,228230.769230769,0,0,0,0,0,0,3079153.84615385,1982769.23076923,0,0,0,0,0,10923.0769230769,6509841.18589744,0,6509841.18589744,1574769.23076923,2310538.46153846,0,2310538.46153846,31580546.1538462,0,0,31580546.1538462,14384448.2628205,684921.298305288,455451.255,1140372.55330529,35031457.1686899,-10896448.2628205,45964994.4166667,3450911.01484375,49415905.4315104,-45927905.4315104,3488000,0,800,0,800,800,0,3488000,0,0,0,0,1507.69230769231,553.846153846154,0,2061.53846153846,0,0,0,0,0,0,2130.76923076923,1223.07692307692,907.692307692308,0,0,0,200,0,2330.76923076923,0,107.692307692308,0,0,0,0,0,146.153846153846,0,0,1015.38461538462,146.153846153846,0,0,184.615384615385,0,0,530.769230769231,0,0,200,0,0,0,0,0,0,0,0,0,0,0,0,0,0,0,0,0,0,0,37.6818181818182
4,0,0,0,81470,0,0,325900,0,0,0,0,37,3,394684,6,0.81,0,0.81,0,0,0.81,0,0.81,0,0,0,0,0,0,0,0.81,0,0.81,0,0,0.81,0,0.81,0,0,0,0,0,0,0,16,2,1358.02469135802,502925.925925926,100580.24691358,402345.679012346,0,0,0,100580.24691358,0,0,402345.679012346,0,0,0,0,2291617.28395062,1571950.61728395,0,0,0,0,0,15345.6790123457,516293.137860082,19442.738791423,535735.876651505,252740.740740741,2781172.83950617,0,2781172.83950617,11165372.8395062,0,0,11165372.8395062,5565000.12356509,79340.8678677632,188898.63,268239.497867763,14214785.1768801,25044197.4072991,16730372.9630713,3049412.33737394,19779785.3004452,10829412.230419,30609197.5308642,0,4561.72839506173,0,4561.72839506173,4561.72839506173,0,30609197.5308642,0,0,0,0,241.975308641975,0,0,241.975308641975,2756.79012345679,0,0,0,0,2756.79012345679,761.728395061728,440.740740740741,320.987654320988,0,0,0,66.6666666666667,0,828.395061728395,0,61.7283950617284,0,0,0,0,0,64.1975308641975,0,0,118.518518518519,97.5308641975309,0,0,267.901234567901,0,0,171.604938271605,0,0,46.9135802469136,0,0,0,0,0,0,0,0,0,0,0,0,0,0,0,0,0,0,0,15.2564102564103
4,0,0,0,86380,0,0,0,0,0,0,26670,38,1,370532,6,0.1,0,0.1,0,0,0.1,0,0.1,0,0,0,0,0,0,0,0.1,0,0.1,0,0,0.1,0,0.1,0,0,0,0,0,0,0,21,2,700,1130500,863800,266700,0,0,0,863800,0,0,0,0,0,0,266700,1381800,656800,0,0,0,0,0,0,376971.875,77956.7021276596,454928.57712766,0,1301600,0,1301600,10659590,7869640,0,18529230,11864200.5771277,115301.159783976,263634.7095,378935.869283976,12340125.869284,-3187200.57712766,22523790.5771277,1680535.86928398,24204326.4464116,-15527326.4464116,8677000,50,620,1560,2180,2199,647000,8030000,0,0,0,0,1180,0,0,1180,0,0,0,0,1470,1470,870,330,540,550,460,90,0,0,1420,0,30,0,0,0,0,0,160,0,180,330,210,0,0,0,0,0,40,0,0,470,0,0,0,0,0,0,0,0,0,0,0,0,0,0,0,0,0,0,0,33.4166666666667
4,0,0,0,8640,0,15500,268870,0,0,0,0,33,2,411291,6,1.06,0.9,0.16,0,0,1.06,0.9,0.16,0,0,0,0,0,0,0,1.06,0.9,0.16,0,0,1.06,0.9,0.16,0,0,0,0,0,0,0,15,2,283.018867924528,276424.528301887,22773.5849056604,253650.943396226,0,0,0,8150.94339622641,0,14622.641509434,253650.943396226,0,0,0,0,255820.754716981,65254.7169811321,0,0,0,0,0,3349.05660377358,123475.754716981,1263.72641509434,124739.481132075,0,1511283.01886792,0,1511283.01886792,3896942.45283019,0,0,3896942.45283019,1136879.53773585,14051.7041306604,54648.1668396226,68699.870970283,5476925.3426684,-44643.6886792453,5033821.99056604,1579982.88983821,6613804.88040425,-5521569.03134764,1092235.8490566,68.8679245283019,19.811320754717,0,19.811320754717,45.9811320754717,804377.358490566,287858.490566038,0,0,0,0,0.471698113207547,0,0.849056603773585,1.32075471698113,1264.15094339623,0,0,0,0,1264.15094339623,242.452830188679,242.452830188679,0,0,0,0,16.0377358490566,0,258.490566037736,0,1.88679245283019,0,0,0,0,0,16.0377358490566,0,14.1509433962264,33.0188679245283,14.1509433962264,0,0,123.584905660377,0,0,55.6603773584906,0,0,0,0,0,0,0,0,0,0,0,0,0,0,0,0,0,0,0,0,0,0,17.4705882352941
4,0,0,0,8830,0,0,15280,0,0,0,0,99,1,403205,6,0.4,0,0.4,0,0,0.4,0,0.4,0,0,0,0,0,0,0,0.1,0,0.1,0,0,0.1,0,0.1,0,0,0,0,0,0,0,9,2,100,241100,88300,152800,0,0,0,88300,0,0,152800,0,0,0,0,142200,54700,0,0,0,0,0,16000,1004712.20833333,35174.1,1039886.30833333,0,1001200,0,1001200,1280110,0,0,1280110,1897091.30833333,165581.4510045,21069.4365,186650.8875045,2467960.8875045,-285091.308333333,3177201.30833333,1187850.8875045,4365052.19583783,-2753052.19583783,1612000,100,0,100,100,138,973000,639000,0,0,0,0,200,0,0,200,1120,0,0,0,0,1120,90,0,90,0,0,0,20,0,110,0,10,0,0,0,0,0,20,0,0,20,60,0,0,0,0,0,0,0,0,0,0,0,0,0,0,0,0,0,0,0,0,0,0,0,0,0,0,0,0,26.95
4,0,0,0,88340,0,0,0,0,0,0,104030,37,1,394684,6,0.231,0,0.231,0,0,0.231,0,0.231,0,0,0,0,0,0,0,0.165,0,0.165,0,0,0.165,0,0.165,0,0,0,0,0,0,0,18,2,848.484848484848,1165878.78787879,535393.939393939,630484.848484849,0,0,0,535393.939393939,0,0,0,0,0,0,630484.848484849,988363.636363636,1412969.6969697,0,183757.575757576,0,0,0,236787.878787879,3012964.24242424,109081.339712919,3122045.58213716,1515794.54545455,2427151.51515152,0,2427151.51515152,23513290.9090909,10526066.6666667,0,34039357.5757576,19546348.3700159,469498.413216746,462029.449090909,931527.862307655,26871970.2865501,-1655318.06698565,43059639.2791069,3358679.37745917,46418318.656566,-28527288.3535357,17891030.3030303,0,3151.51515151515,375.757575757576,3527.27272727273,3527.27272727273,0,17891030.3030303,0,0,0,0,1187.87878787879,0,0,1187.87878787879,0,0,0,0,5363.63636363636,5363.63636363636,1975.75757575758,278.787878787879,1696.9696969697,727.272727272727,381.818181818182,345.454545454545,66.6666666666667,78.7878787878788,2848.48484848485,0,242.424242424242,0,0,0,0,0,236.363636363636,0,236.363636363636,690.909090909091,96.969696969697,0,0,0,0,0,909.090909090909,0,0,436.363636363636,0,0,0,0,0,0,0,0,0,0,0,0,0,0,0,0,0,0,0,37.6818181818182
4,0,0,0,94340,0,175200,0,0,0,0,0,33,4,411291,6,1.32,0,1.32,0,0,0,0,0,0,0,1.32,0,1.32,0,0,1.32,0,1.32,0,0,0,0,0,0,0,1.32,0,1.32,0,0,16,1,1363.63636363636,204196.96969697,204196.96969697,0,0,0,0,71469.696969697,0,132727.272727273,0,0,0,0,0,535295.454545454,338484.848484848,0,0,0,0,0,4037.87878787879,470232.986111111,197504.621212121,667737.607323232,358431.818181818,0,3257333.33333333,3257333.33333333,6063955.3030303,740440.909090909,0,6804396.21212121,6517249.81944444,67473.06496875,95819.8980681818,163292.963036932,6227248.26606723,14315447.1502525,9323871.78914141,3420626.29637027,12744498.0855117,8088198.88418529,20832696.969697,1191.66666666667,236.363636363636,0,236.363636363636,689.19696969697,17398333.3333333,3434363.63636364,0,0,0,0,121.212121212121,0,291.515151515151,412.727272727273,0,0,0,0,0,0,384.090909090909,296.212121212121,87.8787878787879,68.1818181818182,0,68.1818181818182,39.3939393939394,0,491.666666666667,0,7.57575757575758,0,68.9393939393939,0,0,0,31.0606060606061,0,75,128.787878787879,21.969696969697,0,0,102.272727272727,0,30.3030303030303,8.33333333333333,0,0,17.4242424242424,0,0,0,0,0,0,0,0,0,0,0,0,0,0,0,0,0,0,0,16.4
4,0,0,0,95210,0,204950,851410,0,0,0,246730,33,3,411291,5,0.55,0.55,0,0,0,0.55,0.55,0,0,0,0,0,0,0,0,0.3,0.3,0,0,0,0.3,0.3,0,0,0,0,0,0,0,0,11,2,1033.33333333333,4661000,1000533.33333333,3660466.66666667,0,0,0,317366.666666667,0,683166.666666667,2838033.33333333,0,0,0,822433.333333333,2473666.66666667,1417800,0,0,0,0,0,1602200,3305750,6570708.33333333,9876458.33333333,0,2669933.33333333,0,2669933.33333333,33940580,5197803.33333333,0,39138383.3333333,25640219.3333333,1044492.57421875,598910.5575,1643403.13171875,38253916.4650521,60986580.6666667,59580799.3333333,4313336.46505208,63894135.7983854,22732664.2016146,86626800,5243.33333333333,693.333333333333,0,693.333333333333,2685.8,76552666.6666667,10074133.3333333,0,0,0,0,720,0,482.666666666667,1202.66666666667,20840,0,0,0,5163.33333333333,26003.3333333333,2123.33333333333,1626.66666666667,496.666666666667,470,3.33333333333333,466.666666666667,250,0,2843.33333333333,0,20,0,256.666666666667,0,0,0,246.666666666667,0,276.666666666667,970,270,0,0,456.666666666667,0,0,226.666666666667,0,0,120,0,0,0,0,0,0,0,0,0,0,0,0,0,0,0,0,0,0,0,12.8823529411765
4,0,0,0,97180,0,0,1083620,0,0,0,0,99,3,403205,6,0.78,0,0.78,0,0,0.78,0,0.78,0,0,0,0,0,0,0,0.68,0,0.68,0,0,0.68,0,0.68,0,0,0,0,0,0,0,23.6666666666667,2,1323.52941176471,1736470.58823529,142911.764705882,1593558.82352941,0,0,0,142911.764705882,0,0,1593558.82352941,0,0,0,0,467632.352941176,146470.588235294,0,0,0,0,0,31338.2352941176,420704.767156863,48096.6478328173,468801.41498968,0,3784044.11764706,0,3784044.11764706,5577532.35294118,1338679.41176471,0,6916211.76470588,4592597.59146027,55776.5564596788,112972.200882353,168748.757342032,9530325.22793026,-2364656.41498968,10170129.9444014,3952792.87498909,14122922.8193905,-11894981.6429199,2227941.17647059,0,551.470588235294,0,551.470588235294,551.470588235294,0,2227941.17647059,0,0,0,0,260.294117647059,0,0,260.294117647059,9194.11764705882,0,0,0,0,9194.11764705882,370.588235294118,338.235294117647,32.3529411764706,108.823529411765,32.3529411764706,76.4705882352941,10.2941176470588,0,489.705882352941,0,1.47058823529412,0,0,0,0,0,33.8235294117647,0,0,155.882352941176,55.8823529411765,0,0,57.3529411764706,0,72.0588235294118,69.1176470588235,0,0,44.1176470588235,0,0,0,0,0,0,0,0,0,0,0,0,0,0,0,0,0,0,0,12.6
4,0,0,0,98150,0,23120,193500,0,0,0,0,99,1,403205,6,0.25,0.25,0,0,0,0.25,0.25,0,0,0,0,0,0,0,0,0.25,0.25,0,0,0,0.25,0.25,0,0,0,0,0,0,0,0,7,2,1400,1259080,485080,774000,0,0,0,392600,0,92480,774000,0,0,0,0,715280,755200,0,0,0,0,0,42640,1296625.53333333,22081496,23378121.5333333,1933504,3404160,0,3404160,20489924,0,0,20489924,28487030.5333333,-2967582.845169,282634.8066,-2684948.038569,21209135.961431,20016409.4666667,48976954.5333333,719211.961431,49696166.4947643,-1192726.49476433,48503440,3896,208,0,208,1688.48,46126000,2377440,0,0,0,0,100,0,80,180,4464,0,0,0,0,4464,1440,916,524,0,0,0,56,0,1496,0,12,0,24,0,0,0,120,0,252,604,44,0,0,0,0,160,136,0,0,144,0,0,0,0,0,0,0,0,0,0,0,0,0,0,0,0,0,0,0,26.95
4,0,0,40600,51040,0,0,0,0,0,0,160040,37,2,394684,6,0.38,0.09,0.29,0,0,0.38,0.09,0.29,0,0,0,0,0,0,0,0.38,0.09,0.29,0,0,0.38,0.09,0.29,0,0,0,0,0,0,0,29.75,2,526.315789473684,662315.789473684,241157.894736842,421157.894736842,0,0,106842.105263158,134315.789473684,0,0,0,0,0,0,421157.894736842,1827447.36842105,678342.105263158,0,0,519394.736842105,0,0,65421.0526315789,1477330.26315789,162036.578452711,1639366.84161061,109669.736842105,2634789.47368421,0,2634789.47368421,15765052.6315789,2112681.57894737,0,17877734.2105263,8009323.21003166,151659.481302246,262812.461447368,414471.942749614,18814314.0480128,13029703.1057578,23774375.8416106,3049261.41643382,26823637.2580444,-5784610.94225496,21039026.3157895,1213.15789473684,1726.31578947368,821.052631578947,2547.36842105263,3008.36842105263,5908078.94736842,15130947.3684211,0,0,0,186.842105263158,207.894736842105,0,0,394.736842105263,0,0,0,0,2328.94736842105,2328.94736842105,1018.42105263158,794.736842105263,223.684210526316,165.789473684211,73.6842105263158,92.1052631578947,84.2105263157895,0,1268.42105263158,0,10.5263157894737,0,0,0,0,0,71.0526315789474,0,184.210526315789,455.263157894737,21.0526315789474,0,0,318.421052631579,0,0,144.736842105263,0,0,63.1578947368421,0,0,0,0,0,0,0,0,0,0,0,0,0,0,0,0,0,0,0,39.25
4,0,13720,0,45150,0,32640,0,0,0,0,362760,33,2,411291,6,0.59,0,0.33,0.26,0,0.33,0,0.33,0,0,0.26,0,0,0.26,0,0.36,0,0.33,0.03,0,0.33,0,0.33,0,0,0.03,0,0,0.03,0,29.6666666666667,2,1611.11111111111,1261861.11111111,254194.444444444,1007666.66666667,0,38111.1111111111,0,125416.666666667,0,90666.6666666667,0,0,0,0,1007666.66666667,1474555.55555556,394500,0,0,838805.555555556,0,0,1793777.77777778,2098903.76157407,6608708.41666667,8707612.17824074,0,1668694.44444444,82166.6666666667,1750861.11111111,23830950,658275,0,24489225,15622844.8449074,369623.46132,367570.60875,737194.07007,26236838.5145144,20281377.3773148,39371628.1782407,2488055.18118111,41859683.3594218,-5955461.13719963,35904222.2222222,2183.33333333333,577.777777777778,0,577.777777777778,1407.44444444444,28907333.3333333,6996888.88888889,0,0,205.555555555556,0,219.444444444444,0,124.722222222222,549.722222222222,0,0,0,0,6963.88888888889,6963.88888888889,1705.55555555556,897.222222222222,808.333333333333,50,25,25,97.2222222222222,0,1852.77777777778,0,8.33333333333333,0,0,0,0,0,138.888888888889,0,361.111111111111,383.333333333333,133.333333333333,0,0,194.444444444444,0,0,191.666666666667,0,0,355.555555555555,0,0,0,0,86.1111111111111,0,0,0,0,0,0,0,0,0,0,0,0,0,0,17.4705882352941
4,0,24140,0,46130,0,0,0,0,0,0,149370,33,2,411291,5,0.83,0,0.83,0,0,0.83,0,0.83,0,0,0,0,0,0,0,0.53,0,0.53,0,0,0.53,0,0.53,0,0,0,0,0,0,0,14.5,2,943.396226415094,414415.094339623,132584.905660377,281830.188679245,0,45547.1698113208,0,87037.7358490566,0,0,0,0,0,0,281830.188679245,1305056.60377358,295320.754716981,0,0,0,0,0,1938207.54716981,518640.298742138,2253062.71698113,2771703.01572327,702263.364779874,2266905.66037736,0,2266905.66037736,23713741.509434,936849.056603773,0,24650590.5660377,8775106.43710692,113357.520791745,347533.625377358,460891.146169104,26441538.3159804,42401723.7515723,32488847.9465409,2727796.80654646,35216644.7530873,15960185.4355919,51176830.1886792,2967.92452830189,981.132075471698,0,981.132075471698,2108.94339622641,39295320.754717,11881509.4339623,0,0,222.641509433962,0,184.905660377358,0,0,407.547169811321,0,0,0,0,1947.16981132075,1947.16981132075,1709.43396226415,960.377358490566,749.056603773585,84.9056603773585,0,84.9056603773585,75.4716981132075,0,1869.81132075472,0,5.66037735849057,0,7.54716981132075,0,0,0,137.735849056604,0,267.924528301887,386.792452830189,107.547169811321,0,0,547.169811320755,0,0,181.132075471698,0,0,158.490566037736,0,0,0,0,69.811320754717,0,0,0,0,0,0,0,0,0,0,0,0,0,0,17.4705882352941
4,0,8230,0,0,0,21080,0,0,0,0,27210,33,2,411291,6,0.17,0.17,0,0,0,0.17,0.17,0,0,0,0,0,0,0,0,0.17,0.17,0,0,0,0.17,0.17,0,0,0,0,0,0,0,0,13,2,1411.76470588235,332470.588235294,172411.764705882,160058.823529412,0,48411.7647058823,0,0,0,124000,0,0,0,0,160058.823529412,3613882.35294118,337352.941176471,0,0,6965882.35294118,0,0,2712058.82352941,2113430.75980392,2446954.11764706,4560384.87745098,1313645.58823529,2944764.70588235,0,2944764.70588235,19335382.3529412,0,0,19335382.3529412,20246968.5245098,567240.072534926,404558.907352941,971798.979887867,23251946.0387114,1313855.00490196,39582350.877451,3916563.68577022,43498914.5632212,-21938091.0338094,21560823.5294118,1541.17647058824,58.8235294117647,0,58.8235294117647,644.470588235294,20990823.5294118,570000,0,0,258.823529411765,0,0,0,32.9411764705882,291.764705882353,0,0,0,0,2600,2600,1117.64705882353,988.235294117647,129.411764705882,0,0,0,188.235294117647,0,1305.88235294118,0,5.88235294117647,0,0,0,0,0,117.647058823529,0,58.8235294117647,188.235294117647,111.764705882353,0,0,611.764705882353,0,0,123.529411764706,0,0,88.2352941176471,0,0,0,0,0,0,0,0,0,0,0,0,0,0,0,0,0,0,0,17.4705882352941
4,100060,0,0,0,0,169310,1008260,0,0,0,114700,37,3,394684,6,0.62,0,0.62,0,0,0,0,0,0,0,0.62,0,0.62,0,0,0.62,0,0.62,0,0,0,0,0,0,0,0.62,0,0.62,0,0,14,2,750,2245693.5483871,434467.741935484,1811225.80645161,161387.096774194,0,0,0,0,273080.64516129,1626225.80645161,0,0,0,185000,2002661.29032258,132806.451612903,0,0,0,0,0,14322.5806451613,2195446.02150538,18385.4838709677,2213831.50537634,70583.1451612903,0,1590596.77419355,1590596.77419355,15707264.516129,0,0,15707264.516129,8665179.29569892,132638.761803629,244248.392903226,376887.154706855,16084151.6708359,7779449.73655914,22781847.0376344,1967483.9289004,24749330.9665348,-8304701.93427675,16444629.0322581,3598.38709677419,0,0,0,1367.38709677419,16444629.0322581,0,0,383.870967741935,0,0,0,0,11.2903225806452,395.161290322581,10803.2258064516,0,0,0,1188.70967741935,11991.935483871,929.032258064516,845.16129032258,83.8709677419355,0,0,0,137.096774193548,0,1066.12903225806,0,0,0,0,0,0,0,127.41935483871,0,0,0,153.225806451613,0,0,467.741935483871,0,43.5483870967742,180.645161290323,0,0,93.5483870967742,0,0,0,0,0,0,0,0,0,0,0,0,0,0,0,0,0,0,0,15.2564102564103
4,10500,0,0,0,0,0,0,0,33040,0,0,38,1,370532,6,0.1,0,0.1,0,0,0.1,0,0.1,0,0,0,0,0,0,0,0.1,0,0.1,0,0,0.1,0,0.1,0,0,0,0,0,0,0,26,2,1100,435400,105000,330400,105000,0,0,0,0,0,0,0,330400,0,0,1661100,1653000,0,0,0,0,0,0,3723778.83333333,46898.8,3770677.63333333,0,3003700,0,3003700,22514690,2829310,0,25344000,10720019.6333333,345972.343095,353486.025,699458.368095,26217848.368095,10363380.3666667,33234709.6333333,3703158.368095,36937868.0014283,-15854468.0014283,21083400,0,2340,0,2340,2340,0,21083400,0,180,0,0,0,0,0,180,0,0,4400,0,0,4400,1480,570,910,220,110,110,260,0,1960,160,80,0,0,0,0,0,150,0,0,300,120,0,0,760,0,0,80,0,0,310,0,0,0,0,0,0,0,0,0,0,0,0,0,0,0,0,0,0,0,33.4166666666667
4,157440,0,0,628220,0,559590,0,0,0,0,84820,37,4,394684,6,1.65,0,1.65,0,0,1.65,0,1.65,0,0,0,0,0,0,0,1.65,0,1.65,0,0,1.65,0,1.65,0,0,0,0,0,0,0,35.4,2,751.515151515152,866709.090909091,815303.03030303,51406.0606060606,95418.1818181818,0,0,380739.393939394,0,339145.454545455,0,0,0,0,51406.0606060606,1499048.48484848,909496.96969697,0,0,0,0,0,21527.2727272727,167027.893939394,10908.1339712919,177936.027910686,0,2991533.33333333,0,2991533.33333333,11219770.3030303,2003210.3030303,76198.1818181818,13299178.7878788,5884155.76303542,22061.240565933,201640.921363636,223702.161929569,14499660.3661988,16567916.9642373,17168580.6339713,3215235.4952629,20383816.1292342,2068256.59803854,22452072.7272727,0,3311.51515151515,0,3311.51515151515,3311.51515151515,0,22452072.7272727,0,221.818181818182,0,0,726.060606060606,0,12.7272727272727,960.606060606061,0,0,0,0,1340.60606060606,1340.60606060606,553.939393939394,396.969696969697,156.969696969697,76.969696969697,45.4545454545455,31.5151515151515,214.545454545455,53.3333333333333,898.787878787879,0,9.6969696969697,0,0,0,0,0,148.484848484848,0,18.1818181818182,161.818181818182,67.2727272727273,0,0,318.181818181818,0,24.2424242424242,63.6363636363636,0,0,85.4545454545455,0,0,0,0,1.81818181818182,0,0,0,0,0,0,0,0,0,0,0,0,0,0,17.8
4,31490,0,0,51530,0,160610,0,0,0,0,80020,37,2,394684,5,0.36,0,0.36,0,0,0.36,0,0.36,0,0,0,0,0,0,0,0.36,0,0.36,0,0,0.36,0,0.36,0,0,0,0,0,0,0,21,2,680.555555555556,899027.777777778,676750,222277.777777778,87472.2222222222,0,0,143138.888888889,0,446138.888888889,0,0,0,0,222277.777777778,1302222.22222222,1631750,0,0,0,0,0,41555.5555555556,737199.583333333,93741.8859649123,830941.469298246,552003.472222222,2975861.11111111,0,2975861.11111111,20432511.1111111,2329350,69847.2222222222,22831708.3333333,7988682.35841694,176124.565416612,324481.10625,500605.671666612,23971677.2547701,30509095.4193608,28483892.8304094,3476466.78277772,31960359.6131871,6537418.16459069,38497777.7777778,0,5422.22222222222,0,5422.22222222222,5422.22222222222,0,38497777.7777778,0,202.777777777778,0,0,327.777777777778,0,26.9444444444444,557.5,0,0,0,0,4097.22222222222,4097.22222222222,1316.66666666667,861.111111111111,455.555555555556,155.555555555556,113.888888888889,41.6666666666667,161.111111111111,0,1633.33333333333,0,27.7777777777778,0,0,0,0,0,155.555555555556,0,38.8888888888889,411.111111111111,25,0,0,455.555555555556,0,169.444444444444,266.666666666667,0,0,75,0,0,0,0,8.33333333333333,0,0,0,0,0,0,0,0,0,0,0,0,0,0,39.25
4,34110,0,0,38280,0,0,7130,0,0,0,0,37,2,394684,6,0.1,0,0.1,0,0,0.1,0,0.1,0,0,0,0,0,0,0,0.1,0,0.1,0,0,0.1,0,0.1,0,0,0,0,0,0,0,20,2,600,795200,723900,71300,341100,0,0,382800,0,0,71300,0,0,0,0,2159300,927400,0,0,0,0,0,213100,6528527.70833333,237579.407894737,6766107.11622807,333456,1201500,0,1201500,20966420,0,0,20966420,11589247.1162281,796230.233485164,304496.253,1100726.48648516,23268646.4864852,22397652.8837719,32555667.1162281,2302226.48648516,34857893.6027132,-870993.602713235,33986900,2570,3120,420,3540,4516.6,12515900,21471000,0,550,0,0,590,0,0,1140,450,0,0,0,0,450,1450,1010,440,0,0,0,60,0,1510,0,10,0,0,0,0,0,70,0,160,720,30,0,0,280,0,0,120,0,0,120,0,0,0,0,0,0,0,0,0,0,0,0,0,0,0,0,0,0,0,39.25
4,38490,45270,148860,41520,0,63370,0,0,0,0,399030,33,3,411291,5,0.72,0,0.72,0,0,0.72,0,0.72,0,0,0,0,0,0,0,0.72,0,0.72,0,0,0.72,0,0.72,0,0,0,0,0,0,0,13,2,1208.33333333333,1022972.22222222,468763.888888889,554208.333333333,53458.3333333333,62875,206750,57666.6666666667,0,88013.8888888889,0,0,0,0,554208.333333333,2340138.88888889,428555.555555556,0,3152.77777777778,10958.3333333333,0,0,305861.111111111,1443443.51851852,2430143.79385965,3873587.31237817,0,1835583.33333333,0,1835583.33333333,20125129.1666667,6080537.5,0,26205666.6666667,14477054.7012671,258253.780855263,368355.2625,626609.043355263,22587321.5433553,60883431.4098441,34602183.8679337,2462192.3766886,37064376.2446223,38296109.8664888,75360486.1111111,4369.44444444444,1445.83333333333,0,1445.83333333333,3106.22222222222,57851444.4444444,17509041.6666667,0,101.388888888889,308.333333333333,297.222222222222,122.222222222222,0,38.8888888888889,868.055555555556,0,0,0,0,3830.55555555556,3830.55555555556,1319.44444444444,623.611111111111,695.833333333333,605.555555555556,119.444444444444,486.111111111111,191.666666666667,0,2116.66666666667,0,4.16666666666667,0,0,0,0,0,229.166666666667,0,372.222222222222,780.555555555556,93.0555555555556,0,0,284.722222222222,0,0,158.333333333333,0,0,131.944444444444,0,0,0,0,54.1666666666667,0,8.33333333333333,0,0,0,0,0,0,0,0,0,0,0,0,12.8823529411765
4,39360,0,0,20020,0,102680,0,0,0,0,104030,37,2,394684,6,0.44,0,0.44,0,0,0.44,0,0.44,0,0,0,0,0,0,0,0.44,0,0.44,0,0,0.44,0,0.44,0,0,0,0,0,0,0,17.5,2,870.454545454545,604750,368318.181818182,236431.818181818,89454.5454545454,0,0,45500,0,233363.636363636,0,0,0,0,236431.818181818,1009090.90909091,1377409.09090909,0,0,0,0,0,34704.5454545454,887191.145833333,89480.8612440191,976672.007077352,554248.863636364,2252750,0,2252750,19026938.6363636,1481536.36363636,57147.7272727273,20565622.7272727,6437224.14313021,194892.522239175,286637.663863636,481530.186102811,21814238.1864136,28202412.2205061,25517182.143441,2734280.18610281,28251462.3295438,6388174.03409256,34639636.3636364,0,5109.09090909091,0,5109.09090909091,5109.09090909091,0,34639636.3636364,0,206.818181818182,0,0,88.6363636363636,0,10.9090909090909,306.363636363636,0,0,0,0,2011.36363636364,2011.36363636364,1179.54545454545,731.818181818182,447.727272727273,118.181818181818,50,68.1818181818182,200,0,1497.72727272727,0,18.1818181818182,0,0,0,0,0,154.545454545455,0,27.2727272727273,300,59.0909090909091,0,0,504.545454545455,0,131.818181818182,220.454545454545,0,0,77.2727272727273,0,0,0,0,4.54545454545454,0,0,0,0,0,0,0,0,0,0,0,0,0,0,39.25
4,4370,0,0,0,0,116950,168040,0,0,0,0,37,1,394684,6,0.24,0,0.24,0,0,0.24,0,0.24,0,0,0,0,0,0,0,0.2,0,0.2,0,0,0.2,0,0.2,0,0,0,0,0,0,0,14,2,600,1446800,606600,840200,21850,0,0,0,0,584750,840200,0,0,0,0,2758700,1341600,0,0,9850,0,0,88800,2916854.3125,39596.5263157895,2956450.83881579,535555.833333333,1521850,0,1521850,15896570,0,0,15896570,9532440.67214912,394704.246302023,261739.188,656443.434302023,18074863.434302,13206609.3278509,25429010.6721491,2178293.43430202,27607304.1064511,-4868254.10645115,22739050,0,3280,155,3435,3435,0,22739050,0,45,0,0,0,0,28.5,73.5,5580,0,0,0,0,5580,960,640,320,0,0,0,160,0,1120,0,30,0,0,0,0,0,115,0,210,400,75,0,0,180,0,0,20,0,0,80,0,0,0,0,10,0,0,0,0,0,0,0,0,0,0,0,0,0,0,37.6818181818182
4,4370,0,0,33570,0,19040,67220,0,0,0,0,37,1,394684,6,0.12,0,0.12,0,0,0.12,0,0.12,0,0,0,0,0,0,0,0.12,0,0.12,0,0,0.12,0,0.12,0,0,0,0,0,0,0,13,2,1666.66666666667,1035000,474833.333333333,560166.666666667,36416.6666666667,0,0,279750,0,158666.666666667,560166.666666667,0,0,0,0,2958750,1564916.66666667,0,0,993416.666666667,0,0,59250,11111831.0416667,451210.416666667,11563041.4583333,0,2144250,0,2144250,24579125,4687325,0,29266450,23256383.7916667,717126.27901875,435915.0675,1153041.34651875,27876416.3465187,8128449.54166667,47835508.7916667,3297291.34651875,51132800.1381854,-19747966.8048521,31384833.3333333,0,4858.33333333333,0,4858.33333333333,4858.33333333333,0,31384833.3333333,0,75,0,0,650,0,10,735,3725,0,0,0,0,3725,1525,1266.66666666667,258.333333333333,325,258.333333333333,66.6666666666667,166.666666666667,0,2016.66666666667,0,50,0,0,0,0,0,75,0,283.333333333333,508.333333333333,83.3333333333333,0,0,766.666666666667,0,25,141.666666666667,0,0,66.6666666666667,0,0,0,0,16.6666666666667,0,0,0,0,0,0,0,0,0,0,0,0,0,0,37.6818181818182
4,52480,0,10150,269440,0,262470,611070,0,0,0,0,37,3,394684,6,0.53,0,0.53,0,0,0.53,0,0.53,0,0,0,0,0,0,0,0.53,0,0.53,0,0,0.53,0,0.53,0,0,0,0,0,0,0,18,2,718.867924528302,2274735.8490566,1121773.58490566,1152962.26415094,99018.8679245283,0,19150.9433962264,508377.358490566,0,495226.41509434,1152962.26415094,0,0,0,0,1554188.67924528,1867094.33962264,0,0,119150.943396226,0,0,6698.11320754717,6321170.07861635,84121.9841112214,6405292.06272757,688239.779874214,3045226.41509434,0,3045226.41509434,20911773.5849057,1836198.11320755,166054.716981132,22914026.4150943,15159685.6845122,553035.256598409,349141.116226415,902176.372824824,25011827.2856314,24821370.9192614,36224110.1822244,3947402.78791916,40171512.9701436,-190456.36637,39981056.6037736,1037.7358490566,6039.62264150943,0,6039.62264150943,6433.96226415094,965094.339622641,39015962.2641509,0,103.77358490566,0,33.9622641509434,1149.05660377358,0,11.1320754716981,1297.92452830189,21064.1509433962,0,0,0,0,21064.1509433962,1364.15094339623,875.471698113207,488.679245283019,111.320754716981,111.320754716981,0,154.716981132075,0,1630.18867924528,0,41.5094339622641,0,0,0,0,0,26.4150943396226,0,279.245283018868,473.584905660377,160.377358490566,0,0,260.377358490566,0,39.622641509434,207.547169811321,0,0,137.735849056604,0,0,0,0,3.77358490566038,0,0,0,0,0,0,0,0,0,0,0,0,0,0,15.2564102564103
4,55110,0,0,0,0,228940,0,0,0,0,116700,37,3,394684,6,0.75,0,0.75,0,0,0.75,0,0.75,0,0,0,0,0,0,0,0.75,0,0.75,0,0,0.75,0,0.75,0,0,0,0,0,0,0,35.25,2,493.333333333333,534333.333333333,378733.333333333,155600,73480,0,0,0,0,305253.333333333,0,0,0,0,155600,1183426.66666667,756333.333333333,0,0,0,0,0,18106.6666666667,461922.344444444,29997.3684210526,491919.712865497,0,2883520,0,2883520,11972381.3333333,363452,0,12335833.3333333,3742255.7128655,35015.7528490855,180160.605,215176.357849085,15071077.6911824,19607757.6204678,15714637.0461988,3098696.35784909,18813333.4040479,4536679.92928542,23350013.3333333,0,3142.66666666667,0,3142.66666666667,3142.66666666667,0,23350013.3333333,0,170.666666666667,0,0,0,0,270.8,441.466666666667,0,0,0,0,982.666666666667,982.666666666667,702.666666666667,464,238.666666666667,29.3333333333333,9.33333333333333,20,146.666666666667,0,878.666666666667,0,10.6666666666667,0,0,0,0,0,160,0,18.6666666666667,178.666666666667,36,0,0,320,0,25.3333333333333,73.3333333333333,0,0,53.3333333333333,0,0,0,0,2.66666666666667,0,0,0,0,0,0,0,0,0,0,0,0,0,0,15.2564102564103
4,55110,0,0,58890,0,169320,0,0,0,0,0,37,3,394684,6,0.66,0,0.66,0,0,0.66,0,0.66,0,0,0,0,0,0,0,0.66,0,0.66,0,0,0.66,0,0.66,0,0,0,0,0,0,0,23.5,2,681.818181818182,429272.727272727,429272.727272727,0,83500,0,0,89227.2727272727,0,256545.454545455,0,0,0,0,0,1335424.24242424,1294560.60606061,0,0,0,0,0,25833.3333333333,402056.893939394,51131.9377990431,453188.831738437,237218.686868687,2169318.18181818,0,2169318.18181818,13884325.7575758,3472286.36363636,281930.303030303,17638542.4242424,7698870.50958859,106218.455689593,251792.145,358010.600689593,16637183.1248596,11552220.3995023,21808724.8519405,2527328.78250777,24336053.6344482,-5084962.72535732,19251090.9090909,0,2839.39393939394,0,2839.39393939394,2839.39393939394,0,19251090.9090909,0,193.939393939394,0,0,178.787878787879,0,14.2424242424242,386.969696969697,0,0,0,0,0,0,746.969696969697,445.454545454545,301.515151515152,128.787878787879,36.3636363636364,92.4242424242424,237.878787878788,106.060606060606,1219.69696969697,0,15.1515151515152,0,0,0,0,0,172.727272727273,0,27.2727272727273,260.606060606061,21.2121212121212,0,0,489.393939393939,0,43.9393939393939,81.8181818181818,0,0,104.545454545455,0,0,0,0,3.03030303030303,0,0,0,0,0,0,0,0,0,0,0,0,0,0,15.2564102564103
4,62980,0,0,0,0,142120,0,0,336980,0,0,37,3,394684,5,0.66,0,0.66,0,0,0.66,0,0.66,0,0,0,0,0,0,0,0.66,0,0.66,0,0,0.66,0,0.66,0,0,0,0,0,0,0,23,2,886.363636363636,821333.333333333,310757.575757576,510575.757575758,95424.2424242424,0,0,0,0,215333.333333333,0,0,510575.757575758,0,0,1052969.6969697,1563303.03030303,0,0,0,0,0,30727.2727272727,752960.164141414,61358.2535885167,814318.417729931,307916.035353535,2851969.6969697,0,2851969.6969697,17594524.2424242,548277.272727273,0,18142801.5151515,5533529.05914407,147923.312305532,262575.288409091,410498.600714623,20856992.5401086,29740561.8499468,23128053.3015683,3262468.29768432,26390521.5992526,8883569.30983827,35274090.9090909,0,4968.18181818182,0,4968.18181818182,4968.18181818182,0,35274090.9090909,0,221.212121212121,0,0,0,0,11.3636363636364,232.575757575758,0,0,5862.12121212121,0,0,5862.12121212121,1062.12121212121,683.333333333333,378.787878787879,40.9090909090909,22.7272727272727,18.1818181818182,195.454545454545,0,1298.48484848485,0,15.1515151515152,0,0,0,0,0,119.69696969697,0,25.7575757575758,374.242424242424,113.636363636364,0,0,336.363636363636,0,56.0606060606061,177.272727272727,0,0,75.7575757575758,0,0,0,0,4.54545454545454,0,0,0,0,0,0,0,0,0,0,0,0,0,0,15.2564102564103
4,8310,0,0,27000,0,64600,0,0,0,0,0,37,1,394684,6,0.16,0.16,0,0,0,0.16,0.16,0,0,0,0,0,0,0,0,0.16,0.16,0,0,0,0.16,0.16,0,0,0,0,0,0,0,0,28,1,625,624437.5,624437.5,0,51937.5,0,0,168750,0,403750,0,0,0,0,0,1588750,268375,0,0,0,0,0,24437.5,3940630.46875,281225.328947368,4221855.79769737,0,3128812.5,0,3128812.5,17541200,2855331.25,392893.75,20789425,10032872.6452021,147609.656570724,283039.41375,430649.070320724,21438553.722816,22478564.8547979,27911964.7976974,3559461.57032072,31471426.3680181,1040011.13198191,32511437.5,3931.25,0,0,0,1493.875,32511437.5,0,0,112.5,0,0,306.25,0,126.25,545,0,0,0,0,0,0,1193.75,662.5,531.25,231.25,93.75,137.5,106.25,0,1531.25,0,0,0,0,0,0,0,62.5,0,125,731.25,25,0,0,362.5,0,68.75,0,0,0,143.75,0,0,0,0,12.5,0,0,0,0,0,0,0,0,0,0,0,0,0,0,37.6818181818182
