"연령별","무기질비료_질소질_지출액1","무기질비료_인산질_지출액1","무기질비료_가리질_지출액1","무기질비료_복합_지출액1","무기질비료_토양개량제_지출액1","무기질비료_기타_지출액1","유기질비료_퇴구비_지출액1","유기질비료_계분_지출액1","유기질비료_우분_지출액1","유기질비료_돈분_지출액1","유기질비료_기타_지출액1","지역별","규모별","조성비","경영수준별","경지면적_합계_계","경지면적_합계_논","경지면적_합계_밭","경지면적_합계_임지","경지면적_합계_기타","경지면적_자작지_계","경지면적_자작지_논","경지면적_자작지_밭","경지면적_자작지_임지","경지면적_자작지_기타","경지면적_차용지_계","경지면적_차용지_논","경지면적_차용지_밭","경지면적_차용지_임지","경지면적_차용지_기타","재배면적_합계_계","재배면적_합계_논","재배면적_합계_밭","재배면적_합계_임지","재배면적_합계_기타","재배면적_자작지_계","재배면적_자작지_논","재배면적_자작지_밭","재배면적_자작지_임지","재배면적_자작지_기타","재배면적_차용지_계","재배면적_차용지_논","재배면적_차용지_밭","재배면적_차용지_임지","재배면적_차용지_기타","수령","전/겸업별","재배본수_ha당","비료비_ha당","무기질비료_ha당","유기질비료_ha당","무기질비료_질소질_지출액2","무기질비료_인산질_지출액2","무기질비료_가리질_지출액2","무기질비료_복합_지출액2","무기질비료_토양개량제_지출액2","무기질비료_기타_지출액2","유기질비료_퇴구비_지출액2","유기질비료_계분_지출액2","유기질비료_우분_지출액2","유기질비료_돈분_지출액2","유기질비료_기타_지출액2","농약비_ha당","수도광열비_ha당","제재료비_ha당","소농구비_ha당","수선비_ha당","임차료_ha당","위탁영농비_ha당","기타비용_ha당","기계_감가상각비_ha당","시설물_감가상각비_ha당","감가상각비_ha당","자동차비_ha당","자가토지용역비_ha당","임차토지용역비_ha당","토지용역비_ha당","자가노동비_ha당","고용노동비_ha당","급식물비_ha당","노동비_ha당","경영비","고정자본용역비_ha당","유동자본용역비_ha당","자본용역비_ha당","내급비","소득","직접생산비","간접생산비","생산비 합계_ha당","순수익","총 평가액_ha당","생대추 수량_ha당","건대추_찍초 수량_ha당","건대추_소계 수량_ha당","총 생산량(건대추 기준)_ha당","생대추 평가액_ha당","건대추_소계 평가액_ha당","부산물 생산량_ha당","무기질_질소질_수량_ha당","무기질_인산질_수량_ha당","무기질_가리질_수량_ha당","무기질_복합_수량_ha당","무기질_토양개량제_수량_ha당","무기질_기타_수량_ha당","무기질_합계_수량_ha당","유기질_퇴구비_수량_ha당","유기질_계분_수량_ha당","유기질_우분_수량_ha당","유기질_돈분_수량_ha당","유기질_기타_수량_ha당","유기질_합계_수량_ha당","총 노동시간_보통자가_ha당","총 노동시간_보통자가_남_ha당","총 노동시간_보통자가_여_ha당","총 노동시간_보통고용_ha당","총 노동시간_보통고용_남_ha당","총 노동시간_보통고용_여_ha당","총 노동시간_특수자가_ha당","총 노동시간_특수고용_ha당","총 노동시간_합계_ha당","간벌_시간_ha당","건조_시간_ha당","경운_시간_ha당","관수(살수)_시간_ha당","두둑_시간_ha당","멀칭_시간_ha당","배수로 정비 및 관리_시간_ha당","병해충방제_시간_ha당","보식작업_시간_ha당","선별_시간_ha당","수확 및 운반_시간_ha당","시비_시간_ha당","시설물 보수_시간_ha당","식재(조림)_시간_ha당","열매솎기(적과)_시간_ha당","인공교배 또는 수정_시간_ha당","재배지 정리_시간_ha당","전정_시간_ha당","접목 및 관리_시간_ha당","정지_시간_ha당","제초_시간_ha당","종묘 이식_시간_ha당","차광막 설치_시간_ha당","채종_시간_ha당","꽃눈솎기(적뢰)_시간_ha당","출하_시간_ha당","지주세우기_시간_ha당","일반관리_시간_ha당","파종_시간_ha당","표고목 눕히기_시간_ha당","표고목 뒤집기_시간_ha당","표고목 벌채_시간_ha당","표고목 세우기_시간_ha당","표고목 폐기_시간_ha당","버섯발생작업_시간_ha당","재배장 소독_시간_ha당","종균접종_시간_ha당","천공작업_시간_ha당","표고세척_시간_ha당","기타_시간_ha당","가중치"
1,0,0,0,0,0,0,0,0,0,0,237600,33,3,418695,6,0.58,0,0.58,0,0,0.58,0,0.58,0,0,0,0,0,0,0,0.58,0,0.58,0,0,0.58,0,0.58,0,0,0,0,0,0,0,17,2,603.448275862069,409655.172413793,0,409655.172413793,0,0,0,0,0,0,0,0,0,0,409655.172413793,4628379.31034483,1187241.37931034,0,0,0,0,0,2637931.03448276,455649.425287356,5559.03811252269,461208.463399879,77770.1149425287,1482758.62068965,0,1482758.62068965,22124286.2068965,6896551.72413793,0,29020837.9310345,16717432.1990321,57512.5517392609,410725.554605,468238.106344261,24075282.9339305,12248085.0423472,38841718.4059286,1950996.72703392,40792715.1329625,-11827197.8915832,28965517.2413793,1034.48275862069,0,2586.20689655172,2979.31034482759,8275862.06896552,20689655.1724138,0,0,0,0,0,0,0,0,0,0,0,0,931.034482758621,931.034482758621,1101.72413793103,929.310344827586,172.413793103448,275.862068965517,0,275.862068965517,298.275862068965,0,1675.86206896552,0,10.3448275862069,0,32.7586206896552,0,0,0,87.9310344827586,0,344.827586206897,448.275862068965,41.3793103448276,0,0,241.379310344828,0,103.448275862069,155.172413793103,0,0,210.344827586207,0,0,0,0,0,0,0,0,0,0,0,0,0,0,0,0,0,0,0,12.1666666666667
1,0,0,0,0,0,176000,627000,0,0,0,0,99,2,408849,6,0.62,0.62,0,0,0,0.62,0.62,0,0,0,0,0,0,0,0,0.37,0.37,0,0,0,0.37,0.37,0,0,0,0,0,0,0,0,2,1,1972.97297297297,2170270.27027027,475675.675675676,1694594.59459459,0,0,0,0,0,475675.675675676,1694594.59459459,0,0,0,0,81081.0810810811,170270.27027027,5729729.72972973,0,0,0,0,0,165405.405405405,75675.6756756757,241081.081081081,0,3378378.37837838,0,3378378.37837838,21568091.8918919,0,0,21568091.8918919,8801281.43243243,81784.7193189189,322207.801838108,403992.521157027,25350462.7914273,-5276957.10810811,30369373.3243243,3782370.89953541,34151744.2238597,-30627419.8995354,3524324.32432432,270.27027027027,27.027027027027,27.027027027027,129.72972972973,3243243.24324324,281081.081081081,0,0,0,0,0,0,39.1891891891892,39.1891891891892,8918.91891891892,0,0,0,0,8918.91891891892,1505.40540540541,921.621621621622,583.783783783784,0,0,0,16.2162162162162,0,1521.62162162162,0,2.7027027027027,0,35.1351351351351,0,0,0,13.5135135135135,86.4864864864865,16.2162162162162,54.0540540540541,140.540540540541,0,0,0,0,10.8108108108108,562.162162162162,0,0,383.783783783784,0,0,0,0,0,216.216216216216,0,0,0,0,0,0,0,0,0,0,0,0,0,14.8333333333333
1,0,0,0,0,0,50000,0,0,50000,0,0,99,1,408849,6,0.4,0.4,0,0,0,0.4,0.4,0,0,0,0,0,0,0,0,0.14,0.14,0,0,0,0.14,0.14,0,0,0,0,0,0,0,0,4,2,2142.85714285714,714285.714285714,357142.857142857,357142.857142857,0,0,0,0,0,357142.857142857,0,0,357142.857142857,0,0,260714.285714286,46714.2857142857,4785714.28571429,0,0,0,982142.857142857,2996428.57142857,21209047.6190476,12611428.5714286,33820476.1904762,952380.952380952,14285714.2857143,0,14285714.2857143,25896907.1428571,3428571.42857143,285714.285714286,29611192.8571429,48429681.6925019,2767889.76560952,427130.575939643,3195020.34154917,43629951.9347615,-37915395.9782162,74578899,17480734.6272634,92059633.6272635,-81545347.9129777,10514285.7142857,2342.85714285714,0,0,890.285714285714,10514285.7142857,0,0,0,0,0,0,0,21.4285714285714,21.4285714285714,0,0,7142.85714285714,0,0,7142.85714285714,1985.71428571429,550,1435.71428571429,228.571428571429,228.571428571429,0,14.2857142857143,0,2228.57142857143,0,0,0,35.7142857142857,0,0,0,14.2857142857143,0,0,500,121.428571428571,228.571428571429,0,342.857142857143,0,0,457.142857142857,0,0,414.285714285714,0,0,0,0,0,57.1428571428571,57.1428571428571,0,0,0,0,0,0,0,0,0,0,0,0,29.9444444444444
1,0,0,0,0,0,60000,0,0,0,0,0,99,1,408849,6,0.54,0.54,0,0,0,0.54,0.54,0,0,0,0,0,0,0,0,0.17,0.17,0,0,0,0.17,0.17,0,0,0,0,0,0,0,0,5,2,1647.05882352941,352941.176470588,352941.176470588,0,0,0,0,0,0,352941.176470588,0,0,0,0,0,423529.411764706,79882.3529411765,5941176.47058824,0,0,0,0,447058.823529412,3640784.31372549,9458823.52941176,13099607.8431373,1568627.45098039,1470588.23529412,0,1470588.23529412,21941876.4705882,352941.176470588,117647.058823529,22412464.7058824,22676476.1338244,1193531.31357255,321531.388019706,1515062.70159225,25043312.0383561,14481935.6308815,44734137.2352941,2985650.93688637,47719788.1721805,-10561376.4074746,37158411.7647059,3588.23529411765,0,0,1363.52941176471,37158411.7647059,0,0,0,0,0,0,0,35.2941176470588,35.2941176470588,0,0,0,0,0,0,1517.64705882353,929.411764705882,588.235294117647,94.1176470588235,94.1176470588235,0,23.5294117647059,0,1635.29411764706,0,0,0,47.0588235294118,0,70.5882352941176,0,23.5294117647059,0,0,611.764705882353,0,70.5882352941176,0,58.8235294117647,0,0,611.764705882353,0,0,0,0,0,0,47.0588235294118,0,94.1176470588235,0,0,0,0,0,0,0,0,0,0,0,0,0,29.9444444444444
1,0,0,0,0,0,60000,840000,0,0,0,258000,33,3,418695,6,0.5,0,0.5,0,0,0.5,0,0.5,0,0,0,0,0,0,0,0.5,0,0.5,0,0,0.5,0,0.5,0,0,0,0,0,0,0,15,2,560,2316000,120000,2196000,0,0,0,0,0,120000,1680000,0,0,0,516000,2184000,2042000,0,0,0,0,0,540000,338216.666666667,1565850,1904066.66666667,0,2000000,0,2000000,7573702,0,0,7573702,9404761.66666667,62128.698719875,158891.9915883,221020.690308175,9794722.69030818,10115238.3333333,16978463.6666667,2221020.69030818,19199484.3569748,320515.64302516,19520000,2200,100,300,1136,17600000,1920000,0,0,0,0,0,0,6,6,8000,0,0,0,1200,9200,338,298,40,0,0,0,136,0,474,0,6,0,14,0,0,0,80,0,22,104,52,0,0,44,0,0,112,0,0,40,0,0,0,0,0,0,0,0,0,0,0,0,0,0,0,0,0,0,0,12.1666666666667
1,0,0,0,0,0,80000,0,0,800000,0,0,33,2,418695,5,0.33,0,0.33,0,0,0.33,0,0.33,0,0,0,0,0,0,0,0.33,0,0.33,0,0,0.33,0,0.33,0,0,0,0,0,0,0,19,2,1454.54545454545,2666666.66666667,242424.242424242,2424242.42424242,0,0,0,0,0,242424.242424242,0,0,2424242.42424242,0,0,1560303.03030303,839393.939393939,0,0,0,0,0,727272.727272727,187727.272727273,2168636.60606061,2356363.87878788,333696.96969697,6060606.06060606,0,6060606.06060606,12257981.8181818,2424242.42424242,454545.454545455,15136769.6969697,11401686.5056486,-52189.3981871123,226920.13686697,174730.738679857,18872812.2027282,72057707.4337453,24039161.9090909,6235336.79928592,30274498.7083768,53184895.2310171,83459393.9393939,4696.9696969697,303.030303030303,3939.39393939394,5724.24242424242,48848484.8484848,34610909.0909091,0,0,0,0,0,0,6.06060606060606,6.06060606060606,0,0,60606.0606060606,0,0,60606.0606060606,666.666666666667,575.757575757576,90.9090909090909,242.424242424242,0,242.424242424242,115.151515151515,0,1024.24242424242,0,12.1212121212121,0,18.1818181818182,0,0,0,57.5757575757576,0,24.2424242424242,509.090909090909,103.030303030303,0,0,127.272727272727,0,0,109.090909090909,0,0,60.6060606060606,0,0,0,0,3.03030303030303,0,0,0,0,0,0,0,0,0,0,0,0,0,0,27
1,0,0,0,40000,0,70000,160000,0,0,0,0,37,3,400210,6,0.5,0,0.5,0,0,0.5,0,0.5,0,0,0,0,0,0,0,0.5,0,0.5,0,0,0.5,0,0.5,0,0,0,0,0,0,0,27,2,500,540000,220000,320000,0,0,0,80000,0,140000,320000,0,0,0,0,993200,1540460,0,0,0,0,0,240000,4738180,244336.842105263,4982516.84210526,0,2000000,0,2000000,16049316,10791940,460000,27301256,19673276.9204473,292548.294823293,331916.2040514,624464.498874693,18948830.4205326,16666423.0795527,35997642.8421053,2624464.49887469,38622107.34098,-2282407.34097996,36339700,0,1100,5420,5420,0,36339700,0,0,0,0,200,0,6.2,206.2,800,0,0,0,0,800,758,596,162,698,602,96,250,0,1706,0,4,0,6,0,0,0,50,0,432,528,38,0,0,288,0,0,156,0,0,204,0,0,0,0,0,0,0,0,0,0,0,0,0,0,0,0,0,0,0,16.0810810810811
1,100000,0,0,12000,0,0,0,0,0,0,0,33,3,418695,5,0.79,0.25,0.54,0,0,0.79,0.25,0.54,0,0,0,0,0,0,0,0.71,0.25,0.46,0,0,0.71,0.25,0.46,0,0,0,0,0,0,0,13,2,1549.29577464789,157746.478873239,157746.478873239,0,140845.070422535,0,0,16901.4084507042,0,0,0,0,0,0,0,1653521.12676056,479577.464788732,0,0,464788.732394366,0,0,263288.732394366,1367981.22065728,4420774.64788732,5788755.8685446,253521.126760563,1816901.4084507,0,1816901.4084507,17136854.9295775,0,0,17136854.9295775,9479894.53051643,264090.708904812,218521.884751127,482612.593655939,19436368.9316841,77104612.5117371,26616749.4600939,2299514.00210664,28916263.4622005,57668243.580053,86584507.0422535,9154.92957746479,0,0,3478.87323943662,86584507.0422535,0,0,281.69014084507,0,0,33.6619718309859,0,0,315.352112676056,0,0,0,0,0,0,1145.07042253521,485.915492957746,659.154929577465,0,0,0,70.4225352112676,0,1215.49295774648,0,2.8169014084507,0,2.8169014084507,0,0,0,39.4366197183099,0,349.295774647887,473.239436619718,7.04225352112676,0,0,95.774647887324,0,0,42.2535211267606,0,0,47.887323943662,0,0,0,0,78.8732394366197,0,76.056338028169,0,0,0,0,0,0,0,0,0,0,0,0,12.1666666666667
2,0,0,0,0,0,0,1600,0,0,0,0,99,1,408849,6,0.3,0.3,0,0,0,0.3,0.3,0,0,0,0,0,0,0,0,0.1,0.1,0,0,0,0.1,0.1,0,0,0,0,0,0,0,0,8,2,800,16000,0,16000,0,0,0,0,0,0,16000,0,0,0,0,200000,210000,0,0,45000,0,0,0,1060000,73684.2105263158,1133684.21052632,0,3500000,0,3500000,6997360,0,0,6997360,2013533.21052632,151613.057278947,80969.345194,232582.402472947,10729942.4024729,11186466.7894737,9010893.21052632,3732582.40247295,12743475.6129993,456524.387000738,13200000,1500,0,0,570,13200000,0,0,0,0,0,0,0,0,0,100,0,0,0,0,100,420,260,160,0,0,0,60,0,480,20,0,0,0,0,0,0,80,0,0,180,160,0,0,0,0,0,0,0,0,40,0,0,0,0,0,0,0,0,0,0,0,0,0,0,0,0,0,0,0,29.9444444444444
2,0,0,0,0,0,10000,0,0,0,0,300000,38,1,375719,6,0.16,0.16,0,0,0,0,0,0,0,0,0.16,0.16,0,0,0,0.16,0.16,0,0,0,0,0,0,0,0,0.16,0.16,0,0,0,37,2,812.5,1937500,62500,1875000,0,0,0,0,0,62500,0,0,0,0,1875000,1640625,1812500,0,0,0,0,0,0,1048916.66666667,145906.432748538,1194823.0994152,0,0,1250000,1250000,16488200,16437500,0,32925700,24648667.0994152,193044.605033151,415412.18493625,608456.789969401,17096656.7899694,-5404417.09941521,39886867.0994152,1858456.7899694,41745323.8893846,-22501073.8893846,19244250,0,281.25,2718.75,2718.75,0,19244250,0,0,0,0,0,0,3.125,3.125,0,0,0,0,3750,3750,762.5,762.5,0,1912.5,1450,462.5,243.75,0,2918.75,0,25,0,0,0,0,0,125,0,187.5,1337.5,50,0,0,350,0,300,325,0,0,218.75,0,0,0,0,0,0,0,0,0,0,0,0,0,0,0,0,0,0,0,36.4545454545455
2,0,0,0,0,0,149000,0,0,0,0,320000,99,4,408849,6,1.31,1.31,0,0,0,1.31,1.31,0,0,0,0,0,0,0,0,1.31,1.31,0,0,0,1.31,1.31,0,0,0,0,0,0,0,0,12.1666666666667,1,885.496183206107,358015.267175573,113740.458015267,244274.809160305,0,0,0,0,0,113740.458015267,0,0,0,0,244274.809160305,372519.083969466,170229.007633588,0,0,23664.1221374046,0,0,801526.717557252,796096.692111959,189232.623543592,985329.315655551,317862.595419847,4503816.79389313,0,4503816.79389313,4074845.03816794,6182851.90839695,502290.076335878,10759987.0229008,9923603.58925203,230718.5706454,135368.20464271,366086.77528811,9144282.11237865,13566472.7466258,14197982.1324494,4869903.56918124,19067885.7016307,4422190.63424718,23490076.3358779,3053.43511450382,0,0,1160.30534351145,23490076.3358779,0,0,0,0,0,0,0,767.93893129771,767.93893129771,0,0,0,0,610.687022900763,610.687022900763,190.839694656489,190.839694656489,0,360.30534351145,177.099236641221,183.206106870229,60.3053435114504,140.458015267176,751.908396946565,61.0687022900763,1.52671755725191,0,0,0,0,0,73.2824427480916,18.3206106870229,1.52671755725191,354.198473282443,30.5343511450382,0,0,16.030534351145,0,0,67.175572519084,0,0,128.24427480916,0,0,0,0,0,0,0,0,0,0,0,0,0,0,0,0,0,0,0,14
2,0,0,0,0,0,50000,0,0,0,0,430000,33,2,418695,5,0.48,0,0.48,0,0,0.48,0,0.48,0,0,0,0,0,0,0,0.48,0,0.48,0,0,0.48,0,0.48,0,0,0,0,0,0,0,19.5,2,1458.33333333333,1000000,104166.666666667,895833.333333333,0,0,0,0,0,104166.666666667,0,0,0,0,895833.333333333,920833.333333333,329166.666666667,0,0,0,0,0,854166.666666667,841388.888888889,0,841388.888888889,764722.222222222,2500000,0,2500000,7987991.66666667,0,0,7987991.66666667,5128972.77777778,37522.6494930555,120257.298394583,157779.947887639,10645771.6145543,65316860.5555556,13116964.4444444,2657779.94788764,15774744.3923321,54671088.9410013,70445833.3333333,4270.83333333333,41.6666666666667,2125,3747.91666666667,51250000,19195833.3333333,0,0,0,0,0,0,4.16666666666667,4.16666666666667,0,0,0,0,2083.33333333333,2083.33333333333,491.666666666667,341.666666666667,150,0,0,0,45.8333333333333,0,537.5,0,20.8333333333333,0,4.16666666666667,0,0,0,27.0833333333333,0,16.6666666666667,187.5,20.8333333333333,0,0,45.8333333333333,0,0,170.833333333333,0,0,43.75,0,0,0,0,0,0,0,0,0,0,0,0,0,0,0,0,0,0,0,27
2,0,0,0,0,0,80000,0,0,20000,0,86000,33,1,418695,6,0.26,0,0.26,0,0,0.26,0,0.26,0,0,0,0,0,0,0,0.26,0,0.26,0,0,0.26,0,0.26,0,0,0,0,0,0,0,15,2,769.230769230769,715384.615384615,307692.307692308,407692.307692308,0,0,0,0,0,307692.307692308,0,0,76923.0769230769,0,330769.230769231,1300000,815384.615384615,0,0,0,0,0,346153.846153846,520256.41025641,30000,550256.41025641,1270615.38461538,2692307.69230769,0,2692307.69230769,11524811.5384615,0,0,11524811.5384615,5416489.87179487,11693.80369,159391.061092885,171084.864782885,14388204.0955521,26645048.5897436,16941301.4102564,2863392.55709058,19804693.967347,12256844.4941915,32061538.4615385,2384.61538461538,76.9230769230769,461.538461538461,1367.69230769231,28615384.6153846,3446153.84615385,0,0,0,0,0,0,7.69230769230769,7.69230769230769,0,0,2884.61538461538,0,769.230769230769,3653.84615384615,546.153846153846,546.153846153846,0,0,0,0,165.384615384615,0,711.538461538462,0,7.69230769230769,0,26.9230769230769,0,0,0,84.6153846153846,0,23.0769230769231,153.846153846154,123.076923076923,0,0,69.2307692307692,0,0,157.692307692308,0,0,65.3846153846154,0,0,0,0,0,0,0,0,0,0,0,0,0,0,0,0,0,0,0,37.5
2,0,0,0,1000,0,0,35000,0,0,0,0,99,1,408849,6,0.11,0.11,0,0,0,0.11,0.11,0,0,0,0,0,0,0,0,0.11,0.11,0,0,0,0.11,0.11,0,0,0,0,0,0,0,0,8,2,1000,327272.727272727,9090.90909090909,318181.818181818,0,0,0,9090.90909090909,0,0,318181.818181818,0,0,0,0,0,181818.181818182,0,0,0,0,0,0,1160000,174545.454545455,1334545.45454545,0,1090909.09090909,0,1090909.09090909,7509936.36363636,0,0,7509936.36363636,2252485.36363636,281602.988309091,86939.4870313636,368542.475340455,8969387.92988591,2838423.72727273,9762421.72727273,1459451.56624955,11221873.2935223,-6130964.20261318,5090909.09090909,636.363636363636,0,0,241.818181818182,5090909.09090909,0,0,0,0,0,18.1818181818182,0,0,18.1818181818182,1818.18181818182,0,0,0,0,1818.18181818182,409.090909090909,372.727272727273,36.3636363636364,0,0,0,72.7272727272727,0,481.818181818182,0,0,0,0,0,0,0,0,0,0,36.3636363636364,81.8181818181818,0,0,0,0,0,254.545454545455,0,0,109.090909090909,0,0,0,0,0,0,0,0,0,0,0,0,0,0,0,0,0,0,0,29.9444444444444
2,0,0,0,102920,0,327400,0,0,800000,0,0,33,4,418695,6,2.1,0,2.1,0,0,1.31,0,1.31,0,0,0.79,0,0.79,0,0,2.1,0,2.1,0,0,1.31,0,1.31,0,0,0.79,0,0.79,0,0,15.4,1,1880.95238095238,585866.666666667,204914.285714286,380952.380952381,0,0,0,49009.5238095238,0,155904.761904762,0,0,380952.380952381,0,0,1723714.28571429,764285.714285714,0,0,0,0,0,61904.7619047619,415059.523809524,360595.276190476,775654.8,12393.6507936508,4123809.52380952,2142857.14285714,6266666.66666667,7314325.71428571,4970011.42857143,0,12284337.1428571,11455383.4507936,38511.7680397401,167179.420093429,205691.188133169,11643826.4262284,17116045.1206349,16626852.0222222,6472357.85479984,23099209.8770221,5472218.69440651,28571428.5714286,1428.57142857143,0,476.190476190476,1019.04761904762,22857142.8571429,5714285.71428571,0,0,0,0,133.333333333333,0,293.095238095238,426.428571428571,0,0,21428.5714285714,0,0,21428.5714285714,324.285714285714,304.285714285714,20,224.761904761905,72.3809523809524,152.380952380952,124.761904761905,0,673.809523809524,0,2.85714285714286,0,19.5238095238095,0,0,0,39.047619047619,0,87.6190476190476,161.904761904762,102.857142857143,0,0,99.047619047619,0,0,80.9523809523809,15.2380952380952,0,59.047619047619,0,0,0,0,5.71428571428571,0,0,0,0,0,0,0,0,0,0,0,0,0,0,10.25
2,0,0,0,12000,0,69300,0,0,0,0,0,99,1,408849,6,0.42,0.42,0,0,0,0.42,0.42,0,0,0,0,0,0,0,0,0.21,0.21,0,0,0,0.21,0.21,0,0,0,0,0,0,0,0,3,2,833.333333333333,387142.857142857,387142.857142857,0,0,0,0,57142.8571428571,0,330000,0,0,0,0,0,800000,142857.142857143,0,0,266666.666666667,0,0,0,455238.095238095,571428.571428571,1026666.66666667,3174603.17460317,2857142.85714286,0,2857142.85714286,9392852.38095238,0,0,9392852.38095238,6206785.50793651,963416.553349206,119144.519182619,1082561.07253183,13332556.3106271,650357.34920635,15599637.8888889,3939703.92967468,19539341.8185636,-12682198.9614207,6857142.85714286,571.428571428571,0,0,217.142857142857,6857142.85714286,0,0,0,0,0,95.2380952380952,0,109.52380952381,204.761904761905,0,0,0,0,0,0,552.380952380952,552.380952380952,0,0,0,0,38.0952380952381,0,590.47619047619,0,0,0,23.8095238095238,0,0,0,128.571428571429,0,14.2857142857143,57.1428571428571,4.76190476190476,0,0,0,0,0,152.380952380952,0,0,209.523809523809,0,0,0,0,0,0,0,0,0,0,0,0,0,0,0,0,0,0,0,29.9444444444444
2,0,0,0,156000,0,0,525000,0,0,0,200000,37,3,400210,6,0.79,0,0.79,0,0,0.79,0,0.79,0,0,0,0,0,0,0,0.79,0,0.79,0,0,0.79,0,0.79,0,0,0,0,0,0,0,27.5,2,443.037974683544,1115189.87341772,197468.35443038,917721.518987342,0,0,0,197468.35443038,0,0,664556.962025316,0,0,0,253164.556962025,1247974.6835443,568987.341772152,0,0,0,25316.4556962025,0,291139.240506329,2208042.19409283,274217.188540973,2482259.3826338,425755.274261603,2911392.40506329,0,2911392.40506329,9037672.15189873,3164617.72151899,0,12202289.8734177,9721449.9733511,260895.805354712,167513.222537785,428409.027892497,12377473.5848545,993486.735509658,18759122.1252498,3339801.43295579,22098923.5582056,-11383986.8493449,10714936.7088608,1012.6582278481,170.886075949367,930.379746835443,1315.18987341772,4228860.75949367,6486075.94936709,0,0,0,0,303.79746835443,0,0,303.79746835443,3797.46835443038,0,0,0,759.493670886076,4556.96202531646,501.26582278481,481.012658227848,20.253164556962,205.063291139241,179.746835443038,25.3164556962025,64.5569620253165,0,770.886075949367,0,3.79746835443038,0,0,0,0,0,29.1139240506329,0,50.6329113924051,141.772151898734,26.5822784810127,0,0,298.73417721519,0,0,146.835443037975,0,0,73.4177215189873,0,0,0,0,0,0,0,0,0,0,0,0,0,0,0,0,0,0,0,16.0810810810811
2,0,0,0,16000,0,32000,240000,0,0,0,0,37,3,400210,6,0.6,0,0.6,0,0,0.6,0,0.6,0,0,0,0,0,0,0,0.6,0,0.6,0,0,0.6,0,0.6,0,0,0,0,0,0,0,22.75,2,565,480000,80000,400000,0,0,0,26666.6666666667,0,53333.3333333333,400000,0,0,0,0,628333.333333333,772733.333333333,0,0,0,0,0,100000,833077.777777778,108905.263157895,941983.040935673,778555.555555556,2666666.66666667,0,2666666.66666667,13018718.3333333,7851266.66666667,0,20869985,11953081.9298246,172119.363662392,247743.104301917,419862.467964308,16105247.4679643,28048168.0701754,24971800.2631579,3086529.13463098,28058329.3977889,11942920.6022111,40001250,0,750,5750,5750,0,40001250,0,0,0,0,66.6666666666667,0,2.83333333333333,69.5,1000,0,0,0,0,1000,725,456.666666666667,268.333333333333,546.666666666667,280,266.666666666667,131.666666666667,0,1403.33333333333,0,3.33333333333333,0,1.66666666666667,0,0,0,40,0,560,560,18.3333333333333,0,0,123.333333333333,0,0,0,0,0,96.6666666666667,0,0,0,0,0,0,0,0,0,0,0,0,0,0,0,0,0,0,0,16.0810810810811
2,0,0,0,190000,0,312500,0,0,1400000,0,0,33,3,418695,5,0.98,0,0.98,0,0,0.69,0,0.69,0,0,0.29,0,0.29,0,0,0.98,0,0.98,0,0,0.69,0,0.69,0,0,0.29,0,0.29,0,0,14,1,1520.40816326531,1941326.53061224,512755.102040816,1428571.42857143,0,0,0,193877.551020408,0,318877.551020408,0,0,1428571.42857143,0,0,1599530.6122449,1141836.73469388,0,0,0,0,0,102040.816326531,1842714.28571429,800561.632653061,2643275.91836735,318707.482993197,2040816.32653061,2040816.32653061,4081632.65306122,14848701.0204082,11881755.1020408,0,26730456.122449,22087984.5238095,74177.607564517,341676.668513827,415854.276078344,17305371.6230171,45928342.0068027,34895869.2176871,4497486.92913957,39393356.1468266,28622970.3837856,68016326.5306122,3061.22448979592,0,4081.63265306122,5244.89795918367,24489795.9183673,43526530.6122449,0,0,0,0,408.163265306122,0,538.265306122449,946.428571428571,0,0,61224.4897959184,0,0,61224.4897959184,763.265306122449,630.612244897959,132.65306122449,520.408163265306,193.877551020408,326.530612244898,176.530612244898,0,1460.20408163265,0,4.08163265306122,0,47.9591836734694,0,0,0,39.7959183673469,0,272.448979591837,428.571428571429,173.469387755102,0,0,224.489795918367,0,0,163.265306122449,0,0,106.122448979592,0,0,0,0,0,0,0,0,0,0,0,0,0,0,0,0,0,0,0,12.1666666666667
2,0,0,0,25000,0,1686000,0,0,0,0,1640000,37,4,400210,6,2.89,2.89,0,0,0,2.89,2.89,0,0,0,0,0,0,0,0,2.89,2.89,0,0,0,2.89,2.89,0,0,0,0,0,0,0,0,35.3333333333333,1,294.117647058824,1159515.57093426,592041.522491349,567474.048442907,0,0,0,8650.51903114187,0,583391.003460208,0,0,0,0,567474.048442907,1289792.38754325,791089.965397924,0,0,0,173010.380622837,0,67128.0276816609,262397.785467128,39136.7692587871,301534.554725915,143529.411764706,553633.21799308,0,553633.21799308,8720766.78200692,3821198.61591696,5096885.81314879,17638851.2110727,9699892.56533613,51566.2407493948,228969.007958305,280535.248707699,13098937.4111079,19192702.5903732,21964661.5097432,834168.466700779,22798829.976444,6093765.17926535,28892595.1557093,0,415.22491349481,4074.39446366782,4074.39446366782,0,28892595.1557093,0,0,0,0,17.3010380622837,0,17.7508650519031,35.0519031141869,0,0,0,0,1384.0830449827,1384.0830449827,437.716262975779,238.062283737024,199.653979238754,257.439446366782,113.494809688581,143.944636678201,148.442906574394,0,843.598615916955,0,8.65051903114187,0,0,0,0,0,90.6574394463668,0,67.8200692041523,163.321799307958,22.1453287197232,0,0,149.480968858132,0,33.2179930795848,220.069204152249,0,0,85.4671280276817,0,0,0,0,2.7681660899654,0,0,0,0,0,0,0,0,0,0,0,0,0,0,19.0714285714286
2,0,0,0,32000,0,80000,320000,0,0,0,0,37,2,400210,5,0.43,0,0.43,0,0,0.43,0,0.43,0,0,0,0,0,0,0,0.43,0,0.43,0,0,0.43,0,0.43,0,0,0,0,0,0,0,31.5,2,348.837209302326,1004651.1627907,260465.11627907,744186.046511628,0,0,0,74418.6046511628,0,186046.511627907,744186.046511628,0,0,0,0,945116.279069767,283000,0,0,0,0,0,348837.209302326,4911720.93023256,308445.53243574,5220166.4626683,0,3023255.81395349,0,3023255.81395349,23289337.2093023,12191255.8139535,1069767.44186047,36550360.4651163,20760812.7610468,305047.085346201,424255.069602907,729302.154949108,27744086.7868032,144946163.983139,44752341.5789474,3752557.9689026,48504899.54785,117202077.196336,165706976.744186,4651.16279069767,930.232558139535,19534.8837209302,21302.3255813953,24186046.5116279,141520930.232558,0,0,0,0,186.046511627907,0,10.4651162790698,196.511627906977,1860.46511627907,0,0,0,0,1860.46511627907,1309.3023255814,648.837209302326,660.46511627907,818.604651162791,372.093023255814,446.511627906977,269.767441860465,0,2397.67441860465,0,11.6279069767442,0,4.65116279069767,0,0,0,65.1162790697674,0,827.906976744186,874.418604651163,23.2558139534884,0,0,274.418604651163,0,0,106.976744186047,0,0,209.302325581395,0,0,0,0,0,0,0,0,0,0,0,0,0,0,0,0,0,0,0,34.8888888888889
2,0,0,0,330000,0,0,0,0,0,0,1400000,37,3,400210,6,0.76,0,0.76,0,0,0.59,0,0.59,0,0,0.17,0,0.17,0,0,0.76,0,0.76,0,0,0.59,0,0.59,0,0,0.17,0,0.17,0,0,23.25,2,513.157894736842,2276315.78947368,434210.526315789,1842105.26315789,0,0,0,434210.526315789,0,0,0,0,0,0,1842105.26315789,1518947.36842105,910855.263157895,0,0,0,0,0,263157.894736842,2331614.03508772,1288919.66759003,3620533.70267775,663842.105263158,2298684.21052632,657894.736842105,2956578.94736842,9241253.94736842,3765460.52631579,0,13006714.4736842,14077217.3868883,1009529.13530881,194889.400542697,1204418.53585151,12744356.6937462,15172782.6131117,22660576.5974146,4160997.48321993,26821574.0806345,2428425.91936548,29250000,0,0,3947.36842105263,3947.36842105263,0,29250000,0,0,0,0,657.894736842105,0,0,657.894736842105,0,0,0,0,3684.21052631579,3684.21052631579,494.736842105263,494.736842105263,0,244.736842105263,192.105263157895,52.6315789473684,80.2631578947368,0,819.736842105263,0,7.89473684210526,0,0,0,0,0,35.5263157894737,0,63.1578947368421,257.894736842105,21.0526315789474,0,0,251.315789473684,0,0,111.842105263158,0,0,71.0526315789474,0,0,0,0,0,0,0,0,0,0,0,0,0,0,0,0,0,0,0,16.0810810810811
2,0,0,0,368000,0,165000,560000,0,0,0,0,37,4,400210,6,1.41,1.34,0.07,0,0,1.41,1.34,0.07,0,0,0,0,0,0,0,1.41,1.34,0.07,0,0,1.41,1.34,0.07,0,0,0,0,0,0,0,24.8,2,492.90780141844,775177.304964539,378014.184397163,397163.120567376,0,0,0,260992.907801418,0,117021.276595745,397163.120567376,0,0,0,0,583120.567375886,1250794.32624113,0,0,0,0,0,14893.6170212766,4134444.44444444,272892.870474057,4407337.3149185,496950.354609929,2056737.58865248,0,2056737.58865248,8507439.0070922,4453900.70921986,519148.936170213,13480488.6524823,12560779.1647483,456826.465032487,174599.075616915,631425.540649402,11536356.1021671,30203050.6224857,21408972.1376135,2688163.12930188,24097135.2669154,18666694.5203186,42763829.787234,0,851.063829787234,6170.21276595745,6170.21276595745,0,42763829.787234,0,0,0,0,652.482269503546,0,5.0354609929078,657.517730496454,992.90780141844,0,0,0,0,992.90780141844,457.446808510638,260.992907801418,196.45390070922,283.687943262411,192.90780141844,90.7801418439716,112.056737588652,0,853.191489361702,0,2.83687943262411,0,7.09219858156028,0,0,0,26.9503546099291,0,175.886524822695,255.31914893617,30.4964539007092,0,0,207.09219858156,0,0,60.9929078014184,0,0,86.5248226950355,0,0,0,0,0,0,0,0,0,0,0,0,0,0,0,0,0,0,0,19.0714285714286
2,0,0,0,40000,0,66000,0,0,150000,0,0,37,3,400210,5,0.5,0,0.5,0,0,0.5,0,0.5,0,0,0,0,0,0,0,0.5,0,0.5,0,0,0.5,0,0.5,0,0,0,0,0,0,0,29.5,2,360,512000,212000,300000,0,0,0,80000,0,132000,0,0,300000,0,0,688800,2066700,0,0,0,0,0,220000,3705706.66666667,252000,3957706.66666667,896906.666666667,3000000,0,3000000,16987356,8464480,760000,26211836,17459555.4255596,522617.893078133,321989.8061444,844607.699222533,21339211.6069963,46911444.5744404,34954159.3333333,3844607.69922253,38798767.0325559,25572232.9674441,64371000,0,1500,9000,9000,0,64371000,0,0,0,0,200,0,5.8,205.8,0,0,2000,0,0,2000,930,582,348,560,240,320,194,0,1684,0,8,0,4,0,0,0,54,0,560,560,18,0,0,232,0,0,104,0,0,144,0,0,0,0,0,0,0,0,0,0,0,0,0,0,0,0,0,0,0,16.0810810810811
2,0,0,0,44000,0,181500,0,0,0,0,98400,37,1,400210,6,0.28,0.28,0,0,0,0.28,0.28,0,0,0,0,0,0,0,0,0.28,0.28,0,0,0,0.28,0.28,0,0,0,0,0,0,0,0,17,2,1607.14285714286,1156785.71428571,805357.142857143,351428.571428571,0,0,0,157142.857142857,0,648214.285714286,0,0,0,0,351428.571428571,835714.285714286,1065000,0,0,0,0,0,150714.285714286,522608.571428571,164473.684210526,687082.255639098,585595.238095238,2214285.71428571,0,2214285.71428571,15469607.1428571,1428571.42857143,178571.428571429,17076750,6324769.6303793,164648.255717665,219922.483048214,384570.738765879,18231938.6021209,9459516.08390641,21957851.7794486,2598856.45305159,24556708.2325002,-8772422.5182145,15784285.7142857,0,535.714285714286,2410.71428571429,2410.71428571429,0,15784285.7142857,0,0,0,0,285.714285714286,0,725.357142857143,1011.07142857143,0,0,0,0,857.142857142857,857.142857142857,917.857142857143,903.571428571428,14.2857142857143,142.857142857143,57.1428571428571,85.7142857142857,64.2857142857143,0,1125,0,7.14285714285714,0,0,0,0,0,117.857142857143,0,71.4285714285714,285.714285714286,57.1428571428571,0,0,0,0,0,457.142857142857,0,0,125,0,0,0,0,3.57142857142857,0,0,0,0,0,0,0,0,0,0,0,0,0,0,43.6315789473684
2,0,0,0,55000,0,10000,0,0,0,0,400000,38,2,375719,6,0.37,0,0.37,0,0,0.37,0,0.37,0,0,0,0,0,0,0,0.37,0,0.37,0,0,0.37,0,0.37,0,0,0,0,0,0,0,37,2,918.918918918919,1256756.75675676,175675.675675676,1081081.08108108,0,0,0,148648.648648649,0,27027.027027027,0,0,0,0,1081081.08108108,1024324.32432432,797297.297297297,0,0,0,0,0,0,388461.261261261,38185.5539750277,426646.815236289,0,270270.27027027,0,270270.27027027,8190637.83783784,54054.0540540541,0,8244691.89189189,3934798.24766872,54672.7258205045,122760.764795676,177433.49061618,8638341.59872429,3957634.18476371,12125436.0855066,447703.760886451,12573139.846393,-4680707.41396058,7892432.43243243,0,202.702702702703,1094.59459459459,1094.59459459459,0,7892432.43243243,0,0,0,0,270.27027027027,0,1.35135135135135,271.621621621622,0,0,0,0,2162.16216216216,2162.16216216216,329.72972972973,275.675675675676,54.0540540540541,21.6216216216216,21.6216216216216,0,175.675675675676,0,527.027027027027,0,10.8108108108108,0,0,0,0,0,78.3783783783784,0,108.108108108108,89.1891891891892,13.5135135135135,0,0,0,0,0,8.10810810810811,0,0,137.837837837838,0,0,0,81.0810810810811,0,0,0,0,0,0,0,0,0,0,0,0,0,0,0,36.4545454545455
2,0,0,0,55000,0,224720,0,0,200000,0,0,37,1,400210,5,0.27,0,0.27,0,0,0.27,0,0.27,0,0,0,0,0,0,0,0.27,0,0.27,0,0,0.27,0,0.27,0,0,0,0,0,0,0,32,2,925.925925925926,1776740.74074074,1036000,740740.740740741,0,0,0,203703.703703704,0,832296.296296296,0,0,740740.740740741,0,0,2085925.92592593,2088703.7037037,0,0,0,0,0,156851.851851852,524355.555555556,238791.423001949,763146.978557505,755703.703703704,5481481.48148148,0,5481481.48148148,32162744.4444444,5094059.25925926,0,37256803.7037037,13121342.1637427,231539.589597162,470148.433329815,701688.022926977,38345913.9488529,44237268.9473684,45284086.6081871,6183169.50440846,51467256.1125956,5891354.99851552,57358611.1111111,0,500,7222.22222222222,7222.22222222222,0,57358611.1111111,0,0,0,0,370.37037037037,0,315.555555555556,685.925925925926,0,0,5925.92592592593,0,0,5925.92592592593,1840.74074074074,1400,440.740740740741,340.740740740741,222.222222222222,118.518518518519,255.555555555556,0,2437.03703703704,0,18.5185185185185,0,0,0,0,0,292.592592592593,0,148.148148148148,725.925925925926,62.962962962963,0,0,325.925925925926,0,0,740.740740740741,0,0,111.111111111111,0,0,0,0,11.1111111111111,0,0,0,0,0,0,0,0,0,0,0,0,0,0,43.6315789473684
2,0,0,0,55000,0,371000,0,0,0,0,0,37,3,400210,6,0.58,0,0.58,0,0,0.58,0,0.58,0,0,0,0,0,0,0,0.58,0,0.58,0,0,0.58,0,0.58,0,0,0,0,0,0,0,15.25,2,644.827586206897,734482.75862069,734482.75862069,0,0,0,0,94827.5862068965,0,639655.172413793,0,0,0,0,0,1221206.89655172,1112586.20689655,0,0,0,344827.586206897,0,113793.103448276,383873.563218391,158268.602540835,542142.165759226,282701.149425287,5224137.93103448,0,5224137.93103448,12515581.0344828,1768894.82758621,137931.034482759,14422406.8965517,6537925.15973671,162894.224359386,194600.06573,357494.290089386,18218063.8248475,14383454.1506081,19174356.7634604,5581632.22112387,24755988.9845842,-3834609.67423941,20921379.3103448,0,258.620689655172,2663.79310344828,2663.79310344828,0,20921379.3103448,0,0,0,0,172.413793103448,0,18.9655172413793,191.379310344828,0,0,0,0,0,0,527.586206896552,458.620689655172,68.9655172413793,120.689655172414,46.551724137931,74.1379310344827,250,0,898.275862068965,0,6.89655172413793,0,0,0,0,0,139.655172413793,0,36.2068965517241,248.275862068965,8.62068965517241,0,0,0,0,0,344.827586206897,0,0,110.344827586207,0,0,0,0,3.44827586206897,0,0,0,0,0,0,0,0,0,0,0,0,0,0,16.0810810810811
2,0,0,0,88000,0,103000,0,0,0,0,0,37,1,400210,6,0.22,0,0.22,0,0,0.22,0,0.22,0,0,0,0,0,0,0,0.22,0,0.22,0,0,0.22,0,0.22,0,0,0,0,0,0,0,25,2,772.727272727273,868181.818181818,868181.818181818,0,0,0,0,400000,0,468181.818181818,0,0,0,0,0,1090909.09090909,982272.727272727,0,0,0,0,0,182272.727272727,595116.666666667,100478.468899522,695595.135566188,309151.515151515,3181818.18181818,0,3181818.18181818,22828381.8181818,1506845.45454545,0,24335227.2727273,6035438.46889952,157201.383091295,297699.388943182,454900.772034476,26465100.7720345,23326038.8038278,28863820.2870813,3636718.95385266,32500539.240934,-3139061.96820672,29361477.2727273,0,340.909090909091,4090.90909090909,4090.90909090909,0,29361477.2727273,0,0,0,0,727.272727272727,0,24.0909090909091,751.363636363636,0,0,0,0,0,0,1413.63636363636,1036.36363636364,377.272727272727,122.727272727273,0,122.727272727273,127.272727272727,0,1663.63636363636,0,9.09090909090909,0,0,0,0,0,118.181818181818,0,68.1818181818182,327.272727272727,27.2727272727273,0,0,327.272727272727,0,54.5454545454545,509.090909090909,0,0,218.181818181818,0,0,0,0,4.54545454545455,0,0,0,0,0,0,0,0,0,0,0,0,0,0,43.6315789473684
2,20000,0,0,0,0,0,0,0,0,0,120000,37,2,400210,6,0.32,0,0.32,0,0,0.32,0,0.32,0,0,0,0,0,0,0,0.32,0,0.32,0,0,0.32,0,0.32,0,0,0,0,0,0,0,27,2,484.375,437500,62500,375000,62500,0,0,0,0,0,0,0,0,0,375000,1090625,663281.25,46875,346875,46875,0,0,250000,2272841.66666667,6447.36842105263,2279289.03508772,1051083.33333333,3000000,0,3000000,13957850,2093750,0,16051600,8706363.61842105,277480.296139386,205271.803241562,482752.099380948,17440602.0993809,15970136.3815789,22664213.6184211,3482752.09938095,26146965.717802,-1470465.717802,24676500,2140.625,187.5,2156.25,2969.6875,9350250,15326250,0,125,0,0,0,0,0,125,0,0,0,0,750,750,825,662.5,162.5,200,125,75,81.25,0,1106.25,0,9.375,0,0,0,25,0,37.5,0,200,362.5,43.75,0,0,253.125,0,12.5,131.25,0,0,31.25,0,0,0,0,0,0,0,0,0,0,0,0,0,0,0,0,0,0,0,34.8888888888889
2,215000,0,0,170000,13500,1307000,0,0,0,0,1384000,33,4,418695,5,1.37,0.07,1.26,0,0.04,1.37,0.07,1.26,0,0.04,0,0,0,0,0,1.37,0.07,1.26,0,0.04,1.37,0.07,1.26,0,0.04,0,0,0,0,0,9.75,1,1014.59854014599,2255109.48905109,1244890.51094891,1010218.97810219,156934.306569343,0,0,124087.591240876,9854.01459854015,954014.598540146,0,0,0,0,1010218.97810219,978905.109489051,792408.759124088,2627737.22627737,0,323591.240875912,0,0,2300700.72992701,4888077.85888078,5856434.88282751,10744512.7417083,535279.805352798,2075912.40875912,0,2075912.40875912,12722992.7007299,6103824.81751825,729927.00729927,19556744.5255474,27317413.8685056,782098.637942758,312621.114425547,1094719.75236831,16386902.9199749,101015732.116896,40533684.627353,3170632.16112743,43704316.7884805,84628829.196921,128333145.985401,12722.6277372263,0,0,4834.59854014598,128333145.985401,0,0,313.868613138686,0,0,262.773722627737,19.7080291970803,1778.83211678832,2375.18248175182,0,0,0,0,2525.54744525547,2525.54744525547,636.496350364963,468.613138686131,167.883211678832,245.255474452555,70.0729927007299,175.182481751825,176.642335766423,0,1058.39416058394,0,21.8978102189781,0,0,0,0,0,67.8832116788321,0,240.875912408759,318.248175182482,35.036496350365,0,0,63.5036496350365,0,0,131.386861313869,0,0,87.5912408759124,0,0,0,0,80.2919708029197,0,11.6788321167883,0,0,0,0,0,0,0,0,0,0,0,0,10.25
2,80000,0,0,0,0,55000,0,0,120000,0,0,33,1,418695,6,0.26,0,0.26,0,0,0.26,0,0.26,0,0,0,0,0,0,0,0.26,0,0.26,0,0,0.26,0,0.26,0,0,0,0,0,0,0,8.66666666666667,2,1269.23076923077,980769.230769231,519230.769230769,461538.461538462,307692.307692308,0,0,0,0,211538.461538462,0,0,461538.461538462,0,0,4839230.76923077,1122115.38461538,1538461.53846154,0,0,192307.692307692,0,2517230.76923077,1547948.71794872,3222500,4770448.71794872,462000,3000000,0,3000000,15261403.8461538,6801307.69230769,769230.769230769,22831942.3076923,23879698.805541,297312.027402885,368855.241779808,666167.269182692,19459669.8738982,14916455.0406129,39673201.4102564,3666167.26918269,43339368.6794391,-4543214.83328525,38796153.8461538,3846.15384615385,0,0,1461.53846153846,38796153.8461538,0,0,615.384615384615,0,0,0,0,76.9230769230769,692.307692307692,0,0,76923.0769230769,0,0,76923.0769230769,834.615384615385,419.230769230769,415.384615384615,576.923076923077,153.846153846154,423.076923076923,200,0,1611.53846153846,0,11.5384615384615,0,0,0,0,0,161.538461538462,0,188.461538461538,669.230769230769,50,0,0,138.461538461538,0,0,0,0,0,176.923076923077,0,0,0,0,30.7692307692308,0,184.615384615385,0,0,0,0,0,0,0,0,0,0,0,0,37.5
3,0,0,0,0,0,0,0,0,0,0,0,33,3,418695,5,0.63,0,0.63,0,0,0.63,0,0.63,0,0,0,0,0,0,0,0.63,0,0.63,0,0,0.63,0,0.63,0,0,0,0,0,0,0,18,2,984.126984126984,0,0,0,0,0,0,0,0,0,0,0,0,0,0,652380.952380952,829523.809523809,0,0,0,0,0,2190476.19047619,375492.063492063,1005.99365079365,376498.057142857,71597.8835978836,1825396.82539683,0,1825396.82539683,15878701.5873016,3638476.19047619,0,19517177.7777778,8177648.08359788,29537.0652640704,251413.079406825,280950.144670896,17985048.5573693,41981082.0751323,24056349.6708995,2106346.97006772,26162696.6409672,23996033.517763,50158730.1587302,3174.60317460317,317.460317460317,1111.11111111111,2317.46031746032,38095238.0952381,12063492.0634921,0,0,0,0,0,0,0,0,0,0,0,0,0,0,944.444444444444,595.238095238095,349.206349206349,253.968253968254,126.984126984127,126.984126984127,117.460317460317,0,1315.87301587302,0,9.52380952380952,0,30.1587301587302,0,0,0,25.3968253968254,0,317.460317460317,571.428571428571,0,0,0,142.857142857143,0,0,126.984126984127,0,0,92.0634920634921,0,0,0,0,0,0,0,0,0,0,0,0,0,0,0,0,0,0,0,12.1666666666667
3,0,0,0,0,0,0,0,0,0,0,0,37,3,400210,5,0.59,0.59,0,0,0,0.59,0.59,0,0,0,0,0,0,0,0,0.52,0.52,0,0,0,0.52,0.52,0,0,0,0,0,0,0,0,26,2,673.076923076923,0,0,0,0,0,0,0,0,0,0,0,0,0,0,321153.846153846,411538.461538462,0,0,0,0,0,0,1257179.48717949,0,1257179.48717949,970230.769230769,1384615.38461538,0,1384615.38461538,17878946.1538462,0,0,17878946.1538462,3360312.56410256,78683.1358794872,201780.870126538,280464.006006026,19544025.5444676,35408918.2051282,21239258.7179487,1665079.39062141,22904338.1085701,15864892.6606606,38769230.7692308,0,0,6923.07692307692,6923.07692307692,0,38769230.7692308,0,0,0,0,0,0,0,0,0,0,0,0,0,0,1246.15384615385,623.076923076923,623.076923076923,0,0,0,30.7692307692308,0,1276.92307692308,0,46.1538461538462,0,0,0,0,0,61.5384615384615,0,246.153846153846,307.692307692308,0,0,0,0,0,0,307.692307692308,0,0,307.692307692308,0,0,0,0,0,0,0,0,0,0,0,0,0,0,0,0,0,0,0,16.0810810810811
3,0,0,0,0,0,0,0,0,0,0,0,38,4,375719,6,1.5,0,0,1.5,0,1.5,0,0,1.5,0,0,0,0,0,0,1.5,0,0,1.5,0,1.5,0,0,1.5,0,0,0,0,0,0,34,2,2036.66666666667,0,0,0,0,0,0,0,0,0,0,0,0,0,0,1291266.66666667,1104466.66666667,56000,0,0,0,0,0,910961.777777778,25263.1578947368,936224.935672514,266666.666666667,1066666.66666667,0,1066666.66666667,5750194,749166.666666667,0,6499360.66666667,4779510.60233918,119000.386639218,97044.6282651,216045.014904318,7032905.68157098,27465822.7309942,10529704.6023392,1282711.68157098,11812416.2839102,20432917.0494232,32245333.3333333,1666.66666666667,80,1546.66666666667,2180,20000000,12245333.3333333,0,0,0,0,0,0,0,0,0,0,0,0,0,0,366.666666666667,211.333333333333,155.333333333333,49.3333333333333,49.3333333333333,0,29.3333333333333,0,445.333333333333,0,6.66666666666667,0,0,0,0,0,93.3333333333333,0,13.3333333333333,176,0,0,0,46.6666666666667,0,0,101.333333333333,0,0,8,0,0,0,0,0,0,0,0,0,0,0,0,0,0,0,0,0,0,0,10.8
3,0,0,0,0,0,0,0,0,0,0,0,99,2,408849,6,3.49,3.19,0.25,0,0.05,3.49,3.19,0.25,0,0.05,0,0,0,0,0,0.49,0.19,0.25,0,0.05,0.49,0.19,0.25,0,0.05,0,0,0,0,0,14.8,2,714.285714285714,0,0,0,0,0,0,0,0,0,0,0,0,0,0,513061.224489796,137755.102040816,0,0,0,0,0,0,479510.204081633,5901138.56068743,6380648.76476907,734693.87755102,3061224.48979592,0,3061224.48979592,6220806.12244898,0,0,6220806.12244898,8175007.9688507,497496.269107283,74499.7255239796,571995.994631262,9854026.60687616,2092722.6433942,14395814.0912997,3633220.48442718,18029034.5757269,-7761303.96348196,10267730.6122449,673.469387755102,440.816326530612,477.551020408163,733.469387755102,6281795.91836735,3985934.69387755,0,0,0,0,0,0,0,0,0,0,0,0,0,0,387.755102040816,236.734693877551,151.020408163265,0,0,0,36.734693877551,0,424.489795918367,0,10.2040816326531,0,18.3673469387755,0,0,0,59.1836734693878,16.3265306122449,24.4897959183673,122.448979591837,0,0,0,30.6122448979592,0,0,114.285714285714,0,0,28.5714285714286,0,0,0,0,0,0,0,0,0,0,0,0,0,0,0,0,0,0,0,14.8333333333333
3,0,0,0,0,0,0,0,0,0,0,102000,38,1,375719,6,0.17,0.07,0,0.1,0,0.17,0.07,0,0.1,0,0,0,0,0,0,0.17,0.07,0,0.1,0,0.17,0.07,0,0.1,0,0,0,0,0,0,27,2,735.294117647059,600000,0,600000,0,0,0,0,0,0,0,0,0,0,600000,2080588.23529412,252352.941176471,0,0,0,0,0,0,1077176.47058824,0,1077176.47058824,0,2941176.47058824,0,2941176.47058824,11121835.2941176,0,0,11121835.2941176,4385836.64705882,101191.62444,152376.967322353,253568.591762353,14316580.3564682,7896516.29411765,15507671.9411765,3194745.06235059,18702417.0035271,-6420064.06235059,12282352.9411765,0,0,1764.70588235294,1764.70588235294,0,12282352.9411765,0,0,0,0,0,0,0,0,0,0,0,0,1411.76470588235,1411.76470588235,676.470588235294,382.352941176471,294.117647058824,0,0,0,88.2352941176471,0,764.705882352941,0,11.7647058823529,0,0,0,0,0,176.470588235294,0,23.5294117647059,188.235294117647,17.6470588235294,0,0,188.235294117647,0,0,58.8235294117647,0,0,100,0,0,0,0,0,0,0,0,0,0,0,0,0,0,0,0,0,0,0,36.4545454545455
3,0,0,0,0,0,0,0,0,0,0,160000,38,1,375719,6,0.2,0.2,0,0,0,0.2,0.2,0,0,0,0,0,0,0,0,0.2,0.2,0,0,0,0.2,0.2,0,0,0,0,0,0,0,0,15,2,1500,800000,0,800000,0,0,0,0,0,0,0,0,0,0,800000,3690000,2388500,0,0,0,0,0,0,3135000,237777.777777778,3372777.77777778,0,1476200,0,1476200,19299315,0,0,19299315,10626996.7777778,285277.541077778,283810.70799475,569088.249072528,21344603.2490725,1373003.22222222,29926311.7777778,2045288.24907253,31971600.0268503,-19971600.0268503,12000000,0,0,1500,1500,0,12000000,0,0,0,0,0,0,0,0,0,0,0,0,2000,2000,1150,885,265,0,0,0,110,0,1260,0,20,0,0,0,0,0,270,0,20,200,70,0,0,0,0,350,300,0,0,30,0,0,0,0,0,0,0,0,0,0,0,0,0,0,0,0,0,0,0,36.4545454545455
3,0,0,0,0,0,0,0,0,0,0,300000,37,2,400210,6,0.33,0,0.33,0,0,0.33,0,0.33,0,0,0,0,0,0,0,0.33,0,0.33,0,0,0.33,0,0.33,0,0,0,0,0,0,0,25,2,818.181818181818,909090.909090909,0,909090.909090909,0,0,0,0,0,0,0,0,0,0,909090.909090909,263939.393939394,742424.242424242,0,0,0,0,0,0,1112656.56565657,89314.1945773525,1201970.76023392,0,1818181.81818182,0,1818181.81818182,30531193.9393939,0,0,30531193.9393939,3517635.30568846,180114.182196313,351775.206545758,531889.388742071,32881265.1463178,9209637.42158426,34048829.2450824,2350071.20692389,36398900.4520063,-23671627.7247336,12727272.7272727,0,909.090909090909,2727.27272727273,2727.27272727273,0,12727272.7272727,0,0,0,0,0,0,0,0,0,0,0,0,3030.30303030303,3030.30303030303,2084.84848484848,1254.54545454545,830.30303030303,0,0,0,36.3636363636364,0,2121.21212121212,0,72.7272727272727,0,0,0,0,0,72.7272727272727,0,290.909090909091,303.030303030303,24.2424242424242,0,0,0,0,0,872.727272727273,0,0,484.848484848485,0,0,0,0,0,0,0,0,0,0,0,0,0,0,0,0,0,0,0,34.8888888888889
3,0,0,0,0,0,0,0,0,0,0,300000,38,1,375719,6,0.13,0,0.13,0,0,0,0,0,0,0,0.13,0,0.13,0,0,0.13,0,0.13,0,0,0,0,0,0,0,0.13,0,0.13,0,0,32,1,923.076923076923,2307692.30769231,0,2307692.30769231,0,0,0,0,0,0,0,0,0,0,2307692.30769231,2480769.23076923,800000,0,0,0,0,0,0,3078256.41025641,372650.493927126,3450906.90418354,0,0,384615.384615385,384615.384615385,22274800,153846.153846154,0,22428646.1538462,9953548.98110661,485373.555849345,303751.675612308,789125.231461652,23063925.2314617,17738758.7112011,31843733.5964912,1173740.61607704,33017474.2125683,-5325166.52026057,27692307.6923077,0,0,3461.53846153846,3461.53846153846,0,27692307.6923077,0,0,0,0,0,0,0,0,0,0,0,0,4615.38461538462,4615.38461538462,1046.15384615385,961.538461538462,84.6153846153846,61.5384615384615,0,61.5384615384615,330.769230769231,0,1438.46153846154,0,23.0769230769231,0,0,0,0,0,146.153846153846,0,307.692307692308,369.230769230769,38.4615384615385,0,0,0,0,61.5384615384615,123.076923076923,0,0,215.384615384615,0,0,0,153.846153846154,0,0,0,0,0,0,0,0,0,0,0,0,0,0,0,36.4545454545455
3,0,0,0,0,0,0,0,0,0,0,340000,37,3,400210,6,0.59,0.16,0.4,0,0.03,0.59,0.16,0.4,0,0.03,0,0,0,0,0,0.59,0.16,0.4,0,0.03,0.59,0.16,0.4,0,0.03,0,0,0,0,0,21,1,1405.08474576271,576271.186440678,0,576271.186440678,0,0,0,0,0,0,0,0,0,0,576271.186440678,320677.966101695,764406.779661017,0,0,0,0,0,0,923638.418079096,0,923638.418079096,0,3389830.50847458,0,3389830.50847458,20749023.7288136,1169491.52542373,0,21918515.2542373,4154695.87570621,25468.1506411299,255644.710448475,281112.861089604,24419967.0983777,16862253.2768362,24903719.6045198,3670943.36956418,28574662.9740839,-7557713.82154158,21016949.1525424,0,847.457627118644,4237.28813559322,4237.28813559322,0,21016949.1525424,0,0,0,0,0,0,0,0,0,0,0,0,2033.89830508475,2033.89830508475,1383.05084745763,942.372881355932,440.677966101695,81.3559322033898,40.6779661016949,40.6779661016949,27.1186440677966,0,1491.52542372881,0,40.6779661016949,0,0,0,0,0,54.2372881355932,0,135.593220338983,352.542372881356,13.5593220338983,0,0,0,0,0,596.610169491525,0,0,298.305084745763,0,0,0,0,0,0,0,0,0,0,0,0,0,0,0,0,0,0,0,16.0810810810811
3,0,0,0,0,0,0,0,0,0,0,510000,38,3,375719,5,0.69,0.69,0,0,0,0,0,0,0,0,0.69,0.69,0,0,0,0.69,0.69,0,0,0,0,0,0,0,0,0.69,0.69,0,0,0,37,2,753.623188405797,739130.434782609,0,739130.434782609,0,0,0,0,0,0,0,0,0,0,739130.434782609,1280434.7826087,1142608.69565217,0,0,0,28985.5072463768,0,0,2163478.26086956,57507.2463768116,2220985.50724638,0,0,2463768.11594203,2463768.11594203,11210884.057971,0,0,11210884.057971,8251632.04347826,181115.849239034,156141.914676087,337257.763915121,11548141.8218861,79317933.173913,16998747.9855072,2801025.87985715,19799773.8653644,67769791.3520269,87569565.2173913,3623.1884057971,0,5724.63768115942,7101.44927536232,28985507.2463768,58584057.9710145,0,0,0,0,0,0,0,0,0,0,0,0,1739.13043478261,1739.13043478261,685.507246376812,323.188405797101,362.31884057971,0,0,0,95.6521739130435,0,781.159420289855,0,49.2753623188406,0,0,0,0,0,36.231884057971,0,110.144927536232,260.869565217391,5.79710144927536,0,0,202.898550724638,0,18.8405797101449,46.3768115942029,0,0,50.7246376811594,0,0,0,0,0,0,0,0,0,0,0,0,0,0,0,0,0,0,0,9.66666666666667
3,0,0,0,0,0,0,0,0,0,0,560000,38,4,375719,6,2,2,0,0,0,2,2,0,0,0,0,0,0,0,0,2,2,0,0,0,2,2,0,0,0,0,0,0,0,0,16.5,1,1000,280000,0,280000,0,0,0,0,0,0,0,0,0,0,280000,925700,966500,70000,0,0,0,0,0,1646866.66666667,141915.022222222,1788781.68888889,0,1619900,0,1619900,4926056,927500,0,5853556,5334200.68888889,251862.675679902,87771.3530374,339634.028717302,6885590.0287173,8305799.31111111,10260256.6888889,1959534.0287173,12219790.7176062,1420209.28239381,13640000,0,150,1750,1750,0,13640000,0,0,0,0,0,0,0,0,0,0,0,0,700,700,310,200,110,60,60,0,24.5,0,394.5,0,15,0,0,0,0,0,45,0,10,140,7.5,0,0,0,0,7.5,150,0,0,19.5,0,0,0,0,0,0,0,0,0,0,0,0,0,0,0,0,0,0,0,10.8
3,0,0,0,0,0,0,0,0,0,0,650000,37,3,400210,6,0.65,0,0.65,0,0,0.65,0,0.65,0,0,0,0,0,0,0,0.65,0,0.65,0,0,0.65,0,0.65,0,0,0,0,0,0,0,17,1,1046.15384615385,1000000,0,1000000,0,0,0,0,0,0,0,0,0,0,1000000,254615.384615385,865384.615384615,0,0,0,0,0,0,925558.974358974,71794.8717948718,997353.846153846,0,2076923.07692308,0,2076923.07692308,20153384.6153846,0,0,20153384.6153846,3517563.84615385,29880.4769712821,241480.240315385,271360.717286667,22501668.4095944,31497820.7692308,23670948.4615385,2348283.79420974,26019232.2557482,8996152.35963641,35015384.6153846,0,230.769230769231,6384.61538461538,6384.61538461538,0,35015384.6153846,0,0,0,0,0,0,0,0,0,0,0,0,3076.92307692308,3076.92307692308,1378.46153846154,843.076923076923,535.384615384615,0,0,0,24.6153846153846,0,1403.07692307692,0,36.9230769230769,0,0,0,0,0,49.2307692307692,0,196.923076923077,246.153846153846,12.3076923076923,0,0,0,0,0,541.538461538462,0,0,320,0,0,0,0,0,0,0,0,0,0,0,0,0,0,0,0,0,0,0,16.0810810810811
3,0,0,0,0,0,0,0,0,0,0,650000,37,3,400210,6,0.66,0.66,0,0,0,0.66,0.66,0,0,0,0,0,0,0,0,0.63,0.63,0,0,0,0.63,0.63,0,0,0,0,0,0,0,0,26,2,634.920634920635,1031746.03174603,0,1031746.03174603,0,0,0,0,0,0,0,0,0,0,1031746.03174603,293015.873015873,1207936.50793651,0,0,0,0,0,0,2658518.51851852,184888.888888889,2843407.40740741,741481.481481481,1269841.26984127,0,1269841.26984127,19706317.4603175,2063492.06349206,0,21769809.5238095,8581289.36507937,373784.113783704,263479.285169841,637263.398953545,21613422.1291123,12815536.031746,28287606.8253968,1907104.66879481,30194711.4941916,-8797886.09736624,21396825.3968254,0,158.730158730159,3650.79365079365,3650.79365079365,0,21396825.3968254,0,0,0,0,0,0,0,0,0,0,0,0,3174.60317460317,3174.60317460317,1238.09523809524,1047.61904761905,190.47619047619,190.47619047619,63.4920634920635,126.984126984127,38.0952380952381,0,1466.66666666667,0,50.7936507936508,0,0,0,0,0,76.1904761904762,0,342.857142857143,158.730158730159,12.6984126984127,0,0,0,0,0,444.444444444444,0,0,380.952380952381,0,0,0,0,0,0,0,0,0,0,0,0,0,0,0,0,0,0,0,16.0810810810811
3,0,0,0,0,0,0,0,0,1000000,0,0,38,4,375719,6,1.31,1.01,0,0.23,0.07,1.08,0.78,0,0.23,0.07,0.23,0.23,0,0,0,1.31,1.01,0,0.23,0.07,1.08,0.78,0,0.23,0.07,0.23,0.23,0,0,0,30.5555555555556,1,725.190839694656,763358.778625954,0,763358.778625954,0,0,0,0,0,0,0,0,763358.778625954,0,0,1341603.05343511,873282.442748092,0,0,0,152671.755725191,0,0,2587684.4783715,3476801.92848534,6064486.40685684,0,2083969.46564885,38167.9389312977,2122137.40458015,8883155.72519084,2528977.09923664,114503.816793893,11526636.6412214,12163641.0076385,43316.9319722512,158912.05592374,202228.987895992,11258483.4634503,3343992.58014781,21097758.0786126,2324366.39247614,23422124.4710887,-7914490.88330244,15507633.5877863,763.358778625954,0,1145.03816793893,1435.11450381679,6106870.22900763,9400763.35877863,0,0,0,0,0,0,0,0,0,0,7633.58778625954,0,0,7633.58778625954,409.160305343511,252.671755725191,156.488549618321,183.206106870229,61.0687022900763,122.137404580153,168.702290076336,0,761.068702290076,0,30.5343511450382,0,0,0,0,0,36.6412213740458,0,30.5343511450382,366.412213740458,24.4274809160305,0,0,126.717557251908,0,9.16030534351145,71.7557251908397,0,0,64.8854961832061,0,0,0,0,0,0,0,0,0,0,0,0,0,0,0,0,0,0,0,10.8
3,0,0,0,0,0,0,0,0,150000,0,0,37,1,400210,6,0.1,0.1,0,0,0,0.1,0.1,0,0,0,0,0,0,0,0,0.1,0.1,0,0,0,0.1,0.1,0,0,0,0,0,0,0,0,25,2,600,1500000,0,1500000,0,0,0,0,0,0,0,0,1500000,0,0,2300000,1158000,0,0,0,0,0,200000,2497400,110526.315789474,2607926.31578947,12145733.3333333,3000000,0,3000000,29173880,0,0,29173880,20311869.6491228,1594906.48480861,372214.226802,1967120.71161061,34141000.7116106,-3504969.64912281,49485749.6491228,4967120.71161061,54452870.3607334,-37645970.3607334,16806900,0,300,2850,2850,0,16806900,0,0,0,0,0,0,0,0,0,0,30000,0,0,30000,1890,1560,330,0,0,0,50,0,1940,0,20,0,0,0,0,0,100,0,0,160,160,0,0,480,0,0,600,0,0,400,0,0,0,0,20,0,0,0,0,0,0,0,0,0,0,0,0,0,0,43.6315789473684
3,0,0,0,0,0,0,0,0,240000,0,0,37,3,400210,6,0.83,0,0.83,0,0,0.83,0,0.83,0,0,0,0,0,0,0,0.67,0,0.67,0,0,0.67,0,0.67,0,0,0,0,0,0,0,30.5,2,746.268656716418,358208.955223881,0,358208.955223881,0,0,0,0,0,0,0,0,358208.955223881,0,0,326865.671641791,711940.298507463,0,0,0,0,0,0,872577.114427861,17412.9353233831,889990.049751244,1004019.90049751,2686567.1641791,0,2686567.1641791,15634602.9850746,4275474.62686567,0,19910077.6119403,7966709.50248756,55858.057861791,231004.039807164,286862.097668955,18608032.2469227,19406424.8258706,23601312.4875622,2973429.26184806,26574741.7494102,798392.578947961,27373134.3283582,0,223.880597014925,5000,5000,0,27373134.3283582,0,0,0,0,0,0,0,0,0,0,3582.08955223881,0,0,3582.08955223881,1062.68656716418,561.194029850746,501.492537313433,334.328358208955,167.164179104478,167.164179104478,35.8208955223881,0,1432.83582089552,0,71.6417910447761,0,0,0,0,0,71.6417910447761,0,95.5223880597015,501.492537313433,11.9402985074627,0,0,0,0,0,501.492537313433,0,0,179.10447761194,0,0,0,0,0,0,0,0,0,0,0,0,0,0,0,0,0,0,0,16.0810810810811
3,0,0,0,0,0,0,105000,0,0,0,0,99,1,408849,6,0.18,0.18,0,0,0,0.18,0.18,0,0,0,0,0,0,0,0,0.1,0.1,0,0,0,0.1,0.1,0,0,0,0,0,0,0,0,8,2,800,1050000,0,1050000,0,0,0,0,0,0,1050000,0,0,0,0,300000,100000,0,0,0,0,0,0,1586000,144000,1730000,0,1000000,0,1000000,1897850,262790,0,2160640,3851639,308442.77417,39145.295156,347588.069326,3245438.069326,-3051639,5749489,1347588.069326,7097077.069326,-6297077.069326,800000,100,0,0,38,800000,0,0,0,0,0,0,0,0,0,6000,0,0,0,0,6000,50,20,30,20,10,10,70,0,140,0,0,0,10,0,0,0,20,0,0,10,40,0,0,0,0,0,0,0,0,60,0,0,0,0,0,0,0,0,0,0,0,0,0,0,0,0,0,0,0,29.9444444444444
3,0,0,0,0,0,0,1750000,0,0,0,0,38,3,375719,6,0.84,0.84,0,0,0,0,0,0,0,0,0.84,0.84,0,0,0,0.84,0.84,0,0,0,0,0,0,0,0,0.84,0.84,0,0,0,18,2,714.285714285714,2083333.33333333,0,2083333.33333333,0,0,0,0,0,0,2083333.33333333,0,0,0,0,992857.142857143,665238.095238095,0,0,0,23809.5238095238,0,0,372031.746031746,22857.1428571429,394888.888888889,0,0,2976190.47619048,2976190.47619048,10922196.4285714,916666.666666667,59523.8095238095,11898386.9047619,8433311.97258227,45053.767247619,169819.53998125,214873.307228869,11191984.699726,24423830.8845606,16434232.8888889,3191063.78341934,19625296.6723082,13231846.1848346,32857142.8571429,1785.71428571429,0,1785.71428571429,2464.28571428571,14285714.2857143,18571428.5714286,0,0,0,0,0,0,0,0,11904.7619047619,0,0,0,0,11904.7619047619,583.333333333333,416.666666666667,166.666666666667,104.761904761905,0,104.761904761905,129.761904761905,0,817.857142857143,0,42.8571428571429,0,0,0,0,0,57.1428571428571,0,119.047619047619,304.761904761905,28.5714285714286,0,0,123.809523809524,0,23.8095238095238,71.4285714285714,0,0,46.4285714285714,0,0,0,0,0,0,0,0,0,0,0,0,0,0,0,0,0,0,0,9.66666666666667
3,0,0,0,0,0,0,179520,0,0,0,1097150,33,2,418695,5,0.47,0.2,0.27,0,0,0.2,0.2,0,0,0,0.27,0,0.27,0,0,0.47,0.2,0.27,0,0,0.2,0.2,0,0,0,0.27,0,0.27,0,0,8.66666666666667,2,3417.02127659574,2716319.14893617,0,2716319.14893617,0,0,0,0,0,0,381957.446808511,0,0,0,2334361.70212766,4326106.38297872,847553.191489362,1211702.12765957,0,0,0,0,2523489.36170213,893617.021276596,1889702.12765957,2783319.14893617,127787.234042553,1276595.74468085,7446808.5106383,8723404.25531915,21845991.4893617,15692000,0,37537991.4893617,38093780.106383,224506.396927234,533009.792067872,757516.188995106,23880103.4230377,102331751.808511,52492963.0851064,9480920.44431425,61973883.5294206,78451648.385473,140425531.914894,15957.4468085106,0,0,6063.82978723404,140425531.914894,0,0,0,0,0,0,0,0,0,1446.8085106383,0,0,0,5212.76595744681,6659.57446808511,1346.8085106383,1027.65957446809,319.148936170213,561.702127659574,51.063829787234,510.63829787234,91.4893617021277,0,2000,0,21.2765957446809,0,0,0,0,0,108.510638297872,0,329.787234042553,689.36170212766,55.3191489361702,0,0,223.404255319149,0,0,280.851063829787,0,0,70.2127659574468,0,0,0,0,148.936170212766,0,72.3404255319149,0,0,0,0,0,0,0,0,0,0,0,0,27
3,0,0,0,0,0,0,190000,0,0,0,100000,99,2,408849,6,0.39,0.39,0,0,0,0.39,0.39,0,0,0,0,0,0,0,0,0.39,0.39,0,0,0,0.39,0.39,0,0,0,0,0,0,0,0,9.33333333333333,2,1153.84615384615,743589.743589744,0,743589.743589744,0,0,0,0,0,0,487179.487179487,0,0,0,256410.256410256,356410.256410256,164102.564102564,0,0,128205.128205128,0,0,0,995076.923076923,123076.923076923,1118153.84615385,376068.376068376,2948717.94871795,0,2948717.94871795,6310676.92307692,0,0,6310676.92307692,3295378.91452991,267699.649609915,83513.0631553846,351212.712765299,9610607.58456017,-2495378.91452991,9606055.83760684,3299930.66148325,12905986.4990901,-12105986.4990901,800000,66.6666666666667,0,0,25.3333333333333,800000,0,0,0,0,0,0,0,0,0,2564.10256410256,0,0,0,769.230769230769,3333.33333333333,182.051282051282,182.051282051282,0,0,0,0,194.871794871795,0,376.923076923077,0,0,0,0,0,0,0,28.2051282051282,0,0,20.5128205128205,71.7948717948718,0,0,0,0,0,20.5128205128205,0,0,235.897435897436,0,0,0,0,0,0,0,0,0,0,0,0,0,0,0,0,0,0,0,14.8333333333333
3,0,0,0,0,0,0,210000,0,0,0,0,33,1,418695,6,0.23,0,0.23,0,0,0.23,0,0.23,0,0,0,0,0,0,0,0.23,0,0.23,0,0,0.23,0,0.23,0,0,0,0,0,0,0,14,2,434.782608695652,913043.47826087,0,913043.47826087,0,0,0,0,0,0,913043.47826087,0,0,0,0,1191304.34782609,282608.695652174,0,0,0,0,0,0,310202.898550725,0,310202.898550725,0,2173913.04347826,0,2173913.04347826,3627108.69565217,137260.869565217,0,3764369.56521739,3253115.28985507,11676.4884750725,66690.5244706522,78367.0129457246,5879388.75207616,3007754.27536232,6880223.98550725,2252280.05642399,9132504.04193123,-2871634.47671384,6260869.56521739,0,217.391304347826,869.565217391304,869.565217391304,0,6260869.56521739,0,0,0,0,0,0,0,0,4347.82608695652,0,0,0,0,4347.82608695652,213.04347826087,0,213.04347826087,8.69565217391304,8.69565217391304,0,65.2173913043478,0,286.95652173913,0,4.34782608695652,0,0,0,0,0,73.9130434782609,0,4.34782608695652,43.4782608695652,21.7391304347826,0,0,43.4782608695652,0,0,43.4782608695652,0,0,52.1739130434783,0,0,0,0,0,0,0,0,0,0,0,0,0,0,0,0,0,0,0,37.5
3,0,0,0,0,0,108000,0,0,450000,0,0,33,4,418695,6,1.01,0.5,0.51,0,0,1.01,0.5,0.51,0,0,0,0,0,0,0,1.01,0.5,0.51,0,0,1.01,0.5,0.51,0,0,0,0,0,0,0,13.3333333333333,2,1188.11881188119,552475.247524753,106930.693069307,445544.554455446,0,0,0,0,0,106930.693069307,0,0,445544.554455446,0,0,2154455.44554455,757821.782178218,0,0,0,0,0,99009.900990099,1254555.77557756,360396.03960396,1614951.81518152,49478.5478547855,5940594.05940594,0,5940594.05940594,16254186.1386139,7851485.14851485,0,24105671.2871287,13498372.8877888,54801.4449758812,299982.315476436,354783.760452317,22549563.9584721,18184795.4290429,29752559.0264026,6295377.81985826,36047936.8462609,-4364768.52942922,31683168.3168317,2970.29702970297,0,990.09900990099,2118.81188118812,23762376.2376238,7920792.07920792,0,0,0,0,0,0,1.98019801980198,1.98019801980198,0,0,14851.4851485149,0,0,14851.4851485149,819.80198019802,611.881188118812,207.920792079208,396.039603960396,237.623762376238,158.415841584158,223.762376237624,0,1439.60396039604,0,9.9009900990099,0,45.5445544554455,0,0,0,51.4851485148515,0,223.762376237624,475.247524752475,89.1089108910891,0,0,213.861386138614,0,1.98019801980198,198.019801980198,0,0,118.811881188119,0,0,0,0,11.8811881188119,0,0,0,0,0,0,0,0,0,0,0,0,0,0,10.25
3,0,0,0,0,0,115000,0,0,0,0,0,99,3,408849,6,0.5,0.5,0,0,0,0.5,0.5,0,0,0,0,0,0,0,0,0.5,0.5,0,0,0,0.5,0.5,0,0,0,0,0,0,0,0,6.75,2,980,230000,230000,0,0,0,0,0,0,230000,0,0,0,0,0,86000,130800,0,0,0,0,0,0,1077738.66666667,1366400,2444138.66666667,1217173.33333333,3000000,0,3000000,5046336,0,0,5046336,4516961,247881.484954187,59554.6579144,307436.142868587,8353772.14286859,1083039,9563297,3307436.14286859,12870733.1428686,-7270733.14286859,5600000,500,0,0,190,5600000,0,0,0,0,0,0,0,7,7,0,0,0,0,0,0,230,126,104,0,0,0,98,0,328,0,0,0,0,0,0,0,36,0,56,120,14,0,0,34,0,0,0,0,0,68,0,0,0,0,0,0,0,0,0,0,0,0,0,0,0,0,0,0,0,14
3,0,0,0,0,0,13000,0,0,0,0,219000,99,2,408849,6,0.4,0,0,0.4,0,0.4,0,0,0.4,0,0,0,0,0,0,0.4,0,0,0.4,0,0.4,0,0,0.4,0,0,0,0,0,0,15,2,750,580000,32500,547500,0,0,0,0,0,32500,0,0,0,0,547500,241250,91250,0,0,25000,0,0,0,73350,12000,85350,380366.666666667,2500000,0,2500000,1830400,491250,0,2321650,2303315.66666667,57658.2979324166,35334.5635975,92992.8615299167,4423392.86152992,4411584.33333333,4133715.66666667,2592992.86152992,6726708.52819658,-11808.5281965825,6714900,300,0,300,414,2963100,3751800,0,0,0,0,0,0,1.25,1.25,0,0,0,0,1500,1500,82.5,70,12.5,30,30,0,32.5,0,145,0,5,0,0,0,0,0,15,0,7.5,45,7.5,0,0,0,0,0,37.5,0,0,25,0,0,0,0,2.5,0,0,0,0,0,0,0,0,0,0,0,0,0,0,14.8333333333333
3,0,0,0,0,0,160000,0,0,0,0,430000,33,3,418695,6,0.87,0,0.87,0,0,0.87,0,0.87,0,0,0,0,0,0,0,0.87,0,0.87,0,0,0.87,0,0.87,0,0,0,0,0,0,0,14.6,2,1310.34482758621,678160.91954023,183908.045977011,494252.873563218,0,0,0,0,0,183908.045977011,0,0,0,0,494252.873563218,1520114.94252874,304597.701149425,0,0,0,0,0,0,632231.800766284,10378275.862069,11010507.6628352,126574.712643678,2183908.04597701,0,2183908.04597701,5356008.04597701,0,0,5356008.04597701,14058650.9386973,961054.992449167,85203.2437983333,1046258.2362475,8586174.32820152,3136751.36015326,19414658.9846743,3230166.28222451,22644825.2668988,-5449422.96804827,17195402.2988506,1149.42528735632,344.827586206897,862.068965517241,1298.85057471264,11954022.9885057,5241379.31034483,0,0,0,0,0,0,6.89655172413793,6.89655172413793,0,0,0,0,1149.42528735632,1149.42528735632,314.942528735632,160.919540229885,154.022988505747,0,0,0,58.6206896551724,0,373.563218390805,0,4.59770114942529,0,6.89655172413793,0,0,0,41.3793103448276,0,9.19540229885057,94.2528735632184,11.4942528735632,0,0,33.3333333333333,0,0,137.931034482759,0,0,34.4827586206897,0,0,0,0,0,0,0,0,0,0,0,0,0,0,0,0,0,0,0,12.1666666666667
3,0,0,0,0,0,165500,0,0,300000,0,0,37,4,400210,6,1.18,0.33,0.85,0,0,0.33,0.33,0,0,0,0.85,0,0.85,0,0,1.18,0.33,0.85,0,0,0.33,0.33,0,0,0,0.85,0,0.85,0,0,21.8333333333333,2,720.338983050847,394491.525423729,140254.237288136,254237.288135593,0,0,0,0,0,140254.237288136,0,0,254237.288135593,0,0,535762.711864407,1176372.88135593,0,0,0,0,0,67796.6101694915,1707248.58757062,112399.643175736,1819648.23074636,0,423728.813559322,1271186.44067797,1694915.25423729,9695653.38983051,3374779.66101695,228813.559322034,13299246.6101695,9099327.6145612,138554.889158953,167760.118030636,306315.007189589,10595431.2165951,24292197.8091676,17693528.5697294,2001230.26142688,19694758.8311563,13696766.5925725,33391525.4237288,0,635.593220338983,4449.15254237288,4449.15254237288,0,33391525.4237288,0,0,0,0,0,0,5.84745762711864,5.84745762711864,0,0,1694.91525423729,0,0,1694.91525423729,511.016949152542,288.983050847458,222.033898305085,230.508474576271,81.3559322033898,149.152542372881,133.050847457627,0,874.576271186441,0,3.38983050847458,0,1.69491525423729,0,0,0,26.271186440678,0,271.186440677966,298.305084745763,10.1694915254237,0,0,118.64406779661,0,0,40.6779661016949,0,0,104.237288135593,0,0,0,0,0,0,0,0,0,0,0,0,0,0,0,0,0,0,0,19.0714285714286
3,0,0,0,0,0,167000,0,0,200000,0,0,33,3,418695,5,0.64,0.6,0.04,0,0,0.64,0.6,0.04,0,0,0,0,0,0,0,0.64,0.6,0.04,0,0,0.64,0.6,0.04,0,0,0,0,0,0,0,14.6,2,1171.875,573437.5,260937.5,312500,0,0,0,0,0,260937.5,0,0,312500,0,0,1395781.25,1141875,546875,0,0,0,0,1843750,257562.5,513106.085526316,770668.585526316,97604.1666666667,3078125,0,3078125,15502014.0625,5640625,0,21142639.0625,12429311.502193,19019.0976555702,288868.801877891,307887.899533461,18888026.9620335,60320688.497807,27931325.564693,3386012.89953346,31317338.4642264,41432661.5357736,72750000,3906.25,0,2031.25,3515.625,50000000,22750000,0,0,0,0,0,0,314.84375,314.84375,0,0,12500,0,0,12500,832.8125,676.5625,156.25,337.5,87.5,250,165.625,0,1335.9375,0,25,0,32.8125,0,0,0,50,0,256.25,406.25,150,0,0,125,0,0,175,0,0,115.625,0,0,0,0,0,0,0,0,0,0,0,0,0,0,0,0,0,0,0,12.1666666666667
3,0,0,0,0,0,169000,0,0,0,0,0,99,2,408849,5,0.34,0.34,0,0,0,0.34,0.34,0,0,0,0,0,0,0,0,0.34,0.34,0,0,0,0.34,0.34,0,0,0,0,0,0,0,0,3,2,2294.11764705882,497058.823529412,497058.823529412,0,0,0,0,0,0,497058.823529412,0,0,0,0,0,1145588.23529412,104058.823529412,2794117.64705882,17647.0588235294,0,0,0,1361764.70588235,890196.078431373,3781176.47058824,4671372.54901961,784313.725490196,5294117.64705882,0,5294117.64705882,28703535.2941176,2823529.41176471,529411.764705882,32056476.4705882,14655713.5186497,213260.782615686,411730.217103823,624990.99971951,35104642.1673443,134756051.187233,43841247.0392157,5919108.64677833,49760355.685994,99651409.0198883,149411764.705882,15588.2352941176,0,0,5923.52941176471,149411764.705882,0,0,0,0,0,0,0,127.941176470588,127.941176470588,0,0,0,0,0,0,1870.58823529412,1341.17647058824,529.411764705882,282.352941176471,0,282.352941176471,47.0588235294118,0,2200,0,0,0,29.4117647058824,0,0,0,47.0588235294118,0,0,1105.88235294118,29.4117647058824,0,0,482.352941176471,0,0,164.705882352941,0,0,0,0,0,0,0,0,47.0588235294118,294.117647058824,0,0,0,0,0,0,0,0,0,0,0,0,14.8333333333333
3,0,0,0,0,0,175000,0,0,0,0,0,99,4,408849,6,1.34,1.34,0,0,0,1.34,1.34,0,0,0,0,0,0,0,0,1.34,1.34,0,0,0,1.34,1.34,0,0,0,0,0,0,0,0,2.5,2,1268.65671641791,130597.014925373,130597.014925373,0,0,0,0,0,0,130597.014925373,0,0,0,0,0,155223.880597015,34014.9253731343,604477.611940298,0,0,22388.0597014925,5220895.52238806,70895.5223880597,466666.666666667,1200000,1666666.66666667,199004.975124378,5373134.32835821,0,5373134.32835821,6611473.88059701,9417492.53731343,828358.208955224,16857324.6268657,18417190.6995707,81620.3641616915,250396.766158022,332017.130319714,12658298.5650773,12251040.6437128,25370337.8059701,5705151.45867792,31075489.2646481,-407257.92136449,30668231.3432836,4111.94029850746,0,0,1562.53731343284,30668231.3432836,0,0,0,0,0,0,0,3.88059701492537,3.88059701492537,0,0,0,0,0,0,450,250,200,632.835820895522,220.89552238806,411.940298507463,13.4328358208955,0,1096.26865671642,0,0,0,3.73134328358209,0,0,0,14.9253731343284,0,0,734.328358208955,23.8805970149254,0,0,86.5671641791045,0,17.910447761194,28.3582089552239,0,0,0,0,0,0,0,0,23.8805970149254,162.686567164179,0,0,0,0,0,0,0,0,0,0,0,0,14
3,0,0,0,0,0,190000,0,0,0,0,0,37,2,400210,6,0.51,0,0.24,0,0.27,0.51,0,0.24,0,0.27,0,0,0,0,0,0.42,0,0.22,0,0.2,0.42,0,0.22,0,0.2,0,0,0,0,0,26,2,2392.85714285714,452380.952380952,452380.952380952,0,0,0,0,0,0,452380.952380952,0,0,0,0,0,819523.809523809,414285.714285714,0,0,0,0,0,0,1437809.52380952,49122.8070175439,1486932.33082707,138888.888888889,4285714.28571429,0,4285714.28571429,26087676.1904762,2728857.14285714,0,28816533.3333333,6441078.83876358,60488.7734639766,330699.855589524,391188.6290535,30764579.105244,25787492.5898078,32528755.0292398,4676902.91476779,37205657.9440075,-4977086.51543612,32228571.4285714,0,285.714285714286,5523.80952380952,5523.80952380952,0,32228571.4285714,0,0,0,0,0,0,2384.52380952381,2384.52380952381,0,0,0,0,0,0,1790.47619047619,1028.57142857143,761.904761904762,190.47619047619,95.2380952380952,95.2380952380952,38.0952380952381,0,2019.04761904762,0,76.1904761904762,0,0,0,0,0,76.1904761904762,0,38.0952380952381,571.428571428571,19.047619047619,0,0,0,0,0,1047.61904761905,0,0,190.47619047619,0,0,0,0,0,0,0,0,0,0,0,0,0,0,0,0,0,0,0,34.8888888888889
3,0,0,0,0,0,200000,0,0,0,0,0,37,3,400210,6,0.8,0,0.8,0,0,0.8,0,0.8,0,0,0,0,0,0,0,0.8,0,0.8,0,0,0.8,0,0.8,0,0,0,0,0,0,0,29,2,625,250000,250000,0,0,0,0,0,0,250000,0,0,0,0,0,1390375,526250,0,0,0,0,0,56250,1844383.33333333,11807.8947368421,1856191.22807018,315325,1250000,0,1250000,22596406.25,0,0,22596406.25,4794601.22807018,25788.0395125943,269081.960564062,294870.000076657,24141276.2500767,5119461.27192982,27391007.4780702,1544870.00007666,28935877.4781468,-19021814.9781468,9914062.5,0,37.5,1631.25,1631.25,0,9914062.5,0,0,0,0,0,0,5,5,0,0,0,0,0,0,1591.25,801.25,790,0,0,0,48.75,0,1640,0,7.5,0,0,0,0,0,40,0,0,160,0,0,0,500,0,0,600,0,0,328.75,0,0,0,0,3.75,0,0,0,0,0,0,0,0,0,0,0,0,0,0,16.0810810810811
3,0,0,0,0,0,204500,0,118000,25000,0,127500,99,2,408849,6,0.67,0.57,0.1,0,0,0.67,0.57,0.1,0,0,0,0,0,0,0,0.44,0.34,0.1,0,0,0.44,0.34,0.1,0,0,0,0,0,0,0,2.33333333333333,2,1931.81818181818,1079545.45454545,464772.727272727,614772.727272727,0,0,0,0,0,464772.727272727,0,268181.818181818,56818.1818181818,0,289772.727272727,1199181.81818182,58590.9090909091,2261363.63636364,0,0,0,0,1347272.72727273,810151.515151515,9090909.09090909,9901060.60606061,606060.606060606,4750000,0,4750000,26226404.5454545,7680545.45454545,0,33906950,24542470.2121212,567504.855110606,432071.242565227,999576.097675833,31975980.6431304,31457529.7878788,50768874.7575758,5749576.09767583,56518450.8552516,-518450.855251595,56000000,7045.45454545454,0,0,2677.27272727273,56000000,0,0,0,0,0,0,0,46.5909090909091,46.5909090909091,0,2590.90909090909,1818.18181818182,0,681.818181818182,5090.90909090909,1754.54545454545,1309.09090909091,445.454545454545,545.454545454545,272.727272727273,272.727272727273,13.6363636363636,0,2313.63636363636,0,0,0,18.1818181818182,0,0,0,29.5454545454545,0,0,1181.81818181818,211.363636363636,0,0,145.454545454545,0,0,181.818181818182,0,0,127.272727272727,0,0,0,0,0,200,218.181818181818,0,0,0,0,0,0,0,0,0,0,0,0,14.8333333333333
3,0,0,0,0,0,206000,430000,0,460000,0,430000,33,3,418695,6,0.57,0,0.57,0,0,0.57,0,0.57,0,0,0,0,0,0,0,0.57,0,0.57,0,0,0.57,0,0.57,0,0,0,0,0,0,0,14.5,1,1315.78947368421,2677192.98245614,361403.50877193,2315789.47368421,0,0,0,0,0,361403.50877193,754385.964912281,0,807017.543859649,0,754385.964912281,3069473.68421053,1577192.98245614,0,0,0,0,0,785964.912280702,2726608.1871345,2748245.61403509,5474853.80116959,643976.608187134,2456140.35087719,0,2456140.35087719,6269647.36842105,965403.50877193,26315.7894736842,7261366.66666667,15616264.9068774,96668.2090935672,166649.075377807,263317.284471374,9011909.36589812,496015.794877034,21908716.6374269,2719457.63534857,24628174.2727755,-8515893.57102108,16112280.7017544,1263.15789473684,35.0877192982456,385.964912280702,865.964912280702,13136842.1052632,2975438.59649123,0,0,0,0,0,0,11.4035087719298,11.4035087719298,1754.38596491228,0,17543.8596491228,0,1754.38596491228,21052.6315789474,228.070175438596,210.526315789474,17.5438596491228,80.7017543859649,63.1578947368421,17.5438596491228,154.385964912281,0,463.157894736842,0,1.75438596491228,0,8.7719298245614,0,0,0,68.4210526315789,0,8.7719298245614,140.350877192982,85.9649122807017,0,0,35.0877192982456,0,0,75.4385964912281,0,0,38.5964912280702,0,0,0,0,0,0,0,0,0,0,0,0,0,0,0,0,0,0,0,12.1666666666667
3,0,0,0,0,0,255380,0,0,300000,0,1710000,33,4,418695,6,1.38,0,1.38,0,0,1.38,0,1.38,0,0,0,0,0,0,0,1.04,0,1.04,0,0,1.04,0,1.04,0,0,0,0,0,0,0,28,2,1201.92307692308,2178250,245557.692307692,1932692.30769231,0,0,0,0,0,245557.692307692,0,0,288461.538461538,0,1644230.76923077,1328125,1382692.30769231,0,0,0,0,0,0,1348236.53846154,1574687.5,2922924.03846154,112294.871794872,4990384.61538462,0,4990384.61538462,7259494.23076923,771426.923076923,0,8030921.15384615,9114408.14102564,235233.116528213,140073.992904038,375307.109432252,12625185.9555861,21439438.0128205,16373902.3717949,5365691.72481687,21739594.0966117,8814252.05723441,30553846.1538462,1942.30769230769,288.461538461538,2596.15384615385,3334.23076923077,9323076.92307692,21230769.2307692,0,0,0,0,0,0,7.21153846153846,7.21153846153846,0,0,14423.0769230769,0,3846.15384615385,18269.2307692308,422.115384615385,238.461538461538,183.653846153846,53.8461538461538,26.9230769230769,26.9230769230769,71.1538461538461,0,547.115384615385,0,19.2307692307692,0,9.61538461538461,0,0,0,34.6153846153846,0,67.3076923076923,246.153846153846,37.5,0,0,0,0,0,99.0384615384615,0,0,33.6538461538462,0,0,0,0,0,0,0,0,0,0,0,0,0,0,0,0,0,0,0,10.25
3,0,0,0,0,0,262500,0,0,300000,0,2816000,33,4,418695,6,1.28,0.71,0.57,0,0,1.28,0.71,0.57,0,0,0,0,0,0,0,1.28,0.71,0.57,0,0,1.28,0.71,0.57,0,0,0,0,0,0,0,14.2,1,1093.75,2639453.125,205078.125,2434375,0,0,0,0,0,205078.125,0,0,234375,0,2200000,1350625,570859.375,0,0,0,0,0,62500,469804.6875,2285,472089.6875,122005.208333333,2812500,0,2812500,9604017.96875,6779687.5,0,16383705.46875,12415914.8958333,42642.0491424844,227752.091567148,270394.140709633,12686912.1094596,3209085.10416667,22019932.8645833,3082894.14070963,25102827.005293,-9477827.00529297,15625000,781.25,0,1171.875,1468.75,6250000,9375000,0,0,0,0,0,0,421.875,421.875,0,0,31250,0,5000,36250,548.4375,386.71875,161.71875,356.25,200,156.25,82.03125,0,986.71875,0,4.6875,0,25,0,0,0,28.125,0,229.6875,406.25,82.8125,0,0,56.25,0,0,93.75,0,0,60.15625,0,0,0,0,0,0,0,0,0,0,0,0,0,0,0,0,0,0,0,10.25
3,0,0,0,0,0,322000,0,0,0,0,0,99,2,408849,6,0.62,0.42,0.2,0,0,0.2,0,0.2,0,0,0.42,0.42,0,0,0,0.44,0.3,0.14,0,0,0.14,0,0.14,0,0,0.3,0.3,0,0,0,2,2,1597.72727272727,731818.181818182,731818.181818182,0,0,0,0,0,0,731818.181818182,0,0,0,0,0,764318.181818182,225681.818181818,0,0,0,0,0,0,1570727.27272727,9823636.36363636,11394363.6363636,0,1363636.36363636,2045454.54545455,3409090.90909091,2419111.36363636,0,0,2419111.36363636,15570485.3636364,-597141.720964545,44894.5088064773,-552247.212158068,3230500.51511466,-10334121.7272727,15944142.1818182,2856843.69693284,18800985.878751,-13564622.2423874,5236363.63636364,727.272727272727,0,0,276.363636363636,5236363.63636364,0,0,0,0,0,0,0,83.6363636363636,83.6363636363636,0,0,0,0,0,0,104.545454545455,47.7272727272727,56.8181818181818,0,0,0,54.5454545454545,0,159.090909090909,0,0,0,9.09090909090909,0,0,0,61.3636363636364,0,22.7272727272727,54.5454545454545,0,0,0,2.27272727272727,0,0,0,0,0,9.09090909090909,0,0,0,0,0,0,0,0,0,0,0,0,0,0,0,0,0,0,0,14.8333333333333
3,0,0,0,0,0,40000,0,0,0,0,0,33,2,418695,5,0.42,0,0.42,0,0,0.42,0,0.42,0,0,0,0,0,0,0,0.42,0,0.42,0,0,0.42,0,0.42,0,0,0,0,0,0,0,16,2,952.380952380952,95238.0952380952,95238.0952380952,0,0,0,0,0,0,95238.0952380952,0,0,0,0,0,1781190.47619048,649761.904761905,0,0,0,0,0,2872976.19047619,1778809.52380952,3991310.47619048,5770120,143000,2380952.38095238,0,2380952.38095238,15063135.7142857,3634738.0952381,0,18697873.8095238,15365719.7619048,230420.701584895,261251.67887869,491672.380463586,17935760.4757017,33308089.7619048,30428855.4761905,2872624.76141597,33301480.2376064,15372329.2862031,48673809.5238095,4761.90476190476,0,0,1809.52380952381,48673809.5238095,0,0,0,0,0,0,0,3.57142857142857,3.57142857142857,0,0,0,0,0,0,940.47619047619,442.857142857143,497.619047619048,257.142857142857,119.047619047619,138.095238095238,107.142857142857,0,1304.7619047619,0,7.14285714285714,0,0,0,0,0,45.2380952380952,0,271.428571428571,488.095238095238,0,0,0,192.857142857143,0,0,119.047619047619,0,0,66.6666666666667,0,0,0,0,76.1904761904762,0,38.0952380952381,0,0,0,0,0,0,0,0,0,0,0,0,27
3,0,0,0,0,0,48000,0,0,0,0,0,99,2,408849,6,0.65,0.65,0,0,0,0.65,0.65,0,0,0,0,0,0,0,0,0.4,0.4,0,0,0,0.4,0.4,0,0,0,0,0,0,0,0,3,2,1800,120000,120000,0,0,0,0,0,0,120000,0,0,0,0,0,220000,41350,1537500,0,0,0,0,1482500,1514666.66666667,9600000,11114666.6666667,0,2900000,0,2900000,28822220,0,0,28822220,14924865.6666667,-14440.3550233333,349356.6676905,334916.312667167,32057136.3126672,1269084.33333333,43747085.6666667,3234916.31266717,46982001.9793338,-30788051.9793338,16193950,2500,0,0,950,16193950,0,0,0,0,0,0,0,3.9,3.9,0,0,0,0,0,0,1955,1340,615,0,0,0,10,0,1965,0,0,0,22.5,0,0,0,22.5,0,400,550,10,0,0,340,0,0,300,0,0,240,0,0,0,0,0,60,20,0,0,0,0,0,0,0,0,0,0,0,0,14.8333333333333
3,0,0,0,0,0,48000,210000,0,0,0,258000,33,1,418695,5,0.23,0,0.23,0,0,0.23,0,0.23,0,0,0,0,0,0,0,0.23,0,0.23,0,0,0.23,0,0.23,0,0,0,0,0,0,0,24,2,652.173913043478,2243478.26086956,208695.652173913,2034782.60869565,0,0,0,0,0,208695.652173913,913043.47826087,0,0,0,1121739.13043478,1567391.30434783,800000,0,0,0,0,0,869565.217391304,2017391.30434783,1514695.65217391,3532086.95652174,478782.608695652,3043478.26086956,0,3043478.26086956,18134547.826087,0,0,18134547.826087,9909999.34782609,217832.47442971,256025.376199565,473857.850629275,21651883.9375858,39829131.0869565,28044547.173913,3517336.11149884,31561883.2854119,18177247.1493707,49739130.4347826,4434.78260869565,956.521739130435,2260.86956521739,3946.08695652174,35478260.8695652,14260869.5652174,0,0,0,0,0,0,6.52173913043478,6.52173913043478,4347.82608695652,0,0,0,2608.69565217391,6956.52173913043,1043.47826086957,739.130434782609,304.347826086957,0,0,0,147.826086956522,0,1191.30434782609,0,8.69565217391304,0,21.7391304347826,0,0,0,82.6086956521739,0,86.9565217391304,608.695652173913,34.7826086956522,0,0,86.9565217391304,0,0,208.695652173913,0,0,52.1739130434783,0,0,0,0,0,0,0,0,0,0,0,0,0,0,0,0,0,0,0,37.5
3,0,0,0,0,0,48000,420000,0,0,0,0,33,4,418695,6,1.2,0,1.2,0,0,1.2,0,1.2,0,0,0,0,0,0,0,1.2,0,1.2,0,0,1.2,0,1.2,0,0,0,0,0,0,0,19.5,2,1250,390000,40000,350000,0,0,0,0,0,40000,350000,0,0,0,0,1538333.33333333,269166.666666667,0,0,0,0,0,475000,395902.777777778,8125,404027.777777778,91766.6666666667,2083333.33333333,0,2083333.33333333,4627511.66666667,1333333.33333333,208333.333333333,6169178.33333333,4966923.18053574,50513.2560668194,95858.3819025833,146371.637969403,7018949.56854478,23899743.4861309,9756167.77777778,2229704.97130274,11985872.7490805,16880793.9175862,28866666.6666667,833.333333333333,375,3041.66666666667,3358.33333333333,8666666.66666667,20200000,0,0,0,0,0,0,1.66666666666667,1.66666666666667,1666.66666666667,0,0,0,0,1666.66666666667,263.333333333333,213.333333333333,50,106.666666666667,66.6666666666667,40,35.8333333333333,0,405.833333333333,0,5,0,8.33333333333333,0,0,0,22.5,0,33.3333333333333,193.333333333333,10,0,0,30,0,0,73.3333333333333,0,0,30,0,0,0,0,0,0,0,0,0,0,0,0,0,0,0,0,0,0,0,10.25
3,0,0,0,0,0,60000,0,0,0,0,0,33,2,418695,5,0.46,0,0.46,0,0,0.46,0,0.46,0,0,0,0,0,0,0,0.33,0,0.33,0,0,0.33,0,0.33,0,0,0,0,0,0,0,16,2,1333.33333333333,181818.181818182,181818.181818182,0,0,0,0,0,0,181818.181818182,0,0,0,0,0,2096969.6969697,1869696.96969697,0,0,0,0,0,524242.424242424,3535631.31313131,2368560.60606061,5904191.91919192,809737.373737374,3636363.63636364,0,3636363.63636364,13473451.5151515,0,0,13473451.5151515,11805351.5656566,492100.692033914,196734.519255606,688835.21128952,17798650.3628047,62376466.6161616,25278803.0808081,4325198.84765316,29604001.9284612,44577816.2533569,74181818.1818182,6121.21212121212,151.515151515152,151.515151515152,2477.57575757576,73454545.4545455,727272.727272727,0,0,0,0,0,0,6.06060606060606,6.06060606060606,0,0,0,0,0,0,778.787878787879,451.515151515152,327.272727272727,0,0,0,148.484848484848,0,927.272727272727,0,3.03030303030303,0,15.1515151515152,0,0,0,75.7575757575758,0,12.1212121212121,248.484848484848,9.09090909090909,0,0,54.5454545454545,0,0,427.272727272727,0,0,81.8181818181818,0,0,0,0,0,0,0,0,0,0,0,0,0,0,0,0,0,0,0,27
3,0,0,0,0,0,751500,0,0,0,0,200000,37,3,400210,6,0.99,0.53,0.46,0,0,0.99,0.53,0.46,0,0,0,0,0,0,0,0.99,0.53,0.46,0,0,0.99,0.53,0.46,0,0,0,0,0,0,0,17.3333333333333,2,878.787878787879,961111.111111111,759090.909090909,202020.202020202,0,0,0,0,0,759090.909090909,0,0,0,0,202020.202020202,1260505.05050505,1161313.13131313,0,0,0,0,0,82323.2323232323,419380.471380471,75894.7368421053,495275.208222577,165622.895622896,2141414.14141414,0,2141414.14141414,15155221.2121212,793834.343434343,0,15949055.5555556,5320194.97253234,89298.8912469619,210483.133204293,299782.024451255,17596417.3779866,27184047.4517101,20475416.1846536,2441196.1658654,22916612.3505189,9587630.07372348,32504242.4242424,0,303.030303030303,4090.90909090909,4090.90909090909,0,32504242.4242424,0,0,0,0,0,0,1477.77777777778,1477.77777777778,0,0,0,0,505.050505050505,505.050505050505,765.656565656566,431.313131313131,334.343434343434,56.5656565656566,24.2424242424242,32.3232323232323,248.484848484848,0,1070.70707070707,0,10.1010101010101,0,0,0,0,0,140.40404040404,0,64.6464646464647,202.020202020202,48.4848484848485,0,0,159.59595959596,0,60.6060606060606,258.585858585859,0,0,122.222222222222,0,0,0,0,4.04040404040404,0,0,0,0,0,0,0,0,0,0,0,0,0,0,16.0810810810811
3,0,0,0,0,0,830000,360000,0,0,0,0,37,4,400210,6,1.46,0.55,0.91,0,0,1.46,0.55,0.91,0,0,0,0,0,0,0,1.46,0.55,0.91,0,0,1.46,0.55,0.91,0,0,0,0,0,0,0,27,2,489.72602739726,815068.493150685,568493.150684931,246575.342465753,0,0,0,0,0,568493.150684931,246575.342465753,0,0,0,0,1596301.36986301,963013.698630137,0,75342.4657534247,0,0,0,76780.8219178082,308027.397260274,18925.7390050469,326953.136265321,89844.7488584475,2554794.52054795,0,2554794.52054795,12074623.9726027,3594673.97260274,342465.753424658,16011763.6986301,8016753.34565195,36352.8080564648,211827.09088613,248179.898942595,15141499.5069076,9747109.66804667,20355278.433069,2802974.41949054,23158252.8525595,-5394389.83886088,17763863.0136986,0,195.205479452055,2250,2250,0,17763863.0136986,0,0,0,0,0,0,20.8219178082192,20.8219178082192,1369.86301369863,0,0,0,0,1369.86301369863,607.534246575342,310.27397260274,297.260273972603,268.493150684931,142.465753424658,126.027397260274,212.328767123288,0,1088.35616438356,0,8.21917808219178,0,0,0,0,0,116.438356164384,0,49.3150684931507,252.054794520548,13.6986301369863,0,0,202.739726027397,0,93.1506849315068,230.13698630137,0,0,120.547945205479,0,0,0,0,2.05479452054794,0,0,0,0,0,0,0,0,0,0,0,0,0,0,19.0714285714286
3,0,0,0,0,0,90500,108000,0,0,0,0,37,1,400210,6,0.16,0.16,0,0,0,0.16,0.16,0,0,0,0,0,0,0,0,0.16,0.16,0,0,0,0.16,0.16,0,0,0,0,0,0,0,0,23,2,593.75,1240625,565625,675000,0,0,0,0,0,565625,675000,0,0,0,0,1421875,487187.5,0,0,0,0,0,78125,1226640.625,115131.578947368,1341772.20394737,0,3125000,0,3125000,30207081.25,716325,0,30923406.25,5686119.70394737,164457.319627315,370255.560760937,534712.880388252,33866794.1303883,27595255.2960526,35893200.9539474,3659712.88038825,39552913.8343356,-6271538.83433562,33281375,0,625,4750,4750,0,33281375,0,0,0,0,0,0,18.125,18.125,3750,0,0,0,0,3750,2081.25,1081.25,1000,50,25,25,93.75,0,2225,0,31.25,0,0,0,0,0,100,0,125,550,37.5,0,0,112.5,0,75,587.5,0,0,593.75,0,0,0,0,12.5,0,0,0,0,0,0,0,0,0,0,0,0,0,0,43.6315789473684
3,0,0,0,0,19400,71010,0,24000,30000,0,60000,99,1,408849,6,0.23,0,0.23,0,0,0.23,0,0.23,0,0,0,0,0,0,0,0.23,0,0.23,0,0,0.23,0,0.23,0,0,0,0,0,0,0,2,2,860.869565217391,888739.130434783,393086.956521739,495652.173913043,0,0,0,0,84347.8260869565,308739.130434783,0,104347.826086957,130434.782608696,0,260869.565217391,270652.173913043,395652.173913043,0,0,0,0,0,0,539130.434782609,0,539130.434782609,0,1304347.82608696,0,1304347.82608696,7048213.04347826,0,0,7048213.04347826,2503022.91304348,44237.7030086957,93273.496068913,137511.199077609,8490072.06864283,22194.4782608691,9551235.95652174,1441859.02516457,10993094.9816863,-8467877.59038196,2525217.39130435,291.304347826087,0,0,110.695652173913,2525217.39130435,0,0,0,0,0,0,217.391304347826,415.217391304348,632.608695652174,0,1043.47826086957,1304.34782608696,0,434.782608695652,2782.60869565217,282.608695652174,282.608695652174,0,0,0,0,143.478260869565,0,426.086956521739,0,0,0,0,0,0,0,65.2173913043478,34.7826086956522,13.0434782608696,26.0869565217391,78.2608695652174,0,0,17.3913043478261,0,34.7826086956522,0,0,0,156.521739130435,0,0,0,0,0,0,0,0,0,0,0,0,0,0,0,0,0,0,0,29.9444444444444
3,0,0,0,0,20000,0,0,0,0,0,106000,37,1,400210,5,0.2,0,0.2,0,0,0.2,0,0.2,0,0,0,0,0,0,0,0.2,0,0.2,0,0,0.2,0,0.2,0,0,0,0,0,0,0,22,2,600,630000,100000,530000,0,0,0,0,100000,0,0,0,0,0,530000,1225000,570750,0,0,0,0,0,25000,254608.333333333,14000,268608.333333333,267200,2950000,0,2950000,14325615,0,0,14325615,3386768.33333333,81798.931989525,181883.47760225,263682.409591775,17539297.4095918,31836981.6666667,17712383.3333333,3213682.40959177,20926065.7429251,14297684.2570749,35223750,0,250,4250,4250,0,35223750,0,0,0,0,0,200,0,200,0,0,0,0,2000,2000,860,610,250,0,0,0,90,0,950,0,100,0,0,0,0,0,35,0,160,240,70,0,0,100,0,0,175,0,0,70,0,0,0,0,0,0,0,0,0,0,0,0,0,0,0,0,0,0,0,43.6315789473684
3,0,0,0,105000,0,14000,0,0,0,0,1500000,38,3,375719,6,0.96,0,0.96,0,0,0.96,0,0.96,0,0,0,0,0,0,0,0.96,0,0.96,0,0,0.96,0,0.96,0,0,0,0,0,0,0,21.5,2,822.916666666667,1686458.33333333,123958.333333333,1562500,0,0,0,109375,0,14583.3333333333,0,0,0,0,1562500,864583.333333333,1630208.33333333,0,25000,0,0,0,0,1472986.11111111,54497.9469951474,1527484.05810626,242916.666666667,583333.333333333,0,583333.333333333,9352066.66666667,3916666.66666667,0,13268733.3333333,10269036.3914396,59354.9615613386,189457.653055833,248812.614617172,10184212.6146172,11307213.6085604,19621103.0581063,832145.947950505,20453249.0060568,1123000.99394323,21576250,0,156.25,2968.75,2968.75,0,21576250,0,0,0,0,208.333333333333,0,0.520833333333333,208.854166666667,0,0,0,0,3125,3125,505.208333333333,438.541666666667,66.6666666666667,183.333333333333,166.666666666667,16.6666666666667,91.6666666666667,0,780.208333333333,0,8.33333333333333,0,0,0,0,0,48.9583333333333,0,100,250,15.625,0,0,104.166666666667,0,31.25,118.75,0,0,71.875,0,0,0,31.25,0,0,0,0,0,0,0,0,0,0,0,0,0,0,0,9.66666666666667
3,0,0,0,110000,0,465000,360000,0,0,0,0,37,3,400210,6,0.82,0.82,0,0,0,0.82,0.82,0,0,0,0,0,0,0,0,0.82,0.82,0,0,0,0.82,0.82,0,0,0,0,0,0,0,0,26.5,2,463.414634146341,1140243.90243902,701219.512195122,439024.390243902,0,0,0,134146.341463415,0,567073.170731707,439024.390243902,0,0,0,0,1159756.09756098,2639329.26829268,0,0,0,0,0,92682.9268292683,538157.723577236,26957.6379974326,565115.361574668,0,2012195.12195122,0,2012195.12195122,14789720.7317073,1267473.17073171,0,16057193.902439,7264810.72742833,46248.8899047249,228641.791287622,274890.681192347,17076806.5348509,30100555.1262302,22054531.4591356,2287085.80314357,24341617.2622792,13023748.5913793,37365365.8536585,0,182.926829268293,4756.09756097561,4756.09756097561,0,37365365.8536585,0,0,0,0,243.90243902439,0,16.8292682926829,260.731707317073,2439.0243902439,0,0,0,0,2439.0243902439,786.585365853658,415.853658536585,370.731707317073,87.8048780487805,48.780487804878,39.0243902439024,230.487804878049,0,1104.87804878049,0,9.75609756097561,0,0,0,0,0,135.365853658537,0,121.951219512195,0,39.0243902439024,0,0,195.121951219512,0,51.219512195122,439.024390243902,0,0,109.756097560976,0,0,0,0,3.65853658536585,0,0,0,0,0,0,0,0,0,0,0,0,0,0,16.0810810810811
3,0,0,0,120000,0,11000,250000,0,0,0,120000,38,3,375719,6,0.55,0,0.55,0,0,0.55,0,0.55,0,0,0,0,0,0,0,0.55,0,0.55,0,0,0.55,0,0.55,0,0,0,0,0,0,0,24,2,454.545454545455,910909.090909091,238181.818181818,672727.272727273,0,0,0,218181.818181818,0,20000,454545.454545455,0,0,0,218181.818181818,818181.818181818,1416363.63636364,0,0,0,0,0,0,2568761.21212121,38660.2870813397,2607421.49920255,0,327272.727272727,0,327272.727272727,7941616.36363636,1041927.27272727,0,8983543.63636364,7170522.31738437,20771.9666015075,131498.353137909,152270.319739417,8421159.41064851,1481477.68261563,15112138.6810207,479543.047012144,15591681.7280329,-6939681.72803288,8652000,0,136.363636363636,1227.27272727273,1227.27272727273,0,8652000,0,0,0,0,363.636363636364,0,1.81818181818182,365.454545454545,3636.36363636364,0,0,0,363.636363636364,4000,372.727272727273,294.545454545455,78.1818181818182,72.7272727272727,36.3636363636364,36.3636363636364,129.090909090909,0,574.545454545455,0,7.27272727272727,0,0,0,0,0,67.2727272727273,0,181.818181818182,109.090909090909,14.5454545454545,0,0,0,0,18.1818181818182,36.3636363636364,0,0,103.636363636364,0,0,0,36.3636363636364,0,0,0,0,0,0,0,0,0,0,0,0,0,0,0,9.66666666666667
3,0,0,0,120000,0,115800,0,0,200000,0,0,33,3,418695,6,0.66,0,0.66,0,0,0.66,0,0.66,0,0,0,0,0,0,0,0.66,0,0.66,0,0,0.66,0,0.66,0,0,0,0,0,0,0,14,2,606.060606060606,660303.03030303,357272.727272727,303030.303030303,0,0,0,181818.181818182,0,175454.545454545,0,0,303030.303030303,0,0,1182878.78787879,968181.818181818,0,0,0,0,0,0,673146.464646465,1381151.51515152,2054297.97979798,55616.1616161616,2575757.57575758,0,2575757.57575758,6302171.21212121,347309.090909091,0,6649480.3030303,5687281.86868687,30395.5130504798,102571.15869553,132966.67174601,9010895.4596248,15499081.7676768,11989453.0808081,2708724.24750359,14698177.3283117,6488186.30805197,21186363.6363636,1545.45454545455,45.4545454545455,1106.06060606061,1693.33333333333,12363636.3636364,8822727.27272727,0,0,0,0,303.030303030303,0,7.57575757575758,310.606060606061,0,0,15151.5151515152,0,0,15151.5151515152,360.606060606061,151.515151515152,209.090909090909,24.2424242424242,12.1212121212121,12.1212121212121,83.3333333333333,0,468.181818181818,0,4.54545454545454,0,9.09090909090909,0,0,0,45.4545454545455,0,12.1212121212121,157.575757575758,33.3333333333333,0,0,42.4242424242424,0,0,118.181818181818,0,0,45.4545454545455,0,0,0,0,0,0,0,0,0,0,0,0,0,0,0,0,0,0,0,12.1666666666667
3,0,0,0,136000,0,148000,0,0,300000,0,0,37,3,400210,6,0.77,0.23,0.54,0,0,0.49,0,0.49,0,0,0.28,0.23,0.05,0,0,0.77,0.23,0.54,0,0,0.49,0,0.49,0,0,0.28,0.23,0.05,0,0,30.5,2,584.415584415584,758441.558441558,368831.168831169,389610.38961039,0,0,0,176623.376623377,0,192207.792207792,0,0,389610.38961039,0,0,631038.961038961,1116116.88311688,0,0,0,0,0,155844.155844156,2682354.97835498,239234.449760766,2921589.42811574,0,779220.779220779,340259.74025974,1119480.51948052,14146575.3246753,5745776.62337662,441558.441558442,20333910.3896104,12196818.6373168,47677.7647076828,249307.557447597,296985.32215528,15536798.5804867,10733376.167878,26317151.3761677,1416465.8416358,27733617.2178035,-4803422.41260868,22930194.8051948,0,324.675324675325,3246.75324675325,3246.75324675325,0,22930194.8051948,0,0,0,0,441.558441558442,0,7.4025974025974,448.961038961039,0,0,2597.4025974026,0,0,2597.4025974026,751.948051948052,489.61038961039,262.337662337662,400,124.675324675325,275.324675324675,175.324675324675,0,1327.27272727273,0,2.5974025974026,0,6.49350649350649,0,0,0,41.5584415584416,0,358.441558441558,477.922077922078,23.3766233766234,0,0,183.116883116883,0,0,101.298701298701,0,0,129.87012987013,0,0,0,0,2.5974025974026,0,0,0,0,0,0,0,0,0,0,0,0,0,0,16.0810810810811
3,0,0,0,160000,0,106000,120000,0,300000,0,0,37,3,400210,6,0.501,0.334,0.167,0,0,0.501,0.334,0.167,0,0,0,0,0,0,0,0.501,0.334,0.167,0,0,0.501,0.334,0.167,0,0,0,0,0,0,0,33.6666666666667,2,578.842315369261,1369261.47704591,530938.123752495,838323.353293413,0,0,0,319361.27744511,0,211576.846307385,239520.958083832,0,598802.395209581,0,0,1109181.63672655,1789421.15768463,0,0,0,0,0,299401.19760479,5228529.60745176,239142.767097384,5467672.37454915,0,2994011.9760479,0,2994011.9760479,19436029.9401198,8568654.69061876,299401.19760479,28304085.8283433,19095410.9743912,452372.008347172,356379.685793513,808751.694140685,23446586.3677518,26846704.7940719,38739233.6719543,3802763.67018859,42541997.3421429,3400118.42632014,45942115.7684631,0,399.201596806387,6387.2255489022,6387.2255489022,0,45942115.7684631,0,0,0,0,798.403193612774,0,8.78243512974052,807.185628742515,598.802395209581,0,3992.01596806387,0,0,4590.81836327345,1025.94810379242,548.902195608782,477.045908183633,542.914171656687,319.36127744511,223.552894211577,271.457085828343,0,1840.31936127745,0,7.98403193612774,0,5.98802395209581,0,0,0,67.8642714570858,0,303.393213572854,838.323353293413,47.9041916167665,0,0,187.624750499002,0,0,183.632734530938,0,0,197.604790419162,0,0,0,0,0,0,0,0,0,0,0,0,0,0,0,0,0,0,0,16.0810810810811
3,0,0,0,181000,0,0,91200,0,0,0,0,99,3,408849,6,0.67,0.67,0,0,0,0.67,0.67,0,0,0,0,0,0,0,0,0.67,0.67,0,0,0,0.67,0.67,0,0,0,0,0,0,0,0,7.75,2,2671.64179104478,406268.656716418,270149.253731343,136119.402985075,0,0,0,270149.253731343,0,0,136119.402985075,0,0,0,0,850746.268656716,1622388.05970149,7211940.29850746,171641.791044776,0,0,0,44776.1194029851,27582.0895522388,1522388.05970149,1549970.14925373,65741.2935323383,5970149.25373134,0,5970149.25373134,22129823.880597,13439522.3880597,1134328.35820896,36703674.6268657,26200438.6706815,-141198.995822985,509681.533167612,368482.537344627,29174189.3840761,27889113.5681245,49035996.2636816,6338631.79107597,55374628.0547576,-1285075.81595159,54089552.238806,11268.6567164179,0,0,4282.08955223881,54089552.238806,0,0,0,0,0,514.925373134328,0,0,514.925373134328,716.417910447761,0,0,0,0,716.417910447761,1474.62686567164,1086.5671641791,388.059701492537,811.940298507463,334.328358208955,477.611940298507,11.9402985074627,0,2298.50746268657,0,0,0,23.8805970149254,0,0,0,11.9402985074627,0,388.059701492537,626.865671641791,125.373134328358,0,0,561.194029850746,0,0,441.791044776119,0,0,0,0,0,0,0,0,0,119.402985074627,0,0,0,0,0,0,0,0,0,0,0,0,14
3,0,0,0,184000,0,163000,400000,0,0,0,0,37,2,400210,6,0.45,0.45,0,0,0,0.45,0.45,0,0,0,0,0,0,0,0,0.45,0.45,0,0,0,0.45,0.45,0,0,0,0,0,0,0,0,24.5,2,777.777777777778,1660000,771111.111111111,888888.888888889,0,0,0,408888.888888889,0,362222.222222222,888888.888888889,0,0,0,0,1142222.22222222,4127755.55555556,555555.555555556,0,0,0,0,200000,3644148.14814815,421052.631578947,4065200.7797271,0,2222222.22222222,0,2222222.22222222,27689528.8888889,18546933.3333333,922222.222222222,47158684.4444444,31067810.4657469,451191.897066862,594601.813670444,1045793.71073731,31509834.0247175,14471078.423142,59309628.5575049,3268015.93295953,62577644.4904644,-17038755.6015755,45538888.8888889,0,1111.11111111111,6666.66666666667,6666.66666666667,0,45538888.8888889,0,0,0,0,1022.22222222222,0,12.6666666666667,1034.88888888889,2222.22222222222,0,0,0,0,2222.22222222222,1520,855.555555555556,664.444444444444,888.888888888889,444.444444444445,444.444444444445,326.666666666667,0,2735.55555555556,0,4.44444444444444,0,6.66666666666667,0,0,0,64.4444444444445,0,768.888888888889,1073.33333333333,60,0,0,342.222222222222,0,0,153.333333333333,0,0,257.777777777778,0,0,0,0,4.44444444444444,0,0,0,0,0,0,0,0,0,0,0,0,0,0,34.8888888888889
3,0,0,0,20000,0,0,21000,0,0,0,85000,33,2,418695,6,0.4,0,0,0.4,0,0,0,0,0,0,0.4,0,0,0.4,0,0.4,0,0,0.4,0,0,0,0,0,0,0.4,0,0,0.4,0,20,2,1500,315000,50000,265000,0,0,0,50000,0,0,52500,0,0,0,212500,761250,362500,0,0,0,0,0,400000,3381291.66666667,9750,3391041.66666667,1101200,0,1250000,1250000,8144440,0,0,8144440,7999686.66666667,-2152.40180920834,108234.2518635,106081.850054292,8250521.85005429,-7639686.66666667,14894126.6666667,1356081.85005429,16250208.516721,-15890208.516721,360000,0,75,75,75,0,360000,0,0,0,0,500,0,0,500,250,0,0,0,500,750,435,435,0,0,0,0,80,0,515,0,2.5,0,17.5,0,0,0,42.5,0,0,5,57.5,0,0,95,0,0,255,0,0,40,0,0,0,0,0,0,0,0,0,0,0,0,0,0,0,0,0,0,0,27
3,0,0,0,200000,0,160000,0,0,500000,0,0,37,4,400210,5,1.4,0.2,1.2,0,0,1.4,0.2,1.2,0,0,0,0,0,0,0,1.4,0.2,1.2,0,0,1.4,0.2,1.2,0,0,0,0,0,0,0,30.75,1,842.857142857143,614285.714285714,257142.857142857,357142.857142857,0,0,0,142857.142857143,0,114285.714285714,0,0,357142.857142857,0,0,489428.571428571,862871.428571429,0,0,0,0,0,50000,2822190.47619048,110000,2932190.47619048,667333.333333333,3000000,0,3000000,8135589.28571428,5003497.14285714,264285.714285714,13403372.1428571,11120459.3425114,49233.9977261905,167177.786101893,216411.783828083,11515644.1079834,43700076.3717743,19419691.6666667,3216411.78382808,22636103.4504947,32184432.263791,54820535.7142857,1571.42857142857,1607.14285714286,6964.28571428571,7561.42857142857,8800000,46020535.7142857,0,0,0,0,357.142857142857,0,5.21428571428571,362.357142857143,0,0,2142.85714285714,0,0,2142.85714285714,447.857142857143,238.571428571429,209.285714285714,348.571428571429,125.714285714286,222.857142857143,100.714285714286,0,897.142857142857,0,2.14285714285714,0,3.57142857142857,0,0,0,25.7142857142857,0,205.714285714286,371.428571428571,17.8571428571429,0,0,136.428571428571,0,0,57.1428571428571,0,0,76.4285714285714,0,0,0,0,0.714285714285714,0,0,0,0,0,0,0,0,0,0,0,0,0,0,19.0714285714286
3,0,0,0,234000,0,26000,120000,0,0,0,0,37,1,400210,6,0.23,0,0.23,0,0,0.23,0,0.23,0,0,0,0,0,0,0,0.23,0,0.23,0,0,0.23,0,0.23,0,0,0,0,0,0,0,18.5,2,995.652173913043,1652173.91304348,1130434.7826087,521739.130434783,0,0,0,1017391.30434783,0,113043.47826087,521739.130434783,0,0,0,0,3492173.91304348,3349782.60869565,0,0,413043.47826087,2347826.08695652,0,0,3015057.97101449,288329.519450801,3303387.49046529,194921.739130435,1739130.43478261,0,1739130.43478261,24290847.826087,12434782.6086957,0,36725630.4347826,27588301.8382914,184061.793704652,520189.201953261,704250.995657913,26734229.2565275,15735941.6399695,51879149.6643783,2443381.43044052,54322531.0948189,-10998287.616558,43324243.4782609,4460.86956521739,434.782608695652,4782.60869565217,6477.73913043478,16844243.4782609,26480000,0,0,0,0,1565.21739130435,0,6.52173913043478,1571.73913043478,2608.69565217391,0,0,0,0,2608.69565217391,1447.82608695652,1143.47826086957,304.347826086957,739.130434782609,391.304347826087,347.826086956522,139.130434782609,69.5652173913043,2395.65217391304,0,26.0869565217391,0,0,0,0,0,82.6086956521739,113.04347826087,26.0869565217391,1347.82608695652,47.8260869565217,0,0,304.347826086957,0,69.5652173913043,278.260869565217,0,0,100,0,0,0,0,0,0,0,0,0,0,0,0,0,0,0,0,0,0,0,43.6315789473684
3,0,0,0,26000,0,0,200000,0,0,0,100000,37,1,400210,6,0.2,0,0.2,0,0,0.2,0,0.2,0,0,0,0,0,0,0,0.2,0,0.2,0,0,0.2,0,0.2,0,0,0,0,0,0,0,10.5,2,1000,1630000,130000,1500000,0,0,0,130000,0,0,1000000,0,0,0,500000,1897500,1140000,0,0,0,0,0,375000,4744266.66666667,168000,4912266.66666667,1261300,2325000,0,2325000,14022820,2865300,0,16888120,14481576.6666667,678690.0004125,237764.106323,916454.1067355,17264274.1067355,3518423.33333333,28504396.6666667,3241454.1067355,31745850.7734022,-13745850.7734022,18000000,0,0,2250,2250,0,18000000,0,0,0,0,200,0,0,200,10000,0,0,0,1000,11000,815,685,130,200,100,100,90,0,1105,0,15,0,0,0,0,0,30,0,60,400,15,0,0,375,0,0,150,0,0,60,0,0,0,0,0,0,0,0,0,0,0,0,0,0,0,0,0,0,0,43.6315789473684
3,0,0,0,295000,0,0,0,0,0,0,1000000,38,4,375719,6,1.32,0.26,1.06,0,0,0.59,0.26,0.33,0,0,0.73,0,0.73,0,0,1.32,0.26,1.06,0,0,0.59,0.26,0.33,0,0,0.73,0,0.73,0,0,26.2857142857143,2,803.030303030303,981060.606060606,223484.848484848,757575.757575758,0,0,0,223484.848484848,0,0,0,0,0,0,757575.757575758,975378.787878788,829545.454545454,31818.1818181818,0,0,0,0,0,1602604.16666667,39170.653907496,1641774.82057416,212727.272727273,272727.272727273,325757.575757576,598484.848484848,10895073.4848485,2080393.93939394,0,12975467.4242424,7454175.63875598,123449.603991151,171225.110623523,294674.714614674,11462475.4721904,9709460.72488038,18023491.5478469,893159.563099522,18916651.1109464,-1753014.74731005,17163636.3636364,0,250,2522.72727272727,2522.72727272727,0,17163636.3636364,0,0,0,0,378.787878787879,0,0,378.787878787879,0,0,0,0,7575.75757575758,7575.75757575758,617.424242424242,442.424242424242,175,181.818181818182,30.3030303030303,151.515151515152,96.969696969697,0,896.212121212121,0,15.1515151515152,0,0,0,0,0,43.9393939393939,0,181.818181818182,303.030303030303,14.3939393939394,0,0,75.7575757575758,0,30.3030303030303,117.424242424242,0,0,68.9393939393939,0,0,0,45.4545454545455,0,0,0,0,0,0,0,0,0,0,0,0,0,0,0,10.8
3,0,0,0,30000,0,21500,425000,0,0,0,0,38,4,375719,6,1.02,0,1.02,0,0,1.02,0,1.02,0,0,0,0,0,0,0,1.02,0,1.02,0,0,1.02,0,1.02,0,0,0,0,0,0,0,35.3333333333333,2,931.372549019608,467156.862745098,50490.1960784314,416666.666666667,0,0,0,29411.7647058824,0,21078.431372549,416666.666666667,0,0,0,0,835294.117647059,1100980.39215686,0,0,0,0,0,0,1040441.83006536,19479.4174979934,1059921.24756335,0,882352.941176471,0,882352.941176471,8266919.60784314,2843931.37254902,0,11110850.9803922,6683002.99266139,77827.6251289327,146517.119271765,224344.744400697,9373617.29342031,10331114.6543974,14949922.6005045,1106697.68557717,16056620.2860817,957497.360977124,17014117.6470588,0,147.058823529412,2352.94117647059,2352.94117647059,0,17014117.6470588,0,0,0,0,58.8235294117647,0,1.47058823529412,60.2941176470588,3333.33333333333,0,0,0,0,3333.33333333333,412.745098039216,250.980392156863,161.764705882353,198.039215686275,99.0196078431373,99.0196078431373,138.235294117647,0,749.019607843137,0,15.6862745098039,0,0,0,0,0,77.4509803921569,0,96.078431372549,200,23.5294117647059,0,0,0,0,39.2156862745098,150.980392156863,0,0,97.0588235294118,0,0,0,49.0196078431373,0,0,0,0,0,0,0,0,0,0,0,0,0,0,0,10.8
3,0,0,0,320000,0,145000,400000,0,0,0,0,37,2,400210,6,0.4,0,0.4,0,0,0.4,0,0.4,0,0,0,0,0,0,0,0.4,0,0.4,0,0,0.4,0,0.4,0,0,0,0,0,0,0,24.5,2,875,2162500,1162500,1000000,0,0,0,800000,0,362500,1000000,0,0,0,0,1424500,1677650,0,0,0,0,0,0,4023833.33333333,184210.526315789,4208043.85964912,934266.666666667,3000000,0,3000000,23299135,7850000,912500,32061635,18887132.7708532,371117.774598667,404678.51777025,775796.292368917,27757469.0478315,10867867.2291468,42868805.5263158,3775796.29236892,46644601.8186847,-16889601.8186847,29755000,0,500,4250,4250,0,29755000,0,0,0,0,2000,0,13.25,2013.25,2500,0,0,0,0,2500,1207.5,792.5,415,580,400,180,310,0,2097.5,0,5,0,7.5,0,0,0,82.5,0,540,800,57.5,0,0,340,0,0,30,0,0,230,0,0,0,0,5,0,0,0,0,0,0,0,0,0,0,0,0,0,0,34.8888888888889
3,0,0,0,320000,0,203000,800000,0,400000,0,0,37,4,400210,6,1.52,0.15,1.37,0,0,0.61,0,0.61,0,0,0.91,0.15,0.76,0,0,1.52,0.15,1.37,0,0,0.61,0,0.61,0,0,0.91,0.15,0.76,0,0,28,2,1519.73684210526,1133552.63157895,344078.947368421,789473.684210526,0,0,0,210526.315789474,0,133552.631578947,526315.789473684,0,263157.894736842,0,0,619539.473684211,1017881.57894737,0,0,0,0,0,105263.157894737,1544407.89473684,163171.745152355,1707579.6398892,0,592105.263157895,1118421.05263158,1710526.31578947,7562967.76315789,4928368.42105263,253289.473684211,12744625.6578947,11130749.5276426,238904.079191886,169355.923923125,408260.003115011,8716688.93115109,23076651.7881469,17728652.1398892,2118786.31890448,19847438.4587937,14359962.8569958,34207401.3157895,0,888.157894736842,5032.8947368421,5032.8947368421,0,34207401.3157895,0,0,0,0,526.315789473684,0,4.86842105263158,531.184210526316,1315.78947368421,0,1644.73684210526,0,0,2960.52631578947,387.5,194.078947368421,193.421052631579,284.210526315789,105.263157894737,178.947368421053,119.078947368421,0,790.789473684211,0,2.63157894736842,0,1.97368421052632,0,0,0,32.8947368421053,0,152.631578947368,342.105263157895,20.3947368421053,0,0,152.631578947368,0,0,0,0,0,84.8684210526316,0,0,0,0,0.657894736842105,0,0,0,0,0,0,0,0,0,0,0,0,0,0,19.0714285714286
3,0,0,0,32800,0,0,152000,0,0,0,0,99,1,408849,6,0.23,0,0.23,0,0,0.23,0,0.23,0,0,0,0,0,0,0,0.12,0,0.12,0,0,0.12,0,0.12,0,0,0,0,0,0,0,22.6,2,583.333333333333,1540000,273333.333333333,1266666.66666667,0,0,0,273333.333333333,0,0,1266666.66666667,0,0,0,0,1820833.33333333,700000,0,0,0,0,0,0,870000,174947.368421053,1044947.36842105,1922000,5000000,0,5000000,11647825,818533.333333333,0,12466358.3333333,8255163.03508772,423055.448328947,179182.027532917,602237.475861864,17250062.4758619,17544036.9649123,19902988.0350877,5602237.47586186,25505225.5109496,293974.489050418,25799200,1250,750,1250,1725,10000000,15799200,0,0,0,0,666.666666666667,0,0,666.666666666667,6666.66666666667,0,0,0,0,6666.66666666667,616.666666666667,433.333333333333,183.333333333333,66.6666666666667,0,66.6666666666667,150,0,833.333333333333,0,8.33333333333333,0,0,0,0,0,266.666666666667,0,33.3333333333333,133.333333333333,33.3333333333333,0,0,0,0,0,233.333333333333,0,0,125,0,0,0,0,0,0,0,0,0,0,0,0,0,0,0,0,0,0,0,29.9444444444444
3,0,0,0,390000,0,0,0,0,0,0,200000,37,4,400210,6,1.64,0.11,1.53,0,0,1.64,0.11,1.53,0,0,0,0,0,0,0,1.64,0.11,1.53,0,0,1.64,0.11,1.53,0,0,0,0,0,0,0,23.3125,2,604.878048780488,359756.097560976,237804.87804878,121951.219512195,0,0,0,237804.87804878,0,0,0,0,0,0,121951.219512195,1086585.36585366,410341.463414634,0,0,90853.6585365854,0,0,38074.3902439024,1442574.79674797,147341.463414634,1589916.2601626,144422.764227642,2932317.07317073,0,2932317.07317073,9018830.48780488,1881097.56097561,0,10899928.0487805,6001257.56097561,135457.870356634,140031.042273537,275488.912630171,12226636.4736058,-3806135.6097561,15020088.0487805,3207805.9858009,18227894.0345814,-16032772.0833619,2195121.95121951,0,0,274.390243902439,274.390243902439,0,2195121.95121951,0,0,0,0,365.853658536585,0,0,365.853658536585,0,0,0,0,243.90243902439,243.90243902439,569.512195121951,373.170731707317,196.341463414634,120.731707317073,81.7073170731707,39.0243902439024,46.9512195121951,19.5121951219512,756.707317073171,0,2.4390243902439,0,0,0,0,0,31.7073170731707,0,14.6341463414634,76.8292682926829,18.2926829268293,0,0,409.756097560976,0,0,121.951219512195,0,0,81.0975609756098,0,0,0,0,0,0,0,0,0,0,0,0,0,0,0,0,0,0,0,19.0714285714286
3,0,0,0,40000,0,174000,800000,0,0,0,0,37,2,400210,6,0.45,0,0.45,0,0,0,0,0,0,0,0.45,0,0.45,0,0,0.45,0,0.45,0,0,0,0,0,0,0,0.45,0,0.45,0,0,35.3333333333333,2,888.888888888889,2253333.33333333,475555.555555556,1777777.77777778,0,0,0,88888.8888888889,0,386666.666666667,1777777.77777778,0,0,0,0,1686666.66666667,1494644.44444444,0,0,0,0,0,177777.777777778,4091629.62962963,196491.228070175,4288120.8576998,1297629.62962963,0,2000000,2000000,22675160,9333333.33333333,755555.555555556,32764048.8888889,23152027.9388063,360263.675932944,416064.268021778,776327.943954721,23986731.6035889,15042138.7278603,44362431.5984405,2776327.94395472,47138759.5423953,-8944592.8757286,38194166.6666667,0,500,5388.88888888889,5388.88888888889,0,38194166.6666667,0,0,0,0,222.222222222222,0,14.8888888888889,237.111111111111,4444.44444444444,0,0,0,0,4444.44444444444,1082.22222222222,731.111111111111,351.111111111111,746.666666666667,248.888888888889,497.777777777778,382.222222222222,0,2211.11111111111,0,4.44444444444444,0,6.66666666666667,0,0,0,95.5555555555556,0,515.555555555556,808.888888888889,40,0,0,302.222222222222,0,0,153.333333333333,0,0,284.444444444444,0,0,0,0,0,0,0,0,0,0,0,0,0,0,0,0,0,0,0,34.8888888888889
3,0,0,0,4200,600,377500,27000,60000,0,0,0,99,1,408849,6,0.27,0.27,0,0,0,0,0,0,0,0,0.27,0.27,0,0,0,0.27,0.27,0,0,0,0,0,0,0,0,0.27,0.27,0,0,0,4.33333333333333,2,2148.14814814815,1738148.14814815,1415925.92592593,322222.222222222,0,0,0,15555.5555555556,2222.22222222222,1398148.14814815,100000,222222.222222222,0,0,0,409259.259259259,1045703.7037037,3555555.55555556,140740.740740741,0,0,0,0,35555.5555555556,933333.333333333,968888.888888889,53407.4074074074,0,8888888.88888889,8888888.88888889,36048840.7407407,1697955.55555556,0,37746796.2962963,18907397.1481481,18124.8295444444,483930.097884259,502054.927428704,36550895.6681694,6905936.18518519,46067349,9390943.81631759,55458292.8163176,-29644959.4829843,25813333.3333333,2688.88888888889,0,0,1021.77777777778,25813333.3333333,0,0,0,0,0,33.3333333333333,3.7037037037037,400,437.037037037037,222.222222222222,1666.66666666667,0,0,0,1888.88888888889,2344.44444444444,1603.7037037037,740.740740740741,118.518518518519,59.2592592592593,59.2592592592593,74.0740740740741,0,2537.03703703704,0,0,0,66.6666666666667,0,0,0,103.703703703704,0,800,800,92.5925925925926,0,88.8888888888889,266.666666666667,0,0,29.6296296296296,0,0,88.8888888888889,0,0,0,0,111.111111111111,88.8888888888889,0,0,0,0,0,0,0,0,0,0,0,0,0,29.9444444444444
3,0,0,0,50000,0,0,0,0,50000,0,0,33,1,418695,6,0.27,0,0.27,0,0,0.27,0,0.27,0,0,0,0,0,0,0,0.27,0,0.27,0,0,0.27,0,0.27,0,0,0,0,0,0,0,20,2,2222.22222222222,370370.37037037,185185.185185185,185185.185185185,0,0,0,185185.185185185,0,0,0,0,185185.185185185,0,0,1081481.48148148,259259.259259259,0,0,0,0,0,0,1089222.22222222,16851.8518518519,1106074.07407407,407851.851851852,1851851.85185185,0,1851851.85185185,4463229.62962963,0,0,4463229.62962963,3643732.03703704,207890.425614537,66940.0412918518,274830.466906389,6589911.94838787,-2754843.14814815,8106961.66666667,2126682.31875824,10233643.9854249,-9344755.09653602,888888.888888889,0,185.185185185185,185.185185185185,185.185185185185,0,888888.888888889,0,0,0,0,370.37037037037,0,0,370.37037037037,0,0,18518.5185185185,0,0,18518.5185185185,181.481481481481,129.62962962963,51.8518518518518,0,0,0,103.703703703704,0,285.185185185185,0,3.7037037037037,0,7.40740740740741,0,0,0,70.3703703703704,0,0,18.5185185185185,55.5555555555556,0,0,44.4444444444444,0,0,22.2222222222222,0,0,62.962962962963,0,0,0,0,0,0,0,0,0,0,0,0,0,0,0,0,0,0,0,37.5
3,0,0,0,58000,0,52000,160000,0,0,0,0,37,1,400210,6,0.2,0.2,0,0,0,0.2,0.2,0,0,0,0,0,0,0,0,0.2,0.2,0,0,0,0.2,0.2,0,0,0,0,0,0,0,0,19,2,250,1350000,550000,800000,0,0,0,290000,0,260000,800000,0,0,0,0,1241500,3930150,0,0,0,0,0,0,12099300,291052.631578947,12390352.6315789,1868533.33333333,3000000,0,3000000,38973920,4665640,0,43639560,25846385.9649123,1045319.97670404,543830.2823965,1589150.25910053,43563070.2591005,9466114.03508772,64820305.9649123,4589150.25910053,69409456.2240128,-34096956.2240128,35312500,0,500,5000,5000,0,35312500,0,0,0,0,800,0,8.5,808.5,2000,0,0,0,0,2000,2105,1300,805,380,0,380,465,0,2950,0,10,0,5,0,0,0,95,0,880,1000,25,0,0,400,0,0,160,0,0,375,0,0,0,0,0,0,0,0,0,0,0,0,0,0,0,0,0,0,0,43.6315789473684
3,0,0,0,60000,0,100000,20000,0,0,0,0,37,2,400210,6,0.48,0,0.48,0,0,0.48,0,0.48,0,0,0,0,0,0,0,0.48,0,0.48,0,0,0.48,0,0.48,0,0,0,0,0,0,0,28.6666666666667,2,583.333333333333,375000,333333.333333333,41666.6666666667,0,0,0,125000,0,208333.333333333,41666.6666666667,0,0,0,0,662500,2651041.66666667,0,0,0,0,0,41666.6666666667,570266.666666667,93333.3333333333,663600,546583.333333333,2916666.66666667,0,2916666.66666667,13734595.8333333,5875000,0,19609595.8333333,11215601.6666667,83419.99176,253041.987843542,336461.979603542,16987724.4796035,14617731.6666667,24950197.5,3253128.64627021,28203326.1462702,-2369992.81293688,25833333.3333333,0,0,3229.16666666667,3229.16666666667,0,25833333.3333333,0,0,0,0,208.333333333333,0,7.70833333333333,216.041666666667,416.666666666667,0,0,0,0,416.666666666667,766.666666666667,383.333333333333,383.333333333333,200,100,100,172.916666666667,133.333333333333,1272.91666666667,0,58.3333333333333,0,0,0,0,0,83.3333333333333,0,0,633.333333333333,62.5,0,0,233.333333333333,0,16.6666666666667,125,0,0,60.4166666666667,0,0,0,0,0,0,0,0,0,0,0,0,0,0,0,0,0,0,0,34.8888888888889
3,0,0,0,66000,0,112000,0,0,0,0,0,37,1,400210,6,0.24,0.11,0.13,0,0,0.24,0.11,0.13,0,0,0,0,0,0,0,0.24,0.11,0.13,0,0,0.24,0.11,0.13,0,0,0,0,0,0,0,24.5,2,1250,741666.666666667,741666.666666667,0,0,0,0,275000,0,466666.666666667,0,0,0,0,0,1284166.66666667,1335208.33333333,0,0,0,0,0,68750,924787.5,23026.3157894737,947813.815789474,101222.222222222,2833333.33333333,0,2833333.33333333,17473900,6656083.33333333,0,24129983.3333333,11535121.0380117,110883.133720151,298793.43462875,409676.568348901,20716909.9016822,21611878.9619883,29009021.0380117,3243009.90168223,32252030.9396939,894969.060306065,33147000,0,750,5125,5125,0,33147000,0,0,0,0,500,0,15.4166666666667,515.416666666667,0,0,0,0,0,0,1070.83333333333,629.166666666667,441.666666666667,433.333333333333,350,83.3333333333333,116.666666666667,0,1620.83333333333,0,16.6666666666667,0,0,0,0,0,112.5,0,83.3333333333333,616.666666666667,20.8333333333333,0,0,500,0,0,133.333333333333,0,0,133.333333333333,0,0,0,0,4.16666666666667,0,0,0,0,0,0,0,0,0,0,0,0,0,0,43.6315789473684
3,0,0,0,80000,0,117100,360000,0,0,0,0,37,3,400210,6,0.56,0,0.56,0,0,0.16,0,0.16,0,0,0.4,0,0.4,0,0,0.56,0,0.56,0,0,0.16,0,0.16,0,0,0.4,0,0.4,0,0,32,2,750,994821.428571429,351964.285714286,642857.142857143,0,0,0,142857.142857143,0,209107.142857143,642857.142857143,0,0,0,0,984285.714285714,1420875,0,0,0,0,0,125000,4781666.66666667,176157.894736842,4957824.56140351,0,714285.714285714,1428571.42857143,2142857.14285714,17673058.9285714,3555571.42857143,196428.571428571,21425058.9285714,13900059.2729994,100578.5291325,270499.612782054,371078.141914554,18921951.6446043,5149940.72700056,30308075.6328321,2513935.2847717,32822010.9176038,-13772010.9176038,19050000,0,803.571428571428,2678.57142857143,2678.57142857143,0,19050000,0,0,0,0,357.142857142857,0,10.7142857142857,367.857142857143,1607.14285714286,0,0,0,0,1607.14285714286,894.642857142857,546.428571428571,348.214285714286,242.857142857143,85.7142857142857,157.142857142857,271.428571428571,0,1408.92857142857,0,3.57142857142857,0,5.35714285714286,0,0,0,82.1428571428571,0,196.428571428571,314.285714285714,28.5714285714286,0,0,469.642857142857,0,0,139.285714285714,0,0,169.642857142857,0,0,0,0,0,0,0,0,0,0,0,0,0,0,0,0,0,0,0,16.0810810810811
3,0,0,0,80000,0,178000,1760000,0,0,0,0,37,4,400210,6,1.33,0,1.33,0,0,1.33,0,1.33,0,0,0,0,0,0,0,1.33,0,1.33,0,0,1.33,0,1.33,0,0,0,0,0,0,0,47,1,751.87969924812,1517293.23308271,193984.962406015,1323308.27067669,0,0,0,60150.3759398496,0,133834.586466165,1323308.27067669,0,0,0,0,512932.330827068,1533255.63909774,676691.729323308,0,0,0,0,45112.7819548872,3064210.52631579,221052.631578947,3285263.15789474,0,3000000,0,3000000,7836499.2481203,10487087.2180451,624060.15037594,18947646.6165414,18815012.6983229,47029.9364736842,251883.320804511,298913.257278195,11402306.0476771,23230100.083632,26918405.4887218,3298913.2572782,30217318.746,11827794.0359549,42045112.7819549,0,1127.81954887218,6203.00751879699,6203.00751879699,0,42045112.7819549,0,0,0,0,150.375939849624,0,6.61654135338346,156.992481203008,3308.27067669173,0,0,0,0,3308.27067669173,410.526315789474,287.96992481203,122.556390977444,623.308270676692,448.872180451128,174.436090225564,96.2406015037594,72.1804511278196,1202.25563909774,0,3.7593984962406,0,2.25563909774436,0,0,0,26.3157894736842,0,342.857142857143,354.887218045113,18.0451127819549,0,0,240.601503759398,0,0,73.6842105263158,0,0,139.84962406015,0,0,0,0,0,0,0,0,0,0,0,0,0,0,0,0,0,0,0,19.0714285714286
3,0,0,0,91000,0,0,20000,0,0,0,30000,37,1,400210,6,0.18,0,0.18,0,0,0.05,0,0.05,0,0,0.13,0,0.13,0,0,0.18,0,0.18,0,0,0.05,0,0.05,0,0,0.13,0,0.13,0,0,10,2,527.777777777778,783333.333333333,505555.555555556,277777.777777778,0,0,0,505555.555555556,0,0,111111.111111111,0,0,0,166666.666666667,1188888.88888889,776666.666666667,0,0,1555555.55555556,0,0,0,1214888.88888889,540350.877192982,1755239.76608187,1401444.44444444,833333.333333333,2500000,3333333.33333333,15759450,2430555.55555556,0,18190005.5555556,12791894.2105263,602046.947600098,243876.9538425,845923.901442598,17438707.2347759,892105.789473685,26051344.2105263,4179257.23477593,30230601.4453022,-16546601.4453022,13684000,0,0,1833.33333333333,1833.33333333333,0,13684000,0,0,0,0,777.777777777778,0,0,777.777777777778,555.555555555556,0,0,0,333.333333333333,888.888888888889,950,644.444444444444,305.555555555556,177.777777777778,177.777777777778,0,94.4444444444444,0,1222.22222222222,0,11.1111111111111,0,0,0,0,0,50,0,388.888888888889,333.333333333333,50,0,0,250,0,0,55.5555555555556,0,0,83.3333333333333,0,0,0,0,0,0,0,0,0,0,0,0,0,0,0,0,0,0,0,43.6315789473684
3,0,0,0,92000,0,191000,0,0,0,0,0,37,2,400210,6,0.39,0,0.39,0,0,0.39,0,0.39,0,0,0,0,0,0,0,0.39,0,0.39,0,0,0.39,0,0.39,0,0,0,0,0,0,0,27,2,897.435897435897,725641.025641026,725641.025641026,0,0,0,0,235897.435897436,0,489743.58974359,0,0,0,0,0,1223076.92307692,1081538.46153846,0,0,0,0,0,137179.487179487,2878820.51282051,127530.36437247,3006350.87719298,404871.794871795,2461538.46153846,0,2461538.46153846,14018348.7179487,2128205.12820513,179487.179487179,16326041.025641,9130731.10098029,245881.046012996,211341.454083077,457222.500096073,17092939.4557959,14092730.4374812,23304909.5951417,2918760.96163453,26223670.5567762,-3000209.0183147,23223461.5384615,0,230.769230769231,3115.38461538462,3115.38461538462,0,23223461.5384615,0,0,0,0,410.25641025641,0,15.6410256410256,425.897435897436,0,0,0,0,0,0,843.589743589744,641.025641025641,202.564102564103,143.589743589744,61.5384615384615,82.051282051282,82.051282051282,0,1069.23076923077,0,15.3846153846154,0,0,0,0,0,128.205128205128,0,76.9230769230769,307.692307692308,20.5128205128205,0,0,246.153846153846,0,0,164.102564102564,0,0,105.128205128205,0,0,0,0,5.12820512820513,0,0,0,0,0,0,0,0,0,0,0,0,0,0,34.8888888888889
3,0,0,0,95250,13500,460852,0,57500,90000,0,0,33,3,418695,5,1.88,0,1.88,0,0,1.85,0,1.85,0,0,0.03,0,0.03,0,0,0.69,0,0.69,0,0,0.66,0,0.66,0,0,0.03,0,0.03,0,0,16,2,753.623188405797,1039278.26086957,825510.144927536,213768.115942029,0,0,0,138043.47826087,19565.2173913043,667901.449275362,0,83333.3333333333,130434.782608696,0,0,1723797.10144928,1111304.34782609,75942.0289855072,0,0,0,0,173913.043478261,1122415.4589372,5843478.26086956,6965893.71980676,1062801.93236715,1956521.73913043,144927.536231884,2101449.27536232,20745927.5362319,8893739.13043478,0,29639666.6666667,21610292.1014493,95671.4333608696,366056.402147536,461727.835508406,23164177.1108707,32882461.5217391,42211292.1014493,2563177.11087072,44774469.21232,9718284.41086841,54492753.6231884,1159.42028985507,0,5072.46376811594,5513.04347826087,13913043.4782609,40579710.1449275,0,0,0,0,260.869565217391,43.4782608695652,638.695652173913,943.043478260869,0,1086.95652173913,4347.82608695652,0,0,5434.78260869565,1175.36231884058,737.68115942029,437.68115942029,550.724637681159,231.884057971014,318.840579710145,208.695652173913,0,1934.78260869565,0,8.69565217391304,0,42.0289855072464,0,0,0,72.463768115942,0,289.855072463768,840.579710144928,143.478260869565,0,0,197.101449275362,0,0,210.144927536232,0,0,130.434782608696,0,0,0,0,0,0,0,0,0,0,0,0,0,0,0,0,0,0,0,12.1666666666667
3,150000,0,0,0,0,189570,0,0,0,0,850000,33,3,418695,5,0.67,0,0.67,0,0,0.67,0,0.67,0,0,0,0,0,0,0,0.67,0,0.67,0,0,0.67,0,0.67,0,0,0,0,0,0,0,10.5,2,1492.53731343284,1775477.6119403,506820.895522388,1268656.71641791,223880.597014925,0,0,0,0,282940.298507463,0,0,0,0,1268656.71641791,2586865.67164179,531641.791044776,597014.925373134,0,0,0,0,2014925.37313433,2009776.11940299,3217504.71327573,5227280.83267871,895522.388059702,1194029.85074627,0,1194029.85074627,16581361.1940299,5037826.86567164,298507.462686567,21917695.5223881,19154810.3759933,256340.536115979,319000.59948194,575341.13559792,18579679.7266117,63648920.9672903,35965119.1162608,1769370.98634419,37734490.102605,45069241.2406786,82803731.3432836,8208.9552238806,0,0,3119.40298507463,82803731.3432836,0,0,447.761194029851,0,0,0,0,13.8805970149254,461.641791044776,0,0,0,0,2985.07462686567,2985.07462686567,1047.76119402985,591.044776119403,456.716417910448,382.089552238806,71.6417910447761,310.44776119403,82.089552238806,0,1511.94029850746,0,5.97014925373134,0,0,0,0,0,125.373134328358,0,373.134328358209,680.597014925373,25.3731343283582,0,0,128.358208955224,0,0,71.6417910447761,0,0,50.7462686567164,0,0,0,0,47.7611940298507,0,2.98507462686567,0,0,0,0,0,0,0,0,0,0,0,0,12.1666666666667
3,300000,0,104000,57000,0,235000,0,0,0,0,430000,33,3,418695,5,0.53,0,0.53,0,0,0.23,0,0.23,0,0,0.3,0,0.3,0,0,0.53,0,0.53,0,0,0.23,0,0.23,0,0,0.3,0,0.3,0,0,18.3333333333333,2,1490.56603773585,2124528.30188679,1313207.54716981,811320.754716981,566037.735849057,0,196226.41509434,107547.169811321,0,443396.226415094,0,0,0,0,811320.754716981,2682075.47169811,1063301.88679245,0,0,94339.6226415094,0,0,3528301.88679245,1259245.28301887,2411441.50943396,3670686.79245283,1352201.25786164,1056603.77358491,3773584.90566038,4830188.67924528,18866390.5660377,9169037.73584906,566037.735849057,28601466.0377358,28061876.5310163,244355.053560881,413001.958291604,657357.011852484,20961265.4179431,76614538.5633233,43535596.2578616,5487545.69109777,49023141.9489594,55653273.1453802,104676415.09434,10377.358490566,0,0,3943.39622641509,104676415.09434,0,0,1132.07547169811,0,301.88679245283,226.415094339623,0,48.3018867924528,1708.67924528302,0,0,0,0,1886.79245283019,1886.79245283019,990.566037735849,673.584905660377,316.981132075472,301.88679245283,56.6037735849057,245.283018867925,250.943396226415,0,1543.39622641509,0,5.66037735849057,0,1.88679245283019,0,0,0,143.396226415094,0,147.169811320755,396.22641509434,67.9245283018868,0,0,286.792452830189,0,0,207.547169811321,0,0,173.584905660377,0,0,0,0,67.9245283018868,0,45.2830188679245,0,0,0,0,0,0,0,0,0,0,0,0,12.1666666666667
3,307500,0,0,0,154000,496000,152000,0,0,0,400000,33,3,418695,5,0.72,0.72,0,0,0,0.52,0.52,0,0,0,0.2,0.2,0,0,0,0.72,0.72,0,0,0,0.52,0.52,0,0,0,0.2,0.2,0,0,0,22.3333333333333,2,1104.16666666667,2096527.77777778,1329861.11111111,766666.666666667,427083.333333333,0,0,0,213888.888888889,688888.888888889,211111.111111111,0,0,0,555555.555555556,3239444.44444444,1567986.11111111,763888.888888889,0,97222.2222222222,0,0,83333.3333333333,2837037.03703704,6560643.2748538,9397680.31189084,0,1111111.11111111,416666.666666667,1527777.77777778,35469887.5,4433666.66666667,555555.555555556,40459109.7222222,22576838.9608012,527317.039186647,523733.142895625,1051050.18208227,38125876.8109497,131530105.483643,58123887.8118908,2578827.95986005,60702715.7717509,93404228.6726936,154106944.444444,15277.7777777778,0,0,5805.55555555556,154106944.444444,0,0,854.166666666667,0,0,0,250,44.0277777777778,1148.19444444444,1111.11111111111,0,0,0,1388.88888888889,2500,2390.27777777778,1394.44444444444,995.833333333333,322.222222222222,211.111111111111,111.111111111111,84.7222222222222,0,2797.22222222222,0,9.72222222222222,0,1.38888888888889,0,0,0,169.444444444444,0,425,600,111.111111111111,0,0,358.333333333333,0,0,444.444444444444,0,0,288.888888888889,0,0,0,0,133.333333333333,0,255.555555555556,0,0,0,0,0,0,0,0,0,0,0,0,12.1666666666667
3,4000,0,650,5240,11700,15900,7600,0,0,0,4800,33,3,418695,5,0.52,0.52,0,0,0,0.52,0.52,0,0,0,0,0,0,0,0,0.52,0.52,0,0,0,0.52,0.52,0,0,0,0,0,0,0,0,9.5,2,1057.69230769231,95942.3076923077,72096.1538461538,23846.1538461538,7692.30769230769,0,1250,10076.9230769231,22500,30576.9230769231,14615.3846153846,0,0,0,9230.76923076923,1023461.53846154,989038.461538462,884615.384615385,0,0,0,0,2192307.69230769,5574038.46153846,5108490.38461538,10682528.8461538,0,3000000,0,3000000,17028286.5384615,6371953.84615385,384615.384615385,23784855.7692308,22763274.9702288,694633.689203846,314084.998172596,1008718.68737644,21316888.7171476,93625186.5682327,40071445,4008718.68737644,44080163.6873764,72308297.8510851,116388461.538462,11538.4615384615,0,0,4384.61538461538,116388461.538462,0,0,15.3846153846154,0,1.92307692307692,17.3076923076923,50,3.07692307692308,87.6923076923077,76.9230769230769,0,0,0,23.0769230769231,100,1080.76923076923,659.615384615385,421.153846153846,476.923076923077,123.076923076923,353.846153846154,71.1538461538461,0,1628.84615384615,0,11.5384615384615,0,30.7692307692308,0,0,0,40.3846153846154,0,292.307692307692,800,53.8461538461538,0,0,30.7692307692308,0,0,123.076923076923,0,0,34.6153846153846,0,0,0,0,150,0,61.5384615384615,0,0,0,0,0,0,0,0,0,0,0,0,12.1666666666667
3,40000,0,0,0,0,24190,0,0,0,0,425000,33,3,418695,5,0.6,0,0.6,0,0,0.6,0,0.6,0,0,0,0,0,0,0,0.6,0,0.6,0,0,0.6,0,0.6,0,0,0,0,0,0,0,10.6666666666667,2,850,815316.666666667,106983.333333333,708333.333333333,66666.6666666667,0,0,0,0,40316.6666666667,0,0,0,0,708333.333333333,1379833.33333333,438416.666666667,416666.666666667,0,0,0,0,0,319055.555555556,638625,957680.555555556,100100,2166666.66666667,0,2166666.66666667,17778061.6666667,1830746.66666667,333333.333333333,19942141.6666667,6388576.71694972,71393.2229290833,249275.28241875,320668.505347833,20567609.0106203,35640589.949717,24468850.5555556,2487335.1720145,26956185.7275701,15072980.9390966,42029166.6666667,4166.66666666667,0,0,1583.33333333333,42029166.6666667,0,0,133.333333333333,0,0,0,0,1.66666666666667,135,0,0,0,0,1666.66666666667,1666.66666666667,1015,715,300,146.666666666667,26.6666666666667,120,150,0,1311.66666666667,0,6.66666666666667,0,0,0,0,0,136.666666666667,0,208.333333333333,413.333333333333,26.6666666666667,0,0,76.6666666666667,0,0,200,0,0,116.666666666667,0,0,0,0,53.3333333333333,0,73.3333333333333,0,0,0,0,0,0,0,0,0,0,0,0,12.1666666666667
4,0,0,0,0,0,0,0,0,0,0,0,37,1,400210,6,0.23,0,0.23,0,0,0.23,0,0.23,0,0,0,0,0,0,0,0.17,0,0.17,0,0,0.17,0,0.17,0,0,0,0,0,0,0,19,2,823.529411764706,0,0,0,0,0,0,0,0,0,0,0,0,0,0,2526470.58823529,1218823.52941176,0,0,0,0,0,0,2525882.35294118,173374.613003096,2699256.96594427,1187011.76470588,2352941.17647059,0,2352941.17647059,30455858.8235294,1348376.47058824,0,31804235.2941177,9380149.31888545,300146.437025284,385415.555547059,685561.992572343,33494361.9925723,14243380.0928793,39836008.1424149,3038503.16904293,42874511.3114578,-19250981.8996931,23623529.4117647,0,235.294117647059,4352.94117647059,4352.94117647059,0,23623529.4117647,0,0,0,0,0,0,0,0,0,0,0,0,0,0,2423.52941176471,94.1176470588235,2329.41176470588,94.1176470588235,47.0588235294118,47.0588235294118,70.5882352941177,0,2588.23529411765,0,188.235294117647,0,0,0,0,0,376.470588235294,0,376.470588235294,564.705882352941,0,0,0,0,0,0,752.941176470588,0,0,329.411764705882,0,0,0,0,0,0,0,0,0,0,0,0,0,0,0,0,0,0,0,43.6315789473684
4,0,0,0,0,0,0,0,0,0,0,0,37,2,400210,6,0.31,0.17,0.07,0,0.07,0.31,0.17,0.07,0,0.07,0,0,0,0,0,0.31,0.17,0.07,0,0.07,0.31,0.17,0.07,0,0.07,0,0,0,0,0,20,2,1129.03225806452,0,0,0,0,0,0,0,0,0,0,0,0,0,0,235483.870967742,190322.580645161,0,0,0,0,0,0,1214838.70967742,95076.4006791171,1309915.11035654,0,2903225.80645161,0,2903225.80645161,22578877.4193548,3697161.29032258,0,26276038.7096774,5833092.85229202,111133.661687889,289492.059592903,400625.721280792,25882728.9470872,16102391.0186757,28411970.2716469,3303851.5277324,31715821.7993793,-9780337.92841152,21935483.8709677,0,1612.90322580645,4838.70967741935,4838.70967741935,0,21935483.8709677,0,0,0,0,0,0,0,0,0,0,0,0,0,0,1612.90322580645,658.064516129032,954.838709677419,258.064516129032,129.032258064516,129.032258064516,38.7096774193548,0,1909.67741935484,0,77.4193548387097,0,0,0,0,0,77.4193548387097,0,412.903225806452,516.129032258064,0,0,0,0,0,0,412.903225806452,0,0,412.903225806452,0,0,0,0,0,0,0,0,0,0,0,0,0,0,0,0,0,0,0,34.8888888888889
4,0,0,0,0,0,0,0,0,0,0,0,37,3,400210,6,0.54,0,0.54,0,0,0.54,0,0.54,0,0,0,0,0,0,0,0.54,0,0.54,0,0,0.54,0,0.54,0,0,0,0,0,0,0,24,2,500,0,0,0,0,0,0,0,0,0,0,0,0,0,0,312962.962962963,557407.407407407,0,0,0,0,0,0,668370.37037037,3600.82304526749,671971.193415638,0,1259259.25925926,0,1259259.25925926,12635962.962963,185185.185185185,0,12821148.1481481,2127736.74897119,-14201.05794607,148438.651746296,134237.593800226,14029459.8160224,8606985.47325103,14763699.7119342,1393496.85305949,16157196.5649936,-5422474.34277142,10734722.2222222,0,92.5925925925926,1944.44444444444,1944.44444444444,0,10734722.2222222,0,0,0,0,0,0,0,0,0,0,0,0,0,0,933.333333333333,303.703703703704,629.62962962963,0,0,0,14.8148148148148,14.8148148148148,962.962962962963,0,44.4444444444444,0,0,0,0,0,59.2592592592593,0,177.777777777778,296.296296296296,0,0,0,0,0,0,251.851851851852,0,0,133.333333333333,0,0,0,0,0,0,0,0,0,0,0,0,0,0,0,0,0,0,0,16.0810810810811
4,0,0,0,0,0,0,0,0,0,0,0,99,2,408849,6,0.66,0,0.66,0,0,0.36,0,0.36,0,0,0.3,0,0.3,0,0,0.33,0,0.33,0,0,0.03,0,0.03,0,0,0.3,0,0.3,0,0,31,2,242.424242424242,0,0,0,0,0,0,0,0,0,0,0,0,0,0,212121.212121212,545454.545454546,0,0,30303.0303030303,0,0,0,1535959.5959596,72727.2727272727,1608686.86868687,1535353.53535354,3030303.03030303,2121212.12121212,5151515.15151515,6435581.81818182,0,0,6435581.81818182,6461980.31313131,355328.179518182,78314.231679697,433642.411197879,9899527.25968273,-2823871.22222222,10776350.010101,5585157.56271303,16361507.572814,-12723398.4819049,3638109.09090909,0,0,290.909090909091,290.909090909091,0,3638109.09090909,0,0,0,0,0,0,0,0,0,0,0,0,0,0,321.212121212121,209.090909090909,112.121212121212,0,0,0,96.969696969697,0,418.181818181818,0,3.03030303030303,0,0,0,0,0,100,0,21.2121212121212,72.7272727272727,0,0,0,96.969696969697,0,0,0,0,0,60.6060606060606,0,0,0,0,63.6363636363636,0,0,0,0,0,0,0,0,0,0,0,0,0,0,14.8333333333333
4,0,0,0,0,0,0,0,0,0,0,100000,37,1,400210,5,0.11,0,0.11,0,0,0.11,0,0.11,0,0,0,0,0,0,0,0.11,0,0.11,0,0,0.11,0,0.11,0,0,0,0,0,0,0,22,2,454.545454545455,909090.909090909,0,909090.909090909,0,0,0,0,0,0,0,0,0,0,909090.909090909,1304545.45454545,1450909.09090909,0,0,0,0,0,0,3925236.36363636,160765.550239234,4086001.9138756,0,3000000,0,3000000,25918318.1818182,5209636.36363636,0,31127954.5454545,13360393.7320574,434256.769289588,377208.107625,811464.876914589,29729783.0587328,48911315.3588517,39278711.9138756,3811464.87691459,43090176.7907902,19181532.3001189,62271709.0909091,5800,136.363636363636,5590.90909090909,7794.90909090909,24220800,38050909.0909091,0,0,0,0,0,0,0,0,0,0,0,0,1818.18181818182,1818.18181818182,1545.45454545455,1072.72727272727,472.727272727273,363.636363636364,181.818181818182,181.818181818182,163.636363636364,0,2072.72727272727,0,18.1818181818182,0,0,0,0,0,72.7272727272727,0,436.363636363636,872.727272727273,18.1818181818182,0,0,318.181818181818,0,0,227.272727272727,0,0,109.090909090909,0,0,0,0,0,0,0,0,0,0,0,0,0,0,0,0,0,0,0,43.6315789473684
4,0,0,0,0,0,0,0,0,0,0,160000,38,1,375719,6,0.12,0,0.12,0,0,0.12,0,0.12,0,0,0,0,0,0,0,0.12,0,0.12,0,0,0.12,0,0.12,0,0,0,0,0,0,0,36,2,916.666666666667,1333333.33333333,0,1333333.33333333,0,0,0,0,0,0,0,0,0,0,1333333.33333333,1055000,718333.333333333,0,0,0,0,0,0,1934722.22222222,352241.71539961,2286963.93762183,0,416666.666666667,0,416666.666666667,19029150,2152533.33333333,0,21181683.3333333,7921882.93762183,427374.530273611,263325.7897775,690700.320051111,20136516.9867178,-1521882.93762183,26951032.9376218,1107366.98671778,28058399.9243396,-21658399.9243396,6400000,0,0,1000,1000,0,6400000,0,0,0,0,0,0,0,0,0,0,0,0,3333.33333333333,3333.33333333333,1091.66666666667,883.333333333333,208.333333333333,133.333333333333,133.333333333333,0,141.666666666667,0,1366.66666666667,0,0,0,8.33333333333333,0,0,0,258.333333333333,0,0,241.666666666667,83.3333333333333,0,0,83.3333333333333,0,333.333333333333,125,0,0,233.333333333333,0,0,0,0,0,0,0,0,0,0,0,0,0,0,0,0,0,0,0,36.4545454545455
4,0,0,0,0,0,0,0,0,0,0,240000,99,1,408849,6,0.31,0,0.31,0,0,0.31,0,0.31,0,0,0,0,0,0,0,0.24,0,0.24,0,0,0.24,0,0.24,0,0,0,0,0,0,0,8.5,2,2008.33333333333,1000000,0,1000000,0,0,0,0,0,0,0,0,0,0,1000000,660416.666666667,75000,0,0,8333.33333333333,0,0,97541.6666666667,746003.333333333,7375333.33333333,8121336.66666667,347000,10416666.6666667,0,10416666.6666667,15375891.6666667,0,0,15375891.6666667,10718477.3333333,833734.0518995,186662.675685833,1020396.72758533,26812955.0609187,11281522.6666667,26094369,11437063.394252,37531432.394252,-15531432.394252,22000000,2291.66666666667,0,0,870.833333333333,22000000,0,0,0,0,0,0,0,0,0,0,0,0,0,3333.33333333333,3333.33333333333,958.333333333333,516.666666666667,441.666666666667,0,0,0,91.6666666666667,0,1050,0,0,0,0,0,0,0,50,0,0,833.333333333333,33.3333333333333,0,0,0,0,0,66.6666666666667,0,0,66.6666666666667,0,0,0,0,0,0,0,0,0,0,0,0,0,0,0,0,0,0,0,29.9444444444444
4,0,0,0,0,0,0,0,0,0,0,300000,37,1,400210,5,0.26,0.26,0,0,0,0.26,0.26,0,0,0,0,0,0,0,0,0.2,0.2,0,0,0,0.2,0.2,0,0,0,0,0,0,0,0,26,2,1500,1500000,0,1500000,0,0,0,0,0,0,0,0,0,0,1500000,482500,760000,0,0,0,0,0,0,766216.666666667,0,766216.666666667,0,2000000,0,2000000,34404920,3275000,0,37679920,7183926.66666667,7225.59833666667,438245.729793,445471.328129667,36850391.3281297,32976073.3333333,41588846.6666667,2445471.32812967,44034317.9947963,-3874317.99479633,40160000,0,400,7400,7400,0,40160000,0,0,0,0,0,0,0,0,0,0,0,0,5000,5000,2420,1120,1300,200,200,0,60,0,2680,0,160,0,0,0,0,0,120,0,320,400,40,0,0,0,0,0,1000,0,0,640,0,0,0,0,0,0,0,0,0,0,0,0,0,0,0,0,0,0,0,43.6315789473684
4,0,0,0,0,0,0,0,0,0,0,300000,37,1,400210,6,0.3,0,0.3,0,0,0.3,0,0.3,0,0,0,0,0,0,0,0.27,0,0.27,0,0,0.27,0,0.27,0,0,0,0,0,0,0,28,2,2481.48148148148,1111111.11111111,0,1111111.11111111,0,0,0,0,0,0,0,0,0,0,1111111.11111111,492592.592592593,170370.37037037,0,0,0,0,0,0,959012.345679012,194931.773879142,1153944.11955815,0,5000000,0,5000000,18887911.1111111,5802162.96296296,0,24690074.0740741,9130391.15659519,189868.949963353,286915.03177037,476783.981733723,24364695.0928448,2128868.10266407,28018302.2677063,5476783.98173372,33495086.24944,-22235826.9901808,11259259.2592593,0,370.37037037037,2222.22222222222,2222.22222222222,0,11259259.2592593,0,0,0,0,0,0,0,0,0,0,0,0,3703.7037037037,3703.7037037037,1422.22222222222,266.666666666667,1155.55555555556,414.814814814815,207.407407407407,207.407407407407,59.2592592592593,0,1896.2962962963,0,118.518518518519,0,0,0,0,0,118.518518518519,0,148.148148148148,444.444444444444,29.6296296296296,0,0,0,0,0,562.962962962963,0,0,474.074074074074,0,0,0,0,0,0,0,0,0,0,0,0,0,0,0,0,0,0,0,43.6315789473684
4,0,0,0,0,0,0,0,0,0,0,325000,37,1,400210,5,0.21,0.13,0.08,0,0,0.21,0.13,0.08,0,0,0,0,0,0,0,0.14,0.13,0.01,0,0,0.14,0.13,0.01,0,0,0,0,0,0,0,24.3333333333333,2,928.571428571428,2321428.57142857,0,2321428.57142857,0,0,0,0,0,0,0,0,0,0,2321428.57142857,435714.285714286,3128571.42857143,0,0,0,0,0,0,2882761.9047619,236842.105263158,3119604.01002506,1501571.42857143,6071428.57142857,0,6071428.57142857,27352514.2857143,5714285.71428571,0,33066800,16621385.4385965,391723.606966817,422309.526505714,814033.133472531,34237975.9906154,45378614.5614035,43973899.7243108,6885461.7049011,50859361.4292119,11140638.5707881,62000000,0,714.285714285714,11428.5714285714,11428.5714285714,0,62000000,0,0,0,0,0,0,0,0,0,0,0,0,7142.85714285714,7142.85714285714,1800,1228.57142857143,571.428571428571,285.714285714286,0,285.714285714286,57.1428571428571,0,2142.85714285714,0,114.285714285714,0,0,0,0,0,114.285714285714,0,228.571428571429,428.571428571429,57.1428571428571,0,0,0,0,0,657.142857142857,0,0,542.857142857143,0,0,0,0,0,0,0,0,0,0,0,0,0,0,0,0,0,0,0,43.6315789473684
4,0,0,0,0,0,0,0,0,0,0,340000,37,1,400210,5,0.17,0,0.17,0,0,0.17,0,0.17,0,0,0,0,0,0,0,0.17,0,0.17,0,0,0.17,0,0.17,0,0,0,0,0,0,0,23.5,2,858.823529411765,2000000,0,2000000,0,0,0,0,0,0,0,0,0,0,2000000,1208235.29411765,1482352.94117647,0,0,0,0,0,0,4693176.47058823,13725.4901960784,4706901.96078431,0,3529411.76470588,0,3529411.76470588,29920964.7058824,0,0,29920964.7058824,9797700.19607843,60829.9896898039,375246.342944706,436076.33263451,33886452.8032227,32319946.8627451,39718664.9019608,3965488.09734039,43684152.9993012,-1566505.94047765,42117647.0588235,0,1176.47058823529,7647.05882352941,7647.05882352941,0,42117647.0588235,0,0,0,0,0,0,0,0,0,0,0,0,5882.35294117647,5882.35294117647,1847.05882352941,1576.47058823529,270.588235294118,0,0,0,94.1176470588235,0,1941.17647058824,0,70.5882352941176,0,0,0,0,0,188.235294117647,0,152.941176470588,235.294117647059,47.0588235294118,0,0,0,0,0,847.058823529412,0,0,400,0,0,0,0,0,0,0,0,0,0,0,0,0,0,0,0,0,0,0,43.6315789473684
4,0,0,0,0,0,0,0,0,0,0,340000,37,3,400210,6,0.72,0,0.72,0,0,0,0,0,0,0,0.72,0,0.72,0,0,0.67,0,0.67,0,0,0,0,0,0,0,0.67,0,0.67,0,0,25.5,2,582.089552238806,507462.686567164,0,507462.686567164,0,0,0,0,0,0,0,0,0,0,507462.686567164,422388.059701492,274626.865671642,0,0,0,0,0,0,470238.805970149,89552.2388059701,559791.044776119,0,0,2014925.37313433,2014925.37313433,13223116.4179104,0,0,13223116.4179104,4179404.02985075,74550.8424341791,156418.924813731,230969.76724791,13454086.1851584,13814625.8208955,15387595.0746269,2245895.14038224,17633490.2150091,360539.635737162,17994029.8507463,0,29.8507462686567,3014.92537313433,3014.92537313433,0,17994029.8507463,0,0,0,0,0,0,0,0,0,0,0,0,1492.53731343284,1492.53731343284,859.701492537313,549.253731343284,310.44776119403,0,0,0,35.8208955223881,0,895.522388059701,0,23.8805970149254,0,0,0,0,0,71.6417910447761,0,71.6417910447761,238.805970149254,23.8805970149254,0,0,0,0,0,286.567164179104,0,0,179.10447761194,0,0,0,0,0,0,0,0,0,0,0,0,0,0,0,0,0,0,0,16.0810810810811
4,0,0,0,0,0,0,0,0,0,0,43000,33,1,418695,6,0.24,0,0.24,0,0,0.24,0,0.24,0,0,0,0,0,0,0,0.13,0,0.13,0,0,0.13,0,0.13,0,0,0,0,0,0,0,14,2,653.846153846154,330769.230769231,0,330769.230769231,0,0,0,0,0,0,0,0,0,0,330769.230769231,411538.461538462,59615.3846153846,0,0,153846.153846154,0,0,2269230.76923077,780769.230769231,29538.4615384615,810307.692307692,0,3000000,0,3000000,5838076.92307692,0,0,5838076.92307692,4454002.69230769,99428.9389446154,98258.7079230769,197687.646867692,9035764.56994462,-2902156.53846154,10292079.6153846,3197687.64686769,13489767.2622523,-11937921.1084062,1551846.15384615,153.846153846154,0,0,58.4615384615385,1551846.15384615,0,0,0,0,0,0,0,0,0,0,0,0,0,769.230769230769,769.230769230769,315.384615384615,292.307692307692,23.0769230769231,0,0,0,53.8461538461538,0,369.230769230769,0,0,0,0,0,0,0,69.2307692307692,0,7.69230769230769,46.1538461538462,15.3846153846154,0,0,100,0,0,107.692307692308,0,0,23.0769230769231,0,0,0,0,0,0,0,0,0,0,0,0,0,0,0,0,0,0,0,37.5
4,0,0,0,0,0,0,0,0,0,0,650000,37,3,400210,6,0.59,0,0.59,0,0,0.59,0,0.59,0,0,0,0,0,0,0,0.59,0,0.59,0,0,0.59,0,0.59,0,0,0,0,0,0,0,23,1,830.508474576271,1101694.91525424,0,1101694.91525424,0,0,0,0,0,0,0,0,0,0,1101694.91525424,196610.169491525,154237.288135593,0,0,0,0,0,0,1185175.14124294,12488.8492417484,1197663.99048469,0,1864406.77966102,0,1864406.77966102,22321772.8813559,0,0,22321772.8813559,3050416.36336604,18171.0773647814,257752.804976102,275923.882340883,24462103.5433578,6847888.72137972,25372189.244722,2140330.6620019,27512519.9067239,-17614214.8219781,9898305.08474576,0,169.491525423729,1864.40677966102,1864.40677966102,0,9898305.08474576,0,0,0,0,0,0,0,0,0,0,0,0,3389.83050847458,3389.83050847458,1552.54237288136,864.406779661017,688.135593220339,0,0,0,27.1186440677966,0,1579.66101694915,0,40.6779661016949,0,0,0,0,0,54.2372881355932,0,216.949152542373,169.491525423729,13.5593220338983,0,0,0,0,0,759.322033898305,0,0,325.423728813559,0,0,0,0,0,0,0,0,0,0,0,0,0,0,0,0,0,0,0,16.0810810810811
4,0,0,0,0,0,0,0,0,0,0,760000,38,2,375719,6,0.42,0,0.42,0,0,0.42,0,0.42,0,0,0,0,0,0,0,0.36,0,0.36,0,0,0.36,0,0.36,0,0,0,0,0,0,0,36,2,972.222222222222,2111111.11111111,0,2111111.11111111,0,0,0,0,0,0,0,0,0,0,2111111.11111111,1031111.11111111,1461388.88888889,61111.1111111111,0,0,0,0,0,573474.074074074,120922.677063028,694396.751137102,0,416666.666666667,0,416666.666666667,12221972.2222222,2706861.11111111,0,14928833.3333333,8441699.08447044,153045.665019988,212426.471588889,365472.136608877,13004111.0254978,18091634.2488629,20663671.3066927,782138.803275543,21445810.1099682,5087523.22336514,26533333.3333333,0,833.333333333333,4027.77777777778,4027.77777777778,0,26533333.3333333,0,0,0,0,0,0,0,0,0,0,0,0,5277.77777777778,5277.77777777778,680.555555555556,552.777777777778,127.777777777778,219.444444444444,152.777777777778,66.6666666666667,105.555555555556,0,1005.55555555556,0,11.1111111111111,0,0,0,0,0,227.777777777778,0,8.33333333333333,413.888888888889,69.4444444444444,0,0,83.3333333333333,0,0,125,0,0,66.6666666666667,0,0,0,0,0,0,0,0,0,0,0,0,0,0,0,0,0,0,0,36.4545454545455
4,0,0,0,0,0,0,0,0,400000,0,0,37,2,400210,6,0.45,0,0.45,0,0,0.45,0,0.45,0,0,0,0,0,0,0,0.38,0,0.38,0,0,0.38,0,0.38,0,0,0,0,0,0,0,14.6666666666667,2,763.157894736842,1052631.57894737,0,1052631.57894737,0,0,0,0,0,0,0,0,1052631.57894737,0,0,618421.052631579,1192105.26315789,0,0,0,0,0,0,2603964.9122807,12280.701754386,2616245.61403509,0,2236842.10526316,0,2236842.10526316,35025652.6315789,0,0,35025652.6315789,5879613.50877193,39774.3238849123,410777.222642632,450551.546527544,37713046.2833696,9594070.70175438,40905266.1403509,2687393.6517907,43592659.7921416,-28118975.5816153,15473684.2105263,0,1315.78947368421,3421.05263157895,3421.05263157895,0,15473684.2105263,0,0,0,0,0,0,0,0,0,0,5263.15789473684,0,0,5263.15789473684,2357.8947368421,1652.63157894737,705.263157894737,0,0,0,42.1052631578947,0,2400,0,63.1578947368421,0,0,0,0,0,84.2105263157895,0,84.2105263157895,210.526315789474,42.1052631578947,0,0,0,0,0,1494.73684210526,0,0,421.052631578947,0,0,0,0,0,0,0,0,0,0,0,0,0,0,0,0,0,0,0,34.8888888888889
4,0,0,0,0,0,0,105000,0,0,0,0,38,1,375719,6,0.19,0.07,0.12,0,0,0.19,0.07,0.12,0,0,0,0,0,0,0,0.19,0.07,0.12,0,0,0.19,0.07,0.12,0,0,0,0,0,0,0,28,2,1157.89473684211,552631.578947368,0,552631.578947368,0,0,0,0,0,0,552631.578947368,0,0,0,0,1207894.73684211,947894.736842105,0,0,0,0,0,0,1008842.10526316,0,1008842.10526316,0,2957894.73684211,0,2957894.73684211,6136915.78947368,2371536.84210526,0,8508452.63157895,6464519,73750.6094315789,121609.418578421,195360.02801,9290170.55432579,-1063203.21052632,12601434.7894737,3153254.76485211,15754689.5543258,-10353373.7648521,5401315.78947368,0,0,657.894736842105,657.894736842105,0,5401315.78947368,0,0,0,0,0,0,0,0,3157.89473684211,0,0,0,0,3157.89473684211,326.315789473684,236.842105263158,89.4736842105263,168.421052631579,84.2105263157895,84.2105263157895,73.6842105263158,0,568.421052631579,0,10.5263157894737,0,0,0,0,0,73.6842105263158,0,10.5263157894737,252.631578947368,10.5263157894737,0,0,84.2105263157895,0,0,0,0,0,126.315789473684,0,0,0,0,0,0,0,0,0,0,0,0,0,0,0,0,0,0,0,36.4545454545455
4,0,0,0,0,0,0,105000,0,0,0,0,99,1,408849,6,0.47,0.17,0.3,0,0,0.47,0.17,0.3,0,0,0,0,0,0,0,0.11,0.01,0.1,0,0,0.11,0.01,0.1,0,0,0,0,0,0,0,17.5,2,227.272727272727,954545.454545455,0,954545.454545455,0,0,0,0,0,0,954545.454545455,0,0,0,0,0,0,0,0,0,0,0,0,1369696.96969697,232727.272727273,1602424.24242424,2181818.18181818,1363636.36363636,0,1363636.36363636,952327.272727273,0,0,952327.272727273,5147636.87878788,474604.0704,20673.6467036364,495277.717103636,2811241.35346727,-3576727.78787879,6099964.15151515,1858914.08074,7958878.23225515,-6387969.14134606,1570909.09090909,163.636363636364,0,0,62.1818181818182,1570909.09090909,0,0,0,0,0,0,0,0,0,5454.54545454545,0,0,0,0,5454.54545454545,72.7272727272727,27.2727272727273,45.4545454545455,0,0,0,0,0,72.7272727272727,0,0,0,0,0,0,0,0,0,0,36.3636363636364,36.3636363636364,0,0,0,0,0,0,0,0,0,0,0,0,0,0,0,0,0,0,0,0,0,0,0,0,0,0,0,0,29.9444444444444
4,0,0,0,0,0,0,124000,0,0,0,0,33,1,418695,6,0.25,0,0.25,0,0,0.25,0,0.25,0,0,0,0,0,0,0,0.25,0,0.25,0,0,0.25,0,0.25,0,0,0,0,0,0,0,17,2,680,496000,0,496000,0,0,0,0,0,0,496000,0,0,0,0,1302800,791200,0,0,0,0,0,0,658160,0,658160,89866.6666666667,1240000,0,1240000,26991536,6876720,0,33868256,10633441.6666667,61231.2395814667,395267.6511624,456498.890743867,28688034.8907439,29366558.3333333,37624977.6666667,1696498.89074387,39321476.5574105,678523.442589469,40000000,2000,0,2000,2760,24000000,16000000,0,0,0,0,0,0,0,0,1200,0,0,0,0,1200,1696,1168,528,480,240,240,108,0,2284,0,12,0,8,0,0,0,116,0,264,1120,64,0,0,304,0,0,368,0,0,28,0,0,0,0,0,0,0,0,0,0,0,0,0,0,0,0,0,0,0,37.5
4,0,0,0,0,0,0,200000,0,0,0,0,37,2,400210,6,0.5,0,0.5,0,0,0.34,0,0.34,0,0,0.16,0,0.16,0,0,0.3,0,0.3,0,0,0.2,0,0.2,0,0,0.1,0,0.1,0,0,13,2,663.333333333333,666666.666666667,0,666666.666666667,0,0,0,0,0,0,666666.666666667,0,0,0,0,780000,294333.333333333,0,0,166666.666666667,0,0,0,1465955.55555556,135087.719298246,1601043.2748538,67280,1400000,1000000,2400000,8495490,0,0,8495490,4976199.94152047,152186.381990568,112787.383475167,264973.765465735,10160463.7654657,3423800.05847953,12471689.9415205,2664973.76546573,15136663.7069862,-6736663.7069862,8400000,0,100,1100,1100,0,8400000,0,0,0,0,0,0,0,0,6666.66666666667,0,0,0,0,6666.66666666667,400,333.333333333333,66.6666666666667,0,0,0,136.666666666667,0,536.666666666667,0,10,0,0,0,0,0,43.3333333333333,0,0,133.333333333333,20,0,0,153.333333333333,0,0,83.3333333333333,0,0,93.3333333333333,0,0,0,0,0,0,0,0,0,0,0,0,0,0,0,0,0,0,0,34.8888888888889
4,0,0,0,0,0,0,210000,0,0,0,0,99,1,408849,6,0.1,0.1,0,0,0,0.1,0.1,0,0,0,0,0,0,0,0,0.1,0.1,0,0,0,0.1,0.1,0,0,0,0,0,0,0,0,18.5,2,1000,2100000,0,2100000,0,0,0,0,0,0,2100000,0,0,0,0,800000,350000,0,0,0,0,0,0,991200,1152000,2143200,0,1000000,0,1000000,18002580,0,0,18002580,5802049,431093.493288,230413.033957,661506.527245,19664086.527245,6397751,23804629,1661506.527245,25466135.527245,-13266335.527245,12199800,1000,0,300,680,9600000,2599800,0,0,0,0,0,0,0,0,12000,0,0,0,0,12000,850,460,390,0,0,0,340,0,1190,0,70,0,0,0,0,0,20,0,0,640,120,0,0,0,0,0,0,0,0,340,0,0,0,0,0,0,0,0,0,0,0,0,0,0,0,0,0,0,0,29.9444444444444
4,0,0,0,0,0,0,24500,0,0,0,0,99,1,408849,6,0.2,0.1,0,0,0.1,0.2,0.1,0,0,0.1,0,0,0,0,0,0.1,0.05,0,0,0.05,0.1,0.05,0,0,0.05,0,0,0,0,0,20.5,2,80,245000,0,245000,0,0,0,0,0,0,245000,0,0,0,0,25000,0,0,0,0,0,0,0,225000,0,225000,0,1000000,0,1000000,1956500,0,0,1956500,903849,30980.014875,24138.933725,55118.9486,3011618.9486,696151,2860349,1055118.9486,3915467.9486,-2315467.9486,1600000,100,0,100,138,800000,800000,0,0,0,0,0,0,0,0,1400,0,0,0,0,1400,160,20,140,0,0,0,0,0,160,0,10,0,0,0,0,0,10,0,0,50,40,0,0,0,0,0,0,0,0,50,0,0,0,0,0,0,0,0,0,0,0,0,0,0,0,0,0,0,0,29.9444444444444
4,0,0,0,0,0,0,288000,0,0,0,1131800,33,3,418695,5,0.83,0,0.83,0,0,0.83,0,0.83,0,0,0,0,0,0,0,0.53,0,0.53,0,0,0.53,0,0.53,0,0,0,0,0,0,0,15,2,943.396226415094,2678867.9245283,0,2678867.9245283,0,0,0,0,0,0,543396.226415094,0,0,0,2135471.69811321,1554716.98113208,511320.754716981,0,0,0,0,0,5471698.11320755,530911.949685535,3689547.16981132,4220459.11949685,566603.773584906,2264150.94339623,0,2264150.94339623,35662969.8113208,864996.226415094,0,36527966.0377358,16287357.8930818,-13540.7367260063,506788.265294906,493247.528568899,38420368.2832859,40808868.5220126,51950327.7044025,2757398.47196513,54707726.1763676,2388500.2387267,57096226.4150943,5660.37735849057,0,0,2150.94339622642,57096226.4150943,0,0,0,0,0,0,0,0,0,2716.98113207547,0,0,0,5471.69811320755,8188.67924528302,2377.35849056604,1498.11320754717,879.245283018868,60.377358490566,30.188679245283,30.188679245283,67.9245283018868,0,2505.66037735849,0,11.3207547169811,0,9.43396226415094,0,0,0,203.77358490566,0,303.77358490566,437.735849056604,90.5660377358491,0,0,305.660377358491,0,0,641.509433962264,0,0,271.698113207547,0,0,0,0,135.849056603774,0,94.3396226415094,0,0,0,0,0,0,0,0,0,0,0,0,12.1666666666667
4,0,0,0,0,0,0,76000,0,0,0,98000,38,1,375719,6,0.1,0,0.1,0,0,0.1,0,0.1,0,0,0,0,0,0,0,0.1,0,0.1,0,0,0.1,0,0.1,0,0,0,0,0,0,0,22,2,700,1740000,0,1740000,0,0,0,0,0,0,760000,0,0,0,980000,1530000,2800000,0,0,0,0,0,0,325000,127659.574468085,452659.574468085,0,1300000,0,1300000,29501430,5583400,0,35084830,12481778.5744681,140281.147380319,446186.2626695,586467.410049819,31387897.4100498,17095021.4255319,41983208.5744681,1886467.41004982,43869675.9845179,-14292875.9845179,29576800,0,400,4150,4150,0,29576800,0,0,0,0,0,0,0,0,4000,0,0,0,2000,6000,2090,1230,860,530,230,300,0,40,2660,0,20,0,0,0,0,0,190,0,410,300,200,0,0,0,0,0,80,0,0,1160,0,0,0,300,0,0,0,0,0,0,0,0,0,0,0,0,0,0,0,36.4545454545455
4,0,0,0,0,0,0,760000,0,0,0,0,99,2,408849,6,0.3,0.3,0,0,0,0.3,0.3,0,0,0,0,0,0,0,0,0.3,0.3,0,0,0,0.3,0.3,0,0,0,0,0,0,0,0,17,2,833.333333333333,2533333.33333333,0,2533333.33333333,0,0,0,0,0,0,2533333.33333333,0,0,0,0,210000,25000,0,0,0,0,0,0,301333.333333333,9600,310933.333333333,0,3000000,0,3000000,3164023.33333333,2861263.33333333,80000,6105286.66666667,6387369.07073522,26137.917152,96204.682273,122342.599425,6328375.86202311,-3054035.73740189,9593402.33333333,3122342.599425,12715744.9327583,-9382411.599425,3333333.33333333,416.666666666667,0,0,158.333333333333,3333333.33333333,0,0,0,0,0,0,0,0,0,13333.3333333333,0,0,0,0,13333.3333333333,193.333333333333,60,133.333333333333,153.333333333333,100,53.3333333333333,36.6666666666667,13.3333333333333,396.666666666667,0,0,0,0,0,0,0,46.6666666666667,0,13.3333333333333,66.6666666666667,53.3333333333333,0,0,186.666666666667,0,0,0,0,0,30,0,0,0,0,0,0,0,0,0,0,0,0,0,0,0,0,0,0,0,14.8333333333333
4,0,0,0,0,0,10000,0,0,0,0,0,33,1,418695,6,0.26,0,0,0.26,0,0,0,0,0,0,0.26,0,0,0.26,0,0.26,0,0,0.26,0,0,0,0,0,0,0.26,0,0,0.26,0,25,2,1038.46153846154,38461.5384615385,38461.5384615385,0,0,0,0,0,0,38461.5384615385,0,0,0,0,0,1703076.92307692,541153.846153846,0,0,0,0,0,0,1453878.20512821,119473.684210526,1573351.88933873,0,0,1923076.92307692,1923076.92307692,12531023.0769231,1947292.30769231,200000,14678315.3846154,8172007.85989527,125449.471020884,183885.309047308,309334.780068192,13013458.4248963,1139069.06318165,18953054.5816464,2232411.70314511,21185466.2847915,-11874389.3617146,9311076.92307692,923.076923076923,0,0,350.769230769231,9311076.92307692,0,0,0,0,0,0,0,1.53846153846154,1.53846153846154,0,0,0,0,0,0,1057.69230769231,0,1057.69230769231,134.615384615385,134.615384615385,0,7.69230769230769,0,1200,0,7.69230769230769,0,0,0,0,0,153.846153846154,0,53.8461538461538,123.076923076923,0,0,0,307.692307692308,0,0,30.7692307692308,0,0,507.692307692308,0,0,0,0,15.3846153846154,0,0,0,0,0,0,0,0,0,0,0,0,0,0,37.5
4,0,0,0,0,0,10500,0,0,105000,0,400000,38,3,375719,6,0.51,0,0.51,0,0,0.51,0,0.51,0,0,0,0,0,0,0,0.51,0,0.51,0,0,0.51,0,0.51,0,0,0,0,0,0,0,36,2,980.392156862745,1010784.31372549,20588.2352941176,990196.078431373,0,0,0,0,0,20588.2352941176,0,0,205882.352941176,0,784313.725490196,380196.078431373,917058.823529412,0,0,0,0,0,0,355092.810457516,73216.9246646027,428309.735122119,0,1627450.98039216,0,1627450.98039216,6372241.17647059,1190533.33333333,0,7562774.50980392,4302601.28414173,88340.0083133946,107015.907626961,195355.915940355,8195048.0728031,779751.657034744,10674842.4606123,1822806.89633251,12497649.3569448,-7415296.41576836,5082352.94117647,0,1176.47058823529,1176.47058823529,1176.47058823529,0,5082352.94117647,0,0,0,0,0,0,0.980392156862745,0.980392156862745,0,0,1176.47058823529,0,1960.78431372549,3137.25490196078,364.705882352941,317.647058823529,47.0588235294118,74.5098039215686,74.5098039215686,0,43.1372549019608,0,482.352941176471,0,7.84313725490196,0,0,0,0,0,88.2352941176471,0,7.84313725490196,137.254901960784,78.4313725490196,0,0,78.4313725490196,0,0,49.0196078431373,0,0,35.2941176470588,0,0,0,0,0,0,0,0,0,0,0,0,0,0,0,0,0,0,0,9.66666666666667
4,0,0,0,0,0,111500,144000,0,0,0,0,37,1,400210,5,0.2,0,0.2,0,0,0.2,0,0.2,0,0,0,0,0,0,0,0.2,0,0.2,0,0,0.2,0,0.2,0,0,0,0,0,0,0,21,2,1250,1277500,557500,720000,0,0,0,0,0,557500,720000,0,0,0,0,1281500,534750,0,0,0,0,0,187500,707940,276315.789473684,984255.789473684,0,3400000,0,3400000,21074990,1719180,0,22794170,6384895.78947368,225338.2961083,282700.577243,508038.8733513,24983028.8733513,36795604.2105263,27459885.7894737,3908038.8733513,31367924.662825,11812575.337175,43180500,0,300,5550,5550,0,43180500,0,0,0,0,0,0,19,19,4000,0,0,0,0,4000,1320,905,415,120,60,60,85,0,1525,0,15,0,0,0,0,0,90,0,200,640,40,0,0,0,0,0,400,0,0,130,0,0,0,0,10,0,0,0,0,0,0,0,0,0,0,0,0,0,0,43.6315789473684
4,0,0,0,0,0,115000,0,0,0,0,0,37,1,400210,6,0.16,0.16,0,0,0,0.16,0.16,0,0,0,0,0,0,0,0,0.16,0.16,0,0,0,0.16,0.16,0,0,0,0,0,0,0,0,29,1,625,718750,718750,0,0,0,0,0,0,718750,0,0,0,0,0,1297500,255937.5,0,0,0,0,0,68750,3397358.33333333,460526.315789474,3857884.64912281,0,3125000,0,3125000,21960043.75,5812500,437500,28210043.75,12503096.2770936,97565.1353109868,331223.045869062,428788.181180049,25859767.8032092,15121903.7229064,34809075.8991228,3553788.18118005,38362864.0803029,-10737864.0803029,27625000,4062.5,0,0,1543.75,27625000,0,0,0,0,0,0,0,33.125,33.125,0,0,0,0,0,0,1343.75,943.75,400,350,150,200,112.5,0,1806.25,0,0,0,0,0,0,0,75,0,0,850,6.25,0,0,800,0,0,0,0,0,62.5,0,0,0,0,12.5,0,0,0,0,0,0,0,0,0,0,0,0,0,0,43.6315789473684
4,0,0,0,0,0,12000,225000,0,0,0,520000,38,3,375719,6,0.83,0,0.83,0,0,0.83,0,0.83,0,0,0,0,0,0,0,0.83,0,0.83,0,0,0.83,0,0.83,0,0,0,0,0,0,0,37,2,903.614457831325,912048.192771084,14457.8313253012,897590.361445783,0,0,0,0,0,14457.8313253012,271084.337349398,0,0,0,626506.024096385,534819.277108434,175662.65060241,86746.9879518072,0,0,0,0,0,1279074.69879518,22264.4965828225,1301339.195378,0,337349.397590361,0,337349.397590361,4984906.02409639,1340379.51807229,0,6325285.54216867,4726714.82188403,61874.5267216921,87107.9161609036,148982.442882596,5471237.86456934,16516658.6720919,9711620.84598041,486331.840472957,10197952.6864534,11045420.8075225,21243373.4939759,1927.71084337349,108.433734939759,1373.49397590361,2106.02409638554,16038554.2168675,5204819.27710843,0,0,0,0,0,0,1.20481927710843,1.20481927710843,1807.22891566265,0,0,0,1566.26506024096,3373.49397590361,378.313253012048,36.144578313253,342.168674698795,84.3373493975904,84.3373493975904,0,22.8915662650602,0,485.542168674699,0,2.40963855421687,0,0,0,0,0,149.397590361446,0,3.6144578313253,42.1686746987952,102.409638554217,0,0,48.1927710843373,0,0,90.3614457831325,0,0,46.9879518072289,0,0,0,0,0,0,0,0,0,0,0,0,0,0,0,0,0,0,0,9.66666666666667
4,0,0,0,0,0,12000,75200,0,0,0,0,33,1,418695,6,0.23,0,0.23,0,0,0.05,0,0.05,0,0,0.18,0,0.18,0,0,0.23,0,0.23,0,0,0.05,0,0.05,0,0,0.18,0,0.18,0,0,8,2,1217.39130434783,379130.434782609,52173.9130434783,326956.52173913,0,0,0,0,0,52173.9130434783,326956.52173913,0,0,0,0,1702391.30434783,348695.652173913,130434.782608696,0,0,0,0,0,421304.347826087,0,421304.347826087,522318.84057971,326086.956521739,1195652.17391304,1521739.13043478,16605778.2608696,0,0,16605778.2608696,5118622.53623188,80179.8153884058,207795.730523261,287975.545911667,17219840.763303,8537377.46376812,20528748.6231884,1809714.67634645,22338463.2995349,-8682463.29953486,13656000,1304.34782608696,0,0,495.652173913044,13656000,0,0,0,0,0,0,0,1.73913043478261,1.73913043478261,1478.26086956522,0,0,0,0,1478.26086956522,1039.13043478261,456.521739130435,582.608695652174,0,0,0,134.782608695652,0,1173.91304347826,0,4.34782608695652,0,0,0,0,0,165.217391304348,0,152.173913043478,234.782608695652,104.347826086957,0,0,191.304347826087,0,0,78.2608695652174,0,0,173.913043478261,0,0,0,0,69.5652173913044,0,0,0,0,0,0,0,0,0,0,0,0,0,0,37.5
4,0,0,0,0,0,1436000,0,0,0,0,0,37,4,400210,6,2.3,2,0.3,0,0,2.3,2,0.3,0,0,0,0,0,0,0,2.3,2,0.3,0,0,2.3,2,0.3,0,0,0,0,0,0,0,30.3333333333333,2,321.739130434783,624347.826086957,624347.826086957,0,0,0,0,0,0,624347.826086957,0,0,0,0,0,1486173.91304348,1023021.73913043,0,0,0,0,0,74130.4347826087,207526.188405797,48183.0663615561,255709.254767353,71289.8550724638,1078260.86956522,0,1078260.86956522,8833211.30434783,3212925.2173913,0,12046136.5217391,7147808.2402746,47361.1853400571,165376.473900261,212737.659240318,10124209.8331534,25018452.6292906,15981019.5446224,1290998.52880554,17272018.073428,14894242.7961373,32166260.8695652,0,326.086956521739,4304.34782608696,4304.34782608696,0,32166260.8695652,0,0,0,0,0,0,17.6521739130435,17.6521739130435,0,0,0,0,0,0,394.782608695652,184.347826086957,210.434782608696,213.913043478261,161.739130434783,52.1739130434783,191.739130434783,0,800.434782608696,0,8.69565217391304,0,0,0,0,0,99.5652173913044,0,52.1739130434783,166.95652173913,0,0,0,128.695652173913,0,36.5217391304348,205.217391304348,0,0,99.1304347826087,0,0,0,0,3.47826086956522,0,0,0,0,0,0,0,0,0,0,0,0,0,0,19.0714285714286
4,0,0,0,0,0,154000,700000,0,0,0,0,37,3,400210,6,0.81,0,0.81,0,0,0.81,0,0.81,0,0,0,0,0,0,0,0.81,0,0.81,0,0,0.81,0,0.81,0,0,0,0,0,0,0,17,2,1358.02469135802,1054320.98765432,190123.456790123,864197.530864198,0,0,0,0,0,190123.456790123,864197.530864198,0,0,0,0,3745679.01234568,861111.111111111,0,0,0,0,0,12345.6790123457,445113.580246914,31838.8564002599,476952.436647173,203917.695473251,2777777.77777778,0,2777777.77777778,14175041.9753086,2263940.74074074,0,16438982.7160494,9018477.66298462,52339.5488752824,239735.329772099,292074.878647381,17244894.6317338,11564855.6703487,23193519.6382933,3069852.65642516,26263372.2947184,-5680038.96138509,20583333.3333333,0,0,2777.77777777778,2777.77777777778,0,20583333.3333333,0,0,0,0,0,0,10.6172839506173,10.6172839506173,4938.27160493827,0,0,0,0,4938.27160493827,881.481481481482,590.123456790124,291.358024691358,158.024691358025,79.0123456790124,79.0123456790124,71.6049382716049,0,1111.11111111111,0,59.2592592592593,0,0,0,0,0,76.5432098765432,0,118.518518518519,355.555555555556,19.7530864197531,0,0,239.506172839506,0,0,172.83950617284,0,0,69.1358024691358,0,0,0,0,0,0,0,0,0,0,0,0,0,0,0,0,0,0,0,16.0810810810811
4,0,0,0,0,0,165000,0,0,0,0,0,99,1,408849,6,0.26,0.23,0.02,0,0.01,0.26,0.23,0.02,0,0.01,0,0,0,0,0,0.26,0.23,0.02,0,0.01,0.26,0.23,0.02,0,0.01,0,0,0,0,0,16,1,573.076923076923,634615.384615385,634615.384615385,0,0,0,0,0,0,634615.384615385,0,0,0,0,0,2447692.30769231,446153.846153846,0,0,0,0,0,0,4879076.92307692,6546072.87449393,11425149.7975709,0,3076923.07692308,0,3076923.07692308,20288530.7692308,0,0,20288530.7692308,15362460.3360324,177871.006859109,258215.494652692,436086.501511802,23801540.3476656,1459078.12550607,35650991.1052632,3513009.57843488,39164000.683698,-22342462.2221596,16821538.4615385,1911.53846153846,0,0,726.384615384615,16821538.4615385,0,0,0,0,0,0,0,96.1538461538461,96.1538461538461,0,0,0,0,0,0,1153.84615384615,934.615384615385,219.230769230769,0,0,0,157.692307692308,0,1311.53846153846,0,0,0,3.84615384615385,0,0,0,180.769230769231,0,188.461538461538,246.153846153846,7.69230769230769,0,0,330.769230769231,0,100,115.384615384615,0,0,76.9230769230769,0,0,0,0,0,0,61.5384615384615,0,0,0,0,0,0,0,0,0,0,0,0,29.9444444444444
4,0,0,0,0,0,168000,264000,0,0,0,64000,37,2,400210,6,0.36,0,0.36,0,0,0.36,0,0.36,0,0,0,0,0,0,0,0.36,0,0.36,0,0,0.36,0,0.36,0,0,0,0,0,0,0,27,2,861.111111111111,1377777.77777778,466666.666666667,911111.111111111,0,0,0,0,0,466666.666666667,733333.333333333,0,0,0,177777.777777778,1384722.22222222,654444.444444444,0,0,0,0,0,64166.6666666667,507704.166666667,134760.233918129,642464.400584795,323851.851851852,3861111.11111111,0,3861111.11111111,17997691.6666667,1546311.11111111,0,19544002.7777778,6393948.47465887,175403.67436137,249630.225993472,425033.900354843,22283836.6781326,26659176.5253411,24391640.1413255,4286145.01146595,28677785.1527915,4375339.84720851,33053125,0,208.333333333333,4375,4375,0,33053125,0,0,0,0,0,0,15.8333333333333,15.8333333333333,4444.44444444444,0,0,0,444.444444444444,4888.88888888889,963.888888888889,702.777777777778,261.111111111111,111.111111111111,44.4444444444444,66.6666666666667,213.888888888889,0,1288.88888888889,0,11.1111111111111,0,0,0,0,0,116.666666666667,0,50,422.222222222222,55.5555555555556,0,0,155.555555555556,0,33.3333333333333,322.222222222222,0,0,116.666666666667,0,0,0,0,5.55555555555556,0,0,0,0,0,0,0,0,0,0,0,0,0,0,34.8888888888889
4,0,0,0,0,0,170000,216000,0,0,0,0,37,2,400210,6,0.3,0,0.3,0,0,0.3,0,0.3,0,0,0,0,0,0,0,0.3,0,0.3,0,0,0.3,0,0.3,0,0,0,0,0,0,0,27,2,2333.33333333333,1286666.66666667,566666.666666667,720000,0,0,0,0,0,566666.666666667,720000,0,0,0,0,1510000,980166.666666667,0,0,0,0,0,54000,469572,122807.01754386,592379.01754386,0,1500000,0,1500000,11292013.3333333,3260373.33333333,0,14552386.6666667,8083795.68421053,83225.8303366289,199304.437113,282530.267449629,13074543.600783,8309204.31578947,19375809.0175439,1782530.26744963,21158339.2849935,-4765339.28499349,16393000,0,200,2450,2450,0,16393000,0,0,0,0,0,0,18.6666666666667,18.6666666666667,4000,0,0,0,0,4000,556.666666666667,126.666666666667,430,226.666666666667,120,106.666666666667,233.333333333333,0,1016.66666666667,0,6.66666666666667,0,0,0,0,0,270,0,96.6666666666667,373.333333333333,40,0,0,106.666666666667,0,0,0,0,0,120,0,0,0,0,3.33333333333333,0,0,0,0,0,0,0,0,0,0,0,0,0,0,34.8888888888889
4,0,0,0,0,0,189000,440000,0,280000,0,0,33,2,418695,6,0.35,0,0.35,0,0,0.35,0,0.35,0,0,0,0,0,0,0,0.35,0,0.35,0,0,0.35,0,0.35,0,0,0,0,0,0,0,19,2,1000,2597142.85714286,540000,2057142.85714286,0,0,0,0,0,540000,1257142.85714286,0,800000,0,0,1084285.71428571,704000,0,0,0,0,0,142857.142857143,651234.666666667,16611.8255639098,667846.492230576,1935600,2285714.28571429,0,2285714.28571429,15510014.2857143,0,0,15510014.2857143,7550427.20651629,197132.834203092,217248.235195,414381.069398092,18210109.6408267,-2978998.63508772,23060441.4922306,2700095.35511238,25760536.847343,-21189108.2759144,4571428.57142857,285.714285714286,0,285.714285714286,394.285714285714,2285714.28571429,2285714.28571429,0,0,0,0,0,0,485.714285714286,485.714285714286,2857.14285714286,0,4000,0,0,6857.14285714286,868.571428571429,560,308.571428571429,0,0,0,168.571428571429,0,1037.14285714286,0,8.57142857142857,0,37.1428571428571,0,0,0,100,0,34.2857142857143,240,45.7142857142857,0,0,320,0,0,177.142857142857,0,0,74.2857142857143,0,0,0,0,0,0,0,0,0,0,0,0,0,0,0,0,0,0,0,27
4,0,0,0,0,0,20000,0,0,0,0,120000,37,1,400210,6,0.11,0,0.11,0,0,0.11,0,0.11,0,0,0,0,0,0,0,0.11,0,0.11,0,0,0.11,0,0.11,0,0,0,0,0,0,0,28.6666666666667,2,909.090909090909,1272727.27272727,181818.181818182,1090909.09090909,0,0,0,0,0,181818.181818182,0,0,0,0,1090909.09090909,1818181.81818182,1121818.18181818,0,0,0,0,0,45454.5454545455,1254909.09090909,150717.703349282,1405626.79425837,0,6363636.36363636,0,6363636.36363636,39043909.0909091,0,0,39043909.0909091,6064018.61244019,137979.770589617,469466.113904545,607445.884494163,46014991.3390396,7663890.4784689,45107927.7033493,6971082.24813053,52079009.9514798,-38351100.8605707,13727909.0909091,0,90.9090909090909,2272.72727272727,2272.72727272727,0,13727909.0909091,0,0,0,0,0,0,9.09090909090909,9.09090909090909,0,0,0,0,2727.27272727273,2727.27272727273,3272.72727272727,81.8181818181818,3190.90909090909,0,0,0,36.3636363636364,0,3309.09090909091,0,27.2727272727273,0,0,0,0,0,72.7272727272727,0,0,218.181818181818,72.7272727272727,0,0,872.727272727273,0,0,727.272727272727,0,0,1309.09090909091,0,0,0,0,9.09090909090909,0,0,0,0,0,0,0,0,0,0,0,0,0,0,43.6315789473684
4,0,0,0,0,0,207000,0,0,0,0,86000,33,2,418695,6,0.4,0,0.4,0,0,0.4,0,0.4,0,0,0,0,0,0,0,0.4,0,0.4,0,0,0.4,0,0.4,0,0,0,0,0,0,0,18,2,1400,732500,517500,215000,0,0,0,0,0,517500,0,0,0,0,215000,2117500,1945000,0,0,0,0,0,550000,1397500,2283125,3680625,173500,2000000,0,2000000,9231052.5,4700000,775000,14706052.5,14579286.2459997,110866.306338125,217386.493336625,328252.79967475,12072839.053675,9920713.75400028,24323872.5,2328252.79967475,26652125.2996747,-2152125.29967475,24500000,1250,125,1625,2100,12000000,12500000,0,0,0,0,0,0,17.75,17.75,0,0,0,0,500,500,457.5,432.5,25,440,40,400,115,0,1012.5,0,5,0,15,0,0,0,65,0,25,625,42.5,0,0,35,0,0,142.5,0,0,55,0,0,0,0,2.5,0,0,0,0,0,0,0,0,0,0,0,0,0,0,27
4,0,0,0,0,0,214000,10300,0,0,0,41500,37,4,400210,5,1,1,0,0,0,1,1,0,0,0,0,0,0,0,0,1,1,0,0,0,1,1,0,0,0,0,0,0,0,0,28.75,2,445,265800,214000,51800,0,0,0,0,0,214000,10300,0,0,0,41500,2740000,3926600,0,0,450000,0,0,30000,2958552,334600,3293152,242900,3180000,0,3180000,7792418,10090592,360000,18243010,21642386.0857059,172327.61043064,278146.9758265,450474.58625714,11579760.5005512,44272413.9142941,29591672,3630474.58625714,33222146.5862571,32692653.4137429,65914800,4000,80,6080,7600,17600000,48314800,0,0,0,0,0,0,5.4,5.4,110,0,0,0,100,210,448,224,224,528,432,96,83,112,1171,0,40,0,0,0,0,0,176,0,144,480,64,0,0,80,0,8,144,0,0,35,0,0,0,0,0,0,0,0,0,0,0,0,0,0,0,0,0,0,0,19.0714285714286
4,0,0,0,0,0,229500,0,0,0,0,0,37,3,400210,6,0.79,0,0.79,0,0,0.79,0,0.79,0,0,0,0,0,0,0,0.79,0,0.79,0,0,0.79,0,0.79,0,0,0,0,0,0,0,28,2,632.911392405063,290506.329113924,290506.329113924,0,0,0,0,0,0,290506.329113924,0,0,0,0,0,882405.063291139,415886.075949367,0,0,0,0,0,43670.8860759494,1122262.44725738,86275.8161225849,1208538.26337997,0,3037974.6835443,0,3037974.6835443,7003324.05063291,3465488.60759494,0,10468812.6582278,6706705.22540529,95207.6134985356,131197.853290886,226405.466789422,10267704.2009666,4685699.83788585,13710029.2760382,3264380.15033373,16974409.4263719,-5582004.36308078,11392405.0632911,0,0,1424.05063291139,1424.05063291139,0,11392405.0632911,0,0,0,0,0,0,10.6329113924051,10.6329113924051,0,0,0,0,0,0,301.26582278481,7.59493670886076,293.670886075949,232.911392405063,182.278481012658,50.6329113924051,193.670886075949,0,727.848101265823,0,3.79746835443038,0,0,0,0,0,217.721518987342,0,44.3037974683544,162.025316455696,0,0,0,0,0,0,194.936708860759,0,0,102.53164556962,0,0,0,0,2.53164556962025,0,0,0,0,0,0,0,0,0,0,0,0,0,0,16.0810810810811
4,0,0,0,0,0,23000,132000,0,0,0,0,37,1,400210,6,0.24,0,0.24,0,0,0.24,0,0.24,0,0,0,0,0,0,0,0.2,0,0.2,0,0,0.2,0,0.2,0,0,0,0,0,0,0,15,2,600,775000,115000,660000,0,0,0,0,0,115000,660000,0,0,0,0,2780500,892750,0,0,0,0,0,240000,2007573.33333333,64842.1052631579,2072415.43859649,1000000,1520000,0,1520000,15811420,0,0,15811420,8160875.43859649,289843.505906168,222250.2472555,512093.753161668,17843513.7531617,23904999.5614035,23972295.4385965,2032093.75316167,26004389.1917582,6061485.80824184,32065875,0,525,3525,3525,0,32065875,0,0,0,0,0,0,10,10,4000,0,0,0,0,4000,785,600,185,0,0,0,230,0,1015,0,20,0,0,0,0,0,75,0,180,240,30,0,0,180,0,25,75,0,0,140,0,0,0,0,50,0,0,0,0,0,0,0,0,0,0,0,0,0,0,43.6315789473684
4,0,0,0,0,0,240000,0,0,0,0,0,99,3,408849,6,0.98,0.3,0.68,0,0,0.98,0.3,0.68,0,0,0,0,0,0,0,0.9,0.3,0.6,0,0,0.9,0.3,0.6,0,0,0,0,0,0,0,17.6666666666667,2,966.666666666667,266666.666666667,266666.666666667,0,0,0,0,0,0,266666.666666667,0,0,0,0,0,403333.333333333,457777.777777778,0,0,17777.7777777778,0,0,0,2084622.22222222,4111270.1754386,6195892.39766082,802996.296296296,3144444.44444444,0,3144444.44444444,13185607.7777778,1622503.33333333,0,14808111.1111111,10175796.582846,1036.61559421444,172964.070216667,174000.685810881,16504052.9080331,-2980352.13840156,23361404.3606238,3318445.13025533,26679849.4908791,-19484405.0464347,7195444.44444444,511.111111111111,0,166.666666666667,360.888888888889,5111111.11111111,2084333.33333333,0,0,0,0,0,0,12,12,0,0,0,0,0,0,666.666666666667,643.333333333333,23.3333333333333,113.333333333333,85.5555555555556,27.7777777777778,151.111111111111,0,931.111111111111,0,1.11111111111111,0,0,0,0,0,121.111111111111,0,51.1111111111111,77.7777777777778,0,0,0,284.444444444444,0,0,62.2222222222222,0,0,333.333333333333,0,0,0,0,0,0,0,0,0,0,0,0,0,0,0,0,0,0,0,14
4,0,0,0,0,0,252300,0,0,0,0,0,37,2,400210,6,0.38,0,0.38,0,0,0.38,0,0.38,0,0,0,0,0,0,0,0.38,0,0.38,0,0,0.38,0,0.38,0,0,0,0,0,0,0,22,2,736.842105263158,663947.368421053,663947.368421053,0,0,0,0,0,0,663947.368421053,0,0,0,0,0,1429210.52631579,482105.263157895,0,0,0,0,0,52631.5789473684,540105.263157895,51169.5906432749,591274.85380117,41824.5614035088,3000000,0,3000000,35192026.3157895,0,0,35192026.3157895,3661204.15204678,70017.607431462,410030.347080263,480047.954511725,38672074.2703012,6498374.79532164,38853230.4678363,3480047.95451173,42333278.422348,-32173699.4749796,10159578.9473684,0,0,1657.89473684211,1657.89473684211,0,10159578.9473684,0,0,0,0,0,0,75.7894736842105,75.7894736842105,0,0,0,0,0,0,2484.21052631579,1236.84210526316,1247.36842105263,0,0,0,68.421052631579,0,2552.63157894737,0,10.5263157894737,0,0,0,0,0,52.6315789473684,0,0,168.421052631579,0,0,0,673.684210526316,0,0,1094.73684210526,0,0,547.368421052632,0,0,0,0,5.26315789473684,0,0,0,0,0,0,0,0,0,0,0,0,0,0,34.8888888888889
4,0,0,0,0,0,30000,420000,0,0,0,0,33,2,418695,6,0.33,0,0.33,0,0,0.33,0,0.33,0,0,0,0,0,0,0,0.33,0,0.33,0,0,0.33,0,0.33,0,0,0,0,0,0,0,18.3333333333333,1,757.575757575758,1363636.36363636,90909.0909090909,1272727.27272727,0,0,0,0,0,90909.0909090909,1272727.27272727,0,0,0,0,742424.242424242,293939.393939394,0,0,0,0,0,636363.636363636,377272.727272727,0,377272.727272727,864545.454545454,3030303.03030303,0,3030303.03030303,4020360.60606061,947878.787878788,0,4968239.39393939,5644755.60606061,36054.7284121212,86783.1044434848,122837.832855606,7173501.46921924,-4190210.15151515,9665116.21212121,3153140.86315864,12818257.0752798,-11363711.6207344,1454545.45454545,0,303.030303030303,303.030303030303,303.030303030303,0,1454545.45454545,0,0,0,0,0,0,3.03030303030303,3.03030303030303,6060.60606060606,0,0,0,0,6060.60606060606,151.515151515152,100,51.5151515151515,60.6060606060606,60.6060606060606,0,106.060606060606,0,318.181818181818,0,6.06060606060606,0,3.03030303030303,0,0,0,54.5454545454545,0,0,24.2424242424242,51.5151515151515,0,0,36.3636363636364,0,0,72.7272727272727,0,0,69.6969696969697,0,0,0,0,0,0,0,0,0,0,0,0,0,0,0,0,0,0,0,27
4,0,0,0,0,0,354000,0,0,450000,0,0,37,3,400210,6,0.66,0.58,0.08,0,0,0.66,0.58,0.08,0,0,0,0,0,0,0,0.66,0.58,0.08,0,0,0.66,0.58,0.08,0,0,0,0,0,0,0,34.6666666666667,2,621.212121212121,1218181.81818182,536363.636363636,681818.181818182,0,0,0,0,0,536363.636363636,0,0,681818.181818182,0,0,997272.727272727,2102727.27272727,0,0,0,0,0,106212.121212121,405432.575757576,100478.468899522,505911.044657097,235555.555555556,2030303.03030303,0,2030303.03030303,14729665.1515152,2190581.81818182,0,16920246.969697,7756652.35778841,112275.819240076,231411.126112045,343686.945352121,17103655.1271703,12605893.096757,22486317.5093036,2373989.97565515,24860307.4849587,-4497762.03041326,20362545.4545455,0,1022.72727272727,3090.90909090909,3090.90909090909,0,20362545.4545455,0,0,0,0,0,0,15.4545454545455,15.4545454545455,0,0,5454.54545454545,0,0,5454.54545454545,709.090909090909,437.878787878788,271.212121212121,139.393939393939,60.6060606060606,78.7878787878788,259.090909090909,0,1107.57575757576,0,9.09090909090909,0,0,0,0,0,209.090909090909,0,54.5454545454546,303.030303030303,42.4242424242424,0,0,169.69696969697,0,24.2424242424242,181.818181818182,0,0,110.606060606061,0,0,0,0,3.03030303030303,0,0,0,0,0,0,0,0,0,0,0,0,0,0,16.0810810810811
4,0,0,0,0,0,41000,0,0,600000,0,0,37,3,400210,6,0.53,0.33,0.2,0,0,0.53,0.33,0.2,0,0,0,0,0,0,0,0.53,0.33,0.2,0,0,0.53,0.33,0.2,0,0,0,0,0,0,0,12.5,2,603.77358490566,1209433.96226415,77358.4905660377,1132075.47169811,0,0,0,0,0,77358.4905660377,0,0,1132075.47169811,0,0,512264.150943396,302830.188679245,0,0,0,0,0,47169.8113207547,747679.245283019,0,747679.245283019,317308.176100629,3018867.9245283,0,3018867.9245283,33500552.8301887,0,0,33500552.8301887,3536895.53459119,42507.5799316667,385661.894440472,428169.474372138,36947590.2290891,62425.220125786,37037448.3647799,3447037.39890044,40484485.7636803,-36885165.0089633,3599320.75471698,0,254.716981132075,679.245283018868,679.245283018868,0,3599320.75471698,0,0,0,0,0,0,3.9622641509434,3.9622641509434,0,0,7547.16981132075,0,0,7547.16981132075,2420.75471698113,1232.07547169811,1188.67924528302,0,0,0,18.8679245283019,0,2439.62264150943,0,9.43396226415094,0,0,0,0,0,37.7358490566038,0,0,75.4716981132075,30.188679245283,0,0,603.77358490566,0,18.8679245283019,754.716981132075,0,0,905.660377358491,0,0,0,0,3.77358490566038,0,0,0,0,0,0,0,0,0,0,0,0,0,0,16.0810810810811
4,0,0,0,0,0,5000,21000,0,0,0,0,99,1,408849,6,0.4,0,0.4,0,0,0.4,0,0.4,0,0,0,0,0,0,0,0.1,0,0.1,0,0,0.1,0,0.1,0,0,0,0,0,0,0,10,2,100,260000,50000,210000,0,0,0,0,0,50000,210000,0,0,0,0,105000,50000,0,0,0,0,0,0,887000,57600,944600,0,1000000,0,1000000,2236430,0,0,2236430,1768449,149373.651704,28745.8760595,178119.5277635,3414549.5277635,631551,4004879,1178119.5277635,5182998.5277635,-2782998.5277635,2400000,0,100,300,300,0,2400000,0,0,0,0,0,0,2,2,1200,0,0,0,0,1200,160,0,160,0,0,0,20,0,180,0,20,0,0,0,0,0,30,0,0,80,30,0,0,0,0,0,0,0,0,20,0,0,0,0,0,0,0,0,0,0,0,0,0,0,0,0,0,0,0,29.9444444444444
4,0,0,0,0,0,62600,0,0,0,0,352000,33,4,418695,6,1.06,0.9,0.16,0,0,1.06,0.9,0.16,0,0,0,0,0,0,0,1.06,0.9,0.16,0,0,1.06,0.9,0.16,0,0,0,0,0,0,0,16,2,283.018867924528,391132.075471698,59056.6037735849,332075.471698113,0,0,0,0,0,59056.6037735849,0,0,0,0,332075.471698113,333301.886792453,78490.5660377358,0,0,0,0,0,37735.8490566038,106452.830188679,2069.43396226415,108522.264150943,0,1509433.96226415,0,1509433.96226415,3997330.18867925,0,0,3997330.18867925,1367877.64150943,8796.99254258491,52451.800420283,61248.7929628679,5568012.94390627,2405707.26415094,5365207.83018868,1570682.75522702,6935890.5854157,-3162305.67975532,3773584.90566038,0,0,471.698113207547,471.698113207547,0,3773584.90566038,0,0,0,0,0,0,19.811320754717,19.811320754717,0,0,0,0,754.716981132075,754.716981132075,231.132075471698,231.132075471698,0,0,0,0,18.8679245283019,0,250,0,2.83018867924528,0,0,0,0,0,18.8679245283019,0,8.49056603773585,52.8301886792453,11.3207547169811,0,0,107.547169811321,0,0,48.1132075471698,0,0,0,0,0,0,0,0,0,0,0,0,0,0,0,0,0,0,0,0,0,0,10.25
4,0,0,0,0,0,72000,800000,0,0,0,0,37,3,400210,6,0.83,0,0.83,0,0,0.83,0,0.83,0,0,0,0,0,0,0,0.83,0,0.83,0,0,0.83,0,0.83,0,0,0,0,0,0,0,31,2,783.132530120482,1050602.40963855,86746.9879518072,963855.421686747,0,0,0,0,0,86746.9879518072,963855.421686747,0,0,0,0,545301.204819277,765734.939759036,0,0,0,0,0,36144.578313253,2875373.4939759,118072.289156627,2993445.78313253,0,1325301.20481928,0,1325301.20481928,10616127.7108434,4738934.93975904,222891.56626506,15577954.2168675,10599163.456297,95244.9315201606,194886.652834096,290131.584354257,12385662.4654066,3569511.24249813,21369393.1325301,1615432.78917353,22984825.9217036,-8816151.22290847,14168674.6987952,0,542.168674698795,1987.95180722892,1987.95180722892,0,14168674.6987952,0,0,0,0,0,0,3.01204819277108,3.01204819277108,2409.63855421687,0,0,0,0,2409.63855421687,619.277108433735,325.301204819277,293.975903614458,313.253012048193,197.590361445783,115.66265060241,104.819277108434,0,1037.34939759036,0,2.40963855421687,0,1.20481927710843,0,0,0,34.9397590361446,0,202.409638554217,308.433734939759,13.2530120481928,0,0,240.963855421687,0,0,159.036144578313,0,0,74.6987951807229,0,0,0,0,0,0,0,0,0,0,0,0,0,0,0,0,0,0,0,16.0810810810811
4,0,0,0,0,0,77000,360000,0,0,0,0,37,1,400210,6,0.28,0,0.28,0,0,0.28,0,0.28,0,0,0,0,0,0,0,0.2,0,0.2,0,0,0.2,0,0.2,0,0,0,0,0,0,0,10,2,575,2185000,385000,1800000,0,0,0,0,0,385000,1800000,0,0,0,0,1218500,678500,0,0,0,0,0,25000,2901010,58947.3684210526,2959957.36842105,1016000,3000000,0,3000000,39790675,0,0,39790675,8483167.36842105,184326.596639471,475923.22816375,660249.824803221,43450924.8248032,5895082.63157895,48273842.3684211,3660249.82480322,51934092.1932243,-37555842.1932243,14378250,0,150,2400,2400,0,14378250,0,0,0,0,0,0,14,14,8000,0,0,0,0,8000,2470,2450,20,0,0,0,45,0,2515,0,15,0,0,0,0,0,90,0,0,160,80,0,0,640,0,0,720,0,0,800,0,0,0,0,10,0,0,0,0,0,0,0,0,0,0,0,0,0,0,43.6315789473684
4,0,0,0,0,0,92000,84000,0,0,0,0,37,1,400210,6,0.13,0.13,0,0,0,0.13,0.13,0,0,0,0,0,0,0,0,0.13,0.13,0,0,0,0.13,0.13,0,0,0,0,0,0,0,0,19,2,323.076923076923,1353846.15384615,707692.307692308,646153.846153846,0,0,0,0,0,707692.307692308,646153.846153846,0,0,0,0,1593076.92307692,2275384.61538462,0,0,0,0,0,70769.2307692308,825251.282051282,255060.728744939,1080312.01079622,0,5384615.38461538,0,5384615.38461538,29320961.5384615,2141046.15384615,0,31462007.6923077,8914645.0877193,231745.824473803,398485.763120385,630231.587594188,35335808.5106711,26933624.1430499,38235606.6261808,6014846.97220957,44250453.5983904,-8402184.36762118,35848269.2307692,0,346.153846153846,4961.53846153846,4961.53846153846,0,35848269.2307692,0,0,0,0,0,0,30,30,3846.15384615385,0,0,0,0,3846.15384615385,1869.23076923077,1476.92307692308,392.307692307692,153.846153846154,61.5384615384615,92.3076923076923,69.2307692307692,0,2092.30769230769,0,15.3846153846154,0,0,0,0,0,100,0,184.615384615385,738.461538461538,46.1538461538462,0,0,307.692307692308,0,0,553.846153846154,0,0,130.769230769231,0,0,0,0,15.3846153846154,0,0,0,0,0,0,0,0,0,0,0,0,0,0,43.6315789473684
4,0,0,0,0,35000,0,0,0,0,0,0,99,4,408849,6,2.05,0.99,1.06,0,0,2.05,0.99,1.06,0,0,0,0,0,0,0,2.05,0.99,1.06,0,0,2.05,0.99,1.06,0,0,0,0,0,0,0,13.3333333333333,2,731.707317073171,17073.1707317073,17073.1707317073,0,0,0,0,0,17073.1707317073,0,0,0,0,0,0,201219.512195122,52634.1463414634,0,0,10731.7073170732,0,0,82926.8292682927,406009.756097561,26803.594351733,432813.350449294,492585.365853659,2526829.26829268,0,2526829.26829268,3321478.04878049,53900,6341.46341463415,3381719.51219512,1752834.34633298,68064.1802435387,40616.1262810976,108680.306524636,5963227.82283607,-1074754.34633298,5080552.59435173,2635509.57481732,7716062.16916905,-7037982.16916905,678080,79.5121951219512,0,0,30.2146341463415,678080,0,0,0,0,0,0,97.5609756097561,0,97.5609756097561,0,0,0,0,0,0,142.926829268293,142.926829268293,0,3.41463414634146,3.41463414634146,0,60.9756097560976,0,207.317073170732,0,0,0,6.82926829268293,0,0,2.4390243902439,12.6829268292683,4.87804878048781,0,7.80487804878049,2.4390243902439,0,0,80,0,0,41.4634146341463,0,0,48.780487804878,0,0,0,0,0,0,0,0,0,0,0,0,0,0,0,0,0,0,0,14
4,0,0,0,0,72000,139952.8,0,0,0,1504000,0,99,3,408849,6,0.67,0.5,0,0.17,0,0,0,0,0,0,0.67,0.5,0,0.17,0,0.67,0.5,0,0.17,0,0,0,0,0,0,0.67,0.5,0,0.17,0,11.3333333333333,1,1052.23880597015,2561123.58208955,316347.462686567,2244776.11940299,0,0,0,0,107462.686567164,208884.776119403,0,0,0,2244776.11940299,0,1155820.89552239,247164.179104478,0,0,19402.9850746269,895522.388059701,0,0,820199.004975124,9671.64179104478,829870.646766169,0,0,8955223.88059701,8955223.88059701,8731846.26865672,3695701.49253731,132835.820895522,12560383.5820896,18808181.7377296,55988.5675948259,189072.061952493,245060.629547318,9070240.03112125,-8457136.96161015,18678137.2587065,9200284.51014433,27878421.7688508,-17527376.9927314,10351044.7761194,970.149253731343,895.522388059701,895.522388059701,1264.17910447761,7761194.02985075,2589850.74626866,0,0,0,0,0,238.805970149254,8.65671641791045,247.462686567164,0,0,0,9552.23880597015,0,9552.23880597015,398.507462686567,300,98.5074626865672,202.985074626866,143.283582089552,59.7014925373134,158.208955223881,47.7611940298507,807.462686567164,0,2.98507462686567,0,0,0,0,35.8208955223881,94.0298507462687,0,4.47761194029851,289.55223880597,86.5671641791045,0,0,92.5373134328358,0,0,104.477611940299,0,0,97.0149253731343,0,0,0,0,0,0,0,0,0,0,0,0,0,0,0,0,0,0,0,14
4,0,0,0,100000,0,0,0,0,0,0,500000,38,3,375719,6,0.66,0.09,0.57,0,0,0.66,0.09,0.57,0,0,0,0,0,0,0,0.66,0.09,0.57,0,0,0.66,0.09,0.57,0,0,0,0,0,0,0,24.25,2,560.606060606061,909090.909090909,151515.151515152,757575.757575758,0,0,0,151515.151515152,0,0,0,0,0,0,757575.757575758,985606.060606061,922727.272727273,0,0,0,0,0,0,159085.858585859,19342.3597678917,178428.21835375,0,863636.363636364,0,863636.363636364,11875500,3281115.15151515,0,15156615.1515152,6652686.61229314,22053.672246917,194868.244195303,216921.91644222,12956058.2800786,3383677.02407049,18528186.6122931,1080558.28007858,19608744.8923717,-9572381.25600809,10036363.6363636,0,68.1818181818182,1431.81818181818,1431.81818181818,0,10036363.6363636,0,0,0,0,303.030303030303,0,0,303.030303030303,0,0,0,0,1515.15151515152,1515.15151515152,709.090909090909,306.060606060606,403.030303030303,266.666666666667,72.7272727272727,193.939393939394,128.787878787879,0,1104.54545454545,0,9.09090909090909,0,0,0,0,0,95.4545454545455,0,136.363636363636,333.333333333333,30.3030303030303,0,0,136.363636363636,0,60.6060606060606,136.363636363636,0,0,96.969696969697,0,0,0,69.6969696969697,0,0,0,0,0,0,0,0,0,0,0,0,0,0,0,9.66666666666667
4,0,0,0,100000,0,210100,1273000,0,0,0,0,99,3,408849,6,0.91,0,0.91,0,0,0.91,0,0.91,0,0,0,0,0,0,0,0.91,0,0.91,0,0,0.91,0,0.91,0,0,0,0,0,0,0,16,2,769.230769230769,1739670.32967033,340769.230769231,1398901.0989011,0,0,0,109890.10989011,0,230879.120879121,1398901.0989011,0,0,0,0,1026373.62637363,189780.21978022,0,274725.274725275,307692.307692308,0,0,0,754637.362637363,7113142.85714286,7867780.21978022,668776.556776557,2802197.8021978,0,2802197.8021978,15412650.5494505,231024.175824176,0,15643674.7252747,12714671.7106227,191243.115944469,207963.624843516,399206.740787985,18614055.0924363,2371042.57509157,28127322.2600733,3201404.54298579,31328726.803059,-16243012.5173448,15085714.2857143,1516.48351648352,0,0,576.263736263736,15085714.2857143,0,0,0,0,0,175.824175824176,0,26.3736263736264,202.197802197802,7362.63736263736,0,0,0,0,7362.63736263736,830.769230769231,581.318681318681,249.450549450549,17.5824175824176,8.79120879120879,8.79120879120879,173.626373626374,0,1021.97802197802,0,0,0,1.0989010989011,0,0,0,153.846153846154,0,109.89010989011,208.791208791209,48.3516483516484,0,0,328.571428571429,0,0,61.5384615384615,0,0,109.89010989011,0,0,0,0,0,0,0,0,0,0,0,0,0,0,0,0,0,0,0,14
4,0,0,0,100000,0,442000,0,0,160000,0,0,37,2,400210,5,0.78,0,0.78,0,0,0.78,0,0.78,0,0,0,0,0,0,0,0.39,0,0.39,0,0,0.39,0,0.39,0,0,0,0,0,0,0,23,2,571.794871794872,1800000,1389743.58974359,410256.41025641,0,0,0,256410.256410256,0,1133333.33333333,0,0,410256.41025641,0,0,2907692.30769231,1080564.1025641,0,0,264102.564102564,0,0,176923.076923077,3142393.16239316,226558.704453441,3368951.8668466,215606.837606838,1435897.43589744,0,1435897.43589744,28393651.2820513,0,0,28393651.2820513,10214050.7557355,359334.78436471,375369.725173333,734704.509538043,30564253.2274868,37754462.0647773,38607702.0377868,2170601.94543548,40778303.9832223,7190208.83729056,47968512.8205128,3025.64102564103,307.692307692308,4730.76923076923,5880.51282051282,13312820.5128205,34655692.3076923,0,0,0,0,512.820512820513,0,24.6153846153846,537.435897435897,0,0,20512.8205128205,0,0,20512.8205128205,1882.05128205128,1035.89743589744,846.153846153846,0,0,0,112.820512820513,0,1994.87179487179,0,35.8974358974359,0,0,0,0,0,64.1025641025641,0,230.769230769231,553.846153846154,156.410256410256,0,0,51.2820512820513,0,302.564102564103,358.974358974359,0,0,189.74358974359,0,0,0,0,51.2820512820513,0,0,0,0,0,0,0,0,0,0,0,0,0,0,34.8888888888889
4,0,0,0,104000,0,79000,556000,0,0,0,0,37,3,400210,6,0.64,0,0.64,0,0,0.64,0,0.64,0,0,0,0,0,0,0,0.64,0,0.64,0,0,0.64,0,0.64,0,0,0,0,0,0,0,22.3333333333333,1,531.25,1154687.5,285937.5,868750,0,0,0,162500,0,123437.5,868750,0,0,0,0,746250,1985062.5,0,0,0,0,0,125000,3586718.75,115131.578947368,3701850.32894737,0,3000000,0,3000000,16680309.375,4062500,578125,21320934.375,12288786.6894678,-9296.32852234103,274639.966316719,265343.637794378,20410551.652274,20217853.9355322,29433994.7039474,3265343.63779438,32699338.3417417,-192697.716741748,32506640.625,0,1640.625,5156.25,5156.25,0,32506640.625,0,0,0,0,406.25,0,3.4375,409.6875,3343.75,0,0,0,0,3343.75,800,693.75,106.25,362.5,250,112.5,240.625,0,1403.125,0,4.6875,0,3.125,0,0,0,50,0,312.5,518.75,56.25,0,0,137.5,0,0,126.5625,0,0,190.625,0,0,0,0,3.125,0,0,0,0,0,0,0,0,0,0,0,0,0,0,16.0810810810811
4,0,0,0,10500,0,0,1900,0,0,0,5000,99,1,408849,6,0.34,0,0.1,0.24,0,0.34,0,0.1,0.24,0,0,0,0,0,0,0.22,0,0.1,0.12,0,0.22,0,0.1,0.12,0,0,0,0,0,0,10,2,781.818181818182,79090.9090909091,47727.2727272727,31363.6363636364,0,0,0,47727.2727272727,0,0,8636.36363636364,0,0,0,22727.2727272727,711363.636363636,179545.454545455,0,0,0,0,0,0,607545.454545455,65454.5454545455,673000,0,4045454.54545455,0,4045454.54545455,7693795.45454545,0,0,7693795.45454545,2051849,97368.7600895455,93929.8379897727,191298.598079318,11930548.5980793,11591060.0909091,9745644.45454545,4236753.14353386,13982397.5980793,-339488.507170225,13642909.0909091,0,0,1090.90909090909,1090.90909090909,0,13642909.0909091,0,0,0,0,90.9090909090909,0,0,90.9090909090909,45.4545454545455,0,0,0,45.4545454545455,90.9090909090909,450,450,0,0,0,0,27.2727272727273,0,477.272727272727,0,4.54545454545455,0,0,0,0,0,136.363636363636,0,27.2727272727273,109.090909090909,63.6363636363636,0,0,36.3636363636364,0,0,0,0,0,81.8181818181818,0,0,0,0,18.1818181818182,0,0,0,0,0,0,0,0,0,0,0,0,0,0,29.9444444444444
4,0,0,0,108000,0,336950,0,0,1600000,0,440000,33,4,418695,6,1.32,0,1.32,0,0,0,0,0,0,0,1.32,0,1.32,0,0,1.32,0,1.32,0,0,0,0,0,0,0,1.32,0,1.32,0,0,17,1,1363.63636363636,1882537.87878788,337083.333333333,1545454.54545455,0,0,0,81818.1818181818,0,255265.151515151,0,0,1212121.21212121,0,333333.333333333,791590.909090909,412878.787878788,0,0,0,0,0,2196969.6969697,405404.04040404,323427.272727273,728831.313131313,289191.919191919,0,3303030.3030303,3303030.3030303,9497820.45454545,10369969.6969697,0,19867790.1515151,20393695.5050505,20964.2686306061,272686.659295038,293650.927925644,9791471.3824711,5060849.94949495,26588485.6565657,3596681.23095595,30185166.8875216,-4730621.43297615,25454545.4545455,2727.27272727273,0,0,1036.36363636364,25454545.4545455,0,0,0,0,0,151.515151515152,0,6.81818181818182,158.333333333333,0,0,56818.1818181818,0,757.575757575758,57575.7575757576,496.969696969697,388.636363636364,108.333333333333,424.242424242424,90.9090909090909,333.333333333333,109.090909090909,0,1030.30303030303,0,3.03030303030303,0,18.1818181818182,0,0,0,25.7575757575758,0,216.666666666667,424.242424242424,148.484848484848,0,0,57.5757575757576,0,0,121.212121212121,0,0,15.1515151515152,0,0,0,0,0,0,0,0,0,0,0,0,0,0,0,0,0,0,0,10.25
4,0,0,0,11000,0,81500,0,0,0,0,0,37,1,400210,6,0.1,0.1,0,0,0,0.1,0.1,0,0,0,0,0,0,0,0,0.1,0.1,0,0,0,0.1,0.1,0,0,0,0,0,0,0,0,45,2,400,925000,925000,0,0,0,0,110000,0,815000,0,0,0,0,0,2027000,363500,0,0,0,0,0,69000,1010390,88421.0526315789,1098811.05263158,0,11000000,0,11000000,15797570,0,0,15797570,4883521.05263158,181017.505944018,207965.2892155,388982.795159518,27186552.7951595,22390428.9473684,20681091.0526316,11388982.7951595,32070073.8477911,-4796123.8477911,27273950,0,850,4300,4300,0,27273950,0,0,0,0,200,0,28,228,0,0,0,0,0,0,950,730,220,0,0,0,90,0,1040,0,20,0,0,0,0,0,100,0,100,320,10,0,0,0,0,0,0,0,0,480,0,0,0,0,10,0,0,0,0,0,0,0,0,0,0,0,0,0,0,43.6315789473684
4,0,0,0,110000,0,185000,288000,0,0,0,0,37,2,400210,6,0.44,0.44,0,0,0,0.44,0.44,0,0,0,0,0,0,0,0,0.44,0.44,0,0,0,0.44,0.44,0,0,0,0,0,0,0,0,24,2,1045.45454545455,1325000,670454.545454545,654545.454545455,0,0,0,250000,0,420454.545454545,654545.454545455,0,0,0,0,1043181.81818182,500909.090909091,0,0,0,0,0,111590.909090909,343173.03030303,41961.7224880383,385134.752791069,111772.727272727,3068181.81818182,0,3068181.81818182,16577454.5454545,944318.181818182,90909.0909090909,17612681.8181818,4827016.93337678,56308.7211789194,223266.040868182,279574.762047101,20011220.7632796,12616346.7029869,21490481.1164274,3347756.58022892,24838237.6966564,-7394874.06029271,17443363.6363636,0,238.636363636364,2625,2625,0,17443363.6363636,0,0,0,0,454.545454545455,0,26.3636363636364,480.909090909091,3636.36363636364,0,0,0,0,3636.36363636364,856.818181818182,411.363636363636,445.454545454545,81.8181818181818,27.2727272727273,54.5454545454545,279.545454545455,0,1218.18181818182,0,9.09090909090909,0,0,0,0,0,309.090909090909,0,45.4545454545455,190.909090909091,54.5454545454545,0,0,218.181818181818,0,6.81818181818182,254.545454545455,0,0,125,0,0,0,0,4.54545454545455,0,0,0,0,0,0,0,0,0,0,0,0,0,0,34.8888888888889
4,0,0,0,110500,0,10000,37500,0,0,0,80000,37,1,400210,6,0.36,0,0.36,0,0,0.36,0,0.36,0,0,0,0,0,0,0,0.1,0,0.1,0,0,0.1,0,0.1,0,0,0,0,0,0,0,24,2,600,2380000,1205000,1175000,0,0,0,1105000,0,100000,375000,0,0,0,800000,3260000,491300,0,900000,9300000,0,0,0,9207240,210000,9417240,1868533.33333333,3000000,0,3000000,27281450,8275200,0,35556650,36292483.3333333,1021060.19319873,562550.9931175,1583611.18631623,31865061.1863162,18061116.6666667,63573933.3333333,4583611.18631623,68157544.5196496,-13803944.5196496,54353600,5000,230,6030,7930,18400000,35953600,0,0,0,0,1700,0,5,1705,2000,0,0,0,1600,3600,1650,1350,300,640,440,200,120,0,2410,0,20,0,0,0,0,0,90,0,240,900,120,0,0,680,0,0,250,0,0,110,0,0,0,0,0,0,0,0,0,0,0,0,0,0,0,0,0,0,0,43.6315789473684
4,0,0,0,113000,0,0,0,0,0,0,344000,37,1,400210,6,0.27,0,0.27,0,0,0.19,0,0.19,0,0,0.08,0,0.08,0,0,0.27,0,0.27,0,0,0.19,0,0.19,0,0,0.08,0,0.08,0,0,25,2,707.407407407407,1692592.59259259,418518.518518518,1274074.07407407,0,0,0,418518.518518518,0,0,0,0,0,0,1274074.07407407,1657407.40740741,1680962.96296296,0,0,203703.703703704,111111.111111111,0,222222.222222222,8144622.22222222,1331358.02469136,9475980.24691358,249155.555555556,2118518.51851852,914814.814814815,3033333.33333333,28039359.2592593,3177955.55555556,0,31217314.8148148,19786116.1728395,244221.256538519,398813.508362037,643034.764900555,30800912.5426783,26869439.382716,46910660.6172839,3676368.09823389,50587028.7155178,-3931473.15996227,46655555.5555556,0,0,6296.2962962963,6296.2962962963,0,46655555.5555556,0,0,0,0,896.296296296296,0,0,896.296296296296,0,0,0,0,2962.96296296296,2962.96296296296,1740.74074074074,1325.92592592593,414.814814814815,207.407407407407,148.148148148148,59.2592592592593,103.703703703704,7.40740740740741,2059.25925925926,0,33.3333333333333,0,0,0,0,0,51.8518518518518,0,770.37037037037,355.555555555556,14.8148148148148,0,0,329.62962962963,0,44.4444444444444,377.777777777778,0,0,81.4814814814815,0,0,0,0,0,0,0,0,0,0,0,0,0,0,0,0,0,0,0,43.6315789473684
4,0,0,0,120000,0,0,0,0,0,0,200000,38,3,375719,6,0.5,0,0.5,0,0,0.2,0,0.2,0,0,0.3,0,0.3,0,0,0.5,0,0.5,0,0,0.2,0,0.2,0,0,0.3,0,0.3,0,0,36,1,754,640000,240000,400000,0,0,0,240000,0,0,0,0,0,0,400000,858000,692000,0,0,0,0,0,0,621170.133333333,66002.3391812865,687172.47251462,0,200000,240000,440000,7204382,573060,0,7777442,4065951.47251462,97197.4868719963,108063.5175593,205261.004431296,7609643.0044313,-34671.47251462,11030333.4725146,645261.004431296,11675594.4769459,-7644314.47694592,4031280,0,180,630,630,0,4031280,0,0,0,0,400,0,0,400,0,0,0,0,800,800,356,356,0,40,20,20,92,0,488,0,8,0,0,0,0,0,72,0,60,40,12,0,0,0,0,80,98,0,0,78,0,0,0,40,0,0,0,0,0,0,0,0,0,0,0,0,0,0,0,9.66666666666667
4,0,0,0,120000,0,88000,160000,0,0,0,0,37,1,400210,5,0.27,0.27,0,0,0,0.27,0.27,0,0,0,0,0,0,0,0,0.27,0.27,0,0,0,0.27,0.27,0,0,0,0,0,0,0,0,24,2,555.555555555556,1362962.96296296,770370.37037037,592592.592592593,0,0,0,444444.444444444,0,325925.925925926,592592.592592593,0,0,0,0,1401111.11111111,2043555.55555556,0,0,0,0,0,148148.148148148,7281209.87654321,320280.701754386,7601490.5782976,0,3000000,0,3000000,34181177.7777778,9074074.07407407,1185185.18518519,44440437.037037,22280180.2314324,205673.26063844,535536.472347037,741209.732985478,38858944.8946655,97128708.6574565,57397915.3931124,3741209.73298548,61139125.1260979,58269763.762791,119408888.888889,8888.88888888889,555.555555555556,8888.88888888889,12266.6666666667,49777777.7777778,69631111.1111111,0,0,0,0,1111.11111111111,0,17.4074074074074,1128.51851851852,1481.48148148148,0,0,0,0,1481.48148148148,1922.22222222222,1033.33333333333,888.888888888889,622.222222222222,207.407407407407,414.814814814815,377.777777777778,0,2922.22222222222,0,11.1111111111111,0,7.40740740740741,0,0,0,107.407407407407,0,651.851851851852,1155.55555555556,44.4444444444444,0,0,429.62962962963,0,0,248.148148148148,0,0,266.666666666667,0,0,0,0,0,0,0,0,0,0,0,0,0,0,0,0,0,0,0,43.6315789473684
4,0,0,0,130000,0,0,0,0,0,0,0,37,1,400210,6,0.16,0.16,0,0,0,0.16,0.16,0,0,0,0,0,0,0,0,0.1,0.1,0,0,0,0.1,0.1,0,0,0,0,0,0,0,0,22,2,500,1300000,1300000,0,0,0,0,1300000,0,0,0,0,0,0,0,4270500,1363000,720000,0,3076000,0,0,0,1505000,945777.777777778,2450777.77777778,710133.333333333,3000000,0,3000000,17028240,4866300,0,21894540,19156921.1111111,974291.550887889,353698.423266,1327989.97415389,21356229.9741539,16476758.8888889,36185161.1111111,4327989.97415389,40513151.085265,-4879471.085265,35633680,4990,0,2400,4296.2,19121680,16512000,0,0,0,0,2000,0,0,2000,0,0,0,0,0,0,910,910,0,300,300,0,140,0,1350,0,20,0,0,0,0,0,110,0,40,500,30,0,0,150,0,0,380,0,0,120,0,0,0,0,0,0,0,0,0,0,0,0,0,0,0,0,0,0,0,43.6315789473684
4,0,0,0,135000,0,0,1026000,0,0,0,0,99,3,408849,6,0.78,0,0.78,0,0,0.78,0,0.78,0,0,0,0,0,0,0,0.68,0,0.68,0,0,0.68,0,0.68,0,0,0,0,0,0,0,24.6666666666667,2,1323.52941176471,1707352.94117647,198529.411764706,1508823.52941176,0,0,0,198529.411764706,0,0,1508823.52941176,0,0,0,0,479411.764705882,229411.764705882,0,0,0,0,0,0,342941.176470588,78761.6099071207,421702.786377709,0,3029411.76470588,0,3029411.76470588,7626500,252820.588235294,0,7879320.58823529,3499548.84520124,63172.3813176471,111620.175687794,174792.557005441,10830704.3217113,693639.390092879,11126048.8452012,3204204.32171132,14330253.1669126,-10137064.9316184,4193188.23529412,0,0,335.294117647059,335.294117647059,0,4193188.23529412,0,0,0,0,382.352941176471,0,0,382.352941176471,7941.17647058824,0,0,0,0,7941.17647058824,494.117647058823,400,94.1176470588235,17.6470588235294,8.8235294117647,8.8235294117647,11.7647058823529,0,523.529411764706,0,2.94117647058824,0,0,0,0,0,25,0,2.94117647058824,52.9411764705882,95.5882352941176,0,0,94.1176470588235,0,94.1176470588235,0,0,0,155.882352941176,0,0,0,0,0,0,0,0,0,0,0,0,0,0,0,0,0,0,0,14
4,0,0,0,156000,0,18000,0,0,0,0,600000,33,2,418695,5,0.59,0,0.33,0.26,0,0.33,0,0.33,0,0,0.26,0,0,0.26,0,0.36,0,0.33,0.03,0,0.33,0,0.33,0,0,0.03,0,0,0.03,0,30,2,1888.88888888889,2150000,483333.333333333,1666666.66666667,0,0,0,433333.333333333,0,50000,0,0,0,0,1666666.66666667,2401666.66666667,1526388.88888889,0,0,277777.777777778,0,0,5888888.88888889,1649537.03703704,10822222.2222222,12471759.2592593,0,1583333.33333333,250000,1833333.33333333,22393047.2222222,4506755.55555556,416666.666666667,27316469.4444444,29961739.7910317,-15713.8674328704,428908.593632917,413194.726200046,24736434.1944277,34482982.4311906,52451645.9259259,2246528.05953338,54698173.9854593,9746548.23676291,64444722.2222222,6388.88888888889,0,0,2427.77777777778,64444722.2222222,0,0,0,0,0,777.777777777778,0,4.16666666666667,781.944444444444,0,0,0,0,4166.66666666667,4166.66666666667,1325,961.111111111111,363.888888888889,300,300,0,152.777777777778,0,1777.77777777778,0,13.8888888888889,0,5.55555555555555,0,0,0,263.888888888889,0,150,361.111111111111,66.6666666666667,0,0,200,0,44.4444444444444,44.4444444444444,0,0,350,0,0,0,0,88.8888888888889,0,188.888888888889,0,0,0,0,0,0,0,0,0,0,0,0,27
4,0,0,0,180000,0,248000,400000,0,0,0,400000,37,2,400210,6,0.48,0,0.48,0,0,0.48,0,0.48,0,0,0,0,0,0,0,0.48,0,0.48,0,0,0.48,0,0.48,0,0,0,0,0,0,0,27,2,812.5,2558333.33333333,891666.666666667,1666666.66666667,0,0,0,375000,0,516666.666666667,833333.333333333,0,0,0,833333.333333333,1061458.33333333,741666.666666667,0,0,0,0,0,45312.5,261498.611111111,80592.1052631579,342090.716374269,0,1354166.66666667,0,1354166.66666667,19336966.6666667,280441.666666667,0,19617408.3333333,5429513.21637427,68873.636466383,260461.742062292,329335.378528675,21020468.711862,6145799.28362573,24766479.8830409,1683502.04519534,26449981.9282363,-14874669.4282363,11575312.5,0,187.5,1750,1750,0,11575312.5,0,0,0,0,666.666666666667,0,17.7083333333333,684.375,4166.66666666667,0,0,0,2083.33333333333,6250,1077.08333333333,587.5,489.583333333333,33.3333333333333,25,8.33333333333333,256.25,0,1366.66666666667,0,4.16666666666667,0,0,0,0,0,275,0,18.75,133.333333333333,147.916666666667,0,0,166.666666666667,0,0,500,0,0,118.75,0,0,0,0,2.08333333333333,0,0,0,0,0,0,0,0,0,0,0,0,0,0,34.8888888888889
4,0,0,0,182000,0,25000,0,0,0,0,800000,37,2,400210,5,0.63,0,0.63,0,0,0.3,0,0.3,0,0,0.33,0,0.33,0,0,0.48,0,0.48,0,0,0.15,0,0.15,0,0,0.33,0,0.33,0,0,33.5,2,572.916666666667,2097916.66666667,431250,1666666.66666667,0,0,0,379166.666666667,0,52083.3333333333,0,0,0,0,1666666.66666667,1692708.33333333,1592812.5,0,0,2083333.33333333,0,0,0,2292500,138157.894736842,2430657.89473684,52550,937500,2083333.33333333,3020833.33333333,19847585.4166667,6562500,0,26410085.4166667,18996022.0614035,171047.334019224,367281.018562812,538328.352582036,21323413.7692487,44069227.9385965,36760274.1447368,3559161.68591537,40319435.8306522,22745814.1693478,63065250,3412.5,468.75,6718.75,8015.5,14664000,48401250,0,0,0,0,583.333333333333,0,1.04166666666667,584.375,0,0,0,0,3333.33333333333,3333.33333333333,1235.41666666667,997.916666666667,237.5,450,250,200,68.75,0,1754.16666666667,0,12.5,0,0,0,0,0,31.25,0,100,825,37.5,0,0,368.75,0,0,291.666666666667,0,0,87.5,0,0,0,0,0,0,0,0,0,0,0,0,0,0,0,0,0,0,0,34.8888888888889
4,0,0,0,22000,0,0,0,0,228000,0,0,99,2,408849,6,0.33,0,0.33,0,0,0,0,0,0,0,0.33,0,0.33,0,0,0.33,0,0.33,0,0,0,0,0,0,0,0.33,0,0.33,0,0,19,2,545.454545454545,757575.757575758,66666.6666666667,690909.090909091,0,0,0,66666.6666666667,0,0,0,0,690909.090909091,0,0,939393.939393939,101818.181818182,0,0,3030.30303030303,0,0,1053484.84848485,562484.848484849,43636.3636363636,606121.212121212,0,0,806060.606060606,806060.606060606,5109715.15151515,1290000,0,6399715.15151515,5966333.84848485,32933.253109697,100339.667870909,133272.920980606,5242988.07249576,-3168879.3030303,10269988.3939394,939333.527041212,11209321.9209806,-8411867.37552606,2797454.54545455,363.636363636364,0,0,138.181818181818,2797454.54545455,0,0,0,0,0,121.212121212121,0,0,121.212121212121,0,0,3636.36363636364,0,0,3636.36363636364,233.333333333333,121.212121212121,112.121212121212,81.8181818181818,81.8181818181818,0,106.060606060606,0,421.212121212121,0,0,0,0,0,0,0,112.121212121212,0,0,36.3636363636364,36.3636363636364,0,0,115.151515151515,0,0,27.2727272727273,0,0,66.6666666666667,0,0,0,27.2727272727273,0,0,0,0,0,0,0,0,0,0,0,0,0,0,0,14.8333333333333
4,0,0,0,22000,0,89000,0,0,0,0,0,37,1,400210,5,0.13,0,0.13,0,0,0.13,0,0.13,0,0,0,0,0,0,0,0.13,0,0.13,0,0,0.13,0,0.13,0,0,0,0,0,0,0,36,2,769.230769230769,853846.153846154,853846.153846154,0,0,0,0,169230.769230769,0,684615.384615385,0,0,0,0,0,1643076.92307692,2230769.23076923,0,0,0,0,0,273076.923076923,450800,170040.48582996,620840.48582996,364384.615384615,3307692.30769231,0,3307692.30769231,24847484.6153846,1259415.38461538,0,26106900,7645619.71659919,201536.243876417,337258.462115769,538794.705992186,28693971.6290691,32513418.7449393,32493104.3319838,3846487.01368449,36339591.3456683,3819447.11587016,40159038.4615385,0,346.153846153846,5538.46153846154,5538.46153846154,0,40159038.4615385,0,0,0,0,307.692307692308,0,23.8461538461538,331.538461538461,0,0,0,0,0,0,1630.76923076923,1015.38461538462,615.384615384615,92.3076923076923,30.7692307692308,61.5384615384615,76.9230769230769,0,1800,0,23.0769230769231,0,0,0,0,0,84.6153846153846,0,192.307692307692,646.153846153846,15.3846153846154,0,0,369.230769230769,0,0,246.153846153846,0,0,207.692307692308,0,0,0,0,15.3846153846154,0,0,0,0,0,0,0,0,0,0,0,0,0,0,43.6315789473684
4,0,0,0,220000,0,294000,0,0,0,0,0,37,3,400210,6,0.66,0,0.66,0,0,0.66,0,0.66,0,0,0,0,0,0,0,0.66,0,0.66,0,0,0.66,0,0.66,0,0,0,0,0,0,0,24.5,2,681.818181818182,778787.878787879,778787.878787879,0,0,0,0,333333.333333333,0,445454.545454545,0,0,0,0,0,1002272.72727273,981742.424242424,0,0,0,0,0,72727.2727272727,346627.272727273,83732.0574162679,430359.330143541,191393.939393939,2166666.66666667,0,2166666.66666667,16507407.5757576,4293690.90909091,293939.393939394,21095037.8787879,8211858.43618569,96512.2088741419,259446.844528409,355959.053402551,19263298.7352392,8525414.29108704,24952531.4513557,2522625.72006922,27475157.1714249,-10737884.4441522,16737272.7272727,0,340.909090909091,2386.36363636364,2386.36363636364,0,16737272.7272727,0,0,0,0,606.060606060606,0,13.030303030303,619.090909090909,0,0,0,0,0,0,816.666666666667,533.333333333333,283.333333333333,290.909090909091,175.757575757576,115.151515151515,271.212121212121,0,1378.78787878788,0,10.6060606060606,0,0,0,0,0,142.424242424242,0,96.969696969697,290.909090909091,19.6969696969697,0,0,242.424242424242,0,0,424.242424242424,0,0,146.969696969697,0,0,0,0,4.54545454545454,0,0,0,0,0,0,0,0,0,0,0,0,0,0,16.0810810810811
4,0,0,0,220000,0,971000,360000,0,0,0,0,37,4,400210,6,1.65,0,1.65,0,0,1.65,0,1.65,0,0,0,0,0,0,0,1.65,0,1.65,0,0,1.65,0,1.65,0,0,0,0,0,0,0,36.4,2,751.515151515152,940000,721818.181818182,218181.818181818,0,0,0,133333.333333333,0,588484.848484849,218181.818181818,0,0,0,0,1316909.09090909,741939.393939394,0,0,0,0,0,60606.0606060606,144000.606060606,17862.8389154705,161863.444976077,0,2987878.78787879,0,2987878.78787879,10051855.7575758,1382089.6969697,48484.8484848485,11482430.3030303,5009478.34239613,18601.1607628893,157658.025867576,176259.186630465,13258617.925574,5761067.11214932,15103958.2934609,3164137.97450925,18268096.2679702,-7497550.81342472,10770545.4545455,0,136.363636363636,1500,1500,0,10770545.4545455,0,0,0,0,242.424242424242,0,17.3939393939394,259.818181818182,1212.12121212121,0,0,0,0,1212.12121212121,440.606060606061,299.393939393939,141.212121212121,101.818181818182,77.5757575757576,24.2424242424242,207.878787878788,0,750.30303030303,0,3.63636363636364,0,0,0,0,0,123.636363636364,0,26.6666666666667,116.363636363636,25.4545454545455,0,0,111.515151515152,0,14.5454545454545,230.30303030303,0,0,96.3636363636364,0,0,0,0,1.81818181818182,0,0,0,0,0,0,0,0,0,0,0,0,0,0,19.0714285714286
4,0,0,0,24000,0,23000,100000,0,0,0,0,38,1,375719,6,0.1,0,0.1,0,0,0,0,0,0,0,0.1,0,0.1,0,0,0.1,0,0.1,0,0,0,0,0,0,0,0.1,0,0.1,0,0,36,2,1100,1470000,470000,1000000,0,0,0,240000,0,230000,1000000,0,0,0,0,5320000,953000,0,0,0,0,0,0,3687682.66666667,590830.409356725,4278513.07602339,0,0,400000,400000,29848660,1637500,0,31486160,14434732.0760234,491064.776056004,425308.822514,916373.598570004,30765033.59857,21472067.9239766,43883392.0760234,1316373.59857,45199765.6745934,-9292965.6745934,35906800,2000,400,2100,2860,11200000,24706800,0,0,0,0,400,0,10,410,5000,0,0,0,0,5000,1710,1300,410,100,100,0,240,0,2050,0,20,0,0,0,0,0,530,0,40,800,210,0,0,200,0,0,150,0,0,100,0,0,0,0,0,0,0,0,0,0,0,0,0,0,0,0,0,0,0,36.4545454545455
4,0,0,0,24000,0,39000,560000,0,0,0,0,37,1,400210,6,0.29,0,0.29,0,0,0.29,0,0.29,0,0,0,0,0,0,0,0.29,0,0.29,0,0,0.29,0,0.29,0,0,0,0,0,0,0,22,1,517.241379310345,2148275.86206897,217241.379310345,1931034.48275862,0,0,0,82758.6206896552,0,134482.75862069,1931034.48275862,0,0,0,0,923448.275862069,1573724.13793103,0,0,0,0,0,137931.034482759,1828505.74712644,508166.969147005,2336672.71627344,0,1724137.93103448,0,1724137.93103448,14918537.9310345,15010124.137931,258620.689655172,30187282.7586207,22660092.218479,260598.373333333,379139.67842,639738.051753333,17411328.5495478,16237287.0918658,37707544.785239,2363875.98278782,40071420.7680268,-1174041.45768195,38897379.3103448,0,310.344827586207,4965.51724137931,4965.51724137931,0,38897379.3103448,0,0,0,0,206.896551724138,0,5.17241379310345,212.068965517241,4827.58620689655,0,0,0,0,4827.58620689655,968.965517241379,20.6896551724138,948.275862068966,962.068965517241,713.793103448276,248.275862068966,175.862068965517,13.7931034482759,2120.68965517241,0,3.44827586206897,0,6.89655172413793,0,0,0,58.6206896551724,0,675.862068965517,510.344827586207,24.1379310344828,0,0,400,0,0,303.448275862069,0,0,137.931034482759,0,0,0,0,0,0,0,0,0,0,0,0,0,0,0,0,0,0,0,43.6315789473684
4,0,0,0,24000,0,56000,800000,0,0,0,0,37,4,400210,6,1.01,0,1.01,0,0,0.88,0,0.88,0,0,0.13,0,0.13,0,0,1.01,0,1.01,0,0,0.88,0,0.88,0,0,0.13,0,0.13,0,0,33,1,202.970297029703,871287.128712871,79207.9207920792,792079.207920792,0,0,0,23762.3762376238,0,55445.5445544554,792079.207920792,0,0,0,0,332970.297029703,1144079.20792079,0,0,0,0,0,99009.900990099,2653531.35313531,145909.327774883,2799440.6809102,0,1287128.71287129,495049.504950495,1782178.21782178,8676375.24752475,3651160.3960396,194059.405940594,12521595.049505,9850683.4879824,23047.9882211221,162288.025525891,185336.013747013,10285423.008655,15494861.066473,18168592.2650686,1967514.2315688,20136106.4966374,5209438.05781804,25345544.5544554,0,371.287128712871,3341.58415841584,3341.58415841584,0,25345544.5544554,0,0,0,0,59.4059405940594,0,3.16831683168317,62.5742574257426,1980.19801980198,0,0,0,0,1980.19801980198,487.128712871287,280.19801980198,206.930693069307,237.623762376238,213.861386138614,23.7623762376238,95.049504950495,0,819.80198019802,0,1.98019801980198,0,0.99009900990099,0,0,0,25.7425742574257,0,166.336633663366,316.831683168317,12.8712871287129,0,0,158.415841584158,0,0,63.3663366336634,0,0,73.2673267326733,0,0,0,0,0,0,0,0,0,0,0,0,0,0,0,0,0,0,0,19.0714285714286
4,0,0,0,240000,0,198000,120000,0,300000,0,0,37,4,400210,6,1.02,0,1.02,0,0,1.02,0,1.02,0,0,0,0,0,0,0,1.02,0,1.02,0,0,1.02,0,1.02,0,0,0,0,0,0,0,25.3333333333333,2,931.372549019608,841176.470588235,429411.764705882,411764.705882353,0,0,0,235294.117647059,0,194117.647058824,117647.058823529,0,294117.647058824,0,0,814215.68627451,1492009.80392157,0,0,0,0,0,117647.058823529,2116333.33333333,131880.288957688,2248213.62229102,302254.901960784,2941176.47058824,0,2941176.47058824,15723520.5882353,4394352.94117647,421568.62745098,20539442.1568627,10702163.8424167,158718.840278648,258079.961763382,416798.80204203,19410981.1309359,26329086.1575833,26755169.7007224,3357975.27263027,30113144.9733527,6918105.02664734,37031250,0,1102.94117647059,5514.70588235294,5514.70588235294,0,37031250,0,0,0,0,588.235294117647,0,7.64705882352941,595.882352941176,294.117647058824,0,1960.78431372549,0,0,2254.90196078431,875.490196078431,442.156862745098,433.333333333333,298.039215686275,109.803921568627,188.235294117647,188.235294117647,0,1361.76470588235,0,2.94117647058824,0,0.980392156862745,0,0,0,42.156862745098,0,415.686274509804,415.686274509804,28.4313725490196,0,0,230.392156862745,0,0,82.3529411764706,0,0,140.196078431373,0,0,0,0,2.94117647058824,0,0,0,0,0,0,0,0,0,0,0,0,0,0,19.0714285714286
4,0,0,0,260450,0,210000,0,0,0,0,540000,37,2,400210,6,0.48,0,0.48,0,0,0.48,0,0.48,0,0,0,0,0,0,0,0.48,0,0.48,0,0,0.48,0,0.48,0,0,0,0,0,0,0,42,2,416.666666666667,2105104.16666667,980104.166666667,1125000,0,0,0,542604.166666667,0,437500,0,0,0,0,1125000,5208333.33333333,2372916.66666667,8958.33333333333,0,625000,0,0,62500,1829229.16666667,52500,1881729.16666667,182194.444444444,3125000,0,3125000,22292616.6666667,11813733.3333333,581250,34687600,24862012.4073678,195606.705663194,488637.637680625,684244.343343819,26481778.0470872,14503612.5926322,47534546.1111111,3809244.34334382,51343790.4544549,-11978165.4544549,39365625,0,0,5312.5,5312.5,0,39365625,0,0,0,0,1166.66666666667,0,16.0416666666667,1182.70833333333,0,0,0,0,4166.66666666667,4166.66666666667,1310.41666666667,766.666666666667,543.75,683.333333333333,483.333333333333,200,212.5,0,2206.25,0,62.5,0,0,0,0,0,75,0,150,983.333333333333,41.6666666666667,0,0,445.833333333333,0,16.6666666666667,333.333333333333,0,0,95.8333333333333,0,0,0,0,2.08333333333333,0,0,0,0,0,0,0,0,0,0,0,0,0,0,34.8888888888889
4,0,0,0,3500,0,97000,0,0,0,0,0,99,1,408849,5,0.25,0.25,0,0,0,0.25,0.25,0,0,0,0,0,0,0,0,0.25,0.25,0,0,0,0.25,0.25,0,0,0,0,0,0,0,0,8,2,1160,402000,402000,0,0,0,0,14000,0,388000,0,0,0,0,0,884000,459200,560000,0,0,0,0,0,1117866.66666667,36160,1154026.66666667,1560000,3400000,0,3400000,34916180,0,0,34916180,5428075.66666667,129982.999290667,403541.174477,533524.173767667,38849704.1737677,53334324.3333333,40344255.6666667,3933524.17376767,44277779.8404343,14484620.1595657,58762400,4480,0,400,2102.4,53760000,5002400,0,0,0,0,28,0,284,312,0,0,0,0,0,0,2376,1284,1092,0,0,0,48,0,2424,16,16,0,56,0,0,0,116,0,816,800,4,20,0,192,0,0,64,0,0,320,0,0,0,0,4,0,0,0,0,0,0,0,0,0,0,0,0,0,0,29.9444444444444
4,0,0,0,358320,0,272000,165000,0,120000,0,0,37,3,400210,6,0.68,0,0.68,0,0,0.68,0,0.68,0,0,0,0,0,0,0,0.68,0,0.68,0,0,0.68,0,0.68,0,0,0,0,0,0,0,22.5,2,544.117647058824,1346058.82352941,926941.176470588,419117.647058824,0,0,0,526941.176470588,0,400000,242647.058823529,0,176470.588235294,0,0,1050147.05882353,825779.411764706,0,0,4411.76470588235,44117.6470588235,0,169117.647058824,3143631.37254902,3023529.41176471,6167160.78431373,1330156.8627451,3000000,0,3000000,17130939.7058824,1955882.35294118,280882.352941177,19367704.4117647,13321825.1872798,290457.067796216,247269.162635074,537726.230431289,20920765.4549162,26060410.1068378,30704864.4117647,3537726.23043129,34242590.642196,5139644.65192165,39382235.2941177,5000,0,2250,4150,22588235.2941176,16794000,0,0,0,0,1058.82352941176,0,10.2941176470588,1069.11764705882,1470.58823529412,0,8823.52941176471,0,0,10294.1176470588,1007.35294117647,770.588235294118,236.764705882353,152.941176470588,94.1176470588235,58.8235294117647,113.235294117647,0,1273.52941176471,0,11.7647058823529,0,22.0588235294118,0,0,0,27.9411764705882,0,35.2941176470588,535.294117647059,55.8823529411765,0,0,210.294117647059,0,35.2941176470588,235.294117647059,0,0,60.2941176470588,0,0,0,0,44.1176470588235,0,0,0,0,0,0,0,0,0,0,0,0,0,0,16.0810810810811
4,0,0,0,36000,0,188000,231000,0,0,0,0,37,2,400210,5,0.44,0,0.44,0,0,0.44,0,0.44,0,0,0,0,0,0,0,0.44,0,0.44,0,0,0.44,0,0.44,0,0,0,0,0,0,0,18.5,2,870.454545454545,1034090.90909091,509090.909090909,525000,0,0,0,81818.1818181818,0,427272.727272727,525000,0,0,0,0,1129090.90909091,2010795.45454545,0,0,0,0,0,109772.727272727,764879.166666667,146531.100478469,911410.267145135,447181.818181818,2250000,0,2250000,15939870.4545455,1190790.90909091,0,17130661.3636364,7233342.99441786,174353.715477985,232167.552960568,406521.268438553,18596391.722984,41303384.2783094,23173213.4489633,2656521.26843855,25829734.7174019,22706992.5553254,48536727.2727273,0,1227.27272727273,7022.72727272727,7022.72727272727,0,48536727.2727273,0,0,0,0,181.818181818182,0,13.8636363636364,195.681818181818,3181.81818181818,0,0,0,0,3181.81818181818,861.363636363636,479.545454545455,381.818181818182,81.8181818181818,45.4545454545454,36.3636363636364,206.818181818182,0,1150,0,13.6363636363636,0,0,0,0,0,225,0,90.9090909090909,409.090909090909,36.3636363636364,0,0,0,0,0,259.090909090909,0,0,109.090909090909,0,0,0,0,6.81818181818182,0,0,0,0,0,0,0,0,0,0,0,0,0,0,34.8888888888889
4,0,0,0,36000,0,230400,20000,0,0,0,80000,33,2,418695,6,0.55,0.55,0,0,0,0.55,0.55,0,0,0,0,0,0,0,0,0.3,0.3,0,0,0,0.3,0.3,0,0,0,0,0,0,0,0,12,2,1033.33333333333,1221333.33333333,888000,333333.333333333,0,0,0,120000,0,768000,66666.6666666667,0,0,0,266666.666666667,1695333.33333333,1833333.33333333,0,0,0,0,0,3025000,2894444.44444444,5426666.66666667,8321111.11111111,0,2666666.66666667,0,2666666.66666667,25259276.6666667,16500000,0,41759276.6666667,33014806.1111111,668450.965458333,537033.290623167,1205484.2560815,29131427.5894148,26985193.8888889,58274082.7777778,3872150.92274817,62146233.700526,-2146233.70052595,60000000,3333.33333333333,0,1666.66666666667,2933.33333333333,40000000,20000000,0,0,0,0,266.666666666667,0,829,1095.66666666667,333.333333333333,0,0,0,666.666666666667,1000,1390,1326.66666666667,63.3333333333333,1066.66666666667,0,1066.66666666667,203.333333333333,0,2660,0,13.3333333333333,0,80,0,0,0,146.666666666667,0,560,866.666666666667,140,0,0,300,0,0,446.666666666667,0,0,106.666666666667,0,0,0,0,0,0,0,0,0,0,0,0,0,0,0,0,0,0,0,27
4,0,0,0,37800,0,40500,0,0,0,0,495000,38,3,375719,6,0.54,0,0.54,0,0,0.54,0,0.54,0,0,0,0,0,0,0,0.54,0,0.54,0,0,0.54,0,0.54,0,0,0,0,0,0,0,24.2,2,768.518518518518,1061666.66666667,145000,916666.666666667,0,0,0,70000,0,75000,0,0,0,0,916666.666666667,1350925.92592593,2140740.74074074,0,44444.4444444444,0,0,0,0,414266.666666667,0,414266.666666667,0,1111111.11111111,0,1111111.11111111,13683240.7407407,13678759.2592593,0,27362000,19066522.7037037,17038.6032924691,346496.724744444,363535.328036914,15157887.1798888,15304588.4074074,32749763.4444444,1474646.43914802,34224409.8835925,146701.22751864,34371111.1111111,0,277.777777777778,4444.44444444444,4444.44444444444,0,34371111.1111111,0,0,0,0,148.148148148148,0,3.7037037037037,151.851851851852,0,0,0,0,1870.37037037037,1870.37037037037,750,527.777777777778,222.222222222222,748.148148148148,314.814814814815,433.333333333333,155.555555555556,0,1653.7037037037,0,16.6666666666667,0,0,0,0,0,100,0,407.407407407407,481.481481481481,20.3703703703704,0,0,74.0740740740741,0,129.62962962963,138.888888888889,0,0,111.111111111111,0,0,0,174.074074074074,0,0,0,0,0,0,0,0,0,0,0,0,0,0,0,9.66666666666667
4,0,0,0,39000,0,0,0,0,0,0,500000,37,2,400210,6,0.38,0.09,0.29,0,0,0.38,0.09,0.29,0,0,0,0,0,0,0,0.38,0.09,0.29,0,0,0.38,0.09,0.29,0,0,0,0,0,0,0,30.75,2,526.315789473684,1418421.05263158,102631.578947368,1315789.47368421,0,0,0,102631.578947368,0,0,0,0,0,0,1315789.47368421,1392105.26315789,1192763.15789474,0,0,657894.736842105,0,0,210526.315789474,1710498.24561404,313878.11634349,2024376.36195753,88484.2105263158,2631578.94736842,0,2631578.94736842,19601236.8421053,2789473.68421053,0,22390710.5263158,10174254.7830102,245958.52591593,295569.627205263,541528.153121193,22774343.9425949,15720482.0590951,29775491.6251154,3173107.10048961,32948598.725605,-7053861.88349977,25894736.8421053,0,552.631578947368,3513.15789473684,3513.15789473684,0,25894736.8421053,0,0,0,0,157.894736842105,0,0,157.894736842105,0,0,0,0,2631.57894736842,2631.57894736842,1215.78947368421,963.157894736842,252.631578947368,168.421052631579,126.315789473684,42.1052631578947,63.1578947368421,0,1447.36842105263,0,10.5263157894737,0,0,0,0,0,63.1578947368421,0,294.736842105263,378.947368421053,28.9473684210526,0,0,342.105263157895,0,0,239.473684210526,0,0,89.4736842105263,0,0,0,0,0,0,0,0,0,0,0,0,0,0,0,0,0,0,0,34.8888888888889
4,0,0,0,39000,0,0,100000,0,0,0,0,37,1,400210,6,0.24,0,0.24,0,0,0,0,0,0,0,0.24,0,0.24,0,0,0.2,0,0.2,0,0,0,0,0,0,0,0.2,0,0.2,0,0,27,2,450,695000,195000,500000,0,0,0,195000,0,0,500000,0,0,0,0,662000,1041250,0,0,0,0,0,25000,1557920,0,1557920,1982080,0,3500000,3500000,21634260,9578465,0,31212725,19441925,-213972.8859968,364669.46835875,150696.58236195,21784956.582362,-956550,37576185,3650696.58236195,41226881.582362,-22741506.582362,18485375,0,225,2225,2225,0,18485375,0,0,0,0,300,0,0,300,5000,0,0,0,0,5000,1310,870,440,655,375,280,135,0,2100,0,240,0,0,0,0,0,105,0,120,1120,55,0,0,200,0,0,200,0,0,60,0,0,0,0,0,0,0,0,0,0,0,0,0,0,0,0,0,0,0,43.6315789473684
4,0,0,0,40000,0,0,0,0,0,0,0,37,2,400210,6,0.37,0,0.37,0,0,0.37,0,0.37,0,0,0,0,0,0,0,0.35,0,0.35,0,0,0.35,0,0.35,0,0,0,0,0,0,0,21,2,942.857142857143,114285.714285714,114285.714285714,0,0,0,0,114285.714285714,0,0,0,0,0,0,0,393428.571428571,914285.714285714,0,0,0,0,0,0,1994800,0,1994800,0,4285714.28571429,0,4285714.28571429,18980788.5714286,0,0,18980788.5714286,3817010,-5576.94476,221199.892715429,215622.947955429,23482125.8050983,5782990,22797798.5714286,4501337.23366971,27299135.8050983,-17699135.8050983,9600000,0,571.428571428571,2000,2000,0,9600000,0,0,0,0,285.714285714286,0,0,285.714285714286,0,0,0,0,0,0,1245.71428571429,811.428571428571,434.285714285714,0,0,0,34.2857142857143,0,1280,0,68.5714285714286,0,0,0,0,0,68.5714285714286,0,228.571428571429,365.714285714286,22.8571428571429,0,0,0,0,0,205.714285714286,0,0,320,0,0,0,0,0,0,0,0,0,0,0,0,0,0,0,0,0,0,0,34.8888888888889
4,0,0,0,40000,0,0,0,0,0,0,30000,37,1,400210,6,0.17,0,0.17,0,0,0.17,0,0.17,0,0,0,0,0,0,0,0.17,0,0.17,0,0,0.17,0,0.17,0,0,0,0,0,0,0,15,2,705.882352941176,411764.705882353,235294.117647059,176470.588235294,0,0,0,235294.117647059,0,0,0,0,0,0,176470.588235294,194117.647058824,947058.823529412,0,0,0,0,0,0,1473647.05882353,173374.613003096,1647021.67182663,0,588235.294117647,0,588235.294117647,23065294.1176471,0,0,23065294.1176471,3600172.84829721,176198.070637255,266902.290676471,443100.361313725,24096629.7730784,25152768.3281734,26665466.9659443,1031335.65543137,27696802.6213756,1056138.55509495,28752941.1764706,0,1000,5705.88235294118,5705.88235294118,0,28752941.1764706,0,0,0,0,470.588235294118,0,0,470.588235294118,0,0,0,0,588.235294117647,588.235294117647,1411.76470588235,1317.64705882353,94.1176470588235,0,0,0,47.0588235294118,0,1458.82352941176,0,94.1176470588235,0,0,0,0,0,94.1176470588235,0,188.235294117647,141.176470588235,70.5882352941176,0,0,0,0,0,400,0,0,470.588235294118,0,0,0,0,0,0,0,0,0,0,0,0,0,0,0,0,0,0,0,43.6315789473684
4,0,0,0,45000,0,0,20000,0,0,0,0,37,1,400210,5,0.13,0,0.13,0,0,0.13,0,0.13,0,0,0,0,0,0,0,0.13,0,0.13,0,0,0.13,0,0.13,0,0,0,0,0,0,0,26,2,384.615384615385,500000,346153.846153846,153846.153846154,0,0,0,346153.846153846,0,0,153846.153846154,0,0,0,0,950000,3280769.23076923,0,0,0,0,0,38461.5384615385,5612358.97435897,0,5612358.97435897,1588205.12820513,2307692.30769231,0,2307692.30769231,37833492.3076923,0,0,37833492.3076923,12370004.8717949,373552.803628846,461883.812646923,835436.616275769,40976621.2316604,62066533.5897436,50203497.1794872,3143128.92396808,53346626.1034553,21089912.3580832,74436538.4615385,6153.84615384615,384.615384615385,6423.07692307692,8761.53846153846,24615384.6153846,49821153.8461538,0,0,0,0,769.230769230769,0,0,769.230769230769,1538.46153846154,0,0,0,0,1538.46153846154,2415.38461538462,1307.69230769231,1107.69230769231,0,0,0,184.615384615385,0,2600,0,153.846153846154,0,0,0,0,0,292.307692307692,0,123.076923076923,1476.92307692308,153.846153846154,0,0,307.692307692308,0,0,0,0,0,92.3076923076923,0,0,0,0,0,0,0,0,0,0,0,0,0,0,0,0,0,0,0,43.6315789473684
4,0,0,0,480000,0,95000,800000,0,0,0,0,37,3,400210,6,0.93,0,0.93,0,0,0.93,0,0.93,0,0,0,0,0,0,0,0.93,0,0.93,0,0,0.93,0,0.93,0,0,0,0,0,0,0,28.3333333333333,2,419.354838709677,1478494.62365591,618279.569892473,860215.053763441,0,0,0,516129.032258064,0,102150.537634409,860215.053763441,0,0,0,0,538817.204301075,1888946.23655914,0,0,0,0,0,43010.752688172,3613204.30107527,134533.106960951,3747737.40803622,577634.408602151,2892473.11827957,0,2892473.11827957,11292333.3333333,15725537.6344086,903225.806451613,27921096.7741935,24926103.6893029,291688.756634122,345527.349113978,637216.1057481,15199532.942761,13044326.418224,36595947.4080362,3529689.22402767,40125636.6320639,-2155206.52453701,37970430.1075269,0,537.634408602151,5376.34408602151,5376.34408602151,0,37970430.1075269,0,0,0,0,1290.32258064516,0,3.65591397849462,1293.97849462366,2150.5376344086,0,0,0,0,2150.5376344086,594.623655913978,365.591397849462,229.032258064516,905.376344086022,475.268817204301,430.10752688172,147.311827956989,0,1647.31182795699,0,4.3010752688172,0,2.1505376344086,0,0,0,31.1827956989247,0,516.129032258065,655.913978494624,17.2043010752688,0,0,225.806451612903,0,0,77.4193548387097,0,0,117.204301075269,0,0,0,0,0,0,0,0,0,0,0,0,0,0,0,0,0,0,0,16.0810810810811
4,0,0,0,500,0,141000,0,0,0,0,2000,99,2,408849,6,0.34,0.34,0,0,0,0.17,0.17,0,0,0,0.17,0.17,0,0,0,0.34,0.34,0,0,0,0.17,0.17,0,0,0,0.17,0.17,0,0,0,7.5,2,1470.58823529412,422058.823529412,416176.470588235,5882.35294117647,0,0,0,1470.58823529412,0,414705.882352941,0,0,0,0,5882.35294117647,289294.117647059,1429294.11764706,970588.235294118,180882.352941176,1176470.58823529,0,0,44117.6470588235,21176.4705882353,600000,621176.470588235,588823.529411765,3823529.41176471,3823529.41176471,7647058.82352941,27247500,273929.411764706,0,27521429.4117647,10229013.7058824,57901.4261852941,347302.882911471,405204.309096765,31476233.7208615,22429809.8235294,33652984.2941176,8052263.13262618,41705247.4267438,-9046423.89733206,32658823.5294118,4082.35294117647,0,0,1551.29411764706,32658823.5294118,0,0,0,0,0,2.94117647058824,0,17.0588235294118,20,0,0,0,0,5.88235294117647,5.88235294117647,1958.82352941176,882.35294117647,1076.47058823529,23.5294117647059,0,23.5294117647059,14.7058823529412,0,1997.05882352941,0,0,0,70.5882352941176,0,0,0,14.7058823529412,0,411.764705882353,588.235294117647,23.5294117647059,0,0,211.764705882353,0,164.705882352941,376.470588235294,0,0,47.0588235294118,0,0,0,0,88.2352941176471,0,0,0,0,0,0,0,0,0,0,0,0,0,0,14.8333333333333
4,0,0,0,5000,0,36000,0,0,0,0,17200,37,3,400210,6,0.62,0,0.62,0,0,0,0,0,0,0,0.62,0,0.62,0,0,0.62,0,0.62,0,0,0,0,0,0,0,0.62,0,0.62,0,0,15,2,750,93870.9677419355,66129.0322580645,27741.935483871,0,0,0,8064.51612903226,0,58064.5161290323,0,0,0,0,27741.935483871,2043387.09677419,525322.580645161,0,0,145161.290322581,0,0,0,2167124.7311828,30107.5268817204,2197232.25806452,56948.3870967742,0,1612903.22580645,1612903.22580645,17375775.8064516,4322580.64516129,454838.709677419,22153195.1612903,11488225.9412075,30582.776819,270617.743675242,301200.520494242,18041205.5470287,12245645.0265345,27615327.7419355,1914103.74630069,29529431.4882362,-5795560.52049424,23733870.9677419,0,362.903225806452,3387.09677419355,3387.09677419355,0,23733870.9677419,0,0,0,0,16.1290322580645,0,1.61290322580645,17.741935483871,0,0,0,0,64.516129032258,64.516129032258,1061.29032258064,790.322580645161,270.967741935484,309.677419354839,180.645161290323,129.032258064516,90.3225806451613,0,1461.29032258064,0,19.3548387096774,0,0,0,0,0,129.032258064516,0,187.096774193548,438.709677419355,96.7741935483871,0,0,277.41935483871,0,29.0322580645161,177.41935483871,0,0,106.451612903226,0,0,0,0,0,0,0,0,0,0,0,0,0,0,0,0,0,0,0,16.0810810810811
4,0,0,0,50000,0,0,0,0,0,0,0,38,1,375719,6,0.1,0,0.1,0,0,0,0,0,0,0,0.1,0,0.1,0,0,0.1,0,0.1,0,0,0,0,0,0,0,0.1,0,0.1,0,0,21.5,2,900,500000,500000,0,0,0,0,500000,0,0,0,0,0,0,0,3130000,3660000,0,0,0,0,0,0,2153173.33333333,272340.425531915,2425513.75886525,0,0,1500000,1500000,36613540,5730600,0,42344140,17321832.7588652,334165.808288397,538115.973931,872281.782219397,37485821.7822194,16426967.2411348,52435372.7588653,2372281.7822194,54807654.5410846,-21058854.5410846,33748800,0,750,4950,4950,0,33748800,0,0,0,0,800,0,0,800,0,0,0,0,0,0,1670,1670,0,400,200,200,570,0,2640,0,40,0,0,0,0,0,240,0,500,500,100,0,0,300,0,0,300,0,0,460,0,0,0,200,0,0,0,0,0,0,0,0,0,0,0,0,0,0,0,36.4545454545455
4,0,0,0,50000,0,18000,49500,0,0,0,129000,37,1,400210,6,0.29,0,0.29,0,0,0.16,0,0.16,0,0,0.13,0,0.13,0,0,0.29,0,0.29,0,0,0.16,0,0.16,0,0,0.13,0,0.13,0,0,21.3333333333333,2,827.586206896552,850000,234482.75862069,615517.24137931,0,0,0,172413.793103448,0,62068.9655172414,170689.655172414,0,0,0,444827.586206897,1145862.06896552,542068.965517241,0,0,10344.8275862069,0,0,172413.793103448,1954206.89655172,295019.157088123,2249226.05363985,0,810344.827586207,689655.172413793,1500000,15335906.8965517,793103.448275862,206896.551724138,16335906.8965517,6863057.94617775,271625.173792,206604.950005,478230.123797,16821204.7829832,2071252.39864984,21706032.605364,1978230.123797,23684262.729161,-14749952.3843334,8934310.34482758,0,517.241379310345,1448.27586206897,1448.27586206897,0,8934310.34482758,0,0,0,0,344.827586206897,0,1.72413793103448,346.551724137931,1034.48275862069,0,0,0,1034.48275862069,2068.96551724138,913.793103448276,672.413793103448,241.379310344828,110.344827586207,55.1724137931034,55.1724137931034,93.1034482758621,0,1117.24137931034,0,20.6896551724138,0,0,0,0,0,113.793103448276,0,268.965517241379,220.689655172414,75.8620689655172,0,0,193.103448275862,0,0,120.689655172414,0,0,103.448275862069,0,0,0,0,0,0,0,0,0,0,0,0,0,0,0,0,0,0,0,43.6315789473684
4,0,0,0,5500,0,208000,0,0,2500,0,4100,37,2,400210,6,0.39,0,0.39,0,0,0.39,0,0.39,0,0,0,0,0,0,0,0.39,0,0.39,0,0,0.39,0,0.39,0,0,0,0,0,0,0,16,2,769.230769230769,564358.974358974,547435.897435897,16923.0769230769,0,0,0,14102.5641025641,0,533333.333333333,0,0,6410.25641025641,0,10512.8205128205,1158461.53846154,1295000,0,0,0,0,0,64615.3846153846,1187378.20512821,170040.485829959,1357418.69095816,0,3692307.69230769,0,3692307.69230769,25947043.5897436,1301435.8974359,0,27248479.4871795,6141500.48582996,193745.280315946,328837.168779615,522582.449095561,30161933.7311468,25384461.0526316,32088544.0755735,4214890.14140325,36303434.2169768,-4777472.67851526,31525961.5384615,0,192.307692307692,4038.46153846154,4038.46153846154,0,31525961.5384615,0,0,0,0,25.6410256410256,0,15.8974358974359,41.5384615384615,0,0,51.2820512820513,0,25.6410256410256,76.9230769230769,1574.35897435897,810.25641025641,764.102564102564,92.3076923076923,41.025641025641,51.2820512820513,235.897435897436,0,1902.5641025641,0,12.8205128205128,0,0,0,0,0,256.410256410256,0,87.1794871794872,410.25641025641,133.333333333333,0,0,205.128205128205,0,41.025641025641,553.846153846154,0,0,197.435897435897,0,0,0,0,5.12820512820513,0,0,0,0,0,0,0,0,0,0,0,0,0,0,34.8888888888889
4,0,0,0,56000,0,201000,0,0,0,0,0,37,3,400210,6,0.75,0,0.75,0,0,0.75,0,0.75,0,0,0,0,0,0,0,0.75,0,0.75,0,0,0.75,0,0.75,0,0,0,0,0,0,0,36.25,2,493.333333333333,342666.666666667,342666.666666667,0,0,0,0,74666.6666666667,0,268000,0,0,0,0,0,964666.666666667,1054666.66666667,0,0,0,0,0,50960,398240.444444444,49122.8070175439,447363.251461988,0,2880000,0,2880000,13725616,611264,0,14336880,3871797.25146199,27778.2248455171,181595.902836,209374.127681517,16814990.1276815,26783722.748538,17597413.251462,3089374.12768152,20686787.3791435,9968732.62085649,30655520,0,180,4180,4180,0,30655520,0,0,0,0,186.666666666667,0,172,358.666666666667,0,0,0,0,0,0,740,480,260,42.6666666666667,21.3333333333333,21.3333333333333,173.333333333333,0,956,0,6.66666666666667,0,0,0,0,0,202.666666666667,0,41.3333333333333,202.666666666667,12,0,0,125.333333333333,0,37.3333333333333,249.333333333333,0,0,76,0,0,0,0,2.66666666666667,0,0,0,0,0,0,0,0,0,0,0,0,0,0,16.0810810810811
4,0,0,0,56000,0,83000,160000,0,0,0,0,37,1,400210,6,0.19,0,0.19,0,0,0.11,0,0.11,0,0,0.08,0,0.08,0,0,0.19,0,0.19,0,0,0.11,0,0.11,0,0,0.08,0,0.08,0,0,26.5,2,631.578947368421,1573684.21052632,731578.947368421,842105.263157895,0,0,0,294736.842105263,0,436842.105263158,842105.263157895,0,0,0,0,1254736.84210526,2126842.10526316,0,0,0,0,0,152631.578947368,11254035.0877193,523545.706371191,11777580.7940905,1966877.19298246,1578947.36842105,1052631.57894737,2631578.94736842,35737489.4736842,2412884.21052632,0,38150373.6842105,22718078.5133887,131743.070792544,468991.005827105,600734.076619649,37917170.9187249,-2528078.51338874,57402936.4081256,3232313.02398807,60635249.4321136,-40445249.4321136,20190000,0,315.789473684211,2684.21052631579,2684.21052631579,0,20190000,0,0,0,0,736.842105263158,0,17.8947368421053,754.736842105263,2105.26315789474,0,0,0,0,2105.26315789474,1994.73684210526,1178.94736842105,815.789473684211,168.421052631579,84.2105263157895,84.2105263157895,394.736842105263,0,2557.89473684211,0,5.26315789473684,0,15.7894736842105,0,0,0,126.315789473684,0,421.052631578947,589.473684210526,68.4210526315789,0,0,789.473684210526,0,0,273.684210526316,0,0,268.421052631579,0,0,0,0,0,0,0,0,0,0,0,0,0,0,0,0,0,0,0,43.6315789473684
4,0,0,0,56000,0,96000,136000,0,0,0,0,37,3,400210,6,0.7,0.7,0,0,0,0.7,0.7,0,0,0,0,0,0,0,0,0.7,0.7,0,0,0,0.7,0.7,0,0,0,0,0,0,0,0,25.5,2,571.428571428571,411428.571428571,217142.857142857,194285.714285714,0,0,0,80000,0,137142.857142857,194285.714285714,0,0,0,0,434428.571428571,1489642.85714286,0,0,0,0,0,78571.4285714286,3208666.66666667,64000,3272666.66666667,0,2000000,0,2000000,15311150,1285714.28571429,71428.5714285714,16668292.8571429,7378195.75961433,123448.809113333,206884.314758214,330333.123871548,17707378.3166382,10278947.0975285,22755240.952381,2330333.12387155,25085574.0762525,-7428431.21910965,17657142.8571429,0,0,2207.14285714286,2207.14285714286,0,17657142.8571429,0,0,0,0,200,0,4.28571428571429,204.285714285714,485.714285714286,0,0,0,0,485.714285714286,842.857142857143,408.571428571429,434.285714285714,68.5714285714286,68.5714285714286,0,194.285714285714,0,1105.71428571429,0,2.85714285714286,0,2.85714285714286,0,0,0,40,0,262.857142857143,331.428571428571,35.7142857142857,0,0,234.285714285714,0,0,45.7142857142857,0,0,150,0,0,0,0,0,0,0,0,0,0,0,0,0,0,0,0,0,0,0,16.0810810810811
4,0,0,0,60000,0,254000,198000,0,0,0,0,37,2,400210,6,0.45,0,0.45,0,0,0.45,0,0.45,0,0,0,0,0,0,0,0.3,0,0.3,0,0,0.3,0,0.3,0,0,0,0,0,0,0,18.5,2,700,1706666.66666667,1046666.66666667,660000,0,0,0,200000,0,846666.666666667,660000,0,0,0,0,2193333.33333333,1222366.66666667,0,0,6666.66666666667,0,0,200000,2991502.22222222,160000,3151502.22222222,451511.111111111,2933333.33333333,0,2933333.33333333,18339300,2943490,200000,21482790,12303407.4197916,250259.912639356,290684.404441833,540944.317081189,21985916.8972896,13722192.5802084,30815046.6666667,3474277.65041452,34289324.3170812,-8263724.31708119,26025600,0,400,3400,3400,0,26025600,0,0,0,0,400,0,285.333333333333,685.333333333333,4000,0,0,0,0,4000,920,893.333333333333,26.6666666666667,270,110,160,220,0,1410,0,10,0,30,0,0,0,100,0,140,266.666666666667,100,0,0,516.666666666667,0,26.6666666666667,100,0,0,120,0,0,0,0,0,0,0,0,0,0,0,0,0,0,0,0,0,0,0,34.8888888888889
4,0,0,0,65000,0,0,0,0,0,0,230000,37,3,400210,5,0.75,0,0.75,0,0,0.75,0,0.75,0,0,0,0,0,0,0,0.69,0,0.69,0,0,0.69,0,0.69,0,0,0,0,0,0,0,17,2,318.840579710145,427536.231884058,94202.8985507246,333333.333333333,0,0,0,94202.8985507246,0,0,0,0,0,0,333333.333333333,1687826.08695652,1084057.97101449,0,144927.536231884,3188405.79710145,0,0,217391.304347826,2218734.29951691,112128.146453089,2330862.44597,385884.057971015,2608695.65217391,0,2608695.65217391,23980611.5942029,2753623.1884058,0,26734234.7826087,12620724.619883,125743.379142591,363025.925284493,488769.304427084,27078076.5508039,44443623.2062039,36601336.2140859,3097464.956601,39698801.1706869,17365546.6554,57064347.826087,4855.07246376812,0,4347.82608695652,6192.75362318841,22281739.1304348,34782608.6956522,0,0,0,0,144.927536231884,0,0,144.927536231884,0,0,0,0,666.666666666667,666.666666666667,1518.84057971014,1214.49275362319,304.347826086957,173.913043478261,115.942028985507,57.9710144927536,62.3188405797101,0,1755.07246376812,0,8.69565217391304,0,0,0,0,0,36.231884057971,0,69.5652173913044,423.188405797101,66.6666666666667,0,0,594.202898550725,0,0,463.768115942029,0,0,92.7536231884058,0,0,0,0,0,0,0,0,0,0,0,0,0,0,0,0,0,0,0,16.0810810810811
4,0,0,0,80000,0,0,0,0,0,0,32500,37,2,400210,6,0.31,0.2,0.11,0,0,0.31,0.2,0.11,0,0,0,0,0,0,0,0.31,0.2,0.11,0,0,0.31,0.2,0.11,0,0,0,0,0,0,0,19,2,838.709677419355,362903.225806452,258064.516129032,104838.709677419,0,0,0,258064.516129032,0,0,0,0,0,0,104838.709677419,1312903.22580645,1277419.35483871,0,0,0,0,0,0,1488279.56989247,144516.129032258,1632795.69892473,904154.838709677,3709677.41935484,0,3709677.41935484,35026941.9354839,0,0,35026941.9354839,5890386.34408602,274740.34170772,411767.685599355,686508.027307075,39423127.3821458,13951226.5591398,40917328.2795699,4396185.44666191,45313513.7262318,-25471900.823006,19841612.9032258,0,451.612903225806,3677.41935483871,3677.41935483871,0,19841612.9032258,0,0,0,0,645.161290322581,0,0,645.161290322581,0,0,0,0,322.58064516129,322.58064516129,2412.90322580645,1316.12903225806,1096.77419354839,0,0,0,51.6129032258065,0,2464.51612903226,0,154.838709677419,0,0,0,0,0,258.064516129032,0,412.903225806452,645.161290322581,129.032258064516,0,0,0,0,0,670.967741935484,0,0,193.548387096774,0,0,0,0,0,0,0,0,0,0,0,0,0,0,0,0,0,0,0,34.8888888888889
4,0,0,0,88000,0,279000,0,0,250000,0,0,37,3,400210,6,0.66,0,0.66,0,0,0.66,0,0.66,0,0,0,0,0,0,0,0.66,0,0.66,0,0,0.66,0,0.66,0,0,0,0,0,0,0,24,2,886.363636363636,934848.484848485,556060.606060606,378787.878787879,0,0,0,133333.333333333,0,422727.272727273,0,0,378787.878787879,0,0,1102575.75757576,1490378.78787879,0,0,0,0,0,93636.3636363636,649154.04040404,100478.468899522,749632.509303562,248434.343434343,2848484.84848485,0,2848484.84848485,14438043.9393939,5001775.75757576,303030.303030303,19742850,10099460.3006228,121855.870580048,253307.448107803,375163.318687851,17886754.1132272,27158494.2448317,24762566.2466773,3223648.1671727,27986214.41385,9271740.13160454,37257954.5454545,0,227.272727272727,4772.72727272727,4772.72727272727,0,37257954.5454545,0,0,0,0,242.424242424242,0,15.6060606060606,258.030303030303,0,0,3030.30303030303,0,0,3030.30303030303,725.757575757576,396.969696969697,328.787878787879,296.969696969697,103.030303030303,193.939393939394,246.969696969697,0,1269.69696969697,0,10.6060606060606,0,0,0,0,0,145.454545454545,0,109.090909090909,381.818181818182,46.969696969697,0,0,218.181818181818,0,0,242.424242424242,0,0,110.606060606061,0,0,0,0,4.54545454545454,0,0,0,0,0,0,0,0,0,0,0,0,0,0,16.0810810810811
4,0,0,0,88000,0,88000,160000,0,0,0,0,37,3,400210,5,0.63,0.44,0.19,0,0,0.4,0.21,0.19,0,0,0.23,0.23,0,0,0,0.63,0.44,0.19,0,0,0.4,0.21,0.19,0,0,0.23,0.23,0,0,0,24.5,2,746.031746031746,533333.333333333,279365.079365079,253968.253968254,0,0,0,139682.53968254,0,139682.53968254,253968.253968254,0,0,0,0,689841.26984127,1362222.22222222,0,0,79365.0793650793,0,0,63492.0634920635,4122259.25925926,116163.742690058,4238423.00194932,0,1587301.58730159,1111111.11111111,2698412.6984127,13426968.2539683,4701600,284126.984126984,18412695.2380952,13253285.7222719,43573.2380449123,229202.771963016,272776.010007928,15497485.1944473,35538380.9443948,25779582.2082985,2971188.70842063,28750770.9167191,20040895.7499475,48791666.6666667,0,1190.47619047619,7142.85714285714,7142.85714285714,0,48791666.6666667,0,0,0,0,349.206349206349,0,4.76190476190476,353.968253968254,634.920634920635,0,0,0,0,634.920634920635,749.206349206349,411.111111111111,338.095238095238,311.111111111111,253.968253968254,57.1428571428571,155.555555555556,0,1215.87301587302,0,3.17460317460317,0,3.17460317460317,0,0,0,47.6190476190476,0,177.777777777778,533.333333333333,15.8730158730159,0,0,192.063492063492,0,0,128.571428571429,0,0,114.285714285714,0,0,0,0,0,0,0,0,0,0,0,0,0,0,0,0,0,0,0,16.0810810810811
4,0,0,0,890000,0,60000,0,0,0,0,0,37,4,400210,6,1.17,0,1.17,0,0,1.17,0,1.17,0,0,0,0,0,0,0,1.17,0,1.17,0,0,1.17,0,1.17,0,0,0,0,0,0,0,26,2,512.820512820513,811965.811965812,811965.811965812,0,0,0,0,760683.760683761,0,51282.0512820513,0,0,0,0,0,220512.820512821,221367.521367521,0,0,0,0,0,0,1631256.41025641,7179.48717948718,1638435.8974359,17965.811965812,1367521.36752137,0,1367521.36752137,9524369.23076923,195917.948717949,0,9720287.17948718,3506375.81196581,-16715.9802928632,118977.712653333,102261.73236047,10994152.3306511,6852598.54700855,13030745.042735,1469783.09988184,14500528.1426169,-4141553.78364252,10358974.3589744,0,128.205128205128,1923.07692307692,1923.07692307692,0,10358974.3589744,0,0,0,0,1880.34188034188,0,512.820512820513,2393.16239316239,0,0,0,0,0,0,700.854700854701,259.82905982906,441.025641025641,13.6752136752137,6.83760683760684,6.83760683760684,13.6752136752137,0,728.205128205128,0,20.5128205128205,0,0,0,0,0,27.3504273504274,0,20.5128205128205,47.8632478632479,41.025641025641,0,0,0,0,0,386.324786324786,0,0,184.615384615385,0,0,0,0,0,0,0,0,0,0,0,0,0,0,0,0,0,0,0,19.0714285714286
4,0,0,0,96000,0,53000,0,0,0,0,0,37,3,400210,6,0.57,0,0.57,0,0,0,0,0,0,0,0.57,0,0.57,0,0,0.57,0,0.57,0,0,0,0,0,0,0,0.57,0,0.57,0,0,17.2,2,1017.54385964912,261403.50877193,261403.50877193,0,0,0,0,168421.052631579,0,92982.4561403509,0,0,0,0,0,713333.333333333,1249000,0,0,0,0,0,171929.824561403,4059426.9005848,232686.980609418,4292113.88119421,0,0,1929824.56140351,1929824.56140351,11488901.754386,7192982.45614035,614035.087719298,19295919.2982456,16447216.0959794,166480.852278713,235172.582976491,401653.435255205,12268171.7467858,8984362.85138897,26383909.8461065,2331477.99665871,28715387.8427652,-3283808.89539679,25431578.9473684,0,473.684210526316,3368.42105263158,3368.42105263158,0,25431578.9473684,0,0,0,0,421.052631578947,0,3.50877192982456,424.561403508772,0,0,0,0,0,0,582.456140350877,582.456140350877,0,533.333333333333,210.526315789474,322.80701754386,121.052631578947,0,1236.84210526316,0,3.50877192982456,0,1.75438596491228,0,0,0,43.859649122807,0,182.456140350877,589.473684210526,12.280701754386,0,0,189.473684210526,0,0,133.333333333333,0,0,80.7017543859649,0,0,0,0,0,0,0,0,0,0,0,0,0,0,0,0,0,0,0,16.0810810810811
4,0,0,0,97500,0,0,20000,0,0,0,0,37,1,400210,6,0.15,0,0.15,0,0,0,0,0,0,0,0.15,0,0.15,0,0,0.15,0,0.15,0,0,0,0,0,0,0,0.15,0,0.15,0,0,27,2,600,783333.333333333,650000,133333.333333333,0,0,0,650000,0,0,133333.333333333,0,0,0,0,2383333.33333333,796000,0,0,666666.666666667,0,0,0,2172097.77777778,89600,2261697.77777778,168160,0,2933333.33333333,2933333.33333333,2672633.33333333,14191393.3333333,0,16864026.6666667,24584127.7777778,93336.5936339111,233023.486444,326360.080077911,2998993.41341124,-20316927.7777778,24323427.7777778,3259693.41341124,27583121.191189,-23315921.191189,4267200,0,0,600,600,0,4267200,0,0,0,0,1000,0,0,1000,666.666666666667,0,0,0,0,666.666666666667,20,20,0,926.666666666667,766.666666666667,160,133.333333333333,0,1080,0,13.3333333333333,0,0,0,0,0,100,0,53.3333333333333,266.666666666667,46.6666666666667,0,0,286.666666666667,0,20,186.666666666667,0,0,106.666666666667,0,0,0,0,0,0,0,0,0,0,0,0,0,0,0,0,0,0,0,43.6315789473684
4,0,0,30000,52000,0,10000,100000,0,0,0,0,37,1,400210,6,0.19,0,0.19,0,0,0.19,0,0.19,0,0,0,0,0,0,0,0.19,0,0.19,0,0,0.19,0,0.19,0,0,0,0,0,0,0,15,2,789.473684210526,1010526.31578947,484210.526315789,526315.789473684,0,0,157894.736842105,273684.210526316,0,52631.5789473684,526315.789473684,0,0,0,0,1682631.57894737,1251842.10526316,0,0,513157.894736842,0,0,1578947.36842105,4676491.22807018,301523.545706371,4978014.77377655,1920701.75438596,3000000,0,3000000,14458531.5789474,4136294.73684211,0,18594826.3157895,17472326.5281625,486021.098678301,267621.394160789,753642.492839091,18212174.0717865,6704515.57710065,31930858.1071099,3753642.49283909,35684500.599949,-11507658.4946858,24176842.1052632,0,0,3157.89473684211,3157.89473684211,0,24176842.1052632,0,0,0,315.789473684211,421.052631578947,0,1.05263157894737,737.894736842105,5263.15789473684,0,0,0,0,5263.15789473684,826.315789473684,584.210526315789,242.105263157895,294.736842105263,126.315789473684,168.421052631579,121.052631578947,0,1242.10526315789,26.3157894736842,10.5263157894737,0,0,0,0,0,26.3157894736842,0,63.1578947368421,715.789473684211,21.0526315789474,0,0,157.894736842105,0,10.5263157894737,105.263157894737,0,0,105.263157894737,0,0,0,0,0,0,0,0,0,0,0,0,0,0,0,0,0,0,0,43.6315789473684
4,10000,0,0,20000,0,10000,132000,0,0,0,0,37,1,400210,6,0.12,0,0.12,0,0,0.12,0,0.12,0,0,0,0,0,0,0,0.12,0,0.12,0,0,0.12,0,0.12,0,0,0,0,0,0,0,14,2,1666.66666666667,1433333.33333333,333333.333333333,1100000,83333.3333333333,0,0,166666.666666667,0,83333.3333333333,1100000,0,0,0,0,2139583.33333333,1522750,0,0,15008333.3333333,0,0,291666.666666667,9579888.88888889,738888.888888889,10318777.7777778,0,2141666.66666667,0,2141666.66666667,17529791.6666667,2626525,333333.333333333,20489650,33784615.3731318,500153.984641111,443264.293439167,943418.278080278,20904774.0160596,-9984615.37313181,51604304.4444444,3085084.94474695,54689389.3891914,-30889389.3891914,23800000,0,791.666666666667,3291.66666666667,3291.66666666667,0,23800000,0,166.666666666667,0,0,333.333333333333,0,4.16666666666667,504.166666666667,6666.66666666667,0,0,0,0,6666.66666666667,1050,616.666666666667,433.333333333333,183.333333333333,91.6666666666667,91.6666666666667,141.666666666667,0,1375,0,25,0,0,0,0,0,66.6666666666667,0,241.666666666667,533.333333333333,258.333333333333,0,0,100,0,66.6666666666667,0,0,0,83.3333333333333,0,0,0,0,0,0,0,0,0,0,0,0,0,0,0,0,0,0,0,43.6315789473684
4,116000,0,0,0,0,46190,0,0,0,0,680000,33,3,418695,6,0.518,0.274,0.244,0,0,0.518,0.274,0.244,0,0,0,0,0,0,0,0.518,0.274,0.244,0,0,0.518,0.274,0.244,0,0,0,0,0,0,0,13,1,1467.18146718147,1625849.42084942,313108.108108108,1312741.31274131,223938.223938224,0,0,0,0,89169.8841698842,0,0,0,0,1312741.31274131,2068339.76833977,409942.084942085,1254826.25482625,0,0,0,0,2857142.85714286,5284684.68468468,9241698.84169884,14526383.5263835,0,1525096.52509652,0,1525096.52509652,20512694.980695,14305189.1891892,579150.579150579,35397034.7490347,37704316.4664661,577114.005992278,472838.346537838,1049952.35253012,23428946.0726792,20714602.4524528,58558213.6615187,2575048.87762664,61133262.5391453,-2714343.62022639,58418918.9189189,5791.50579150579,0,0,2200.7722007722,58418918.9189189,0,0,463.320463320463,0,0,0,0,2.8957528957529,466.216216216216,0,0,0,0,3088.80308880309,3088.80308880309,1380.30888030888,627.413127413127,752.895752895753,733.590733590734,525.096525096525,208.494208494208,94.5945945945946,0,2208.49420849421,0,3.86100386100386,0,0,0,0,0,189.189189189189,0,389.96138996139,416.988416988417,100.3861003861,0,0,297.297297297297,0,0,135.135135135135,0,0,389.96138996139,0,0,0,0,138.996138996139,0,146.718146718147,0,0,0,0,0,0,0,0,0,0,0,0,12.1666666666667
4,20000,0,0,164400,0,367000,0,0,0,42000,688000,37,3,400210,5,0.53,0,0.53,0,0,0.53,0,0.53,0,0,0,0,0,0,0,0.53,0,0.53,0,0,0.53,0,0.53,0,0,0,0,0,0,0,19,2,716.981132075472,2417735.8490566,1040377.35849057,1377358.49056604,37735.8490566038,0,0,310188.679245283,0,692452.830188679,0,0,0,79245.2830188679,1298113.20754717,1712188.67924528,1736018.86792453,0,52830.1886792453,173584.905660377,377358.490566038,0,235849.056603774,5195320.75471698,137755.710029791,5333076.46474677,0,3041509.43396226,0,3041509.43396226,23959373.5849057,1178875.47169811,132075.471698113,25270324.5283019,13623921.744226,218164.374717067,346671.413955283,564835.78867235,27691600.5091931,119720983.916151,37709177.0307845,3606345.22263461,41315522.2534191,92029383.4069582,133344905.660377,16603.7735849057,1415.09433962264,7358.49056603774,13667.9245283019,76012075.4716981,57332830.1886792,0,75.4716981132075,0,0,679.245283018868,0,19.811320754717,774.528301886792,0,0,0,337.169811320755,3018.8679245283,3356.03773584906,1462.2641509434,888.679245283019,573.584905660377,143.396226415094,143.396226415094,0,169.811320754717,0,1775.47169811321,0,45.2830188679245,0,0,0,0,0,94.3396226415094,0,384.905660377358,388.679245283019,75.4716981132075,0,0,396.22641509434,0,60.377358490566,188.679245283019,0,0,118.867924528302,0,0,0,0,0,0,22.6415094339623,0,0,0,0,0,0,0,0,0,0,0,0,16.0810810810811
4,210000,0,0,0,0,319285,0,0,0,0,0,33,3,418695,5,0.69,0,0.69,0,0,0.69,0,0.69,0,0,0,0,0,0,0,0.69,0,0.69,0,0,0.69,0,0.69,0,0,0,0,0,0,0,15,1,1376.8115942029,767079.710144928,767079.710144928,0,304347.826086957,0,0,0,0,462731.884057971,0,0,0,0,0,2561739.13043478,521739.130434783,3671014.49275362,0,343478.260869565,0,0,3745826.08695652,1762318.84057971,4152555.30129672,5914874.14187643,1739130.43478261,1913043.47826087,0,1913043.47826087,21681237.6811594,6589797.10144928,0,28271034.7826087,26273373.4897025,-4214.26761250954,432385.72683529,428171.45922278,24022452.6186431,68749090.2784134,47954611.1708619,2341214.93748365,50295826.1083456,44726637.6597704,95022463.768116,9420.28985507246,0,0,3579.71014492754,95022463.768116,0,0,608.695652173913,0,0,0,0,172.463768115942,781.159420289855,0,0,0,0,0,0,1328.98550724638,700,628.985507246377,546.376811594203,352.173913043478,194.202898550725,166.666666666667,0,2042.02898550725,0,2.89855072463768,0,2.89855072463768,0,0,0,211.594202898551,0,355.072463768116,595.652173913043,52.1739130434783,34.7826086956522,0,159.420289855072,0,0,310.144927536232,0,0,137.68115942029,0,0,0,0,69.5652173913044,0,110.144927536232,0,0,0,0,0,0,0,0,0,0,0,0,12.1666666666667
4,25000,0,0,0,0,31220.5,0,0,0,0,0,99,1,408849,6,0.2,0,0,0.2,0,0.2,0,0,0.2,0,0,0,0,0,0,0.2,0,0,0.2,0,0.2,0,0,0.2,0,0,0,0,0,0,16,2,1000,281102.5,281102.5,0,125000,0,0,0,0,156102.5,0,0,0,0,0,1133000,146500,0,0,50000,0,0,125000,466440,43200,509640,0,10000000,0,10000000,1343610,6540000,200000,8083610,9360005.33896464,87712.5045612,106456.465200625,194168.969761825,11571865.1307972,-6660005.33896464,10737701.5,10194168.9697618,20931870.4697618,-18231870.4697618,2700000,0,0,250,250,0,2700000,0,254.5,0,0,0,0,4.5,259,0,0,0,0,0,0,20,10,10,200,200,0,60,155,435,0,0,0,0,0,0,0,50,0,0,20,0,0,0,0,0,0,200,0,0,165,0,0,0,0,0,0,0,0,0,0,0,0,0,0,0,0,0,0,0,29.9444444444444
4,27000,0,0,0,0,180000,0,0,0,0,0,37,2,400210,6,0.36,0,0.36,0,0,0.36,0,0.36,0,0,0,0,0,0,0,0.36,0,0.36,0,0,0.36,0,0.36,0,0,0,0,0,0,0,22,2,680.555555555556,575000,575000,0,75000,0,0,0,0,500000,0,0,0,0,0,1229166.66666667,1344166.66666667,0,0,0,0,0,124722.222222222,635565.555555556,153508.771929825,789074.32748538,445370.37037037,2972222.22222222,0,2972222.22222222,19046377.7777778,1273466.66666667,0,20319844.4444444,6181176.92007797,160517.911028002,255785.964285,416303.875313002,22434903.875313,14138406.4132554,25227554.6978558,3388526.09753522,28616080.795391,-8296497.46205764,20319583.3333333,0,416.666666666667,2916.66666666667,2916.66666666667,0,20319583.3333333,0,166.666666666667,0,0,0,0,33.6111111111111,200.277777777778,0,0,0,0,0,0,1075,694.444444444444,380.555555555556,88.8888888888889,44.4444444444444,44.4444444444444,180.555555555556,0,1344.44444444444,0,8.33333333333333,0,0,0,0,0,138.888888888889,0,88.8888888888889,400,5.55555555555556,0,0,333.333333333333,0,0,277.777777777778,0,0,86.1111111111111,0,0,0,0,5.55555555555556,0,0,0,0,0,0,0,0,0,0,0,0,0,0,34.8888888888889
4,42000,0,0,50000,0,0,20000,0,0,0,43000,33,1,418695,5,0.17,0.17,0,0,0,0.17,0.17,0,0,0,0,0,0,0,0,0.17,0.17,0,0,0,0.17,0.17,0,0,0,0,0,0,0,0,14,2,1352.94117647059,911764.705882353,541176.470588235,370588.235294118,247058.823529412,0,0,294117.647058823,0,0,117647.058823529,0,0,0,252941.176470588,4282941.17647059,2279411.76470588,705882.352941176,0,1176470.58823529,0,0,8235294.11764706,4116176.47058824,4007058.82352941,8123235.29411765,1059882.35294118,3000000,0,3000000,32826435.2941176,0,0,32826435.2941176,27193577.3529412,661542.878659706,546616.47803,1208159.35668971,37034594.6508074,32141716.7647059,60020012.6470588,4208159.35668971,64228172.0037485,-4892877.88610148,59335294.1176471,5882.35294117647,0,0,2235.29411764706,59335294.1176471,0,0,588.235294117647,0,0,588.235294117647,0,0,1176.47058823529,588.235294117647,0,0,0,588.235294117647,1176.47058823529,1470.58823529412,1117.64705882353,352.941176470588,0,0,0,588.235294117647,0,2058.82352941176,0,17.6470588235294,0,41.1764705882353,0,0,0,194.117647058824,0,388.235294117647,282.352941176471,117.647058823529,0,0,223.529411764706,0,0,141.176470588235,0,0,429.411764705882,0,0,0,0,164.705882352941,0,58.8235294117647,0,0,0,0,0,0,0,0,0,0,0,0,37.5
