"▣ 연령별","무기질비료_질소질_지출액","무기질비료_인산질_지출액","무기질비료_가리질_지출액","무기질비료_복합_지출액","무기질비료_토양개량제_지출액","무기질비료_기타_지출액","유기질비료_퇴구비_지출액","유기질비료_계분_지출액","유기질비료_우분_지출액","유기질비료_돈분_지출액","유기질비료_기타_지출액","▣ 지역별","▣ 규모별","조성비","▣ 경영수준별","경지면적_합계_계","경지면적_합계_논","경지면적_합계_밭","경지면적_합계_임지","경지면적_합계_기타","경지면적_자작지_계","경지면적_자작지_논","경지면적_자작지_밭","경지면적_자작지_임지","경지면적_자작지_기타","경지면적_차용지_계","경지면적_차용지_논","경지면적_차용지_밭","경지면적_차용지_임지","경지면적_차용지_기타","재배면적_합계_계","재배면적_합계_논","재배면적_합계_밭","재배면적_합계_임지","재배면적_합계_기타","재배면적_자작지_계","재배면적_자작지_논","재배면적_자작지_밭","재배면적_자작지_임지","재배면적_자작지_기타","재배면적_차용지_계","재배면적_차용지_논","재배면적_차용지_밭","재배면적_차용지_임지","재배면적_차용지_기타","수령","▣ 전/겸업별","재배본수_ha당","비료비_ha당","무기질비료_ha당","유기질비료_ha당","무기질비료_질소질_지출액_ha당","무기질비료_인산질_지출액_ha당","무기질비료_가리질_지출액_ha당","무기질비료_복합_지출액_ha당","무기질비료_토양개량제_지출액_ha당","무기질비료_기타_지출액_ha당","유기질비료_퇴구비_지출액_ha당","유기질비료_계분_지출액_ha당","유기질비료_우분_지출액_ha당","유기질비료_돈분_지출액_ha당","유기질비료_기타_지출액_ha당","농약비_ha당","수도광열비_ha당","제재료비_ha당","소농구비_ha당","수선비_ha당","임차료_ha당","위탁영농비_ha당","기타비용_ha당","기계_감가상각비_ha당","시설물_감가상각비_ha당","감가상각비_ha당","자동차비_ha당","자가토지용역비_ha당","임차토지용역비_ha당","토지용역비_ha당","자가노동비_ha당","고용노동비_ha당","급식물비_ha당","노동비_ha당","경영비","고정자본용역비_ha당","유동자본용역비_ha당","자본용역비_ha당","내급비","소득","직접생산비","간접생산비","생산비 합계_ha당","순수익","총 평가액_ha당","생대추 수량_ha당","건대추_찍초 수량_ha당","건대추_소계 수량_ha당","총 생산량(건대추 기준)_ha당","생대추 평가액_ha당","건대추_소계 평가액_ha당","부산물 생산량_ha당","무기질_질소질_수량_ha당","무기질_인산질_수량_ha당","무기질_가리질_수량_ha당","무기질_복합_수량_ha당","무기질_토양개량제_수량_ha당","무기질_기타_수량_ha당","무기질_합계_수량_ha당","유기질_퇴구비_수량_ha당","유기질_계분_수량_ha당","유기질_우분_수량_ha당","유기질_돈분_수량_ha당","유기질_기타_수량_ha당","유기질_합계_수량_ha당","총 노동시간_보통자가_ha당","총 노동시간_보통자가_남_ha당","총 노동시간_보통자가_여_ha당","총 노동시간_보통고용_ha당","총 노동시간_보통고용_남_ha당","총 노동시간_보통고용_여_ha당","총 노동시간_특수자가_ha당","총 노동시간_특수고용_ha당","총 노동시간_합계_ha당","간벌_시간_ha당","건조_시간_ha당","경운_시간_ha당","관수(살수)_시간_ha당","두둑_시간_ha당","멀칭_시간_ha당","배수로 정비 및 관리_시간_ha당","병해충방제_시간_ha당","보식작업_시간_ha당","선별_시간_ha당","수확 및 운반_시간_ha당","시비_시간_ha당","시설물 보수_시간_ha당","식재(조림)_시간_ha당","열매솎기(적과)_시간_ha당","인공교배 또는 수정_시간_ha당","재배지 정리_시간_ha당","전정_시간_ha당","접목 및 관리_시간_ha당","정지_시간_ha당","제초_시간_ha당","종묘 이식_시간_ha당","차광막 설치_시간_ha당","채종_시간_ha당","꽃눈솎기(적뢰)_시간_ha당","출하_시간_ha당","지주세우기_시간_ha당","일반관리_시간_ha당","파종_시간_ha당","골목 눕히기_시간_ha당","골목 뒤집기_시간_ha당","골목 벌채_시간_ha당","골목 세우기_시간_ha당","골목 폐기_시간_ha당","버섯발생작업_시간_ha당","재배장 소독_시간_ha당","종균접종_시간_ha당","천공작업_시간_ha당","표고세척_시간_ha당","기타_시간_ha당","가중치"
1,0,0,0,0,0,193310,0,0,910800,0,448140,99,2,423960,6,0.91,0.91,0,0,0,0.91,0.91,0,0,0,0,0,0,0,0,0.49,0.49,0,0,0,0.49,0.49,0,0,0,0,0,0,0,0,3.5,2,1040.81632653061,3167857.14285714,394510.204081633,2773346.93877551,0,0,0,0,0,394510.204081633,0,0,1858775.51020408,0,914571.428571429,445510.204081633,38367.3469387755,753469.387755102,0,0,0,0,621836.734693878,750323.129251701,6707461.2244898,7457784.3537415,352653.06122449,983673.469387755,0,983673.469387755,9530024.48979592,0,0,9530024.48979592,13261438.2312925,998561.367210884,180507.609795918,1179068.9770068,11692766.9361905,-4889601.49659864,22791462.7210884,2162742.44639456,24954205.167483,-16582368.4327891,8371836.73469388,1579.59183673469,0,0,600.244897959184,8371836.73469388,0,0,0,0,0,0,0,57.1428571428571,57.1428571428571,0,0,14085.7142857143,0,1959.18367346939,16044.8979591837,585.714285714286,324.489795918367,261.224489795918,0,0,0,12.2448979591837,0,597.959183673469,0,0,0,16.3265306122449,0,0,0,20.4081632653061,0,118.367346938776,314.285714285714,59.1836734693878,0,0,0,0,0,63.265306122449,0,0,0,0,0,0,4.08163265306122,2.04081632653061,0,0,0,0,0,0,0,0,0,0,0,0,0,0,35.6
1,0,0,0,0,0,4390,0,0,0,0,0,99,2,423960,6,0.62,0.62,0,0,0,0.62,0.62,0,0,0,0,0,0,0,0,0.37,0.37,0,0,0,0.37,0.37,0,0,0,0,0,0,0,0,3,2,1972.97297297297,11864.8648648649,11864.8648648649,0,0,0,0,0,0,11864.8648648649,0,0,0,0,0,583513.513513513,647297.297297297,8378.37837837838,0,0,0,0,0,163756.756756757,11689686.4864865,11853443.2432432,0,2864864.86486486,0,2864864.86486486,18674994.5945946,1283783.78378378,0,19958778.3783784,14812241.0810811,-984911.26854054,263001.922162162,-721909.346378378,20817950.1130811,30160731.8918919,33487235.6756757,2142955.51848649,35630191.1941622,9342781.77881081,44972972.972973,4497.2972972973,0,0,1708.97297297297,44972972.972973,0,0,0,0,0,0,0,2.7027027027027,2.7027027027027,0,0,0,0,0,0,964.864864864865,508.108108108108,456.756756756757,129.72972972973,0,129.72972972973,175.675675675676,0,1270.27027027027,0,0,0,8.10810810810811,0,0,0,208.108108108108,0,245.945945945946,332.432432432432,0,0,0,0,0,0,75.6756756756757,18.9189189189189,0,175.675675675676,0,0,0,2.7027027027027,48.6486486486487,0,0,0,0,0,0,0,0,0,0,0,0,0,154.054054054054,35.6
1,0,0,0,0,0,50960,0,0,796950,0,0,33,2,434170,6,0.33,0,0.33,0,0,0.33,0,0.33,0,0,0,0,0,0,0,0.33,0,0.33,0,0,0.33,0,0.33,0,0,0,0,0,0,0,20,2,1454.54545454545,2569424.24242424,154424.242424242,2415000,0,0,0,0,0,154424.242424242,0,0,2415000,0,0,1101515.15151515,305454.545454545,0,0,1573333.33333333,0,0,0,500669.191919192,936848.484848485,1437517.67676768,196363.636363636,5842424.24242424,0,5842424.24242424,9656978.78787879,0,0,9656978.78787879,7617778.58585859,63624.6818181818,188563.155151515,252187.836969697,15751590.8672727,14473130.5050505,17274757.3737374,6094612.07939394,23369369.4531313,-1278460.36222222,22090909.0909091,2736.36363636364,33.3333333333333,33.3333333333333,1073.15151515152,21890909.0909091,200000,0,0,0,0,0,0,9.09090909090909,9.09090909090909,0,0,74700,0,0,74700,475.757575757576,463.636363636364,12.1212121212121,0,0,0,78.7878787878788,0,554.545454545455,0,6.06060606060606,0,15.1515151515152,0,0,0,51.5151515151515,0,3.03030303030303,24.2424242424242,87.8787878787879,0,0,103.030303030303,0,0,221.212121212121,0,0,42.4242424242424,0,0,0,0,0,0,0,0,0,0,0,0,0,0,0,0,0,0,0,24.75
1,0,0,0,70700,0,0,0,0,0,0,46860,99,1,423960,6,0.4,0.4,0,0,0,0.4,0.4,0,0,0,0,0,0,0,0,0.14,0.14,0,0,0,0.14,0.14,0,0,0,0,0,0,0,0,5,2,2142.85714285714,839714.285714286,505000,334714.285714286,0,0,0,505000,0,0,0,0,0,0,334714.285714286,750714.285714286,33571.4285714286,445714.285714286,0,0,0,0,1168571.42857143,12598526.7857143,5447992.85714286,18046519.6428571,617142.857142857,13771428.5714286,0,13771428.5714286,14774971.4285714,241885.714285714,0,15016857.1428571,22567793.9285714,2174160.08965476,226363.771428571,2400523.86108333,30946923.8610833,-16259222.5,37342765.3571429,16171952.4325119,53514717.7896548,-47206146.3610833,6308571.42857143,985.714285714286,0,0,374.571428571429,6308571.42857143,0,0,0,0,0,650,0,0,650,0,0,0,0,128.571428571429,128.571428571429,992.857142857143,178.571428571429,814.285714285714,14.2857142857143,14.2857142857143,0,28.5714285714286,0,1035.71428571429,0,0,0,57.1428571428571,0,0,0,35.7142857142857,0,0,500,21.4285714285714,0,0,0,0,0,85.7142857142857,0,0,207.142857142857,0,0,0,28.5714285714286,0,0,0,0,0,0,0,0,0,0,0,0,0,0,100,28.3684210526316
1,0,0,0,77770,0,56240,110880,0,0,0,0,37,3,415002,6,0.5,0,0.5,0,0,0.5,0,0.5,0,0,0,0,0,0,0,0.5,0,0.5,0,0,0.5,0,0.5,0,0,0,0,0,0,0,28,2,500,489780,268020,221760,0,0,0,155540,0,112480,221760,0,0,0,0,978200,1882200,0,0,0,0,0,137200,5200741.66666667,257608.421052632,5458350.0877193,0,1928000,0,1928000,16351820,8347180,730000,25429000,17954620.1082869,531774.044814035,358563.112,890337.156814035,19653449.1362464,23790779.8917131,34789732.0877193,2818337.15681404,37608069.2445333,4137330.75546667,41745400,0,882,6302,6302,0,41745400,0,0,0,0,454,0,8,462,1272,0,0,0,0,1272,830,504,326,426,344,82,146,0,1402,0,4,0,2,0,0,0,62,0,420,546,38,0,0,180,0,0,54,0,0,86,0,0,0,10,0,0,0,0,0,0,0,0,0,0,0,0,0,0,0,15.6578947368421
1,0,0,0,84840,0,101050,0,0,0,0,927910,33,3,434170,5,0.58,0,0.58,0,0,0.58,0,0.58,0,0,0,0,0,0,0,0.58,0,0.58,0,0,0.58,0,0.58,0,0,0,0,0,0,0,18,2,603.448275862069,1920344.82758621,320500,1599844.82758621,0,0,0,146275.862068966,0,174224.137931034,0,0,0,0,1599844.82758621,3466724.13793103,739827.586206896,0,0,0,0,0,1002931.03448276,381214.08045977,2397.68602540835,383611.766485178,50402.2988505747,1429310.34482759,0,1429310.34482759,18150091.3793103,16425189.6551724,0,34575281.0344828,24423201.3067151,40852.3341639443,517143.346896552,557995.681060496,20137397.4051984,143971798.693285,42573292.6860254,1987306.02588808,44560598.7119135,123834401.288086,168395000,11512.0689655172,0,4863.79310344828,9238.37931034483,110515862.068966,57879137.9310345,0,0,0,0,234.48275862069,0,6.89655172413793,241.379310344828,0,0,0,0,3312.06896551724,3312.06896551724,686.206896551724,686.206896551724,0,1081.03448275862,413.793103448276,667.241379310345,318.965517241379,0,2086.20689655172,0,3.44827586206897,0,13.7931034482759,0,0,0,89.6551724137931,0,300,1182.75862068966,94.8275862068965,0,0,0,0,0,137.931034482759,0,0,229.310344827586,0,0,0,15.5172413793103,0,0,0,0,0,0,0,0,0,0,0,0,0,0,18.9655172413793,13.6875
2,0,0,0,0,0,0,0,0,0,0,456920,37,3,415002,6,0.76,0,0.76,0,0,0.59,0,0.59,0,0,0.17,0,0.17,0,0,0.76,0,0.76,0,0,0.59,0,0.59,0,0,0.17,0,0.17,0,0,24.25,2,513.157894736842,601210.526315789,0,601210.526315789,0,0,0,0,0,0,0,0,0,0,601210.526315789,1205000,1135131.57894737,0,0,1366184.21052632,0,0,282236.842105263,2629175.43859649,98277.0083102493,2727452.44690674,810000,2215789.47368421,552631.578947368,2768421.05263158,19862277.6315789,3640855.26315789,0,23503132.8947368,12735704.4469067,133957.812128347,348351.911052632,482309.723180979,22560376.8284441,13978637.6583564,32045350.4995383,3250730.77581256,35296081.2753509,-8581739.17008772,26714342.1052632,0,377.631578947368,3943.42105263158,3943.42105263158,0,26714342.1052632,0,0,0,0,0,0,0,0,0,0,0,0,842.105263157895,842.105263157895,1102.63157894737,797.368421052632,305.263157894737,259.210526315789,117.105263157895,142.105263157895,76.3157894736842,0,1438.15789473684,0,3.94736842105263,0,3.94736842105263,0,0,0,36.8421052631579,0,255.263157894737,650,9.21052631578947,0,0,317.105263157895,0,0,67.1052631578947,0,0,94.7368421052632,0,0,0,0,0,0,0,0,0,0,0,0,0,0,0,0,0,0,0,15.6578947368421
2,0,0,0,0,0,0,0,0,2277000,0,2343200,99,4,423960,6,1.31,1.31,0,0,0,1.31,1.31,0,0,0,0,0,0,0,0,1.31,1.31,0,0,0,1.31,1.31,0,0,0,0,0,0,0,0,13.1666666666667,1,847.328244274809,3526870.22900763,0,3526870.22900763,0,0,0,0,0,0,0,0,1738167.9389313,0,1788702.29007634,1143511.45038168,138320.610687023,0,0,44885.4961832061,0,0,104809.160305344,2377185.11450382,81746.4845319405,2458931.59903576,205979.643765903,4341221.3740458,0,4341221.3740458,6602381.67938931,6786992.36641221,606870.229007634,13996244.2748092,15141879.388264,381328.146605062,235037.551145038,616365.6977501,11859220.1477076,24935067.1766215,22043512.4641757,4957587.0717959,27001099.5359716,13075847.0289139,40076946.5648855,5273.28244274809,0,0,2003.84732824427,40076946.5648855,0,0,0,0,0,0,0,0,0,0,0,12545.0381679389,0,15883.2061068702,28428.2442748092,295.419847328244,295.419847328244,0,309.160305343511,217.557251908397,91.6030534351145,83.969465648855,82.4427480916031,770.992366412214,0,0,0,0,0,0,0,77.0992366412214,0,0,259.541984732824,145.038167938931,0,0,0,0,170.229007633588,29.0076335877863,0,0,86.2595419847328,0,0,0,3.81679389312977,0,0,0,0,0,0,0,0,0,0,0,0,0,0,0,6.16666666666667
2,0,0,0,0,0,101930,1607760,0,0,0,0,37,4,415002,5,1.41,1.34,0.07,0,0,1.41,1.34,0.07,0,0,0,0,0,0,0,1.41,1.34,0.07,0,0,1.41,1.34,0.07,0,0,0,0,0,0,0,25.8,2,492.90780141844,1212546.09929078,72290.780141844,1140255.31914894,0,0,0,0,0,72290.780141844,1140255.31914894,0,0,0,0,546453.90070922,1053546.09929078,1106382.9787234,0,0,0,0,27375.8865248227,3145174.3498818,98082.8667413214,3243257.21662312,612765.957446808,1981560.28368794,0,1981560.28368794,9316290.07092199,5226348.93617021,803546.09929078,15346185.106383,13732458.3189826,344520.698658703,239226.876879433,583747.575538136,12396364.7852354,71063711.8937833,23563515.2449919,2565307.85922608,26128823.104218,58667347.108548,84796170.2127659,0,782.269503546099,12317.7304964539,12317.7304964539,0,84796170.2127659,0,0,0,0,0,0,2.83687943262411,2.83687943262411,5412.76595744681,0,0,0,0,5412.76595744681,486.524822695035,251.77304964539,234.751773049645,339.716312056738,178.723404255319,160.992907801418,84.3971631205674,0,910.63829787234,0,2.12765957446809,0,0,0,0,0,32.6241134751773,0,185.106382978723,460.992907801418,20.5673758865248,0,0,102.127659574468,0,0,49.645390070922,0,0,51.063829787234,0,0,0,5.67375886524823,0,0,0,0,0,0,0,0,0,0,0,0,0,0,0.709219858156028,22.25
2,0,0,0,0,0,102380,0,0,0,0,0,37,1,415002,5,0.22,0,0.22,0,0,0.22,0,0.22,0,0,0,0,0,0,0,0.22,0,0.22,0,0,0.22,0,0.22,0,0,0,0,0,0,0,26,2,772.727272727273,465363.636363636,465363.636363636,0,0,0,0,0,0,465363.636363636,0,0,0,0,0,1208636.36363636,149545.454545455,0,0,0,0,0,98181.8181818182,353257.575757576,43403.1100478469,396660.685805423,200303.03030303,3068181.81818182,0,3068181.81818182,28637904.5454545,1279090.90909091,0,29916995.4545455,4212783.89792664,100801.902009569,394800.161818182,495602.063827751,32201688.4274641,47087216.1020734,32850688.4433812,3563783.88200957,36414472.3253908,14885527.6746092,51300000,5181.81818181818,0,0,1969.09090909091,51300000,0,0,0,0,0,0,0,27.2727272727273,27.2727272727273,0,0,0,0,0,0,1681.81818181818,1186.36363636364,495.454545454545,90.9090909090909,0,90.9090909090909,95.4545454545455,0,1868.18181818182,0,0,0,0,0,0,0,136.363636363636,0,0,290.909090909091,0,0,0,690.909090909091,0,0,645.454545454545,0,0,104.545454545455,0,0,0,0,0,0,0,0,0,0,0,0,0,0,0,0,0,0,0,43.6315789473684
2,0,0,0,0,0,105450,0,0,0,0,0,33,2,434170,6,0.46,0,0.46,0,0,0.46,0,0.46,0,0,0,0,0,0,0,0.46,0,0.46,0,0,0.46,0,0.46,0,0,0,0,0,0,0,5,1,239.130434782609,229239.130434783,229239.130434783,0,0,0,0,0,0,229239.130434783,0,0,0,0,0,1132608.69565217,247391.304347826,0,0,0,0,0,0,196086.956521739,0,196086.956521739,0,2515217.39130435,0,2515217.39130435,4661745.65217391,0,0,4661745.65217391,2239496.08695652,19769.9130434783,77760.2113043478,97530.1243478261,7274493.16782609,6647895.2173913,6901241.73913044,2612747.51565217,9513989.25478261,-626597.950434783,8887391.30434783,0,23.9130434782609,758.695652173913,758.695652173913,0,8887391.30434782,0,0,0,0,0,0,6.52173913043478,6.52173913043478,0,0,0,0,0,0,195.652173913043,165.217391304348,30.4347826086957,0,0,0,67.3913043478261,0,263.04347826087,0,2.17391304347826,0,10.8695652173913,0,0,0,41.304347826087,0,6.52173913043478,56.5217391304348,4.34782608695652,0,0,54.3478260869565,0,4.34782608695652,47.8260869565217,0,0,34.7826086956522,0,0,0,0,0,0,0,0,0,0,0,0,0,0,0,0,0,0,0,24.75
2,0,0,0,0,0,17580,0,0,182160,0,432320,33,1,434170,6,0.26,0,0.26,0,0,0.26,0,0.26,0,0,0,0,0,0,0,0.26,0,0.26,0,0,0.26,0,0.26,0,0,0,0,0,0,0,16,2,769.230769230769,2431000,67615.3846153846,2363384.61538462,0,0,0,0,0,67615.3846153846,0,0,700615.384615385,0,1662769.23076923,1544615.38461538,497307.692307692,0,0,1597307.69230769,0,0,0,975399.038461538,12961.5384615385,988360.576923077,823269.230769231,2596153.84615385,0,2596153.84615385,15568842.3076923,0,0,15568842.3076923,8316030.57692308,137620.076538462,268324.506153846,405944.582692308,18570940.7365385,-6723722.88461538,23884872.8846154,3002098.42884615,26886971.3134615,-25294663.6211538,1592307.69230769,0,265.384615384615,265.384615384615,265.384615384615,0,1592307.69230769,0,0,0,0,0,0,7.69230769230769,7.69230769230769,0,0,63207.6923076923,0,3692.30769230769,66900,746.153846153846,746.153846153846,0,0,0,0,150,0,896.153846153846,0,3.84615384615385,0,19.2307692307692,0,0,0,80.7692307692308,0,0,19.2307692307692,173.076923076923,0,0,261.538461538462,0,0,265.384615384615,0,0,73.0769230769231,0,0,0,0,0,0,0,0,0,0,0,0,0,0,0,0,0,0,0,41.6666666666667
2,0,0,0,0,0,18440,0,0,0,0,0,33,3,434170,6,0.79,0.25,0.54,0,0,0.79,0.25,0.54,0,0,0,0,0,0,0,0.71,0.25,0.46,0,0,0.71,0.25,0.46,0,0,0,0,0,0,0,14,2,1549.29577464789,25971.8309859155,25971.8309859155,0,0,0,0,0,0,25971.8309859155,0,0,0,0,0,2617605.63380282,384225.352112676,1662535.21126761,0,292394.366197183,0,0,1044929.57746479,1847077.46478873,6857211.26760563,8704288.73239437,342253.521126761,1752112.67605634,0,1752112.67605634,9042657.74647887,1693647.88732394,0,10736305.6338028,17202022.1126761,849127.313521127,207873.198309859,1057000.51183099,11851770.9343662,31464597.6056338,26244679.8591549,2809113.18788732,29053793.0470423,19612826.6712676,48666619.7183099,1881.69014084507,0,761.971830985916,1477.01408450704,32741408.4507042,15925211.2676056,0,0,0,0,0,0,576.056338028169,576.056338028169,0,0,0,0,0,0,459.154929577465,288.732394366197,170.422535211268,108.450704225352,42.2535211267606,66.1971830985916,87.3239436619718,0,654.929577464789,0,5.63380281690141,0,7.04225352112676,0,0,0,18.3098591549296,0,192.957746478873,197.183098591549,9.85915492957747,0,0,0,0,0,147.887323943662,0,0,46.4788732394366,0,0,0,8.45070422535211,0,0,0,0,0,0,0,0,0,0,0,0,0,0,21.1267605633803,13.6875
2,0,0,0,0,0,35150,0,0,546480,0,203860,33,3,434170,5,0.5,0,0.5,0,0,0.5,0,0.5,0,0,0,0,0,0,0,0.5,0,0.5,0,0,0.5,0,0.5,0,0,0,0,0,0,0,16,2,560,1570980,70300,1500680,0,0,0,0,0,70300,0,0,1092960,0,407720,1538800,651200,0,0,934400,0,0,0,398868.333333333,676530,1075398.33333333,0,1928000,0,1928000,8524478,562800,0,9087278,6767748.33333333,96611.1156,170904.9592,267516.0748,10719994.0748,51812051.6666667,15292226.3333333,2195516.0748,17487742.4081333,41092057.5918667,58579800,5696,92,430,2594.48,54681600,3898200,0,0,0,0,0,0,2,2,0,0,82170,0,854,83024,402,358,44,40,0,40,88,0,530,0,2,0,12,0,0,0,54,0,26,182,42,0,0,100,0,0,48,0,0,36,0,0,0,0,0,0,0,0,0,0,0,0,0,0,0,0,0,0,28,13.6875
2,0,0,0,0,0,39710,0,0,0,0,0,37,3,415002,6,0.5,0,0.5,0,0,0.5,0,0.5,0,0,0,0,0,0,0,0.5,0,0.5,0,0,0.5,0,0.5,0,0,0,0,0,0,0,30.5,2,360,79420,79420,0,0,0,0,0,0,79420,0,0,0,0,0,782600,1935200,0,0,0,0,0,103000,4300553.33333333,188715.789473684,4489269.12280702,1296000,2312000,0,2312000,18339286,16142680,1690000,36171966,26034342.0554621,678675.158196491,484495.1064,1163170.26459649,22713285.3319414,26174257.9445379,45272457.122807,3475170.26459649,48747627.3874035,3460972.61259649,52208600,0,1104,7882,7882,0,52208600,0,0,0,0,0,0,6,6,0,0,0,0,0,0,916,468,448,1058,354,704,192,0,2166,0,6,0,0,0,0,0,60,0,802,946,12,0,0,158,0,0,42,0,0,130,0,0,0,10,0,0,0,0,0,0,0,0,0,0,0,0,0,0,0,15.6578947368421
2,0,0,0,0,0,47350,110880,0,0,0,0,37,2,415002,5,0.43,0,0.43,0,0,0.43,0,0.43,0,0,0,0,0,0,0,0.43,0,0.43,0,0,0.43,0,0.43,0,0,0,0,0,0,0,32.5,2,348.837209302326,367976.744186046,110116.279069767,257860.465116279,0,0,0,0,0,110116.279069767,257860.465116279,0,0,0,0,1217906.97674419,4738837.20930232,0,0,0,0,0,179534.88372093,5967982.55813953,158629.130966952,6126611.68910648,0,2913953.48837209,0,2913953.48837209,32814532.5581395,18436060.4651163,1227906.97674419,52478500,31923637.3891718,442096.094067727,731386.172093023,1173482.26616075,37688167.868421,154987990.517805,65524369.50306,4087435.75453284,69611805.2575928,117299822.649384,186911627.906977,2048.83720930233,513.953488372093,25100,25878.5581395348,10449069.7674419,176462558.139535,0,0,0,0,0,0,6.97674418604651,6.97674418604651,590.697674418605,0,0,0,0,590.697674418605,1827.90697674419,909.302325581395,918.604651162791,1023.25581395349,425.581395348837,597.674418604651,188.372093023256,0,3039.53488372093,0,0,0,2.32558139534884,0,0,0,69.7674418604651,0,1279.06976744186,1353.48837209302,20.9302325581395,0,0,102.325581395349,0,0,76.7441860465116,0,0,123.255813953488,0,0,0,11.6279069767442,0,0,0,0,0,0,0,0,0,0,0,0,0,0,0,31.4
2,0,0,0,0,0,49200,0,0,0,0,0,37,3,415002,6,0.6,0,0.6,0,0,0.6,0,0.6,0,0,0,0,0,0,0,0.6,0,0.6,0,0,0.6,0,0.6,0,0,0,0,0,0,0,23.75,2,565,82000,82000,0,0,0,0,0,0,82000,0,0,0,0,0,590500,1488833.33333333,0,0,0,0,0,8666.66666666667,2464581.94444444,114252.631578947,2578834.57602339,1260000,2570000,0,2570000,18640485,7104483.33333333,0,25744968.3333333,13528319.9093567,421778.226432748,346145.607333333,767923.833766082,21978408.8337661,11558180.0906433,32168804.9093567,3337923.83376608,35506728.7431228,-10420228.7431228,25086500,0,275,3665,3665,0,25086500,0,0,0,0,0,0,5,5,0,0,0,0,0,0,970,576.666666666667,393.333333333333,443.333333333333,218.333333333333,225,141.666666666667,0,1555,0,3.33333333333333,0,0,0,0,0,46.6666666666667,0,548.333333333333,780,6.66666666666667,0,0,73.3333333333333,0,0,0,0,0,91.6666666666667,0,0,0,5,0,0,0,0,0,0,0,0,0,0,0,0,0,0,0,15.6578947368421
2,0,0,0,0,0,95780,0,0,0,0,257750,37,1,415002,6,0.28,0.28,0,0,0,0.28,0.28,0,0,0,0,0,0,0,0,0.28,0.28,0,0,0,0.28,0.28,0,0,0,0,0,0,0,0,18,2,1607.14285714286,1262607.14285714,342071.428571429,920535.714285714,0,0,0,0,0,342071.428571429,0,0,0,0,920535.714285714,796785.714285714,921428.571428571,0,0,0,0,0,231428.571428571,310250,71052.6315789474,381302.631578947,379464.285714286,2135714.28571429,0,2135714.28571429,20814396.4285714,0,0,20814396.4285714,4388018.91729323,107867.930977444,297930.415714286,405798.346691729,23355909.0609774,7284123.93984962,25202415.3458647,2541512.63240601,27743927.9782707,-16071785.1211278,11672142.8571429,0,128.571428571429,1825,1825,0,11672142.8571429,0,0,0,0,0,0,21.4285714285714,21.4285714285714,0,0,0,0,3050,3050,1128.57142857143,1128.57142857143,0,0,0,0,75,0,1203.57142857143,0,7.14285714285714,0,0,0,0,0,128.571428571429,0,32.1428571428571,142.857142857143,46.4285714285714,0,0,332.142857142857,0,0,410.714285714286,0,0,100,0,0,0,0,3.57142857142857,0,0,0,0,0,0,0,0,0,0,0,0,0,0,43.6315789473684
2,0,0,0,130800,0,282050,130980,0,0,0,0,38,1,389606,6,0.16,0.16,0,0,0,0,0,0,0,0,0.16,0.16,0,0,0,0.16,0.16,0,0,0,0,0,0,0,0,0.16,0.16,0,0,0,38,2,812.5,3398937.5,2580312.5,818625,0,0,0,817500,0,1762812.5,818625,0,0,0,0,3981250,2050000,0,0,0,1135625,0,0,2475898.4375,53289.4736842105,2529187.91118421,0,0,1050000,1050000,23925431.25,7412500,200000,31537931.25,21994413.2990631,237009.153947368,522086.4225,759095.576447368,24837219.9385685,-13714413.2990631,45022537.6611842,1809095.57644737,46831633.2376316,-38551633.2376316,8280000,0,362.5,1687.5,1687.5,0,8280000,0,0,0,0,1412.5,0,1537.5,2950,4293.75,0,0,0,0,4293.75,1081.25,825,256.25,350,300,50,337.5,87.5,1856.25,0,50,0,0,0,0,0,337.5,0,0,218.75,212.5,0,0,0,0,225,556.25,0,0,225,0,0,0,31.25,0,0,0,0,0,0,0,0,0,0,0,0,0,0,0,40.1
2,0,0,0,1744880,0,16610,0,0,0,0,0,33,4,434170,5,2.1,0,2.1,0,0,1.31,0,1.31,0,0,0.79,0,0.79,0,0,2.1,0,2.1,0,0,1.31,0,1.31,0,0,0.79,0,0.79,0,0,16.4,2,1880.95238095238,838804.761904762,838804.761904762,0,0,0,0,830895.238095238,0,7909.52380952381,0,0,0,0,0,1183047.61904762,343428.571428571,0,0,0,0,0,14285.7142857143,248863.293650794,155763.80952381,404627.103174603,8031.74603174603,3974761.9047619,1800952.38095238,5775714.28571429,3845136.66666667,4770476.19047619,0,8615612.85714286,9797824.08730159,38188.3346190476,136340.226095238,174528.560714286,7994427.13214286,54696223.531746,11842008.3730159,5950242.84642857,17792251.2194444,46701796.3996032,64494047.6190476,3179.52380952381,0,671.904761904762,1880.12380952381,51190333.3333333,13303714.2857143,0,0,0,0,378.095238095238,0,0.952380952380952,379.047619047619,0,0,0,0,0,0,122.857142857143,122.857142857143,0,389.047619047619,194.285714285714,194.761904761905,87.6190476190476,20.4761904761905,620,0,0.952380952380952,0,5.23809523809524,0,0,0,35.7142857142857,0,30.4761904761905,426.190476190476,9.04761904761905,0,0,0,0,0,35.7142857142857,0,0,71.4285714285714,0,0,0,5.23809523809524,0,0,0,0,0,0,0,0,0,0,0,0,0,0,0,9.11111111111111
2,0,0,0,1965460,0,0,0,0,0,0,0,33,3,434170,5,0.98,0,0.98,0,0,0.69,0,0.69,0,0,0.29,0,0.29,0,0,0.98,0,0.98,0,0,0.69,0,0.69,0,0,0.29,0,0.29,0,0,15,1,1520.40816326531,2005571.42857143,2005571.42857143,0,0,0,0,2005571.42857143,0,0,0,0,0,0,0,2747959.18367347,502653.06122449,0,0,0,0,0,2184081.63265306,1094702.38095238,345887.755102041,1440590.13605442,206547.619047619,1967346.93877551,1715306.12244898,3682653.06122449,9572369.3877551,7966091.83673469,0,17538461.2244898,19202971.0204082,110294.921088435,309736.208979592,420031.130068027,11959747.4565986,256377028.979592,27060034.2857143,4102684.19129252,31162718.4770068,244417281.522993,275580000,22709.1836734694,0,2878.57142857143,11508.0612244898,238446428.571429,37133571.4285714,0,0,0,0,1470.40816326531,0,0,1470.40816326531,0,0,0,0,0,0,387.755102040816,387.755102040816,0,685.714285714286,33.6734693877551,652.040816326531,146.938775510204,0,1220.40816326531,0,4.08163265306122,0,12.2448979591837,0,0,0,40.8163265306122,0,96.9387755102041,745.918367346939,17.3469387755102,0,0,0,0,0,203.061224489796,0,0,91.8367346938776,0,0,0,8.16326530612245,0,0,0,0,0,0,0,0,0,0,0,0,0,0,0,13.6875
2,0,0,0,21210,0,0,0,0,0,0,878700,37,3,415002,6,0.79,0,0.79,0,0,0.79,0,0.79,0,0,0,0,0,0,0,0.79,0,0.79,0,0,0.79,0,0.79,0,0,0,0,0,0,0,28.5,2,443.037974683544,1139126.58227848,26848.1012658228,1112278.48101266,0,0,0,26848.1012658228,0,0,0,0,0,0,1112278.48101266,1164556.96202532,1023417.72151899,0,0,87594.9367088608,0,0,168607.594936709,2696185.12658228,211538.974017322,2907724.1005996,1774810.12658228,2806329.11392405,0,2806329.11392405,15232551.8987342,1136151.89873418,0,16368703.7974684,9816991.92338441,280094.136015989,262970.818227848,543064.954243837,18581945.9669021,4014400.48167888,25049543.8221186,3349394.06816789,28398937.8902865,-14567545.4852232,13831392.4050633,359.493670886076,29.1139240506329,1744.30379746835,1880.91139240506,1545822.78481013,12285569.6202532,0,0,0,0,56.9620253164557,0,0,56.9620253164557,0,0,0,0,2026.58227848101,2026.58227848101,782.278481012658,782.278481012658,0,84.8101265822785,84.8101265822785,0,79.746835443038,0,946.835443037975,0,2.53164556962025,0,5.06329113924051,0,0,0,39.2405063291139,0,174.683544303797,159.493670886076,35.4430379746835,0,0,211.392405063291,0,70.8860759493671,145.569620253165,0,0,102.53164556962,0,0,0,0,0,0,0,0,0,0,0,0,0,0,0,0,0,0,0,15.6578947368421
2,0,0,0,29690,0,0,0,75600,0,0,0,99,1,423960,6,0.42,0.42,0,0,0,0.42,0.42,0,0,0,0,0,0,0,0,0.21,0.21,0,0,0,0.21,0.21,0,0,0,0,0,0,0,0,3,2,1142.85714285714,501380.952380952,141380.952380952,360000,0,0,0,141380.952380952,0,0,0,360000,0,0,0,1465714.28571429,357142.857142857,0,451428.571428571,124761.904761905,0,0,118095.238095238,280000,12342.8571428571,292342.857142857,2571428.57142857,2757142.85714286,0,2757142.85714286,15595366.6666667,0,0,15595366.6666667,6306255.23809524,359648.796952381,230812.241904762,590461.038857143,18942970.5626667,8657078.09523809,21901621.9047619,3347603.896,25249225.8007619,-10285892.4674286,14963333.3333333,2233.33333333333,0,0,848.666666666667,14963333.3333333,0,0,0,0,0,323.809523809524,0,0,323.809523809524,0,4300,0,0,0,4300,761.904761904762,761.904761904762,0,0,0,0,109.52380952381,0,871.428571428571,0,0,0,0,0,0,0,104.761904761905,0,138.095238095238,200,57.1428571428571,0,0,0,0,0,71.4285714285714,57.1428571428571,0,80.9523809523809,0,0,0,9.52380952380952,128.571428571429,0,0,0,0,0,0,0,0,0,0,0,0,0,23.8095238095238,28.3684210526316
2,0,0,0,35350,0,0,0,0,0,0,0,99,1,423960,6,0.11,0.11,0,0,0,0.11,0.11,0,0,0,0,0,0,0,0,0.11,0.11,0,0,0,0.11,0.11,0,0,0,0,0,0,0,0,9,2,1000,321363.636363636,321363.636363636,0,0,0,0,321363.636363636,0,0,0,0,0,0,0,0,139090.909090909,0,0,0,0,0,0,689090.909090909,75418.1818181818,764509.090909091,0,1045454.54545455,0,1045454.54545455,4192018.18181818,4008481.81818182,172727.272727273,8373227.27272727,5741836.17611504,162580.480727273,109537.654545455,272118.135272727,5597887.41370314,24590891.0966122,10022150.9090909,1317572.68072727,11339723.5898182,18993003.6829091,30332727.2727273,4527.27272727273,0,0,1720.36363636364,30332727.2727273,0,0,0,0,0,409.090909090909,0,0,409.090909090909,0,0,0,0,0,0,118.181818181818,118.181818181818,0,227.272727272727,227.272727272727,0,109.090909090909,0,454.545454545455,0,0,0,0,0,0,0,0,0,0,154.545454545455,18.1818181818182,0,0,0,0,0,172.727272727273,0,0,109.090909090909,0,0,0,0,0,0,0,0,0,0,0,0,0,0,0,0,0,0,0,28.3684210526316
2,0,0,0,402990,0,1802230,0,0,0,0,1127670,37,4,415002,6,2.89,2.89,0,0,0,2.89,2.89,0,0,0,0,0,0,0,0,2.89,2.89,0,0,0,2.89,2.89,0,0,0,0,0,0,0,0,36.3333333333333,2,294.117647058824,1153249.1349481,763051.903114187,390197.23183391,0,0,0,139442.906574394,0,623608.996539793,0,0,0,0,390197.23183391,1241107.26643599,1286228.37370242,0,54186.8512110727,0,361972.3183391,0,7508.65051903114,155832.46828143,16906.3012201785,172738.769501609,93010.3806228374,533564.013840831,0,533564.013840831,9746307.95847751,5837024.22145329,312456.747404844,15895788.9273356,10739064.3991023,35690.3579803314,248000.514878893,283690.872859224,10758983.1602135,11556298.922697,20680792.6726158,817254.886700055,21498047.5593159,797315.762483455,22295363.3217993,22.1453287197232,305.536332179931,3354.32525951557,3362.74048442907,219238.75432526,22076124.5674741,0,0,0,0,392.387543252595,0,14.5328719723183,406.920415224914,0,0,0,0,1292.3875432526,1292.3875432526,456.747404844291,241.176470588235,215.570934256055,346.020761245675,241.868512110727,104.152249134948,141.868512110727,0,944.636678200692,0,8.30449826989619,0,1.73010380622837,0,0,0,82.6989619377163,0,31.8339100346021,200.346020761246,27.681660899654,0,0,331.141868512111,0,0,184.083044982699,0,0,65.3979238754325,0,0,0,0,1.3840830449827,0,0,0,0,0,0,0,0,0,0,0,0,0,10.0346020761246,22.25
2,0,0,0,50900,0,239870,0,0,0,0,0,37,3,415002,6,0.58,0,0.58,0,0,0.58,0,0.58,0,0,0,0,0,0,0,0.58,0,0.58,0,0,0.58,0,0.58,0,0,0,0,0,0,0,16.25,2,644.827586206897,501327.586206896,501327.586206896,0,0,0,0,87758.6206896552,0,413568.965517241,0,0,0,0,0,1083965.51724138,585000,0,0,0,548448.275862069,0,224655.172413793,228023.706896552,68368.9655172414,296392.672413793,183189.655172414,5034482.75862069,0,5034482.75862069,17687537.9310345,2245672.4137931,181034.482758621,20114244.8275862,6104048.61010675,95143.9434310345,285914.753103448,381058.696534483,23263718.551945,19396296.2174795,23952225.7068965,5415541.45515517,29367767.1620517,-3867422.33446551,25500344.8275862,0,341.379310344828,3731.03448275862,3731.03448275862,0,25500344.8275862,0,0,0,0,234.48275862069,0,13.7931034482759,248.275862068965,0,0,0,0,0,0,681.034482758621,681.034482758621,0,137.931034482759,67.2413793103448,70.6896551724138,306.896551724138,0,1125.86206896552,0,13.7931034482759,0,6.89655172413793,0,0,0,196.551724137931,0,58.6206896551724,274.137931034483,17.2413793103448,0,0,93.1034482758621,0,10.3448275862069,353.448275862069,0,0,100,0,0,0,0,1.72413793103448,0,0,0,0,0,0,0,0,0,0,0,0,0,0,15.6578947368421
2,0,0,0,61370,0,138830,0,0,0,0,0,37,1,415002,5,0.27,0,0.27,0,0,0.27,0,0.27,0,0,0,0,0,0,0,0.27,0,0.27,0,0,0.27,0,0.27,0,0,0,0,0,0,0,33,2,925.925925925926,741481.481481481,741481.481481481,0,0,0,0,227296.296296296,0,514185.185185185,0,0,0,0,0,1638518.51851852,3660740.74074074,0,0,0,0,0,718888.888888889,1851333.33333333,103157.894736842,1954491.22807018,489629.62962963,5281481.48148148,0,5281481.48148148,34962455.5555556,765666.666666667,0,35728122.2222222,10384419.1539961,281245.45871345,526848.122962963,808093.581676413,41052030.6187134,48865951.2163743,45346874.7095516,6089575.06315789,51436449.7727095,7813920.59766082,59250370.3703704,0,533.333333333333,8562.96296296296,8562.96296296296,0,59250370.3703704,0,0,0,0,503.703703703704,0,18.5185185185185,522.222222222222,0,0,0,0,0,0,1929.62962962963,1292.59259259259,637.037037037037,48.1481481481481,22.2222222222222,25.9259259259259,200,0,2177.77777777778,0,33.3333333333333,0,7.40740740740741,0,0,0,148.148148148148,0,88.8888888888889,437.037037037037,11.1111111111111,0,0,818.518518518518,0,0,451.851851851852,0,0,177.777777777778,0,0,0,0,3.7037037037037,0,0,0,0,0,0,0,0,0,0,0,0,0,0,43.6315789473684
2,0,0,0,80600,0,263610,0,0,0,0,0,38,2,389606,6,0.37,0,0.37,0,0,0.37,0,0.37,0,0,0,0,0,0,0,0.37,0,0.37,0,0,0.37,0,0.37,0,0,0,0,0,0,0,38,2,918.918918918919,930297.297297297,930297.297297297,0,0,0,0,217837.837837838,0,712459.45945946,0,0,0,0,0,1073783.78378378,107297.297297297,0,0,0,0,0,0,792287.162162162,12290.1849217639,804577.347083926,0,259459.459459459,0,259459.459459459,7306545.94594595,570405.405405405,0,7876951.35135135,3875967.13086771,75656.5799288762,123855.288648649,199511.868577525,7765517.27398293,14493762.598862,11182513.0768137,458971.328036984,11641484.4048506,6728245.32487909,18369729.7297297,0,0,1913.51351351351,1913.51351351351,0,18369729.7297297,0,0,0,0,367.567567567568,0,662.162162162162,1029.72972972973,0,0,0,0,0,0,340.540540540541,340.540540540541,0,40.5405405405405,0,40.5405405405405,78.3783783783784,0,459.459459459459,0,0,0,0,0,0,0,40.5405405405405,0,0,108.108108108108,18.9189189189189,0,0,0,0,118.918918918919,86.4864864864865,0,0,81.0810810810811,0,0,0,5.40540540540541,0,0,0,0,0,0,0,0,0,0,0,0,0,0,0,40.1
2,38180,0,0,0,0,0,0,0,0,0,0,33,1,434170,6,0.26,0,0,0.26,0,0.26,0,0,0.26,0,0,0,0,0,0,0.26,0,0,0.26,0,0.26,0,0,0.26,0,0,0,0,0,0,9.66666666666667,2,1269.23076923077,146846.153846154,146846.153846154,0,146846.153846154,0,0,0,0,0,0,0,0,0,0,1841538.46153846,422692.307692308,0,0,0,394615.384615385,0,976538.461538462,2177878.20512821,4523538.46153846,6701416.66666667,74743.5897435897,2892307.69230769,0,2892307.69230769,17649300,0,0,17649300,10992561.025641,832450.416153846,265750.981538462,1098201.39769231,21639809.09,5534362.05128205,28641861.025641,3990509.09,32632370.115641,-16105447.0387179,16526923.0769231,857.692307692308,42.3076923076923,207.692307692308,533.615384615385,13808846.1538462,2718076.92307692,0,323.076923076923,0,0,0,0,0,323.076923076923,0,0,0,0,0,0,923.076923076923,334.615384615385,588.461538461538,0,0,0,215.384615384615,0,1138.46153846154,0,3.84615384615385,0,0,0,0,0,138.461538461538,0,134.615384615385,53.8461538461538,26.9230769230769,0,0,0,0,0,542.307692307692,7.69230769230769,0,196.153846153846,0,0,0,19.2307692307692,0,0,0,0,0,0,0,0,0,0,0,0,0,0,15.3846153846154,41.6666666666667
2,382420,0,0,532020,41210,329510,0,0,0,0,2226040,33,4,434170,5,1.37,0.07,1.26,0,0.04,1.37,0.07,1.26,0,0.04,0,0,0,0,0,1.37,0.07,1.26,0,0.04,1.37,0.07,1.26,0,0.04,0,0,0,0,0,10.75,1,1014.59854014599,2562919.7080292,938072.99270073,1624846.71532847,279138.686131387,0,0,388335.766423358,30080.2919708029,240518.248175182,0,0,0,0,1624846.71532847,1891532.84671533,1209124.08759124,1667810.2189781,0,903941.605839416,0,0,907883.211678832,3948719.5863747,5660643.87245486,9609363.45882956,3954306.56934306,2000729.9270073,0,2000729.9270073,15420812.4087591,9565036.49635036,0,24985848.9051095,32706088.2033551,1184176.73670124,457082.219854015,1641258.95655526,19062801.2923217,417184203.767448,48126900.6121142,3641988.88356256,51768889.4956768,398121402.475126,449890291.970803,33301.4598540146,0,927.007299270073,13581.5620437956,429588832.116788,20301459.8540146,0,490.510948905109,0,0,694.890510948905,3.64963503649635,75.1824817518248,1264.23357664234,0,0,0,0,7788.32116788321,7788.32116788321,796.350364963504,518.978102189781,277.372262773723,744.525547445255,97.8102189781022,646.715328467153,123.357664233577,0,1664.23357664234,0,10.9489051094891,0,5.83941605839416,0,0,0,41.6058394160584,0,350.36496350365,964.963503649635,32.8467153284671,0,0,0,0,16.0583941605839,75.1824817518248,0,0,72.2627737226277,0,0,0,2.91970802919708,42.3357664233577,0,0,0,0,0,0,0,0,0,0,0,0,0,48.9051094890511,9.11111111111111
3,0,0,0,0,0,0,0,0,0,0,0,33,2,434170,6,0.42,0,0.42,0,0,0.42,0,0.42,0,0,0,0,0,0,0,0.42,0,0.42,0,0,0.42,0,0.42,0,0,0,0,0,0,0,17,2,952.380952380952,0,0,0,0,0,0,0,0,0,0,0,0,0,0,1730476.19047619,335952.380952381,0,0,0,0,0,183809.523809524,5562313.49206349,6612626.19047619,12174939.6825397,20575.3968253968,2295238.0952381,0,2295238.0952381,8882997.61904762,472476.19047619,0,9355473.80952381,15352399.3650794,982587.975595238,143910.827619048,1126498.80321429,12304734.5175,20165457.7777778,24235396.984127,3421736.89845238,27657133.8825794,7860723.26027778,35517857.1428571,2321.42857142857,0,0,882.142857142857,35517857.1428571,0,0,0,0,0,0,0,0,0,0,0,0,0,0,0,409.52380952381,238.095238095238,171.428571428571,26.1904761904762,26.1904761904762,0,114.285714285714,0,550,0,0,0,7.14285714285714,0,0,0,21.4285714285714,0,192.857142857143,116.666666666667,0,0,0,0,0,0,61.9047619047619,0,0,121.428571428571,0,0,0,16.6666666666667,9.52380952380952,0,0,0,0,0,0,0,0,0,0,0,0,0,2.38095238095238,24.75
3,0,0,0,0,0,0,0,0,0,0,0,33,3,434170,6,0.63,0,0.63,0,0,0.63,0,0.63,0,0,0,0,0,0,0,0.63,0,0.63,0,0,0.63,0,0.63,0,0,0,0,0,0,0,19,2,984.126984126984,0,0,0,0,0,0,0,0,0,0,0,0,0,0,758571.428571429,425873.015873016,0,0,0,0,0,894603.174603175,367811.507936508,433.333333333333,368244.841269841,46402.1164021164,1758730.15873016,0,1758730.15873016,6109988.88888889,735888.888888889,0,6845877.77777778,3663753.46560847,23580.3110687831,110669.074920635,134249.385989418,8002968.43360847,14867675.1058201,9773742.35449735,1892979.54471958,11666721.8992169,6864706.67221164,18531428.5714286,0,0,895.238095238095,895.238095238095,0,18531428.5714286,0,0,0,0,0,0,0,0,0,0,0,0,0,0,250.793650793651,136.507936507937,114.285714285714,46.031746031746,22.2222222222222,23.8095238095238,107.936507936508,0,404.761904761905,0,9.52380952380952,0,11.1111111111111,0,0,0,66.6666666666667,0,73.015873015873,119.047619047619,0,0,0,0,0,0,25.3968253968254,0,0,63.4920634920635,0,0,0,14.2857142857143,0,0,0,0,0,0,0,0,0,0,0,0,0,0,22.2222222222222,13.6875
3,0,0,0,0,0,0,0,0,0,0,0,37,3,415002,6,0.59,0.19,0.4,0,0,0.59,0.19,0.4,0,0,0,0,0,0,0,0.59,0.19,0.4,0,0,0.59,0.19,0.4,0,0,0,0,0,0,0,22,2,1405.08474576271,0,0,0,0,0,0,0,0,0,0,0,0,0,0,333389.830508475,637966.101694915,0,0,0,0,0,40677.9661016949,624101.694915254,0,624101.694915254,0,3428813.55932203,0,3428813.55932203,19075845.7627119,749152.542372881,0,19824998.3050847,2800290.13559322,39536.4682485876,258379.199322034,297915.667570621,22802574.9896045,18731235.2881356,21876135.8983051,3726729.22689265,25602865.1251977,-4071339.70146892,21531525.4237288,0,374.576271186441,3437.28813559322,3437.28813559322,0,21531525.4237288,0,0,0,0,0,0,0,0,0,0,0,0,0,0,1150.84745762712,862.71186440678,288.135593220339,66.1016949152542,32.2033898305085,33.8983050847458,6.77966101694915,0,1223.72881355932,0,103.389830508475,0,0,0,0,0,44.0677966101695,0,149.152542372881,315.254237288136,0,0,0,0,0,0,367.796610169491,0,0,232.203389830508,0,0,0,0,0,0,0,0,0,0,0,0,0,0,0,0,0,0,11.864406779661,15.6578947368421
3,0,0,0,0,0,0,0,0,0,0,0,37,3,415002,6,0.59,0.59,0,0,0,0.59,0.59,0,0,0,0,0,0,0,0,0.52,0.52,0,0,0,0.52,0.52,0,0,0,0,0,0,0,0,27,2,673.076923076923,0,0,0,0,0,0,0,0,0,0,0,0,0,0,320961.538461538,683269.230769231,0,0,0,0,0,0,0,0,0,0,1334615.38461538,0,1334615.38461538,22932940.3846154,0,0,22932940.3846154,1419232.76923077,0,296820.922307692,296820.922307692,24564376.6915385,17130382.6153846,24352173.1538462,1631436.30692308,25983609.4607692,-7433994.07615384,18549615.3846154,0,142.307692307692,2680.76923076923,2680.76923076923,0,18549615.3846154,0,0,0,0,0,0,0,0,0,0,0,0,0,0,1430.76923076923,855.769230769231,575,0,0,0,21.1538461538462,0,1451.92307692308,0,15.3846153846154,0,0,0,0,0,42.3076923076923,0,46.1538461538462,282.692307692308,0,0,0,0,0,0,748.076923076923,0,0,309.615384615385,0,0,0,0,0,0,0,0,0,0,0,0,0,0,0,0,0,0,7.69230769230769,15.6578947368421
3,0,0,0,0,0,0,0,0,0,0,0,37,3,415002,6,0.8,0,0.8,0,0,0.8,0,0.8,0,0,0,0,0,0,0,0.8,0,0.8,0,0,0.8,0,0.8,0,0,0,0,0,0,0,30,2,625,0,0,0,0,0,0,0,0,0,0,0,0,0,0,1707625,541000,0,0,0,0,0,32125,1956391.66666667,9108.94736842105,1965500.61403509,364500,1205000,0,1205000,26742872.5,0,0,26742872.5,5025752.61403509,46828.8193657895,359892.919,406721.738365789,28354594.2383658,5115872.38596491,31768625.1140351,1611721.73836579,33380346.8524009,-23238721.8524009,10141625,0,82.5,1776.25,1776.25,0,10141625,0,0,0,0,0,0,0,0,0,0,0,0,0,0,1702.5,866.25,836.25,0,0,0,26.25,0,1728.75,0,3.75,0,0,0,0,0,25,0,137.5,183.75,0,0,0,487.5,0,0,465,0,0,425,0,0,0,0,1.25,0,0,0,0,0,0,0,0,0,0,0,0,0,0,15.6578947368421
3,0,0,0,0,0,0,0,0,0,0,0,38,4,389606,5,1.08,0.78,0,0.23,0.07,0.85,0.55,0,0.23,0.07,0.23,0.23,0,0,0,1.08,0.78,0,0.23,0.07,0.85,0.55,0,0.23,0.07,0.23,0.23,0,0,0,32.875,1,750,0,0,0,0,0,0,0,0,0,0,0,0,0,0,2003703.7037037,1826944.44444444,216666.666666667,0,158703.703703704,210277.777777778,0,158888.888888889,2978263.88888889,2891263.15789474,5869527.04678363,0,2427777.77777778,388888.888888889,2816666.66666667,14281984.2592593,6287846.2962963,1333333.33333333,21903163.8888889,17918630.6715745,345887.528687459,328331.528518519,674219.057205978,18309737.1731558,63867110.0691662,32737482.1208577,3490885.72387264,36228367.8447303,45557372.8960104,81785740.7407407,9187.03703703704,0,2277.77777777778,5768.85185185185,65112962.962963,16672777.7777778,0,0,0,0,0,0,0,0,0,0,0,0,0,0,584.259259259259,360.185185185185,224.074074074074,386.111111111111,205.555555555556,180.555555555556,252.777777777778,0,1223.14814814815,0,39.8148148148148,0,2.77777777777778,0,0,0,51.8518518518519,0,235.185185185185,489.814814814815,0,0,0,167.592592592593,0,0,177.777777777778,0,0,52.7777777777778,0,0,0,0,0,0,0,0,0,0,0,0,0,0,0,0,0,0,5.55555555555556,10.8
3,0,0,0,0,0,0,0,0,0,0,0,99,1,423960,6,0.69,0,0.69,0,0,0.1,0,0.1,0,0,0.59,0,0.59,0,0,0.26,0,0.26,0,0,0.1,0,0.1,0,0,0.16,0,0.16,0,0,2,2,1153.84615384615,0,0,0,0,0,0,0,0,0,0,0,0,0,0,413076.923076923,91153.8461538462,1600000,0,33461.5384615384,0,0,0,3682846.15384615,0,3682846.15384615,0,1480769.23076923,2069230.76923077,3550000,5842396.15384615,0,0,5842396.15384615,8313729.23076923,-174989.944615385,98953.0969230769,-76036.8476923077,7247128.53692308,-5121421.53846154,12086894.6153846,3473963.15230769,15560857.7676923,-12368550.0753846,3192307.69230769,319.230769230769,0,0,121.307692307692,3192307.69230769,0,0,0,0,0,0,0,0,0,0,0,0,0,0,0,276.923076923077,169.230769230769,107.692307692308,0,0,0,69.2307692307692,0,346.153846153846,0,0,0,0,0,0,0,92.3076923076923,0,69.2307692307692,76.9230769230769,0,0,0,0,0,0,0,0,0,38.4615384615385,0,0,0,0,0,26.9230769230769,0,0,0,0,0,0,0,0,0,0,0,0,42.3076923076923,28.3684210526316
3,0,0,0,0,0,0,0,0,0,0,140590,37,3,415002,6,0.83,0,0.83,0,0,0.83,0,0.83,0,0,0,0,0,0,0,0.67,0,0.67,0,0,0.67,0,0.67,0,0,0,0,0,0,0,31.5,2,746.268656716418,209835.820895522,0,209835.820895522,0,0,0,0,0,0,0,0,0,0,209835.820895522,275223.880597015,738358.208955224,0,0,0,0,0,0,642609.452736318,13432.8358208955,656042.288557214,1031641.79104478,2588059.70149254,0,2588059.70149254,21759791.0447761,1313432.8358209,0,23073223.880597,4639536.82587065,94038.7992039801,301278.358208955,395317.157412935,24743167.9036816,25344045.2636816,26399327.8706468,2983376.85890547,29382704.7295522,600877.360000003,29983582.0895522,0,395.522388059701,4440.29850746269,4440.29850746269,0,29983582.0895522,0,0,0,0,0,0,0,0,0,0,0,0,95.5223880597015,95.5223880597015,1364.17910447761,789.55223880597,574.626865671642,119.402985074627,58.2089552238806,61.1940298507463,26.865671641791,0,1510.44776119403,0,35.8208955223881,0,0,0,0,0,80.5970149253731,0,98.5074626865672,271.641791044776,14.9253731343284,0,0,0,0,0,647.761194029851,0,0,361.194029850746,0,0,0,0,0,0,0,0,0,0,0,0,0,0,0,0,0,0,0,15.6578947368421
3,0,0,0,0,0,0,0,0,0,0,175740,37,2,415002,6,0.33,0,0.33,0,0,0.33,0,0.33,0,0,0,0,0,0,0,0.33,0,0.33,0,0,0.33,0,0.33,0,0,0,0,0,0,0,26,2,818.181818181818,532545.454545454,0,532545.454545454,0,0,0,0,0,0,0,0,0,0,532545.454545454,220303.03030303,63333.3333333333,0,0,0,0,0,514848.484848485,719690.656565657,86124.4019138756,805815.058479532,981818.181818182,1751515.15151515,0,1751515.15151515,19691503.030303,0,0,19691503.030303,3533665.54332802,225581.887554492,260679.413333333,486261.300887826,21929279.482706,11976334.456672,23225168.5736311,2237776.45240298,25462945.026034,-9952945.02603403,15510000,1566.66666666667,0,0,595.333333333333,15510000,0,0,0,0,0,0,0,0,0,0,0,0,0,1618.18181818182,1618.18181818182,1215.15151515152,866.666666666667,348.484848484848,0,0,0,24.2424242424242,0,1239.39393939394,0,0,0,0,0,0,0,48.4848484848485,0,0,133.333333333333,15.1515151515152,0,0,0,0,0,621.212121212121,0,0,421.212121212121,0,0,0,0,0,0,0,0,0,0,0,0,0,0,0,0,0,0,0,31.4
3,0,0,0,0,0,0,0,0,0,0,224070,38,1,389606,6,0.17,0.07,0,0.1,0,0.17,0.07,0,0.1,0,0,0,0,0,0,0.17,0.07,0,0.1,0,0.17,0.07,0,0.1,0,0,0,0,0,0,28,2,735.294117647059,1318058.82352941,0,1318058.82352941,0,0,0,0,0,0,0,0,0,0,1318058.82352941,1975294.11764706,598823.529411765,0,0,0,0,0,252352.941176471,985507.352941176,0,985507.352941176,0,2835294.11764706,0,2835294.11764706,15974988.2352941,2196529.41176471,0,18171517.6470588,7716172.17647059,120041.391176471,276718.983529412,396760.374705882,19207042.7276471,5289710.17647059,23691160.4117647,3232054.49235294,26923214.9041176,-13917332.5511765,13005882.3529412,0,0,1941.17647058824,1941.17647058824,0,13005882.3529412,0,0,0,0,0,0,0,0,0,0,0,0,2823.52941176471,2823.52941176471,858.823529411765,488.235294117647,370.588235294118,141.176470588235,52.9411764705882,88.2352941176471,129.411764705882,0,1129.41176470588,0,23.5294117647059,0,0,0,0,0,211.764705882353,0,0,294.117647058824,158.823529411765,0,0,258.823529411765,0,0,47.0588235294118,0,0,135.294117647059,0,0,0,0,0,0,0,0,0,0,0,0,0,0,0,0,0,0,0,40.1
3,0,0,0,0,0,0,0,0,0,0,2577520,33,4,434170,5,1.28,0.71,0.57,0,0,1.28,0.71,0.57,0,0,0,0,0,0,0,1.28,0.71,0.57,0,0,1.28,0.71,0.57,0,0,0,0,0,0,0,15.2,1,1093.75,2013687.5,0,2013687.5,0,0,0,0,0,0,0,0,0,0,2013687.5,1539375,395937.5,0,0,0,0,0,409531.25,260911.458333333,8437.5,269348.958333333,79069.0104166667,2710937.5,0,2710937.5,8759378.90625,5468570.3125,0,14227949.21875,10609689.53125,45480.3502604167,230472.3578125,275952.708072917,11746269.1143229,83401638.59375,19369068.4375,2986890.20807292,22355958.6455729,71655369.4794271,94011328.125,6954.6875,0,661.71875,3304.5,84151718.75,9859609.375,0,0,0,0,0,0,0,0,0,0,0,0,4167.96875,4167.96875,431.25,267.96875,163.28125,339.0625,174.21875,164.84375,92.96875,0,863.28125,0,3.125,0,5.46875,0,0,0,70.3125,0,135.9375,457.03125,38.28125,0,0,0,0,0,91.40625,0,0,52.34375,0,0,0,9.375,0,0,0,0,0,0,0,0,0,0,0,0,0,0,0,9.11111111111111
3,0,0,0,0,0,0,0,0,0,0,374910,38,1,389606,6,0.13,0,0.13,0,0,0,0,0,0,0,0.13,0,0.13,0,0,0.13,0,0.13,0,0,0,0,0,0,0,0.13,0,0.13,0,0,33,2,923.076923076923,2883923.07692308,0,2883923.07692308,0,0,0,0,0,0,0,0,0,0,2883923.07692308,3101538.46153846,855384.615384615,0,0,0,0,0,0,5702371.79487179,164579.75708502,5866951.55195682,0,0,323076.923076923,323076.923076923,30563569.2307692,629407.692307692,0,31192976.9230769,14049888.3211876,518829.936863698,471619.406153846,990449.343017544,31554018.5737868,-4206811.39811066,44290380.6288799,1313526.26609447,45603906.8949744,-35760829.9718974,9843076.92307692,146.153846153846,146.153846153846,1053.84615384615,1109.38461538462,1695384.61538462,8147692.30769231,0,0,0,0,0,0,0,0,0,0,0,0,6569.23076923077,6569.23076923077,1238.46153846154,1038.46153846154,200,53.8461538461538,7.69230769230769,46.1538461538462,507.692307692308,0,1800,0,15.3846153846154,0,0,0,0,0,253.846153846154,0,353.846153846154,361.538461538462,200,0,0,0,0,138.461538461538,123.076923076923,0,0,323.076923076923,0,0,0,30.7692307692308,0,0,0,0,0,0,0,0,0,0,0,0,0,0,0,40.1
3,0,0,0,0,0,0,0,0,0,0,380770,37,3,415002,6,0.65,0,0.65,0,0,0.65,0,0.65,0,0,0,0,0,0,0,0.65,0,0.65,0,0,0.65,0,0.65,0,0,0,0,0,0,0,18,1,1046.15384615385,585800,0,585800,0,0,0,0,0,0,0,0,0,0,585800,292923.076923077,717076.923076923,0,0,0,0,0,33076.9230769231,548948.717948718,31008.547008547,579957.264957265,0,2000000,0,2000000,23701400,0,0,23701400,2623836.18803419,31453.9883760684,314095.433846154,345549.422222222,26046949.4222222,13375086.8888889,26325236.1880342,2345549.42222222,28670785.6102564,-12671862.5333333,15998923.0769231,0,113.846153846154,2198.46153846154,2198.46153846154,0,15998923.0769231,0,0,0,0,0,0,0,0,0,0,0,0,1641.53846153846,1641.53846153846,1458.46153846154,944.615384615385,513.846153846154,0,0,0,26.1538461538462,0,1484.61538461538,0,23.0769230769231,0,0,0,0,0,52.3076923076923,0,169.230769230769,226.153846153846,15.3846153846154,0,0,0,0,0,636.923076923077,0,0,349.230769230769,0,0,0,0,0,0,0,0,0,0,0,0,0,0,0,0,0,0,12.3076923076923,15.6578947368421
3,0,0,0,0,0,0,0,0,0,0,380770,37,3,415002,6,0.66,0.66,0,0,0,0.66,0.66,0,0,0,0,0,0,0,0,0.63,0.63,0,0,0,0.63,0.63,0,0,0,0,0,0,0,0,27,2,634.920634920635,604396.825396825,0,604396.825396825,0,0,0,0,0,0,0,0,0,0,604396.825396825,261904.761904762,634920.634920635,0,76031.746031746,0,0,0,34126.9841269841,1579834.65608466,105096.073517126,1684930.72960178,480489.417989418,1225396.82539683,0,1225396.82539683,17540666.6666667,1598412.6984127,0,19139079.3650794,5790215.79838485,257519.771094403,257305.707936508,514825.479030911,19280888.9710944,25126927.058758,23330882.4650515,1740222.30442774,25071104.7694793,5846038.08766361,30917142.8571429,0,117.460317460317,4419.04761904762,4419.04761904762,0,30917142.8571429,0,0,0,0,0,0,0,0,0,0,0,0,1693.65079365079,1693.65079365079,988.888888888889,957.142857142857,31.7460317460317,161.904761904762,0,161.904761904762,20.6349206349206,0,1171.42857142857,0,61.9047619047619,0,0,0,0,0,69.8412698412698,0,69.8412698412698,352.380952380952,15.8730158730159,0,0,0,0,0,295.238095238095,0,0,277.777777777778,0,0,0,0,0,6.34920634920635,0,0,0,0,0,0,0,0,0,0,0,0,22.2222222222222,15.6578947368421
3,0,0,0,0,0,0,0,0,0,220500,0,37,2,415002,6,0.49,0,0.49,0,0,0.49,0,0.49,0,0,0,0,0,0,0,0.4,0,0.4,0,0,0.4,0,0.4,0,0,0,0,0,0,0,15,2,800,551250,0,551250,0,0,0,0,0,0,0,0,0,551250,0,3105000,1241500,0,0,238000,0,0,82000,2234687.5,383684.210526316,2618371.71052632,2929500,1205000,0,1205000,21333490,0,0,21333490,11180623.7105263,922446.05868421,329235.376,1251681.43468421,23790171.4346842,-6399373.71052632,32514113.7105263,2456681.43468421,34970795.1452105,-30189545.1452105,4781250,0,112.5,450,450,0,4781250,0,0,0,0,0,0,0,0,0,0,0,337.5,0,337.5,1072.5,510,562.5,0,0,0,232.5,0,1305,0,5,0,0,0,0,0,180,0,0,890,65,0,0,0,0,0,60,0,0,105,0,0,0,0,0,0,0,0,0,0,0,0,0,0,0,0,0,0,0,31.4
3,0,0,0,0,0,0,0,0,455400,0,0,38,3,389606,5,0.69,0.69,0,0,0,0,0,0,0,0,0.69,0.69,0,0,0,0.69,0.69,0,0,0,0,0,0,0,0,0.69,0.69,0,0,0,38,2,753.623188405797,660000,0,660000,0,0,0,0,0,0,0,0,660000,0,0,1480579.71014493,1463768.11594203,195942.028985507,0,80289.8550724638,99710.1449275362,0,0,2222705.31400966,38817.3913043478,2261522.70531401,0,0,2069565.2173913,2069565.2173913,9037901.44927536,2302782.60869565,0,11340684.057971,11003766.3864734,265644.696512077,189980.076521739,455624.773033816,9493526.22230918,61520146.6570048,17972102.6183575,2525189.99042512,20497292.6087826,52026620.4346956,72523913.0434783,6578.26086956522,0,2278.26086956522,4778,50652608.6956522,21871304.3478261,0,0,0,0,0,0,0,0,0,0,4763.76811594203,0,0,4763.76811594203,388.405797101449,149.275362318841,239.130434782609,143.478260869565,91.304347826087,52.1739130434783,163.768115942029,0,695.652173913043,0,0,0,0,0,0,0,31.8840579710145,0,0,346.376811594203,50.7246376811594,0,0,118.840579710145,0,0,27.536231884058,0,0,75.3623188405797,0,0,0,0,0,0,0,0,0,0,0,0,0,0,0,0,0,0,44.9275362318841,9.66666666666667
3,0,0,0,0,0,0,210670,0,0,0,0,99,1,423960,6,0.23,0,0.23,0,0,0.23,0,0.23,0,0,0,0,0,0,0,0.12,0,0.12,0,0,0.12,0,0.12,0,0,0,0,0,0,0,23.6,2,583.333333333333,1755583.33333333,0,1755583.33333333,0,0,0,0,0,0,1755583.33333333,0,0,0,0,2705833.33333333,848333.333333333,0,0,0,0,0,0,1076625,167684.210526316,1244309.21052632,2835000,4825000,0,4825000,16132808.3333333,0,0,16132808.3333333,9813019.21052632,624761.91,265887.723333333,890649.633333333,21848457.9666667,11644480.7894737,25945827.5438596,5715649.63333333,31661477.177193,-10203977.177193,21457500,408.333333333333,16.6666666666667,1141.66666666667,1296.83333333333,4083333.33333333,17374166.6666667,0,0,0,0,0,0,0,0,8483.33333333333,0,0,0,0,8483.33333333333,891.666666666667,591.666666666667,300,0,0,0,83.3333333333333,0,975,0,16.6666666666667,0,0,0,0,0,200,0,283.333333333333,141.666666666667,41.6666666666667,0,0,0,0,0,100,0,0,141.666666666667,0,0,0,16.6666666666667,33.3333333333333,0,0,0,0,0,0,0,0,0,0,0,0,0,0,28.3684210526316
3,0,0,0,0,0,0,243940,0,0,0,0,99,1,423960,6,0.3,0.3,0,0,0,0.3,0.3,0,0,0,0,0,0,0,0,0.1,0.1,0,0,0,0.1,0.1,0,0,0,0,0,0,0,0,9,2,800,2439400,0,2439400,0,0,0,0,0,0,2439400,0,0,0,0,117000,383000,0,0,0,0,0,0,629500,35828.9473684211,665328.947368421,0,3370000,0,3370000,10168270,0,0,10168270,4028688.94736842,101002.323684211,162535.108,263537.43168421,13801807.4316842,11461311.0526316,14196958.9473684,3633537.43168421,17830496.3790526,-2340496.37905263,15490000,930,0,700,1053.4,7440000,8050000,0,0,0,0,0,0,0,0,10180,0,0,0,0,10180,530,530,0,0,0,0,50,0,580,0,10,0,0,0,0,0,10,0,0,320,40,0,0,0,0,0,160,0,0,40,0,0,0,0,0,0,0,0,0,0,0,0,0,0,0,0,0,0,0,28.3684210526316
3,0,0,0,0,0,0,55440,0,0,0,234320,37,1,415002,6,0.21,0,0.21,0,0,0.21,0,0.21,0,0,0,0,0,0,0,0.21,0,0.21,0,0,0.21,0,0.21,0,0,0,0,0,0,0,30,2,1028.57142857143,1379809.52380952,0,1379809.52380952,0,0,0,0,0,0,264000,0,0,0,1115809.52380952,952857.142857143,174285.714285714,0,218571.428571429,16480000,0,0,0,6935000,162406.015037594,7097406.01503759,0,2980952.38095238,0,2980952.38095238,12403352.3809524,0,0,12403352.3809524,26717931.8245614,780066.594937343,391950.064761905,1172016.65969925,16556321.421604,-23291741.3483709,39121284.2055138,4152969.04065163,43274253.2461654,-39848062.7699749,3426190.47619048,209.523809523809,109.52380952381,242.857142857143,322.47619047619,2074285.71428571,1351904.76190476,0,0,0,0,0,0,0,0,1209.52380952381,0,0,0,509.523809523809,1719.04761904762,695.238095238095,600,95.2380952380952,0,0,0,28.5714285714286,0,723.809523809524,0,0,0,14.2857142857143,0,0,0,14.2857142857143,0,0,209.523809523809,19.047619047619,0,0,423.809523809524,0,0,0,0,0,42.8571428571429,0,0,0,0,0,0,0,0,0,0,0,0,0,0,0,0,0,0,0,43.6315789473684
3,0,0,0,0,0,0,659740,0,0,0,0,99,3,423960,6,0.62,0.62,0,0,0,0.62,0.62,0,0,0,0,0,0,0,0,0.62,0.62,0,0,0,0.62,0.62,0,0,0,0,0,0,0,0,8,2,1290.32258064516,1064096.77419355,0,1064096.77419355,0,0,0,0,0,0,1064096.77419355,0,0,0,0,78387.0967741935,64193.5483870968,0,0,2903.22580645161,0,0,55322.5806451613,244790.322580645,55741.935483871,300532.258064516,958064.516129032,2409677.41935484,0,2409677.41935484,3674761.29032258,0,0,3674761.29032258,2947460,226886.64,61251.84,288138.48,6372577.18967742,-1620685.80645161,6622221.29032258,2697815.89935484,9320037.18967742,-7993262.99612903,1326774.19354839,120.967741935484,0,0,45.9677419354839,1326774.19354839,0,0,0,0,0,0,0,0,0,5580.64516129032,0,0,0,0,5580.64516129032,137.096774193548,137.096774193548,0,0,0,0,66.1290322580645,0,203.225806451613,0,0,0,12.9032258064516,0,0,0,6.45161290322581,0,3.2258064516129,29.0322580645161,20.9677419354839,0,0,0,0,0,25.8064516129032,0,0,103.225806451613,0,0,0,0,1.61290322580645,0,0,0,0,0,0,0,0,0,0,0,0,0,0,6.84615384615385
3,0,0,0,0,0,0,970200,0,0,0,0,38,3,389606,6,0.84,0.84,0,0,0,0,0,0,0,0,0.84,0.84,0,0,0,0.84,0.84,0,0,0,0,0,0,0,0,0.84,0.84,0,0,0,19,2,714.285714285714,1155000,0,1155000,0,0,0,0,0,0,1155000,0,0,0,0,1366547.61904762,1309761.9047619,123809.523809524,0,82380.9523809524,162261.904761905,0,0,464253.472222222,11314.2857142857,475567.757936508,0,0,2501190.47619048,2501190.47619048,9498182.14285714,304761.904761905,57142.8571428571,9860086.9047619,7872664.54731151,59609.5615833333,174342.125238095,233951.686821429,9787500.18316071,38319597.3574504,14925022.5674603,2735142.1630119,17660164.7304722,28532097.1742897,46192261.9047619,222.619047619048,228.571428571429,3738.09523809524,3822.69047619048,1714166.66666667,44478095.2380952,0,0,0,0,0,0,0,0,6057.14285714286,0,0,0,0,6057.14285714286,409.523809523809,313.095238095238,96.4285714285714,30.9523809523809,0,30.9523809523809,136.904761904762,0,577.380952380952,0,19.047619047619,0,0,0,0,0,69.047619047619,0,103.571428571429,146.428571428571,40.4761904761905,0,0,115.47619047619,0,0,22.6190476190476,0,0,53.5714285714286,0,0,0,0,0,0,0,0,0,0,0,0,0,0,0,0,0,0,7.14285714285714,9.66666666666667
3,0,0,0,0,0,129180,0,0,0,0,0,37,1,415002,6,0.16,0.16,0,0,0,0.16,0.16,0,0,0,0,0,0,0,0,0.16,0.16,0,0,0,0.16,0.16,0,0,0,0,0,0,0,0,24,2,593.75,807375,807375,0,0,0,0,0,0,807375,0,0,0,0,0,2048125,324375,0,0,0,0,0,0,1154789.0625,71052.6315789474,1225841.69407895,0,3012500,0,3012500,32593225,602062.5,0,33195287.5,5422781.19407895,160823.407105263,451052.015,611875.422105263,36217600.4221053,23626593.8059211,38016006.1940789,3624375.42210526,41640381.6161842,-12591006.6161842,29049375,0,281.25,4525,4525,0,29049375,0,0,0,0,0,0,43.75,43.75,0,0,0,0,0,0,1800,1250,550,37.5,18.75,18.75,193.75,0,2031.25,0,37.5,0,0,0,0,0,93.75,0,93.75,456.25,0,0,0,387.5,0,0,662.5,0,0,293.75,0,0,0,0,6.25,0,0,0,0,0,0,0,0,0,0,0,0,0,0,43.6315789473684
3,0,0,0,0,0,131810,0,0,0,0,0,37,2,415002,6,0.51,0,0.24,0,0.27,0.51,0,0.24,0,0.27,0,0,0,0,0,0.44,0,0.22,0,0.22,0.44,0,0.22,0,0.22,0,0,0,0,0,27,2,2284.09090909091,299568.181818182,299568.181818182,0,0,0,0,0,0,299568.181818182,0,0,0,0,0,1782272.72727273,485681.818181818,0,0,0,0,0,1473863.63636364,815873.106060606,20251.1961722488,836124.302232855,85890.1515151515,3940909.09090909,0,3940909.09090909,23351906.8181818,469840.909090909,0,23821747.7272727,5848243.72647528,56749.9863476874,345502.862727273,402252.84907496,27695068.7581659,13918574.4553429,29200150.5446571,4343161.93998405,33543312.4846411,-13776494.302823,19766818.1818182,0,115.909090909091,2847.72727272727,2847.72727272727,0,19766818.1818182,0,0,0,0,0,0,929.545454545454,929.545454545454,0,0,0,0,0,0,1452.27272727273,897.727272727273,554.545454545455,29.5454545454545,13.6363636363636,15.9090909090909,18.1818181818182,0,1500,0,38.6363636363636,0,0,0,0,0,109.090909090909,0,100,363.636363636364,22.7272727272727,0,0,0,0,0,568.181818181818,0,0,281.818181818182,0,0,0,0,0,0,0,0,0,0,0,0,0,0,0,0,0,0,15.9090909090909,31.4
3,0,0,0,0,0,140600,0,0,455400,0,1121220,33,3,434170,6,0.87,0,0.87,0,0,0.87,0,0.87,0,0,0,0,0,0,0,0.87,0,0.87,0,0,0.87,0,0.87,0,0,0,0,0,0,0,15.6,2,1310.34482758621,1973816.09195402,161609.195402299,1812206.89655172,0,0,0,0,0,161609.195402299,0,0,523448.275862069,0,1288758.62068966,1264367.81609195,172068.965517241,0,0,0,0,0,0,489360.153256705,4483367.81609195,4972727.96934866,82011.4942528736,2104597.70114943,0,2104597.70114943,8500357.47126437,0,0,8500357.47126437,8899162.33716475,610849.275095786,147691.568275862,758540.843371648,11363496.0157854,24983481.3409962,17399519.8084291,2863138.54452107,20262658.3529502,13619985.3252107,33882643.6781609,2558.62068965517,12.6436781609195,986.206896551724,1958.48275862069,20468965.5172414,13413678.1609195,0,0,0,0,0,0,4.59770114942529,4.59770114942529,0,0,18889.6551724138,0,2697.70114942529,21587.3563218391,473.563218390805,316.091954022988,157.471264367816,0,0,0,51.7241379310345,0,525.287356321839,0,9.19540229885057,0,5.74712643678161,0,0,0,32.183908045977,0,13.7931034482759,82.7586206896552,67.816091954023,0,0,87.3563218390805,0,0,187.35632183908,0,0,39.0804597701149,0,0,0,0,0,0,0,0,0,0,0,0,0,0,0,0,0,0,0,13.6875
3,0,0,0,0,0,153770,0,0,853880,0,0,33,3,434170,5,0.57,0,0.57,0,0,0.57,0,0.57,0,0,0,0,0,0,0,0.57,0,0.57,0,0,0.57,0,0.57,0,0,0,0,0,0,0,15.5,1,1315.78947368421,1767807.01754386,269771.929824561,1498035.0877193,0,0,0,0,0,269771.929824561,0,0,1498035.0877193,0,0,2027543.85964912,868421.052631579,0,0,0,0,0,0,2267390.35087719,1187210.52631579,3454600.87719298,378947.368421053,2368421.05263158,0,2368421.05263158,7432396.49122807,3045614.03508772,26315.7894736842,10504326.3157895,11984753.3475036,116879.680701754,188084.418245614,304964.098947368,10124448.2953034,42231036.1261806,19435816.4912281,2673385.15157895,22109201.642807,32106587.8308772,54215789.4736842,6089.47368421053,19.2982456140351,563.157894736842,2877.15789473684,48715789.4736842,5500000,0,0,0,0,0,0,8.7719298245614,8.7719298245614,0,0,43247.3684210526,0,0,43247.3684210526,357.894736842105,357.894736842105,0,149.122807017544,138.59649122807,10.5263157894737,59.6491228070175,0,566.666666666667,0,3.50877192982456,0,7.01754385964912,0,0,0,40.3508771929825,0,21.0526315789474,163.157894736842,59.6491228070175,0,0,66.6666666666667,0,0,180.701754385965,0,0,24.5614035087719,0,0,0,0,0,0,0,0,0,0,0,0,0,0,0,0,0,0,0,13.6875
3,0,0,0,0,0,158170,0,0,0,0,2140510,33,4,434170,6,1.2,0,1.2,0,0,1.2,0,1.2,0,0,0,0,0,0,0,1.2,0,1.2,0,0,1.2,0,1.2,0,0,0,0,0,0,0,20.5,2,1250,1915566.66666667,131808.333333333,1783758.33333333,0,0,0,0,0,131808.333333333,0,0,0,0,1783758.33333333,1275000,327000,0,0,0,0,0,0,363112.847222222,3512.5,366625.347222222,54000,2008333.33333333,0,2008333.33333333,5768637.5,1538300,47500,7354437.5,5920661.99678186,43384.3557638889,134812.851666667,178197.207430556,7992668.05787092,20562421.3365515,11726799.5138889,2186530.54076389,13913330.0546528,12569753.2786806,26483083.3333333,3004.16666666667,19.1666666666667,255,1396.58333333333,24033333.3333333,2449750,0,0,0,0,0,0,3.33333333333333,3.33333333333333,0,0,0,0,3734.16666666667,3734.16666666667,275,262.5,12.5,78.3333333333333,61.6666666666667,16.6666666666667,55,0,408.333333333333,0,0.833333333333333,0,4.16666666666667,0,0,0,45.8333333333333,0,12.5,102.5,34.1666666666667,0,0,79.1666666666667,0,0,105.833333333333,0,0,23.3333333333333,0,0,0,0,0,0,0,0,0,0,0,0,0,0,0,0,0,0,0,9.11111111111111
3,0,0,0,0,0,158170,0,126000,0,0,966570,99,4,423960,6,1.32,1.32,0,0,0,1.32,1.32,0,0,0,0,0,0,0,0,1.32,1.32,0,0,0,1.32,1.32,0,0,0,0,0,0,0,0,4,2,484.848484848485,947530.303030303,119825.757575758,827704.545454545,0,0,0,0,0,119825.757575758,0,95454.5454545455,0,0,732250,144848.484848485,40454.5454545455,0,359015.151515151,0,0,0,18181.8181818182,87813.1313131313,13745.4545454545,101558.585858586,409090.909090909,5712878.78787879,0,5712878.78787879,9344331.06060606,0,0,9344331.06060606,2444639.7979798,88219.3303030303,134594.080909091,222813.411212121,15280023.259697,13737557.1717172,11788970.8585859,5935692.19909091,17724663.0576768,-1542466.0879798,16182196.969697,2093.93939393939,15.9090909090909,15.9090909090909,811.606060606061,16123333.3333333,58863.6363636364,0,0,0,0,0,0,3.03030303030303,3.03030303030303,0,284.848484848485,0,0,695.454545454545,980.30303030303,580.30303030303,325,255.30303030303,0,0,0,3.03030303030303,0,583.333333333333,0,4.54545454545454,0,3.78787878787879,0,10.6060606060606,0,18.9393939393939,0,154.545454545455,233.333333333333,48.4848484848485,0,0,21.2121212121212,0,46.2121212121212,4.54545454545454,21.2121212121212,0,5.3030303030303,0,0,0,3.78787878787879,3.03030303030303,0,0,0,0,0,0,0,0,0,0,0,0,0,3.78787878787879,6.16666666666667
3,0,0,0,0,0,172400,0,78750,0,0,0,99,4,423960,6,1.26,0.42,0.84,0,0,0.84,0,0.84,0,0,0.42,0.42,0,0,0,1.07,0.42,0.65,0,0,0.65,0,0.65,0,0,0.42,0.42,0,0,0,2.5,2,984.11214953271,234719.626168224,161121.495327103,73598.1308411215,0,0,0,0,0,161121.495327103,0,73598.1308411215,0,0,0,685327.102803738,124299.065420561,0,0,0,0,0,0,614635.514018692,12293831.7757009,12908467.2897196,0,12971962.6168224,706542.056074766,13678504.6728972,3401690.65420561,0,0,3401690.65420561,15083315.1401869,639610.820186916,55130.8519626168,694741.672149533,17068394.9431776,6326965.23364486,17778463.7383178,14373246.3450467,32151710.0833645,-10741429.7095327,21410280.3738318,2092.52336448598,0,0,795.158878504673,21410280.3738318,0,0,0,0,0,0,0,31.7757009345794,31.7757009345794,0,439.252336448598,0,0,0,439.252336448598,180.373831775701,115.88785046729,64.4859813084112,0,0,0,22.4299065420561,0,202.803738317757,0,0,0,5.60747663551402,0,0,0,21.4953271028037,0,14.9532710280374,95.3271028037383,14.9532710280374,0,0,0,0,0,11.214953271028,0,0,1.86915887850467,0,0,0,0,27.1028037383178,0,0,0,0,0,0,0,0,0,0,0,0,0,10.2803738317757,6.16666666666667
3,0,0,0,0,0,179250,242550,0,0,0,46860,38,3,389606,6,0.55,0,0.55,0,0,0.55,0,0.55,0,0,0,0,0,0,0,0.55,0,0.55,0,0,0.55,0,0.55,0,0,0,0,0,0,0,25,2,454.545454545455,852109.090909091,325909.090909091,526200,0,0,0,0,0,325909.090909091,441000,0,0,0,85200,1038363.63636364,262181.818181818,0,0,0,0,0,0,2435540.90909091,51674.6411483254,2487215.55023923,0,314545.454545455,0,314545.454545455,8479327.27272727,0,0,8479327.27272727,5029476.09569378,126856.755904306,131836.574545455,258693.330449761,9052566.05772249,8506523.90430622,13508803.3684211,573238.784995215,14082042.1534163,-546042.153416269,13536000,225.454545454545,349.090909090909,1207.27272727273,1292.94545454545,3517090.90909091,10018909.0909091,0,0,0,0,0,0,298.181818181818,298.181818181818,2312.72727272727,0,0,0,154.545454545455,2467.27272727273,383.636363636364,285.454545454545,98.1818181818182,0,0,0,112.727272727273,0,496.363636363636,0,0,0,0,0,0,0,61.8181818181818,0,127.272727272727,20,67.2727272727273,0,0,0,0,80,63.6363636363636,0,0,50.9090909090909,0,0,0,12.7272727272727,0,0,0,0,0,0,0,0,0,0,0,0,0,0,12.7272727272727,9.66666666666667
3,0,0,0,0,0,188920,0,0,0,0,0,37,4,415002,5,1.52,0.15,1.37,0,0,0.61,0,0.61,0,0,0.91,0.15,0.76,0,0,1.52,0.15,1.37,0,0,0.61,0,0.61,0,0,0.91,0.15,0.76,0,0,29,2,1519.73684210526,124289.473684211,124289.473684211,0,0,0,0,0,0,124289.473684211,0,0,0,0,0,605723.684210526,1102631.57894737,0,0,0,0,0,95921.0526315789,1646835.8004386,85375.3462603878,1732211.14669898,0,570394.736842105,939473.684210526,1509868.42105263,9598323.68421053,5081092.10526316,625000,15304415.7894737,10312680.4852797,237563.875010388,213688.971578947,451252.846589335,11028635.5080086,49086661.6199835,19380194.7256464,1961121.26764197,21341315.9932883,38058026.1119748,59399342.1052632,0,653.289473684211,8678.94736842105,8678.94736842105,0,59399342.1052632,0,0,0,0,0,0,3.28947368421053,3.28947368421053,0,0,0,0,0,0,501.973684210526,242.105263157895,259.868421052632,319.736842105263,178.947368421053,140.789473684211,89.4736842105263,0,911.184210526316,0,1.97368421052632,0,0,0,0,0,36.8421052631579,0,175.657894736842,426.973684210526,7.23684210526316,0,0,197.368421052632,0,1.31578947368421,11.1842105263158,0,0,52.6315789473684,0,0,0,0,0,0,0,0,0,0,0,0,0,0,0,0,0,0,0,22.25
3,0,0,0,0,0,211780,0,0,0,0,234320,99,3,423960,6,0.5,0.5,0,0,0,0.5,0.5,0,0,0,0,0,0,0,0,0.5,0.5,0,0,0,0.5,0.5,0,0,0,0,0,0,0,0,5.2,2,960,892200,423560,468640,0,0,0,0,0,423560,0,0,0,0,468640,624000,331000,0,0,0,0,0,327800,995433.333333333,737856,1733289.33333333,1512000,2968000,0,2968000,10003988,0,0,10003988,5844249.33333333,245646.218773333,151019.4512,396665.669973333,13368653.6699733,15633550.6666667,15848237.3333333,3364665.66997333,19212903.0033067,2264896.99669333,21477800,2074,0,62,850.12,20740000,737800,0,0,0,0,0,0,582,582,0,0,0,0,426,426,510,360,150,0,0,0,80,0,590,0,4,0,0,0,0,0,64,0,38,194,32,0,0,0,0,0,98,0,0,60,0,0,0,0,90,0,0,0,0,0,0,0,0,0,0,0,0,0,10,6.84615384615385
3,0,0,0,0,0,212660,0,0,0,0,0,37,2,415002,6,0.39,0,0.39,0,0,0.39,0,0.39,0,0,0,0,0,0,0,0.39,0,0.39,0,0,0.39,0,0.39,0,0,0,0,0,0,0,28,2,897.435897435897,545282.051282051,545282.051282051,0,0,0,0,0,0,545282.051282051,0,0,0,0,0,1366666.66666667,1877435.8974359,0,0,0,0,0,564102.564102564,1709785.25641026,55091.0931174089,1764876.34952767,262393.162393162,2371794.87179487,0,2371794.87179487,24571771.7948718,853871.794871795,0,25425643.5897436,7649630.4862798,196009.209367971,369261.221538462,565270.430906433,27508837.0975731,18896010.5393612,32221402.2811516,2937065.3027013,35158467.5838529,-8612826.55821188,26545641.025641,0,143.589743589744,3969.23076923077,3969.23076923077,0,26545641.025641,0,0,0,0,0,0,17.9487179487179,17.9487179487179,0,0,0,0,0,0,1417.94871794872,969.230769230769,448.717948717949,51.2820512820513,33.3333333333333,17.9487179487179,94.8717948717949,0,1564.10256410256,0,12.8205128205128,0,5.12820512820513,0,0,0,215.384615384615,0,53.8461538461538,197.435897435897,0,0,0,584.615384615385,0,0,358.974358974359,0,0,133.333333333333,0,0,0,0,2.56410256410256,0,0,0,0,0,0,0,0,0,0,0,0,0,0,31.4
3,0,0,0,0,0,274150,0,0,0,0,0,38,2,389606,6,0.3,0.3,0,0,0,0.3,0.3,0,0,0,0,0,0,0,0,0.3,0.3,0,0,0,0.3,0.3,0,0,0,0,0,0,0,0,16,2,1000,913833.333333333,913833.333333333,0,0,0,0,0,0,913833.333333333,0,0,0,0,0,2046666.66666667,330333.333333333,0,0,0,0,0,0,1944741.66666667,75789.4736842105,2020531.14035088,0,950000,0,950000,11546983.3333333,7156666.66666667,0,18703650,12857637.1403509,119662.868315789,272731.593333333,392394.461649123,12889377.7949825,7334696.19298246,24404620.4736842,1342394.46164912,25747014.9353333,-5554681.602,20192333.3333333,0,20,2136.66666666667,2136.66666666667,0,20192333.3333333,0,0,0,0,0,0,820,820,0,0,0,0,0,0,573.333333333333,370,203.333333333333,296.666666666667,296.666666666667,0,116.666666666667,230,1216.66666666667,0,0,0,0,0,0,0,100,0,0,920,16.6666666666667,0,0,0,0,0,120,0,0,46.6666666666667,0,0,0,13.3333333333333,0,0,0,0,0,0,0,0,0,0,0,0,0,0,0,40.1
3,0,0,0,0,0,374320,0,0,0,0,0,33,3,434170,5,0.72,0.72,0,0,0,0.52,0.52,0,0,0,0.2,0.2,0,0,0,0.72,0.72,0,0,0,0.52,0.52,0,0,0,0.2,0.2,0,0,0,23.3333333333333,1,1104.16666666667,519888.888888889,519888.888888889,0,0,0,0,0,0,519888.888888889,0,0,0,0,0,2171805.55555556,313055.555555556,0,0,0,0,0,53611.1111111111,1923599.53703704,3138864.03508772,5062463.57212476,0,1070833.33333333,350000,1420833.33333333,14488556.9444444,0,0,14488556.9444444,8904994.68323587,515061.496637427,217581.783888889,732643.280526316,16292033.5583041,55094588.6500975,23043551.6276803,2153476.61385965,25197028.24154,38802555.0917934,63999583.3333333,3709.72222222222,8.33333333333333,636.111111111111,2045.80555555556,54532916.6666667,9466666.66666667,0,0,0,0,0,0,206.944444444444,206.944444444444,0,0,0,0,0,0,831.944444444444,562.5,269.444444444444,0,0,0,55.5555555555556,0,887.5,0,4.16666666666667,0,5.55555555555556,0,0,0,108.333333333333,0,109.722222222222,63.8888888888889,36.1111111111111,0,0,0,0,0,259.722222222222,0,0,222.222222222222,0,0,0,5.55555555555556,13.8888888888889,0,0,0,0,0,0,0,0,0,0,0,0,0,58.3333333333333,13.6875
3,0,0,0,0,0,39550,0,0,113860,0,25480,33,1,434170,6,0.27,0,0.27,0,0,0.27,0,0.27,0,0,0,0,0,0,0,0.27,0,0.27,0,0,0.27,0,0.27,0,0,0,0,0,0,0,21,2,2222.22222222222,662555.555555556,146481.481481481,516074.074074074,0,0,0,0,0,146481.481481481,0,0,421703.703703704,0,94370.3703703704,764074.074074074,243333.333333333,0,0,0,0,0,0,664898.148148148,6000,670898.148148148,240000,1785185.18518519,0,1785185.18518519,5512925.92592593,0,0,5512925.92592593,3015031.11111111,142235.784444444,89067.8222222222,231303.606666667,7529414.71777778,-1992808.88888889,8527957.03703704,2016488.79185185,10544445.8288889,-9522223.60666667,1022222.22222222,0,170.37037037037,170.37037037037,170.37037037037,0,1022222.22222222,0,0,0,0,0,0,11.1111111111111,11.1111111111111,0,0,21303.7037037037,0,196.296296296296,21500,211.111111111111,196.296296296296,14.8148148148148,0,0,0,103.703703703704,0,314.814814814815,0,3.7037037037037,0,3.7037037037037,0,0,0,44.4444444444444,0,0,14.8148148148148,70.3703703703704,0,0,0,0,0,129.62962962963,0,0,48.1481481481481,0,0,0,0,0,0,0,0,0,0,0,0,0,0,0,0,0,0,0,41.6666666666667
3,0,0,0,0,0,39550,232850,0,0,0,0,33,1,434170,6,0.23,0,0.23,0,0,0.23,0,0.23,0,0,0,0,0,0,0,0.23,0,0.23,0,0,0.23,0,0.23,0,0,0,0,0,0,0,15,2,434.782608695652,1184347.82608696,171956.52173913,1012391.30434783,0,0,0,0,0,171956.52173913,1012391.30434783,0,0,0,0,1066956.52173913,276521.739130435,0,0,0,0,0,0,253748.188405797,0,253748.188405797,0,2095652.17391304,0,2095652.17391304,6362052.17391304,151443.47826087,0,6513495.65217391,3367187.75362319,22934.6873188406,112112.389565217,135047.076884058,8592751.42471015,-786318.188405797,9729239.92753623,2230699.2507971,11959939.1783333,-9379069.61311594,2580869.56521739,0,152.173913043478,273.913043478261,273.913043478261,0,2580869.56521739,0,0,0,0,0,0,13.0434782608696,13.0434782608696,4426.08695652174,0,0,0,0,4426.08695652174,269.565217391304,78.2608695652174,191.304347826087,8.69565217391304,8.69565217391304,0,134.782608695652,0,413.04347826087,0,8.69565217391304,0,4.34782608695652,0,0,0,60.8695652173913,0,0,26.0869565217391,126.086956521739,0,0,30.4347826086957,0,0,69.5652173913043,0,0,86.9565217391304,0,0,0,0,0,0,0,0,0,0,0,0,0,0,0,0,0,0,0,41.6666666666667
3,0,0,0,0,0,52720,0,0,0,0,658440,33,2,434170,6,0.46,0,0.46,0,0,0.46,0,0.46,0,0,0,0,0,0,0,0.33,0,0.33,0,0,0.33,0,0.33,0,0,0,0,0,0,0,17,2,1333.33333333333,2155030.3030303,159757.575757576,1995272.72727273,0,0,0,0,0,159757.575757576,0,0,0,0,1995272.72727273,2200000,467575.757575758,0,0,0,0,0,0,2700114.8989899,1023340.90909091,3723455.80808081,524646.464646465,3506060.60606061,0,3506060.60606061,24222451.5151515,0,0,24222451.5151515,9504878.33333333,460463.809141414,360158.713939394,820622.523080808,28549134.6442929,-8668514.6969697,33727329.8484849,4326683.12914141,38054012.9776263,-37217649.3412626,836363.636363636,0,139.393939393939,139.393939393939,139.393939393939,0,836363.636363636,0,0,0,0,0,0,6.06060606060606,6.06060606060606,0,0,0,0,7757.57575757576,7757.57575757576,1430.30303030303,860.606060606061,569.69696969697,0,0,0,103.030303030303,0,1533.33333333333,0,3.03030303030303,0,18.1818181818182,0,0,0,45.4545454545455,0,15.1515151515152,12.1212121212121,281.818181818182,0,0,460.606060606061,0,0,342.424242424242,0,0,57.5757575757576,0,0,0,0,0,0,0,0,0,0,0,0,0,0,0,0,0,0,296.969696969697,24.75
3,0,0,0,0,0,55010,0,0,0,0,0,99,1,423960,6,0.23,0,0.23,0,0,0.23,0,0.23,0,0,0,0,0,0,0,0.23,0,0.23,0,0,0.23,0,0.23,0,0,0,0,0,0,0,3,2,860.869565217391,239173.913043478,239173.913043478,0,0,0,0,0,0,239173.913043478,0,0,0,0,0,1459565.2173913,370869.565217391,0,0,90000,0,0,0,307391.304347826,0,307391.304347826,2113043.47826087,2513043.47826087,0,2513043.47826087,8584021.73913043,0,0,8584021.73913043,5004003.47826087,292810.796521739,133221.017391304,426031.813913043,11523097.0313043,12206866.0869565,13588025.2173913,2939075.29217391,16527100.5095652,683769.055652175,17210869.5652174,1978.26086956522,0,0,751.739130434783,17210869.5652174,0,0,0,0,0,0,0,108.695652173913,108.695652173913,0,0,0,0,0,0,304.347826086957,304.347826086957,0,0,0,0,165.217391304348,0,469.565217391304,0,0,0,4.34782608695652,0,0,0,169.565217391304,0,86.9565217391304,78.2608695652174,8.69565217391304,0,0,0,0,0,0,0,0,82.6086956521739,0,0,0,4.34782608695652,0,0,0,0,0,0,0,0,0,0,0,0,0,0,34.7826086956522,28.3684210526316
3,0,0,0,0,0,57990,0,0,0,0,0,37,2,415002,6,0.4,0,0.4,0,0,0.4,0,0.4,0,0,0,0,0,0,0,0.4,0,0.4,0,0,0.4,0,0.4,0,0,0,0,0,0,0,25.5,2,875,144975,144975,0,0,0,0,0,0,144975,0,0,0,0,0,1278500,4298500,0,0,0,0,0,0,5365972.91666667,113684.210526316,5479657.12719298,1512000,2890000,0,2890000,20857950,19430000,2472500,42760450,33751066.976221,656865.639438596,601182.07,1258047.7094386,26286064.8604105,-11664566.976221,55889084.127193,4148047.7094386,60037131.8366316,-37950631.8366316,22086500,0,332.5,3270,3270,0,22086500,0,0,0,0,0,0,10,10,0,0,0,0,0,0,1075,652.5,422.5,1345,337.5,1007.5,175,0,2595,0,5,0,2.5,0,0,0,80,0,855,1317.5,17.5,0,0,135,0,0,87.5,0,0,87.5,0,0,0,7.5,0,0,0,0,0,0,0,0,0,0,0,0,0,0,0,31.4
3,0,0,0,0,0,63270,604300,0,261860,0,0,33,2,434170,6,0.48,0,0.48,0,0,0,0,0,0,0,0.48,0,0.48,0,0,0.48,0,0.48,0,0,0,0,0,0,0,0.48,0,0.48,0,0,20.5,2,1458.33333333333,1936312.5,131812.5,1804500,0,0,0,0,0,131812.5,1258958.33333333,0,545541.666666667,0,0,1399166.66666667,195000,0,0,0,0,0,0,561362.847222222,43200,604562.847222222,495486.111111111,0,2629166.66666667,2629166.66666667,8561889.58333333,0,0,8561889.58333333,7693864.79166667,107817.892361111,149945.3725,257763.264861111,8819652.84819445,-3658864.79166667,13626587.7083333,2886929.93152778,16513517.6398611,-12478517.6398611,4035000,0,287.5,520.833333333333,520.833333333333,0,4035000,0,0,0,0,0,0,6.25,6.25,4239.58333333333,0,17118.75,0,0,21358.3333333333,475,350,125,0,0,0,54.1666666666667,0,529.166666666667,0,2.08333333333333,0,2.08333333333333,0,0,0,41.6666666666667,0,0,16.6666666666667,50,0,0,135.416666666667,0,0,243.75,0,0,37.5,0,0,0,0,0,0,0,0,0,0,0,0,0,0,0,0,0,0,0,24.75
3,0,0,0,0,0,65910,415800,0,0,0,0,37,3,415002,6,0.56,0,0.56,0,0,0.16,0,0.16,0,0,0.4,0,0.4,0,0,0.56,0,0.56,0,0,0.16,0,0.16,0,0,0.4,0,0.4,0,0,33,2,750,860196.428571429,117696.428571429,742500,0,0,0,0,0,117696.428571429,742500,0,0,0,0,1047142.85714286,922678.571428571,0,0,0,0,0,99642.8571428571,5191031.25,216507.518796992,5407538.76879699,0,685714.285714286,1200000,1885714.28571429,17117614.2857143,1503242.85714286,155357.142857143,18776214.2857143,11467986.1643486,343150.177286967,269152.85,612303.027286967,18558446.9174496,6759870.97850853,27528415.768797,2498017.31300125,30026433.0817982,-11798575.9389411,18227857.1428571,0,492.857142857143,2912.5,2912.5,0,18227857.1428571,0,0,0,0,0,0,7.14285714285714,7.14285714285714,6814.28571428571,0,0,0,0,6814.28571428571,875,462.5,412.5,98.2142857142857,26.7857142857143,71.4285714285714,166.071428571429,0,1139.28571428571,0,1.78571428571429,0,0,0,0,0,58.9285714285714,0,389.285714285714,323.214285714286,32.1428571428571,0,0,125,0,0,92.8571428571428,0,0,107.142857142857,0,0,0,8.92857142857143,0,0,0,0,0,0,0,0,0,0,0,0,0,0,0,15.6578947368421
3,0,0,0,0,0,70300,102560,0,0,0,0,37,2,415002,5,0.32,0,0.32,0,0,0.32,0,0.32,0,0,0,0,0,0,0,0.32,0,0.32,0,0,0.32,0,0.32,0,0,0,0,0,0,0,28,2,484.375,540187.5,219687.5,320500,0,0,0,0,0,219687.5,320500,0,0,0,0,1571875,1119375,0,0,1622500,0,0,469375,4177854.16666667,35125,4212979.16666667,1923750,2890625,0,2890625,18041503.125,1546875,0,19588378.125,13421918.6666667,649955.3,308904.96375,958860.26375,21890988.38875,40119956.3333333,31463421.7916667,3849485.26375,35312907.0554167,18228967.9445833,53541875,5793.75,343.75,4371.875,6573.5,24913125,28628750,0,0,0,0,0,0,12.5,12.5,396.875,0,0,0,0,396.875,956.25,687.5,268.75,128.125,43.75,84.375,112.5,0,1196.875,0,6.25,0,0,0,0,0,46.875,0,137.5,628.125,9.375,0,0,193.75,0,9.375,93.75,0,0,71.875,0,0,0,0,0,0,0,0,0,0,0,0,0,0,0,0,0,0,0,31.4
3,0,0,0,0,0,73340,0,0,0,0,509650,33,3,434170,6,0.56,0,0.56,0,0,0.56,0,0.56,0,0,0,0,0,0,0,0.56,0,0.56,0,0,0.56,0,0.56,0,0,0,0,0,0,0,15,2,714.285714285714,1041053.57142857,130964.285714286,910089.285714286,0,0,0,0,0,130964.285714286,0,0,0,0,910089.285714286,1453214.28571429,978214.285714286,0,0,0,0,0,0,603846.726190476,703167.857142857,1307014.58333333,42470.2380952381,2926785.71428571,0,2926785.71428571,10463055.3571429,813071.428571429,0,11276126.7857143,6069208.39285714,83359.1690238095,182882.750714286,266241.919738095,13656082.9911667,9384184.46428571,16532263.75,3193027.63402381,19725291.3840238,-4271898.52688095,15453392.8571429,1589.28571428571,41.0714285714286,292.857142857143,896.785714285714,12714285.7142857,2739107.14285714,0,0,0,0,0,0,7.14285714285714,7.14285714285714,0,0,0,0,1905.35714285714,1905.35714285714,546.428571428571,358.928571428571,187.5,48.2142857142857,33.9285714285714,14.2857142857143,94.6428571428571,0,689.285714285714,0,1.78571428571429,0,8.92857142857143,0,0,0,44.6428571428571,0,7.14285714285714,130.357142857143,39.2857142857143,0,0,153.571428571429,0,0,255.357142857143,0,0,48.2142857142857,0,0,0,0,0,0,0,0,0,0,0,0,0,0,0,0,0,0,0,13.6875
3,0,0,0,0,0,79080,124740,0,0,0,644380,99,3,423960,6,0.5,0.5,0,0,0,0.5,0.5,0,0,0,0,0,0,0,0,0.5,0.5,0,0,0,0.5,0.5,0,0,0,0,0,0,0,0,4,2,1400,1696400,158160,1538240,0,0,0,0,0,158160,249480,0,0,0,1288760,306800,60800,0,0,0,0,0,48800,106800,20736,127536,432000,5714000,0,5714000,12861550,0,0,12861550,3096296,94188.47552,185681.94,279870.41552,18855420.41552,3003304,15957846,5993870.41552,21951716.41552,-15852116.41552,6099600,828,0,0,314.64,6099600,0,0,0,0,0,0,0,20,20,306,0,0,0,1068,1374,800,522,278,0,0,0,6,0,806,0,0,0,12,0,0,0,56,0,44,302,128,0,0,56,0,0,140,0,0,52,0,0,0,16,0,0,0,0,0,0,0,0,0,0,0,0,0,0,0,6.84615384615385
3,0,0,0,0,0,91390,0,0,0,0,0,37,2,415002,6,0.45,0,0.45,0,0,0,0,0,0,0,0.45,0,0.45,0,0,0.45,0,0.45,0,0,0,0,0,0,0,0.45,0,0.45,0,0,36.3333333333333,2,888.888888888889,203088.888888889,203088.888888889,0,0,0,0,0,0,203088.888888889,0,0,0,0,0,927111.111111111,2918000,2311111.11111111,0,0,0,0,142888.888888889,4620557.40740741,113684.210526316,4734241.61793372,1800000,0,1680000,1680000,25113666.6666667,7597777.77777778,1280000,33991444.4444444,23026522.7139725,570222.132756335,502121.191111111,1072343.32386745,27168708.6722731,35631477.2860275,47442888.0623782,2752343.32386745,50195231.3862456,8462768.61375438,58658000,0,1104.44444444444,8933.33333333333,8933.33333333333,0,58658000,0,0,0,0,0,0,8.88888888888889,8.88888888888889,0,0,0,0,0,0,1333.33333333333,693.333333333333,640,571.111111111111,42.2222222222222,528.888888888889,193.333333333333,0,2097.77777777778,0,4.44444444444444,0,0,0,0,0,71.1111111111111,0,913.333333333333,737.777777777778,13.3333333333333,0,0,191.111111111111,0,0,42.2222222222222,0,0,117.777777777778,0,0,0,6.66666666666667,0,0,0,0,0,0,0,0,0,0,0,0,0,0,0,31.4
3,0,0,0,0,0,94900,1053360,0,0,0,0,99,3,423960,6,0.73,0.33,0,0.4,0,0.73,0.33,0,0.4,0,0,0,0,0,0,0.73,0.33,0,0.4,0,0.73,0.33,0,0.4,0,0,0,0,0,0,13.5,2,726.027397260274,1572958.90410959,130000,1442958.90410959,0,0,0,0,0,130000,1442958.90410959,0,0,0,0,257260.273972603,124109.589041096,0,0,0,0,0,0,818595.890410959,3550.68493150685,822146.575342466,310684.931506849,2905479.45205479,0,2905479.45205479,1770216.43835616,378082.191780822,65753.4246575343,2214052.05479452,3900774.50632677,182806.840328767,51687.9221917808,234494.762520548,4964372.03701569,242376.178604733,5725172.32876712,3139974.21457534,8865146.54334247,-4721995.85841096,4143150.68493151,0,0,360.27397260274,360.27397260274,0,4143150.68493151,0,0,0,0,0,0,100,100,6969.86301369863,0,0,0,0,6969.86301369863,84.9315068493151,61.6438356164384,23.2876712328767,43.8356164383562,0,43.8356164383562,19.1780821917808,0,147.945205479452,0,1.36986301369863,0,0,0,0,0,8.21917808219178,0,8.21917808219178,86.3013698630137,15.0684931506849,0,0,0,0,0,0,0,0,15.0684931506849,0,0,0,1.36986301369863,0,0,0,0,0,0,0,0,0,0,0,0,0,0,12.3287671232877,6.84615384615385
3,0,0,0,0,0,96660,291060,0,0,0,158170,33,1,434170,6,0.23,0,0.23,0,0,0.23,0,0.23,0,0,0,0,0,0,0,0.23,0,0.23,0,0,0.23,0,0.23,0,0,0,0,0,0,0,25,2,652.173913043478,2373434.7826087,420260.869565217,1953173.91304348,0,0,0,0,0,420260.869565217,1265478.26086957,0,0,0,687695.652173913,1367391.30434783,395217.391304348,0,0,0,0,0,0,1521137.68115942,654282.608695652,2175420.28985507,310217.391304348,2934782.60869565,0,2934782.60869565,12590808.6956522,0,0,12590808.6956522,7055851.15942029,234795.087246377,207412.966956522,442208.054202899,15967799.3585507,11031974.9275362,19646659.8550725,3376990.66289855,23023650.517971,-4935824.4310145,18087826.0869565,0,100,1569.5652173913,1569.5652173913,0,18087826.0869565,0,0,0,0,0,0,13.0434782608696,13.0434782608696,5530.4347826087,0,0,0,1391.30434782609,6921.73913043478,621.739130434783,565.217391304348,56.5217391304348,0,0,0,108.695652173913,0,730.434782608696,0,13.0434782608696,0,26.0869565217391,0,0,0,60.8695652173913,0,13.0434782608696,82.6086956521739,69.5652173913043,0,0,191.304347826087,0,0,195.652173913043,0,0,78.2608695652174,0,0,0,0,0,0,0,0,0,0,0,0,0,0,0,0,0,0,0,41.6666666666667
3,0,0,0,110290,135990,35150,0,0,0,0,1649620,33,3,434170,5,0.7,0.6,0.1,0,0,0.7,0.6,0.1,0,0,0,0,0,0,0,0.7,0.6,0.1,0,0,0.7,0.6,0.1,0,0,0,0,0,0,0,15.6,2,1071.42857142857,2758642.85714286,402042.857142857,2356600,0,0,0,157557.142857143,194271.428571429,50214.2857142857,0,0,0,0,2356600,1431571.42857143,620714.285714286,0,0,0,0,0,930000,139830.952380952,202688.195488722,342519.147869674,57833.3333333333,2714285.71428571,0,2714285.71428571,17607625.7142857,5829100,0,23436725.7142857,12404551.0526316,29304.3550696742,361802.913142857,391107.268212531,20713018.696784,164209163.233083,30012176.7669173,3105392.98249825,33117569.7494155,143496144.536299,176613714.285714,9538.57142857143,164.285714285714,4194.28571428571,7818.94285714286,115416714.285714,61197000,0,0,0,0,421.428571428571,225.714285714286,2.85714285714286,650,0,0,0,0,4877.14285714286,4877.14285714286,875.714285714286,558.571428571429,317.142857142857,452.857142857143,80,372.857142857143,174.285714285714,0,1502.85714285714,0,5.71428571428571,0,10,0,0,0,62.8571428571429,0,331.428571428571,784.285714285714,74.2857142857143,0,0,0,0,0,105.714285714286,0,0,111.428571428571,0,0,0,7.14285714285714,0,0,0,0,0,0,0,0,0,0,0,0,0,0,10,13.6875
3,0,0,0,127260,0,119150,4296600,0,0,0,0,37,4,415002,6,1.33,0,1.33,0,0,1.33,0,1.33,0,0,0,0,0,0,0,1.33,0,1.33,0,0,1.33,0,1.33,0,0,0,0,0,0,0,48,1,751.87969924812,3415796.9924812,185270.676691729,3230526.31578947,0,0,0,95684.2105263158,0,89586.4661654135,3230526.31578947,0,0,0,0,551428.571428571,1250075.18796992,2345864.66165414,0,0,0,0,129022.556390977,3542380.95238095,75219.6280174119,3617600.58039836,0,2890225.56390977,0,2890225.56390977,5212827.81954887,12403383.4586466,996240.601503759,18612451.8796992,24829616.2204865,57214.8938134811,326177.534135338,383392.427948819,8781244.20139447,13190007.8396638,30337242.4300224,3273617.99185859,33610860.421881,4408763.63826936,38019624.0601504,0,497.744360902256,5593.23308270677,5593.23308270677,0,38019624.0601504,0,0,0,0,341.353383458647,0,3.7593984962406,345.112781954887,8607.51879699248,0,0,0,0,8607.51879699248,235.338345864662,54.8872180451128,180.451127819549,954.135338345865,445.112781954887,509.022556390977,90.2255639097744,0,1279.6992481203,0,1.50375939849624,0,0,0,0,0,33.0827067669173,0,512.781954887218,610.526315789474,24.812030075188,0,0,12.0300751879699,0,0,21.0526315789474,0,0,57.1428571428571,0,0,0,6.01503759398496,0,0,0,0,0,0,0,0,0,0,0,0,0,0,0.75187969924812,22.25
3,0,0,0,127260,51510,147180,0,0,0,0,0,99,1,423960,5,0.27,0.27,0,0,0,0,0,0,0,0,0.27,0.27,0,0,0,0.27,0.27,0,0,0,0,0,0,0,0,0.27,0.27,0,0,0,7.66666666666667,2,2148.14814814815,1207222.22222222,1207222.22222222,0,0,0,0,471333.333333333,190777.777777778,545111.111111111,0,0,0,0,0,772962.962962963,832962.962962963,4622222.22222222,281111.111111111,0,0,0,0,153888.888888889,8400000,8553888.88888889,1440000,0,5600000,5600000,34584803.7037037,0,0,34584803.7037037,23734330.3703704,822426.325925926,524535.936296296,1346962.26222222,35931765.9659259,73915669.6296296,52719134.0740741,6946962.26222222,59666096.3362963,37983903.6637037,97650000,10500,0,0,3990,97650000,0,0,0,0,0,125.925925925926,96.2962962962963,96.2962962962963,318.518518518518,0,0,0,0,0,0,1962.96296296296,1137.03703703704,825.925925925926,0,0,0,137.037037037037,0,2100,0,0,0,33.3333333333333,0,0,0,137.037037037037,0,807.407407407407,714.814814814815,25.9259259259259,0,0,0,0,0,92.5925925925926,0,0,0,0,0,0,7.40740740740741,281.481481481481,0,0,0,0,0,0,0,0,0,0,0,0,0,0,28.3684210526316
3,0,0,0,13080,0,0,0,0,1366200,0,0,33,4,434170,5,1.01,0,1.01,0,0,1.01,0,1.01,0,0,0,0,0,0,0,1.01,0,1.01,0,0,1.01,0,1.01,0,0,0,0,0,0,0,14.3333333333333,2,1188.11881188119,1365623.76237624,12950.495049505,1352673.26732673,0,0,0,12950.495049505,0,0,0,0,1352673.26732673,0,0,2372277.22772277,463564.356435644,0,0,0,0,0,665841.584158416,745171.823432343,168475.247524752,913647.070957096,32062.7062706271,5726732.67326733,0,5726732.67326733,15300351.4851485,7248564.35643564,0,22548915.8415842,13495751.0643564,75844.472240099,339961.162376238,415805.634616337,21442889.7930322,315556031.113861,28796102.549505,6142538.30788366,34938640.8573886,294113141.320829,329051782.178218,22034.6534653465,0,4190.09900990099,12563.2673267327,266619306.930693,62432475.2475248,0,0,0,0,2.97029702970297,0,0,2.97029702970297,0,0,122034.653465347,0,0,122034.653465347,801.980198019802,527.722772277228,274.257425742574,516.831683168317,43.5643564356436,473.267326732673,109.90099009901,0,1428.71287128713,0,3.96039603960396,0,7.92079207920792,0,0,0,77.2277227722772,0,229.70297029703,792.079207920792,45.5445544554455,0,0,0,0,0,200.990099009901,0,0,63.3663366336634,0,0,0,7.92079207920792,0,0,0,0,0,0,0,0,0,0,0,0,0,0,0,9.11111111111111
3,0,0,0,141400,0,96650,415800,0,0,0,0,37,3,415002,6,0.77,0.23,0.54,0,0,0.49,0,0.49,0,0,0.28,0.23,0.05,0,0,0.77,0.23,0.54,0,0,0.49,0,0.49,0,0,0.28,0.23,0.05,0,0,31.5,2,584.415584415584,849155.844155844,309155.844155844,540000,0,0,0,183636.363636364,0,125519.480519481,540000,0,0,0,0,617922.077922078,1175584.41558442,1958441.55844156,0,0,0,0,133766.233766234,3710155.84415584,147641.831852358,3857797.6760082,0,750649.350649351,285714.285714286,1036363.63636364,12755742.8571429,3567220.77922078,274025.974025974,16596989.6103896,12920490.5123163,46982.8616222374,264515.060779221,311497.922401458,14032030.4627168,2610288.70846295,25604659.4162679,1347861.55876509,26952520.975033,-11421741.7542538,15530779.2207792,0,142.857142857143,2255.84415584416,2255.84415584416,0,15530779.2207792,0,0,0,0,589.61038961039,0,5.19480519480519,594.805194805195,3303.8961038961,0,0,0,0,3303.8961038961,619.480519480519,389.61038961039,229.87012987013,214.285714285714,125.974025974026,88.3116883116883,136.363636363636,0,970.12987012987,0,2.5974025974026,0,0,0,0,0,48.0519480519481,0,302.597402597403,368.831168831169,37.6623376623377,0,0,70.1298701298701,0,0,54.5454545454545,0,0,81.8181818181818,0,0,0,3.8961038961039,0,0,0,0,0,0,0,0,0,0,0,0,0,0,0,15.6578947368421
3,0,0,0,147760,0,1581660,0,0,0,0,702960,38,4,389606,6,1.32,0,1.32,0,0,0.59,0,0.59,0,0,0.73,0,0.73,0,0,1.32,0,1.32,0,0,0.59,0,0.59,0,0,0.73,0,0.73,0,0,27.2857142857143,2,803.030303030303,1842712.12121212,1310166.66666667,532545.454545454,0,0,0,111939.393939394,0,1198227.27272727,0,0,0,0,532545.454545454,1283787.87878788,897424.242424242,0,172272.727272727,0,0,0,0,1342275.7260101,42304.3062200957,1384580.0322302,441818.181818182,263636.363636364,273484.848484848,537121.212121212,5730153.03030303,511636.363636364,0,6241789.39393939,7197322.39586656,196127.508017544,129431.030909091,325558.538926635,6319347.93286603,9286920.02837586,12653990.5776847,862679.751047847,13516670.3287326,2967572.09550984,16484242.4242424,0,218.181818181818,2451.51515151515,2451.51515151515,0,16484242.4242424,0,0,0,0,206.060606060606,0,1237.87878787879,1443.93939393939,0,0,0,0,969.69696969697,969.69696969697,278.030303030303,169.69696969697,108.333333333333,36.3636363636364,0,36.3636363636364,67.4242424242424,0,381.818181818182,0,9.09090909090909,0,0,0,0,0,28.7878787878788,0,142.424242424242,70.4545454545455,37.8787878787879,0,0,0,0,50.7575757575758,26.5151515151515,3.03030303030303,0,9.09090909090909,0,0,0,3.78787878787879,0,0,0,0,0,0,0,0,0,0,0,0,0,0,0,10.8
3,0,0,0,163320,0,0,0,0,0,0,1183320,33,3,434170,6,0.53,0,0.53,0,0,0.23,0,0.23,0,0,0.3,0,0.3,0,0,0.53,0,0.53,0,0,0.23,0,0.23,0,0,0.3,0,0.3,0,0,19.3333333333333,2,1490.56603773585,2540830.18867925,308150.943396226,2232679.24528302,0,0,0,308150.943396226,0,0,0,0,0,0,2232679.24528302,4116981.13207547,890566.037735849,0,0,179622.641509434,0,0,1193207.54716981,1074760.22012579,3366388.67924528,4441148.89937107,815094.339622641,1016981.13207547,3171698.11320755,4188679.24528302,29114794.3396226,3688679.24528302,162264.150943396,32965737.7358491,21490244.3954448,436518.165484277,519398.121509434,955916.286993711,31231709.6588444,9702019.75549855,47577358.5220126,5144595.53227673,52721954.0542893,-21529689.9033459,31192264.1509434,841.509433962264,260.377358490566,1858.49056603774,2178.2641509434,13548301.8867925,17643962.2641509,0,0,0,0,469.811320754717,0,0,469.811320754717,0,0,0,0,7047.16981132075,7047.16981132075,1249.05660377358,596.22641509434,652.830188679245,271.698113207547,0,271.698113207547,505.660377358491,0,2026.41509433962,0,7.54716981132075,0,5.66037735849057,0,0,0,532.075471698113,0,215.094339622641,466.037735849057,56.6037735849057,0,0,0,0,0,292.452830188679,0,0,333.962264150943,0,0,0,16.9811320754717,100,0,0,0,0,0,0,0,0,0,0,0,0,0,0,13.6875
3,0,0,0,169680,0,61500,0,0,0,0,0,37,4,415002,6,1.18,0.33,0.85,0,0,0.33,0.33,0,0,0,0.85,0,0.85,0,0,1.18,0.33,0.85,0,0,0.33,0.33,0,0,0,0.85,0,0.85,0,0,22.8333333333333,2,720.338983050847,195915.254237288,195915.254237288,0,0,0,0,143796.610169492,0,52118.6440677966,0,0,0,0,0,398644.06779661,1360000,0,0,0,0,0,50847.4576271186,1783565.6779661,28902.7653880464,1812468.44335415,0,408474.576271186,1067796.61016949,1476271.18644068,13305972.8813559,3092652.54237288,0,16398625.4237288,8393326.37555754,132575.467778769,228209.999322034,360785.467100803,14075232.9247279,15111758.3702052,20631502.646744,1837056.65354148,22468559.3002855,1036525.44547726,23505084.7457627,0,934.745762711864,3692.37288135593,3692.37288135593,0,23505084.7457627,0,0,0,0,384.745762711864,0,2.54237288135593,387.28813559322,0,0,0,0,0,0,695.762711864407,394.06779661017,301.694915254237,196.610169491525,82.2033898305085,114.406779661017,103.389830508475,0,995.762711864407,0,2.54237288135593,0,0,0,0,0,33.0508474576271,0,412.71186440678,406.779661016949,10.1694915254237,0,0,55.0847457627119,0,0,6.77966101694915,0,0,66.1016949152542,0,0,0,2.54237288135593,0,0,0,0,0,0,0,0,0,0,0,0,0,0,0,22.25
3,0,0,0,171810,0,0,0,0,0,0,72640,37,1,415002,5,0.23,0,0.23,0,0,0,0,0,0,0,0.23,0,0.23,0,0,0.23,0,0.23,0,0,0,0,0,0,0,0.23,0,0.23,0,0,19.5,2,995.652173913043,1062826.08695652,747000,315826.086956522,0,0,0,747000,0,0,0,0,0,0,315826.086956522,2832608.69565217,2847391.30434783,0,0,0,0,0,492173.913043478,2457478.26086956,222425.629290618,2679903.89016018,169043.47826087,0,4234782.60869565,4234782.60869565,34359686.9565217,8311826.08695652,0,42671513.0434783,23045558.0640732,223397.286979405,618840.76173913,842238.048718536,35201925.0052403,58937050.6315789,53170462.4118993,5077020.65741419,58247483.0693135,23735125.6263387,81982608.6956522,9795.65217391304,434.782608695652,5447.82608695652,9170.17391304348,42121304.3478261,39861304.3478261,0,0,0,0,1773.91304347826,0,0,1773.91304347826,0,0,0,0,230.434782608696,230.434782608696,1926.08695652174,1330.4347826087,595.652173913043,734.782608695652,147.826086956522,586.95652173913,126.086956521739,0,2786.95652173913,0,8.69565217391304,0,26.0869565217391,0,0,0,86.9565217391304,0,243.478260869565,1947.82608695652,52.1739130434783,0,0,208.695652173913,0,0,60.8695652173913,0,0,143.478260869565,0,0,0,0,0,0,0,0,0,0,0,0,0,0,0,0,0,0,8.69565217391304,43.6315789473684
3,0,0,0,184530,0,656390,0,0,0,0,0,37,3,415002,6,0.99,0.53,0.46,0,0,0.99,0.53,0.46,0,0,0,0,0,0,0,0.99,0.53,0.46,0,0,0.99,0.53,0.46,0,0,0,0,0,0,0,18.3333333333333,2,878.787878787879,849414.141414141,849414.141414141,0,0,0,0,186393.939393939,0,663020.202020202,0,0,0,0,0,1797373.73737374,1691717.17171717,0,0,0,0,0,679393.939393939,249023.569023569,32785.8585858586,281809.427609428,107323.232323232,2063636.36363636,0,2063636.36363636,17883845.4545455,684764.646464646,0,18568610.1010101,6506798.2962963,58824.0894545455,292472.712727273,351296.802181818,20298778.6203636,26107646.1481481,24390643.7508417,2414933.16581818,26805576.9166599,5808867.52778452,32614444.4444444,0,223.232323232323,4331.31313131313,4331.31313131313,0,32614444.4444444,0,0,0,0,480.808080808081,0,16.1616161616162,496.969696969697,0,0,0,0,0,0,833.333333333333,447.474747474747,385.858585858586,42.4242424242424,22.2222222222222,20.2020202020202,257.575757575758,0,1133.33333333333,0,13.1313131313131,0,4.04040404040404,0,0,0,154.545454545455,0,42.4242424242424,174.747474747475,27.2727272727273,0,0,289.89898989899,0,0,310.10101010101,0,0,103.030303030303,0,0,0,0,3.03030303030303,0,0,0,0,0,0,0,0,0,0,0,0,0,11.1111111111111,15.6578947368421
3,0,0,0,190890,0,126530,0,0,341550,0,0,37,4,415002,5,1.4,0.2,1.2,0,0,1.4,0.2,1.2,0,0,0,0,0,0,0,1.4,0.2,1.2,0,0,1.4,0.2,1.2,0,0,0,0,0,0,0,31.75,1,842.857142857143,470692.857142857,226728.571428571,243964.285714286,0,0,0,136350,0,90378.5714285714,0,0,243964.285714286,0,0,579071.428571429,2420857.14285714,0,0,0,0,0,42857.1428571429,2985148.80952381,108000,3093148.80952381,1350000,2890000,0,2890000,10431639.2857143,5239986.42857143,665714.285714286,16337340,13834204.9579661,161164.202380952,246150.150285714,407314.352666667,14172078.775653,74482723.6134625,24708969.3809524,3297314.35266667,28006283.733619,60310644.8378095,88316928.5714286,0,1575.71428571429,13193.5714285714,13193.5714285714,0,88316928.5714286,0,0,0,0,485.714285714286,0,3.57142857142857,489.285714285714,0,0,1173.57142857143,0,0,1173.57142857143,577.142857142857,252.142857142857,325,337.142857142857,134.285714285714,202.857142857143,72.8571428571428,0,987.142857142857,0,2.14285714285714,0,0.714285714285714,0,0,0,35,0,257.857142857143,528.571428571429,29.2857142857143,0,0,30.7142857142857,0,0,40,0,0,55,0,0,0,7.85714285714286,0,0,0,0,0,0,0,0,0,0,0,0,0,0,0,22.25
3,0,0,0,19940,0,325130,0,0,0,0,23430,99,2,423960,6,0.65,0.65,0,0,0,0.65,0.65,0,0,0,0,0,0,0,0,0.4,0.4,0,0,0,0.4,0.4,0,0,0,0,0,0,0,0,4,2,1800,921250,862675,58575,0,0,0,49850,0,812825,0,0,0,0,58575,572750,33000,3484000,0,0,0,0,128750,899837.5,4147500,5047337.5,0,2795000,0,2795000,18435315,0,0,18435315,10611047.5,282192.684833333,292330.806,574523.490833333,21804838.4908333,27219952.5,29046362.5,3369523.49083333,32415885.9908333,5415114.00916667,37831000,7082.5,0,0,2691.35,37831000,0,0,0,0,0,172.5,0,67.5,240,0,0,0,0,22.5,22.5,1082.5,760,322.5,0,0,0,17.5,0,1100,0,0,0,27.5,0,0,0,27.5,0,255,542.5,30,0,0,0,0,90,62.5,0,0,10,0,0,0,7.5,12.5,0,0,0,0,0,0,0,0,0,0,0,0,0,35,35.6
3,0,0,0,232960,0,666060,2079000,0,0,0,0,38,3,389606,6,0.96,0,0.96,0,0,0.96,0,0.96,0,0,0,0,0,0,0,0.96,0,0.96,0,0,0.96,0,0.96,0,0,0,0,0,0,0,22.5,2,822.916666666667,3102104.16666667,936479.166666667,2165625,0,0,0,242666.666666667,0,693812.5,2165625,0,0,0,0,1353750,599375,0,157916.666666667,0,47395.8333333333,0,0,1187634.11458333,59210.5263157895,1246844.64089912,607500,562500,0,562500,13380359.375,2355208.33333333,76041.6666666667,15811609.375,9871082.11567865,142487.020635965,261294.672916667,403781.693552632,14411301.2604398,3239126.21765469,23316101.6825658,966281.693552632,24282383.3761184,-11172175.0427851,13110208.3333333,0,169.791666666667,2012.5,2012.5,0,13110208.3333333,0,0,0,0,2842.70833333333,0,603.125,3445.83333333333,3975,0,0,0,0,3975,701.041666666667,533.333333333333,167.708333333333,112.5,0,112.5,92.7083333333333,35.4166666666667,941.666666666667,0,51.0416666666667,0,0,0,0,0,20.8333333333333,0,105.208333333333,281.25,73.9583333333333,0,0,0,0,56.25,178.125,0,0,167.708333333333,0,0,0,4.16666666666667,0,0,0,0,0,0,0,0,0,0,0,0,0,0,3.125,9.66666666666667
3,0,0,0,276440,0,281190,0,189000,0,0,0,99,3,423960,6,0.54,0.54,0,0,0,0.34,0.34,0,0,0,0.2,0.2,0,0,0,0.54,0.54,0,0,0,0.34,0.34,0,0,0,0.2,0.2,0,0,0,2.5,2,2000,1382648.14814815,1032648.14814815,350000,0,0,0,511925.925925926,0,520722.222222222,0,350000,0,0,0,1513148.14814815,152592.592592593,1444444.44444444,0,0,420740.740740741,0,647592.592592593,331143.518518518,1508553.7037037,1839697.22222222,320000,3212962.96296296,1400000,4612962.96296296,18244611.1111111,3635185.18518519,416666.666666667,22296462.962963,13249235.5181102,217977.602222222,345434.607407407,563412.20962963,22368426.5063343,6517986.70411203,30441286.8518519,5176375.17259259,35617662.0244444,-15850439.8022222,19767222.2222222,2922.22222222222,0,0,1110.44444444444,19767222.2222222,0,0,0,0,0,1427.77777777778,0,42.5925925925926,1470.37037037037,0,696.296296296296,0,0,0,696.296296296296,996.296296296296,718.518518518518,277.777777777778,264.814814814815,177.777777777778,87.037037037037,87.037037037037,0,1348.14814814815,0,0,0,18.5185185185185,0,0,0,138.888888888889,0,214.814814814815,366.666666666667,120.37037037037,0,0,0,0,133.333333333333,240.740740740741,0,0,0,0,0,0,14.8148148148148,1.85185185185185,0,0,0,0,0,0,0,0,0,0,0,0,0,98.1481481481481,6.84615384615385
3,0,0,0,282800,0,0,693000,0,0,0,0,37,2,415002,6,0.48,0,0.48,0,0,0.48,0,0.48,0,0,0,0,0,0,0,0.48,0,0.48,0,0,0.48,0,0.48,0,0,0,0,0,0,0,29.6666666666667,2,583.333333333333,2032916.66666667,589166.666666667,1443750,0,0,0,589166.666666667,0,0,1443750,0,0,0,0,4451875,2195000,0,0,0,0,0,178750,3224277.77777778,43200,3267477.77777778,1215000,2812500,0,2812500,10946537.5,3637500,0,14584037.5,17393521.4444444,439704.220444444,290687.981666667,730392.202111111,14489429.7021111,8273145.22222222,28340058.9444444,3542892.20211111,31882951.1465556,-6216284.47988889,25666666.6666667,0,0,2916.66666666667,2916.66666666667,0,25666666.6666667,0,0,0,0,1181.25,0,0,1181.25,13250,0,0,0,0,13250,508.333333333333,289.583333333333,218.75,168.75,83.3333333333333,85.4166666666667,141.666666666667,50,868.75,0,66.6666666666667,0,0,0,0,0,60.4166666666667,0,66.6666666666667,522.916666666667,39.5833333333333,0,0,0,0,0,39.5833333333333,0,0,62.5,0,0,0,10.4166666666667,0,0,0,0,0,0,0,0,0,0,0,0,0,0,0,31.4
3,0,0,0,353500,0,0,0,0,0,0,281180,37,3,415002,6,0.93,0,0.93,0,0,0.11,0,0.11,0,0,0.82,0,0.82,0,0,0.93,0,0.93,0,0,0.11,0,0.11,0,0,0.82,0,0.82,0,0,10,2,221.505376344086,682451.612903226,380107.52688172,302344.086021505,0,0,0,380107.52688172,0,0,0,0,0,0,302344.086021505,2287311.82795699,1165806.4516129,0,0,290322.580645161,0,0,35268.8172043011,4299715.94982079,187468.930390492,4487184.88021128,1016129.03225806,518279.569892473,2711827.95698925,3230107.52688172,4812452.68817204,4207526.88172043,0,9019979.56989247,17298832.0415016,868742.83154386,167166.146666667,1035908.97821053,6366641.23627504,34045791.6144124,19399456.7726844,4266016.50509225,23665473.2777766,27679150.3781373,51344623.655914,1686.02150537634,1502.15053763441,4416.12903225806,5056.81720430108,7249892.47311828,44094731.1827957,0,0,0,0,488.172043010753,0,0,488.172043010753,0,0,0,0,688.172043010753,688.172043010753,251.612903225806,80.6451612903226,170.967741935484,266.666666666667,68.8172043010753,197.849462365591,52.6881720430108,0,570.967741935484,0,4.3010752688172,0,0,0,0,0,38.7096774193548,0,0,353.763440860215,24.7311827956989,0,0,0,0,0,115.05376344086,0,0,34.4086021505376,0,0,0,0,0,0,0,0,0,0,0,0,0,0,0,0,0,0,0,15.6578947368421
3,0,0,0,39590,0,17570,194040,0,0,0,0,37,1,415002,6,0.18,0,0.18,0,0,0.05,0,0.05,0,0,0.13,0,0.13,0,0,0.18,0,0.18,0,0,0.05,0,0.05,0,0,0.13,0,0.13,0,0,11,2,527.777777777778,1395555.55555556,317555.555555556,1078000,0,0,0,219944.444444444,0,97611.1111111111,1078000,0,0,0,0,1343888.88888889,852222.222222222,0,0,306666.666666667,0,0,113888.888888889,1201006.94444444,353684.210526316,1554691.15497076,1710000,805555.555555556,2100000,2905555.55555556,15109594.4444444,0,0,15109594.4444444,9791915.37719298,608275.131203704,237110.526666667,845385.65787037,16760535.6578704,-882470.932748539,22801509.8216374,3750941.21342593,26552451.0350634,-17643006.5906189,8909444.44444444,0,311.111111111111,1438.88888888889,1438.88888888889,0,8909444.44444445,0,0,0,0,500,0,88.8888888888889,588.888888888889,5655.55555555556,0,0,0,0,5655.55555555556,772.222222222222,638.888888888889,133.333333333333,0,0,0,111.111111111111,0,883.333333333333,0,5.55555555555556,0,5.55555555555556,0,0,0,61.1111111111111,0,122.222222222222,222.222222222222,16.6666666666667,0,0,200,0,0,172.222222222222,0,0,77.7777777777778,0,0,0,0,0,0,0,0,0,0,0,0,0,0,0,0,0,0,0,43.6315789473684
3,0,0,0,523180,0,1390970,0,0,1821600,0,796690,37,4,415002,6,1.46,0.55,0.91,0,0,1.46,0.55,0.91,0,0,0,0,0,0,0,1.46,0.55,0.91,0,0,1.46,0.55,0.91,0,0,0,0,0,0,0,28,2,489.72602739726,3104410.95890411,1311061.64383562,1793349.31506849,0,0,0,358342.465753425,0,952719.178082192,0,0,1247671.23287671,0,545678.082191781,1925068.49315068,1848561.64383562,0,207671.232876712,0,0,0,984520.547945205,190175.799086758,8175.91925018024,198351.718336938,207123.287671233,2463013.69863014,0,2463013.69863014,18266621.2328767,7189726.02739726,578767.123287671,26035114.3835616,16243899.152018,41124.6810574381,422906.306027397,464030.987084835,21608969.7999791,10955141.9438724,34925824.2662821,2927044.68571497,37852868.9519971,-10653827.8561067,27199041.0958904,0,189.041095890411,3902.7397260274,3902.7397260274,0,27199041.0958904,0,0,0,0,1040.41095890411,0,18.4931506849315,1058.90410958904,0,0,5628.08219178082,0,1461.64383561644,7089.72602739726,811.643835616438,435.616438356164,376.027397260274,426.712328767123,307.534246575342,119.178082191781,292.465753424658,0,1530.82191780822,0,17.8082191780822,0,0,0,0,0,167.123287671233,0,83.5616438356164,312.328767123288,107.534246575342,0,0,330.13698630137,0,49.3150684931507,279.452054794521,0,0,174.657534246575,0,0,0,0,2.05479452054794,0,0,0,0,0,0,0,0,0,0,0,0,0,6.84931506849315,22.25
3,0,0,0,530960,0,992940,0,0,1366200,0,0,99,3,423960,6,0.87,0.77,0.1,0,0,0.87,0.77,0.1,0,0,0,0,0,0,0,0.64,0.54,0.1,0,0,0.64,0.54,0.1,0,0,0,0,0,0,0,3,2,1890.625,4515781.25,2381093.75,2134687.5,0,0,0,829625,0,1551468.75,0,0,2134687.5,0,0,1153593.75,224062.5,3445000,0,1560156.25,0,0,295625,539729.166666667,3375000,3914729.16666667,270000,4200000,0,4200000,27102517.1875,0,0,27102517.1875,15802907.9166667,498475.5825,474879.525625,973355.108125,32275872.295625,28312404.5833333,42905425.1041667,5173355.108125,48078780.2122917,-3963467.71229167,44115312.5,6584.375,0,0,2502.0625,44115312.5,0,0,0,0,0,3154.6875,0,65.625,3220.3125,0,0,15406.25,0,0,15406.25,1600,943.75,656.25,0,0,0,82.8125,0,1682.8125,0,0,0,18.75,0,0,0,106.25,0,228.125,729.6875,356.25,0,0,0,0,112.5,48.4375,0,0,10.9375,0,0,0,9.375,3.125,0,0,0,0,0,0,0,0,0,0,0,0,0,59.375,6.84615384615385
3,0,0,0,551460,0,0,0,0,0,0,1608020,37,3,415002,6,0.75,0.11,0.64,0,0,0.75,0.11,0.64,0,0,0,0,0,0,0,0.75,0.11,0.64,0,0,0.75,0.11,0.64,0,0,0,0,0,0,0,24.375,2,630.666666666667,2879306.66666667,735280,2144026.66666667,0,0,0,735280,0,0,0,0,0,0,2144026.66666667,1539866.66666667,1102000,0,0,2173466.66666667,605600,0,0,3740657.77777778,292896,4033553.77777778,957600,2801333.33333333,0,2801333.33333333,15294978.6666667,9726666.66666667,0,25021645.3333333,23433062.4444444,368467.955893333,413191.378133333,781659.334026667,18877971.3340267,22419204.2222222,38728041.1111111,3582992.66736,42311033.7784711,3541232.88819555,45852266.6666667,1692,0,5433.33333333333,6076.29333333333,7275600,38576666.6666667,0,0,0,0,1210.66666666667,0,0,1210.66666666667,0,0,0,0,2988,2988,813.333333333333,685.333333333333,128,646.666666666667,466.666666666667,180,68,0,1528,0,4,0,0,0,0,0,46.6666666666667,0,313.333333333333,569.333333333333,22.6666666666667,0,0,266.666666666667,0,0,197.333333333333,0,0,98.6666666666667,0,0,0,0,0,0,0,0,0,0,0,0,0,0,0,0,0,0,9.33333333333333,15.6578947368421
3,0,0,0,673060,0,2636100,0,0,0,0,0,38,4,389606,6,2.83,2.43,0.4,0,0,0.2,0,0.2,0,0,2.63,2.43,0.2,0,0,2.83,2.43,0.4,0,0,0.2,0,0.2,0,0,2.63,2.43,0.2,0,0,11.8,2,742.049469964664,1169314.48763251,1169314.48763251,0,0,0,0,237830.388692579,0,931484.098939929,0,0,0,0,0,1563180.21201413,422756.183745583,0,0,0,16077.7385159011,0,0,331039.458186101,28280.4537846383,359319.911970739,190812.720848057,64664.3109540636,1329328.62190813,1393992.93286219,5519222.2614841,1272084.80565371,74204.9469964664,6865512.01413427,6726380.06640516,92887.4698654764,124456.823886926,217344.293752402,5861536.42907063,2266411.45302947,10976579.2688612,1611337.22661459,12587916.4954758,-3595124.97604116,8992791.51943463,0,67.8445229681979,956.537102473498,956.537102473498,0,8992791.51943463,0,0,0,0,448.763250883392,0,866.077738515901,1314.84098939929,0,0,0,0,0,0,286.925795053003,93.9929328621908,192.932862190813,65.3710247349823,24.3816254416961,40.9893992932862,60.7773851590106,24.3816254416961,437.455830388693,0,26.8551236749117,0,0,0,0,0,16.6077738515901,0,200,98.9399293286219,14.4876325088339,0,0,0,0,0,55.1236749116608,0,0,17.6678445229682,0,0,0,3.18021201413428,0,0,0,0,0,0,0,0,0,0,0,0,0,0,4.59363957597173,10.8
3,0,0,0,77770,0,65020,207900,0,0,0,0,37,1,415002,6,0.2,0.2,0,0,0,0.2,0.2,0,0,0,0,0,0,0,0,0.2,0.2,0,0,0,0.2,0.2,0,0,0,0,0,0,0,0,20,2,250,1753450,713950,1039500,0,0,0,388850,0,325100,1039500,0,0,0,0,1921000,3278500,0,0,0,0,0,0,11173037.5,503052.631578947,11676090.1315789,3240000,2890000,0,2890000,45803240,12643750,0,58446990,34927792.1315789,1853719.2167193,810959.256,2664678.4727193,51357918.4727193,28954207.8684211,80731032.131579,5554678.4727193,86285710.6042982,-22403710.6042982,63882000,0,1655,9790,9790,0,63882000,0,0,0,0,1135,0,20,1155,6360,0,0,0,0,6360,2470,1330,1140,790,385,405,310,0,3570,0,10,0,0,0,0,0,130,0,965,1935,55,0,0,270,0,0,0,0,0,185,0,0,0,20,0,0,0,0,0,0,0,0,0,0,0,0,0,0,0,43.6315789473684
3,0,0,0,84840,0,86100,221760,0,0,0,0,37,2,415002,5,0.45,0.45,0,0,0,0.45,0.45,0,0,0,0,0,0,0,0,0.45,0.45,0,0,0,0.45,0.45,0,0,0,0,0,0,0,0,25.5,2,777.777777777778,872666.666666667,379866.666666667,492800,0,0,0,188533.333333333,0,191333.333333333,492800,0,0,0,0,1157333.33333333,6433777.77777778,0,0,0,0,0,152444.444444444,4003981.48148148,170526.315789474,4174507.79727096,0,2142222.22222222,0,2142222.22222222,36848697.7777778,12345644.4444444,1428888.88888889,50623231.1111111,25909965.5491042,380588.492592593,734569.221333333,1115157.71392593,41176377.5176482,68706256.673118,63828963.1306043,3257379.93614815,67086343.0667524,27529879.1554698,94616222.2222222,0,2451.11111111111,14500,14500,0,94616222.2222222,0,0,0,0,504.444444444445,0,8.88888888888889,513.333333333333,4240,0,0,0,0,4240,2080,851.111111111111,1228.88888888889,840,342.222222222222,497.777777777778,233.333333333333,0,3153.33333333333,0,8.88888888888889,0,2.22222222222222,0,0,0,77.7777777777778,0,1175.55555555556,1433.33333333333,62.2222222222222,0,0,168.888888888889,0,0,73.3333333333333,0,0,142.222222222222,0,0,0,8.88888888888889,0,0,0,0,0,0,0,0,0,0,0,0,0,0,0,31.4
3,0,0,0,855470,0,0,2494800,0,0,0,0,38,4,389606,6,1.5,0,0,1.5,0,1.5,0,0,1.5,0,0,0,0,0,0,1.5,0,0,1.5,0,1.5,0,0,1.5,0,0,0,0,0,0,35,2,2036.66666666667,2233513.33333333,570313.333333333,1663200,0,0,0,570313.333333333,0,0,1663200,0,0,0,0,2740133.33333333,1105400,0,0,274600,0,0,0,1298818.88888889,37894.7368421053,1336713.62573099,216000,1028000,0,1028000,4612940.66666667,8518000,840000,13970940.6666667,17358871.656121,199855.868191813,252024.882933333,451880.751125146,6387916.05406844,2410528.34387897,22266906.9590643,1479880.75112515,23746787.7101895,-3977387.71018947,19769400,0,384,2742,2742,0,19769400,0,0,0,0,1058.66666666667,0,0,1058.66666666667,3392,0,0,0,0,3392,198,83.3333333333333,114.666666666667,540.666666666667,540.666666666667,0,82,0,820.666666666667,0,133.333333333333,0,0,0,0,0,22.6666666666667,0,70,444,31.3333333333333,0,0,0,0,0,60.6666666666667,0,0,54,0,0,0,4.66666666666667,0,0,0,0,0,0,0,0,0,0,0,0,0,0,0,10.8
3,0,0,0,896480,0,0,0,0,0,0,972430,99,3,423960,5,0.67,0.67,0,0,0,0.67,0.67,0,0,0,0,0,0,0,0,0.67,0.67,0,0,0,0.67,0.67,0,0,0,0,0,0,0,0,8.75,2,2671.64179104478,2789417.91044776,1338029.85074627,1451388.05970149,0,0,0,1338029.85074627,0,0,0,0,0,0,1451388.05970149,3328656.71641791,548208.955223881,6891940.29850746,317164.179104478,1807910.44776119,0,0,51194.0298507463,165422.885572139,1063880.59701493,1229303.48258706,177313.432835821,3450746.26865672,0,3450746.26865672,27811656.7164179,17639492.5373134,429850.746268657,45881000,35371386.1332334,34083.3432835821,764032.107462686,798115.450746269,32323545.0389059,64040554.1652741,63446069.4527363,4248861.71940298,67694931.1721393,31717009.1263682,99411940.2985075,16568.6567164179,0,0,6296.08955223881,99411940.2985075,0,0,0,0,0,1110.44776119403,0,0,1110.44776119403,0,0,0,0,3185.07462686567,3185.07462686567,1686.5671641791,1210.44776119403,476.119402985075,1064.17910447761,304.477611940299,759.701492537313,20.8955223880597,0,2771.64179104478,0,0,0,10.4477611940298,0,0,0,74.6268656716418,0,716.417910447761,1064.17910447761,207.462686567164,0,0,0,0,358.208955223881,104.477611940299,0,0,0,0,0,0,32.8358208955224,202.985074626866,0,0,0,0,0,0,0,0,0,0,0,0,0,0,6.84615384615385
3,0,0,0,93320,0,42970,0,0,0,0,0,33,4,434170,6,2.14,0,2.14,0,0,2.14,0,2.14,0,0,0,0,0,0,0,2.14,0,2.14,0,0,2.14,0,2.14,0,0,0,0,0,0,0,14.3333333333333,2,397.196261682243,63686.9158878505,63686.9158878505,0,0,0,0,43607.476635514,0,20079.4392523364,0,0,0,0,0,326448.598130841,186822.429906542,0,0,0,0,0,259392.523364486,213162.57788162,813936.91588785,1027099.49376947,222059.968847352,787850.46728972,0,787850.46728972,6133623.36448598,1334214.95327103,0,7467838.31775701,3853894.88317757,86185.0401557632,102971.940934579,189156.981090343,7110630.81286604,19974329.4158878,9987518.24766355,977007.448380062,10964525.6960436,12863698.6030218,23828224.2990654,831.775700934579,0,527.102803738318,843.177570093458,13391588.7850467,10436635.5140187,0,0,0,0,63.5514018691589,0,5.14018691588785,68.6915887850467,0,0,0,0,0,0,317.289719626168,189.252336448598,128.03738317757,86.9158878504673,28.0373831775701,58.8785046728972,51.8691588785047,0,456.07476635514,0,1.86915887850467,0,2.80373831775701,0,0,0,23.8317757009346,0,119.158878504673,216.822429906542,3.27102803738318,0,0,0,0,0,36.4485981308411,0,0,35.5140186915888,0,0,0,6.07476635514019,0,0,0,0,0,0,0,0,0,0,0,0,0,0,10.2803738317757,9.11111111111111
3,0,0,0,96150,0,200340,727650,0,0,0,0,38,4,389606,6,1.02,0,1.02,0,0,1.02,0,1.02,0,0,0,0,0,0,0,1.02,0,1.02,0,0,1.02,0,1.02,0,0,0,0,0,0,0,36.3333333333333,2,931.372549019608,1004058.82352941,290676.470588235,713382.352941177,0,0,0,94264.7058823529,0,196411.764705882,713382.352941177,0,0,0,0,1033137.25490196,1680882.35294118,0,0,0,0,0,0,788090.68627451,5015.47987616099,793106.166150671,0,850980.392156863,0,850980.392156863,10883837.254902,0,0,10883837.254902,4900790.59752322,80323.5500619195,181063.754509804,261387.304571723,11996204.9516305,3252738.81424149,15784627.8524252,1112367.69672859,16896995.5491538,-8743466.13738906,8153529.41176471,0,0,982.352941176471,982.352941176471,0,8153529.41176471,0,0,0,0,177.450980392157,0,96.078431372549,273.529411764706,3741.17647058824,0,0,0,0,3741.17647058824,575.490196078431,401.960784313725,173.529411764706,0,0,0,74.5098039215686,0,650,0,31.3725490196078,0,0,0,0,0,41.1764705882353,0,203.921568627451,133.333333333333,31.3725490196078,0,0,0,0,87.2549019607843,95.0980392156863,0,0,21.5686274509804,0,0,0,4.90196078431373,0,0,0,0,0,0,0,0,0,0,0,0,0,0,0,10.8
3,0,0,0,9900,0,0,0,0,0,0,0,37,1,415002,6,0.2,0,0.2,0,0,0.2,0,0.2,0,0,0,0,0,0,0,0.2,0,0.2,0,0,0.2,0,0.2,0,0,0,0,0,0,0,23,2,600,49500,49500,0,0,0,0,49500,0,0,0,0,0,0,0,2157500,334500,0,0,0,0,0,128500,140075,6480,146555,540000,2845000,0,2845000,16208740,16417600,0,32626340,20189157,104542.2982,437674.616,542216.9142,19595956.9142,-5740657,36397897,3387216.9142,39785113.9142,-25336613.9142,14448500,0,0,2035,2035,0,14448500,0,0,0,0,115,0,0,115,0,0,0,0,0,0,905,550,355,1185,1185,0,75,0,2165,0,20,0,0,0,0,0,60,0,0,1920,10,0,0,0,0,0,85,0,0,60,0,0,0,10,0,0,0,0,0,0,0,0,0,0,0,0,0,0,0,43.6315789473684
3,0,166950,0,0,0,0,0,0,0,0,1006640,33,3,434170,5,0.52,0.52,0,0,0,0.52,0.52,0,0,0,0,0,0,0,0,0.52,0.52,0,0,0,0.52,0.52,0,0,0,0,0,0,0,0,10.5,2,1057.69230769231,2256903.84615385,321057.692307692,1935846.15384615,0,321057.692307692,0,0,0,0,0,0,0,0,1935846.15384615,853076.923076923,788461.538461538,0,0,0,0,0,871346.153846154,5933408.65384615,8862774.03846154,14796182.6923077,0,2892307.69230769,0,2892307.69230769,21135326.9230769,16449942.3076923,0,37585269.2307692,36450083.4615385,1382883.41153846,525202.715384615,1908086.12692308,25935720.7423077,177975493.461538,57585410.3846154,4800393.81923077,62385804.2038462,152039772.719231,214425576.923077,15407.6923076923,4415.38461538462,8755.76923076923,14610.6923076923,123261538.461538,91164038.4615385,0,0,42.3076923076923,0,0,0,0,42.3076923076923,0,0,0,0,5909.61538461538,5909.61538461538,1190.38461538462,623.076923076923,567.307692307692,1078.84615384615,403.846153846154,675,113.461538461538,0,2382.69230769231,0,13.4615384615385,0,5.76923076923077,0,0,0,32.6923076923077,0,419.230769230769,1551.92307692308,51.9230769230769,0,0,0,0,0,130.769230769231,0,0,107.692307692308,0,0,0,3.84615384615385,40.3846153846154,0,0,0,0,0,0,0,0,0,0,0,0,0,25,13.6875
3,0,26360,42390,0,0,70300,0,0,0,0,357110,33,2,434170,6,0.4,0,0,0.4,0,0,0,0,0,0,0.4,0,0,0.4,0,0.4,0,0,0.4,0,0,0,0,0,0,0.4,0,0,0.4,0,21,2,1500,1240400,347625,892775,0,65900,105975,0,0,175750,0,0,0,0,892775,1094000,403000,0,0,0,0,0,0,1941557.29166667,9612.5,1951169.79166667,445500,0,1050000,1050000,15978500,0,0,15978500,6618239.79166667,66655.250625,232077.16,298732.410625,16277232.410625,-5748239.79166667,21546739.7916667,1348732.410625,22895472.2022917,-22025472.2022917,870000,0,145,145,145,0,870000,0,0,65,202.5,0,0,5,272.5,0,0,0,0,1867.5,1867.5,837.5,837.5,0,0,0,0,80,0,917.5,0,2.5,0,12.5,0,0,0,57.5,0,0,10,42.5,0,0,212.5,0,167.5,370,0,0,42.5,0,0,0,0,0,0,0,0,0,0,0,0,0,0,0,0,0,0,0,24.75
3,0,38660,0,14140,0,12300,0,0,0,0,0,99,3,423960,6,0.7,0.7,0,0,0,0.7,0.7,0,0,0,0,0,0,0,0,0.69,0.69,0,0,0,0.69,0.69,0,0,0,0,0,0,0,0,4,2,2550.72463768116,94347.8260869565,94347.8260869565,0,0,56028.9855072464,0,20492.7536231884,0,17826.0869565217,0,0,0,0,0,1188115.94202899,561739.130434783,3918840.57971015,0,0,0,0,0,1400157.00483092,13589217.3913043,14989374.3961353,0,6286956.52173913,0,6286956.52173913,13212611.5942029,6182608.69565217,1669565.2173913,21064785.5072464,27891193.3857864,-1057699.90241546,332665.07942029,-725034.822995169,19911891.6946001,36178371.8316049,42241163.3816425,5561921.69874396,47803085.0803865,16266480.1370048,64069565.2173913,8008.69565217391,0,0,3043.30434782609,64069565.2173913,0,0,0,5.79710144927536,0,33.3333333333333,0,1.44927536231884,40.5797101449275,0,0,0,0,0,0,747.826086956522,386.95652173913,360.869565217391,624.63768115942,0,624.63768115942,69.5652173913044,0,1442.02898550725,0,0,0,7.2463768115942,0,0,0,69.5652173913044,0,0,1228.98550724638,27.536231884058,0,0,0,0,0,0,0,0,95.6521739130435,0,0,0,8.69565217391304,0,0,0,0,0,0,0,0,0,0,0,0,0,0,4.34782608695652,6.84615384615385
3,0,70300,0,35350,0,263620,388080,0,0,0,140600,99,4,423960,6,1.67,1.67,0,0,0,1.67,1.67,0,0,0,0,0,0,0,0,1.67,1.67,0,0,0,1.67,1.67,0,0,0,0,0,0,0,0,3,2,1257.48502994012,537694.610778443,221119.760479042,316574.850299401,0,42095.8083832335,0,21167.6646706587,0,157856.28742515,232383.233532934,0,0,0,84191.6167664671,540000,33353.2934131737,881197.604790419,0,0,0,0,837964.071856287,222788.173652695,3778835.92814371,4001624.10179641,103473.053892216,7577245.50898204,0,7577245.50898204,6741419.16167665,4522754.49101796,1270658.68263473,12534832.3353293,12392211.9828217,490302.502017964,190526.519760479,680829.021778443,15759961.6197951,13727308.9752621,19894099.0718563,8258074.53076048,28152173.6026168,-2032652.64453293,26119520.9580838,3507.78443113772,0,0,1332.95808383234,26119520.9580838,0,0,0,13.1736526946108,0,26.9461077844311,0,4.79041916167665,44.9101796407186,1066.46706586826,0,0,0,13.1736526946108,1079.64071856287,391.616766467066,200,191.616766467066,314.97005988024,314.97005988024,0,28.1437125748503,18.562874251497,753.293413173653,0,0,0,5.98802395209581,0,0,0,79.0419161676647,0,4.19161676646707,350.299401197605,44.9101796407186,0,0,0,0,83.8323353293413,0,0,0,0,0,0,0,2.39520958083832,2.39520958083832,0,0,0,0,0,0,0,0,0,0,0,0,0,180.239520958084,6.16666666666667
3,30750,0,0,0,0,0,415800,0,0,0,0,37,1,415002,6,0.2,0,0.2,0,0,0.2,0,0.2,0,0,0,0,0,0,0,0.2,0,0.2,0,0,0.2,0,0.2,0,0,0,0,0,0,0,11.5,2,1000,2232750,153750,2079000,153750,0,0,0,0,0,2079000,0,0,0,0,820000,1004500,0,0,4239500,0,0,0,5166900,97200,5264100,1620000,2895000,0,2895000,21807725,0,0,21807725,15595852,836879.565,373295.49,1210175.055,25912900.055,24391648,37403577,4105175.055,41508752.055,-1521252.055,39987500,1420,75,2785,3324.6,6106000,33881500,0,210,0,0,0,0,0,210,19080,0,0,0,0,19080,1150,920,230,0,0,0,125,0,1275,0,5,0,20,0,0,0,50,0,30,500,60,0,0,480,0,0,50,0,0,80,0,0,0,0,0,0,0,0,0,0,0,0,0,0,0,0,0,0,0,43.6315789473684
3,57270,0,0,0,0,0,0,0,0,0,327460,33,3,434170,5,0.6,0,0.6,0,0,0.6,0,0.6,0,0,0,0,0,0,0,0.6,0,0.6,0,0,0.6,0,0.6,0,0,0,0,0,0,0,11.6666666666667,2,850,641216.666666667,95450,545766.666666667,95450,0,0,0,0,0,0,0,0,0,545766.666666667,1323666.66666667,327333.333333333,0,0,0,0,0,541500,333750,1352704.16666667,1686454.16666667,162000,2410000,0,2410000,17487773.3333333,772683.333333333,0,18260456.6666667,5889024.16666667,216184.829166667,261567.749333333,477752.5785,20375525.9118333,85513809.1666667,23376797.5,2887752.5785,26264550.0785,65138283.2548333,91402833.3333333,3710,76.6666666666667,1488.33333333333,2898.13333333333,71603000,19799833.3333333,0,210,0,0,0,0,0,210,0,0,0,0,1778.33333333333,1778.33333333333,980,533.333333333333,446.666666666667,48.3333333333333,23.3333333333333,25,111.666666666667,0,1140,0,5,0,0,0,0,0,123.333333333333,0,175,153.333333333333,141.666666666667,0,0,0,0,0,253.333333333333,0,0,223.333333333333,0,0,0,6.66666666666667,58.3333333333333,0,0,0,0,0,0,0,0,0,0,0,0,0,0,13.6875
3,84840,0,0,95800,0,0,0,0,0,0,1144540,33,2,434170,5,0.47,0.2,0.27,0,0,0.2,0.2,0,0,0,0.27,0,0.27,0,0,0.47,0.2,0.27,0,0,0.2,0.2,0,0,0,0.27,0,0.27,0,0,9.66666666666667,2,1293.6170212766,2819531.91489362,384340.425531915,2435191.4893617,180510.638297872,0,0,203829.787234043,0,0,0,0,0,0,2435191.4893617,3715106.38297872,610212.765957447,673829.787234043,0,0,0,0,1230212.76595745,2299489.36170213,3341106.38297872,5640595.74468085,206808.510638298,1229787.23404255,6257446.80851064,7487234.04255319,18387034.0425532,3821276.59574468,0,22208310.6382979,25409191.2765957,635275.098297872,387589.332765957,1022864.43106383,20639685.7076596,107507830,37538778.5106383,8510098.47361702,46048876.9842553,86868144.2923404,132917021.276596,5455.31914893617,244.68085106383,3246.8085106383,5319.82978723404,78011063.8297872,54905957.4468085,0,446.808510638298,0,0,314.893617021277,0,0,761.702127659574,0,0,0,0,4517.02127659574,4517.02127659574,970.212765957447,768.085106382979,202.127659574468,257.446808510638,257.446808510638,0,112.765957446808,0,1340.42553191489,0,0,0,10.6382978723404,0,0,0,114.893617021277,0,308.510638297872,363.829787234043,46.8085106382979,0,0,0,0,0,191.489361702128,0,0,187.234042553191,0,0,0,12.7659574468085,55.3191489361702,0,0,0,0,0,0,0,0,0,0,0,0,0,48.936170212766,24.75
4,0,0,0,0,0,0,0,0,0,0,0,33,1,434170,6,0.24,0,0.24,0,0,0.24,0,0.24,0,0,0,0,0,0,0,0.13,0,0.13,0,0,0.13,0,0.13,0,0,0,0,0,0,0,15,2,653.846153846154,0,0,0,0,0,0,0,0,0,0,0,0,0,0,370000,41538.4615384615,0,0,0,0,0,376153.846153846,1010673.07692308,19938.4615384615,1030611.53846154,0,2892307.69230769,0,2892307.69230769,2237415.38461538,0,0,2237415.38461538,2252473.84615385,137391.480153846,37511.3353846154,174902.815538462,5304625.89246154,6579064.61538462,4489889.23076923,3067210.50784615,7557099.73861538,1274438.72292308,8831538.46153846,684.615384615385,0,0,260.153846153846,8831538.46153846,0,0,0,0,0,0,0,0,0,0,0,0,0,0,0,53.8461538461538,38.4615384615385,15.3846153846154,0,0,0,69.2307692307692,0,123.076923076923,0,0,0,0,0,0,0,69.2307692307692,0,0,38.4615384615385,0,0,0,0,0,0,0,0,0,0,0,0,0,15.3846153846154,0,0,0,0,0,0,0,0,0,0,0,0,0,0,0,41.6666666666667
4,0,0,0,0,0,0,0,0,0,0,0,37,1,415002,6,0.26,0.26,0,0,0,0.26,0.26,0,0,0,0,0,0,0,0,0.2,0.2,0,0,0,0.2,0.2,0,0,0,0,0,0,0,0,27,2,1500,0,0,0,0,0,0,0,0,0,0,0,0,0,0,1660500,160000,0,0,0,0,0,11323500,453062.5,0,453062.5,0,1930000,0,1930000,26440775,2255000,0,28695775,16267064.5,18157.475,518813.21,536970.685,28907745.685,4225935.5,42707839.5,2466970.685,45174810.185,-24681810.185,20493000,2070,0,0,786.6,20493000,0,0,0,0,0,0,0,0,0,0,0,0,0,0,0,1840,225,1615,125,125,0,75,0,2040,0,0,0,0,0,0,0,150,0,0,165,0,0,0,0,0,0,1030,0,0,695,0,0,0,0,0,0,0,0,0,0,0,0,0,0,0,0,0,0,0,43.6315789473684
4,0,0,0,0,0,0,0,0,0,0,0,37,1,415002,6,1.88,0,1.88,0,0,1.88,0,1.88,0,0,0,0,0,0,0,0.12,0,0.12,0,0,0.12,0,0.12,0,0,0,0,0,0,0,25,2,200,0,0,0,0,0,0,0,0,0,0,0,0,0,0,3508333.33333333,675833.333333333,0,0,0,0,0,135833.333333333,2613555.55555556,196105.263157895,2809660.81871345,1125000,2408333.33333333,0,2408333.33333333,7738308.33333333,0,0,7738308.33333333,8669662.81871345,768717.70995614,149523.023333333,918240.733289474,11064882.3999561,25034503.8479532,16407971.1520468,3326574.06662281,19734545.2186696,13969621.4479971,33704166.6666667,2500,241.666666666667,2050,3000,10000000,23704166.6666667,0,0,0,0,0,0,0,0,0,0,0,0,0,0,308.333333333333,116.666666666667,191.666666666667,0,0,0,158.333333333333,0,466.666666666667,0,16.6666666666667,0,0,0,0,0,158.333333333333,0,66.6666666666667,33.3333333333333,0,0,0,0,0,0,50,0,0,141.666666666667,0,0,0,0,0,0,0,0,0,0,0,0,0,0,0,0,0,0,0,43.6315789473684
4,0,0,0,0,0,0,0,0,0,0,0,37,2,415002,6,0.31,0.17,0.07,0,0.07,0.31,0.17,0.07,0,0.07,0,0,0,0,0,0.31,0.17,0.07,0,0.07,0.31,0.17,0.07,0,0.07,0,0,0,0,0,21,2,1129.03225806452,0,0,0,0,0,0,0,0,0,0,0,0,0,0,224516.129032258,561612.903225806,0,0,0,0,0,0,3026922.04301075,4117.14770797963,3031039.19071873,0,2796774.19354839,0,2796774.19354839,13743780.6451613,6528432.25806451,0,20272212.9032258,10760602.4810413,77539.3403508772,261123.44,338662.780350877,16879217.6190606,1692300.74476514,24504383.1262026,3135436.97389926,27639820.1001019,-15186916.8742954,12452903.2258064,0,474.193548387097,1932.25806451613,1932.25806451613,0,12452903.2258064,0,0,0,0,0,0,0,0,0,0,0,0,0,0,764.516129032258,764.516129032258,0,390.322580645161,348.387096774193,41.9354838709677,19.3548387096774,0,1174.1935483871,0,25.8064516129032,0,0,0,0,0,38.7096774193548,0,38.7096774193548,129.032258064516,0,0,0,0,0,0,454.838709677419,0,0,474.193548387097,0,0,0,0,0,0,0,0,0,0,0,0,0,0,0,0,0,0,12.9032258064516,31.4
4,0,0,0,0,0,0,0,0,0,0,0,37,2,415002,6,0.45,0,0.45,0,0,0.45,0,0.45,0,0,0,0,0,0,0,0.38,0,0.38,0,0,0.38,0,0.38,0,0,0,0,0,0,0,15.6666666666667,2,763.157894736842,0,0,0,0,0,0,0,0,0,0,0,0,0,0,686315.789473684,1032368.42105263,0,0,0,0,0,1557631.57894737,1405557.01754386,5307.01754385965,1410864.03508772,0,2155263.15789474,0,2155263.15789474,36043628.9473684,0,0,36043628.9473684,5102181.8245614,75790.8992982456,487567.314736842,563358.214035088,38762250.3192982,23272291.8596491,41145810.7719298,2718621.37192982,43864432.1438596,-15489958.4596491,28374473.6842105,0,892.105263157895,4294.73684210526,4294.73684210526,0,28374473.6842105,0,0,0,0,0,0,0,0,0,0,0,0,0,0,2121.05263157895,1621.05263157895,500,0,0,0,47.3684210526316,0,2168.42105263158,0,76.3157894736842,0,0,0,0,0,94.7368421052631,0,231.578947368421,386.842105263158,0,0,0,0,0,0,734.210526315789,0,0,607.894736842105,0,0,0,0,0,0,0,0,0,0,0,0,0,0,0,0,0,0,36.8421052631579,31.4
4,0,0,0,0,0,0,0,0,0,0,0,37,3,415002,6,0.54,0,0.54,0,0,0.54,0,0.54,0,0,0,0,0,0,0,0.54,0,0.54,0,0,0.54,0,0.54,0,0,0,0,0,0,0,25,1,500,0,0,0,0,0,0,0,0,0,0,0,0,0,0,241851.851851852,46296.2962962963,0,0,0,0,0,0,596003.086419753,5555.55555555555,601558.641975309,0,1694444.44444444,0,1694444.44444444,9724888.88888889,1461111.11111111,0,11186000,2765819.90123457,-15495.5987654321,142279.437037037,126783.838271605,11546117.1716049,16209180.0987654,12490708.7901235,1821228.28271605,14311937.0728395,4663062.92716049,18975000,1916.66666666667,0,0,728.333333333333,18975000,0,0,0,0,0,0,0,0,0,0,0,0,0,0,0,642.592592592592,235.185185185185,407.407407407407,118.518518518519,118.518518518519,0,7.40740740740741,0,768.518518518518,0,0,0,0,0,0,0,31.4814814814815,0,0,240.740740740741,0,0,0,0,0,0,335.185185185185,0,0,161.111111111111,0,0,0,0,0,0,0,0,0,0,0,0,0,0,0,0,0,0,0,15.6578947368421
4,0,0,0,0,0,0,0,0,0,0,0,99,1,423960,6,0.15,0.15,0,0,0,0.15,0.15,0,0,0,0,0,0,0,0,0.15,0.15,0,0,0,0.15,0.15,0,0,0,0,0,0,0,0,3,2,2000,0,0,0,0,0,0,0,0,0,0,0,0,0,0,1963333.33333333,450666.666666667,8424000,0,0,0,0,0,2849055.55555556,5904000,8753055.55555556,0,16066666.6666667,0,16066666.6666667,6066520,0,0,6066520,20015015.5555556,290482.4,209616.048,500098.448,22633285.1146667,-19001682.2222222,26081535.5555556,16566765.1146667,42648300.6702222,-41634967.3368889,1013333.33333333,126.666666666667,0,0,48.1333333333333,1013333.33333333,0,0,0,0,0,0,0,0,0,0,0,0,0,0,0,246.666666666667,246.666666666667,0,0,0,0,93.3333333333333,0,340,0,0,0,33.3333333333333,46.6666666666667,0,0,93.3333333333333,0,0,26.6666666666667,0,0,0,0,0,0,0,0,0,0,0,0,0,0,0,46.6666666666667,0,0,0,0,0,0,0,0,0,0,0,0,93.3333333333333,28.3684210526316
4,0,0,0,0,0,0,0,0,0,0,0,99,1,423960,6,0.2,0,0,0.2,0,0.2,0,0,0.2,0,0,0,0,0,0,0.2,0,0,0.2,0,0.2,0,0,0.2,0,0,0,0,0,0,17,2,1000,0,0,0,0,0,0,0,0,0,0,0,0,0,0,804000,97500,0,0,0,0,0,0,273550,18660,292210,0,9640000,0,9640000,1694140,2520895,60000,4275035,4174449.32836264,53949.0272,64189.034,118138.0612,11476393.7328374,-2370449.32836264,5892705,9758138.0612,15650843.0612,-13846843.0612,1804000,0,0,220,220,0,1804000,0,0,0,0,0,0,0,0,0,0,0,0,0,0,80,70,10,15,10,5,20,110,225,0,0,0,0,0,0,0,60,0,0,20,0,0,0,0,0,0,60,0,0,70,0,0,0,15,0,0,0,0,0,0,0,0,0,0,0,0,0,0,0,28.3684210526316
4,0,0,0,0,0,0,0,0,0,0,0,99,3,423960,5,0.66,0,0.66,0,0,0.36,0,0.36,0,0,0.3,0,0.3,0,0,0.66,0,0.66,0,0,0.36,0,0.36,0,0,0.3,0,0.3,0,0,32,2,121.212121212121,0,0,0,0,0,0,0,0,0,0,0,0,0,0,226363.636363636,166969.696969697,0,12121.2121212121,0,0,0,0,648367.424242424,32727.2727272727,681094.696969697,654545.454545455,1460606.06060606,1145454.54545455,2606060.60606061,4414798.48484849,0,0,4414798.48484849,3310509.24242424,187968.551666667,59771.1375757576,247739.689242424,6123144.23469697,87028278.6363636,6579853.18181818,2853800.29530303,9433653.47712122,80905134.4016667,90338787.8787879,0,162.121212121212,7950,7950,0,90338787.8787879,0,0,0,0,0,0,0,0,0,0,0,0,0,0,237.878787878788,145.454545454545,92.4242424242424,0,0,0,30.3030303030303,0,268.181818181818,0,4.54545454545455,0,0,0,0,0,21.2121212121212,0,0,165.151515151515,0,0,0,0,0,0,39.3939393939394,0,0,37.8787878787879,0,0,0,0,0,0,0,0,0,0,0,0,0,0,0,0,0,0,0,6.84615384615385
4,0,0,0,0,0,0,0,0,0,0,0,99,3,423960,6,0.98,0.3,0.68,0,0,0.98,0.3,0.68,0,0,0,0,0,0,0,0.9,0.3,0.6,0,0,0.9,0.3,0.6,0,0,0,0,0,0,0,18.6666666666667,2,966.666666666667,0,0,0,0,0,0,0,0,0,0,0,0,0,0,1036000,83222.2222222222,0,0,3888.88888888889,0,0,430777.777777778,1583054.62962963,3216606.31578947,4799660.9454191,1080000,1482222.22222222,0,1482222.22222222,9778776.66666667,3180131.11111111,211111.111111111,13170018.8888889,11089447.8587685,333327.162952047,182576.456444444,515903.619396491,11936206.7060471,-189447.858768461,21027528.7231969,1998125.84161871,23025654.5648156,-12125654.5648156,10900000,1090,0,0,414.2,10900000,0,0,0,0,0,0,0,0,0,0,0,0,0,0,0,403.333333333333,371.111111111111,32.2222222222222,201.111111111111,161.111111111111,40,151.111111111111,0,755.555555555556,0,0,0,3.33333333333333,0,0,0,86.6666666666667,0,116.666666666667,174.444444444444,0,0,0,0,0,0,10,20,0,285.555555555556,0,0,0,3.33333333333333,15.5555555555556,0,0,0,0,0,0,0,0,0,0,0,0,0,40,6.84615384615385
4,0,0,0,0,0,0,0,0,0,0,117160,37,1,415002,6,0.23,0,0.23,0,0,0.23,0,0.23,0,0,0,0,0,0,0,0.17,0,0.17,0,0,0.17,0,0.17,0,0,0,0,0,0,0,20,2,823.529411764706,689176.470588235,0,689176.470588235,0,0,0,0,0,0,0,0,0,0,689176.470588235,295294.117647059,1229411.76470588,0,0,0,0,0,0,1500617.64705882,74883.9009287926,1575501.54798762,768529.411764706,2270588.23529412,0,2270588.23529412,28644011.7647059,1216058.82352941,0,29860070.5882353,6188974.13622291,236062.205841073,397717.016470588,633779.222311662,31548379.2223117,19793378.8049536,34832985.9009288,2904367.45760578,37737353.3585346,-11755000.4173581,25982352.9411765,0,647.058823529412,3835.29411764706,3835.29411764706,0,25982352.9411765,0,0,0,0,0,0,0,0,0,0,0,0,1882.35294117647,1882.35294117647,2117.64705882353,70.5882352941177,2047.05882352941,76.4705882352941,35.2941176470588,41.1764705882353,23.5294117647059,0,2217.64705882353,0,41.1764705882353,0,0,0,0,0,47.0588235294118,0,70.5882352941177,252.941176470588,64.7058823529412,0,0,0,0,0,982.352941176471,0,0,735.294117647059,0,0,0,0,0,0,0,0,0,0,0,0,0,0,0,0,0,0,23.5294117647059,43.6315789473684
4,0,0,0,0,0,0,0,0,0,0,158170,37,1,415002,6,0.28,0,0.28,0,0,0.28,0,0.28,0,0,0,0,0,0,0,0.2,0,0.2,0,0,0.2,0,0.2,0,0,0,0,0,0,0,11,2,575,790850,0,790850,0,0,0,0,0,0,0,0,0,0,790850,2361000,322500,0,0,0,0,0,21500,2512422.91666667,45473.6842105263,2557896.60087719,658375,2890000,0,2890000,39502650,0,0,39502650,7127123.60087719,225836.481065789,533181.4,759017.881065789,43151667.8810658,3392376.39912281,46629773.6008772,3649017.88106579,50278791.481943,-39759291.481943,10519500,0,225,1720,1720,0,10519500,0,0,0,0,0,0,0,0,0,0,0,0,3200,3200,2245,2235,10,0,0,0,25,0,2270,0,10,0,0,0,0,0,50,0,60,80,100,0,0,645,0,0,560,0,0,760,0,0,0,0,5,0,0,0,0,0,0,0,0,0,0,0,0,0,0,43.6315789473684
4,0,0,0,0,0,0,0,0,0,0,175740,37,1,415002,6,0.3,0,0.3,0,0,0.3,0,0.3,0,0,0,0,0,0,0,0.27,0,0.27,0,0,0.27,0,0.27,0,0,0,0,0,0,0,29,2,2481.48148148148,650888.888888889,0,650888.888888889,0,0,0,0,0,0,0,0,0,0,650888.888888889,571481.481481481,105925.925925926,0,0,0,0,0,861481.481481481,0,0,0,0,4814814.81481481,0,4814814.81481481,16513800,3077370.37037037,0,19591170.3703704,5682150.14814815,0,270083.757037037,270083.757037037,21598698.5718518,13274516.5185185,22195950.1481481,5084898.57185185,27280848.72,-8324182.05333333,18956666.6666667,1914.81481481481,0,0,727.62962962963,18956666.6666667,0,0,0,0,0,0,0,0,0,0,0,0,0,1977.77777777778,1977.77777777778,1111.11111111111,277.777777777778,833.333333333333,192.592592592593,92.5925925925926,100,44.4444444444444,0,1348.14814814815,0,0,0,0,0,0,0,88.8888888888889,0,0,266.666666666667,18.5185185185185,0,0,0,0,0,670.37037037037,0,0,303.703703703704,0,0,0,0,0,0,0,0,0,0,0,0,0,0,0,0,0,0,0,43.6315789473684
4,0,0,0,0,0,0,0,0,0,0,187460,37,3,415002,6,0.72,0,0.72,0,0,0,0,0,0,0,0.72,0,0.72,0,0,0.67,0,0.67,0,0,0,0,0,0,0,0.67,0,0.67,0,0,26.5,2,582.089552238806,279791.044776119,0,279791.044776119,0,0,0,0,0,0,0,0,0,0,279791.044776119,226119.402985075,301492.537313433,0,0,0,0,0,0,279123.134328358,35634.3283582089,314757.462686567,0,0,1692537.31343284,1692537.31343284,16015611.9402985,0,0,16015611.9402985,3229699.76119403,47164.371641791,208605.385074627,255769.756716418,16271381.6970149,10419106.2089552,17552774.3880597,1948307.07014925,19501081.458209,-5852275.4880597,13648805.9701493,0,76.1194029850746,1964.17910447761,1964.17910447761,0,13648805.9701493,0,0,0,0,0,0,0,0,0,0,0,0,797.014925373134,797.014925373134,952.238805970149,728.358208955224,223.880597014925,0,0,0,19.4029850746269,0,971.641791044776,0,5.97014925373134,0,0,0,0,0,59.7014925373134,0,65.6716417910448,219.402985074627,14.9253731343284,0,0,0,0,0,352.238805970149,10.4477611940298,0,243.283582089552,0,0,0,0,0,0,0,0,0,0,0,0,0,0,0,0,0,0,0,15.6578947368421
4,0,0,0,0,0,0,0,0,0,0,193310,37,1,415002,6,0.17,0,0.17,0,0,0.17,0,0.17,0,0,0,0,0,0,0,0.17,0,0.17,0,0,0.17,0,0.17,0,0,0,0,0,0,0,24.5,1,858.823529411765,1137117.64705882,0,1137117.64705882,0,0,0,0,0,0,0,0,0,0,1137117.64705882,806470.588235294,1018235.29411765,0,0,0,0,0,141176.470588235,5687588.23529412,275285.947712418,5962874.18300654,0,3400000,0,3400000,46650547.0588235,0,0,46650547.0588235,9480876.18300654,490097.818823529,616943.983529412,1107041.80235294,51157588.8611765,30567359.1111111,56131423.2418301,4507041.80235294,60638465.044183,-20590229.7500654,40048235.2941176,0,864.705882352941,6176.47058823529,6176.47058823529,0,40048235.2941176,0,0,0,0,0,0,0,0,0,0,0,0,3141.17647058824,3141.17647058824,2776.47058823529,2176.47058823529,600,0,0,0,23.5294117647059,0,2800,0,47.0588235294118,0,11.7647058823529,0,0,0,152.941176470588,0,141.176470588235,864.705882352941,29.4117647058824,0,0,0,0,0,1141.17647058824,0,0,388.235294117647,0,0,0,0,0,0,0,0,0,0,0,0,0,0,0,0,0,0,23.5294117647059,43.6315789473684
4,0,0,0,0,0,0,0,0,0,0,210890,37,3,415002,6,0.59,0,0.59,0,0,0.59,0,0.59,0,0,0,0,0,0,0,0.59,0,0.59,0,0,0.59,0,0.59,0,0,0,0,0,0,0,24,2,830.508474576271,357440.677966102,0,357440.677966102,0,0,0,0,0,0,0,0,0,0,357440.677966102,221694.915254237,3744237.28813559,0,0,0,0,0,575762.711864407,698489.406779661,5401.4272970562,703890.834076717,0,1794915.25423729,0,1794915.25423729,18603335.5932203,0,0,18603335.5932203,6018028.42729706,32334.8151546238,291430.642711864,323765.457866488,20722016.3053241,7018920.72524532,24621364.0205174,2118680.71210378,26740044.7326212,-13703095.5800788,13036949.1525424,0,125.423728813559,1810.16949152542,1810.16949152542,0,13036949.1525424,0,0,0,0,0,0,0,0,0,0,0,0,1084.74576271186,1084.74576271186,1100,859.322033898305,240.677966101695,0,0,0,15.2542372881356,0,1115.25423728814,0,103.389830508475,0,0,0,0,0,30.5084745762712,0,149.152542372881,172.881355932203,8.47457627118644,0,0,0,0,0,413.559322033898,0,0,189.830508474576,0,0,0,0,0,0,0,0,0,0,0,0,0,0,0,0,0,0,47.4576271186441,15.6578947368421
4,0,0,0,0,0,0,0,0,0,0,21900,99,2,423960,6,0.32,0.32,0,0,0,0.32,0.32,0,0,0,0,0,0,0,0,0.32,0.32,0,0,0,0.32,0.32,0,0,0,0,0,0,0,0,17,2,781.25,68437.5,0,68437.5,0,0,0,0,0,0,0,0,0,0,68437.5,514062.5,281562.5,0,59375,540937.5,1042187.5,0,160937.5,70531.25,12150,82681.25,0,2709375,0,2709375,8295478.125,465625,0,8761103.125,3639766.25,22199.255,141714.67875,163913.93375,11168767.05875,-1046016.25,11935244.375,2873288.93375,14808533.30875,-12214783.30875,2593750,259.375,0,0,98.5625,2593750,0,0,0,0,0,0,0,0,0,0,0,0,0,100,100,243.75,187.5,56.25,25,25,0,221.875,0,490.625,0,0,0,0,0,0,0,190.625,0,9.375,40.625,0,0,0,0,0,59.375,59.375,0,0,109.375,0,0,0,3.125,3.125,0,0,0,0,0,0,0,0,0,0,0,0,0,15.625,35.6
4,0,0,0,0,0,0,0,0,0,0,284110,33,1,434170,6,0.26,0,0,0.26,0,0,0,0,0,0,0.26,0,0,0.26,0,0.26,0,0,0.26,0,0,0,0,0,0,0.26,0,0,0.26,0,26,2,1038.46153846154,1092730.76923077,0,1092730.76923077,0,0,0,0,0,0,0,0,0,0,1092730.76923077,2089615.38461538,108076.923076923,0,0,0,439230.769230769,0,1187692.30769231,1871282.05128205,112547.368421053,1983829.4197031,491923.076923077,0,1615384.61538462,1615384.61538462,17806888.4615385,3707692.30769231,184615.384615385,21699196.1538462,13182161.0687598,185727.522550607,336144.970769231,521872.493319838,18481560.8442632,-6876007.22260595,29526464.8043185,2137257.10870445,31663721.9130229,-25357568.0668691,6306153.84615385,92.3076923076923,69.2307692307692,453.846153846154,488.923076923077,1190769.23076923,5115384.61538462,0,0,0,0,0,0,0,0,0,0,0,0,2053.84615384615,2053.84615384615,1173.07692307692,257.692307692308,915.384615384615,300,26.9230769230769,273.076923076923,46.1538461538462,0,1519.23076923077,0,3.84615384615385,0,0,0,0,0,161.538461538462,0,88.4615384615385,326.923076923077,88.4615384615385,0,0,0,0,0,323.076923076923,0,0,492.307692307692,0,0,0,19.2307692307692,15.3846153846154,0,0,0,0,0,0,0,0,0,0,0,0,0,0,41.6666666666667
4,0,0,0,0,0,0,0,0,0,0,380770,37,1,415002,5,0.21,0.13,0.08,0,0,0.21,0.13,0.08,0,0,0,0,0,0,0,0.14,0.13,0.01,0,0,0.14,0.13,0.01,0,0,0,0,0,0,0,25.3333333333333,2,928.571428571428,2719785.71428571,0,2719785.71428571,0,0,0,0,0,0,0,0,0,0,2719785.71428571,547142.857142857,2488571.42857143,0,0,0,0,0,4197857.14285714,1670000,102302.631578947,1772302.63157895,973035.714285714,5850000,0,5850000,73238442.8571429,4807142.85714286,0,78045585.7142857,17920840.3458647,304774.975639098,1091186.89142857,1395961.86706767,80484404.7242105,86152016.7969925,91159283.2030075,7245961.86706767,98405245.0700752,5667612.07278197,104072857.142857,0,528.571428571429,14985.7142857143,14985.7142857143,0,104072857.142857,0,0,0,0,0,0,0,0,0,0,0,0,7621.42857142857,7621.42857142857,4271.42857142857,3985.71428571429,285.714285714286,485.714285714286,0,485.714285714286,28.5714285714286,0,4785.71428571429,0,228.571428571429,0,0,0,0,0,57.1428571428571,0,800,571.428571428571,71.4285714285714,0,0,0,0,0,1600,0,0,1357.14285714286,0,0,0,0,0,0,0,0,0,0,0,0,0,0,0,0,0,0,100,43.6315789473684
4,0,0,0,0,0,0,0,0,0,0,448140,38,1,389606,6,0.19,0.07,0.12,0,0,0.19,0.07,0.12,0,0,0,0,0,0,0,0.19,0.07,0.12,0,0,0.19,0.07,0.12,0,0,0,0,0,0,0,29,2,1157.89473684211,2358631.57894737,0,2358631.57894737,0,0,0,0,0,0,0,0,0,0,2358631.57894737,1493684.21052632,480000,0,0,0,0,0,225789.473684211,878927.631578947,0,878927.631578947,0,2852631.57894737,0,2852631.57894737,6484036.84210526,1965315.78947368,0,8449352.63157895,7791954.68421053,86894.0034210526,161292.477894737,248186.481315789,9584854.90236842,1200150.57894737,14275991.5263158,3100818.06026316,17376809.5865789,-8384704.32342105,8992105.26315789,0,0,1342.10526315789,1342.10526315789,0,8992105.26315789,0,0,0,0,0,0,0,0,0,0,0,0,5057.8947368421,5057.8947368421,342.105263157895,236.842105263158,105.263157894737,126.315789473684,47.3684210526316,78.9473684210526,52.6315789473684,0,521.052631578947,0,10.5263157894737,0,0,0,0,0,73.6842105263158,0,0,189.473684210526,42.1052631578947,0,0,84.2105263157895,0,0,73.6842105263158,0,0,36.8421052631579,0,0,0,0,0,0,0,0,0,0,0,0,0,0,0,0,0,0,10.5263157894737,40.1
4,0,0,0,0,0,0,0,0,0,0,70300,37,1,415002,6,0.11,0,0.11,0,0,0.11,0,0.11,0,0,0,0,0,0,0,0.11,0,0.11,0,0,0.11,0,0.11,0,0,0,0,0,0,0,29.6666666666667,2,909.090909090909,639090.909090909,0,639090.909090909,0,0,0,0,0,0,0,0,0,0,639090.909090909,1813636.36363636,479090.909090909,0,0,0,0,0,39090.9090909091,2006348.48484848,116267.942583732,2122616.42743222,0,6136363.63636364,0,6136363.63636364,47237672.7272727,0,0,47237672.7272727,5508527.51834131,230414.964226475,622586.414545455,853001.37877193,54227037.7424083,21066927.0271132,52746200.245614,6989365.01513557,59735565.2607496,-33160110.7152951,26575454.5454545,0,536.363636363636,4327.27272727273,4327.27272727273,0,26575454.5454545,0,0,0,0,0,0,0,0,0,0,0,0,1454.54545454545,1454.54545454545,3427.27272727273,172.727272727273,3254.54545454545,0,0,0,27.2727272727273,0,3454.54545454545,0,27.2727272727273,0,0,0,0,0,54.5454545454545,0,200,263.636363636364,90.9090909090909,0,0,972.727272727273,0,0,563.636363636364,0,0,1272.72727272727,0,0,0,0,9.09090909090909,0,0,0,0,0,0,0,0,0,0,0,0,0,0,43.6315789473684
4,0,0,0,0,0,0,0,0,0,0,732250,37,2,415002,6,0.31,0.2,0.11,0,0,0.31,0.2,0.11,0,0,0,0,0,0,0,0.31,0.2,0.11,0,0,0.31,0.2,0.11,0,0,0,0,0,0,0,20,2,838.709677419355,2362096.77419355,0,2362096.77419355,0,0,0,0,0,0,0,0,0,0,2362096.77419355,426129.032258065,989032.258064516,0,0,0,0,0,0,728723.11827957,62425.8064516129,791148.924731183,585935.483870968,3577419.35483871,0,3577419.35483871,28631132.2580645,666870.967741936,0,29298003.2258065,6236215.44086021,176644.774666667,410133.24,586778.014666667,32795329.6275699,12082171.655914,34867347.6989247,4164197.36950538,39031545.0684301,-20713157.9716559,18318387.0967742,916.129032258065,48.3870967741936,1854.83870967742,2202.96774193548,5313548.38709677,13004838.7096774,0,0,0,0,0,0,0,0,0,0,0,0,6883.87096774194,6883.87096774194,1774.1935483871,1058.06451612903,716.129032258065,41.9354838709677,19.3548387096774,22.5806451612903,25.8064516129032,0,1841.93548387097,0,51.6129032258065,0,0,0,0,0,51.6129032258065,0,77.4193548387097,516.129032258065,64.5161290322581,0,0,0,0,0,683.870967741935,0,0,312.903225806452,0,0,0,0,0,0,0,0,0,0,0,0,0,0,0,0,0,0,83.8709677419355,31.4
4,0,0,0,0,0,0,2264730,0,0,0,0,99,3,423960,6,0.93,0,0.93,0,0,0.93,0,0.93,0,0,0,0,0,0,0,0.93,0,0.93,0,0,0.93,0,0.93,0,0,0,0,0,0,0,17,2,752.688172043011,2435193.5483871,0,2435193.5483871,0,0,0,0,0,0,2435193.5483871,0,0,0,0,937849.462365591,413010.752688172,0,10752.688172043,290322.580645161,0,0,147634.408602151,836806.451612903,4691612.90322581,5528419.35483871,929032.258064516,2767741.93548387,0,2767741.93548387,10608715.0537634,3467440.86021505,0,14076155.9139785,14583615.9139785,497475.12,227055.4,724530.52,14100987.5092473,9997351.82795699,25192330.9677419,3492272.45548387,28684603.4232258,-4103635.68129032,24580967.7419355,2302.15053763441,76.3440860215054,151.612903225806,1026.43010752688,23021505.3763441,1559462.3655914,0,0,0,0,0,0,0,0,11762.3655913979,0,0,0,0,11762.3655913979,452.688172043011,300,152.688172043011,213.978494623656,115.05376344086,98.9247311827957,166.666666666667,0,833.333333333333,0,3.2258064516129,0,4.3010752688172,0,0,0,136.559139784946,0,169.89247311828,148.387096774194,32.258064516129,0,0,0,0,0,129.032258064516,19.3548387096774,0,113.978494623656,0,0,0,4.3010752688172,35.4838709677419,0,0,0,0,0,0,0,0,0,0,0,0,0,36.5591397849462,6.84615384615385
4,0,0,0,0,0,0,24260,0,0,0,0,99,1,423960,6,0.4,0,0.4,0,0,0.4,0,0.4,0,0,0,0,0,0,0,0.1,0,0.1,0,0,0.1,0,0.1,0,0,0,0,0,0,0,11,2,80,242600,0,242600,0,0,0,0,0,0,242600,0,0,0,0,282000,140000,0,0,0,0,0,0,526916.666666667,24870,551786.666666667,0,960000,0,960000,2238080,179190,0,2417270,1819536.66666667,93895.0485333333,38215.188,132110.236533333,3330190.23653333,5213463.33333333,4057616.66666667,1092110.23653333,5149726.9032,1883273.0968,7033000,140,0,530,583.2,938000,6095000,0,0,0,0,0,0,0,0,1270,0,0,0,0,1270,110,0,110,10,10,0,40,0,160,0,0,0,0,0,0,0,30,0,0,70,20,0,0,0,0,0,20,0,0,20,0,0,0,0,0,0,0,0,0,0,0,0,0,0,0,0,0,0,0,28.3684210526316
4,0,0,0,0,0,0,24260,0,0,0,0,99,1,423960,6,0.47,0.17,0.3,0,0,0.47,0.17,0.3,0,0,0,0,0,0,0,0.11,0.01,0.1,0,0,0.11,0.01,0.1,0,0,0,0,0,0,0,18.5,2,227.272727272727,220545.454545455,0,220545.454545455,0,0,0,0,0,0,220545.454545455,0,0,0,0,0,286363.636363636,0,0,0,0,0,0,813727.272727273,100545.454545455,914272.727272727,1413787.87878788,1309090.90909091,0,1309090.90909091,13814109.0909091,0,0,13814109.0909091,3258929.6969697,320398.264242424,177580.625454545,497978.88969697,15621178.889697,17565615.7575758,17073038.7878788,1807069.79878788,18880108.5866667,1944436.86787879,20824545.4545455,1000,0,1045.45454545455,1425.45454545455,8000000,12824545.4545455,0,0,0,0,0,0,0,0,1154.54545454545,0,0,0,0,1154.54545454545,872.727272727273,427.272727272727,445.454545454545,0,0,0,0,0,872.727272727273,0,36.3636363636364,0,0,0,0,0,0,0,0,800,36.3636363636364,0,0,0,0,0,0,0,0,0,0,0,0,0,0,0,0,0,0,0,0,0,0,0,0,0,0,0,0,28.3684210526316
4,0,0,0,0,0,0,277200,0,0,0,380770,37,2,415002,6,0.5,0,0.5,0,0,0.34,0,0.34,0,0,0.16,0,0.16,0,0,0.3,0,0.3,0,0,0.2,0,0.2,0,0,0.1,0,0.1,0,0,14,2,650,2193233.33333333,0,2193233.33333333,0,0,0,0,0,0,924000,0,0,0,1269233.33333333,965000,258333.333333333,0,0,0,0,0,94333.3333333333,1189200,56842.1052631579,1246042.10526316,97200,1350000,840000,2190000,15524803.3333333,0,0,15524803.3333333,6109144.10526316,136953.784,236042.721333333,372996.505333333,17247799.8386667,6718189.22807017,20793947.4385965,2562996.50533333,23356943.9439298,-10529610.6105965,12827333.3333333,0,0,1806.66666666667,1806.66666666667,0,12827333.3333333,0,0,0,0,0,0,0,0,423.333333333333,0,0,0,176.666666666667,600,796.666666666667,686.666666666667,110,0,0,0,106.666666666667,0,903.333333333333,0,3.33333333333333,0,0,0,0,0,50,0,0,240,50,0,0,306.666666666667,0,0,173.333333333333,0,0,70,0,0,0,0,0,0,0,0,0,0,0,0,0,0,0,0,0,0,10,31.4
4,0,0,0,0,0,0,291060,0,0,0,0,99,1,423960,6,0.1,0.1,0,0,0,0.1,0.1,0,0,0,0,0,0,0,0,0.1,0.1,0,0,0,0.1,0.1,0,0,0,0,0,0,0,0,19.5,2,1000,2910600,0,2910600,0,0,0,0,0,0,2910600,0,0,0,0,650000,273000,0,0,0,0,0,0,589283.333333333,471810,1061093.33333333,0,960000,0,960000,20211270,0,0,20211270,5318653.33333333,239884.977066667,298156.388,538041.365066667,21709311.3650667,16947346.6666667,25529923.3333333,1498041.36506667,27027964.6984,-4761964.6984,22266000,1650,0,640,1267,11770000,10496000,0,0,0,0,0,0,0,0,15260,0,0,0,0,15260,800,530,270,0,0,0,370,0,1170,0,30,0,0,0,0,0,30,0,0,610,20,0,0,0,0,0,140,0,0,340,0,0,0,0,0,0,0,0,0,0,0,0,0,0,0,0,0,0,0,28.3684210526316
4,0,0,0,0,0,0,316010,0,0,0,0,99,1,423960,6,0.34,0,0.1,0.24,0,0.34,0,0.1,0.24,0,0,0,0,0,0,0.22,0,0.1,0.12,0,0.22,0,0.1,0.12,0,0,0,0,0,0,12,2,727.272727272727,1436409.09090909,0,1436409.09090909,0,0,0,0,0,0,1436409.09090909,0,0,0,0,1204090.90909091,177272.727272727,874545.454545455,0,0,0,0,284545.454545455,285392.045454545,76581.8181818182,361973.863636364,0,3940909.09090909,0,3940909.09090909,12400440.9090909,0,0,12400440.9090909,4762797.5,122244.261454545,203078.576363636,325322.837818182,16666672.8378182,5460384.31818182,17163238.4090909,4266231.92872727,21429470.3378182,-11206288.5196364,10223181.8181818,0,0,859.090909090909,859.090909090909,0,10223181.8181818,0,0,0,0,0,0,0,0,6936.36363636364,0,0,0,0,6936.36363636364,672.727272727273,640.909090909091,31.8181818181818,0,0,0,31.8181818181818,0,704.545454545455,0,9.09090909090909,0,9.09090909090909,0,0,0,163.636363636364,0,77.2727272727273,186.363636363636,0,0,0,0,0,0,22.7272727272727,0,0,190.909090909091,0,0,0,0,0,0,0,0,0,0,0,0,0,0,0,0,0,0,45.4545454545455,28.3684210526316
4,0,0,0,0,0,0,914760,0,0,0,0,37,2,415002,6,0.32,0,0.32,0,0,0.32,0,0.32,0,0,0,0,0,0,0,0.32,0,0.32,0,0,0.32,0,0.32,0,0,0,0,0,0,0,25,2,687.5,2858625,0,2858625,0,0,0,0,0,0,2858625,0,0,0,0,1446562.5,2237187.5,0,0,1622500,0,0,321875,1313955.72916667,78157.8947368421,1392113.62390351,145750,2921875,0,2921875,34246481.25,3081250,0,37327731.25,13520865.6239035,131244.695921053,568099.5675,699344.263421053,37867700.5134211,38325384.3760965,47767346.8739035,3621219.26342105,51388566.1373246,457683.862675436,51846250,4456.25,1034.375,5278.125,6971.5,19161875,32684375,0,0,0,0,0,0,0,0,12721.875,0,0,0,0,12721.875,1993.75,1309.375,684.375,262.5,103.125,159.375,71.875,0,2328.125,0,6.25,0,18.75,0,0,0,43.75,0,437.5,1259.375,75,0,0,243.75,0,0,128.125,0,0,75,0,0,0,0,0,0,0,0,0,0,0,0,0,0,0,0,0,0,40.625,31.4
4,0,0,0,0,0,0,97020,0,0,0,17570,37,1,415002,6,0.16,0.16,0,0,0,0.16,0.16,0,0,0,0,0,0,0,0,0.1,0.1,0,0,0,0.1,0.1,0,0,0,0,0,0,0,0,23,2,500,1145900,0,1145900,0,0,0,0,0,0,970200,0,0,0,175700,3713000,1188000,0,0,519000,0,0,0,1876612.5,597978.947368421,2474591.44736842,4320000,2890000,0,2890000,30597510,0,0,30597510,13775493.4473684,1337204.87589474,460826.284,1798031.15989474,35285541.1598947,12069506.5526316,44373003.4473684,4688031.15989474,49061034.6072632,-23216034.6072632,25845000,3990,0,1350,2866.2,13965000,11880000,0,0,0,0,0,0,0,0,5090,0,0,0,5340,10430,1640,1400,240,0,0,0,130,0,1770,0,10,0,60,0,0,0,100,0,140,490,50,0,0,480,0,0,230,0,0,210,0,0,0,0,0,0,0,0,0,0,0,0,0,0,0,0,0,0,0,43.6315789473684
4,0,0,0,0,0,101500,0,0,0,0,289970,37,1,415002,6,0.24,0.11,0.13,0,0,0.24,0.11,0.13,0,0,0,0,0,0,0,0.24,0.11,0.13,0,0,0.24,0.11,0.13,0,0,0,0,0,0,0,25.5,2,1250,1631125,422916.666666667,1208208.33333333,0,0,0,0,0,422916.666666667,0,0,0,0,1208208.33333333,1160000,2110833.33333333,0,0,0,0,0,90833.3333333333,549252.604166667,9950.65789473684,559203.262061404,65590.2777777778,2729166.66666667,0,2729166.66666667,28278912.5,8205741.66666667,0,36484654.1666667,14238328.8731725,79584.8391419956,514320.328333333,593905.167475329,31601984.334142,17121671.1268275,42517241.3731725,3323071.834142,45840313.2073145,-14480313.2073145,31360000,0,362.5,4883.33333333333,4883.33333333333,0,31360000,0,0,0,0,0,0,29.1666666666667,29.1666666666667,0,0,0,0,4000,4000,1595.83333333333,1050,545.833333333333,470.833333333333,470.833333333333,0,141.666666666667,0,2208.33333333333,0,29.1666666666667,0,0,0,0,0,225,0,70.8333333333333,320.833333333333,50,0,0,720.833333333333,0,0,658.333333333333,0,0,129.166666666667,0,0,0,0,4.16666666666667,0,0,0,0,0,0,0,0,0,0,0,0,0,0,43.6315789473684
4,0,0,0,0,0,110700,0,0,0,0,0,37,1,415002,6,0.13,0,0.13,0,0,0.13,0,0.13,0,0,0,0,0,0,0,0.13,0,0.13,0,0,0.13,0,0.13,0,0,0,0,0,0,0,37,2,769.230769230769,851538.461538462,851538.461538462,0,0,0,0,0,0,851538.461538462,0,0,0,0,0,1516923.07692308,2682307.69230769,0,0,0,0,0,164615.384615385,428538.461538462,73451.4170040486,501989.87854251,236153.846153846,3184615.38461538,0,3184615.38461538,36389346.1538462,741000,0,37130346.1538462,7109530.34008097,144269.175546559,525087.061538461,669356.23708502,40243317.7755466,36355854.2753036,43498876.4939271,3853971.6217004,47352848.1156275,-3887463.50024292,43465384.6153846,0,253.846153846154,6507.69230769231,6507.69230769231,0,43465384.6153846,0,0,0,0,0,0,53.8461538461538,53.8461538461538,0,0,0,0,0,0,2169.23076923077,1430.76923076923,738.461538461538,46.1538461538462,23.0769230769231,23.0769230769231,69.2307692307692,0,2284.61538461538,0,23.0769230769231,0,0,0,0,0,107.692307692308,0,92.3076923076923,492.307692307692,0,0,0,1161.53846153846,0,0,284.615384615385,0,0,115.384615384615,0,0,0,0,7.69230769230769,0,0,0,0,0,0,0,0,0,0,0,0,0,0,43.6315789473684
4,0,0,0,0,0,117320,0,0,0,0,0,37,1,415002,6,0.1,0.1,0,0,0,0.1,0.1,0,0,0,0,0,0,0,0,0.1,0.1,0,0,0,0.1,0.1,0,0,0,0,0,0,0,0,46,2,400,1173200,1173200,0,0,0,0,0,0,1173200,0,0,0,0,0,2012000,2393000,0,0,0,0,0,0,600062.5,38210.5263157895,638273.026315789,0,10600000,0,10600000,42292450,0,0,42292450,6631475.02631579,113379.980842105,593596.06,706976.040842105,53599426.0408421,13102524.9736842,48923925.0263158,11306976.0408421,60230901.0671579,-40496901.0671579,19734000,0,0,2990,2990,0,19734000,0,0,0,0,0,0,70,70,0,0,0,0,0,0,2320,1560,760,0,0,0,280,0,2600,0,30,0,0,0,0,0,110,0,70,360,0,0,0,910,0,0,560,0,0,550,0,0,0,0,10,0,0,0,0,0,0,0,0,0,0,0,0,0,0,43.6315789473684
4,0,0,0,0,0,12270,614550,0,0,0,0,99,2,423960,6,0.43,0.19,0.19,0,0.05,0.43,0.19,0.19,0,0.05,0,0,0,0,0,0.43,0.19,0.19,0,0.05,0.43,0.19,0.19,0,0.05,0,0,0,0,0,14,2,458.139534883721,1457720.93023256,28534.8837209302,1429186.04651163,0,0,0,0,0,28534.8837209302,1429186.04651163,0,0,0,0,396744.186046512,219534.88372093,0,0,0,0,0,247209.302325581,601145.348837209,4049616.64626683,4650761.99510404,1446697.6744186,2913953.48837209,0,2913953.48837209,6317100,0,0,6317100,8842628.97184823,598605.151554468,107115.035348837,705720.186903305,9936773.6752754,1248998.93512852,15159728.9718482,3619673.6752754,18779402.6471236,-8687774.74014688,10091627.9069767,786.046511627907,116.279069767442,286.046511627907,584.744186046512,7860465.11627907,2231162.79069767,0,0,0,0,0,0,20.9302325581395,20.9302325581395,7279.06976744186,0,0,0,0,7279.06976744186,344.186046511628,220.93023255814,123.255813953488,0,0,0,37.2093023255814,0,381.395348837209,0,6.97674418604651,0,13.953488372093,0,0,0,44.1860465116279,0,67.4418604651163,123.255813953488,39.5348837209302,0,0,0,0,0,16.2790697674419,9.30232558139535,0,32.5581395348837,0,0,0,4.65116279069767,23.2558139534884,0,0,0,0,0,0,0,0,0,0,0,0,0,0,35.6
4,0,0,0,0,0,17570,0,0,0,0,0,33,2,434170,6,0.33,0,0.33,0,0,0.33,0,0.33,0,0,0,0,0,0,0,0.33,0,0.33,0,0,0.33,0,0.33,0,0,0,0,0,0,0,19.3333333333333,1,757.575757575758,53242.4242424242,53242.4242424242,0,0,0,0,0,0,53242.4242424242,0,0,0,0,0,1120606.06060606,181515.151515152,0,0,0,0,0,0,269065.656565657,0,269065.656565657,559545.454545454,2918181.81818182,0,2918181.81818182,11989469.6969697,375527.272727273,0,12364996.969697,2993672.02020202,49828.5858585859,170132.471515151,219961.057373737,15127612.5725253,-2048217.47474747,14983141.7171717,3138142.87555556,18121284.5927273,-17175830.0472727,945454.545454545,0,157.575757575758,157.575757575758,157.575757575758,0,945454.545454545,0,0,0,0,0,0,3.03030303030303,3.03030303030303,0,0,0,0,0,0,651.515151515152,478.787878787879,172.727272727273,21.2121212121212,21.2121212121212,0,81.8181818181818,0,754.545454545455,0,3.03030303030303,0,3.03030303030303,0,0,0,42.4242424242424,0,36.3636363636364,45.4545454545455,78.7878787878788,0,0,154.545454545455,0,133.333333333333,178.787878787879,0,0,78.7878787878788,0,0,0,0,0,0,0,0,0,0,0,0,0,0,0,0,0,0,0,24.75
4,0,0,0,0,0,211780,0,0,0,0,0,37,2,415002,6,0.44,0,0.44,0,0,0.44,0,0.44,0,0,0,0,0,0,0,0.44,0,0.44,0,0,0.44,0,0.44,0,0,0,0,0,0,0,19.5,2,870.454545454545,481318.181818182,481318.181818182,0,0,0,0,0,0,481318.181818182,0,0,0,0,0,1039318.18181818,2937954.54545454,0,0,0,0,0,735000,454100.378787879,63307.4162679426,517407.795055821,289772.727272727,2170454.54545454,0,2170454.54545454,37963345.4545455,1664545.45454545,0,39627890.9090909,8080318.88596491,114765.111989633,555786.374545455,670551.486535088,40804351.4865351,36519226.5685805,46043664.3405104,2841006.03198963,48884670.3725,-4285124.91795455,44599545.4545454,0,197.727272727273,6356.81818181818,6356.81818181818,0,44599545.4545454,0,0,0,0,0,0,18.1818181818182,18.1818181818182,0,0,0,0,0,0,1529.54545454545,972.727272727273,556.818181818182,102.272727272727,56.8181818181818,45.4545454545454,709.090909090909,0,2340.90909090909,0,20.4545454545455,0,2.27272727272727,0,0,0,295.454545454545,0,84.0909090909091,320.454545454545,0,0,0,515.909090909091,0,81.8181818181818,447.727272727273,0,0,565.909090909091,0,0,0,0,6.81818181818182,0,0,0,0,0,0,0,0,0,0,0,0,0,0,31.4
4,0,0,0,0,0,21970,62370,315000,0,0,644380,99,4,423960,6,1.32,1.32,0,0,0,1.32,1.32,0,0,0,0,0,0,0,0,1.32,1.32,0,0,0,1.32,1.32,0,0,0,0,0,0,0,0,4,2,530.30303030303,790696.96969697,16643.9393939394,774053.03030303,0,0,0,0,0,16643.9393939394,47250,238636.363636364,0,0,488166.666666667,171136.363636364,35151.5151515152,0,0,0,0,0,78030.303030303,26628.7878787879,500727.272727273,527356.060606061,0,5713636.36363636,0,5713636.36363636,4628632.57575758,0,0,4628632.57575758,2026331.21212121,38595,70725.2318181818,109320.231818182,10451589.1712121,284123.333333333,6654963.78787879,5822956.59545454,12477920.3833333,-10167465.8378788,2310454.54545455,313.636363636364,0,0,119.181818181818,2310454.54545455,0,0,0,0,0,0,0,0.757575757575758,0.757575757575758,57.5757575757576,1140.15151515152,0,0,404.545454545455,1602.27272727273,271.969696969697,241.666666666667,30.3030303030303,0,0,0,1.51515151515152,0,273.484848484848,0,6.81818181818182,0,6.06060606060606,0,0,0,18.1818181818182,0,18.9393939393939,68.1818181818182,31.8181818181818,0,0,10.6060606060606,0,17.4242424242424,68.9393939393939,0,0,13.6363636363636,0,0,0,3.03030303030303,3.03030303030303,0,0,0,0,0,0,0,0,0,0,0,0,0,6.81818181818182,6.16666666666667
4,0,0,0,0,0,232860,2328480,0,0,0,0,33,4,434170,6,1.38,0,1.38,0,0,1.38,0,1.38,0,0,0,0,0,0,0,1.04,0,1.04,0,0,1.04,0,1.04,0,0,0,0,0,0,0,29,2,1201.92307692308,2462826.92307692,223903.846153846,2238923.07692308,0,0,0,0,0,223903.846153846,2238923.07692308,0,0,0,0,1412019.23076923,629326.923076923,0,0,0,0,0,0,943644.631410256,1328228.36538462,2271872.99679487,72772.4358974359,4808653.84615385,0,4808653.84615385,8984197.11538462,0,0,8984197.11538462,7282988.50961538,151603.653910256,167255.790384615,318859.444294872,14111710.4058333,27581242.2596154,16267185.625,5127513.29044872,21394698.9154487,13469531.8537821,34864230.7692308,2161.53846153846,10.5769230769231,10.5769230769231,831.961538461538,34800769.2307692,63461.5384615384,0,0,0,0,0,0,3.84615384615385,3.84615384615385,9784.61538461538,0,0,0,0,9784.61538461538,514.423076923077,293.269230769231,221.153846153846,0,0,0,50.9615384615385,0,565.384615384615,0,0.961538461538461,0,4.80769230769231,0,0,0,30.7692307692308,0,22.1153846153846,29.8076923076923,39.4230769230769,0,0,202.884615384615,0,0,196.153846153846,0,0,38.4615384615385,0,0,0,0,0,0,0,0,0,0,0,0,0,0,0,0,0,0,0,9.11111111111111
4,0,0,0,0,0,23900,0,0,0,0,0,33,4,434170,6,1.32,0,1.32,0,0,0,0,0,0,0,1.32,0,1.32,0,0,1.32,0,1.32,0,0,0,0,0,0,0,1.32,0,1.32,0,0,18,1,1363.63636363636,18106.0606060606,18106.0606060606,0,0,0,0,0,0,18106.0606060606,0,0,0,0,0,795227.272727273,197348.484848485,0,0,0,0,0,397121.212121212,240751.262626263,139704.545454545,380455.808080808,187373.737373737,0,2775757.57575758,2775757.57575758,7249690.90909091,3340219.6969697,0,10589910.6060606,8525779.84848485,36184.6404040404,148771.649090909,184956.289494949,7434647.19858586,22970356.5151515,12999713.1818182,2960713.86525253,15960427.0470707,15535709.3165657,31496136.3636364,1686.36363636364,0,1068.93939393939,1709.75757575758,17706818.1818182,13789318.1818182,0,0,0,0,0,0,0.757575757575758,0.757575757575758,0,0,0,0,0,0,375,265.151515151515,109.848484848485,250.757575757576,0,250.757575757576,53.030303030303,0,678.787878787879,0,2.27272727272727,0,6.06060606060606,0,0,0,44.6969696969697,0,53.030303030303,391.666666666667,0,0,0,0,0,0,150,3.78787878787879,0,21.969696969697,0,0,0,5.3030303030303,0,0,0,0,0,0,0,0,0,0,0,0,0,0,0,9.11111111111111
4,0,0,0,0,0,24610,0,0,159390,0,0,37,1,415002,5,0.15,0,0.15,0,0,0.15,0,0.15,0,0,0,0,0,0,0,0.12,0,0.12,0,0,0.12,0,0.12,0,0,0,0,0,0,0,25,2,708.333333333333,1533333.33333333,205083.333333333,1328250,0,0,0,0,0,205083.333333333,0,0,1328250,0,0,2570833.33333333,913333.333333333,0,0,0,0,0,214166.666666667,2913083.33333333,540000,3453083.33333333,0,1441666.66666667,0,1441666.66666667,53790616.6666667,11680641.6666667,0,65471258.3333333,20780393.6666667,105233.426666667,876716.27,981949.696666667,56214233.03,51370439.6666667,74571010.3333333,2423616.36333333,76994626.6966667,-4843793.36333333,72150833.3333333,0,375,6033.33333333333,6033.33333333333,0,72150833.3333333,0,0,0,0,0,0,16.6666666666667,16.6666666666667,0,0,20541.6666666667,0,0,20541.6666666667,2891.66666666667,2716.66666666667,175,666.666666666667,625,41.6666666666667,208.333333333333,0,3766.66666666667,0,108.333333333333,0,0,0,0,0,283.333333333333,0,825,200,441.666666666667,0,0,925,0,0,91.6666666666667,0,0,841.666666666667,0,0,0,0,8.33333333333333,0,0,0,0,0,0,0,0,0,0,0,0,0,41.6666666666667,43.6315789473684
4,0,0,0,0,0,26360,126130,0,0,0,0,37,1,415002,6,0.11,0,0.11,0,0,0.11,0,0.11,0,0,0,0,0,0,0,0.11,0,0.11,0,0,0.11,0,0.11,0,0,0,0,0,0,0,23,2,454.545454545455,1386272.72727273,239636.363636364,1146636.36363636,0,0,0,0,0,239636.363636364,1146636.36363636,0,0,0,0,1079090.90909091,627272.727272727,0,0,0,0,0,233636.363636364,3295992.42424242,108516.746411483,3404509.17065391,0,2890909.09090909,0,2890909.09090909,25715227.2727273,3936000,0,29651227.2727273,11081783.8979266,369255.282743222,408921,778176.282743222,29384312.6463796,7430943.37480064,36797011.1706539,3669085.37365231,40466096.5443062,-21953369.2715789,18512727.2727273,781.818181818182,409.090909090909,2254.54545454545,2551.63636363636,3361818.18181818,15150909.0909091,0,0,0,0,0,0,227.272727272727,227.272727272727,6009.09090909091,0,0,0,0,6009.09090909091,1327.27272727273,1327.27272727273,0,218.181818181818,218.181818181818,0,118.181818181818,0,1663.63636363636,0,9.09090909090909,0,27.2727272727273,0,0,0,81.8181818181818,0,218.181818181818,400,72.7272727272727,0,0,572.727272727273,0,0,172.727272727273,0,0,90.9090909090909,0,0,0,0,0,0,0,0,0,0,0,0,0,0,0,0,0,0,18.1818181818182,43.6315789473684
4,0,0,0,0,0,280760,0,0,0,0,289970,37,2,415002,6,0.3,0,0.3,0,0,0.3,0,0.3,0,0,0,0,0,0,0,0.3,0,0.3,0,0,0.3,0,0.3,0,0,0,0,0,0,0,28,2,2333.33333333333,1902433.33333333,935866.666666667,966566.666666667,0,0,0,0,0,935866.666666667,0,0,0,0,966566.666666667,1729000,1891000,0,169666.666666667,0,0,0,0,278694.444444444,53048.2456140351,331742.69005848,0,1446666.66666667,0,1446666.66666667,24969193.3333333,3696866.66666667,0,28666060,10135711.3567251,48518.6402339181,426041.184,474559.824233918,26890419.8242339,11410955.3099415,35104904.6900585,1921226.49090058,37026131.1809591,-15479464.5142924,21546666.6666667,0,186.666666666667,3346.66666666667,3346.66666666667,0,21546666.6666667,0,0,0,0,0,0,110,110,0,0,0,0,3200,3200,1330,470,860,216.666666666667,183.333333333333,33.3333333333333,270,0,1816.66666666667,0,16.6666666666667,0,0,0,0,0,356.666666666667,0,50,233.333333333333,66.6666666666667,0,0,616.666666666667,0,0,206.666666666667,0,0,266.666666666667,0,0,0,0,3.33333333333333,0,0,0,0,0,0,0,0,0,0,0,0,0,0,31.4
4,0,0,0,0,0,28120,471240,0,0,0,0,37,3,415002,6,0.57,0,0.57,0,0,0,0,0,0,0,0.57,0,0.57,0,0,0.57,0,0.57,0,0,0,0,0,0,0,0.57,0,0.57,0,0,18.2,2,1017.54385964912,876070.175438596,49333.3333333333,826736.842105263,0,0,0,0,0,49333.3333333333,826736.842105263,0,0,0,0,611754.385964912,1650526.31578947,0,0,0,0,0,135438.596491228,4471236.84210526,89750.6925207756,4560987.53462604,0,0,1621052.63157895,1621052.63157895,11123161.4035088,7335087.71929824,1533333.33333333,19991582.4561403,17815247.710327,238049.633167128,288490.611929825,526540.245096953,12573706.6307995,12354752.289673,28241361.4644506,2147592.8766759,30388954.3411265,-218954.341126502,30170000,0,542.105263157895,4705.26315789474,4705.26315789474,0,30170000,0,0,0,0,0,0,5.26315789473684,5.26315789473684,3570.17543859649,0,0,0,0,3570.17543859649,454.385964912281,452.631578947368,1.75438596491228,554.385964912281,92.9824561403509,461.40350877193,161.40350877193,0,1170.17543859649,0,3.50877192982456,0,1.75438596491228,0,0,0,50.8771929824561,0,275.438596491228,515.789473684211,26.3157894736842,0,0,119.298245614035,0,0,63.1578947368421,0,0,108.771929824561,0,0,0,5.26315789473684,0,0,0,0,0,0,0,0,0,0,0,0,0,0,0,15.6578947368421
4,0,0,0,0,0,28990,110880,0,0,0,0,37,1,415002,6,0.29,0,0.29,0,0,0.29,0,0.29,0,0,0,0,0,0,0,0.29,0,0.29,0,0,0.29,0,0.29,0,0,0,0,0,0,0,23,1,517.241379310345,482310.344827586,99965.5172413793,382344.827586207,0,0,0,0,0,99965.5172413793,382344.827586207,0,0,0,0,1104137.93103448,1562068.96551724,0,0,0,0,0,127586.206896552,1914942.52873563,196007.259528131,2110949.78826376,0,1662068.96551724,0,1662068.96551724,17645337.9310345,23712255.1724138,610344.827586207,41967937.9310345,29864249.8326207,140899.29461585,561026.113103448,701925.407719298,20269737.7081899,-1061836.03951726,47769993.1675741,2363994.37323654,50133987.5408106,-21331573.7477072,28802413.7931034,493.103448275862,379.310344827586,4027.58620689655,4214.96551724138,2514827.5862069,26287586.2068966,0,0,0,0,0,0,6.89655172413793,6.89655172413793,875.862068965517,0,0,0,0,875.862068965517,1172.41379310345,110.344827586207,1062.06896551724,1462.06896551724,855.172413793103,606.896551724138,55.1724137931035,24.1379310344828,2713.79310344828,0,6.89655172413793,0,0,0,0,0,27.5862068965517,0,848.275862068966,927.586206896552,13.7931034482759,0,0,627.586206896552,0,0,162.068965517241,0,0,100,0,0,0,0,0,0,0,0,0,0,0,0,0,0,0,0,0,0,0,43.6315789473684
4,0,0,0,0,0,304910,0,0,0,0,0,37,3,415002,6,0.62,0,0.62,0,0,0,0,0,0,0,0.62,0,0.62,0,0,0.62,0,0.62,0,0,0,0,0,0,0,0.62,0,0.62,0,0,16,2,750,491790.322580645,491790.322580645,0,0,0,0,0,0,491790.322580645,0,0,0,0,0,2028548.38709677,1535806.4516129,0,0,27903.2258064516,0,0,0,2274729.83870968,46451.6129032258,2321181.4516129,65822.5806451613,0,1356451.61290323,1356451.61290323,26119464.516129,5226129.03225806,572580.64516129,31918174.1935484,13564099.2109636,84931.5966666666,446427.56,531359.156666667,27127940.1715095,27543320.1438751,38804228.6129032,1887810.76956989,40692039.3824731,415379.972365595,41107419.3548387,0,1067.74193548387,6316.12903225806,6316.12903225806,0,41107419.3548387,0,0,0,0,0,0,6.45161290322581,6.45161290322581,0,0,0,0,0,0,1430.64516129032,1251.61290322581,179.032258064516,337.096774193548,8.06451612903226,329.032258064516,103.225806451613,45.1612903225806,1916.12903225806,0,32.258064516129,0,0,0,0,0,154.838709677419,0,200,464.516129032258,38.7096774193548,0,0,512.903225806451,0,116.129032258064,275.806451612903,0,0,101.612903225806,0,0,0,0,1.61290322580645,0,0,0,0,0,0,0,0,0,0,0,0,0,17.741935483871,15.6578947368421
4,0,0,0,0,0,351480,0,0,0,0,0,37,2,415002,6,0.38,0.09,0.29,0,0,0.38,0.09,0.29,0,0,0,0,0,0,0,0.38,0.09,0.29,0,0,0.38,0.09,0.29,0,0,0,0,0,0,0,31.75,2,526.315789473684,924947.368421053,924947.368421053,0,0,0,0,0,0,924947.368421053,0,0,0,0,0,1127894.73684211,1855263.15789474,0,0,2003421.05263158,0,0,0,1863513.15789474,232133.755441235,2095646.91333597,76736.8421052632,2536842.10526316,0,2536842.10526316,21901473.6842105,1638763.15789474,0,23540236.8421053,10137675.2291254,242076.487000396,365201.863157895,607278.35015829,25045594.139632,27040219.5077167,32039148.913336,3144120.45542145,35183269.3687574,1994625.36808468,37177894.7368421,747.368421052632,0,4994.73684210526,5278.73684210526,3213684.21052632,33964210.5263158,0,0,0,0,0,0,860.526315789474,860.526315789474,0,0,0,0,0,0,1210.52631578947,1078.94736842105,131.578947368421,121.052631578947,31.5789473684211,89.4736842105263,60.5263157894737,0,1392.10526315789,0,5.26315789473684,0,7.89473684210526,0,0,0,71.0526315789474,0,0,410.526315789474,15.7894736842105,0,0,626.315789473684,0,0,155.263157894737,0,0,86.8421052631579,0,0,0,0,0,0,0,0,0,0,0,0,0,0,0,0,0,0,13.1578947368421,31.4
4,0,0,0,0,0,46050,845460,0,0,0,0,37,3,415002,5,0.93,0,0.93,0,0,0.93,0,0.93,0,0,0,0,0,0,0,0.93,0,0.93,0,0,0.93,0,0.93,0,0,0,0,0,0,0,29.3333333333333,2,419.354838709677,958612.903225806,49516.1290322581,909096.774193548,0,0,0,0,0,49516.1290322581,909096.774193548,0,0,0,0,581612.903225806,2119892.47311828,0,0,0,0,0,41505.376344086,2682824.37275986,156713.073005093,2839537.44576495,607661.290322581,2788172.04301075,0,2788172.04301075,21019508.6021505,20480647.311828,2493548.38709677,43993704.3010753,29275057.0822787,398369.176929824,591422.066666667,989791.243596491,26060434.8974053,89879781.6273987,51557528.6930768,3777963.28660724,55335491.979684,63819346.7299934,119154838.709677,0,2372.04301075269,17918.2795698925,17918.2795698925,0,119154838.709677,0,0,0,0,0,0,3.2258064516129,3.2258064516129,2735.48387096774,0,0,0,0,2735.48387096774,1153.76344086022,594.623655913978,559.139784946237,1165.59139784946,858.064516129032,307.52688172043,130.10752688172,0,2449.4623655914,0,6.45161290322581,0,1.0752688172043,0,0,0,48.3870967741935,0,953.763440860215,1252.68817204301,24.7311827956989,0,0,38.7096774193548,0,0,30.1075268817204,0,0,87.0967741935484,0,0,0,6.45161290322581,0,0,0,0,0,0,0,0,0,0,0,0,0,0,0,15.6578947368421
4,0,0,0,0,0,515010,468470,0,0,0,0,33,2,434170,6,0.55,0.55,0,0,0,0.55,0.55,0,0,0,0,0,0,0,0,0.3,0.3,0,0,0,0.3,0.3,0,0,0,0,0,0,0,0,13,2,1033.33333333333,3278266.66666667,1716700,1561566.66666667,0,0,0,0,0,1716700,1561566.66666667,0,0,0,0,1472333.33333333,883000,0,0,5018333.33333333,0,0,1238666.66666667,1719166.66666667,4648316.66666667,6367483.33333333,0,2570000,0,2570000,16622436.6666667,2886666.66666667,0,19509103.3333333,21578920,702151.584444444,389356.321333333,1091507.90577778,20283944.5724444,4180746.66666666,38201356.6666667,3661507.90577778,41862864.5724444,-16103197.9057778,25759666.6666667,1780,0,283.333333333333,959.733333333333,21538000,4221666.66666667,0,0,0,0,0,0,140,140,6530,0,0,0,0,6530,716.666666666667,440,276.666666666667,233.333333333333,233.333333333333,0,253.333333333333,0,1203.33333333333,0,10,0,26.6666666666667,0,0,0,183.333333333333,0,290,256.666666666667,83.3333333333333,0,0,0,0,0,206.666666666667,0,0,123.333333333333,0,0,0,23.3333333333333,0,0,0,0,0,0,0,0,0,0,0,0,0,0,0,24.75
4,0,0,0,0,0,518840,0,0,0,0,585800,38,3,389606,6,0.54,0,0.54,0,0,0.54,0,0.54,0,0,0,0,0,0,0,0.54,0,0.54,0,0,0.54,0,0.54,0,0,0,0,0,0,0,25.2,2,768.518518518518,2045629.62962963,960814.814814815,1084814.81481481,0,0,0,0,0,960814.814814815,0,0,0,0,1084814.81481481,2393703.7037037,1043333.33333333,0,0,86666.6666666667,0,0,0,4129055.55555556,0,4129055.55555556,0,1068518.51851852,0,1068518.51851852,12637203.7037037,4316296.2962963,0,16953500,14404291.1851852,59962.7488888889,279283.133333333,339245.882222222,14044968.1044444,2190153.25925926,27041494.8888889,1407764.40074074,28449259.2896296,-11854814.8451852,16594444.4444444,0,444.444444444444,1885.18518518518,1885.18518518518,0,16594444.4444444,0,0,0,0,0,0,657.407407407407,657.407407407407,0,0,0,0,1975.92592592593,1975.92592592593,612.962962962963,353.703703703704,259.259259259259,281.481481481481,281.481481481481,0,153.703703703704,0,1048.14814814815,0,77.7777777777778,0,0,0,0,0,72.2222222222222,0,162.962962962963,440.740740740741,85.1851851851852,0,0,0,0,48.1481481481481,118.518518518519,0,0,37.037037037037,0,0,0,5.55555555555556,0,0,0,0,0,0,0,0,0,0,0,0,0,0,0,9.66666666666667
4,0,0,0,0,0,54480,762300,0,0,0,0,37,1,415002,6,0.27,0.27,0,0,0,0.27,0.27,0,0,0,0,0,0,0,0,0.27,0.27,0,0,0,0.27,0.27,0,0,0,0,0,0,0,0,25,2,555.555555555556,3025111.11111111,201777.777777778,2823333.33333333,0,0,0,0,0,201777.777777778,2823333.33333333,0,0,0,0,1519629.62962963,2531111.11111111,0,0,0,0,0,152592.592592593,9744395.06172839,270315.789473684,10014710.8512021,0,2892592.59259259,0,2892592.59259259,37043788.8888889,27708185.1851852,3129629.62962963,67881603.7037037,46705550.4135446,534615.870110461,931364.597037037,1465980.4671475,43192783.6455457,14319264.4012702,85539760.9993502,4358573.05974009,89898334.0590903,-28873519.2442755,61024814.8148148,0,611.111111111111,8896.2962962963,8896.2962962963,0,61024814.8148148,0,0,0,0,0,0,11.1111111111111,11.1111111111111,9422.22222222222,0,0,0,0,9422.22222222222,1914.81481481481,1044.44444444444,870.37037037037,1785.18518518518,1285.18518518518,500,337.037037037037,0,4037.03703703704,0,70.3703703703704,0,3.7037037037037,0,0,0,100,0,944.444444444444,2077.77777777778,48.1481481481481,0,0,433.333333333333,0,0,162.962962962963,0,0,177.777777777778,0,0,0,18.5185185185185,0,0,0,0,0,0,0,0,0,0,0,0,0,0,0,43.6315789473684
4,0,0,0,0,0,68530,693000,0,0,0,0,37,3,415002,6,0.63,0.44,0.19,0,0,0.4,0.21,0.19,0,0,0.23,0.23,0,0,0,0.63,0.44,0.19,0,0,0.4,0.21,0.19,0,0,0.23,0.23,0,0,0,25.5,2,746.031746031746,1208777.77777778,108777.777777778,1100000,0,0,0,0,0,108777.777777778,1100000,0,0,0,0,715714.285714286,1729365.07936508,0,0,0,0,0,65396.8253968254,4391812.16931217,127398.496240601,4519210.66555277,0,1528571.42857143,933333.333333333,2461904.76190476,23873746.031746,3628761.9047619,214285.714285714,27716793.6507936,13243835.3602155,210618.118787246,389806.99047619,600425.109263436,26188754.7955531,36478545.5921655,36370260.2846004,3062329.8711682,39432590.1557686,10289790.7966124,49722380.9523809,0,1050.79365079365,7506.3492063492,7506.3492063492,0,49722380.9523809,0,0,0,0,0,0,6.34920634920635,6.34920634920635,4038.09523809524,0,0,0,0,4038.09523809524,1334.92063492063,661.904761904762,673.015873015873,223.809523809524,115.873015873016,107.936507936508,138.095238095238,0,1696.8253968254,0,3.17460317460317,0,3.17460317460317,0,0,0,63.4920634920635,0,804.761904761905,482.539682539682,30.1587301587302,0,0,174.603174603175,0,0,44.4444444444444,0,0,84.1269841269841,0,0,0,6.34920634920635,0,0,0,0,0,0,0,0,0,0,0,0,0,0,0,15.6578947368421
4,0,0,0,0,0,73800,0,0,0,0,0,37,3,415002,6,0.57,0,0.57,0,0,0.44,0,0.44,0,0,0.13,0,0.13,0,0,0.57,0,0.57,0,0,0.44,0,0.44,0,0,0.13,0,0.13,0,0,34,1,359.649122807017,129473.684210526,129473.684210526,0,0,0,0,0,0,129473.684210526,0,0,0,0,0,981052.631578947,203859.649122807,0,0,0,0,0,180701.754385965,5005029.23976608,99722.9916897507,5104752.23145583,0,2200000,736842.105263158,2936842.10526316,12153878.9473684,4774403.50877193,0,16928282.4561403,12526087.5647892,107788.641120345,228449.790175439,336238.431295783,14690117.3786642,-2317140.19636811,23943124.4068944,3273080.53655894,27216204.9434534,-17007257.5750323,10208947.3684211,2001.75438596491,0,0,760.666666666667,10208947.3684211,0,0,0,0,0,0,0,7.01754385964912,7.01754385964912,0,0,0,0,0,0,608.771929824561,266.666666666667,342.105263157895,298.245614035088,145.614035087719,152.631578947368,147.368421052632,0,1054.38596491228,0,0,0,0,0,0,0,63.1578947368421,0,128.070175438596,345.614035087719,12.280701754386,0,0,352.631578947368,0,0,63.1578947368421,0,0,89.4736842105263,0,0,0,0,0,0,0,0,0,0,0,0,0,0,0,0,0,0,0,15.6578947368421
4,0,0,0,0,0,76460,0,0,0,0,0,37,1,415002,6,0.13,0.13,0,0,0,0.13,0.13,0,0,0,0,0,0,0,0,0.13,0.13,0,0,0,0.13,0.13,0,0,0,0,0,0,0,0,20,2,323.076923076923,588153.846153846,588153.846153846,0,0,0,0,0,0,588153.846153846,0,0,0,0,0,1728461.53846154,1806153.84615385,0,0,0,0,0,0,490076.923076923,110161.943319838,600238.866396761,0,5192307.69230769,0,5192307.69230769,26320300,324692.307692308,0,26644992.3076923,5462702.4048583,135215.302995951,381520.243076923,516735.546072874,32029343.2383806,25506528.3643725,31783002.4048583,5709043.23838057,37492045.6432389,-6522814.8740081,30969230.7692308,0,0,4692.30769230769,4692.30769230769,0,30969230.7692308,0,0,0,0,0,0,46.1538461538462,46.1538461538462,0,0,0,0,0,0,1523.07692307692,1253.84615384615,269.230769230769,23.0769230769231,0,23.0769230769231,61.5384615384615,0,1607.69230769231,0,23.0769230769231,0,0,0,0,0,100,0,46.1538461538462,353.846153846154,0,0,0,246.153846153846,0,0,461.538461538462,0,0,369.230769230769,0,0,0,0,7.69230769230769,0,0,0,0,0,0,0,0,0,0,0,0,0,0,43.6315789473684
4,0,0,0,0,0,87870,0,0,0,0,1121220,33,2,434170,6,0.4,0,0.4,0,0,0.4,0,0.4,0,0,0,0,0,0,0,0.4,0,0.4,0,0,0.4,0,0.4,0,0,0,0,0,0,0,19,2,1400,3022725,219675,2803050,0,0,0,0,0,219675,0,0,0,0,2803050,2246250,1394250,0,0,0,0,0,0,1139348.95833333,986262.5,2125611.45833333,112416.666666667,1930000,0,1930000,15521687.5,705000,0,16226687.5,10040423.125,179590.646666667,283834.915,463425.561666667,17915113.0616667,31129076.875,25562110.625,2393425.56166667,27955536.1866667,13213963.8133333,41169500,3395,15,15,1305.1,41079500,90000,0,0,0,0,0,0,7.5,7.5,0,0,0,0,5867.5,5867.5,830,707.5,122.5,37.5,37.5,0,92.5,0,960,0,2.5,0,12.5,0,0,0,65,0,60,62.5,42.5,0,0,127.5,0,0,537.5,0,0,50,0,0,0,0,0,0,0,0,0,0,0,0,0,0,0,0,0,0,0,24.75
4,0,0,0,0,0,94900,0,0,0,0,0,37,2,415002,5,0.49,0,0.49,0,0,0.42,0,0.42,0,0,0.07,0,0.07,0,0,0.49,0,0.49,0,0,0.42,0,0.42,0,0,0.07,0,0.07,0,0,24.75,2,591.836734693877,193673.469387755,193673.469387755,0,0,0,0,0,0,193673.469387755,0,0,0,0,0,1927959.18367347,1884897.95918367,0,0,582857.142857143,834489.795918367,0,105102.040816327,0,48979.5918367347,48979.5918367347,0,2438775.51020408,353061.224489796,2791836.73469388,26347667.3469388,6955510.20408163,353061.224489796,33656238.7755102,13375270.9498507,41785.4693877551,485896.707755102,527682.177142857,29593447.9211697,57145341.2950472,39649199.9591837,3319518.91183673,42968718.8710204,27551893.3738775,70520612.2448979,5351.02040816326,1057.14285714286,7197.95918367347,9231.34693877551,23009387.755102,47511224.4897959,0,0,0,0,0,0,4.08163265306122,4.08163265306122,0,0,0,0,0,0,1397.95918367347,881.632653061224,516.326530612245,485.714285714286,238.775510204082,246.938775510204,173.469387755102,0,2057.14285714286,0,71.4285714285714,0,0,0,0,0,63.265306122449,0,442.857142857143,1026.5306122449,8.16326530612245,0,0,220.408163265306,0,0,102.040816326531,0,0,77.5510204081633,0,0,0,0,0,0,0,0,0,0,0,0,0,0,0,0,0,0,44.8979591836735,31.4
4,0,0,0,0,49450,0,0,0,0,0,0,99,4,423960,6,2.05,1.06,0,0.99,0,1.06,1.06,0,0,0,0.99,0,0,0.99,0,2.05,1.06,0,0.99,0,1.06,1.06,0,0,0,0.99,0,0,0.99,0,14.3333333333333,2,682.926829268293,24121.9512195122,24121.9512195122,0,0,0,0,0,24121.9512195122,0,0,0,0,0,0,251902.43902439,34048.7804878049,0,14097.5609756098,0,0,0,197121.951219512,241206.707317073,11577.6636713736,252784.370988447,456894.30894309,2351219.51219512,74146.3414634146,2425365.85365854,3381288.29268293,116113.170731707,5853.65853658537,3503255.12195122,1845385.21558321,51836.6226743689,51611.9635121951,103448.586186564,5841615.70907147,104273.321002153,5158186.48480958,2528814.4398451,7687000.92465468,-5737342.38806932,1949658.53658537,296.585365853659,0,0,112.70243902439,1949658.53658537,0,0,0,0,0,0,204.878048780488,0,204.878048780488,0,0,0,0,0,0,151.219512195122,150.731707317073,0.487804878048781,4.39024390243902,4.39024390243902,0,39.5121951219512,2.92682926829268,198.048780487805,0,0,0,0,0,0,0,17.0731707317073,0,0,40.4878048780488,4.39024390243902,0,0,0,0,0,58.5365853658537,5.85365853658537,0,63.9024390243902,1.46341463414634,0,0,6.34146341463415,0,0,0,0,0,0,0,0,0,0,0,0,0,0,0,6.16666666666667
4,0,0,0,0,51510,0,0,0,0,235200,0,99,3,423960,6,0.67,0.5,0,0.17,0,0,0,0,0,0,0.67,0.5,0,0.17,0,0.67,0.5,0,0.17,0,0,0,0,0,0,0.67,0.5,0,0.17,0,12.3333333333333,2,1052.23880597015,427925.373134328,76880.5970149254,351044.776119403,0,0,0,0,76880.5970149254,0,0,0,0,351044.776119403,0,2167014.92537313,116417.910447761,85373.1343283582,0,1171940.29850746,1017014.92537313,0,441641.791044776,517070.895522388,4182.08955223881,521252.985074627,0,0,7528358.20895522,7528358.20895522,8832877.6119403,1691044.7761194,197014.925373134,10720937.3134328,15623601.8271581,49304.4432238806,200238.494328358,249542.937552239,9247777.97606581,-2493601.82715807,17093478.6567164,7777901.14650746,24871379.8032239,-11741379.8032239,13130000,1959.70149253731,0,0,744.686567164179,13130000,0,0,0,0,0,0,489.55223880597,0,489.55223880597,0,0,0,402.985074626866,0,402.985074626866,352.238805970149,216.417910447761,135.820895522388,67.1641791044776,43.2835820895522,23.8805970149254,162.686567164179,29.8507462686567,611.940298507463,0,0,0,2.98507462686567,0,0,11.9402985074627,155.223880597015,1.49253731343284,0,197.014925373134,40.2985074626866,0,0,0,0,83.5820895522388,0,0,0,77.6119402985075,0,0,0,13.4328358208955,0,0,0,0,0,0,0,0,0,0,0,0,0,0,28.3582089552239,6.84615384615385
4,0,0,0,107110,0,17570,0,0,204930,0,0,38,3,389606,6,0.51,0,0.51,0,0,0.51,0,0.51,0,0,0,0,0,0,0,0.51,0,0.51,0,0,0.51,0,0.51,0,0,0,0,0,0,0,37,2,980.392156862745,646294.117647059,244470.588235294,401823.529411765,0,0,0,210019.607843137,0,34450.9803921569,0,0,401823.529411765,0,0,888235.294117647,158627.450980392,0,0,0,0,0,0,696399.509803922,13374.613003096,709774.122807018,0,1568627.45098039,0,1568627.45098039,7764917.64705882,526917.647058823,0,8291835.29411765,3319454.63261094,73707.8970072239,123813.902745098,197521.799752322,9531066.89779154,8018780.66150671,11084372.2796698,1766149.25073271,12850521.5304025,-1512286.23628483,11338235.2941176,0,376.470588235294,2088.23529411765,2088.23529411765,0,11338235.2941176,0,0,0,0,370.588235294118,0,1.96078431372549,372.549019607843,0,0,5380.39215686274,0,0,5380.39215686274,329.411764705882,211.764705882353,117.647058823529,29.4117647058824,29.4117647058824,0,121.56862745098,0,480.392156862745,0,0,0,0,0,0,0,84.3137254901961,0,137.254901960784,107.843137254902,62.7450980392157,0,0,0,0,0,58.8235294117647,0,0,23.5294117647059,0,0,0,5.88235294117647,0,0,0,0,0,0,0,0,0,0,0,0,0,0,0,9.66666666666667
4,0,0,0,115950,0,521930,0,0,0,0,0,37,3,415002,6,0.75,0,0.75,0,0,0.75,0,0.75,0,0,0,0,0,0,0,0.75,0,0.75,0,0,0.75,0,0.75,0,0,0,0,0,0,0,37.25,2,493.333333333333,850506.666666667,850506.666666667,0,0,0,0,154600,0,695906.666666667,0,0,0,0,0,937333.333333333,2004533.33333333,0,0,0,0,0,700000,236457.222222222,21219.298245614,257676.520467836,0,2776000,0,2776000,20055269.3333333,1022957.33333333,0,21078226.6666667,6188009.1871345,20110.1894736842,317075.44,337185.629473684,23168454.962807,25713590.8128655,26243278.5204678,3113185.62947368,29356464.1499415,2545135.85005848,31901600,0,249.333333333333,4588,4588,0,31901600,0,0,0,0,513.333333333333,0,836,1349.33333333333,0,0,0,0,0,0,1040,685.333333333333,354.666666666667,65.3333333333333,29.3333333333333,36,177.333333333333,0,1282.66666666667,0,20,0,0,0,0,0,210.666666666667,0,53.3333333333333,221.333333333333,10.6666666666667,0,0,345.333333333333,0,34.6666666666667,285.333333333333,0,0,97.3333333333333,0,0,0,0,4,0,0,0,0,0,0,0,0,0,0,0,0,0,0,15.6578947368421
4,0,0,0,116660,0,8790,242550,0,0,0,0,38,3,389606,6,0.66,0,0.66,0,0,0.66,0,0.66,0,0,0,0,0,0,0,0.66,0,0.66,0,0,0.66,0,0.66,0,0,0,0,0,0,0,25.25,2,560.606060606061,557575.757575758,190075.757575758,367500,0,0,0,176757.575757576,0,13318.1818181818,367500,0,0,0,0,414393.939393939,79848.4848484849,0,0,0,0,0,0,586443.181818182,0,586443.181818182,0,831818.181818182,0,831818.181818182,2485810.60606061,1468334.84848485,166666.666666667,4120812.12121212,3558092.31645871,35758.5563636364,64140.6157575758,99899.1721212121,3522304.52232917,725544.04717765,6148679.48484849,931717.353939394,7080396.83878788,-2796760.47515152,4283636.36363636,0,218.181818181818,754.545454545455,754.545454545455,0,4283636.36363636,0,0,0,0,342.424242424242,0,1.51515151515152,343.939393939394,1927.27272727273,0,0,0,0,1927.27272727273,122.727272727273,0,122.727272727273,93.939393939394,69.6969696969697,24.2424242424242,40.9090909090909,4.54545454545455,262.121212121212,0,0,0,0,0,0,0,34.8484848484849,0,53.030303030303,66.6666666666667,31.8181818181818,0,0,0,0,0,46.969696969697,0,0,25.7575757575758,0,0,0,3.03030303030303,0,0,0,0,0,0,0,0,0,0,0,0,0,0,0,9.66666666666667
4,0,0,0,14140,0,0,0,0,136620,0,0,38,1,389606,6,0.1,0,0.1,0,0,0,0,0,0,0,0.1,0,0.1,0,0,0.1,0,0.1,0,0,0,0,0,0,0,0.1,0,0.1,0,0,22.5,1,900,1507600,141400,1366200,0,0,0,141400,0,0,0,0,1366200,0,0,597000,108000,0,0,0,0,0,0,6434875,0,6434875,0,0,1260000,1260000,14352680,2067300,0,16419980,12364381,118926.85,231043.992,349970.842,14702650.842,18877619,25457061,1609970.842,27067031.842,4174968.158,31242000,0,480,3780,3780,0,31242000,0,0,0,0,350,0,0,350,0,0,18300,0,0,18300,780,780,0,130,60,70,50,0,960,0,0,0,0,0,0,0,30,0,0,450,30,0,0,0,0,180,210,0,0,40,0,0,0,20,0,0,0,0,0,0,0,0,0,0,0,0,0,0,0,40.1
4,0,0,0,148470,0,62390,221760,0,0,0,0,37,3,415002,6,0.64,0,0.64,0,0,0.64,0,0.64,0,0,0,0,0,0,0,0.64,0,0.64,0,0,0.64,0,0.64,0,0,0,0,0,0,0,23.3333333333333,1,531.25,675968.75,329468.75,346500,0,0,0,231984.375,0,97484.375,346500,0,0,0,0,1023125,1994843.75,0,0,0,0,0,127343.75,4341269.53125,266447.368421053,4607716.89967105,0,2890625,0,2890625,17883615.625,11621748.4375,1539062.5,31044426.5625,21071963.6864561,286134.724780702,432334.776875,718469.501655702,22425557.5273707,26595848.8135439,39888426.712171,3609094.5016557,43497521.2138267,4170291.28617325,47667812.5,0,689.0625,7043.75,7043.75,0,47667812.5,0,0,0,0,709.375,0,4.6875,714.0625,1987.5,0,0,0,0,1987.5,860.9375,860.9375,0,601.5625,282.8125,318.75,140.625,0,1603.125,0,4.6875,0,1.5625,0,0,0,68.75,0,395.3125,592.1875,26.5625,0,0,168.75,0,0,70.3125,0,0,264.0625,0,0,0,10.9375,0,0,0,0,0,0,0,0,0,0,0,0,0,0,0,15.6578947368421
4,0,0,0,148470,0,73810,0,0,0,0,0,37,2,415002,5,0.48,0,0.48,0,0,0.48,0,0.48,0,0,0,0,0,0,0,0.48,0,0.48,0,0,0.48,0,0.48,0,0,0,0,0,0,0,34.6666666666667,2,604.166666666667,463083.333333333,463083.333333333,0,0,0,0,309312.5,0,153770.833333333,0,0,0,0,0,1357708.33333333,2658125,0,0,0,0,0,160833.333333333,6339171.875,187578.947368421,6526750.82236842,0,3012500,0,3012500,24448427.0833333,6405458.33333333,0,30853885.4166667,17986961.1557018,653268.472021199,440121.079166667,1093389.55118787,28554316.6345212,96238038.8442982,42435388.2390351,4105889.55118787,46541277.790223,67683722.209777,114225000,0,9195.83333333333,20491.6666666667,20491.6666666667,0,114225000,0,0,0,0,945.833333333333,0,8.33333333333333,954.166666666667,0,0,0,0,0,0,1216.66666666667,677.083333333333,539.583333333333,400,195.833333333333,204.166666666667,252.083333333333,0,1868.75,0,6.25,0,4.16666666666667,0,0,0,79.1666666666667,0,504.166666666667,881.25,31.25,0,0,66.6666666666667,0,0,102.083333333333,0,0,179.166666666667,0,0,0,14.5833333333333,0,0,0,0,0,0,0,0,0,0,0,0,0,0,0,31.4
4,0,0,0,155540,0,251310,609840,0,0,0,251890,37,3,415002,5,0.68,0,0.68,0,0,0.68,0,0.68,0,0,0,0,0,0,0,0.68,0,0.68,0,0,0.68,0,0.68,0,0,0,0,0,0,0,23.5,2,544.117647058824,1865558.82352941,598308.823529412,1267250,0,0,0,228735.294117647,0,369573.529411765,896823.529411765,0,0,0,370426.470588235,1127794.11764706,1700588.23529412,0,0,254411.764705882,0,0,88235.2941176471,3616389.09313725,2337882.35294118,5954271.44607843,1397647.05882353,2891176.47058824,0,2891176.47058824,21288854.4117647,2366294.11764706,113235.294117647,23768383.8235294,15181130.1175324,485328.249565826,357181.653529412,842509.903095238,25124448.8198766,50925340.4707029,36571892.5637255,3733686.37368347,40305578.937409,25800891.6508263,66106470.5882353,6708.82352941176,325,5308.82352941176,7858.17647058824,29518823.5294118,36587647.0588235,0,0,0,0,366.176470588235,0,11.7647058823529,377.941176470588,3741.17647058824,0,0,0,785.294117647059,4526.47058823529,1138.23529411765,808.823529411765,329.411764705882,155.882352941176,76.4705882352941,79.4117647058824,126.470588235294,0,1420.58823529412,0,27.9411764705882,0,14.7058823529412,0,0,0,38.2352941176471,0,161.764705882353,626.470588235294,50,0,0,327.941176470588,0,0,80.8823529411765,2.94117647058824,0,58.8235294117647,0,0,0,0,1.47058823529412,0,0,0,0,0,0,0,0,0,0,0,0,0,29.4117647058824,15.6578947368421
4,0,0,0,156950,0,1090450,0,0,0,0,0,37,4,415002,6,1.65,0,1.65,0,0,1.65,0,1.65,0,0,0,0,0,0,0,1.65,0,1.65,0,0,1.65,0,1.65,0,0,0,0,0,0,0,37.4,2,751.515151515152,756000,756000,0,0,0,0,95121.2121212121,0,660878.787878788,0,0,0,0,0,1606909.09090909,1513090.90909091,0,0,0,0,0,308787.878787879,85482.8282828283,9645.1355661882,95127.9638490165,0,2880000,0,2880000,13210871.5151515,2492344.24242424,85454.5454545455,15788670.3030303,7200825.04870124,14137.3374332802,247670.881454545,261808.218887826,16424571.3158538,10384144.6482685,20483588.1456672,3141808.21888783,23625396.364555,-6040426.66758532,17584969.6969697,0,187.272727272727,2652.12121212121,2652.12121212121,0,17584969.6969697,0,0,0,0,164.848484848485,0,14.5454545454545,179.393939393939,0,0,0,0,0,0,543.030303030303,256.363636363636,286.666666666667,141.818181818182,133.333333333333,8.48484848484848,253.333333333333,0,938.181818181818,0,10.3030303030303,0,1.21212121212121,0,0,0,280.606060606061,0,25.4545454545455,106.666666666667,6.06060606060606,0,0,244.848484848485,0,0,161.818181818182,0,0,99.3939393939394,0,0,0,0,1.81818181818182,0,0,0,0,0,0,0,0,0,0,0,0,0,0,22.25
4,0,0,0,169680,0,1282020,0,0,0,0,966570,37,4,415002,6,2.3,2,0.3,0,0,2.3,2,0.3,0,0,0,0,0,0,0,2.3,2,0.3,0,0,2.3,2,0.3,0,0,0,0,0,0,0,31.3333333333333,2,321.739130434783,1051421.73913043,631173.913043478,420247.826086957,0,0,0,73773.9130434783,0,557400,0,0,0,0,420247.826086957,1256173.91304348,1549434.7826087,0,0,0,19782.6086956522,0,197173.913043478,102374.637681159,20817.3913043478,123192.028985507,46195.652173913,1039130.43478261,0,1039130.43478261,10289000,3238113.47826087,62608.6956521739,13589722.173913,7911477.35335772,28685.6732101449,219029.993217391,247715.666427536,11623467.5594466,16581740.0379466,18248098.8115942,1286846.10121015,19534944.9128043,4958272.4785,24493217.3913044,0,335.652173913043,3577.39130434783,3577.39130434783,0,24493217.3913043,0,0,0,0,197.391304347826,0,12.6086956521739,210,0,0,0,0,1391.73913043478,1391.73913043478,448.695652173913,222.608695652174,226.086956521739,186.521739130435,163.04347826087,23.4782608695652,178.260869565217,0,813.478260869565,0,10.4347826086957,0,1.73913043478261,0,0,0,101.304347826087,0,25.2173913043478,154.347826086957,24.7826086956522,0,0,204.782608695652,0,0,199.130434782609,0,0,89.5652173913044,0,0,0,0,0.869565217391304,0,0,0,0,0,0,0,0,0,0,0,0,0,1.30434782608696,22.25
4,0,0,0,169680,0,47450,407480,0,0,0,201520,37,1,415002,5,0.27,0,0.08,0,0.19,0.19,0,0,0,0.19,0.08,0,0.08,0,0,0.27,0,0.08,0,0.19,0.19,0,0,0,0.19,0.08,0,0.08,0,0,26,2,707.407407407407,3059740.74074074,804185.185185185,2255555.55555556,0,0,0,628444.444444444,0,175740.740740741,1509185.18518519,0,0,0,746370.37037037,1390740.74074074,3447407.40740741,0,0,32222.2222222222,0,0,127037.037037037,8467759.25925926,226133.333333333,8693892.59259259,288000,2040740.74074074,766666.666666667,2807407.40740741,33410837.037037,5495888.88888889,0,38906725.9259259,23716598.2962963,-58288.9325925926,582352.038518519,524063.105925926,35975640.8837037,59553031.3333333,56360768.6666667,3331470.51333333,59692239.18,23577390.4496296,83269629.6296296,0,2207.40740740741,12785.1851851852,12785.1851851852,0,83269629.6296296,0,0,0,0,1007.40740740741,0,11.1111111111111,1018.51851851852,6596.2962962963,0,0,0,1581.48148148148,8177.77777777778,1762.96296296296,1385.18518518518,377.777777777778,359.259259259259,111.111111111111,248.148148148148,203.703703703704,0,2325.92592592593,0,25.9259259259259,0,0,0,0,0,37.037037037037,0,570.37037037037,607.407407407407,81.4814814814815,0,0,596.296296296296,0,114.814814814815,144.444444444444,0,0,81.4814814814815,0,0,0,0,3.7037037037037,0,0,0,0,0,0,0,0,0,0,0,0,0,62.962962962963,43.6315789473684
4,0,0,0,178160,0,0,0,0,0,0,60920,37,2,415002,6,0.44,0,0.44,0,0,0.44,0,0.44,0,0,0,0,0,0,0,0.44,0,0.44,0,0,0.44,0,0.44,0,0,0,0,0,0,0,23.3333333333333,2,1056.81818181818,543363.636363636,404909.090909091,138454.545454545,0,0,0,404909.090909091,0,0,0,0,0,0,138454.545454545,1771136.36363636,1170454.54545455,0,0,0,0,0,390000,3542602.27272727,142622.009569378,3685224.28229665,699545.454545454,3022727.27272727,0,3022727.27272727,17237179.5454545,19770454.5454545,0,37007634.0909091,28445180.8277512,187014.876220096,506944.099090909,693958.975311005,20953865.7934928,6431637.35406699,45682360.3732057,3716686.24803828,49399046.621244,-14522228.4394258,34876818.1818182,3240.90909090909,0,3079.54545454545,4311.09090909091,13935909.0909091,20940909.0909091,0,0,0,0,927.272727272727,0,0,927.272727272727,0,0,0,0,1940.90909090909,1940.90909090909,970.454545454545,734.090909090909,236.363636363636,1597.72727272727,102.272727272727,1495.45454545455,47.7272727272727,0,2615.90909090909,0,4.54545454545454,0,0,0,0,0,38.6363636363636,0,0,2081.81818181818,34.0909090909091,0,0,315.909090909091,0,9.09090909090909,0,0,0,100,0,0,0,0,0,0,0,0,0,0,0,0,0,0,0,0,0,0,31.8181818181818,31.4
4,0,0,0,19290,0,705520,0,0,0,0,0,38,3,389606,6,0.83,0,0.83,0,0,0.83,0,0.83,0,0,0,0,0,0,0,0.83,0,0.83,0,0,0.83,0,0.83,0,0,0,0,0,0,0,38,2,903.614457831325,873265.060240964,873265.060240964,0,0,0,0,23240.9638554217,0,850024.096385542,0,0,0,0,0,1272771.08433735,744337.34939759,0,0,0,0,0,0,704721.385542169,13696.8928344959,718418.278376665,0,325301.204819277,0,325301.204819277,6024272.28915663,2257755.42168675,0,8282027.71084337,6256153.19403931,76486.6855833862,138537.774939759,215024.460523145,6564597.95449905,2675172.1071655,12280425.4831959,540325.665342422,12820751.1485384,-3889425.84733354,8931325.30120482,0,69.8795180722891,922.89156626506,922.89156626506,0,8931325.30120482,0,0,0,0,28.9156626506024,0,965.060240963855,993.975903614458,0,0,0,0,0,0,330.120481927711,68.6746987951807,261.44578313253,139.759036144578,89.1566265060241,50.6024096385542,69.8795180722891,0,539.759036144578,0,31.3253012048193,0,0,0,0,0,104.819277108434,0,87.9518072289157,77.1084337349398,49.3975903614458,0,0,0,0,0,125.301204819277,0,0,59.0361445783132,0,0,0,4.81927710843373,0,0,0,0,0,0,0,0,0,0,0,0,0,0,0,9.66666666666667
4,0,0,0,197960,0,0,0,0,0,0,0,37,4,415002,6,1.17,0,1.17,0,0,1.17,0,1.17,0,0,0,0,0,0,0,1.17,0,1.17,0,0,1.17,0,1.17,0,0,0,0,0,0,0,27.8333333333333,2,529.91452991453,169196.581196581,169196.581196581,0,0,0,0,169196.581196581,0,0,0,0,0,0,0,387008.547008547,488376.068376068,0,0,0,0,0,0,875045.227920228,310.25641025641,875355.484330484,33205.1282051282,1317094.01709402,0,1317094.01709402,9716523.93162393,500854.700854701,0,10217378.6324786,2868998.50997151,11162.8385754986,139648.301880342,150811.14045584,11184429.0891738,8131001.49002849,12585522.4415954,1467905.15754986,14053427.5991453,-3053427.5991453,11000000,0,0,1466.66666666667,1466.66666666667,0,11000000,0,0,0,0,1163.24786324786,0,0,1163.24786324786,0,0,0,0,0,0,655.555555555556,139.316239316239,516.239316239316,44.4444444444444,21.3675213675214,23.0769230769231,23.0769230769231,0,723.076923076923,0,5.98290598290598,0,0,0,0,0,46.1538461538462,0,18.8034188034188,170.08547008547,88.8888888888889,0,0,0,0,0,264.957264957265,0,0,120.512820512821,0,0,0,1.70940170940171,0,0,0,0,0,0,0,0,0,0,0,0,0,0,5.98290598290598,22.25
4,0,0,0,19800,0,0,0,0,0,0,0,37,1,415002,6,0.24,0,0.24,0,0,0,0,0,0,0,0.24,0,0.24,0,0,0.2,0,0.2,0,0,0,0,0,0,0,0.2,0,0.2,0,0,28,2,450,99000,99000,0,0,0,0,99000,0,0,0,0,0,0,0,4793000,1437500,0,0,0,0,0,0,2379800,0,2379800,1555200,0,2940000,2940000,9640150,4897540,0,14537690,18517042,-101289.152,258753.156,157464.004,9797614.004,-398042,25217192,3097464.004,28314656.004,-10195656.004,18119000,0,165,1970,1970,0,18119000,0,0,0,0,225,0,0,225,0,0,0,0,0,0,390,245,145,280,280,0,170,0,840,0,80,0,0,0,0,0,90,0,0,220,25,0,0,0,0,0,320,0,0,100,0,0,0,5,0,0,0,0,0,0,0,0,0,0,0,0,0,0,0,43.6315789473684
4,0,0,0,212100,0,152900,415800,0,0,0,0,37,4,415002,6,1.02,0,1.02,0,0,1.02,0,1.02,0,0,0,0,0,0,0,1.02,0,1.02,0,0,1.02,0,1.02,0,0,0,0,0,0,0,26.3333333333333,2,931.372549019608,765490.196078431,357843.137254902,407647.058823529,0,0,0,207941.176470588,0,149901.960784314,407647.058823529,0,0,0,0,726666.666666667,1981078.43137255,0,0,0,0,0,100980.392156863,2365880.71895425,83479.8761609907,2449360.59511524,555882.352941177,2835294.11764706,0,2835294.11764706,14519181.372549,9803392.15686275,677450.980392157,25000024.5098039,17070904.3915847,254056.255868593,354320.578431373,608376.834299966,18367251.7044971,23071840.7064545,31994485.1441348,3443670.95194702,35438156.0960819,4704589.00195734,40142745.0980392,0,649.019607843137,5964.70588235294,5964.70588235294,0,40142745.0980392,0,0,0,0,666.666666666667,0,4.90196078431373,671.56862745098,3741.17647058824,0,0,0,0,3741.17647058824,755.882352941176,433.333333333333,322.549019607843,564.705882352941,336.274509803922,228.43137254902,121.56862745098,0,1442.1568627451,0,3.92156862745098,0,0,0,0,0,50.9803921568627,0,301.960784313725,802.941176470588,32.3529411764706,0,0,119.607843137255,0,0,59.8039215686275,0,0,64.7058823529412,0,0,0,5.88235294117647,0,0,0,0,0,0,0,0,0,0,0,0,0,0,0,22.25
4,0,0,0,212100,0,29000,0,0,0,0,0,37,3,415002,6,0.66,0,0.66,0,0,0.66,0,0.66,0,0,0,0,0,0,0,0.66,0,0.66,0,0,0.66,0,0.66,0,0,0,0,0,0,0,28,1,530.30303030303,365303.03030303,365303.03030303,0,0,0,0,321363.636363636,0,43939.3939393939,0,0,0,0,0,749242.424242424,168787.878787879,0,0,0,0,0,78030.303030303,6277550.5050505,172248.803827751,6449799.30887826,0,1460606.06060606,0,1460606.06060606,6765254.54545454,1832181.81818182,183333.333333333,8780769.6969697,10097416.5495545,185428.617756512,125762.453333333,311191.071089846,8681315.22435304,13362734.9655971,17006934.6422116,1771797.13169591,18778731.7739075,4681419.74124402,23460151.5151515,3501.51515151515,0,0,1330.57575757576,23460151.5151515,0,0,0,0,0,1030.30303030303,0,3.03030303030303,1033.33333333333,0,0,0,0,0,0,289.393939393939,187.878787878788,101.515151515152,101.515151515152,51.5151515151515,50,104.545454545455,10.6060606060606,506.060606060606,0,0,0,1.51515151515152,0,0,0,46.969696969697,0,0,321.212121212121,19.6969696969697,0,0,36.3636363636364,0,0,0,0,0,71.2121212121212,0,0,0,9.09090909090909,0,0,0,0,0,0,0,0,0,0,0,0,0,0,0,15.6578947368421
4,0,0,0,223410,0,0,831600,0,0,19600,56240,37,4,415002,5,1,1,0,0,0,1,1,0,0,0,0,0,0,0,0,1,1,0,0,0,1,1,0,0,0,0,0,0,0,0,29.75,2,445,1130850,223410,907440,0,0,0,223410,0,0,831600,0,0,19600,56240,2665000,1559100,0,0,363400,0,0,214500,2455608.75,154872,2610480.75,540000,3065000,0,3065000,13264424,8986967,125000,22376391,18535785.1724619,164117.437125,351034.5884,515152.025525,16919090.6030631,45903614.8275381,31874723.75,3580152.025525,35454875.775525,28984524.224475,64439400,1426,0,8132,8673.88,6702200,57737200,0,0,0,0,613,0,0,613,509,0,0,450,128,1087,657,408,249,684,649,35,136,0,1477,0,78,0,1,0,0,0,68,0,0,1014,88,0,0,0,0,0,138,0,0,68,0,0,0,0,0,0,0,0,0,0,0,0,0,0,0,0,0,0,22,22.25
4,0,0,0,25450,0,201250,0,0,0,0,0,37,1,415002,6,0.2,0,0.2,0,0,0.2,0,0.2,0,0,0,0,0,0,0,0.2,0,0.2,0,0,0.2,0,0.2,0,0,0,0,0,0,0,22,2,1250,1133500,1133500,0,0,0,0,127250,0,1006250,0,0,0,0,0,1389500,476500,0,0,0,0,0,105500,420400,119368.421052632,539768.421052632,0,3275000,0,3275000,21831690,1913810,0,23745500,5973580.42105263,127736.629052632,332946.2,460682.829052632,25567372.8290526,39467419.5789474,27805270.4210526,3735682.82905263,31540953.2501053,13900046.7498947,45441000,0,165,6940,6940,0,45441000,0,0,0,0,225,0,40,265,0,0,0,0,0,0,1210,860,350,115,80,35,110,0,1435,0,20,0,0,0,0,0,135,0,70,465,5,0,0,305,0,0,310,0,0,120,0,0,0,0,5,0,0,0,0,0,0,0,0,0,0,0,0,0,0,43.6315789473684
4,0,0,0,28280,0,0,0,0,0,0,76150,37,2,415002,6,0.37,0,0.37,0,0,0.37,0,0.37,0,0,0,0,0,0,0,0.35,0,0.35,0,0,0.35,0,0.35,0,0,0,0,0,0,0,22,2,971.428571428571,298371.428571429,80800,217571.428571429,0,0,0,80800,0,0,0,0,0,0,217571.428571429,0,773428.571428571,0,136857.142857143,0,0,0,546857.142857143,1229835.71428571,0,1229835.71428571,0,4128571.42857143,0,4128571.42857143,20972802.8571429,0,0,20972802.8571429,3400352,25837.3426666667,281831.132571429,307668.475238095,25409042.7609524,7629362.28571429,24373154.8571429,4436239.90380952,28809394.7609524,-17779680.4752381,11029714.2857143,0,420,1711.42857142857,1711.42857142857,0,11029714.2857143,0,0,0,0,260,0,0,260,0,0,0,0,608.571428571429,608.571428571429,1262.85714285714,982.857142857143,280,0,0,0,0,0,1262.85714285714,0,91.4285714285714,0,0,0,0,0,0,0,251.428571428571,337.142857142857,20,0,0,0,0,0,374.285714285714,0,0,177.142857142857,0,0,0,0,0,0,0,0,0,0,0,0,0,0,0,0,0,0,11.4285714285714,31.4
4,0,0,0,296940,0,0,0,0,0,0,468640,37,3,415002,6,0.75,0,0.75,0,0,0.75,0,0.75,0,0,0,0,0,0,0,0.69,0,0.69,0,0,0.69,0,0.69,0,0,0,0,0,0,0,18,2,318.840579710145,1109536.23188406,430347.826086957,679188.405797102,0,0,0,430347.826086957,0,0,0,0,0,0,679188.405797102,1586376.8115942,1200724.63768116,0,0,200579.710144928,263333.333333333,0,31159.4202898551,2221920.28985507,69199.0846681922,2291119.37452326,422608.695652174,2513043.47826087,0,2513043.47826087,23190585.5072464,2376405.79710145,0,25566991.3043478,9896846.01220443,144100.869610984,371487.897971015,515588.767581998,26219217.7530892,7737501.81388253,33087431.5194508,3028632.24584287,36116063.7652937,-18481715.9392067,17634347.826087,411.594202898551,320.289855072464,2284.05797101449,2440.46376811594,1769855.07246377,15864492.7536232,0,0,0,0,985.507246376812,0,0,985.507246376812,0,0,0,0,1237.68115942029,1237.68115942029,1291.30434782609,1055.07246376812,236.231884057971,179.710144927536,86.9565217391304,92.7536231884058,69.5652173913044,0,1540.57971014493,0,2.89855072463768,0,17.3913043478261,0,0,0,34.7826086956522,0,202.898550724638,478.260869565217,31.8840579710145,0,0,508.695652173913,0,0,169.565217391304,0,0,94.2028985507246,0,0,0,0,0,0,0,0,0,0,0,0,0,0,0,0,0,0,0,15.6578947368421
4,0,0,0,30900,0,5980,0,0,0,0,335080,33,4,434170,6,1.06,0.9,0.16,0,0,1.06,0.9,0.16,0,0,0,0,0,0,0,1.06,0.9,0.16,0,0,1.06,0.9,0.16,0,0,0,0,0,0,0,17,2,283.018867924528,350905.660377358,34792.4528301886,316113.20754717,0,0,0,29150.9433962264,0,5641.50943396226,0,0,0,0,316113.20754717,242735.849056604,105754.716981132,0,0,0,0,0,149622.641509434,0,891.509433962264,891.509433962264,0,1454716.98113208,0,1454716.98113208,2264477.35849057,0,0,2264477.35849057,1284080.37735849,1066.78018867925,38607.3532075472,39674.1333962264,3758868.47301887,-238042.641509434,3548557.73584906,1494391.1145283,5042948.85037736,-3996911.1145283,1046037.73584906,0,0,105.660377358491,105.660377358491,0,1046037.73584906,0,0,0,0,42.4528301886792,0,0.943396226415094,43.3962264150943,0,0,0,0,654.716981132075,654.716981132075,96.2264150943396,96.2264150943396,0,0,0,0,31.1320754716981,0,127.358490566038,0,1.88679245283019,0,1.88679245283019,0,0,0,23.5849056603774,0,0,23.5849056603774,16.0377358490566,0,0,0,0,0,23.5849056603774,0,0,34.9056603773585,0,0,0,1.88679245283019,0,0,0,0,0,0,0,0,0,0,0,0,0,0,0,9.11111111111111
4,0,0,0,31100,0,33390,0,0,0,0,50380,37,1,415002,6,0.22,0,0.22,0,0,0.09,0,0.09,0,0,0.13,0,0.13,0,0,0.22,0,0.22,0,0,0.09,0,0.09,0,0,0.13,0,0.13,0,0,22,2,818.181818181818,522136.363636364,293136.363636364,229000,0,0,0,141363.636363636,0,151772.727272727,0,0,0,0,229000,933181.818181818,832272.727272727,0,0,1164545.45454545,0,0,195000,2478053.03030303,0,2478053.03030303,0,590909.090909091,763636.363636364,1354545.45454545,26526313.6363636,1303854.54545455,54545.4545454545,27884713.6363636,8610237.77946071,179220.61,390994.94,570215.55,27739428.2553878,7406125.85690292,34424905.030303,1924761.00454545,36349666.0348485,-20333302.3984849,16016363.6363636,0,104.545454545455,2381.81818181818,2381.81818181818,0,16016363.6363636,0,0,0,0,209.090909090909,0,9.09090909090909,218.181818181818,0,0,0,0,486.363636363636,486.363636363636,1472.72727272727,1022.72727272727,450,81.8181818181818,27.2727272727273,54.5454545454545,150,0,1704.54545454545,0,104.545454545455,0,9.09090909090909,0,0,0,100,0,200,204.545454545455,113.636363636364,0,0,359.090909090909,0,318.181818181818,72.7272727272727,18.1818181818182,0,186.363636363636,0,0,0,0,0,0,0,0,0,0,0,0,0,0,0,0,0,0,18.1818181818182,43.6315789473684
4,0,0,0,322460,0,0,11090,0,0,0,33980,37,1,415002,6,0.13,0,0.13,0,0,0.13,0,0.13,0,0,0,0,0,0,0,0.13,0,0.13,0,0,0.13,0,0.13,0,0,0,0,0,0,0,27,2,384.615384615385,2827153.84615385,2480461.53846154,346692.307692308,0,0,0,2480461.53846154,0,0,85307.6923076923,0,0,0,261384.615384615,3412307.69230769,2420000,240000,0,0,0,0,197692.307692308,4851089.74358974,0,4851089.74358974,3946153.84615385,2223076.92307692,0,2223076.92307692,52922292.3076923,4758007.69230769,0,57680300,23067407.1282051,673165.993589744,828040.427692308,1501206.42128205,56646575.6520513,1171054.41025641,75989699.4358974,3724283.34435897,79713982.7802564,-55475521.2417949,24238461.5384615,461.538461538462,400,3146.15384615385,3321.53846153846,1984615.38461538,22253846.1538462,0,0,0,0,6976.92307692308,0,0,6976.92307692308,392.307692307692,0,0,0,823.076923076923,1215.38461538462,3084.61538461538,1815.38461538462,1269.23076923077,300,146.153846153846,153.846153846154,161.538461538462,0,3546.15384615385,0,30.7692307692308,0,15.3846153846154,0,0,0,207.692307692308,0,184.615384615385,2330.76923076923,276.923076923077,0,0,0,0,0,300,0,0,123.076923076923,0,0,0,76.9230769230769,0,0,0,0,0,0,0,0,0,0,0,0,0,0,0,43.6315789473684
4,0,0,0,33940,0,279430,0,0,0,0,0,37,3,415002,6,0.66,0,0.66,0,0,0.66,0,0.66,0,0,0,0,0,0,0,0.66,0,0.66,0,0,0.66,0,0.66,0,0,0,0,0,0,0,25.5,2,681.818181818182,474803.03030303,474803.03030303,0,0,0,0,51424.2424242424,0,423378.787878788,0,0,0,0,0,958030.303030303,1788030.3030303,0,0,0,0,0,470757.575757576,205787.878787879,36172.2488038278,241960.127591707,124040.404040404,2087878.78787879,0,2087878.78787879,18478490.9090909,3041590.90909091,148484.848484848,21668566.6666667,7535201.10489887,61528.5448803828,314466.32969697,375994.874577352,21069862.9679773,13854798.8951011,26141190.41042,2463873.66245614,28605064.0728761,-7215064.07287613,21390000,0,250,3331.81818181818,3331.81818181818,0,21390000,0,0,0,0,137.878787878788,0,10.6060606060606,148.484848484848,0,0,0,0,0,0,828.787878787879,557.575757575758,271.212121212121,153.030303030303,118.181818181818,34.8484848484848,272.727272727273,22.7272727272727,1277.27272727273,0,12.1212121212121,0,1.51515151515152,0,0,0,151.515151515152,0,45.4545454545455,187.878787878788,7.57575757575758,0,0,343.939393939394,0,0,319.69696969697,0,0,204.545454545455,0,0,0,0,3.03030303030303,0,0,0,0,0,0,0,0,0,0,0,0,0,0,15.6578947368421
4,0,0,0,33940,0,288210,0,0,0,0,579940,37,2,415002,6,0.48,0,0.48,0,0,0.48,0,0.48,0,0,0,0,0,0,0,0.48,0,0.48,0,0,0.48,0,0.48,0,0,0,0,0,0,0,28,2,812.5,1879354.16666667,671145.833333333,1208208.33333333,0,0,0,70708.3333333333,0,600437.5,0,0,0,0,1208208.33333333,1551666.66666667,2224166.66666667,0,0,0,0,0,648750,155216.145833333,34808.1140350877,190024.259868421,0,1304166.66666667,0,1304166.66666667,29326083.3333333,919166.666666667,0,30245250,7828130.42653509,40105.6036567982,453209.925,493315.528656798,31123565.5286568,21978952.9067982,37154213.7598684,1797482.19532346,38951695.9551919,-9144612.62185856,29807083.3333333,0,412.5,4366.66666666667,4366.66666666667,0,29807083.3333333,0,0,0,0,189.583333333333,0,83.3333333333333,272.916666666667,0,0,0,0,4002.08333333333,4002.08333333333,1581.25,860.416666666667,720.833333333333,54.1666666666667,54.1666666666667,0,245.833333333333,0,1881.25,0,18.75,0,0,0,0,0,362.5,0,64.5833333333333,204.166666666667,85.4166666666667,0,0,660.416666666667,0,0,366.666666666667,0,0,116.666666666667,0,0,0,0,2.08333333333333,0,0,0,0,0,0,0,0,0,0,0,0,0,0,31.4
4,0,0,0,3540,0,119490,207900,0,0,0,0,99,1,423960,6,0.25,0.25,0,0,0,0.25,0.25,0,0,0,0,0,0,0,0,0.25,0.25,0,0,0,0.25,0.25,0,0,0,0,0,0,0,0,8,2,1160,1323720,492120,831600,0,0,0,14160,0,477960,831600,0,0,0,0,979200,969600,0,0,0,0,0,0,868000,17280000,18148000,1296000,3276000,0,3276000,37982240,0,0,37982240,23140480,-2200355.2,511559.024,-1688796.176,39569443.824,27416320,61122720,1587203.824,62709923.824,-12153123.824,50556800,8288,0,0,3149.44,50556800,0,0,0,0,0,20,0,84,104,5088,0,0,0,0,5088,2244,1272,972,0,0,0,92,0,2336,0,0,0,28,0,0,0,200,0,696,696,80,0,0,0,0,140,96,0,0,164,0,0,0,8,172,0,0,0,0,0,0,0,0,0,0,0,0,0,56,28.3684210526316
4,0,0,0,36060,0,0,0,0,0,0,0,38,1,389606,6,0.13,0,0.13,0,0,0,0,0,0,0,0.13,0,0.13,0,0,0.13,0,0.13,0,0,0,0,0,0,0,0.13,0,0.13,0,0,37,2,846.153846153846,277384.615384615,277384.615384615,0,0,0,0,277384.615384615,0,0,0,0,0,0,0,1969230.76923077,674615.384615385,0,0,0,0,0,0,4515788.46153846,122341.700404858,4638130.16194332,0,0,261538.461538462,261538.461538462,13802592.3076923,7554507.69230769,0,21357100,15765013.0850202,538596.569109312,301051.301538462,839647.870647773,14642240.1783401,-5410397.70040486,29306066.9311741,1101186.33218623,30407253.2633603,-20052637.8787449,10354615.3846154,0,146.153846153846,1230.76923076923,1230.76923076923,0,10354615.3846154,0,0,0,0,546.153846153846,0,0,546.153846153846,0,0,0,0,0,0,546.153846153846,276.923076923077,269.230769230769,469.230769230769,276.923076923077,192.307692307692,276.923076923077,0,1292.30769230769,0,30.7692307692308,0,0,0,0,0,230.769230769231,0,223.076923076923,346.153846153846,15.3846153846154,0,0,0,0,0,246.153846153846,0,0,169.230769230769,0,0,0,30.7692307692308,0,0,0,0,0,0,0,0,0,0,0,0,0,0,0,40.1
4,0,0,0,36760,0,369060,0,0,0,0,0,37,3,415002,6,0.79,0,0.79,0,0,0.79,0,0.79,0,0,0,0,0,0,0,0.79,0,0.79,0,0,0.79,0,0.79,0,0,0,0,0,0,0,29,2,632.911392405063,513696.202531646,513696.202531646,0,0,0,0,46531.6455696203,0,467164.556962025,0,0,0,0,0,883417.721518987,717468.35443038,0,0,109493.670886076,0,0,476708.860759494,664935.654008439,37270.1532311792,702205.807239618,0,2927848.10126582,0,2927848.10126582,10153308.8607595,2160860.75949367,0,12314169.6202532,5978853.37685987,64016.4385431934,186185.434936709,250201.873479902,13331358.8355052,-43916.667999112,16132162.2376194,3178049.97474572,19310212.2123651,-13375275.5035043,5934936.70886076,0,70.8860759493671,930.379746835443,930.379746835443,0,5934936.70886076,0,0,0,0,229.113924050633,0,10.126582278481,239.240506329114,0,0,0,0,0,0,496.20253164557,83.5443037974683,412.658227848101,130.379746835443,110.126582278481,20.253164556962,167.088607594937,0,793.670886075949,0,5.06329113924051,0,0,0,0,0,188.607594936709,0,15.1898734177215,70.8860759493671,5.06329113924051,0,0,240.506329113924,0,0,158.227848101266,0,0,108.860759493671,0,0,0,0,1.26582278481013,0,0,0,0,0,0,0,0,0,0,0,0,0,0,15.6578947368421
4,0,0,0,38890,0,76440,138600,0,0,0,0,37,1,415002,6,0.19,0,0.19,0,0,0.11,0,0.11,0,0,0.08,0,0.08,0,0,0.19,0,0.19,0,0,0.11,0,0.11,0,0,0.08,0,0.08,0,0,27.5,2,631.578947368421,1336473.68421053,607000,729473.684210526,0,0,0,204684.210526316,0,402315.789473684,729473.684210526,0,0,0,0,2343684.21052632,2112631.57894737,0,0,0,0,0,128421.052631579,12251232.4561404,403878.11634349,12655110.5724838,3978947.36842105,1521052.63157895,884210.526315789,2405263.15789474,38358189.4736842,7848052.63157895,0,46206242.1052632,31702533.6251154,637806.894339797,646380.412631579,1284187.30697138,41163429.4122345,-18414112.5724838,69176512.5724838,3689450.46486611,72865963.03735,-59577541.9847184,13288421.0526316,0,294.736842105263,2147.36842105263,2147.36842105263,0,13288421.0526316,0,0,0,0,594.736842105263,0,21.0526315789474,615.789473684211,6694.73684210526,0,0,0,0,6694.73684210526,2021.05263157895,1078.94736842105,942.105263157895,489.473684210526,242.105263157895,247.368421052632,347.368421052632,0,2857.89473684211,0,10.5263157894737,0,0,0,0,0,157.894736842105,0,631.578947368421,589.473684210526,63.1578947368421,0,0,884.210526315789,0,0,268.421052631579,0,0,252.631578947368,0,0,0,0,0,0,0,0,0,0,0,0,0,0,0,0,0,0,0,43.6315789473684
4,0,0,0,42420,0,0,138600,0,0,0,0,37,1,415002,6,0.24,0,0.24,0,0,0.24,0,0.24,0,0,0,0,0,0,0,0.2,0,0.2,0,0,0.2,0,0.2,0,0,0,0,0,0,0,16,2,600,905100,212100,693000,0,0,0,212100,0,0,693000,0,0,0,0,2895500,1771000,0,0,26500,0,0,214500,2487568.75,50021.0526315789,2537589.80263158,87500,1465000,0,1465000,18042525,0,0,18042525,8852691.80263158,289226.240842105,295803.55,585029.790842105,20092554.7908421,33245308.1973684,26895216.8026316,2050029.79084211,28945246.5934737,13152753.4065263,42098000,0,0,3395,3395,0,42098000,0,0,0,0,340,0,0,340,3180,0,0,0,0,3180,850,640,210,0,0,0,205,0,1055,0,75,0,0,0,0,0,95,0,150,220,35,0,0,215,0,0,155,0,0,110,0,0,0,0,0,0,0,0,0,0,0,0,0,0,0,0,0,0,0,43.6315789473684
4,0,0,0,44900,0,0,0,0,0,0,25780,33,1,434170,6,0.25,0,0.25,0,0,0.25,0,0.25,0,0,0,0,0,0,0,0.25,0,0.25,0,0,0.25,0,0.25,0,0,0,0,0,0,0,18,2,800,282720,179600,103120,0,0,0,179600,0,0,0,0,0,0,103120,575200,391600,0,0,0,0,0,0,509621.666666667,0,509621.666666667,58266.6666666667,1196000,0,1196000,8975264,0,0,8975264,2251578.33333333,57573.2165333333,126787.3216,184360.538133333,10355624.5381333,3079621.66666667,11226842.3333333,1380360.53813333,12607202.8714667,-7276002.87146667,5331200,0,0,448,448,0,5331200,0,0,0,0,724,0,0,724,0,0,0,0,212,212,420,320,100,0,0,0,116,0,536,0,4,0,12,0,0,0,88,0,0,60,56,0,0,0,0,0,188,0,0,72,0,0,0,16,0,0,0,0,0,0,0,0,0,0,0,0,0,0,40,41.6666666666667
4,0,0,0,458140,0,0,0,0,0,0,322190,37,2,415002,5,0.4,0,0.4,0,0,0,0,0,0,0,0.4,0,0.4,0,0,0.4,0,0.4,0,0,0,0,0,0,0,0.4,0,0.4,0,0,22,2,605,1950825,1145350,805475,0,0,0,1145350,0,0,0,0,0,0,805475,2044000,2909750,0,0,0,0,0,53750,1989316.66666667,56842.1052631579,2046158.77192982,72900,0,2250000,2250000,16954802.5,6187500,0,23142302.5,17929885.7719298,221140.007578947,373247.781,594387.788578947,17549190.2885789,64505114.2280702,32634688.2719298,2844387.78857895,35479076.0605088,46955923.9394912,82435000,3565,0,10167.5,11522.2,15329500,67105500,0,0,0,0,2440,0,0,2440,0,0,0,0,1335,1335,902.5,790,112.5,542.5,160,382.5,75,0,1520,0,7.5,0,12.5,0,0,0,40,0,0,822.5,12.5,0,0,440,0,0,80,0,0,90,0,0,0,0,0,0,0,0,0,0,0,0,0,0,0,0,0,0,15,31.4
4,0,0,0,47020,0,0,0,0,0,245000,0,33,2,434170,5,0.56,0,0.33,0.23,0,0.33,0,0.33,0,0,0.23,0,0,0.23,0,0.43,0,0.33,0.1,0,0.33,0,0.33,0,0,0.1,0,0,0.1,0,31,2,1627.90697674419,679116.279069767,109348.837209302,569767.441860465,0,0,0,109348.837209302,0,0,0,0,0,569767.441860465,0,2037906.97674419,326976.744186046,0,0,241395.348837209,0,0,3788604.65116279,1520586.24031008,4878586.04651163,6399172.28682171,0,1279069.76744186,195348.837209302,1474418.60465116,33677767.4418605,1286804.65116279,0,34964572.0930232,15389495.7751938,302304.969728682,521278.293953488,823583.26368217,35780420.4729845,64421667.0155039,48871914.3798449,2298001.86833333,51169916.2481783,28641246.5425194,79811162.7906977,5176.74418604651,0,658.139534883721,2625.3023255814,66780000,13031162.7906977,0,0,0,0,369.767441860465,0,0,369.767441860465,0,0,0,4813.95348837209,0,4813.95348837209,2093.02325581395,1016.27906976744,1076.74418604651,79.0697674418604,44.1860465116279,34.8837209302326,88.3720930232558,0,2260.46511627907,0,6.97674418604651,0,2.32558139534884,0,0,0,188.372093023256,0,430.232558139535,179.06976744186,520.930232558139,0,0,0,0,0,309.302325581395,0,0,418.604651162791,0,0,0,30.2325581395349,44.1860465116279,0,0,0,0,0,0,0,0,0,0,0,0,0,130.232558139535,24.75
4,0,0,0,48070,0,0,415800,0,0,0,0,37,1,415002,6,0.19,0,0.19,0,0,0.19,0,0.19,0,0,0,0,0,0,0,0.19,0,0.19,0,0,0.19,0,0.19,0,0,0,0,0,0,0,16,2,789.473684210526,2441421.05263158,253000,2188421.05263158,0,0,0,253000,0,0,2188421.05263158,0,0,0,0,1560526.31578947,1290526.31578947,0,0,182631.578947368,0,0,0,5904796.05263158,162149.584487535,6066945.63711911,2273684.21052632,2894736.84210526,0,2894736.84210526,13378421.0526316,2609052.63157895,0,15987473.6842105,16839789.7423823,553042.667202216,266135.978947368,819178.646149584,17092336.5408864,-3797684.47922437,30218210.7950139,3713915.48825485,33932126.2832687,-20890021.0201108,13042105.2631579,0,0,2210.52631578947,2210.52631578947,0,13042105.2631579,0,0,0,0,594.736842105263,0,0,594.736842105263,20084.2105263158,0,0,0,0,20084.2105263158,715.789473684211,600,115.789473684211,163.157894736842,78.9473684210526,84.2105263157895,73.6842105263158,0,952.631578947368,0,5.26315789473684,0,0,0,0,0,36.8421052631579,0,0,394.736842105263,78.9473684210526,0,0,215.789473684211,0,5.26315789473684,126.315789473684,0,0,42.1052631578947,0,0,0,0,0,0,0,0,0,0,0,0,0,0,0,0,0,0,47.3684210526316,43.6315789473684
4,0,0,0,49490,0,0,997920,0,0,0,0,37,3,415002,6,0.81,0,0.81,0,0,0.81,0,0.81,0,0,0,0,0,0,0,0.81,0,0.81,0,0,0.81,0,0.81,0,0,0,0,0,0,0,18,2,1358.02469135802,1293098.7654321,61098.7654320988,1232000,0,0,0,61098.7654320988,0,0,1232000,0,0,0,0,2879135.80246914,2155185.18518519,0,0,106790.12345679,0,0,264814.814814815,597614.197530864,14736.8421052632,612351.039636127,533333.333333333,2679012.34567901,0,2679012.34567901,6402169.13580247,2599790.12345679,0,9001959.25925926,10859501.1877843,101009.351358025,194692.200987654,295701.552345679,9376883.03382716,9303214.86159844,17261670.3235867,2974713.89802469,20236384.2216114,-73668.17222872,20162716.0493827,0,5449.38271604938,5449.38271604938,5449.38271604938,0,20162716.0493827,0,0,0,0,139.506172839506,0,0,139.506172839506,9422.22222222222,0,0,0,0,9422.22222222222,323.456790123457,229.62962962963,93.8271604938272,180.246913580247,16.0493827160494,164.197530864198,59.2592592592593,0,562.962962962963,0,18.5185185185185,0,0,0,0,0,58.0246913580247,0,0,290.123456790123,25.9259259259259,0,0,0,0,0,134.567901234568,0,0,32.0987654320988,0,0,0,3.7037037037037,0,0,0,0,0,0,0,0,0,0,0,0,0,0,0,15.6578947368421
4,0,0,0,50900,0,45690,0,0,0,0,0,99,3,423960,6,0.79,0,0.79,0,0,0.79,0,0.79,0,0,0,0,0,0,0,0.69,0,0.69,0,0,0.69,0,0.69,0,0,0,0,0,0,0,24,2,942.028985507246,139985.507246377,139985.507246377,0,0,0,0,73768.115942029,0,66217.3913043478,0,0,0,0,0,653478.260869565,352318.84057971,0,0,0,0,0,290869.565217391,458958.333333333,13147.8260869565,472106.15942029,0,2794202.89855072,0,2794202.89855072,4529272.46376812,2029501.44927536,139130.434782609,6697904.34782609,4405271.33809349,22838.9161884058,100868.500869565,123707.417057971,7543261.65867463,-1824401.7728761,9030622.68115942,2917910.3156087,11948532.9967681,-9367663.43155072,2580869.56521739,0,537.68115942029,537.68115942029,537.68115942029,0,2580869.56521739,0,0,0,0,65.2173913043478,0,46.3768115942029,111.594202898551,0,0,0,0,0,0,228.985507246377,194.202898550725,34.7826086956522,126.086956521739,69.5652173913043,56.5217391304348,31.8840579710145,0,386.95652173913,0,2.89855072463768,0,0,0,0,0,82.6086956521739,0,17.3913043478261,142.028985507246,5.79710144927536,0,0,0,0,0,0,0,0,101.449275362319,0,0,0,2.89855072463768,0,0,0,0,0,0,0,0,0,0,0,0,0,0,31.8840579710145,6.84615384615385
4,0,0,0,52320,0,272840,0,0,0,0,0,37,3,415002,6,0.66,0.58,0.08,0,0,0.66,0.58,0.08,0,0,0,0,0,0,0,0.66,0.58,0.08,0,0,0.66,0.58,0.08,0,0,0,0,0,0,0,35.6666666666667,2,621.212121212121,492666.666666667,492666.666666667,0,0,0,0,79272.7272727273,0,413393.939393939,0,0,0,0,0,1048030.3030303,1621060.60606061,0,0,0,0,0,244393.939393939,240770.202020202,43409.0909090909,284179.292929293,152651.515151515,1957575.75757576,0,1957575.75757576,22883139.3939394,846878.787878788,30303.0303030303,23760321.2121212,5105944.56808158,71757.8512121212,336864.261818182,408622.113030303,25278558.837878,16411934.2197972,28018305.5353535,2366197.87060606,30384503.4059596,-8866624.61808081,21517878.7878788,0,250,3125.75757575758,3125.75757575758,0,21517878.7878788,0,0,0,0,137.878787878788,0,9.09090909090909,146.969696969697,0,0,0,0,0,0,1131.81818181818,718.181818181818,413.636363636364,50,40.9090909090909,9.09090909090909,257.575757575758,0,1439.39393939394,0,280.30303030303,0,3.03030303030303,0,0,0,212.121212121212,0,50,156.060606060606,6.06060606060606,0,0,460.606060606061,0,0,139.393939393939,0,0,128.787878787879,0,0,0,0,3.03030303030303,0,0,0,0,0,0,0,0,0,0,0,0,0,0,15.6578947368421
4,0,0,0,56560,0,31630,0,0,0,0,0,99,1,423960,6,0.31,0,0.31,0,0,0.31,0,0.31,0,0,0,0,0,0,0,0.24,0,0.24,0,0,0.24,0,0.24,0,0,0,0,0,0,0,9.5,2,2008.33333333333,367458.333333333,367458.333333333,0,0,0,0,235666.666666667,0,131791.666666667,0,0,0,0,0,2046666.66666667,52500,0,0,0,0,0,531666.666666667,518789.930555556,3186058.33333333,3704848.26388889,223472.222222222,10041666.6666667,0,10041666.6666667,5284916.66666667,0,0,5284916.66666667,7350572.15277778,486354.784,102711.783333333,589066.567333333,15915649.9006667,11009011.1805556,12635488.8194444,10630733.234,23266222.0534444,-4906638.72011111,18359583.3333333,2762.5,0,0,1049.75,18359583.3333333,0,0,0,0,0,470.833333333333,0,66.6666666666667,537.5,0,0,0,0,0,0,233.333333333333,91.6666666666667,141.666666666667,0,0,0,87.5,0,320.833333333333,0,0,0,0,0,0,0,175,0,0,120.833333333333,25,0,0,0,0,0,0,0,0,0,0,0,0,0,0,0,0,0,0,0,0,0,0,0,0,0,0,0,0,28.3684210526316
4,0,0,0,57130,0,188930,0,0,0,0,0,37,2,415002,6,0.36,0,0.36,0,0,0.36,0,0.36,0,0,0,0,0,0,0,0.36,0,0.36,0,0,0.36,0,0.36,0,0,0,0,0,0,0,23,2,680.555555555556,683500,683500,0,0,0,0,158694.444444444,0,524805.555555556,0,0,0,0,0,1182222.22222222,444444.444444444,0,0,0,0,0,61944.4444444444,377510.416666667,66315.7894736842,443826.206140351,288657.407407407,2863888.88888889,0,2863888.88888889,28432686.1111111,869888.888888889,0,29302575,4389485.61354776,102307.484566277,392766.107777778,495073.592344055,31791648.5923441,32643292.16423,32822171.7246589,3358962.48123294,36181134.2058918,851643.571885966,37032777.7777778,0,213.888888888889,5297.22222222222,5297.22222222222,0,37032777.7777778,0,0,0,0,441.666666666667,0,19.4444444444444,461.111111111111,0,0,0,0,0,0,1486.11111111111,1225,261.111111111111,55.5555555555556,22.2222222222222,33.3333333333333,194.444444444444,0,1736.11111111111,0,19.4444444444444,0,0,0,0,0,166.666666666667,0,0,313.888888888889,11.1111111111111,0,0,552.777777777778,0,72.2222222222222,497.222222222222,0,0,88.8888888888889,0,0,0,0,2.77777777777778,0,0,0,0,0,0,0,0,0,0,0,0,0,11.1111111111111,31.4
4,0,0,0,571960,0,0,0,0,0,0,0,37,1,415002,6,0.17,0,0.17,0,0,0.17,0,0.17,0,0,0,0,0,0,0,0.17,0,0.17,0,0,0.17,0,0.17,0,0,0,0,0,0,0,16,2,705.882352941176,3364470.58823529,3364470.58823529,0,0,0,0,3364470.58823529,0,0,0,0,0,0,0,197647.058823529,737647.058823529,0,0,0,0,0,0,952745.098039216,133746.13003096,1086491.22807018,0,564705.882352941,0,564705.882352941,60148552.9411765,1216058.82352941,0,61364611.7647059,7017316.75748194,171180.499587203,814238.268235294,985418.767822497,61698677.5913519,5126212.65428277,67165869.6986584,1550124.65017544,68715994.3488338,-56572464.9370691,12143529.4117647,0,211.764705882353,1811.76470588235,1811.76470588235,0,12143529.4117647,0,0,0,0,664.705882352941,0,0,664.705882352941,0,0,0,0,0,0,3735.29411764706,2235.29411764706,1500,76.4705882352941,35.2941176470588,41.1764705882353,23.5294117647059,0,3835.29411764706,0,47.0588235294118,0,0,0,0,0,47.0588235294118,0,141.176470588235,941.176470588235,58.8235294117647,0,0,0,0,0,1341.17647058824,0,0,1211.76470588235,0,0,0,0,0,0,0,0,0,0,0,0,0,0,0,0,0,0,47.0588235294118,43.6315789473684
4,0,0,0,58400,0,0,0,0,0,0,321020,37,2,415002,5,0.48,0,0.48,0,0,0.48,0,0.48,0,0,0,0,0,0,0,0.48,0,0.48,0,0,0.48,0,0.48,0,0,0,0,0,0,0,43,2,416.666666666667,790458.333333333,121666.666666667,668791.666666667,0,0,0,121666.666666667,0,0,0,0,0,0,668791.666666667,4754166.66666667,3411875,0,0,0,0,0,446875,1611257.8125,24300,1635557.8125,450000,3012500,0,3012500,7883166.66666667,4432395.83333333,0,12315562.5,16336330.6458333,223701.8686875,269314.825,493016.6936875,11388683.3603542,63864086.0208333,24219497.3125,3505516.6936875,27725014.0061875,52475402.6604792,80200416.6666667,0,0,11295.8333333333,11295.8333333333,0,80200416.6666667,0,0,0,0,660.416666666667,0,0,660.416666666667,0,0,0,0,2445.83333333333,2445.83333333333,304.166666666667,175,129.166666666667,268.75,170.833333333333,97.9166666666667,152.083333333333,0,725,0,43.75,0,0,0,0,0,87.5,0,0,402.083333333333,47.9166666666667,0,0,0,0,45.8333333333333,0,0,0,77.0833333333333,0,0,0,20.8333333333333,0,0,0,0,0,0,0,0,0,0,0,0,0,0,0,31.4
4,0,0,0,60800,0,243400,0,0,0,0,497930,37,2,415002,6,0.36,0,0.36,0,0,0.36,0,0.36,0,0,0,0,0,0,0,0.36,0,0.36,0,0,0.36,0,0.36,0,0,0,0,0,0,0,28,2,861.111111111111,2228138.88888889,845000,1383138.88888889,0,0,0,168888.888888889,0,676111.111111111,0,0,0,0,1383138.88888889,1553888.88888889,2169722.22222222,0,0,240277.777777778,0,0,400277.777777778,1489375,58209.9415204678,1547584.94152047,209907.407407407,3722222.22222222,0,3722222.22222222,29855669.4444444,1237694.44444444,0,31093363.8888889,10002494.3489279,186712.423569201,467302.301111111,654014.724680312,34231906.391347,25539450.0955166,39858163.7933723,4376236.94690253,44234400.7402749,-8692456.29583041,35541944.4444444,0,213.888888888889,5108.33333333333,5108.33333333333,0,35541944.4444444,0,0,0,0,441.666666666667,0,22.2222222222222,463.888888888889,0,0,0,0,2963.88888888889,2963.88888888889,1652.77777777778,1044.44444444444,608.333333333333,77.7777777777778,36.1111111111111,41.6666666666667,197.222222222222,0,1927.77777777778,0,13.8888888888889,0,5.55555555555556,0,0,0,161.111111111111,0,50,261.111111111111,50,0,0,708.333333333333,0,0,544.444444444444,0,0,130.555555555556,0,0,0,0,2.77777777777778,0,0,0,0,0,0,0,0,0,0,0,0,0,0,31.4
4,0,0,0,60800,0,71620,0,0,0,0,0,37,1,415002,5,0.16,0.16,0,0,0,0.16,0.16,0,0,0,0,0,0,0,0,0.16,0.16,0,0,0,0.16,0.16,0,0,0,0,0,0,0,0,30,1,625,827625,827625,0,0,0,0,380000,0,447625,0,0,0,0,0,1133750,404375,0,0,0,0,0,0,2017786.45833333,198930.921052632,2216717.37938596,0,3012500,0,3012500,21354418.75,5085062.5,0,26439481.25,10082531.879386,88323.1299342105,357184.8675,445507.99743421,24812426.7474342,48316218.120614,31436950.629386,3458007.99743421,34894958.6268202,23503791.3731798,58398750,10068.75,0,0,3826.125,58398750,0,0,0,0,0,712.5,0,43.75,756.25,0,0,0,0,0,0,1068.75,843.75,225,306.25,137.5,168.75,181.25,0,1556.25,0,0,0,6.25,0,0,0,93.75,0,0,762.5,12.5,0,0,137.5,0,0,450,0,0,87.5,0,0,0,0,6.25,0,0,0,0,0,0,0,0,0,0,0,0,0,0,43.6315789473684
4,0,0,0,6360,0,26360,0,0,0,0,16990,38,1,389606,6,0.13,0.13,0,0,0,0.13,0.13,0,0,0,0,0,0,0,0,0.13,0.13,0,0,0,0.13,0.13,0,0,0,0,0,0,0,0,25,2,653.846153846154,382384.615384615,251692.307692308,130692.307692308,0,0,0,48923.0769230769,0,202769.230769231,0,0,0,0,130692.307692308,3365384.61538462,2770769.23076923,0,0,0,0,0,660000,4741618.58974359,99692.3076923077,4841310.8974359,0,2353846.15384615,0,2353846.15384615,27093076.9230769,20149215.3846154,0,47242292.3076923,32558670.7435897,579020.384615385,674818.301538461,1253838.68615385,30700761.7630769,10041329.2564103,59651747.6666667,3607684.84,63259432.5066667,-20659432.5066667,42600000,0,369.230769230769,5269.23076923077,5269.23076923077,0,42600000,0,0,0,0,92.3076923076923,0,130.769230769231,223.076923076923,0,0,0,0,246.153846153846,246.153846153846,1176.92307692308,369.230769230769,807.692307692308,1215.38461538462,792.307692307692,423.076923076923,492.307692307692,0,2884.61538461538,0,284.615384615385,0,0,0,0,0,323.076923076923,0,353.846153846154,1523.07692307692,23.0769230769231,0,0,0,0,0,184.615384615385,0,0,161.538461538462,0,0,0,15.3846153846154,15.3846153846154,0,0,0,0,0,0,0,0,0,0,0,0,0,0,40.1
4,0,0,0,7070,0,0,19400,0,0,0,0,99,1,423960,6,0.2,0.1,0,0,0.1,0.2,0.1,0,0,0.1,0,0,0,0,0,0.1,0.05,0,0,0.05,0.1,0.05,0,0,0.05,0,0,0,0,0,21.5,2,80,264700,70700,194000,0,0,0,70700,0,0,194000,0,0,0,0,42000,0,0,0,0,0,0,0,133687.5,0,133687.5,0,960000,0,960000,738090,0,0,738090,864347.5,22545.06,12955.396,35500.456,1733590.456,1882652.5,1602437.5,995500.456,2597937.956,149062.044,2747000,410,0,0,155.8,2747000,0,0,0,0,0,230,0,0,230,1020,0,0,0,0,1020,50,20,30,0,0,0,0,0,50,0,0,0,0,0,0,0,10,0,0,20,20,0,0,0,0,0,0,0,0,0,0,0,0,0,0,0,0,0,0,0,0,0,0,0,0,0,0,0,0,28.3684210526316
4,0,0,0,74240,0,180130,0,0,592020,0,0,37,3,415002,5,0.53,0,0.53,0,0,0.53,0,0.53,0,0,0,0,0,0,0,0.53,0,0.53,0,0,0.53,0,0.53,0,0,0,0,0,0,0,20,2,716.981132075472,1596962.26415094,479943.396226415,1117018.86792453,0,0,0,140075.471698113,0,339867.924528302,0,0,1117018.86792453,0,0,1427358.49056604,3058679.24528302,0,0,1159245.28301887,120000,0,170000,5602746.06918239,183353.326713009,5786099.3958954,0,2932075.47169811,0,2932075.47169811,27456279.245283,1479584.90566038,73584.9056603773,29009449.0566038,15216694.2202828,618944.256098643,453117.009811321,1072061.26590996,31530238.2528434,42755947.2891512,42742795.735518,4004136.73760808,46746932.4731261,11225709.0363078,57972641.509434,0,896.22641509434,8594.33962264151,8594.33962264151,0,57972641.509434,0,0,0,0,300,0,5.66037735849057,305.660377358491,0,0,18603.7735849057,0,0,18603.7735849057,1528.30188679245,828.301886792453,700,73.5849056603774,62.2641509433962,11.3207547169811,171.698113207547,15.0943396226415,1788.67924528302,0,79.2452830188679,0,0,0,0,0,32.0754716981132,0,622.641509433962,283.018867924528,28.3018867924528,0,0,311.320754716981,0,132.075471698113,133.962264150943,0,0,88.6792452830189,0,0,0,0,0,0,0,0,0,0,0,0,0,0,0,0,0,0,77.3584905660377,15.6578947368421
4,0,0,0,77770,0,26360,498960,0,0,0,0,99,1,423960,5,0.2,0.2,0,0,0,0,0,0,0,0,0.2,0.2,0,0,0,0.2,0.2,0,0,0,0,0,0,0,0,0.2,0.2,0,0,0,3,2,4500,3015450,520650,2494800,0,0,0,388850,0,131800,2494800,0,0,0,0,630000,844500,2288000,484000,865500,0,0,86000,341550,7236000,7577550,2700000,0,5040000,5040000,28962690,5438850,0,34401540,29393810,1191896.37,528425.876,1720322.246,30683012.246,46517190,53316500,6760322.246,60076822.246,15834177.754,75911000,11330,0,0,4305.4,75911000,0,0,0,0,0,220,0,15,235,15265,0,0,0,0,15265,2015,260,1755,340,165,175,45,0,2400,0,0,0,35,0,0,0,45,0,220,1055,270,0,0,0,0,0,465,0,0,95,0,0,0,30,185,0,0,0,0,0,0,0,0,0,0,0,0,0,0,28.3684210526316
4,0,0,0,77770,0,57110,207900,0,0,0,0,37,1,415002,6,0.26,0,0.26,0,0,0.26,0,0.26,0,0,0,0,0,0,0,0.26,0,0.26,0,0,0.26,0,0.26,0,0,0,0,0,0,0,23,1,769.230769230769,1318384.61538462,518769.230769231,799615.384615385,0,0,0,299115.384615385,0,219653.846153846,799615.384615385,0,0,0,0,1350384.61538462,585000,0,0,0,0,0,165000,10064839.7435897,0,10064839.7435897,0,2596153.84615385,0,2596153.84615385,13322884.6153846,90061.5384615385,57692.3076923077,13470638.4615385,13989059.8891604,-185035.423076923,209428.655384615,24393.2323076923,16000736.6251986,14614786.2646858,27369249.4358974,2620547.07846154,29989796.514359,-1385950.36051282,28603846.1538462,4269.23076923077,0,0,1622.30769230769,28603846.1538462,0,0,0,0,0,696.153846153846,0,11.5384615384615,707.692307692308,4892.30769230769,0,0,0,0,4892.30769230769,430.769230769231,303.846153846154,126.923076923077,7.69230769230769,7.69230769230769,0,323.076923076923,0,761.538461538462,0,0,0,3.84615384615385,0,0,0,96.1538461538461,0,0,280.769230769231,73.0769230769231,0,0,0,0,0,53.8461538461538,0,0,230.769230769231,0,0,0,23.0769230769231,0,0,0,0,0,0,0,0,0,0,0,0,0,0,0,43.6315789473684
4,0,0,0,84840,0,265370,0,0,341550,0,0,37,2,415002,5,0.78,0,0.78,0,0,0.78,0,0.78,0,0,0,0,0,0,0,0.39,0,0.39,0,0,0.39,0,0.39,0,0,0,0,0,0,0,24,2,571.794871794872,1773743.58974359,897974.358974359,875769.230769231,0,0,0,217538.461538462,0,680435.897435897,0,0,875769.230769231,0,0,2667692.30769231,1565128.20512821,0,0,687948.717948718,116666.666666667,0,164871.794871795,3464267.09401709,137295.546558704,3601562.6405758,299076.923076923,1382051.28205128,0,1382051.28205128,36018905.1282051,0,0,36018905.1282051,11291692.845704,407911.612249213,533137.45948718,941049.071736392,38342005.4819928,42397794.3337832,47310597.9739091,2323100.35378767,49633698.3276968,4055788.85179037,53689487.1794872,3800,679.487179487179,5371.79487179487,6815.79487179487,17860000,35829487.1794872,0,0,0,0,348.717948717949,0,10.2564102564103,358.974358974359,0,0,15802.5641025641,0,0,15802.5641025641,2023.07692307692,1166.66666666667,856.410256410256,0,0,0,200,0,2223.07692307692,0,38.4615384615385,0,0,0,0,0,46.1538461538462,0,394.871794871795,628.205128205128,38.4615384615385,0,0,435.897435897436,0,0,361.538461538462,17.9487179487179,0,156.410256410256,0,0,0,0,28.2051282051282,0,0,0,0,0,0,0,0,0,0,0,0,0,76.9230769230769,31.4
4,0,0,0,84840,0,38660,277200,0,0,0,0,37,3,415002,6,0.83,0,0.83,0,0,0.83,0,0.83,0,0,0,0,0,0,0,0.83,0,0.83,0,0,0.83,0,0.83,0,0,0,0,0,0,0,32,2,783.132530120482,482771.084337349,148795.180722892,333975.903614458,0,0,0,102216.86746988,0,46578.313253012,333975.903614458,0,0,0,0,551566.265060241,874337.34939759,0,0,0,0,0,124096.385542169,3095733.93574297,71908.6873811033,3167642.62312408,0,1277108.43373494,0,1277108.43373494,14317377.1084337,4308568.6746988,243373.493975904,18869319.2771084,9980281.73342526,176903.902024942,259185.920481928,436089.82250687,16217651.5073864,2216947.18223739,24484734.9845699,1713198.25624181,26197933.2408117,-14000704.325149,12197228.9156627,0,531.325301204819,1934.93975903614,1934.93975903614,0,12197228.9156627,0,0,0,0,273.493975903614,0,2.40963855421687,275.903614457831,3065.06024096385,0,0,0,0,3065.06024096385,781.927710843373,318.072289156626,463.855421686747,271.084337349398,115.66265060241,155.421686746988,113.253012048193,4.81927710843373,1171.0843373494,0,2.40963855421687,0,0,0,0,0,39.7590361445783,0,454.21686746988,455.421686746988,38.5542168674699,0,0,65.0602409638554,0,0,27.710843373494,0,0,83.1325301204819,0,0,0,4.81927710843373,0,0,0,0,0,0,0,0,0,0,0,0,0,0,0,15.6578947368421
4,0,0,0,86260,0,0,0,0,0,0,0,38,3,389606,6,0.5,0,0.5,0,0,0.2,0,0.2,0,0,0.3,0,0.3,0,0,0.5,0,0.5,0,0,0.2,0,0.2,0,0,0.3,0,0.3,0,0,37,2,754,172520,172520,0,0,0,0,172520,0,0,0,0,0,0,0,481800,194800,0,0,0,0,0,0,661807.5,25351.5789473684,687159.078947368,0,192000,202000,394000,2924500,565072,0,3489572,2692957.07894737,92538.2122526316,53799.7808,146337.993052632,3262837.99305263,-535357.078947369,5415457.07894737,540337.993052632,5955795.072,-3798195.072,2157600,186,0,0,70.68,2157600,0,0,0,0,0,318,0,0,318,0,0,0,0,0,0,72,72,0,34,24,10,86,0,192,0,0,0,0,0,0,0,40,0,0,20,8,0,0,0,0,0,80,0,0,38,0,0,0,6,0,0,0,0,0,0,0,0,0,0,0,0,0,0,0,9.66666666666667
4,0,0,0,96150,0,150260,72770,0,0,0,0,38,1,389606,5,0.23,0.23,0,0,0,0.23,0.23,0,0,0,0,0,0,0,0,0.13,0.13,0,0,0,0.13,0.13,0,0,0,0,0,0,0,0,25,2,3076.92307692308,2455230.76923077,1895461.53846154,559769.230769231,0,0,0,739615.384615385,0,1155846.15384615,559769.230769231,0,0,0,0,4800769.23076923,3947692.30769231,0,0,0,0,0,0,3872307.69230769,132923.076923077,4005230.76923077,0,738461.538461538,0,738461.538461538,39887607.6923077,11367400,0,51255007.6923077,26965929.0769231,438419.169230769,774487.88,1212907.04923077,41838976.28,51945609.3846154,66853536.7692308,1951368.58769231,68804905.3569231,10106633.1046154,78911538.4615385,638.461538461538,2215.38461538462,9469.23076923077,9711.84615384615,7406153.84615385,71505384.6153846,0,0,0,0,1746.15384615385,0,953.846153846154,2700,2938.46153846154,0,0,0,0,2938.46153846154,1715.38461538462,776.923076923077,938.461538461538,715.384615384615,353.846153846154,361.538461538462,684.615384615385,0,3115.38461538462,0,346.153846153846,0,0,0,0,0,384.615384615385,0,784.615384615385,746.153846153846,146.153846153846,0,0,0,0,0,438.461538461538,0,0,253.846153846154,0,0,0,15.3846153846154,0,0,0,0,0,0,0,0,0,0,0,0,0,0,0,40.1
4,0,35860,63580,0,30180,0,0,0,0,0,8790,99,1,423960,6,0.26,0.23,0.02,0,0.01,0.26,0.23,0.02,0,0.01,0,0,0,0,0,0.26,0.23,0.02,0,0.01,0.26,0.23,0.02,0,0.01,0,0,0,0,0,17,2,573.076923076923,532346.153846154,498538.461538462,33807.6923076923,0,137923.076923077,244538.461538462,0,116076.923076923,0,0,0,0,0,33807.6923076923,1015769.23076923,1122307.69230769,0,0,0,0,0,185000,6099750,5881846.15384615,11981596.1538462,0,3553846.15384615,0,3553846.15384615,30068003.8461538,1578830.76923077,38461.5384615384,31685296.1538462,16841728.809925,866769.713333333,428304.918461538,1295074.63179487,34953467.3603314,26003271.190075,46946275.3846154,4848920.78564103,51795196.1702564,-8950196.17025641,42845000,4569.23076923077,0,0,1736.30769230769,42845000,0,0,0,100,465.384615384615,0,530.769230769231,0,1096.15384615385,0,0,0,0,3.84615384615385,3.84615384615385,1603.84615384615,992.307692307692,611.538461538462,96.1538461538461,96.1538461538461,0,203.846153846154,0,1903.84615384615,0,0,0,23.0769230769231,0,0,0,115.384615384615,0,426.923076923077,569.230769230769,92.3076923076923,0,0,0,0,0,176.923076923077,19.2307692307692,0,157.692307692308,0,0,0,7.69230769230769,288.461538461538,0,0,0,0,0,0,0,0,0,0,0,0,0,26.9230769230769,28.3684210526316
4,111350,0,0,50900,0,320750,0,0,0,0,0,37,2,415002,6,0.44,0.44,0,0,0,0.44,0.44,0,0,0,0,0,0,0,0,0.44,0.44,0,0,0,0.44,0.44,0,0,0,0,0,0,0,0,25,2,1045.45454545455,1097727.27272727,1097727.27272727,0,253068.181818182,0,0,115681.818181818,0,728977.272727273,0,0,0,0,0,1324545.45454545,2950681.81818182,0,0,314545.454545455,0,0,389318.181818182,214039.772727273,18127.990430622,232167.763157895,72386.3636363636,2956818.18181818,0,2956818.18181818,24182743.1818182,4465531.81818182,152272.727272727,28800547.7272727,11285641.5422312,39665.6502631579,432479.337272727,472144.987535885,27740243.663008,30939358.4577688,35596922.0358852,3428963.16935407,39025885.2052392,3199114.79476076,42225000,0,375,6534.09090909091,6534.09090909091,0,42225000,0,477.272727272727,0,0,206.818181818182,0,20.4545454545455,704.545454545455,0,0,0,0,0,0,1218.18181818182,636.363636363636,581.818181818182,259.090909090909,197.727272727273,61.3636363636364,270.454545454545,0,1747.72727272727,0,27.2727272727273,0,0,0,0,0,268.181818181818,0,122.727272727273,436.363636363636,22.7272727272727,0,0,595.454545454545,0,0,140.909090909091,0,0,129.545454545455,0,0,0,0,0,0,0,0,0,0,0,0,0,0,0,0,0,0,4.54545454545455,31.4
4,111350,0,0,52320,0,348850,0,0,0,0,497930,37,2,415002,6,0.39,0,0.39,0,0,0.39,0,0.39,0,0,0,0,0,0,0,0.39,0,0.39,0,0,0.39,0,0.39,0,0,0,0,0,0,0,17,2,769.230769230769,2590897.43589744,1314153.84615385,1276743.58974359,285512.820512821,0,0,134153.846153846,0,894487.179487179,0,0,0,0,1276743.58974359,1322564.1025641,2425128.20512821,0,0,0,0,0,54871.7948717949,704927.35042735,73461.5384615385,778388.888888889,0,3558974.35897436,0,3558974.35897436,22411051.2820513,1347871.79487179,0,23758923.0769231,8934724.22222222,124074.924615385,373889.569230769,497964.493846154,26467990.1348718,28324250.1367521,31345775.5042735,4056938.85282051,35402714.357094,1856260.00188034,37258974.3589744,0,169.230769230769,5556.41025641026,5556.41025641026,0,37258974.3589744,0,538.461538461538,0,0,233.333333333333,0,15.3846153846154,787.179487179487,0,0,0,0,2735.89743589744,2735.89743589744,1217.94871794872,730.769230769231,487.179487179487,82.051282051282,48.7179487179487,33.3333333333333,184.615384615385,0,1484.61538461538,0,15.3846153846154,0,7.69230769230769,0,0,0,135.897435897436,0,112.820512820513,300,79.4871794871795,0,0,0,0,112.820512820513,643.589743589744,0,0,74.3589743589744,0,0,0,0,2.56410256410256,0,0,0,0,0,0,0,0,0,0,0,0,0,0,31.4
4,127260,0,0,50900,0,447260,0,0,0,0,0,37,3,415002,6,0.66,0,0.66,0,0,0.66,0,0.66,0,0,0,0,0,0,0,0.66,0,0.66,0,0,0.66,0,0.66,0,0,0,0,0,0,0,25,2,886.363636363636,947606.060606061,947606.060606061,0,192818.181818182,0,0,77121.2121212121,0,677666.666666667,0,0,0,0,0,1273181.81818182,1520000,0,0,0,0,0,461212.121212121,401660.353535354,43409.0909090909,445069.444444444,160984.848484848,2745454.54545455,0,2745454.54545455,25170263.6363636,1592787.87878788,0,26763051.5151515,6815844.17171717,81116.3003030303,383966.638787879,465082.939090909,28380801.1209091,13358701.2828283,31986107.8080808,3210537.48454545,35196645.2926263,-15022099.8380808,20174545.4545455,0,300,3072.72727272727,3072.72727272727,0,20174545.4545455,0,381.818181818182,0,0,309.090909090909,0,13.6363636363636,704.545454545455,0,0,0,0,0,0,1248.48484848485,765.151515151515,483.333333333333,96.969696969697,72.7272727272727,24.2424242424242,292.424242424242,0,1637.87878787879,0,7.57575757575758,0,1.51515151515152,0,0,0,168.181818181818,0,25.7575757575758,183.333333333333,18.1818181818182,0,0,509.090909090909,0,106.060606060606,490.909090909091,0,0,124.242424242424,0,0,0,0,3.03030303030303,0,0,0,0,0,0,0,0,0,0,0,0,0,0,15.6578947368421
4,15270,94900,0,50900,0,0,0,0,0,0,0,33,3,434170,5,0.69,0,0.69,0,0,0.69,0,0.69,0,0,0,0,0,0,0,0.69,0,0.69,0,0,0.69,0,0.69,0,0,0,0,0,0,0,16,1,1376.8115942029,233434.782608696,233434.782608696,0,22130.4347826087,137536.231884058,0,73768.115942029,0,0,0,0,0,0,0,4217826.08695652,618405.797101449,3444782.60869565,0,225652.173913043,0,0,1350144.92753623,2876956.52173913,316338.672768879,3193295.19450801,1721739.13043478,1844927.53623188,0,1844927.53623188,26941833.3333333,3330217.39130435,0,30272050.7246377,18769668.0930587,453182.166285278,500492.484057971,953674.650343249,29740435.5199085,138404100.022883,45711501.4263921,2798602.18657513,48510103.6129672,108663664.502975,157173768.115942,9030.4347826087,84.0579710144928,1228.98550724638,4660.55072463768,128359275.362319,28814492.7536232,0,486.95652173913,75.3623188405797,0,197.101449275362,0,0,759.420289855072,0,0,0,0,0,0,1543.47826086957,681.159420289855,862.31884057971,207.246376811594,104.347826086957,102.898550724638,160.869565217391,0,1911.59420289855,0,7.2463768115942,0,5.79710144927536,0,0,0,228.985507246377,0,604.347826086957,391.304347826087,208.695652173913,0,0,0,0,0,113.04347826087,0,0,214.492753623188,0,0,0,11.5942028985507,108.695652173913,0,0,0,0,0,0,0,0,0,0,0,0,0,17.3913043478261,13.6875
4,222710,0,0,114530,0,524600,0,0,0,0,0,37,3,415002,6,0.82,0.82,0,0,0,0.82,0.82,0,0,0,0,0,0,0,0,0.82,0.82,0,0,0,0.82,0.82,0,0,0,0,0,0,0,0,27.5,2,463.414634146341,1051024.3902439,1051024.3902439,0,271597.56097561,0,0,139670.731707317,0,639756.097560976,0,0,0,0,0,1071951.2195122,2384390.24390244,0,0,0,0,0,475731.707317073,319601.62601626,11644.7368421053,331246.362858365,0,1939024.3902439,0,1939024.3902439,19968978.0487805,1007512.19512195,0,20976490.2439024,6736858.11895593,34729.9605905006,321898.888780488,356628.849370988,22264631.2883954,25248141.8810441,26705836.1677364,2295653.23961489,29001489.4073513,2983510.5926487,31985000,0,336.585365853659,4632.92682926829,4632.92682926829,0,31985000,0,512.195121951219,0,0,497.560975609756,0,13.4146341463415,1023.17073170732,0,0,0,0,0,0,974.390243902439,550,424.390243902439,64.6341463414634,23.1707317073171,41.4634146341463,248.780487804878,0,1287.80487804878,0,14.6341463414634,0,3.65853658536585,0,0,0,140.243902439024,0,70.7317073170732,197.560975609756,26.8292682926829,0,0,341.463414634146,0,0,367.073170731707,0,0,121.951219512195,0,0,0,0,3.65853658536585,0,0,0,0,0,0,0,0,0,0,0,0,0,0,15.6578947368421
4,296940,0,0,0,0,0,0,0,0,0,377840,33,3,434170,5,0.83,0,0.83,0,0,0.83,0,0.83,0,0,0,0,0,0,0,0.83,0,0.83,0,0,0.83,0,0.83,0,0,0,0,0,0,0,16,2,602.409638554217,812987.951807229,357759.036144578,455228.915662651,357759.036144578,0,0,0,0,0,0,0,0,0,455228.915662651,1122168.6746988,240240.963855422,0,0,104216.86746988,0,0,650963.855421687,443909.638554217,3914544.57831325,4358454.21686747,585542.168674699,1392771.08433735,0,1392771.08433735,18678271.0843373,829795.180722892,0,19508066.2650602,9138539.87951807,223579.366048193,278239.192771084,501818.558819277,20572860.727494,50507002.2891566,27816810.9638554,1894589.64315663,29711400.607012,29934141.5616627,59645542.1686747,4290.36144578313,27.710843373494,537.349397590361,2167.68674698795,51913373.4939759,7732168.6746988,0,759.036144578313,0,0,0,0,0,759.036144578313,0,0,0,0,963.855421686747,963.855421686747,1097.59036144578,654.21686746988,443.373493975904,54.2168674698795,16.8674698795181,37.3493975903614,54.2168674698795,0,1206.02409638554,0,4.81927710843374,0,4.81927710843374,0,0,0,84.3373493975904,0,244.578313253012,290.361445783133,71.0843373493976,0,0,0,0,0,271.084337349398,0,0,155.421686746988,0,0,0,7.2289156626506,42.1686746987952,0,0,0,0,0,0,0,0,0,0,0,0,0,30.1204819277108,13.6875
4,38180,0,0,0,0,0,411640,0,0,0,0,33,1,434170,6,0.23,0,0.23,0,0,0.05,0,0.05,0,0,0.18,0,0.18,0,0,0.23,0,0.23,0,0,0.05,0,0.05,0,0,0.18,0,0.18,0,0,9,2,1217.39130434783,1955739.13043478,166000,1789739.13043478,166000,0,0,0,0,0,1789739.13043478,0,0,0,0,767391.304347826,101304.347826087,0,0,0,0,0,74782.6086956522,589489.130434783,0,589489.130434783,704347.826086957,313043.47826087,1004347.82608696,1317391.30434783,7290752.17391304,0,0,7290752.17391304,5631572.17391304,137447.139565217,126355.622608696,263802.762173913,7867598.41434783,25588427.826087,11917976.5217391,1581194.06652174,13499170.5882609,17720829.4117391,31220000,1939.13043478261,0,0,736.869565217391,31220000,0,0,365.217391304348,0,0,0,0,0,365.217391304348,7300,0,0,0,0,7300,356.521739130435,252.173913043478,104.347826086957,0,0,0,78.2608695652174,0,434.782608695652,0,0,0,0,0,0,0,78.2608695652174,0,73.9130434782609,56.5217391304348,47.8260869565217,0,0,0,0,0,69.5652173913044,0,0,91.304347826087,0,0,0,17.3913043478261,0,0,0,0,0,0,0,0,0,0,0,0,0,0,0,41.6666666666667
4,42420,0,0,0,0,0,0,0,0,0,0,33,2,434170,6,0.6,0.34,0.26,0,0,0.4,0.34,0.06,0,0,0.2,0,0.2,0,0,0.3,0.17,0.13,0,0,0.2,0.17,0.03,0,0,0.1,0,0.1,0,0,15,2,1333.33333333333,141400,141400,0,141400,0,0,0,0,0,0,0,0,0,0,1138000,205000,0,0,317333.333333333,0,0,1641000,3067326.38888889,3978133.33333333,7045459.72222222,972000,1896666.66666667,560000,2456666.66666667,10323483.3333333,0,0,10323483.3333333,12454363.0555556,707458.879166667,170701.086666667,878159.965833333,13098309.9658333,-4680029.72222222,22217846.3888889,3334826.6325,25552673.0213889,-17778339.6880556,7774333.33333333,443.333333333333,6.66666666666667,156.666666666667,325.133333333333,5364333.33333333,2410000,0,280,0,0,0,0,0,280,0,0,0,0,0,0,406.666666666667,356.666666666667,50,0,0,0,166.666666666667,0,573.333333333333,0,3.33333333333333,0,3.33333333333333,0,0,0,70,0,80,30,3.33333333333333,0,0,0,0,0,206.666666666667,0,0,163.333333333333,0,0,0,13.3333333333333,0,0,0,0,0,0,0,0,0,0,0,0,0,0,0,24.75
4,76360,0,0,0,0,0,0,0,0,0,1080800,33,3,434170,5,0.51,0.27,0.24,0,0,0.51,0.27,0.24,0,0,0,0,0,0,0,0.51,0.27,0.24,0,0,0.51,0.27,0.24,0,0,0,0,0,0,0,14,2,1490.19607843137,2268941.17647059,149725.490196078,2119215.68627451,149725.490196078,0,0,0,0,0,0,0,0,0,2119215.68627451,1760196.07843137,214705.882352941,0,0,0,0,0,883137.254901961,2180754.90196078,4054909.80392157,6235664.70588235,0,1494117.64705882,0,1494117.64705882,27362619.6078431,886619.607843137,0,28249239.2156863,12683434.7058823,700360.188862745,413865.123137255,1114225.312,29970962.566902,174352643.72549,40046054.3137255,2608342.95905882,42654397.2727843,144381681.158588,187036078.431373,8727.45098039216,90.1960784313725,1200,4516.43137254902,168439803.921569,18596274.5098039,0,329.411764705882,0,0,0,0,0,329.411764705882,0,0,0,0,6276.47058823529,6276.47058823529,1603.92156862745,525.490196078431,1078.43137254902,56.8627450980392,45.0980392156863,11.7647058823529,211.764705882353,0,1872.54901960784,0,0,0,5.88235294117647,0,0,0,601.960784313726,0,0,180.392156862745,317.647058823529,0,0,0,0,0,345.098039215686,0,0,405.882352941176,0,0,0,15.6862745098039,0,0,0,0,0,0,0,0,0,0,0,0,0,0,0,13.6875
