"▣ 연령별","무기질비료_질소질_지출액","무기질비료_인산질_지출액","무기질비료_가리질_지출액","무기질비료_복합_지출액","무기질비료_토양개량제_지출액","무기질비료_기타_지출액","유기질비료_퇴구비_지출액","유기질비료_계분_지출액","유기질비료_우분_지출액","유기질비료_돈분_지출액","유기질비료_기타_지출액","▣ 지역별","▣ 규모별","조성비","▣ 경영수준별","경지면적_합계_계","경지면적_합계_논","경지면적_합계_밭","경지면적_합계_임지","경지면적_합계_기타","경지면적_자작지_계","경지면적_자작지_논","경지면적_자작지_밭","경지면적_자작지_임지","경지면적_자작지_기타","경지면적_차용지_계","경지면적_차용지_논","경지면적_차용지_밭","경지면적_차용지_임지","경지면적_차용지_기타","재배면적_합계_계","재배면적_합계_논","재배면적_합계_밭","재배면적_합계_임지","재배면적_합계_기타","재배면적_자작지_계","재배면적_자작지_논","재배면적_자작지_밭","재배면적_자작지_임지","재배면적_자작지_기타","재배면적_차용지_계","재배면적_차용지_논","재배면적_차용지_밭","재배면적_차용지_임지","재배면적_차용지_기타","수령","▣ 전/겸업별","재배본수_ha당","비료비_ha당","무기질비료_ha당","유기질비료_ha당","무기질비료_질소질_지출액_ha당","무기질비료_인산질_지출액_ha당","무기질비료_가리질_지출액_ha당","무기질비료_복합_지출액_ha당","무기질비료_토양개량제_지출액_ha당","무기질비료_기타_지출액_ha당","유기질비료_퇴구비_지출액_ha당","유기질비료_계분_지출액_ha당","유기질비료_우분_지출액_ha당","유기질비료_돈분_지출액_ha당","유기질비료_기타_지출액_ha당","농약비_ha당","수도광열비_ha당","제재료비_ha당","소농구비_ha당","수선비_ha당","임차료_ha당","위탁영농비_ha당","기타비용_ha당","기계_감가상각비_ha당","시설물_감가상각비_ha당","감가상각비_ha당","자동차비_ha당","자가토지용역비_ha당","임차토지용역비_ha당","토지용역비_ha당","자가노동비_ha당","고용노동비_ha당","급식물비_ha당","노동비_ha당","경영비","고정자본용역비_ha당","유동자본용역비_ha당","자본용역비_ha당","내급비","소득","직접생산비","간접생산비","생산비 합계_ha당","순수익","총 평가액_ha당","특대 수량_ha당","대 수량_ha당","중 수량_ha당","소 수량_ha당","특대 평가액_ha당","대 평가액_ha당","중 평가액_ha당","소 평가액_ha당","부산물 생산량_ha당","무기질_질소질_수량_ha당","무기질_인산질_수량_ha당","무기질_가리질_수량_ha당","무기질_복합_수량_ha당","무기질_토양개량제_수량_ha당","무기질_기타_수량_ha당","무기질_합계_수량_ha당","유기질_퇴구비_수량_ha당","유기질_계분_수량_ha당","유기질_우분_수량_ha당","유기질_돈분_수량_ha당","유기질_기타_수량_ha당","유기질_합계_수량_ha당","총 노동시간_보통자가_남_ha당","총 노동시간_보통자가_여_ha당","총 노동시간_보통고용_남_ha당","총 노동시간_보통고용_여_ha당","총 노동시간_특수자가_ha당","총 노동시간_특수고용_ha당","총 노동시간_합계_ha당","간벌_시간_ha당","경운_시간_ha당","관수(살수)_시간_ha당","두둑_시간_ha당","멀칭_시간_ha당","배수로 정비 및 관리_시간_ha당","병해충방제_시간_ha당","보식작업_시간_ha당","선별_시간_ha당","수확 및 운반_시간_ha당","시비_시간_ha당","식재(조림)_시간_ha당","열매솎기(적과)_시간_ha당","인공교배 또는 수정_시간_ha당","재배지 정리_시간_ha당","전정_시간_ha당","접목 및 관리_시간_ha당","정지_시간_ha당","제초_시간_ha당","차광막 설치_시간_ha당","채종_시간_ha당","꽃눈솎기(적뢰)_시간_ha당","출하_시간_ha당","일반관리_시간_ha당","파종_시간_ha당","골목 눕히기_시간_ha당","골목 뒤집기_시간_ha당","골목 벌채_시간_ha당","골목 세우기_시간_ha당","골목 폐기_시간_ha당","버섯발생작업_시간_ha당","재배장 소독_시간_ha당","종균접종_시간_ha당","천공작업_시간_ha당","표고세척_시간_ha당","기타_시간_ha당","가중치"
1,0,0,0,0,0,0,0,0,0,0,0,34,3,289225,6,3,0,0,3,0,3,0,0,3,0,0,0,0,0,0,3,0,0,3,0,3,0,0,3,0,0,0,0,0,0,39.6666666666667,2,330,0,0,0,0,0,0,0,0,0,0,0,0,0,0,0,13133.3333333333,0,0,9833.33333333333,0,0,0,37144.4444444444,10133.3333333333,47277.7777777778,79000,323533.333333333,0,323533.333333333,2423429.33333333,641855.333333333,13333.3333333333,3078618,1083116.71133102,21984.9657777778,38459.6498666667,60444.6156444444,2817948.6820912,906383.288668978,3517087.44444444,383977.948977778,3901065.39342222,-1911565.39342222,1989500,0,865,0,0,0,1989500,0,0,0,0,0,0,0,0,0,0,0,0,0,0,0,0,80,53.3333333333333,14,14,12.3333333333333,7,180.666666666667,0,0,0,0,0,0,0,0,0,137.333333333333,0,0,0,0,2.66666666666667,31,0,0,9.66666666666667,0,0,0,0,0,0,0,0,0,0,0,0,0,0,0,0,0,15.1666666666667
1,0,0,0,0,0,0,0,0,0,0,0,34,4,289225,6,8,0,0,8,0,0,0,0,0,0,8,0,0,8,0,8,0,0,8,0,0,0,0,0,0,8,0,0,8,0,23.7142857142857,2,1012.5,0,0,0,0,0,0,0,0,0,0,0,0,0,0,38912.5,79412.5,5162.5,0,11812.5,0,0,0,408553.75,8906.25,417460,41250,0,132662.5,132662.5,1382918,449540,3875,1836333,1466388.11796778,30306.38895,24448.2492,54754.63815,1440597.02018222,-1149288.11796778,2719568,187417.13815,2906985.13815,-2589885.13815,317100,22.25,21,0,0,186900,130200,0,0,0,0,0,0,0,0,0,0,0,0,0,0,0,0,40.25,0,14,14,29.5,0,97.75,3,0,0,0,0,0,13.625,0,0,49,0,0,0,0,0,15.75,0,0,9.375,0,0,0,0,0,0,0,0,0,0,0,0,0,0,0,0,7,9.86666666666667
1,0,0,0,0,0,0,0,0,0,0,0,38,1,283519,6,1.84,0,0,1.84,0,1.84,0,0,1.84,0,0,0,0,0,0,1.84,0,0,1.84,0,1.84,0,0,1.84,0,0,0,0,0,0,41,2,271.739130434783,0,0,0,0,0,0,0,0,0,0,0,0,0,0,0,63913.0434782609,0,0,8315.21739130435,0,0,3913.04347826087,65641.3043478261,5163.04347826087,70804.3478260869,0,18804.347826087,0,18804.347826087,2946155.97826087,0,0,2946155.97826087,430464.652173913,11839.9176086957,37476.4863043478,49316.4039130435,3014276.73,347904.913043478,3376620.63043478,68120.7517391304,3444741.38217391,-2666371.81695652,778369.565217391,0,353.804347826087,0,0,0,778369.565217391,0,0,0,0,0,0,0,0,0,0,0,0,0,0,0,0,92.9347826086956,73.3695652173913,0,0,10.3260869565217,0,176.630434782609,0,0,0,0,0,0,0,0,30.9782608695652,133.695652173913,0,0,0,0,0,0,0,0,10.8695652173913,0,0,0,0,0,0,0,0,0,0,0,0,0,0,0,0,1.08695652173913,22.92
1,0,0,0,0,0,0,0,0,0,0,0,99,3,263414,6,7,0,0,7,0,7,0,0,7,0,0,0,0,0,0,3,0,0,3,0,3,0,0,3,0,0,0,0,0,0,9.25,2,381,0,0,0,0,0,0,0,0,0,0,0,0,0,0,0,103866.666666667,22133.3333333333,10266.6666666667,21100,0,0,187200,138052.777777778,85500,223552.777777778,107250,195066.666666667,0,195066.666666667,1536461,1045666.66666667,31000,2613127.66666667,1997003.9701186,54437.4294444444,36675.4097333333,91112.8391777778,1841086.64683696,1736929.36321473,3551911.11111111,286179.505844444,3838090.61695556,-104157.283622222,3733933.33333333,57.3333333333333,244.666666666667,552.666666666667,50.6666666666667,338266.666666667,1174400,2155400,65866.6666666667,0,0,0,0,0,0,0,0,0,0,0,0,0,0,19,0,0,42.3333333333333,52,22.6666666666667,136,42,0,0,0,0,0,0,0,18.3333333333333,43,0,0,0,0,0,0,0,0,32.6666666666667,0,0,0,0,0,0,0,0,0,0,0,0,0,0,0,0,0,17
1,0,0,0,0,0,0,0,0,0,0,420000,99,1,263414,6,1.54,0,0,1.54,0,0,0,0,0,0,1.54,0,0,1.54,0,1.51,0,0,1.51,0,0,0,0,0,0,1.51,0,0,1.51,0,9.83333333333333,2,233.112582781457,278145.695364238,0,278145.695364238,0,0,0,0,0,0,0,0,0,0,278145.695364238,0,81324.5033112583,12913.9072847682,5099.33774834437,3112.58278145695,0,0,576092.715231788,31780.353200883,15099.3377483444,46879.6909492274,196688.741721854,0,188278.145695364,188278.145695364,1849892.71523179,0,0,1849892.71523179,1651949.3200883,44399.0444591612,34801.6100662252,79200.6545253863,1929093.36975717,-306253.95584989,3313563.88962472,267478.800220751,3581042.68984547,-2235347.32560706,1345695.36423841,182.781456953642,149.668874172185,27.8145695364238,0,968741.721854305,326887.417218543,50066.2251655629,0,0,0,0,0,0,0,0,0,0,0,0,0,756.953642384106,756.953642384106,58.2781456953642,0,0,0,35.0993377483444,0,93.3774834437086,0,0,0,0,0,0,0,0,11.9205298013245,40.3973509933775,3.97350993377483,0,0,0,0,0,0,0,35.0993377483444,0,0,0,1.98675496688742,0,0,0,0,0,0,0,0,0,0,0,0,0,26.25
1,0,0,0,0,0,0,42000,0,0,0,0,36,3,274120,6,3.99,0,0,3.99,0,3.99,0,0,3.99,0,0,0,0,0,0,3,0,0,3,0,3,0,0,3,0,0,0,0,0,0,19.6,2,416.666666666667,14000,0,14000,0,0,0,0,0,0,14000,0,0,0,0,0,102466.666666667,3933.33333333333,0,11100,0,0,104100,121790.555555556,54625,176415.555555556,101200,112933.333333333,0,112933.333333333,1010155.66666667,41811,0,1051966.66666667,829146.555555556,66890.0700277778,15965.8266666667,82855.8966944444,1205944.89669444,-415913.222222222,1839302.22222222,195789.230027778,2035091.45225,-1621858.11891667,413233.333333333,0,136.333333333333,0,0,0,413233.333333333,0,0,0,0,0,0,0,0,0,0,160,0,0,0,0,160,21.3333333333333,0,2.33333333333333,0,27.6666666666667,0,51.3333333333333,0,0,0,0,0,0,0,0,1,4.66666666666667,3.66666666666667,0,0,0,15.3333333333333,0,0,0,23.6666666666667,0,0,0,0.666666666666667,0,0,0,0,0,0,0,0,0,0,0,0,2.33333333333333,10.9166666666667
1,0,0,0,0,0,2662000,0,0,0,0,0,34,4,289225,6,11.31,0,0,11.31,0,11.31,0,0,11.31,0,0,0,0,0,0,11.31,0,0,11.31,0,11.31,0,0,11.31,0,0,0,0,0,0,18.2,2,335.985853227232,235366.931918656,235366.931918656,0,0,0,0,0,0,235366.931918656,0,0,0,0,0,96984.9690539346,24376.6578249337,433.244916003537,0,5181.25552608311,0,0,30459.7701149425,22667.0719127616,2099.9115826702,24766.9834954318,58822.2811671087,283430.59239611,0,283430.59239611,1655140.9372237,242231.653404067,0,1897372.59062776,1007848.74742116,9124.94730327144,28398.1752077807,37523.1225110522,1976094.65213086,2224538.52048335,2662989.68464486,320953.714907162,2983943.39955202,248443.868352491,3232387.26790451,0,1042.70557029178,0,0,0,3232387.26790451,0,0,0,0,0,0,0,0,723.607427055703,723.607427055703,0,0,0,0,0,0,46.684350132626,31.3881520778072,6.01237842617153,9.54907161803713,19.2749778956676,0,112.908930150309,0,0,0,0,0,0,4.06719717064545,3.62511052166225,3.00618921308576,29.0893015030946,11.4942528735632,0,0,0,5.12820512820513,32.2723253757736,6.10079575596817,0,8.22281167108753,0,0,0,0.0884173297966401,0,0,0,0,0,0,0,0,0,0,0,0,9.81432360742706,9.86666666666667
2,0,0,0,0,0,0,0,0,0,0,0,34,2,289225,6,2,0,0,2,0,0,0,0,0,0,2,0,0,2,0,2,0,0,2,0,0,0,0,0,0,2,0,0,2,0,23.6,2,750,0,0,0,0,0,0,0,0,0,0,0,0,0,0,0,52500,0,8550,0,0,0,0,106341.666666667,0,106341.666666667,0,0,473750,473750,405900,0,0,405900,930366.666666667,4428.2694,5790.18,10218.4494,416118.4494,-379666.666666667,862516.666666667,483968.4494,1346485.11606667,-795785.116066667,550700,39.5,59,84.5,69.5,158000,171100,152100,69500,0,0,0,0,0,0,0,0,0,0,0,0,0,0,22.5,0,0,0,0,0,22.5,0,0,0,0,0,0,0,0,0,22.5,0,0,0,0,0,0,0,0,0,0,0,0,0,0,0,0,0,0,0,0,0,0,0,0,0,0,22.95
2,0,0,0,0,0,0,0,0,0,0,0,34,2,289225,6,2,0,0,2,0,2,0,0,2,0,0,0,0,0,0,2,0,0,2,0,2,0,0,2,0,0,0,0,0,0,22.5,2,300,0,0,0,0,0,0,0,0,0,0,0,0,0,0,0,22350,0,0,0,0,0,14550,336591.666666667,0,336591.666666667,118800,291200,0,291200,2034703,0,0,2034703,781516.666666667,72059.9133333333,25687.8772,97747.7905333333,2423650.79053333,523583.333333333,2816219.66666667,388947.790533333,3205167.4572,-1900067.4572,1305100,0,421,0,0,0,1305100,0,0,0,0,0,0,0,0,0,0,0,0,0,0,0,0,39.5,10,0,0,52.5,0,102,0,0,0,0,0,0,0,0,4,24,0,0,0,0,15,32.5,0,0,26,0,0,0,0.5,0,0,0,0,0,0,0,0,0,0,0,0,0,22.95
2,0,0,0,0,0,0,0,0,0,0,0,34,4,289225,5,19.5,0,0,19.5,0,12.3,0,0,12.3,0,7.2,0,0,7.2,0,19.5,0,0,19.5,0,12.3,0,0,12.3,0,7.2,0,0,7.2,0,18.6666666666667,2,409.230769230769,0,0,0,0,0,0,0,0,0,0,0,0,0,0,95158.9743589744,21379.4871794872,502.564102564103,0,0,0,0,0,95665.1282051282,14615.3846153846,110280.512820513,19677.3504273504,198584.615384615,140912.820512821,339497.435897436,897133.128205128,1226358.97435897,121846.153846154,2245338.25641026,1973864.26393102,16495.3783111111,29293.5030974359,45788.881408547,1192984.19867411,6978699.83863308,2781562.14529915,385286.317305983,3166848.46260513,5785715.63995897,8952564.1025641,0,1943.84615384615,1301.33333333333,0,0,6349897.43589744,2602666.66666667,0,0,0,0,0,0,0,0,0,0,0,0,0,0,0,27.2820512820513,16.4102564102564,32.1025641025641,40.2051282051282,8.25641025641026,0,124.25641025641,0,0,0,0,0,0,3.17948717948718,1.33333333333333,0,91.0769230769231,0,0,0,0,0,22.2564102564103,1.33333333333333,0,5.07692307692308,0,0,0,0,0,0,0,0,0,0,0,0,0,0,0,0,0,9.86666666666667
2,0,0,0,0,0,0,0,0,0,0,0,36,3,274120,6,4.71,0,0,4.71,0,4.71,0,0,4.71,0,0,0,0,0,0,4.04,0,0,4.04,0,4.04,0,0,4.04,0,0,0,0,0,0,30.3333333333333,2,99.009900990099,0,0,0,0,0,0,0,0,0,0,0,0,0,0,0,5222.77227722772,0,0,0,0,0,0,47018.1518151815,11751.2376237624,58769.3894389439,58811.8811881188,60049.5049504951,0,60049.5049504951,273511.386138614,0,0,273511.386138614,396924.04290429,14297.1201980198,3456.30356435644,17753.4237623762,351314.314851485,-298161.666666667,670435.429042904,77802.9287128713,748238.357755776,-649475.981518152,98762.3762376238,0,51.980198019802,0,0,0,98762.3762376238,0,0,0,0,0,0,0,0,0,0,0,0,0,0,0,0,3.46534653465347,7.42574257425743,0,0,4.7029702970297,0,15.5940594059406,0,0,0,0,0,0,0,0,0,6.68316831683168,0,0,0,0,0,0,0,0,8.91089108910891,0,0,0,0,0,0,0,0,0,0,0,0,0,0,0,0,0,10.9166666666667
2,0,0,0,0,0,0,0,0,0,0,0,36,4,274120,6,7.33,0,0.33,7,0,7.33,0,0.33,7,0,0,0,0,0,0,6.34,0,0.2,6.14,0,6.34,0,0.2,6.14,0,0,0,0,0,0,30,2,186.593059936909,0,0,0,0,0,0,0,0,0,0,0,0,0,0,0,19384.858044164,0,0,11372.2397476341,45883.2807570978,0,18312.3028391167,32189.2744479495,5796.52996845426,37985.8044164038,41640.3785488959,285331.230283912,0,285331.230283912,372120.031545741,315851.735015773,0,687971.766561514,764550.599369085,13409.9278443743,9708.26315457413,23118.1909989485,680569.452828601,-480765.110410095,1136670.63091483,308449.42128286,1445120.05219769,-1161334.5632387,283785.488958991,0,54.5741324921136,0,0,0,283785.488958991,0,0,0,0,0,0,0,0,0,0,0,0,0,0,0,0,7.72870662460568,6.62460567823344,0,0,6.15141955835962,11.8296529968454,32.3343848580442,0,0,0,0,0,0,0,0,1.10410094637224,13.2492113564669,0,0,0,0,10.2523659305994,0,0,0,7.72870662460568,0,0,0,0,0,0,0,0,0,0,0,0,0,0,0,0,0,10.9166666666667
2,0,0,0,0,0,0,0,0,0,0,0,38,2,283519,6,2.31,0,0,2.31,0,2.31,0,0,2.31,0,0,0,0,0,0,2.31,0,0,2.31,0,2.31,0,0,2.31,0,0,0,0,0,0,25.3333333333333,2,290.04329004329,0,0,0,0,0,0,0,0,0,0,0,0,0,0,0,0,0,0,0,0,0,0,85554.1125541126,0,85554.1125541126,154285.714285714,178831.168831169,0,178831.168831169,346835.930735931,0,0,346835.930735931,523358.826839827,23103.781991342,4300.76554112554,27404.5475324675,553071.647099567,-14311.2077922078,870194.757575758,206235.716363636,1076430.47393939,-567382.854891775,509047.619047619,31.1688311688312,71.8614718614719,116.450216450216,83.5497835497835,102857.142857143,158095.238095238,197965.367965368,50129.8701298701,0,0,0,0,0,0,0,0,0,0,0,0,0,0,0.432900432900433,24.2424242424242,0,0,0,0,24.6753246753247,0,0,0,0,0,0,0,0,0,24.2424242424242,0,0,0,0,0,0,0,0,0,0,0,0,0,0,0,0,0,0,0,0,0,0,0,0,0,0.432900432900433,15.5789473684211
2,0,0,0,0,0,0,0,0,0,0,1247000,36,3,274120,6,3.38,0,0.71,2.67,0,3.38,0,0.71,2.67,0,0,0,0,0,0,3.29,0,0.65,2.64,0,3.29,0,0.65,2.64,0,0,0,0,0,0,29.8,2,506.079027355623,379027.3556231,0,379027.3556231,0,0,0,0,0,0,0,0,0,0,379027.3556231,0,38905.7750759878,7689.96960486322,0,23860.1823708207,0,0,1884.49848024316,108435.093718338,0,108435.093718338,21063.829787234,97963.5258358663,0,97963.5258358663,2012092.40121581,0,0,2012092.40121581,854986.704660588,4430.36975050658,30546.9062613982,34977.2760119048,2145033.20306358,-353922.874873354,2867079.10587639,132940.801847771,3000019.90772416,-2498956.07793693,501063.829787234,0,238.601823708207,0,0,0,501063.829787234,0,0,0,0,0,0,0,0,0,0,0,0,0,0,1042.55319148936,1042.55319148936,49.8480243161094,0,0,0,49.5440729483283,0,99.3920972644377,0,0,0,0,0,0,0,0,2.73556231003039,28.8753799392097,10.9422492401216,0,0,0,5.77507598784195,0,7.29483282674772,0,43.7689969604863,0,0,0,0,0,0,0,0,0,0,0,0,0,0,0,0,0,10.9166666666667
2,0,0,0,0,0,0,0,0,0,0,2663000,99,4,263414,6,8.1,0,0,8.1,0,0,0,0,0,0,8.1,0,0,8.1,0,5.1,0,0,5.1,0,0,0,0,0,0,5.1,0,0,5.1,0,12.875,2,315.294117647059,522156.862745098,0,522156.862745098,0,0,0,0,0,0,0,0,0,0,522156.862745098,20392.1568627451,24411.7647058824,0,0,0,0,0,282352.941176471,103636.60130719,61617.6470588235,165254.248366013,0,0,397607.843137255,397607.843137255,1380844.50980392,55686.2745098039,6862.74509803922,1443393.52941176,1731542.12179764,53734.9218300654,28429.5699607843,82164.4917908497,1469605.71639844,-294973.494346656,2721375.50326797,479772.334928105,3201147.83819608,-1764579.2107451,1436568.62745098,217.450980392157,142.745098039216,4.31372549019608,0,991980.392156863,438117.647058824,6470.58823529412,0,0,0,0,0,0,0,0,0,0,0,0,0,1420,1420,48.6274509803922,0,0,4.70588235294118,22.3529411764706,0,75.6862745098039,8.62745098039216,0,0,0,0,0,0,0,5.88235294117647,30.1960784313726,6.07843137254902,0,0,0,0,11.5686274509804,3.92156862745098,0,3.72549019607843,0,0,0,5.68627450980392,0,0,0,0,0,0,0,0,0,0,0,0,0,12.875
2,0,0,0,0,0,0,0,0,0,0,3381000,34,4,289225,6,7.5,0,0,7.5,0,4.5,0,0,4.5,0,3,0,0,3,0,7.5,0,0,7.5,0,4.5,0,0,4.5,0,3,0,0,3,0,15.25,2,466.666666666667,450800,0,450800,0,0,0,0,0,0,0,0,0,0,450800,209933.333333333,24160,131506.666666667,1253.33333333333,5466.66666666667,0,0,42146.6666666667,81750.2777777778,32000,113750.277777778,28888.8888888889,430280,379013.333333333,809293.333333333,1554966,588672.533333333,23466.6666666667,2167105.2,2271260.96842527,44387.8742444444,37601.4111466667,81989.2853911111,2084257.68363251,-1021527.63509194,3464236.03333333,891282.618724444,4355518.65205778,-3105785.31872445,1249733.33333333,0,121.333333333333,0,0,0,1249733.33333333,0,0,0,0,0,0,0,0,0,0,0,0,0,0,1016.26666666667,1016.26666666667,52.1333333333333,16.2666666666667,11.2,5.86666666666667,18.1333333333333,14.5333333333333,118.133333333333,0,0,0,0,0,0,15.0666666666667,0,0,36.5333333333333,7.6,0,0,0,0,12.2666666666667,9.73333333333333,0,17.4666666666667,0,0,0,0.133333333333333,0,0,0,0,0,0,0,0,0,0,0,0,19.3333333333333,9.86666666666667
2,0,0,0,0,0,0,1765000,0,0,0,0,34,4,289225,5,6,0,0,6,0,0,0,0,0,0,6,0,0,6,0,6,0,0,6,0,0,0,0,0,0,6,0,0,6,0,30.3333333333333,2,383.333333333333,294166.666666667,0,294166.666666667,0,0,0,0,0,0,294166.666666667,0,0,0,0,26016.6666666667,20133.3333333333,0,0,0,0,0,3433.33333333333,51404.4444444444,10950,62354.4444444444,59400,0,126350,126350,2489768.66666667,255591,0,2745359.66666667,1136670.44444444,17508.8447777778,38304.9598666667,55813.8046444444,2545582.47131111,3233462.88888889,3500089.11111111,182163.804644444,3682252.91575556,687880.417577778,4370133.33333333,65.8333333333333,940.666666666667,564,116,289666.666666667,2916066.66666667,1071600,92800,0,0,0,0,0,0,0,0,1868.5,0,0,0,0,1868.5,79.6666666666667,48,7,9.33333333333333,19.5,0,163.5,0,0,0,0,0,0,2.16666666666667,5.16666666666667,9.66666666666667,71,11,0,0,0,3.33333333333333,37.8333333333333,6,0,12,0,0,0,0.666666666666667,0,0,0,0,0,0,0,0,0,0,0,0,4.66666666666667,9.86666666666667
2,0,0,0,0,0,0,2144000,0,0,0,2803000,99,3,263414,6,5.13,0,0,5.13,0,5.13,0,0,5.13,0,0,0,0,0,0,4.93,0,0,4.93,0,4.93,0,0,4.93,0,0,0,0,0,0,14,2,321.501014198783,1003448.27586207,0,1003448.27586207,0,0,0,0,0,0,434888.438133874,0,0,0,568559.837728195,0,48438.1338742394,0,0,7606.49087221095,0,0,158884.381338742,73531.4401622718,93711.967545639,167243.407707911,78316.430020284,175212.981744422,0,175212.981744422,1447275.45638945,407245.23326572,0,1854520.68965517,2134596.35294118,97011.6850574713,38103.9348478702,135115.619905341,1757604.05803922,-754657.204868154,3581871.80933063,310328.601649763,3892200.41098039,-2512261.26290737,1379939.14807302,129.817444219067,267.951318458418,142.799188640974,24.3407707910751,389452.332657201,756247.464503043,217200.811359026,17038.5395537525,0,0,0,0,0,0,0,0,3248.68154158215,0,0,0,1591.68356997972,4840.36511156187,37.525354969574,10.1419878296146,12.7789046653144,12.7789046653144,29.8174442190669,0,103.042596348884,0,0,0,0,0,0,0,0,7.30223123732252,29.8174442190669,22.5152129817444,0,0,0,0,0,14.8073022312373,0,28.1947261663286,0,0,0,0.405679513184584,0,0,0,0,0,0,0,0,0,0,0,0,0,17
2,0,0,0,1042000,0,0,0,0,0,0,0,34,4,289225,6,6.5,0,0,6.5,0,6.5,0,0,6.5,0,0,0,0,0,0,6.5,0,0,6.5,0,6.5,0,0,6.5,0,0,0,0,0,0,23,2,1015.38461538462,160307.692307692,160307.692307692,0,0,0,0,160307.692307692,0,0,0,0,0,0,0,19200,82384.6153846154,0,10523.0769230769,907.692307692308,0,0,140292.307692308,41053.8461538462,6307.69230769231,47361.5384615384,97476.9230769231,109230.769230769,0,109230.769230769,1325785.84615385,670923.076923077,179230.769230769,2175939.69230769,1578826.05378612,18005.8905641026,32110.4829538462,50116.3735179487,1604139.62742414,1662050.86929081,3023618.53846154,159347.142748718,3182965.68121026,57911.2418666668,3240876.92307692,121.692307692308,634.923076923077,364.307692307692,257.076923076923,486769.230769231,1841276.92307692,655753.846153846,257076.923076923,0,0,0,0,413.692307692308,0,0,413.692307692308,0,0,0,0,0,0,33.6923076923077,24.6153846153846,15.5384615384615,24.1538461538462,16.3076923076923,0,114.307692307692,16.3076923076923,0,0,0,0,0,0,0,0,86.6153846153846,5.23076923076923,0,0,0,0,0,0,0,0,0,0,0,0,0,0,0,0,0,0,0,0,0,0,0,0,6.15384615384615,9.86666666666667
2,0,0,0,1696000,0,0,0,0,0,0,0,38,2,283519,6,3,0,0,3,0,3,0,0,3,0,0,0,0,0,0,2.5,0,0,2.5,0,2.5,0,0,2.5,0,0,0,0,0,0,23,2,280,678400,678400,0,0,0,0,678400,0,0,0,0,0,0,0,0,35280,0,5680,6560,0,0,5760,87336,0,87336,0,129040,0,129040,1843852.4,0,0,1843852.4,1102535,7968.89472,31936.60176,39905.49648,2012797.89648,485465,2946387.4,168945.49648,3115332.89648,-1527332.89648,1588000,78.4,406.4,148.8,0,274400,1016000,297600,0,0,0,0,0,1250.4,0,0,1250.4,0,0,0,0,0,0,82.4,12,0,0,9.6,0,104,0,0,0,0,0,0,0,0,9.6,44.4,13.6,0,0,0,0,26.8,0,0,9.6,0,0,0,0,0,0,0,0,0,0,0,0,0,0,0,0,0,15.5789473684211
2,0,0,0,244000,0,0,0,0,0,0,0,38,1,283519,5,1,0,0,1,0,1,0,0,1,0,0,0,0,0,0,1,0,0,1,0,1,0,0,1,0,0,0,0,0,0,18.75,2,390,244000,244000,0,0,0,0,244000,0,0,0,0,0,0,0,0,76100,0,15400,34700,0,0,14400,152460,0,152460,316800,96900,0,96900,7230497,0,0,7230497,1137379,58173.5088,94427.2028,152600.7116,7479997.7116,7494421,8367876,249500.7116,8617376.7116,14423.2883999999,8631800,313,2502,771,276,1095500,6004800,1310700,220800,0,0,0,0,448,0,0,448,0,0,0,0,0,0,205,146,0,0,67,0,418,0,0,0,0,0,0,0,0,48,273,11,0,0,0,0,19,24,0,43,0,0,0,0,0,0,0,0,0,0,0,0,0,0,0,0,0,22.92
2,0,0,0,305000,0,0,0,0,0,0,0,34,3,289225,6,4.05,0,0,4.05,0,0,0,0,0,0,4.05,0,0,4.05,0,4.05,0,0,4.05,0,0,0,0,0,0,4.05,0,0,4.05,0,21.6,2,345.679012345679,75308.6419753087,75308.6419753087,0,0,0,0,75308.6419753087,0,0,0,0,0,0,0,36000,24123.4567901235,0,0,0,0,0,5185.18518518519,25925.9259259259,6481.48148148148,32407.4074074074,125155.555555556,0,308839.506172839,308839.506172839,1294249.62962963,0,0,1294249.62962963,896244.75308642,20671.4368395062,17792.3497283951,38463.7865679012,1332713.41619753,208298.456790123,1881654.87654321,347303.292740741,2228958.16928395,-1124414.95940741,1104543.20987654,0,343.20987654321,0,0,0,1104543.20987654,0,0,0,0,0,0,165.925925925926,0,0,165.925925925926,0,0,0,0,0,0,44.1975308641975,0,0,0,22.962962962963,0,67.1604938271605,0,0,0,0,0,0,3.20987654320988,0,2.46913580246914,17.283950617284,5.4320987654321,0,0,0,0,22.4691358024691,6.41975308641975,0,9.1358024691358,0,0,0,0.740740740740741,0,0,0,0,0,0,0,0,0,0,0,0,0,15.1666666666667
2,0,0,0,4748000,0,0,0,0,0,0,0,34,3,289225,5,3.7,0,0.85,2.85,0,0,0,0,0,0,3.7,0,0.85,2.85,0,3.7,0,0.85,2.85,0,0,0,0,0,0,3.7,0,0.85,2.85,0,23,2,291.891891891892,1283243.24324324,1283243.24324324,0,0,0,0,1283243.24324324,0,0,0,0,0,0,0,162135.135135135,176432.432432432,16162.1621621622,55432.4324324324,6324.32432432432,0,0,5270.27027027027,742336.711711712,51351.3513513513,793688.063063063,96324.3243243243,0,234648.648648649,234648.648648649,4631770.81081081,1597692.97297297,104324.324324324,6333788.10810811,4743335.44353826,158970.99527027,99680.9725405405,258651.967810811,4967990.6684167,4510556.44835364,9218025.4954955,493300.616459459,9711326.11195496,-457434.220063064,9253891.89189189,452.972972972973,1374.05405405405,1197.83783783784,670.540540540541,1902486.48648649,4259567.56756757,2515459.45945946,576378.378378378,0,0,0,0,1695.94594594595,0,0,1695.94594594595,0,0,0,0,0,0,124.864864864865,60,34.054054054054,17.8378378378378,72.7027027027027,30.2702702702703,339.72972972973,0,0,0,0,0,0,11.3513513513514,1.62162162162162,0,85.9459459459459,16.2162162162162,0,0,0,0,108.648648648649,22.1621621621622,0,0,0,0,0,24.5945945945946,0,0,0,0,0,0,0,0,0,0,0,0,69.1891891891892,15.1666666666667
2,0,0,0,746000,0,0,2219000,0,0,0,0,34,4,289225,6,8.98,0,0,8.98,0,0,0,0,0,0,8.98,0,0,8.98,0,8.98,0,0,8.98,0,0,0,0,0,0,8.98,0,0,8.98,0,24.5833333333333,2,227.1714922049,330178.173719376,83073.4966592428,247104.677060134,0,0,0,83073.4966592428,0,0,247104.677060134,0,0,0,0,274031.180400891,75423.1625835189,0,10478.8418708241,389.755011135857,0,0,103028.953229399,15681.8856718634,8282.29398663697,23964.1796585004,17639.1982182628,0,184665.924276169,184665.924276169,1109556.01336303,546601.336302895,127394.20935412,1783551.55902004,1897671.13355365,10105.4729769859,31955.8121603563,42061.2851373422,1236966.07957181,1801905.70386283,2907910.00371195,226727.209413511,3134637.21312546,564939.624291017,3699576.83741648,213.919821826281,420.267260579065,621.714922048998,465.256124721604,834287.305122494,1218775.05567929,1181258.3518931,465256.124721604,0,0,0,0,249.554565701559,0,0,249.554565701559,1426.83741648107,0,0,0,0,1426.83741648107,32.739420935412,26.2806236080178,11.5812917594655,36.5256124721604,7.34966592427617,0,114.476614699332,20.4899777282851,0,0,0,0,0,0,0,0,73.9420935412027,9.57683741648107,0,0,0,0,0,0.556792873051225,0,9.9109131403118,0,0,0,0,0,0,0,0,0,0,0,0,0,0,0,0,0,9.86666666666667
2,44000,0,0,0,0,0,0,0,0,0,0,34,1,289225,6,1.5,0,0,1.5,0,1.5,0,0,1.5,0,0,0,0,0,0,1.5,0,0,1.5,0,1.5,0,0,1.5,0,0,0,0,0,0,15,2,118.666666666667,29333.3333333333,29333.3333333333,0,29333.3333333333,0,0,0,0,0,0,0,0,0,0,20266.6666666667,5600,0,0,9866.66666666667,0,0,17266.6666666667,391262.222222222,76000,467262.222222222,216688.888888889,430266.666666667,0,430266.666666667,1264001.33333333,306666.666666667,18000,1588668,1365690.53936711,146230.356266667,20720.4165333333,166950.7728,1875704.344544,1060709.46063289,2644177.44444444,597217.439466667,3241394.88391111,-814994.883911111,2426400,0,674,0,0,0,2426400,0,0,0,64,0,0,0,0,0,64,0,0,0,0,0,0,67.3333333333333,0,7.33333333333333,0,5.33333333333333,5.33333333333333,85.3333333333333,0,0,0,0,0,0,0,5.33333333333333,0,13.3333333333333,14.6666666666667,0,0,0,0,40,0,0,10.6666666666667,0,0,0,0,0,0,0,0,0,0,0,0,0,0,0,0,1.33333333333333,26.2758620689655
3,0,0,0,0,0,0,0,0,0,0,0,34,1,289225,6,1.5,0,0,1.5,0,1.5,0,0,1.5,0,0,0,0,0,0,1.5,0,0,1.5,0,1.5,0,0,1.5,0,0,0,0,0,0,27,2,333.333333333333,0,0,0,0,0,0,0,0,0,0,0,0,0,0,10400,21333.3333333333,0,0,0,0,0,13333.3333333333,47522.2222222222,0,47522.2222222222,792000,291200,0,291200,1133400,0,0,1133400,1173813.88888889,30509.2355555556,14612.9866666667,45122.2222222222,1469722.22222222,38186.111111111,2307213.88888889,336322.222222222,2643536.11111111,-1431536.11111111,1212000,0,336.666666666667,0,0,0,1212000,0,0,0,0,0,0,0,0,0,0,0,0,0,0,0,0,46.6666666666667,1.33333333333333,0,0,12.6666666666667,0,60.6666666666667,0,0,0,0,0,0,2,0,2,28,0,0,0,0,0,18.6666666666667,4.66666666666667,0,4.66666666666667,0,0,0,0.666666666666667,0,0,0,0,0,0,0,0,0,0,0,0,0,26.2758620689655
3,0,0,0,0,0,0,0,0,0,0,0,34,2,289225,6,2,0,0,2,0,2,0,0,2,0,0,0,0,0,0,2,0,0,2,0,2,0,0,2,0,0,0,0,0,0,16.6666666666667,2,275,0,0,0,0,0,0,0,0,0,0,0,0,0,0,0,10500,0,0,0,0,0,9050,345500,0,345500,148500,397900,0,397900,732370,0,0,732370,802775,52547.108,9323.808,61870.916,1192140.916,873025,1535145,459770.916,1994915.916,-319115.916,1675800,0,0,798,0,0,0,1675800,0,0,0,0,0,0,0,0,0,0,0,0,0,0,0,5.5,45,0,0,0,0,50.5,0,0,0,0,0,0,0,0,0,50.5,0,0,0,0,0,0,0,0,0,0,0,0,0,0,0,0,0,0,0,0,0,0,0,0,0,0,22.95
3,0,0,0,0,0,0,0,0,0,0,0,34,2,289225,6,2,0,0,2,0,2,0,0,2,0,0,0,0,0,0,2,0,0,2,0,2,0,0,2,0,0,0,0,0,0,18,2,365.5,0,0,0,0,0,0,0,0,0,0,0,0,0,0,0,5250,0,0,5850,0,0,54000,45783.3333333333,71250,117033.333333333,0,194200,0,194200,1373965,315000,31500,1720465,792233.233050024,73861.251,22141.006,96002.257,1689792.35728331,73116.7669499763,2191823.33333333,290202.257,2482025.59033333,-1616675.59033333,865350,0,320.5,0,0,0,865350,0,0,0,0,0,0,0,0,0,0,0,0,0,0,0,0,39.5,33.5,16,0,9,0,98,0,0,0,0,0,0,0,20.5,0,68.5,0,0,0,0,0,0,0,0,9,0,0,0,0,0,0,0,0,0,0,0,0,0,0,0,0,0,22.95
3,0,0,0,0,0,0,0,0,0,0,0,34,3,289225,6,4,0,0,4,0,4,0,0,4,0,0,0,0,0,0,4,0,0,4,0,4,0,0,4,0,0,0,0,0,0,19,2,500,0,0,0,0,0,0,0,0,0,0,0,0,0,0,23450,20225,0,0,0,0,0,5125,398066.666666667,0,398066.666666667,148500,291175,0,291175,1625838,0,0,1625838,884591.666666667,56316.7958333333,20765.5112,77082.3070333333,1994095.30703333,253008.333333333,2510429.66666667,368257.307033333,2878686.9737,-1741086.9737,1137600,0,316,0,0,0,1137600,0,0,0,0,0,0,0,0,0,0,0,0,0,0,0,0,43,15.5,0,0,29.25,0,87.75,0,0,0,0,0,0,4.25,0,1.25,30.75,0,0,0,0,4.25,11.25,22,0,13,0,0,0,0,0,0,0,0,0,0,0,0,0,0,0,0,1,15.1666666666667
3,0,0,0,0,0,0,0,0,0,0,0,34,4,289225,6,10,0,0,10,0,8,0,0,8,0,2,0,0,2,0,8,0,0,8,0,6,0,0,6,0,2,0,0,2,0,25.4,2,381.25,0,0,0,0,0,0,0,0,0,0,0,0,0,0,165600,16075,2700,0,0,0,0,11437.5,96931.25,19000,115931.25,35640.625,208662.5,177675,386337.5,1045241.5,175815.75,0,1221057.25,990100.125,41229.5259583333,17569.1849,58798.7108583333,1312702.71085833,1308574.875,1857666.625,445136.210858333,2302802.83585833,-4127.83585833339,2298675,191.375,246.25,254,198.125,803775,763375,533400,198125,0,0,0,0,0,0,0,0,0,0,0,0,0,0,20.875,24.25,5.5,5.5,14.5,0,70.625,0,0,0,0,0,0,2.125,0,0,45.125,0,0,0,0,0,1.25,0,0,19.125,0,0,0,0.125,0,0,0,0,0,0,0,0,0,0,0,0,2.875,9.86666666666667
3,0,0,0,0,0,0,0,0,0,0,0,34,4,289225,6,6,0,0,6,0,0,0,0,0,0,6,0,0,6,0,6,0,0,6,0,0,0,0,0,0,6,0,0,6,0,15.5,2,166.666666666667,0,0,0,0,0,0,0,0,0,0,0,0,0,0,9533.33333333333,49383.3333333333,0,7966.66666666667,131200,0,168300,25200,38997.2222222222,9500,48497.2222222222,110000,0,473766.666666667,473766.666666667,600350,738973.333333333,41500,1380823.33333333,2074943.2327408,16780.8166666667,21977.8426666667,38758.6593333333,657710.982148088,-1693409.89940747,2220128.88888889,512525.326,2732654.21488889,-2351120.88155556,381533.333333333,22.5,50.6666666666667,56.3333333333333,11.6666666666667,94500,157066.666666667,118300,11666.6666666667,13.3333333333333,0,0,0,0,0,0,0,0,0,0,0,0,0,19.5,17.6666666666667,0,18.6666666666667,0,18,73.8333333333333,0,0,0,0,0,0,0,0,0,55,0,0,0,0,0,0,0,0,18,0,0,0,0.833333333333333,0,0,0,0,0,0,0,0,0,0,0,0,0,9.86666666666667
3,0,0,0,0,0,0,0,0,0,0,0,34,4,289225,6,8,0,0,8,0,0,0,0,0,0,8,0,0,8,0,8,0,0,8,0,0,0,0,0,0,8,0,0,8,0,31.5,2,381.25,0,0,0,0,0,0,0,0,0,0,0,0,0,0,161262.5,33475,0,0,2637.5,0,0,362425,169138.333333333,11875,181013.333333333,90750,0,473750,473750,1721919.5,1001750,40875,2764544.5,2611321.92358722,50734.3437333333,41221.8718,91956.2155333333,1839717.12527945,1633878.07641278,3885332.83333333,565706.215533333,4451039.04886667,-205839.048866667,4245200,0,1326.625,0,0,0,4245200,0,0,0,0,0,0,0,0,0,0,0,0,0,0,0,0,51.5,21.625,9,33.5,23.5,8.5,147.625,0,0,0,0,0,0,6.5,0,1.25,52,0,0,0,0,4.25,39.875,2.875,0,15,0,0,0,0.25,0,0,0,0,0,0,0,0,0,0,0,0,25.625,9.86666666666667
3,0,0,0,0,0,0,0,0,0,0,0,36,2,274120,6,2.67,0,0,2.67,0,2.67,0,0,2.67,0,0,0,0,0,0,2.54,0,0,2.54,0,2.54,0,0,2.54,0,0,0,0,0,0,29.5,2,170.866141732283,0,0,0,0,0,0,0,0,0,0,0,0,0,0,0,3740.15748031496,0,0,4212.59842519685,0,0,0,53290.6824146982,1658.46456692913,54949.1469816273,51968.5039370079,500787.401574803,0,500787.401574803,1017886.61417323,0,0,1017886.61417323,388990.406824147,7229.0718503937,12720.4081889764,19949.4800393701,1538623.4957874,681678.884514436,1406877.02099738,520736.881614173,1927613.90261155,-856944.611272966,1070669.29133858,0,509.842519685039,0,0,0,1070669.29133858,0,0,0,0,0,0,0,0,0,0,0,0,0,0,0,0,27.1653543307087,24.4094488188976,0,0,8.26771653543307,0,59.8425196850394,0,0,0,0,0,0,0,0,3.54330708661417,48.0314960629921,0,0,0,0,0,0,0,0,8.26771653543307,0,0,0,0,0,0,0,0,0,0,0,0,0,0,0,0,0,12.1428571428571
3,0,0,0,0,0,0,0,0,0,0,0,36,2,274120,6,2.7,0,0,2.7,0,0,0,0,0,0,2.7,0,0,2.7,0,2,0,0,2,0,0,0,0,0,0,2,0,0,2,0,33.6666666666667,2,189,0,0,0,0,0,0,0,0,0,0,0,0,0,0,0,19950,0,0,10050,0,0,0,44182.5,17937.5,62120,108900,0,337300,337300,410639.5,0,0,410639.5,812440,30777.2502233333,5463.9298,36241.1800233333,446880.680023333,-547240,885779.5,373541.180023333,1259320.68002333,-994120.680023333,265200,0,110.5,0,0,0,265200,0,0,0,0,0,0,0,0,0,0,0,0,0,0,0,0,8.5,7,0,0,7,0,22.5,0,0,0,0,0,0,0,0,1.5,14,0,0,0,0,0,0,0,0,7,0,0,0,0,0,0,0,0,0,0,0,0,0,0,0,0,0,12.1428571428571
3,0,0,0,0,0,0,0,0,0,0,0,36,4,274120,6,5,0,0,5,0,5,0,0,5,0,0,0,0,0,0,5,0,0,5,0,5,0,0,5,0,0,0,0,0,0,27.3333333333333,2,181.6,0,0,0,0,0,0,0,0,0,0,0,0,0,0,0,2060,0,0,3160,0,0,0,36776.7666666667,970,37746.7666666667,38016,47200,0,47200,60828,0,0,60828,355102.766666667,9085.3833296,818.9952,9904.3785296,117932.3785296,-312982.766666667,415930.766666667,57104.3785296,473035.145196267,-430915.145196267,42120,7.8,0,0,0,42120,0,0,0,0,0,0,0,0,0,0,0,0,0,0,0,0,0,0,0.4,0,0,2.4,0,2.8,0,0,0,0,0,0,0,0,0,0.4,0,0,0,0,0,0,0,0,2.4,0,0,0,0,0,0,0,0,0,0,0,0,0,0,0,0,0,10.9166666666667
3,0,0,0,0,0,0,0,0,0,0,0,38,1,283519,6,1.33,0,0,1.33,0,1.33,0,0,1.33,0,0,0,0,0,0,1,0,0,1,0,1,0,0,1,0,0,0,0,0,0,30,2,250,0,0,0,0,0,0,0,0,0,0,0,0,0,0,0,233100,0,0,18300,0,0,78000,34980,11400,46380,0,342600,0,342600,3735739,0,0,3735739,659299,17148.828,50407.7236,67556.5516,4145895.5516,1197201,4395038,410156.5516,4805194.5516,-2948694.5516,1856500,141,396,168,32,465300,1029600,336000,25600,0,0,0,0,0,0,0,0,0,0,0,0,0,0,92,74,0,0,45,0,211,0,0,0,0,0,0,0,0,25,137,0,0,0,0,0,0,0,0,45,0,0,0,3,0,0,0,0,0,0,0,0,0,0,0,0,1,22.92
3,0,0,0,0,0,0,0,0,0,0,0,38,1,283519,6,1.9,0,0,1.9,0,1.9,0,0,1.9,0,0,0,0,0,0,1.9,0,0,1.9,0,1.9,0,0,1.9,0,0,0,0,0,0,24.25,2,278.947368421053,0,0,0,0,0,0,0,0,0,0,0,0,0,0,0,4000,0,0,0,0,0,0,191468.421052632,0,191468.421052632,187578.947368421,663736.842105263,0,663736.842105263,255187.894736842,0,0,255187.894736842,666566.368421053,25328.6576842105,3213.92989473684,28542.5875789474,947467.324421053,-531724.263157895,921754.263157895,692279.429684211,1614033.69284211,-1479191.58757895,134842.105263158,0,22.1052631578947,44.2105263157895,0,0,55263.1578947368,79578.9473684211,0,0,0,0,0,0,0,0,0,0,0,0,0,0,0,3.68421052631579,3.15789473684211,0,0,6.31578947368421,0,13.1578947368421,0,0,0,0,0,0,0,0,0,6.31578947368421,0,0,0,0,0,0,0,0,6.31578947368421,0,0,0,0,0,0,0,0,0,0,0,0,0,0,0,0,0.526315789473684,22.92
3,0,0,0,0,0,0,0,0,0,0,0,38,2,283519,6,2,0,0,2,0,2,0,0,2,0,0,0,0,0,0,2,0,0,2,0,2,0,0,2,0,0,0,0,0,0,48,2,382.5,0,0,0,0,0,0,0,0,0,0,0,0,0,0,0,6000,0,0,0,8750,0,0,95700,0,95700,0,129150,0,129150,253520,303987.5,7500,565007.5,702045.962922024,7104.952,7188.993,14293.945,400374.482077977,-309495.962922024,958976.5,143443.945,1102420.445,-709870.445,392550,0,117,79.5,0,0,257400,135150,0,0,0,0,0,0,0,0,0,0,0,0,0,0,0,0,5,12.5,0,8,3,28.5,0,0,0,0,0,0,0,0,0,10.5,0,0,0,0,0,0,0,0,18,0,0,0,0,0,0,0,0,0,0,0,0,0,0,0,0,0,15.5789473684211
3,0,0,0,0,0,0,0,0,0,0,0,38,2,283519,6,2.1,0,0,2.1,0,2.1,0,0,2.1,0,0,0,0,0,0,2.1,0,0,2.1,0,2.1,0,0,2.1,0,0,0,0,0,0,22,2,152.380952380952,0,0,0,0,0,0,0,0,0,0,0,0,0,0,0,9523.80952380952,0,3666.66666666667,0,0,0,10285.7142857143,71960.3174603175,0,71960.3174603175,66000,131714.285714286,0,131714.285714286,360377.142857143,0,0,360377.142857143,444955.507936508,13936.5666666667,4759.78133333333,18696.3479999999,510787.776571429,98187.3492063492,805332.650793651,150410.633714286,955743.284507936,-412600.427365079,543142.857142857,17.1428571428571,108.571428571429,117.142857142857,0,60000,260571.428571429,222571.428571429,0,0,0,0,0,0,0,0,0,0,0,0,0,0,0,0,10.952380952381,0,0,9.04761904761905,0,20,0,0,0,0,0,0,0,0,0.952380952380952,10,0,0,0,0,0,0,0,0,9.04761904761905,0,0,0,0,0,0,0,0,0,0,0,0,0,0,0,0,0,15.5789473684211
3,0,0,0,0,0,0,0,0,0,0,0,38,2,283519,6,3.66,0,0,3.66,0,3.66,0,0,3.66,0,0,0,0,0,0,2,0,0,2,0,2,0,0,2,0,0,0,0,0,0,13.6666666666667,2,250,0,0,0,0,0,0,0,0,0,0,0,0,0,0,0,2100,0,0,5850,0,0,1800,107225,7916.66666666667,115141.666666667,61050,1601400,0,1601400,876498.5,0,0,876498.5,469460.666666667,24805.4353333333,10989.4814,35794.9167333333,2513693.41673333,-26960.6666666667,1345959.16666667,1637194.91673333,2983154.0834,-2540654.0834,442500,62,75.5,31,5,204600,181200,52700,4000,0,0,0,0,0,0,0,0,0,0,0,0,0,0,17.5,16.5,0,0,14.5,0,48.5,0,0,0,0,0,0,0,0,0,34,0,0,0,0,0,0,0,0,14.5,0,0,0,0,0,0,0,0,0,0,0,0,0,0,0,0,0,15.5789473684211
3,0,0,0,0,0,0,0,0,0,0,0,38,3,283519,6,3,0,0,3,0,3,0,0,3,0,0,0,0,0,0,3,0,0,3,0,3,0,0,3,0,0,0,0,0,0,20.75,2,287,0,0,0,0,0,0,0,0,0,0,0,0,0,0,0,130200,0,4733.33333333333,61833.3333333333,0,0,12000,78400,50666.6666666667,129066.666666667,46200,96800,0,96800,3301225.33333333,1397682,0,4698907.33333333,2065234.33333333,75047.3626666667,60855.1576,135902.520266667,3533927.8536,-1197101,5366459.66666667,232702.520266667,5599162.18693333,-4731028.8536,868133.333333333,148.666666666667,126.333333333333,0,0,564933.333333333,303200,0,0,0,0,0,0,0,0,0,0,0,0,0,0,0,0,58,49,78,0,70,0,255,45.3333333333333,0,0,0,0,0,0,0,16,103.333333333333,0,0,0,0,6.66666666666667,0,0,0,83.6666666666667,0,0,0,0,0,0,0,0,0,0,0,0,0,0,0,0,0,18.7
3,0,0,0,0,0,0,0,0,0,0,0,38,3,283519,6,4,0,0,4,0,4,0,0,4,0,0,0,0,0,0,4,0,0,4,0,4,0,0,4,0,0,0,0,0,0,22.6666666666667,2,200,0,0,0,0,0,0,0,0,0,0,0,0,0,0,0,7300,0,0,0,0,0,0,38547.5,0,38547.5,59400,96800,0,96800,589073.75,0,0,589073.75,388766.5,9967.4052,7395.0345,17362.4397,703236.1897,180883.5,977840.25,114162.4397,1092002.6897,-522352.6897,569650,35.5,76,111,70.75,127800,182400,188700,70750,0,0,0,0,0,0,0,0,0,0,0,0,0,0,14.25,13.25,0,0,6.5,0,34,0,0,0,0,0,0,0,0,0,27.25,0,0,0,0,0,0,0,0,6,0,0,0,0,0,0,0,0,0,0,0,0,0,0,0,0,0.75,18.7
3,0,0,0,0,0,0,0,0,0,0,0,38,3,283519,6,4,0,0,4,0,4,0,0,4,0,0,0,0,0,0,4,0,0,4,0,4,0,0,4,0,0,0,0,0,0,23.5,2,68.5,0,0,0,0,0,0,0,0,0,0,0,0,0,0,0,53175,0,0,28125,0,0,0,4455,0,4455,0,484075,0,484075,1253202.25,280335,0,1533537.25,649609,416.7702,20023.9819,20440.7521,1757718.0021,431991,1902811.25,504515.7521,2407327.0021,-1325727.0021,1081600,0,416,0,0,0,1081600,0,0,0,0,0,0,0,0,0,0,0,0,0,0,0,0,49.5,2.75,11.25,5.5,14.5,0,83.5,2.75,0,0,0,0,0,0,0,7,54.25,0,0,0,0,8.75,0,0,0,10.5,0,0,0,0,0,0,0,0,0,0,0,0,0,0,0,0,0.25,18.7
3,0,0,0,0,0,0,0,0,0,0,0,38,3,283519,6,4.84,0,0,4.84,0,4.84,0,0,4.84,0,0,0,0,0,0,4.29,0,0,4.29,0,4.29,0,0,4.29,0,0,0,0,0,0,20.2222222222222,2,319.347319347319,0,0,0,0,0,0,0,0,0,0,0,0,0,0,0,12727.2727272727,110000,0,0,0,0,1678.32167832168,55515.1515151515,0,55515.1515151515,0,184498.834498835,0,184498.834498835,1238177.85547786,0,0,1238177.85547786,463439.745920746,4003.32121212121,16896.0347785548,20899.355990676,1443576.04596737,607585.895104895,1701617.6013986,205398.19048951,1907015.79188811,-835990.150862471,1071025.64102564,21.6783216783217,198.135198135198,208.857808857809,161.538461538462,80909.0909090909,505827.505827506,355058.275058275,129230.769230769,0,0,0,0,0,0,0,0,0,0,0,0,0,0,32.8671328671329,39.6270396270396,0,0,4.89510489510489,0,77.3892773892774,0,0,0,0,0,0,0,10.7226107226107,1.16550116550117,60.3729603729604,0,0,0,0,0,0,0,0,4.89510489510489,0,0,0,0,0,0,0,0,0,0,0,0,0,0,0,0,0.233100233100233,18.7
3,0,0,0,0,0,0,0,0,0,0,0,38,4,283519,6,12,0,0,12,0,12,0,0,12,0,0,0,0,0,0,10,0,0,10,0,10,0,0,10,0,0,0,0,0,0,48,2,58.5,0,0,0,0,0,0,0,0,0,0,0,0,0,0,209810,46150,0,0,7280,0,0,0,2970,0,2970,0,194110,0,194110,1162866.4,139700,22800,1325366.4,691874.295687038,201.3264,19698.71936,19900.04576,1397231.15007296,-306654.295687038,1875095.4,214010.04576,2089105.44576,-1703885.44576,385220,0,175.1,0,0,0,385220,0,0,0,0,0,0,0,0,0,0,0,0,0,0,0,0,25.6,0,0,11.2,30.8,0,67.6,8,0,0,0,0,0,0,0,2.7,28,0,0,0,0,5,0,0,0,22.3,0,0,0,0,0,0,0,0,0,0,0,0,0,0,0,0,1.6,9
3,0,0,0,0,0,0,0,0,0,0,0,38,4,283519,6,8.1,0,0,8.1,0,3,0,0,3,0,5.1,0,0,5.1,0,5.1,0,0,5.1,0,2,0,0,2,0,3.1,0,0,3.1,0,32.5714285714286,2,1400.98039215686,0,0,0,0,0,0,0,0,0,0,0,0,0,0,0,11823.5294117647,0,0,2058.82352941176,0,0,0,28343.137254902,0,28343.137254902,46588.2352941177,56941.1764705882,115196.078431373,172137.254901961,618456.470588235,0,0,618456.470588235,487528.803921569,6828.07215686275,7841.00141176471,14669.0735686275,690066.720627451,154039.823529412,990789.196078431,186806.328470588,1177595.52454902,-536026.897098039,641568.62745098,28.0392156862745,70,98.6274509803922,102.156862745098,126176.470588235,266000,167666.666666667,81725.4901960784,0,0,0,0,0,0,0,0,0,0,0,0,0,0,17.2549019607843,7.64705882352941,0,0,8.82352941176471,0,33.7254901960784,0,0,0,0,0,0,0,0,2.15686274509804,22.5490196078431,0,0,0,0,0,0,0.784313725490196,0,8.03921568627451,0,0,0,0,0,0,0,0,0,0,0,0,0,0,0,0,0.196078431372549,9
3,0,0,0,0,0,0,0,0,0,0,0,99,1,263414,6,1.2,0,0,1.2,0,1.2,0,0,1.2,0,0,0,0,0,0,1.2,0,0,1.2,0,1.2,0,0,1.2,0,0,0,0,0,0,12,2,333.333333333333,0,0,0,0,0,0,0,0,0,0,0,0,0,0,459166.666666667,313916.666666667,0,0,292916.666666667,0,0,0,449408.333333333,39833.3333333333,489241.666666667,953333.333333333,404333.333333333,0,404333.333333333,4571418.33333333,3369868.33333333,208333.333333333,8149620,6230263.14617531,193134.119555556,114637.421333333,307771.540888889,5403450.72804692,1580570.18715803,10921609,712104.874222222,11633713.8742222,-3822880.54088889,7810833.33333333,401.666666666667,734.166666666667,1166.66666666667,151.666666666667,1910833.33333333,2698166.66666667,3005833.33333333,196000,0,0,0,0,0,0,0,0,0,0,0,0,0,0,126.666666666667,134.166666666667,37.5,77.5,21.6666666666667,59.1666666666667,456.666666666667,0,0,0,0,0,0,10,0,59.1666666666667,246.666666666667,0,0,0,0,0,95.8333333333333,0,0,43.3333333333333,0,0,0,1.66666666666667,0,0,0,0,0,0,0,0,0,0,0,0,0,26.25
3,0,0,0,0,0,0,0,0,0,0,0,99,2,263414,6,4.9,0,0,4.9,0,0,0,0,0,0,4.9,0,0,4.9,0,2.34,0,0,2.34,0,0,0,0,0,0,2.34,0,0,2.34,0,8,2,435.897435897436,0,0,0,0,0,0,0,0,0,0,0,0,0,0,0,13717.9487179487,0,0,0,0,0,0,78525.641025641,6089.74358974359,84615.3846153846,59230.7692307692,0,267307.692307692,267307.692307692,1000455.12820513,563148.717948718,44444.4444444444,1608048.29059829,1267441.6568106,21731.2702564103,20109.9013675214,41841.1716239316,1070733.60028342,-188851.913220852,2029026.39316239,309148.863931624,2338175.25709402,-1259585.51350427,1078589.74358974,50.8547008547009,130.34188034188,232.051282051282,8.97435897435897,218675.213675214,338888.888888889,514743.58974359,6282.05128205128,0,0,0,0,0,0,0,0,0,0,0,0,0,0,17.5213675213675,34.6153846153846,38.4615384615385,0,9.82905982905983,0,100.42735042735,0,0,0,0,0,0,0,46.1538461538462,0,37.6068376068376,0,0,0,0,0,0,0,0,16.6666666666667,0,0,0,0,0,0,0,0,0,0,0,0,0,0,0,0,0,26.25
3,0,0,0,0,0,0,0,0,0,0,0,99,3,263414,5,4,0,0,4,0,0,0,0,0,0,4,0,0,4,0,4,0,0,4,0,0,0,0,0,0,4,0,0,4,0,23,2,315,0,0,0,0,0,0,0,0,0,0,0,0,0,0,114375,79950,14750,0,0,0,495000,0,93696.6666666667,43875,137571.666666667,41250,0,473750,473750,4668448.75,1120427.5,86750,5875626.25,2757278.48683027,63257.7867666667,81588.2955,144846.082266667,4883254.51210306,6988221.51316973,7021936.91666667,618596.082266667,7640532.99893333,2104967.00106667,9745500,600.75,1077.75,985.75,140.25,2943675,4018625,2620975,162225,0,0,0,0,0,0,0,0,0,0,0,0,0,0,68.25,69.75,38.75,27.25,107.75,0,311.75,0,0,0,0,0,0,1,0,23,164.75,0,0,0,0,0,63.5,0,0,52.75,0,0,0,2.75,0,0,0,0,0,0,0,0,0,0,0,0,4,17
3,0,0,0,0,0,0,0,0,0,0,0,99,4,263414,6,5,0,0,5,0,0,0,0,0,0,5,0,0,5,0,5,0,0,5,0,0,0,0,0,0,5,0,0,5,0,19.6,2,300,0,0,0,0,0,0,0,0,0,0,0,0,0,0,535160,111300,0,0,0,0,0,0,40866.6666666667,36480,77346.6666666667,10560,0,246360,246360,2123321.2,308598,18600,2450519.2,1555098.91070767,16353.6870933333,38402.54208,54756.2291733333,2194317.18513233,699681.089292331,3448299.86666667,301116.229173333,3749416.09584,-1494636.09584,2254780,91,275.6,395.6,29.2,405140,862640,957280,29720,0,0,0,0,0,0,0,0,0,0,0,0,0,0,55.8,58.8,1.8,1.8,15,8.6,141.8,0,0,0,0,0,0,7.6,0,8.4,73.2,0,0,0,0,0,36.6,0,0,15.8,0,0,0,0.2,0,0,0,0,0,0,0,0,0,0,0,0,0,12.875
3,0,0,0,0,0,0,0,0,0,0,11873000,34,4,289225,6,8.77,0,0.37,8.4,0,0.1,0,0.1,0,0,8.67,0,0.27,8.4,0,8.67,0,0.27,8.4,0,0.1,0,0.1,0,0,8.57,0,0.17,8.4,0,20.6,2,313.725490196078,1369434.83275663,0,1369434.83275663,0,0,0,0,0,0,0,0,0,0,1369434.83275663,109480.968858131,56678.2006920415,0,0,1349.48096885813,171130.334486736,0,58050.7497116494,97204.1522491349,10409.4579008074,107613.610149942,95155.7093425606,322.952710495963,327866.205305652,328189.158016148,542425.605536332,1411326.52825836,0,1953752.13379469,3997311.62053057,41267.9994925029,46126.4710957324,87394.4705882353,630143.028835063,-170598.817762399,4211871.02076124,415583.628604383,4627454.64936563,-800741.846597462,3826712.80276817,303.575547866205,368.742791234141,523.875432525952,314.878892733564,1275017.30103806,1143102.65282584,1100138.4083045,308454.440599769,0,0,0,0,0,0,0,0,0,0,0,0,1060.20761245675,1060.20761245675,13.0334486735871,14.0715109573241,43.0219146482122,8.30449826989619,4.84429065743945,21.2226066897347,104.498269896194,0,0,0,0,0,0,3.92156862745098,0,0,45.2133794694348,11.8800461361015,0,0,0,0,16.6089965397924,0,0,4.61361014994233,0,0,0,0.115340253748558,0,0,0,0,0,0,0,0,0,0,0,0,22.1453287197232,9.86666666666667
3,0,0,0,0,0,0,0,0,0,0,1385000,36,3,274120,6,3.64,0,0,3.64,0,3.64,0,0,3.64,0,0,0,0,0,0,3.29,0,0,3.29,0,3.29,0,0,3.29,0,0,0,0,0,0,26.25,2,152.58358662614,420972.6443769,0,420972.6443769,0,0,0,0,0,0,0,0,0,0,420972.6443769,0,19787.2340425532,0,0,18176.2917933131,0,0,5167.17325227964,69659.3211752786,4319.14893617021,73978.4701114488,55367.7811550152,68662.6139817629,0,68662.6139817629,1066845.59270517,21786.0182370821,0,1088631.61094225,889355.612968592,13329.0835997974,19253.9134346505,32582.9970344478,1168091.20372138,-272729.473150963,1956201.20567376,101245.611016211,2057446.81668997,-1440820.67687234,616626.139817629,13.0699088145897,289.36170212766,0,0,37902.73556231,578723.404255319,0,0,0,0,0,0,0,0,0,0,0,0,0,0,1158.35866261398,1158.35866261398,11.5501519756839,0,1.21580547112462,0,37.3860182370821,0,50.1519756838906,0,0,0,0,0,0,0,0,3.95136778115502,8.81458966565349,6.0790273556231,0,0,0,0,0,0,0,31.306990881459,0,0,0,0,0,0,0,0,0,0,0,0,0,0,0,0,0,10.9166666666667
3,0,0,0,0,0,0,0,0,0,0,1402000,38,4,283519,6,10,0,0,10,0,0,0,0,0,0,10,0,0,10,0,7,0,0,7,0,0,0,0,0,0,7,0,0,7,0,37,2,91.4285714285714,200285.714285714,0,200285.714285714,0,0,0,0,0,0,0,0,0,0,200285.714285714,0,29357.1428571429,0,0,8400,0,0,0,13105.7142857143,2035.71428571429,15141.4285714286,22628.5714285714,0,676800,676800,482028.285714286,146214.285714286,6428.57142857143,634671.142857143,1383842.29899546,5876.36708571429,10821.6536,16698.0206857143,503658.721690259,-704485.156138312,1194003,693498.020685714,1887501.02068571,-1208143.87782857,679357.142857143,11.8571428571429,86.4285714285714,185.857142857143,6.85714285714286,41500,259285.714285714,371714.285714286,6857.14285714286,0,0,0,0,0,0,0,0,0,0,0,0,544.428571428571,544.428571428571,0,9,4.85714285714286,0,15.8571428571429,2,31.7142857142857,2,0,0,0,0,0,0,0,1.42857142857143,1.71428571428571,7.28571428571429,0,0,0,2.85714285714286,0,0,0,15.8571428571429,0,0,0,0.428571428571429,0,0,0,0,0,0,0,0,0,0,0,0,0.142857142857143,9
3,0,0,0,0,0,0,0,0,0,0,1509000,34,2,289225,5,2,0,0,2,0,0,0,0,0,0,2,0,0,2,0,2,0,0,2,0,0,0,0,0,0,2,0,0,2,0,15.6666666666667,2,550,754500,0,754500,0,0,0,0,0,0,0,0,0,0,754500,107500,224250,0,42700,21100,0,0,0,741260,14250,755510,0,0,142150,142150,4241676,811800,0,5053476,3148735,30194.7812,76923.7224,107118.5036,4348794.5036,3227565,7248261,249268.5036,7497529.5036,-1121229.5036,6376300,856.5,171,550,905.5,3768600,547200,1155000,905500,0,0,0,0,0,0,0,0,0,0,0,0,953,953,113.5,80,45,0,48.5,0,287,30,0,0,0,0,0,13.5,0,0,209,5.5,0,0,0,0,0,0,0,29,0,0,0,0,0,0,0,0,0,0,0,0,0,0,0,0,0,22.95
3,0,0,0,0,0,0,0,0,0,0,1509000,34,2,289225,6,2.5,0,0,2.5,0,0.5,0,0,0.5,0,2,0,0,2,0,2.5,0,0,2.5,0,0.5,0,0,0.5,0,2,0,0,2,0,14.5,2,520,603600,0,603600,0,0,0,0,0,0,0,0,0,0,603600,30520,147880,0,0,22480,0,0,0,781590,11400,792990,198000,19360,113720,133080,2724614.4,0,0,2724614.4,2198415,103394.4984,43760.77056,147155.26896,2891129.66896,1947465,4809309.4,280235.26896,5089544.66896,-943664.66896,4145880,56.4,236.8,1395.6,209.2,248160,757760,2930760,209200,0,0,0,0,0,0,0,0,0,0,0,0,762.4,762.4,38,32,0,0,69.2,0,139.2,42.4,0,0,0,0,0,3.6,0,0,65.6,4.4,0,0,0,0,0,0,0,23.2,0,0,0,0,0,0,0,0,0,0,0,0,0,0,0,0,0,22.95
3,0,0,0,0,0,0,0,0,0,0,1583000,38,1,283519,6,2,0,0,2,0,2,0,0,2,0,0,0,0,0,0,1.8,0,0,1.8,0,1.8,0,0,1.8,0,0,0,0,0,0,28,2,100,879444.444444444,0,879444.444444444,0,0,0,0,0,0,0,0,0,0,879444.444444444,0,86333.3333333333,0,0,14333.3333333333,0,0,0,123750,3518.51851851852,127268.518518519,0,161777.777777778,0,161777.777777778,4050811.11111111,0,0,4050811.11111111,1390898.62962963,14353.2640740741,62383.4355555556,76736.6996296296,4289325.58851852,1820268.03703704,5441709.74074074,238514.477407407,5680224.21814815,-2469057.55148148,3211166.66666667,102.777777777778,580,688.888888888889,99.4444444444444,431666.666666667,1450000,1240000,89500,0,0,0,0,0,0,0,0,0,0,0,0,2117.22222222222,2117.22222222222,95.5555555555556,72.2222222222222,0,0,58.8888888888889,0,226.666666666667,0,0,0,0,0,0,0,0,0,128.888888888889,28.3333333333333,0,0,0,0,20,0,0,49.4444444444444,0,0,0,0,0,0,0,0,0,0,0,0,0,0,0,0,0,22.92
3,0,0,0,0,0,0,0,0,0,0,1583000,38,3,283519,6,3.9,0,0,3.9,0,0,0,0,0,0,3.9,0,0,3.9,0,3.85,0,0,3.85,0,0,0,0,0,0,3.85,0,0,3.85,0,40,2,129.87012987013,411168.831168831,0,411168.831168831,0,0,0,0,0,0,0,0,0,0,411168.831168831,0,20727.2727272727,0,0,3662.33766233766,0,0,0,58727.2727272727,4112.55411255411,62839.8268398268,31714.2857142857,0,135376.623376623,135376.623376623,1872068.57142857,0,0,1872068.57142857,949008.177489178,10759.6786147186,28614.574961039,39374.2535757576,1911442.82500433,189719.095238095,2685700.12554113,174750.876952381,2860451.00249351,-1721723.72976623,1138727.27272727,90.3896103896104,238.181818181818,87.012987012987,7.79220779220779,379636.363636364,595454.545454546,156623.376623377,7012.98701298701,0,0,0,0,0,0,0,0,0,0,0,0,989.87012987013,989.87012987013,61.2987012987013,33.7662337662338,0,0,14.5454545454545,0,109.61038961039,0,0,0,0,0,0,0,0,0,71.1688311688312,18.1818181818182,0,0,0,0,12.2077922077922,0,0,8.05194805194805,0,0,0,0,0,0,0,0,0,0,0,0,0,0,0,0,0,18.7
3,0,0,0,0,0,0,0,0,0,0,1844000,99,3,263414,6,3.7,0,0,3.7,0,0,0,0,0,0,3.7,0,0,3.7,0,3.33,0,0,3.33,0,0,0,0,0,0,3.33,0,0,3.33,0,13.3333333333333,2,280.780780780781,553753.753753754,0,553753.753753754,0,0,0,0,0,0,0,0,0,0,553753.753753754,0,46966.966966967,0,0,10210.2102102102,0,0,534174.174174174,69175.6756756757,8093.09309309309,77268.7687687688,98900.9009009009,0,142282.282282282,142282.282282282,1432983.78378378,0,0,1432983.78378378,1726971.05705706,24947.7449449449,32027.286006006,56975.0309509509,1489958.81473473,2233959.87387387,3017672.55855856,199257.313233233,3216929.87179179,744001.059139139,3960930.93093093,866.366366366366,493.693693693694,24.024024024024,0,2826426.42642643,1096216.21621622,38288.2882882882,0,0,0,0,0,0,0,0,0,0,0,0,0,1373.57357357357,1373.57357357357,39.039039039039,24.6246246246246,0,0,17.4174174174174,0,81.0810810810811,0,0,0,0,0,0,0,0,1.5015015015015,54.3543543543544,6.90690690690691,0,0,0,0,0,0,0,17.4174174174174,0,0,0,0.900900900900901,0,0,0,0,0,0,0,0,0,0,0,0,0,17
3,0,0,0,0,0,0,0,0,0,0,2770000,34,4,289225,5,5.42,0,0,5.42,0,4.92,0,0,4.92,0,0.5,0,0,0.5,0,5.42,0,0,5.42,0,4.92,0,0,4.92,0,0.5,0,0,0.5,0,26.3333333333333,2,212.177121771218,511070.110701107,0,511070.110701107,0,0,0,0,0,0,0,0,0,0,511070.110701107,559870.848708487,280904.05904059,535.055350553505,15756.4575645756,0,0,0,0,112559.040590406,13145.7564575646,125704.79704797,110649.446494465,53745.3874538745,69926.1992619926,123671.586715867,1669603.50553506,1211123.24723247,152029.520295203,3032756.27306273,3238681.90010776,22830.3698154982,54701.9342435424,77532.3040590406,1888994.03863762,4699399.28070405,4926472.04797048,201203.890774908,5127675.93874539,2810405.24206642,7938081.18081181,72.8782287822878,1450.36900369004,1248.52398523985,642.435424354244,306088.560885609,4496143.91143911,2621900.36900369,513948.339483395,0,0,0,0,0,0,0,0,0,0,0,0,984.50184501845,984.50184501845,41.1439114391144,35.6088560885609,45.5719557195572,29.8892988929889,19.0036900369004,0,171.217712177122,0,0,0,0,0,0,9.77859778597786,0,0,123.431734317343,15.6826568265683,0,0,0,0,0,13.09963099631,0,9.22509225092251,0,0,0,0,0,0,0,0,0,0,0,0,0,0,0,0,0,9.86666666666667
3,0,0,0,0,0,0,0,0,0,0,2770000,99,3,263414,5,3,0,0,3,0,3,0,0,3,0,0,0,0,0,0,3,0,0,3,0,3,0,0,3,0,0,0,0,0,0,27,2,310,923333.333333333,0,923333.333333333,0,0,0,0,0,0,0,0,0,0,923333.333333333,214133.333333333,181866.666666667,0,0,117166.666666667,0,0,0,104331.111111111,94583.3333333333,198914.444444444,52800,388200,0,388200,4864443.33333333,188666.666666667,34666.6666666667,5087776.66666667,2141589.45151622,114413.823844444,80901.0306666667,195314.854511111,5481330.514106,7382310.54848378,7039405.11111111,583514.854511111,7622919.96562222,1900980.03437778,9523900,536.333333333333,1127,1239.33333333333,196.666666666667,2526700,4087133.33333333,2713066.66666667,197000,0,0,0,0,0,0,0,0,0,0,0,0,2668,2668,167.666666666667,53.6666666666667,0,13,49,0,283.333333333333,0,0,0,0,0,0,11.3333333333333,0,12,185.666666666667,13.6666666666667,0,0,0,0,34.3333333333333,0,0,23.6666666666667,0,0,0,2.66666666666667,0,0,0,0,0,0,0,0,0,0,0,0,0,17
3,0,0,0,0,0,0,0,0,0,0,28000,34,1,289225,6,1,0,0,1,0,0,0,0,0,0,1,0,0,1,0,1,0,0,1,0,0,0,0,0,0,1,0,0,1,0,3,2,500,28000,0,28000,0,0,0,0,0,0,0,0,0,0,28000,425000,115500,283200,42700,44500,1425600,0,30300,247013.333333333,0,247013.333333333,330000,0,236900,236900,8917972,4413570,296000,13627542,8009502.7528836,88515.7342666667,198677.0408,287192.775066667,9403170.3555164,-3254802.7528836,16888580.3333333,524092.775066667,17412673.1084,-12657973.1084,4754700,403,548,541,363,1579200,1698800,1136100,340600,0,0,0,0,0,0,0,0,0,0,0,0,762,762,112,103,30,0,238,159,642,0,0,0,0,0,0,64,0,0,164,11,0,0,0,70,140,0,0,170,0,0,0,0,0,0,0,0,0,0,0,0,0,0,0,0,23,26.2758620689655
3,0,0,0,0,0,0,0,0,0,0,3644000,99,3,263414,6,3.5,0,0,3.5,0,3.5,0,0,3.5,0,0,0,0,0,0,3.5,0,0,3.5,0,3.5,0,0,3.5,0,0,0,0,0,0,28,2,234.285714285714,1041142.85714286,0,1041142.85714286,0,0,0,0,0,0,0,0,0,0,1041142.85714286,314342.857142857,108742.857142857,0,0,0,0,1697142.85714286,0,15708.5714285714,33357.1428571429,49065.7142857143,11314.2857142857,360485.714285714,0,360485.714285714,670343.142857143,2555714.28571429,387714.285714286,3613771.71428571,6348030.76807656,33300.1279619048,84011.7749714286,117311.902933333,1228703.99199963,1159683.51763772,7098937.14285714,477797.617219048,7576734.76007619,-69020.4743619049,7507714.28571429,93.1428571428571,846.571428571429,732.571428571429,86.8571428571429,568171.428571429,4063542.85714286,2710514.28571429,165485.714285714,0,0,0,0,0,0,0,0,0,0,0,0,2831.42857142857,2831.42857142857,0,48,46.8571428571429,101.142857142857,0,2.57142857142857,198.571428571429,0,0,0,0,0,0,3.14285714285714,0,21.1428571428571,161.142857142857,11.1428571428571,0,0,0,0,0,0,0,0,0,0,0,2,0,0,0,0,0,0,0,0,0,0,0,0,0,17
3,0,0,0,0,0,0,0,0,0,0,3925000,34,3,289225,5,5.46,0,0,5.46,0,5.46,0,0,5.46,0,0,0,0,0,0,4.96,0,0,4.96,0,4.96,0,0,4.96,0,0,0,0,0,0,23.4444444444444,2,204.233870967742,791330.64516129,0,791330.64516129,0,0,0,0,0,0,0,0,0,0,791330.64516129,83205.6451612903,8810.48387096774,2358.87096774194,0,4254.03225806452,0,0,12197.5806451613,94932.4596774194,58991.935483871,153924.39516129,66438.1720430108,390423.387096774,0,390423.387096774,1608741.93548387,344281.048387097,12500,1965522.98387097,1758229.38746009,70610.4158333333,35559.235,106169.650833333,2115631.4596098,3746891.58028184,3377267.80913979,496593.037930108,3873860.84706989,1631260.12067204,5505120.96774194,0,747.177419354839,1091.53225806452,0,0,3212903.22580645,2292217.74193548,0,0,0,0,0,0,0,0,0,0,0,0,0,1075.8064516129,1075.8064516129,31.25,49.7983870967742,10.6854838709677,12.2983870967742,15.9274193548387,0,119.959677419355,0,0,0,0,0,0,3.42741935483871,0.403225806451613,0,59.2741935483871,4.23387096774194,0,0,0,7.86290322580645,0,0.604838709677419,0,14.1129032258065,0,0,0,0,0,0,0,0,0,0,0,0,0,0,0,0,30.0403225806452,15.1666666666667
3,0,0,0,0,0,0,0,0,0,0,4735000,34,4,289225,6,9.1,0,0,9.1,0,9.1,0,0,9.1,0,0,0,0,0,0,9.1,0,0,9.1,0,9.1,0,0,9.1,0,0,0,0,0,0,11,2,463.186813186813,520329.67032967,0,520329.67032967,0,0,0,0,0,0,0,0,0,0,520329.67032967,38109.8901098901,207120.879120879,61252.7472527473,70417.5824175824,36417.5824175824,113472.527472527,0,0,227736.263736264,26813.1868131868,254549.450549451,214391.208791209,359307.692307692,0,359307.692307692,2729976.81318681,927246.153846154,98131.8681318681,3755354.83516484,2757412.88094132,51995.6309450549,59647.8276483516,111643.458593407,3274179.64358615,135136.569608132,5560641.37362637,470951.150901099,6031592.52452747,-3139043.07397802,2892549.45054945,0,500.32967032967,619.56043956044,0,0,1901252.74725275,991296.703296703,0,0,0,0,0,0,0,0,0,0,0,0,0,1172.74725274725,1172.74725274725,42.6373626373626,51.3186813186813,7.47252747252747,20.6593406593407,55.9340659340659,15.4945054945055,193.516483516484,0,0,0,0,0,0,0,0,0,55.7142857142857,24.6153846153846,0,0,0,15.2747252747253,47.032967032967,0,0,50.8791208791209,0,0,0,0,0,0,0,0,0,0,0,0,0,0,0,0,0,9.86666666666667
3,0,0,0,0,0,0,0,0,0,0,6596000,34,4,289225,5,9,0,0,9,0,9,0,0,9,0,0,0,0,0,0,9,0,0,9,0,9,0,0,9,0,0,0,0,0,0,18.6666666666667,2,422.222222222222,732888.888888889,0,732888.888888889,0,0,0,0,0,0,0,0,0,0,732888.888888889,65033.3333333333,24522.2222222222,544.444444444444,0,21477.7777777778,440900,0,62155.5555555556,172218.518518519,6333.33333333333,178551.851851852,80666.6666666667,291166.666666667,0,291166.666666667,1456932.11111111,1110777.77777778,64000,2631709.88888889,3034429.58152953,30409.3076296296,49342.4781777778,79751.7858074074,1864164.50057417,6146125.97402602,4527675.62962963,370918.452474074,4898594.0821037,4281961.47345185,9180555.55555556,175.777777777778,1123.11111111111,1709.77777777778,0,931622.222222222,4829377.77777778,3419555.55555556,0,0,0,0,0,0,0,0,0,0,0,0,0,871.888888888889,871.888888888889,51.7777777777778,20.6666666666667,40.4444444444444,6.66666666666667,11.5555555555556,30.5555555555556,161.666666666667,0,0,0,0,0,0,1.33333333333333,0,3.22222222222222,48.4444444444444,6.66666666666667,0,0,0,19.1111111111111,23,7.55555555555556,0,26,0,0,0,0.222222222222222,0,0,0,0,0,0,0,0,0,0,0,0,26.1111111111111,9.86666666666667
3,0,0,0,0,0,0,0,0,1400000,0,2803000,38,1,283519,5,2,0,0,2,0,2,0,0,2,0,0,0,0,0,0,1,0,0,1,0,1,0,0,1,0,0,0,0,0,0,28,2,170,4203000,0,4203000,0,0,0,0,0,0,0,0,1400000,0,2803000,0,206400,0,0,28100,0,0,5800,113040,11875,124915,122100,679400,0,679400,12601598,778624,0,13380222,5752458,41043.7334,221011.6728,262055.4062,13543053.4062,9616042,18354056,941455.4062,19295511.4062,-3927011.4062,15368500,548,3169,2513,690,2301600,7922500,4523400,621000,0,0,0,0,0,0,0,0,0,0,8496,0,7623,16119,440,139,0,56,136,0,771,0,0,0,0,0,0,0,0,0,341,206,0,0,0,0,152,0,0,72,0,0,0,0,0,0,0,0,0,0,0,0,0,0,0,0,0,22.92
3,0,0,0,0,0,0,120000,0,0,0,0,36,2,274120,6,2.98,0,0,2.98,0,2.98,0,0,2.98,0,0,0,0,0,0,2.48,0,0,2.48,0,2.48,0,0,2.48,0,0,0,0,0,0,19.5,2,395.161290322581,48387.0967741936,0,48387.0967741936,0,0,0,0,0,0,48387.0967741936,0,0,0,0,0,157016.129032258,9516.12903225807,0,20040.3225806452,0,0,23225.8064516129,40857.5268817204,69590.0537634409,110447.580645161,0,97862.9032258065,0,97862.9032258065,2639529.03225806,0,0,2639529.03225806,642753.064516129,48806.3866666667,35931.66,84738.0466666667,2822129.98215054,554545.322580645,3282282.09677419,182600.949892473,3464883.04666667,-2267584.65956989,1197298.38709677,79.4354838709678,254.435483870968,179.032258064516,105.241935483871,254193.548387097,572459.677419355,286451.612903226,84193.5483870968,0,0,0,0,0,0,0,0,645.967741935484,0,0,0,0,645.967741935484,52.8225806451613,14.9193548387097,0,0,66.1290322580645,0,133.870967741936,0,0,0,0,0,0,0,0,4.83870967741936,24.5967741935484,13.7096774193548,0,0,0,13.3064516129032,0,8.46774193548387,0,59.6774193548387,0,0,0,2.82258064516129,0,0,0,0,0,0,0,0,0,0,0,0,6.45161290322581,12.1428571428571
3,0,0,0,0,0,0,132000,0,0,0,0,36,3,274120,6,6.53,0,0,6.53,0,6.53,0,0,6.53,0,0,0,0,0,0,3.73,0,0,3.73,0,3.73,0,0,3.73,0,0,0,0,0,0,12,2,116.621983914209,35388.7399463807,0,35388.7399463807,0,0,0,0,0,0,35388.7399463807,0,0,0,0,0,15790.8847184987,0,0,0,0,0,0,83012.0643431636,7640.75067024129,90652.8150134048,95549.5978552279,109249.329758713,0,109249.329758713,798834.584450402,0,0,798834.584450402,511502.037533512,20532.3687935657,10540.1761930295,31072.5449865952,939156.459195711,-17105.254691689,1310336.62198391,140321.874745308,1450658.49672922,-956261.7138874,494396.782841823,73.9946380697051,84.4504021447721,0,0,266380.697050938,228016.085790885,0,0,0,0,0,0,0,0,0,0,257.640750670241,0,0,0,0,257.640750670241,16.6219839142091,12.3324396782842,0,0,14.745308310992,0,43.6997319034853,2.14477211796247,0,0,0,0,0,0,0,0,21.9839142091153,4.28954423592493,0,0,0,0,0,0,0,14.745308310992,0,0,0,0,0.536193029490617,0,0,0,0,0,0,0,0,0,0,0,0,10.9166666666667
3,0,0,0,0,0,0,168000,0,0,0,0,36,3,274120,6,3.09,0,0,3.09,0,3.09,0,0,3.09,0,0,0,0,0,0,3,0,0,3,0,3,0,0,3,0,0,0,0,0,0,14.9,2,367.666666666667,56000,0,56000,0,0,0,0,0,0,56000,0,0,0,0,0,80900,3933.33333333333,0,4700,0,0,90000,77444.4444444444,88138.8888888889,165583.333333333,148720,72966.6666666667,0,72966.6666666667,461573.333333333,0,0,461573.333333333,823956.666666667,110902.965688889,8644.12266666666,119547.088355556,654087.088355555,-732956.666666667,1285530,192513.755022222,1478043.75502222,-1387043.75502222,91000,0,35,0,0,0,91000,0,0,0,0,0,0,0,0,0,0,747.333333333333,0,0,0,0,747.333333333333,0,22.3333333333333,0,0,7.33333333333333,0,29.6666666666667,0,0,0,0,0,0,0,2.33333333333333,0.333333333333333,2.33333333333333,5,0,0,0,0,0,2.66666666666667,0,15.3333333333333,0,0,0,0.333333333333333,0,0,0,0,0,0,0,0,0,0,0,0,1.33333333333333,10.9166666666667
3,0,0,0,0,0,0,1986000,0,0,0,0,36,4,274120,6,13.67,0,0,13.67,0,13.67,0,0,13.67,0,0,0,0,0,0,13.57,0,0,13.57,0,13.57,0,0,13.57,0,0,0,0,0,0,12.0769230769231,2,252.026529108327,146352.247605011,0,146352.247605011,0,0,0,0,0,0,146352.247605011,0,0,0,0,0,16558.5851142226,0,0,0,0,0,0,38712.3556865635,29771.5549005158,68483.9105870794,13307.5411446819,118047.162859248,0,118047.162859248,870129.034635225,149203.537214444,0,1019332.57184967,668025.821665439,29208.1887300418,14659.8182166544,43868.0069466961,1032044.20444117,1271450.96536478,1538154.85630066,161915.169805944,1700070.02610661,239406.760923606,1939476.78703021,166.470154753132,165.585851142226,170.817980840088,0,882291.820191599,687811.348563007,369373.618275608,0,0,0,0,0,0,0,0,0,1062.19602063375,0,0,0,0,1062.19602063375,25.4237288135593,20.4863669859985,2.50552689756817,7.14812085482682,5.96904937361828,0.147383935151069,61.6801768607222,0,0,0,0,0,0.147383935151069,0,0,4.34782608695652,44.5099484156227,6.33750921149595,0,0,0,0,0,0,0,5.96904937361828,0,0,0,0,0.368459837877671,0,0,0,0,0,0,0,0,0,0,0,0,10.9166666666667
3,0,0,0,0,0,0,250000,0,0,0,0,36,2,274120,6,2.5,0,0,2.5,0,2.5,0,0,2.5,0,0,0,0,0,0,2.5,0,0,2.5,0,2.5,0,0,2.5,0,0,0,0,0,0,25,2,258,100000,0,100000,0,0,0,0,0,0,100000,0,0,0,0,0,64160,4720,0,8000,0,39600,108000,19008,0,19008,0,56160,0,56160,2096310.4,0,0,2096310.4,617608,471.3984,30017.80096,30489.19936,2182959.59936,1650632,2713918.4,86649.19936,2800567.59936,-532327.59936,2268240,197.2,504.4,168.8,69.6,631040,1311440,270080,55680,0,0,0,0,0,0,0,0,1153.2,0,0,0,0,1153.2,56.4,0,0,0,48.4,0,104.8,0,0,0,0,0,0,0,0,2.8,19.6,13.6,0,0,0,24.4,0,0,0,40,0,0,0,1.2,0,0,0,0,0,0,0,0,0,0,0,0,3.2,12.1428571428571
3,0,0,0,0,0,0,371000,0,0,0,430000,36,1,274120,6,1.23,0,0,1.23,0,0,0,0,0,0,1.23,0,0,1.23,0,1.01,0,0,1.01,0,0,0,0,0,0,1.01,0,0,1.01,0,20.75,2,384.158415841584,793069.306930693,0,793069.306930693,0,0,0,0,0,0,367326.732673267,0,0,0,425742.574257426,0,31881.1881188119,26138.6138613861,0,19207.9207920792,345643.564356436,0,57029.702970297,194067.656765677,10346.5346534653,204414.191419142,225445.544554455,0,469009.900990099,469009.900990099,3990487.12871287,99009.900990099,0,4089497.02970297,2544969.8349835,49700.1821782178,66494.5948514851,116194.777029703,4106681.90574257,805129.174917491,6066447.06270627,585204.678019802,6651651.74072607,-3301552.73082508,3350099.00990099,0,1754.45544554455,0,0,0,3350099.00990099,0,0,0,0,0,0,0,0,0,0,2219.80198019802,0,0,0,1131.68316831683,3351.48514851485,125.742574257426,90.0990099009901,0,0,24.7524752475248,3.96039603960396,244.554455445545,0,0,0,0,0,0,0,0,7.92079207920792,115.841584158416,34.6534653465347,0,0,0,7.92079207920792,0,57.4257425742574,0,20.7920792079208,0,0,0,0,0,0,0,0,0,0,0,0,0,0,0,0,0,26.8666666666667
3,0,0,0,0,0,0,378000,0,0,0,0,34,1,289225,6,2,0,0,2,0,2,0,0,2,0,0,0,0,0,0,1.5,0,0,1.5,0,1.5,0,0,1.5,0,0,0,0,0,0,31,2,333.333333333333,252000,0,252000,0,0,0,0,0,0,252000,0,0,0,0,74000,26266.6666666667,0,0,0,0,0,20733.3333333333,183466.666666667,20266.6666666667,203733.333333333,158400,291200,0,291200,2588576,0,0,2588576,1024358.33333333,68221.8653333333,36723.5424,104945.407733333,2984721.40773333,1851375,3612934.33333333,396145.407733333,4009079.74106667,-1133346.40773333,2875733.33333333,0,898.666666666667,0,0,0,2875733.33333333,0,0,0,0,0,0,0,0,0,0,3203.33333333333,0,0,0,0,3203.33333333333,90,43.3333333333333,0,0,18.6666666666667,0,152,0,0,0,0,0,0,8,0,6.66666666666667,78,10.6666666666667,0,0,0,7.33333333333333,35.3333333333333,0,0,5.33333333333333,0,0,0,0.666666666666667,0,0,0,0,0,0,0,0,0,0,0,0,0,26.2758620689655
3,0,0,0,0,0,0,530000,7072000,1820000,0,0,34,3,289225,6,4.75,0,0,4.75,0,4.75,0,0,4.75,0,0,0,0,0,0,4.75,0,0,4.75,0,4.75,0,0,4.75,0,0,0,0,0,0,24,2,230.526315789474,1983578.94736842,0,1983578.94736842,0,0,0,0,0,0,111578.947368421,1488842.10526316,383157.894736842,0,0,62063.1578947368,8189.47368421053,610.526315789474,0,6484.21052631579,78421.0526315789,0,19705.2631578947,25635.7894736842,0,25635.7894736842,93375.4385964912,190231.578947368,0,190231.578947368,2106770.10526316,834736.842105263,26105.2631578947,2967612.21052632,3409433.81783932,11555.7740631579,63570.6440421053,75126.4181052632,2390825.24938875,-77749.6073130048,5534901.07017544,265357.997052632,5800259.06722807,-2468574.85670175,3331684.21052632,0,1074.73684210526,0,0,0,3331684.21052632,0,0,0,0,0,0,0,0,0,0,202.315789473684,12207.1578947368,1132.84210526316,0,0,13542.3157894737,67.7894736842105,54.3157894736842,25.2631578947368,5.89473684210526,6.73684210526316,6.10526315789474,166.105263157895,0,0,0,0,0,0,3.36842105263158,0,0,74.9473684210526,25.0526315789474,0,0,0,0,52.2105263157895,1.05263157894737,0,9.47368421052632,0,0,0,0,0,0,0,0,0,0,0,0,0,0,0,0,0,15.1666666666667
3,0,0,0,0,0,0,555000,0,0,0,0,34,4,289225,6,5,0,0,5,0,5,0,0,5,0,0,0,0,0,0,5,0,0,5,0,5,0,0,5,0,0,0,0,0,0,18,2,300,111000,0,111000,0,0,0,0,0,0,111000,0,0,0,0,82920,258320,0,15400,5160,0,0,97420,44486,63135,107621,126720,129080,0,129080,3571387.2,646053.2,216200,4433640.4,1772958.03241788,63166.8755466667,62047.86896,125214.744506667,4008763.11208879,1699101.96758212,5527426.4,254294.744506667,5781721.14450667,-2309661.14450667,3472060,94.8,488.6,676.8,390,379200,1416940,1285920,390000,0,0,0,0,0,0,0,0,320.4,0,0,0,0,320.4,62.8,38.4,13.4,27.4,84,0,226,50.8,0,0,0,0,0,19.2,0,0,95.2,6.8,0,0,0,0,0,0,0,41.2,0,0,0,0,0,0,0,0,0,0,0,0,0,0,0,0,12.8,9.86666666666667
3,0,0,0,0,0,1203000,0,0,0,0,0,34,3,289225,5,3,0,0,3,0,2,0,0,2,0,1,0,0,1,0,3,0,0,3,0,2,0,0,2,0,1,0,0,1,0,31.5,2,346.666666666667,401000,401000,0,0,0,0,0,0,401000,0,0,0,0,0,0,41333.3333333333,4700,0,10300,19400,257400,54066.6666666667,84363.8888888889,47500,131863.888888889,253000,215133.333333333,104233.333333333,319366.666666667,1308597.33333333,1460333.33333333,192333.333333333,2961264,3128292.10691417,97763.2188888889,46493.3536,144256.572488889,1758884.02113027,3069074.5597525,4423552.88888889,463623.239155556,4887176.12804444,1310190.53862222,6197366.66666667,216,797.333333333333,1015,655.333333333333,938800,2471733.33333333,2131500,655333.333333333,0,0,0,0,0,0,636.666666666667,636.666666666667,0,0,0,0,0,0,39.6666666666667,37.3333333333333,19.6666666666667,57.3333333333333,3.33333333333333,16.3333333333333,173.666666666667,0,0,0,0,0,0,0,0,0,100,3.66666666666667,0,0,0,0,17.6666666666667,0,0,9,0,0,0,0.333333333333333,0,0,0,0,0,0,0,0,0,0,0,0,43,15.1666666666667
3,0,0,0,0,0,244000,0,0,0,0,0,99,1,263414,6,1.78,0,0.28,1.5,0,0.48,0,0.28,0.2,0,1.3,0,0,1.3,0,1.78,0,0.28,1.5,0,0.48,0,0.28,0.2,0,1.3,0,0,1.3,0,4.9,2,424.157303370786,137078.651685393,137078.651685393,0,0,0,0,0,0,137078.651685393,0,0,0,0,0,7808.98876404494,128258.426966292,0,0,2977.52808988764,0,0,430112.359550562,133958.801498127,76685.3932584269,210644.194756554,72303.3707865168,60000,319438.202247191,379438.202247191,1994307.86516854,765080.898876404,0,2759388.76404494,2337116.62172285,84344.6310674157,42973.7465168539,127318.37758427,2181626.24275281,-27678.4194756555,4011986.28464419,506756.579831461,4518742.86447565,-2209304.66222846,2309438.20224719,185.393258426966,457.303370786517,95.5056179775281,5.0561797752809,846629.213483146,1263483.14606742,193988.764044944,5337.07865168539,0,0,0,0,0,0,306.741573033708,306.741573033708,0,0,0,0,0,0,66.8539325842697,8.42696629213483,42.6966292134831,0,32.0224719101124,0,150,33.1460674157303,0,0,0,0,0,0,0,10.6741573033708,61.2359550561798,5.61797752808989,0,0,0,8.98876404494382,0,0,0,29.7752808988764,0,0,0,0.561797752808989,0,0,0,0,0,0,0,0,0,0,0,0,0,26.25
3,0,0,0,0,0,4436000,4162000,0,0,0,0,34,3,289225,6,4.5,0,0,4.5,0,0,0,0,0,0,4.5,0,0,4.5,0,4.5,0,0,4.5,0,0,0,0,0,0,4.5,0,0,4.5,0,20,2,161.111111111111,1910666.66666667,985777.777777778,924888.888888889,0,0,0,0,0,985777.777777778,924888.888888889,0,0,0,0,77066.6666666667,28933.3333333333,165844.444444444,0,13000,0,0,195733.333333333,231642.962962963,5277.77777777778,236920.740740741,183333.333333333,0,631666.666666667,631666.666666667,1208346.88888889,5481120,265555.555555556,6955022.44444444,9431097.30996553,56045.8809777778,115893.709422222,171939.5904,1428254.9100641,-125363.976632198,10055745.962963,803606.257066667,10859352.2200296,-1553618.8866963,9305733.33333333,688.888888888889,1010.88888888889,1199.33333333333,792.222222222222,2893333.33333333,3133755.55555556,2518600,760044.444444444,0,0,0,0,0,0,1515.55555555556,1515.55555555556,7118.22222222222,0,0,0,0,7118.22222222222,35.3333333333333,26,247.777777777778,21.7777777777778,9.11111111111111,30.8888888888889,370.888888888889,0,0,0,0,0,0,0,0,0,105.777777777778,76.6666666666667,0,0,0,24.2222222222222,117.777777777778,0,0,20.8888888888889,0,0,0,0,0,0,0,0,0,0,0,0,0,0,0,0,25.5555555555556,15.1666666666667
3,0,0,0,0,101000,0,0,0,0,0,0,34,2,289225,6,2.7,0,0,2.7,0,0,0,0,0,0,2.7,0,0,2.7,0,2.7,0,0,2.7,0,0,0,0,0,0,2.7,0,0,2.7,0,21.25,2,359.259259259259,37407.4074074074,37407.4074074074,0,0,0,0,0,37407.4074074074,0,0,0,0,0,0,0,0,0,0,0,0,0,0,62953.7037037037,13194.4444444444,76148.1481481481,95333.3333333333,0,315851.851851852,315851.851851852,1065121.11111111,0,0,1065121.11111111,813965.740740741,26413.1940740741,13671.3536296296,40084.5477037037,1105205.65881481,224775,1563235,355936.399555556,1919171.39955556,-880430.658814815,1038740.74074074,0,280.740740740741,0,0,0,1038740.74074074,0,0,0,0,0,0,0,2816.2962962963,0,2816.2962962963,0,0,0,0,0,0,35.1851851851852,31.4814814814815,0,0,0,0,66.6666666666667,0,0,0,0,0,0,0,0,0,60.7407407407407,5.92592592592593,0,0,0,0,0,0,0,0,0,0,0,0,0,0,0,0,0,0,0,0,0,0,0,0,0,22.95
3,0,0,0,0,4231000,0,0,0,0,0,0,34,4,289225,6,11.5,0,0,11.5,0,11.5,0,0,11.5,0,0,0,0,0,0,11.5,0,0,11.5,0,11.5,0,0,11.5,0,0,0,0,0,0,27.3333333333333,2,504.347826086957,367913.043478261,367913.043478261,0,0,0,0,0,367913.043478261,0,0,0,0,0,0,65973.9130434783,27217.3913043478,0,0,0,0,0,0,20373.9130434783,1652.17391304348,22026.0869565217,20660.8695652174,324939.130434783,0,324939.130434783,2081643.73913043,0,0,2081643.73913043,793016.304347826,5171.88724637681,31530.0762782609,36701.9635246377,2443284.83308986,1433627.17391304,2874660.04347826,361641.09395942,3236301.13743768,-1009657.65917681,2226643.47826087,0,695.826086956522,0,0,0,2226643.47826087,0,0,0,0,0,0,0,396.695652173913,0,396.695652173913,0,0,0,0,0,0,54.2608695652174,19.5652173913043,0,0,38.6086956521739,0,112.434782608696,0,0,0,0,0,0,2.60869565217391,0,0.869565217391304,14.2608695652174,9.47826086956522,0,0,0,8.78260869565217,38.695652173913,18.695652173913,0,11.6521739130435,0,0,0,0,0,0,0,0,0,0,0,0,0,0,0,0,7.39130434782609,9.86666666666667
3,0,0,0,1017000,0,0,0,0,0,0,0,34,4,289225,6,5,0,0,5,0,0,0,0,0,0,5,0,0,5,0,5,0,0,5,0,0,0,0,0,0,5,0,0,5,0,22.6666666666667,2,360,203400,203400,0,0,0,0,203400,0,0,0,0,0,0,0,14560,12620,94380,0,0,872800,0,291820,45536.6666666667,0,45536.6666666667,184800,0,303220,303220,1213126.4,44954,14600,1272680.4,2357837.35701332,22504.14,34252.02896,56756.16896,1283960.87861334,-530077.357013325,3281822.06666667,359976.16896,3641798.23562667,-1814038.23562667,1827760,0,589.6,0,0,0,1827760,0,0,0,0,0,0,448.2,0,0,448.2,0,0,0,0,0,0,29.6,0,1.4,1.4,30,0,62.4,0,0,0,0,0,0,3.6,1,0.8,14,2.8,0,0,0,23.2,11.4,0,0,5.4,0,0,0,0.2,0,0,0,0,0,0,0,0,0,0,0,0,0,9.86666666666667
3,0,0,0,1289000,0,0,0,0,0,0,0,34,2,289225,5,2.5,0,0.5,2,0,2.5,0,0.5,2,0,0,0,0,0,0,2.5,0,0.5,2,0,2.5,0,0.5,2,0,0,0,0,0,0,27,2,380,515600,515600,0,0,0,0,515600,0,0,0,0,0,0,0,196320,40760,0,0,0,0,0,9200,57693.3333333333,10260,67953.3333333333,158000,129040,0,129040,2946599.6,247687.2,4800,3199086.8,1525117.72864153,19616.0766666667,49115.98832,68732.0649866667,3148799.46967847,3074802.27135847,4476145.13333333,197772.064986667,4673917.19832,-73997.1983200004,4599920,0,1769.2,0,0,0,4599920,0,0,0,0,0,0,896.4,0,0,896.4,0,0,0,0,0,0,96,53.2,13.2,0,25.2,0,187.6,0,0,0,0,0,0,0,0,0,83.6,10.8,0,0,0,0,68.8,0,0,24,0,0,0,0,0,0,0,0,0,0,0,0,0,0,0,0,0.4,22.95
3,0,0,0,129000,0,0,0,0,0,0,0,34,1,289225,6,1,0,0,1,0,0,0,0,0,0,1,0,0,1,0,1,0,0,1,0,0,0,0,0,0,1,0,0,1,0,6,2,300,129000,129000,0,0,0,0,129000,0,0,0,0,0,0,0,26000,174400,0,0,21000,0,0,0,1813083.33333333,95000,1908083.33333333,825000,0,142100,142100,3845436,0,0,3845436,3514808.33333333,323523.026666667,52028.3664,375551.393066667,4220987.39306667,109991.666666667,7218144.33333333,517651.393066667,7735795.7264,-4110995.7264,3624800,395,59,0,0,3318000,306800,0,0,0,0,0,0,448,0,0,448,0,0,0,0,0,0,85,70,0,0,58,0,213,0,0,0,0,0,0,16,0,0,144,11,0,0,0,0,17,0,0,25,0,0,0,0,0,0,0,0,0,0,0,0,0,0,0,0,0,26.2758620689655
3,0,0,0,1526000,0,0,0,0,0,0,0,34,3,289225,6,4,0,0,4,0,4,0,0,4,0,0,0,0,0,0,4,0,0,4,0,4,0,0,4,0,0,0,0,0,0,24.25,2,275,381500,381500,0,0,0,0,381500,0,0,0,0,0,0,0,17350,16150,0,0,0,0,0,5200,49666.6666666667,1425,51091.6666666667,59400,152400,0,152400,2426214.25,0,0,2426214.25,819916.666666667,9003.22666666667,35295.5367,44298.7633666667,2622913.01336667,1464783.33333333,3246130.91666667,196698.763366667,3442829.68003333,-1158129.68003333,2284700,0,737,0,0,0,2284700,0,0,0,0,0,0,840.5,0,0,840.5,0,0,0,0,0,0,89.25,40.75,0,0,14.5,0,144.5,0,0,0,0,0,0,4.25,4,2.5,61.5,16.5,0,0,0,7.5,35.5,6.5,0,6,0,0,0,0.25,0,0,0,0,0,0,0,0,0,0,0,0,0,15.1666666666667
3,0,0,0,203000,0,0,0,0,0,0,0,38,4,283519,6,12.1,0,0,12.1,0,12.1,0,0,12.1,0,0,0,0,0,0,12,0,0,12,0,12,0,0,12,0,0,0,0,0,0,39,2,27.0833333333333,16916.6666666667,16916.6666666667,0,0,0,0,16916.6666666667,0,0,0,0,0,0,0,0,16600,0,0,3850,29091.6666666667,0,2608.33333333333,605,0,605,11550,160808.333333333,0,160808.333333333,478971.833333333,57916.6666666667,0,536888.5,422657.333333333,1632.9126,7513.84406666667,9146.75666666667,648926.923333333,-305140.666666667,901629.166666667,169955.09,1071584.25666667,-954067.59,117516.666666667,2,24.3333333333333,26.25,0,7000,63266.6666666667,47250,0,0,0,0,0,37.3333333333333,0,0,37.3333333333333,0,0,0,0,0,0,12.8333333333333,7.33333333333333,2.16666666666667,0,6.33333333333333,2.83333333333333,31.5,5.66666666666667,0,0,0,0,0,0,0,2.41666666666667,13.6666666666667,0.916666666666667,0,0,0,0.75,0,0,0,7.91666666666667,0,0,0,0,0,0,0,0,0,0,0,0,0,0,0,0,0.166666666666667,9
3,0,0,0,2035000,0,0,0,0,0,0,0,34,3,289225,5,4,0,0,4,0,0,0,0,0,0,4,0,0,4,0,4,0,0,4,0,0,0,0,0,0,4,0,0,4,0,23,1,275,508750,508750,0,0,0,0,508750,0,0,0,0,0,0,0,0,98025,141575,12475,1475,0,378175,47525,52270.8333333333,12825,65095.8333333333,165000,0,142150,142150,3134615.75,529302.5,31000,3694918.25,2383251.70222161,29767.4555,60548.1863,90315.6418,3251453.02291172,4857648.29777839,5402239.08333333,232465.6418,5634704.72513333,1606195.27486667,7240900,464.75,1190,296,104.5,2230800,4284000,621600,104500,142.5,0,0,0,672.25,0,0,672.25,0,0,0,0,0,0,50,40,26.75,2.75,73,0,192.5,0,0,0,0,0,0,0,0,0,87.5,5.75,0,0,0,0,31.5,0,0,41.5,0,0,0,2,0,0,0,0,0,0,0,0,0,0,0,0,24.25,15.1666666666667
3,0,0,0,2035000,0,0,0,0,0,0,0,34,3,289225,6,3,0,0,3,0,3,0,0,3,0,0,0,0,0,0,3,0,0,3,0,3,0,0,3,0,0,0,0,0,0,28,2,350,678333.333333333,678333.333333333,0,0,0,0,678333.333333333,0,0,0,0,0,0,0,41933.3333333333,17000,0,0,7033.33333333333,0,0,0,181072.222222222,0,181072.222222222,0,291200,0,291200,1726789.33333333,0,0,1726789.33333333,1214597.22222222,24270.0446666667,30641.5077333333,54911.5524,2072900.88573333,1373802.77777778,2941386.55555556,346111.5524,3287498.10795556,-699098.107955555,2588400,0,719,0,0,0,2588400,0,0,0,0,0,0,1494,0,0,1494,0,0,0,0,0,0,62.6666666666667,0,0,0,28,0,90.6666666666667,0,0,0,0,0,0,6.66666666666667,0,2.33333333333333,28,4.66666666666667,0,0,0,8.66666666666667,33,0,0,7,0,0,0,0.333333333333333,0,0,0,0,0,0,0,0,0,0,0,0,0,15.1666666666667
3,0,0,0,2035000,0,0,0,0,0,0,0,34,4,289225,6,11.5,0,0,11.5,0,11.5,0,0,11.5,0,0,0,0,0,0,11,0,0,11,0,11,0,0,11,0,0,0,0,0,0,32,2,409.090909090909,185000,185000,0,0,0,0,185000,0,0,0,0,0,0,0,53518.1818181818,16609.0909090909,0,0,0,0,0,1900,129158.787878788,10795.4545454545,139954.242424242,54000,154145.454545455,0,154145.454545455,721741.090909091,143392.727272727,5636.36363636364,870770.181818182,884533.44882877,37147.3003757576,13984.6884363636,51131.9888121212,931720.691498503,978521.096625775,1610976.6969697,205277.443357576,1816254.14032727,46800.4051272727,1863054.54545455,71.9090909090909,344.636363636364,0,0,381118.181818182,1481936.36363636,0,0,0,0,0,0,407.454545454545,0,0,407.454545454545,0,0,0,0,0,0,24.0909090909091,15.5454545454545,0.727272727272727,7.63636363636364,3.81818181818182,0,51.8181818181818,0,0,0,0,0,0,1.72727272727273,0,0.909090909090909,19.5454545454545,6,0,0,0,2.18181818181818,4.81818181818182,0,0,3.36363636363636,0,0,0,0.181818181818182,0,0,0,0,0,0,0,0,0,0,0,0,13.0909090909091,9.86666666666667
3,0,0,0,250000,0,0,0,0,0,0,2350000,38,3,283519,5,4,0,0,4,0,4,0,0,4,0,0,0,0,0,0,3.6,0,0,3.6,0,3.6,0,0,3.6,0,0,0,0,0,0,33,2,138.888888888889,722222.222222222,69444.4444444444,652777.777777778,0,0,0,69444.4444444444,0,0,0,0,0,0,652777.777777778,0,35000,0,0,6888.88888888889,0,0,2000,66212.962962963,9236.11111111111,75449.0740740741,0,358555.555555556,0,358555.555555556,2570358.05555556,280622.222222222,0,2850980.27777778,1405701.40740741,14977.8337037037,44851.9332222222,59829.7669259259,2988743.37803704,6156993.03703704,3976059.46296296,418385.322481481,4394444.78544444,3168249.659,7562694.44444444,48.8888888888889,671.944444444444,1116.66666666667,210.833333333333,340388.888888889,3109388.88888889,3796666.66666667,316250,0,0,0,0,186.666666666667,0,0,186.666666666667,0,0,0,0,1588.05555555556,1588.05555555556,62.2222222222222,70.8333333333333,15.5555555555556,0,20.5555555555556,0,169.166666666667,0,0,0,0,0,0,0,0,0,139.722222222222,8.88888888888889,0,0,0,0,0,0,0,20.5555555555556,0,0,0,0,0,0,0,0,0,0,0,0,0,0,0,0,0,18.7
3,0,0,0,260000,0,0,0,0,0,0,0,34,1,289225,5,1,0,0,1,0,0,0,0,0,0,1,0,0,1,0,1,0,0,1,0,0,0,0,0,0,1,0,0,1,0,18,2,400,260000,260000,0,0,0,0,260000,0,0,0,0,0,0,0,86600,393800,2900,30800,9400,0,0,384900,124593.333333333,97800,222393.333333333,475200,0,284300,284300,10020920,706420,0,10727340,3145938.33333333,132775.0212,147507.176,280282.1972,10301202.1972,5790061.66666667,12882558.3333333,564582.1972,13447140.5305333,-4511140.53053333,8936000,95,1516,1692,1114,380000,4396400,3045600,1114000,0,0,0,0,672,0,0,672,0,0,0,0,0,0,324,120,22,22,116,0,604,188,0,0,0,0,0,0,0,0,332,23,0,0,0,0,19,10,0,32,0,0,0,0,0,0,0,0,0,0,0,0,0,0,0,0,0,26.2758620689655
3,0,0,0,308000,0,0,300000,0,0,0,0,99,1,263414,6,1.76,0,0,1.76,0,1.76,0,0,1.76,0,0,0,0,0,0,1.06,0,0,1.06,0,1.06,0,0,1.06,0,0,0,0,0,0,11.2857142857143,2,551.88679245283,573584.905660377,290566.037735849,283018.867924528,0,0,0,290566.037735849,0,0,283018.867924528,0,0,0,0,0,33584.9056603774,0,0,5000,0,0,3773.58490566038,331729.559748428,0,331729.559748428,0,217075.471698113,0,217075.471698113,2078442.45283019,0,0,2078442.45283019,1211086.95597484,24212.6572327044,33410.3845283019,57623.0417610063,2353140.96628931,556743.232704402,3289529.40880503,274698.513459119,3564227.92226415,-1796397.73358491,1767830.18867925,201.88679245283,329.245283018868,79.2452830188679,2.83018867924528,767169.811320755,856037.735849057,142641.509433962,1981.1320754717,0,0,0,0,761.320754716981,0,0,761.320754716981,2115.09433962264,0,0,0,0,2115.09433962264,79.2452830188679,0,0,0,30.188679245283,0,109.433962264151,0,0,0,0,0,0,0,0,3.77358490566038,36.7924528301887,38.6792452830189,0,0,0,0,0,0,0,30.188679245283,0,0,0,0,0,0,0,0,0,0,0,0,0,0,0,0,0,26.25
3,0,0,0,3527000,0,150000,0,0,0,0,8410000,34,4,289225,5,12,0,0,12,0,12,0,0,12,0,0,0,0,0,0,11,0,0,11,0,11,0,0,11,0,0,0,0,0,0,16,2,335,1098818.18181818,334272.727272727,764545.454545455,0,0,0,320636.363636364,0,13636.3636363636,0,0,0,0,764545.454545455,178045.454545455,32700,8309.09090909091,4663.63636363636,10181.8181818182,29100,0,103063.636363636,61159.0909090909,12332.7272727273,73491.8181818182,18878.7878787879,516327.272727273,0,516327.272727273,1914289.90909091,1179930.90909091,17000,3111220.81818182,3032891.00752927,19818.0501212121,56743.6726909091,76561.7228121212,2517696.23043437,3538636.26519801,4957698.24242424,592888.995539394,5550587.23796364,1020940.03476364,6571527.27272727,396.818181818182,788.454545454545,1015,329.181818181818,1666636.36363636,2444209.09090909,2131500,329181.818181818,0,0,0,0,407.454545454545,0,1.81818181818182,409.272727272727,0,0,0,0,1059.81818181818,1059.81818181818,62.3636363636364,13,31,25.8181818181818,28.0909090909091,6.27272727272727,166.545454545455,0,0,0,0,0,0,16.4545454545455,0,0,60.5454545454545,21.0909090909091,0,0,0,2.09090909090909,39.0909090909091,14.1818181818182,0,5.90909090909091,0,0,0,0.0909090909090909,0,0,0,0,0,0,0,0,0,0,0,0,7.09090909090909,9.86666666666667
3,0,0,0,366000,0,0,240000,0,0,0,0,36,2,274120,6,2.64,0,0,2.64,0,2.64,0,0,2.64,0,0,0,0,0,0,2.09,0,0,2.09,0,2.09,0,0,2.09,0,0,0,0,0,0,38,2,237.799043062201,289952.153110048,175119.61722488,114832.535885167,0,0,0,175119.61722488,0,0,114832.535885167,0,0,0,0,49760.7655502392,6650.71770334928,0,0,861.244019138756,0,0,7368.42105263158,34170.3349282297,1909.09090909091,36079.4258373206,182842.105263158,132344.497607656,0,132344.497607656,972153.110047847,0,0,972153.110047847,847634.832535885,22284.9167610845,16451.6555023923,38736.5722634769,1143234.17991898,526910.622009569,1819787.94258373,171081.069871132,1990869.01245486,-616323.55790941,1374545.45454545,0,327.272727272727,0,0,0,1374545.45454545,0,0,0,0,0,0,214.354066985646,0,0,214.354066985646,766.507177033493,0,0,0,0,766.507177033493,26.3157894736842,19.6172248803828,0,0,10.0478468899522,0,55.9808612440191,0,0,0,0,0,0,0,0,7.17703349282297,32.5358851674641,7.17703349282297,0,0,0,0,0,0,0,9.09090909090909,0,0,0,0,0,0,0,0,0,0,0,0,0,0,0,0,0,12.1428571428571
3,0,0,0,3663000,0,0,0,0,0,0,0,34,4,289225,5,20.34,0,0,20.34,0,20.34,0,0,20.34,0,0,0,0,0,0,9.92,0,0,9.92,0,9.92,0,0,9.92,0,0,0,0,0,0,22,2,201.612903225806,369254.032258065,369254.032258065,0,0,0,0,369254.032258065,0,0,0,0,0,0,0,17479.8387096774,11471.7741935484,493.951612903226,0,2913.3064516129,0,0,0,60050.4032258065,30947.5806451613,90997.9838709677,31854.8387096774,260241.935483871,0,260241.935483871,1292183.26612903,652923.387096774,89314.5161290323,2034421.16935484,1496594.74984731,25827.1583333333,30206.8225,56033.9808333333,1667793.06163119,3669332.66950753,2848111.89516129,316275.916317204,3164387.8114785,2001539.60787634,5165927.41935484,1147.98387096774,0,0,0,5165927.41935484,0,0,0,0,0,0,0,677.721774193548,0,0,677.721774193548,0,0,0,0,0,0,30.4435483870968,16.1290322580645,19.2540322580645,20.3629032258065,23.2862903225806,0,109.475806451613,0,0,0,0,0,0,0,0,0,70.3629032258064,4.63709677419355,0,0,0,0,5.84677419354839,3.125,0,22.4798387096774,0,0,0,0,0,0,0,0,0,0,0,0,0,0,0,0,3.0241935483871,9.86666666666667
3,0,0,0,373000,0,0,0,0,0,0,7206000,99,4,263414,5,5,0,0,5,0,0,0,0,0,0,5,0,0,5,0,5,0,0,5,0,0,0,0,0,0,5,0,0,5,0,17,2,304,1515800,74600,1441200,0,0,0,74600,0,0,0,0,0,0,1441200,267240,121280,0,0,0,138220,0,0,179649,82000,261649,99000,0,379000,379000,1470088.6,1193880,175800,2839768.6,4318269.25296109,115133.87104,60540.62664,175674.49768,1742776.84471891,2712390.74703891,5506371.6,554674.49768,6061046.09768,969613.90232,7030660,606,810.6,680.6,66.2,2601200,2764980,1592800,71680,0,0,0,0,89.6,0,0,89.6,0,0,0,0,1683.8,1683.8,36.2,43.8,4.6,61.2,10,4.4,160.2,0,0,0,0,0,0,3.2,1.8,11.8,108.2,9,0,0,0,9.2,10,0,0,4.6,0,0,0,2.4,0,0,0,0,0,0,0,0,0,0,0,0,0,12.875
3,0,0,0,3994000,0,0,0,0,0,0,0,34,4,289225,6,13.9,0,0,13.9,0,3.4,0,0,3.4,0,10.5,0,0,10.5,0,13.9,0,0,13.9,0,3.4,0,0,3.4,0,10.5,0,0,10.5,0,40.1111111111111,2,212.94964028777,287338.129496403,287338.129496403,0,0,0,0,287338.129496403,0,0,0,0,0,0,0,50151.0791366906,96690.6474820144,309.352517985611,3812.94964028777,1690.64748201439,0,0,64467.6258992806,15101.3189448441,12230.2158273381,27331.5347721823,22791.3669064748,48755.3956834532,114525.179856115,163280.575539568,1252526.61870504,497656.115107914,82302.1582733813,1832484.89208633,1479391.85456781,16588.4992086331,28978.1220143885,45566.6212230216,1405748.56761444,1135176.49075593,2676293.22541966,208847.19676259,2885140.42218225,-270572.076858513,2614568.34532374,56.9064748201439,345.395683453237,645.035971223022,148.345323741007,239007.194244604,1001647.48201439,1225568.34532374,148345.323741007,0,0,0,0,515.971223021583,0,0,515.971223021583,0,0,0,0,0,0,27.841726618705,11.5107913669065,1.58273381294964,27.7697841726619,26.1151079136691,0,94.8201438848921,29.3525179856115,0,0,0,0,0,0,0,0,52.9496402877698,3.30935251798561,0,0,0,0,0,1.51079136690647,0,7.12230215827338,0,0,0,0,0,0,0,0,0,0,0,0,0,0,0,0,0.575539568345324,9.86666666666667
3,0,0,0,434000,0,0,0,0,0,0,0,34,3,289225,5,4.5,0,0,4.5,0,0,0,0,0,0,4.5,0,0,4.5,0,4.5,0,0,4.5,0,0,0,0,0,0,4.5,0,0,4.5,0,24,2,400,96444.4444444444,96444.4444444444,0,0,0,0,96444.4444444444,0,0,0,0,0,0,0,191155.555555556,300577.777777778,0,62666.6666666667,83177.7777777778,82177.7777777778,0,0,43477.4074074074,2111.11111111111,45588.5185185185,154000,0,105288.888888889,105288.888888889,3971053.11111111,4052827.55555556,515777.777777778,8539658.44444444,5723647.09640002,14903.0901777778,116012.644711111,130915.734888889,4357229.49034072,3671286.23693332,9844671.96296296,236204.623777778,10080876.5867407,-685943.253407406,9394933.33333333,553.777777777778,1228.66666666667,1184.44444444444,650,2325866.66666667,3931733.33333333,2487333.33333333,650000,0,0,0,0,199.111111111111,0,0,199.111111111111,0,0,0,0,0,0,78.2222222222222,85.5555555555556,25.5555555555556,181.111111111111,62.4444444444444,45.7777777777778,478.666666666667,49.7777777777778,0,0,0,0,0,10,0,0,258.222222222222,26.8888888888889,0,0,0,17.7777777777778,68.6666666666667,0,0,42.8888888888889,0,0,0,0,0,0,0,0,0,0,0,0,0,0,0,0,4.44444444444444,15.1666666666667
3,0,0,0,4680000,0,0,0,0,0,0,0,34,3,289225,5,3,0,0,3,0,2,0,0,2,0,1,0,0,1,0,3,0,0,3,0,2,0,0,2,0,1,0,0,1,0,6.66666666666667,2,300,1560000,1560000,0,0,0,0,1560000,0,0,0,0,0,0,0,69866.6666666667,13666.6666666667,0,0,0,0,0,102900,35903.8888888889,0,35903.8888888889,0,223066.666666667,157933.333333333,381000,2046559.33333333,1119736.66666667,55333.3333333333,3221629.33333333,3368800.43764561,3327.18797777778,61603.9770666667,64931.1650444444,2370322.28295439,3830366.22902105,5293191.55555556,445931.165044444,5739122.7206,1460043.94606667,7199166.66666667,661.333333333333,752.666666666667,846.333333333333,311,2777600,2333266.66666667,1777300,311000,0,0,0,0,2017,0,0,2017,0,0,0,0,0,0,65.6666666666667,44.3333333333333,24.3333333333333,46.6666666666667,13.6666666666667,0,194.666666666667,0,0,0,0,0,0,0,0,0,115.333333333333,33.3333333333333,0,0,0,0,37.6666666666667,0,0,8,0,0,0,0.333333333333333,0,0,0,0,0,0,0,0,0,0,0,0,0,15.1666666666667
3,0,0,0,488000,2015000,0,0,0,0,0,0,34,4,289225,6,5,0,0,5,0,5,0,0,5,0,0,0,0,0,0,5,0,0,5,0,5,0,0,5,0,0,0,0,0,0,36,2,440,500600,500600,0,0,0,0,97600,403000,0,0,0,0,0,0,66580,12600,11800,0,20620,0,0,4040,43324.6666666667,5700,49024.6666666667,118800,291180,0,291180,1471424.6,336992,32200,1840616.6,1416282.02211574,17362.9024266667,30465.02184,47827.9242666667,1836632.1688176,1092357.97788426,2913906.26666667,339007.924266667,3252914.19093333,-744274.190933333,2508640,0,828.8,0,0,0,2508640,0,0,0,0,0,0,269,456.2,0,725.2,0,0,0,0,0,0,42.4,38.6,7.2,14,7.8,0,110,0,0,0,0,0,0,2.4,0,3.4,80.8,7,0,0,0,3,0,0,0,7.8,0,0,0,0,0,0,0,0,0,0,0,0,0,0,0,0,5.6,9.86666666666667
3,0,0,0,509000,0,0,0,0,0,0,0,34,2,289225,5,2,0,0,2,0,0,0,0,0,0,2,0,0,2,0,2,0,0,2,0,0,0,0,0,0,2,0,0,2,0,16.2,2,205,254500,254500,0,0,0,0,254500,0,0,0,0,0,0,0,0,91550,0,17600,2950,0,0,0,1004875,0,1004875,333.333333333333,0,473800,473800,2304264.5,98554.5,0,2402819,2233387.83333333,29262.822,34340.7956,63603.6175999999,2367868.1176,2697362.16666667,4063852.33333333,537403.6176,4601255.95093333,329494.049066667,4930750,277,632,761.5,209,1163400,1959200,1599150,209000,250,0,0,0,336,0,0,336,0,0,0,0,0,0,46,37,5.5,0,41.5,0,130,0,0,0,0,0,0,0,0,0,76,11,0,0,0,0,0,0,0,41.5,0,0,0,1.5,0,0,0,0,0,0,0,0,0,0,0,0,0,22.95
3,0,0,0,519000,0,0,662000,0,0,0,0,38,4,283519,6,9.91,0,0,9.91,0,9.91,0,0,9.91,0,0,0,0,0,0,7.59,0,0,7.59,0,7.59,0,0,7.59,0,0,0,0,0,0,23,2,660.34255599473,155599.472990777,68379.4466403162,87220.0263504611,0,0,0,68379.4466403162,0,0,87220.0263504611,0,0,0,0,0,27812.9117259552,0,0,0,303148.880105402,0,9486.16600790514,53583.6627140975,0,53583.6627140975,0,170922.266139657,0,170922.266139657,1016655.8629776,380237.154150198,16337.2859025033,1413230.3030303,1217834.29054009,3555.74656126482,23675.0438998682,27230.7904611331,1226699.16263514,-311391.602793056,2246380.39657444,198153.05660079,2444533.45317523,-1538090.76542819,906442.687747036,5.79710144927536,87.4835309617918,292.885375494071,188.010540184453,21923.5836627141,236205.533596838,497905.138339921,150408.432147563,0,0,0,0,177.206851119895,0,0,177.206851119895,633.069828722003,0,0,0,0,633.069828722003,36.6271409749671,22.6613965744401,2.89855072463768,0,2.23978919631094,24.2424242424242,88.66930171278,18.9723320158103,0,0,0,0,0,0,0,3.42555994729908,43.2147562582345,6.45586297760211,0,0,0,0,8.82740447957839,0,0,7.5098814229249,0,0,0,0,0,0,0,0,0,0,0,0,0,0,0,0,0.263504611330698,9
3,0,0,0,529000,0,0,0,0,0,0,0,34,2,289225,6,2.5,0,0,2.5,0,0,0,0,0,0,2.5,0,0,2.5,0,2.5,0,0,2.5,0,0,0,0,0,0,2.5,0,0,2.5,0,36,2,640,211600,211600,0,0,0,0,211600,0,0,0,0,0,0,0,76320,189000,0,14320,0,76840,0,0,113530.666666667,20000,133530.666666667,79200,0,363840,363840,3753458,450568,176400,4380426,1903349.40017069,27495.0937066667,61361.4744,88856.5681066667,3999808.83460264,1772930.59982931,5450461.66666667,452696.568106667,5903158.23477333,-2226878.23477333,3676280,38,471.6,1082.8,222.8,136800,1367640,1949040,222800,0,0,0,0,582.8,0,0,582.8,0,0,0,0,0,0,162.4,64,8.8,8.8,0,6.4,250.4,25.6,0,0,0,0,0,0,0,0,148.8,9.2,0,0,0,12.8,0,20.8,0,32,0,0,0,0,0,0,0,0,0,0,0,0,0,0,0,0,1.2,22.95
3,0,0,0,549000,0,0,0,0,0,0,0,36,1,274120,6,2.2,0,0,2.2,0,2.2,0,0,2.2,0,0,0,0,0,0,1.8,0,0,1.8,0,1.8,0,0,1.8,0,0,0,0,0,0,33,2,194.444444444444,305000,305000,0,0,0,0,305000,0,0,0,0,0,0,0,0,16944.4444444444,0,0,20555.5555555556,0,0,6277.77777777778,167112.962962963,3395.83333333333,170508.796296296,0,108611.111111111,0,108611.111111111,1701444.44444444,0,0,1701444.44444444,793406.574074074,5714.96940740741,25422.7555555556,31137.724962963,1841193.28051852,1241093.42592593,2494851.01851852,139748.836074074,2634599.85459259,-600099.854592593,2034500,0,988.888888888889,3.88888888888889,82.2222222222222,0,1977777.77777778,7388.88888888889,49333.3333333333,0,0,0,0,373.333333333333,0,0,373.333333333333,0,0,0,0,0,0,40,32.2222222222222,0,0,23.3333333333333,0,95.5555555555556,0,0,0,0,0,0,0,0,10.5555555555556,61.6666666666667,4.44444444444444,0,0,0,0,0,0,0,18.8888888888889,0,0,0,0,0,0,0,0,0,0,0,0,0,0,0,0,0,26.8666666666667
3,0,0,0,549000,0,0,121000,0,0,0,0,36,2,274120,6,2.03,0,0,2.03,0,0,0,0,0,0,2.03,0,0,2.03,0,2,0,0,2,0,0,0,0,0,0,2,0,0,2,0,27,2,20.5,335000,274500,60500,0,0,0,274500,0,0,60500,0,0,0,0,102300,15750,0,0,1050,0,0,0,38917.5,0,38917.5,37950,0,110400,110400,627145.5,0,0,627145.5,915487.5,5636.18026666667,13407.4442,19043.6244666667,646189.124466667,-649637.5,1432233,129443.624466667,1561676.62446667,-1295826.62446667,265850,0,131.5,1.5,0,0,263000,2850,0,0,0,0,0,336,0,0,336,320.5,0,0,0,0,320.5,4,18.5,0,0,13,0,35.5,0,0,0,0,0,0,17,0,1,12,5.5,0,0,0,0,0,0,0,0,0,0,0,0,0,0,0,0,0,0,0,0,0,0,0,0,0,12.1428571428571
3,0,0,0,570000,0,0,0,0,0,0,0,34,3,289225,6,3.19,0,0.52,2.67,0,2.92,0,0.52,2.4,0,0.27,0,0,0.27,0,3.19,0,0.52,2.67,0,2.92,0,0.52,2.4,0,0.27,0,0,0.27,0,26,2,626.959247648903,178683.385579937,178683.385579937,0,0,0,0,178683.385579937,0,0,0,0,0,0,0,92382.4451410658,21943.5736677116,1536.05015673981,0,4043.88714733542,0,0,0,40762.8004179728,26802.5078369906,67565.3082549634,182068.965517241,661724.137931035,51974.921630094,713699.059561129,1647476.17554859,482445.141065831,76802.5078369906,2206723.82445141,1389265.09390576,52604.3956112853,31065.8832601881,83670.2788714734,2452276.68444325,2626879.1067212,3044172.43991641,797369.338432602,3841541.77834901,174602.422277951,4016144.20062696,892.476489028213,0,0,0,4016144.20062696,0,0,0,0,0,0,0,4215.3605015674,0,0,4215.3605015674,0,0,0,0,0,0,62.0689655172414,0.940438871473354,6.89655172413793,19.435736677116,24.1379310344828,4.07523510971787,117.554858934169,0,0,0,0,0,0,3.13479623824451,10.9717868338558,0,35.1097178683386,20.0626959247649,0,0,0,2.19435736677116,0,3.13479623824451,0,38.2445141065831,0,0,0,2.50783699059561,0,0,0,0,0,0,0,0,0,0,0,0,2.19435736677116,15.1666666666667
3,0,0,0,610000,0,0,0,0,0,0,0,38,1,283519,6,1.5,0,0,1.5,0,1.5,0,0,1.5,0,0,0,0,0,0,1.5,0,0,1.5,0,1.5,0,0,1.5,0,0,0,0,0,0,18.75,2,366.666666666667,406666.666666667,406666.666666667,0,0,0,0,406666.666666667,0,0,0,0,0,0,0,0,145600,0,21200,60133.3333333333,0,0,4800,138200,0,138200,184800,922066.666666667,0,922066.666666667,6871556,0,0,6871556,1244919,30720.752,93123.4544,123844.2064,7917466.87306667,1065881,8116475,1045910.87306667,9162385.87306667,-6851585.87306667,2310800,5.33333333333333,584,446.666666666667,310,18666.6666666667,1284800,759333.333333333,248000,0,0,0,0,747.333333333333,0,0,747.333333333333,0,0,0,0,0,0,162.666666666667,116.666666666667,0,0,102,0,381.333333333333,24.6666666666667,0,0,0,0,0,0,0,38,218.666666666667,22.6666666666667,0,0,0,0,0,0,0,77.3333333333333,0,0,0,0,0,0,0,0,0,0,0,0,0,0,0,0,0,22.92
3,0,0,0,64000,0,0,0,0,0,0,0,34,1,289225,6,1.5,0,0,1.5,0,1.5,0,0,1.5,0,0,0,0,0,0,1.5,0,0,1.5,0,1.5,0,0,1.5,0,0,0,0,0,0,17.3333333333333,2,720,42666.6666666667,42666.6666666667,0,0,0,0,42666.6666666667,0,0,0,0,0,0,0,38733.3333333333,141466.666666667,0,0,35466.6666666667,0,0,0,522164.444444444,47500,569664.444444444,176000,193600,0,193600,2716626,0,0,2716626,1293222.77777778,133195.8896,36889.4957333333,170085.385333333,3080311.38533333,-1041222.77777778,4009848.77777778,363685.385333333,4373534.16311111,-4121534.16311111,252000,0,56,0,0,0,252000,0,0,0,0,0,0,194.666666666667,0,0,194.666666666667,0,0,0,0,0,0,59.3333333333333,35.3333333333333,0,0,50,0,144.666666666667,0,0,0,0,0,0,8.66666666666667,0,0,87.3333333333333,7.33333333333333,0,0,0,0,0,0,0,41.3333333333333,0,0,0,0,0,0,0,0,0,0,0,0,0,0,0,0,0,26.2758620689655
3,0,0,0,733000,0,0,0,0,0,0,0,34,2,289225,6,2.16,0,0,2.16,0,2.16,0,0,2.16,0,0,0,0,0,0,2.16,0,0,2.16,0,2.16,0,0,2.16,0,0,0,0,0,0,22,2,291.666666666667,339351.851851852,339351.851851852,0,0,0,0,339351.851851852,0,0,0,0,0,0,0,44953.7037037037,59814.8148148148,0,7175.92592592593,0,107777.777777778,0,56990.7407407407,62824.0740740741,8796.2962962963,71620.3703703704,1833333.33333333,584120.37037037,0,584120.37037037,1587055.55555556,331011.111111111,0,1918066.66666667,3141254.62962963,209879.759259259,31423.2303703704,241302.98962963,2412478.91555556,-634912.037037037,4728310.18518518,825423.36,5553733.54518518,-3047390.95259259,2506342.59259259,172.222222222222,331.481481481481,313.425925925926,97.2222222222222,723333.333333333,1027592.59259259,658194.444444444,97222.2222222222,46.2962962962963,0,0,0,414.814814814815,0,0,414.814814814815,0,0,0,0,0,0,3.24074074074074,76.3888888888889,18.5185185185185,0,19.9074074074074,0.462962962962963,118.518518518519,0,0,0,0,0,0.462962962962963,0.925925925925926,0,0,81.9444444444444,12.962962962963,0,0,0,0,0,0,0,18.9814814814815,0,0,0,3.24074074074074,0,0,0,0,0,0,0,0,0,0,0,0,0,22.95
3,0,0,0,741000,0,0,0,0,0,0,1603000,34,3,289225,5,3.8,0,0,3.8,0,3.8,0,0,3.8,0,0,0,0,0,0,3.8,0,0,3.8,0,3.8,0,0,3.8,0,0,0,0,0,0,13.5714285714286,2,426.315789473684,616842.105263158,195000,421842.105263158,0,0,0,195000,0,0,0,0,0,0,421842.105263158,96736.8421052632,148710.526315789,0,23815.7894736842,18684.2105263158,0,0,0,62685.0877192982,3750,66435.0877192982,130263.157894737,202026.315789474,0,202026.315789474,3584280,328947.368421053,38421.0526315789,3951648.42105263,1722889.7758936,20601.8734035088,60219.8298947368,80821.7032982456,3902319.383545,3477426.01358009,5342361.14035088,282848.019087719,5625209.1594386,-424893.369964913,5200315.78947368,198.157894736842,831.315789473684,445.263157894737,733.157894736842,871894.736842105,2660210.52631579,935052.631578947,733157.894736842,0,0,0,0,489.473684210526,0,0,489.473684210526,0,0,0,0,962.894736842105,962.894736842105,103.157894736842,75.2631578947368,0,0,31.0526315789474,12.3684210526316,221.842105263158,0,0,0,0,0,0,5.26315789473684,12.1052631578947,0,143.684210526316,18.9473684210526,0,0,0,0,12.1052631578947,0,0,29.7368421052632,0,0,0,0,0,0,0,0,0,0,0,0,0,0,0,0,0,15.1666666666667
3,0,0,0,787000,0,0,0,0,0,0,0,34,4,289225,6,7,0,0,7,0,0,0,0,0,0,7,0,0,7,0,7,0,0,7,0,0,0,0,0,0,7,0,0,7,0,21.1666666666667,2,234.285714285714,112428.571428571,112428.571428571,0,0,0,0,112428.571428571,0,0,0,0,0,0,0,113942.857142857,111857.142857143,120500,26871.4285714286,5685.71428571429,29928.5714285714,1423757.14285714,0,51072.380952381,8550,59622.380952381,235714.285714286,0,142128.571428571,142128.571428571,857831.714285714,3293422.85714286,493857.142857143,4645111.71428571,6356889.0673428,29509.4078095238,81717.0309714286,111226.438780952,1071110.75239054,2195482.36122863,7174644.80952381,253355.010209524,7427999.81973333,1124371.6088381,8552371.42857143,531,464.571428571429,2235.71428571429,187,2230200,1440171.42857143,4695000,187000,135.714285714286,0,0,0,256.142857142857,0,0,256.142857142857,0,0,0,0,0,0,26.8571428571429,22.8571428571429,81.7142857142857,39,2.42857142857143,29.1428571428571,202,0,0,0,0,0,0,0,4.57142857142857,0,135.714285714286,5.14285714285714,0,0,0,1.14285714285714,2.42857142857143,0,0,28,0,0,0,6.42857142857143,0,0,0,0,0,0,0,0,0,0,0,0,18.5714285714286,9.86666666666667
3,0,0,0,814000,0,0,0,0,0,0,0,34,4,289225,6,5,0,0,5,0,0,0,0,0,0,5,0,0,5,0,5,0,0,5,0,0,0,0,0,0,5,0,0,5,0,14,2,410,162800,162800,0,0,0,0,162800,0,0,0,0,0,0,0,102160,34900,980,0,0,230400,0,392620,66918,0,66918,29563.3333333333,0,473800,473800,2890454,340708,0,3231162,2124074.33333333,9645.93933333333,51522.2728,61168.2121333333,2951622.21213333,-72974.333333333,4540728.33333333,534968.212133333,5075696.54546667,-3024596.54546667,2051100,136,337,0,0,1006400,1044700,0,0,0,0,0,0,358.6,0,0,358.6,0,0,0,0,0,0,94,39,2.8,2.8,31.4,8.6,178.6,0,0,0,0,0,0,4.6,0,2,54.8,6.6,0,0,0,14.6,50.2,9.8,0,18.6,0,0,0,0.4,0,0,0,0,0,0,0,0,0,0,0,0,17,9.86666666666667
3,102000,0,0,0,0,0,0,0,0,0,0,34,3,289225,5,3.8,0,0,3.8,0,3.8,0,0,3.8,0,0,0,0,0,0,3.8,0,0,3.8,0,3.8,0,0,3.8,0,0,0,0,0,0,28.75,2,611.842105263158,26842.1052631579,26842.1052631579,0,26842.1052631579,0,0,0,0,0,0,0,0,0,0,0,19631.5789473684,2078.94736842105,0,4210.52631578947,0,0,11368.4210526316,68039.4736842105,17500,85539.4736842105,62368.4210526316,615526.315789474,0,615526.315789474,2906688.42105263,1088735,347105.263157895,4342528.68421053,1684584.10436264,27556.8354385965,54642.5872631579,82199.4227017544,3856934.79202333,4360573.7903742,4843793.15789474,697725.738491228,5541518.89638597,503638.998350876,6045157.89473684,0,2238.94736842105,0,0,0,6045157.89473684,0,0,0,50.5263157894737,0,0,0,0,0,50.5263157894737,0,0,0,0,0,0,105.526315789474,42.1052631578947,27.3684210526316,13.1578947368421,22.6315789473684,12.3684210526316,223.157894736842,3.15789473684211,0,0,0,0,0,0,0,0,111.842105263158,17.8947368421053,0,0,0,0,57.8947368421053,4.73684210526316,0,27.6315789473684,0,0,0,0,0,0,0,0,0,0,0,0,0,0,0,0,0,15.1666666666667
3,19000,0,0,0,0,0,30000,0,0,0,0,38,4,283519,6,8,0,0,8,0,8,0,0,8,0,0,0,0,0,0,5,0,0,5,0,5,0,0,5,0,0,0,0,0,0,19,2,342,9800,3800,6000,3800,0,0,0,0,0,6000,0,0,0,0,4340,54860,0,0,6840,0,0,15560,151800,0,151800,0,173760,0,173760,1985224,356103.6,0,2341327.6,882822.6,12431.496,30165.82224,42597.31824,2201581.31824,-196882.6,2868046.6,216357.31824,3084403.91824,-2398463.91824,685940,13,119.8,179.2,86,42900,287520,286720,68800,0,8.4,0,0,0,0,0,8.4,51.2,0,0,0,0,51.2,54.8,36,0.4,24.8,22.4,0,138.4,0,0,0,0,0,0,0,3.2,8.2,88,7,0,0,0,5,0,0,0,22.4,0,0,0,0,0,0,0,0,0,0,0,0,0,0,0,0,0.4,9
3,2000,0,0,0,0,3000,0,0,0,0,1588000,99,3,263414,6,3,0,0,3,0,3,0,0,3,0,0,0,0,0,0,3,0,0,3,0,3,0,0,3,0,0,0,0,0,0,17,1,283.333333333333,531000,1666.66666666667,529333.333333333,666.666666666667,0,0,0,0,1000,0,0,0,0,529333.333333333,354100,249500,0,0,0,0,0,0,19575,63016.6666666667,82591.6666666667,99000,336466.666666667,0,336466.666666667,3830833.33333333,0,0,3830833.33333333,1579605.66666667,6499.48066666667,61571.3733333333,68070.854,4235370.854,2228427.66666667,5410439,404537.520666667,5814976.52066667,-2006943.18733333,3808033.33333333,74.6666666666667,595.333333333333,792,150,291200,1793833.33333333,1584000,139000,0,1,0,0,0,0,1,2,0,0,0,0,2109,2109,88.6666666666667,56,0,0,64,0,208.666666666667,6,0,0,0,0,0,20.3333333333333,3.66666666666667,0,109.666666666667,11.3333333333333,0,0,0,5.33333333333333,35,0,0,11.3333333333333,0,0,0,0.666666666666667,0,0,0,0,0,0,0,0,0,0,0,0,5.33333333333333,17
3,46000,0,0,0,0,0,0,0,0,0,0,34,3,289225,6,3.3,0,0,3.3,0,0,0,0,0,0,3.3,0,0,3.3,0,3.3,0,0,3.3,0,0,0,0,0,0,3.3,0,0,3.3,0,23,2,600.30303030303,13939.3939393939,13939.3939393939,0,13939.3939393939,0,0,0,0,0,0,0,0,0,0,0,23090.9090909091,0,0,13454.5454545455,0,0,0,400629.797979798,4734.84848484848,405364.646464647,61560.6060606061,0,287121.212121212,287121.212121212,1853750,0,0,1853750,1093756.31313131,-5308.44375757576,23612.5121212121,18304.0683636364,1872054.06836364,356425.505050505,2660385.1010101,305425.280484849,2965810.38149495,-1515628.56331313,1450181.81818182,302.121212121212,0,0,0,1450181.81818182,0,0,0,0,29.0909090909091,0,0,0,0,0,29.0909090909091,0,0,0,0,0,0,40.9090909090909,30.3030303030303,0,0,30.6060606060606,0,101.818181818182,0,0,0,0,0,0,0,0,0,62.1212121212121,9.09090909090909,0,0,0,0,0,0,0,30.6060606060606,0,0,0,0,0,0,0,0,0,0,0,0,0,0,0,0,0,15.1666666666667
3,46000,0,0,933000,0,0,0,0,0,0,7651000,99,4,263414,6,12,0,0,12,0,0,0,0,0,0,12,0,0,12,0,12,0,0,12,0,0,0,0,0,0,12,0,0,12,0,18.2,2,391.666666666667,719166.666666667,81583.3333333333,637583.333333333,3833.33333333333,0,0,77750,0,0,0,0,0,0,637583.333333333,181208.333333333,73441.6666666667,0,0,0,0,0,288000,220427.222222222,120833.333333333,341260.555555556,46200,0,379000,379000,1529754.41666667,2031000.83333333,219333.333333333,3780088.58333333,4447796.46501413,143218.482377778,62519.6251,205738.107477778,1829721.4480192,2304528.53498587,5692779.80555556,584738.107477778,6277517.91303333,474807.086966666,6752325,416.25,864.666666666667,1151.66666666667,74.6666666666667,1715208.33333333,2566966.66666667,2402183.33333333,67966.6666666667,0,5.33333333333333,0,0,93.4166666666667,0,0,98.75,0,0,0,0,672.583333333333,672.583333333333,63.3333333333333,20.3333333333333,5,108.916666666667,5.66666666666667,8.41666666666667,211.666666666667,0,0,0,0,0,0,4.66666666666667,4.08333333333333,21.6666666666667,143.333333333333,11.25,0,0,0,0,18.1666666666667,0,0,4,0,0,0,1.5,0,0,0,0,0,0,0,0,0,0,0,0,3,12.875
3,73000,0,0,0,0,0,0,0,0,0,0,34,2,289225,6,2.05,0,0,2.05,0,1.15,0,0,1.15,0,0.9,0,0,0.9,0,2.05,0,0,2.05,0,1.15,0,0,1.15,0,0.9,0,0,0.9,0,20,2,266.829268292683,35609.7560975609,35609.7560975609,0,35609.7560975609,0,0,0,0,0,0,0,0,0,0,11463.4146341463,39902.4390243902,7170.73170731707,0,3414.63414634146,0,0,21756.0975609756,19829.2682926829,16682.9268292683,36512.1951219512,162959.349593496,157317.073170732,231121.951219512,388439.024390244,4419902.43902439,360048.780487805,0,4779951.2195122,1199184.3495935,37581.5873170732,60750.9268292683,98332.5141463415,4675552.02634146,1431059.55284553,5387964.83739837,486771.538536585,5874736.37593496,-3244492.47349594,2630243.90243902,0,821.951219512195,0,0,0,2630243.90243902,0,0,0,70.2439024390244,0,0,0,0,0,70.2439024390244,0,0,0,0,0,0,106.341463414634,0,13.6585365853659,8.29268292682927,110.243902439024,0,238.536585365854,0,0,0,0,0,0,0,0,0,103.90243902439,11.219512195122,0,0,0,0,9.26829268292683,3.90243902439024,0,110.243902439024,0,0,0,0,0,0,0,0,0,0,0,0,0,0,0,0,0,22.95
4,0,0,0,0,0,0,0,0,0,0,0,34,1,289225,5,1.28,0,0,1.28,0,1.28,0,0,1.28,0,0,0,0,0,0,1.28,0,0,1.28,0,1.28,0,0,1.28,0,0,0,0,0,0,31,2,156.25,0,0,0,0,0,0,0,0,0,0,0,0,0,0,0,74843.75,0,34687.5,0,0,0,11250,357304.6875,0,357304.6875,0,492890.625,0,492890.625,4544718.75,0,0,4544718.75,767310.9375,8123.13020833334,57852.2,65975.3302083333,5103584.70520833,4883001.5625,5312029.6875,558865.955208333,5870895.64270833,-220583.142708333,5650312.5,271.875,815.625,725,403.125,1196250,2528437.5,1522500,403125,156.25,0,0,0,0,0,0,0,0,0,0,0,0,0,137.5,125,0,0,13.28125,0,275.78125,0,0,0,0,0,0,0,0,0,256.25,0,0,0,0,0,0,0,0,13.28125,0,0,0,6.25,0,0,0,0,0,0,0,0,0,0,0,0,0,26.2758620689655
4,0,0,0,0,0,0,0,0,0,0,0,34,1,289225,6,1,0,0,1,0,0,0,0,0,0,1,0,0,1,0,1,0,0,1,0,0,0,0,0,0,1,0,0,1,0,29,2,230,0,0,0,0,0,0,0,0,0,0,0,0,0,0,85000,236300,0,0,72900,0,0,0,431566.666666667,0,431566.666666667,0,0,151600,151600,3569000,0,0,3569000,1266591.66666667,-8872.30333333333,49143.68,40271.3766666667,3609271.37666667,354908.333333333,4683991.66666667,191871.376666667,4875863.04333333,-3254363.04333333,1621500,13,248,367,0,57200,793600,770700,0,0,0,0,0,0,0,0,0,0,0,0,0,0,0,124,0,0,0,59,0,183,32,0,0,0,0,0,9,0,0,84,0,0,0,0,0,0,0,0,58,0,0,0,0,0,0,0,0,0,0,0,0,0,0,0,0,0,26.2758620689655
4,0,0,0,0,0,0,0,0,0,0,0,34,1,289225,6,1,0,0,1,0,1,0,0,1,0,0,0,0,0,0,1,0,0,1,0,1,0,0,1,0,0,0,0,0,0,20,2,400,0,0,0,0,0,0,0,0,0,0,0,0,0,0,19100,31500,0,0,35100,0,0,20600,172683.333333333,71250,243933.333333333,356400,334600,0,334600,3303613,353210,0,3656823,1349068.33333333,140058.909333333,46662.7252,186721.634533333,3824934.63453333,479931.666666667,4652681.33333333,521321.634533333,5174002.96786667,-3345002.96786667,1829000,0,590,0,0,0,1829000,0,0,0,0,0,0,0,0,0,0,0,0,0,0,0,0,73,35,11,11,69,0,199,0,0,0,0,0,0,6,0,3,49,0,0,0,0,12,92,0,0,31,0,0,0,0,0,0,0,0,0,0,0,0,0,0,0,0,6,26.2758620689655
4,0,0,0,0,0,0,0,0,0,0,0,34,1,289225,6,1.83,0,0,1.83,0,1.83,0,0,1.83,0,0,0,0,0,0,1.83,0,0,1.83,0,1.83,0,0,1.83,0,0,0,0,0,0,8,2,355.191256830601,0,0,0,0,0,0,0,0,0,0,0,0,0,0,28415.3005464481,12622.9508196721,0,0,0,0,0,40928.9617486339,26393.4426229508,21803.2786885246,48196.7213114754,125806.010928962,299945.355191257,0,299945.355191257,756665.027322404,366120.218579235,25683.0601092896,1148468.30601093,919689.951201466,36649.368852459,15257.4004371585,51906.7692896175,1125825.42464553,-690181.754480154,1693663.25136612,351852.124480874,2045515.37584699,-1816007.17912568,229508.196721311,21.8579234972678,0,0,0,229508.196721311,0,0,0,0,0,0,0,0,0,0,0,0,0,0,0,0,0,27.3224043715847,0,0,0,13.1147540983607,11.4754098360656,51.9125683060109,0,0,0,0,0,0,0,0,0,3.27868852459016,0,0,0,0,0,23.4972677595628,0,0,24.5901639344262,0,0,0,0,0,0,0,0,0,0,0,0,0,0,0,0,0.546448087431694,26.2758620689655
4,0,0,0,0,0,0,0,0,0,0,0,34,2,289225,5,2,0,0,2,0,2,0,0,2,0,0,0,0,0,0,2,0,0,2,0,2,0,0,2,0,0,0,0,0,0,21,2,415,0,0,0,0,0,0,0,0,0,0,0,0,0,0,34700,123400,0,25600,1750,250200,0,7200,93715,122250,215965,162516.666666667,387200,0,387200,1631600,2130788,52000,3814388,3270794.30769253,114513.747866667,52789.7512,167303.499066667,2208653.85804081,4720855.69230747,4924944.66666667,554503.499066667,5479448.16573333,2512201.83426667,7991650,134.5,1221.5,1692,696.5,538000,3542350,3214800,696500,0,0,0,0,0,0,0,0,0,0,0,0,0,0,0,80,82,28,22,27.5,239.5,22,0,0,0,0,0,0,0,0,178,0,0,0,0,0,0,0,0,27.5,0,0,0,12,0,0,0,0,0,0,0,0,0,0,0,0,0,22.95
4,0,0,0,0,0,0,0,0,0,0,0,34,2,289225,6,2.4,0,0,2.4,0,2.4,0,0,2.4,0,0,0,0,0,0,2.4,0,0,2.4,0,2.4,0,0,2.4,0,0,0,0,0,0,10.75,1,397.5,0,0,0,0,0,0,0,0,0,0,0,0,0,0,0,52458.3333333333,0,15750,2458.33333333333,0,0,47416.6666666667,262930.555555556,0,262930.555555556,0,485333.333333333,0,485333.333333333,735912.5,2650850,56250,3443012.5,3365116.2786158,-72768.3666666667,44157.5883333333,-28610.7783333333,1204857.66527309,-1747824.61194914,4113251.38888889,456722.555,4569973.94388889,-2952682.27722222,1617291.66666667,122.083333333333,175.416666666667,211.666666666667,116.25,512750,543791.666666667,444500,116250,62.5,0,0,0,0,0,0,0,0,0,0,0,0,0,4.16666666666667,0,55,90,28.75,5.41666666666667,183.333333333333,0,0,0,0,0,0,0,20,0,116.666666666667,0,0,0,0,0,7.08333333333333,4.16666666666667,0,27.0833333333333,0,0,0,8.33333333333333,0,0,0,0,0,0,0,0,0,0,0,0,0,22.95
4,0,0,0,0,0,0,0,0,0,0,0,34,2,289225,6,3,0,0,3,0,0,0,0,0,0,3,0,0,3,0,2,0,0,2,0,0,0,0,0,0,2,0,0,2,0,18,2,87,0,0,0,0,0,0,0,0,0,0,0,0,0,0,106650,23000,0,0,0,0,0,0,23136.6666666667,37050,60186.6666666667,115112.5,0,135000,135000,2391207.5,0,0,2391207.5,729174.166666667,55379.4591666667,31258.633,86638.0921666667,2477845.59216667,1198025.83333333,2985381.66666667,221638.092166667,3207019.75883333,-1279819.75883333,1927200,0,876,0,0,0,1927200,0,0,0,0,0,0,0,0,0,0,0,0,0,0,0,0,58.5,70.5,0,0,16.5,0,145.5,0,0,0,0,0,0,12.5,0,0,102.5,0,0,0,0,0,11,0,0,19.5,0,0,0,0,0,0,0,0,0,0,0,0,0,0,0,0,0,22.95
4,0,0,0,0,0,0,0,0,0,0,0,34,3,289225,5,3,0,0,3,0,0,0,0,0,0,3,0,0,3,0,3,0,0,3,0,0,0,0,0,0,3,0,0,3,0,23,2,466.666666666667,0,0,0,0,0,0,0,0,0,0,0,0,0,0,51733.3333333333,35933.3333333333,0,0,11700,0,0,6733.33333333333,89777.7777777778,25333.3333333333,115111.111111111,79200,0,293700,293700,2809586.33333333,126280,0,2935866.33333333,1009616.11111111,38316.2066666667,37720.3825333333,76036.5892,2885622.92253333,3213317.22222222,3525502.44444444,369736.5892,3895239.03364444,327694.299688889,4222933.33333333,0,1319.66666666667,0,0,0,4222933.33333333,0,0,0,0,0,0,0,0,0,0,0,0,0,0,0,0,83,32,7,0,40,0,162,0,0,0,0,0,0,5,7.33333333333333,2,61.6666666666667,0,0,0,0,3.66666666666667,42.6666666666667,4.33333333333333,0,20.6666666666667,0,0,0,0.333333333333333,0,0,0,0,0,0,0,0,0,0,0,0,14.3333333333333,15.1666666666667
4,0,0,0,0,0,0,0,0,0,0,0,34,3,289225,6,14,0,0,14,0,14,0,0,14,0,0,0,0,0,0,3,0,0,3,0,3,0,0,3,0,0,0,0,0,0,31,2,533.333333333333,0,0,0,0,0,0,0,0,0,0,0,0,0,0,23433.3333333333,24333.3333333333,0,0,0,128000,0,0,77827.7777777778,67916.6666666667,145744.444444444,0,291200,0,291200,1250518.33333333,307706.666666667,7333.33333333333,1565558.33333333,919890.909822608,60643.5502222222,21592.43,82235.9802222222,1629839.51484406,559842.423510725,2176294.44444444,373435.980222222,2549730.42466667,-1069997.09133333,1479733.33333333,0,477.333333333333,0,0,0,1479733.33333333,0,0,0,0,0,0,0,0,0,0,0,0,0,0,0,0,33.3333333333333,18.3333333333333,9.33333333333333,0,17.6666666666667,4.66666666666667,83.3333333333333,0,0,0,0,0,0,2.33333333333333,0,1.66666666666667,45.6666666666667,0,0,0,0,8,8,0,0,17.6666666666667,0,0,0,0,0,0,0,0,0,0,0,0,0,0,0,0,0,15.1666666666667
4,0,0,0,0,0,0,0,0,0,0,0,34,3,289225,6,3.96,0,0,3.96,0,3.96,0,0,3.96,0,0,0,0,0,0,3.96,0,0,3.96,0,3.96,0,0,3.96,0,0,0,0,0,0,30,1,378.787878787879,0,0,0,0,0,0,0,0,0,0,0,0,0,0,94545.4545454545,127272.727272727,0,9040.40404040404,2651.51515151515,0,0,1818.18181818182,15427.6094276094,0,15427.6094276094,0,162954.545454545,0,162954.545454545,2558567.67676768,556120.454545455,105050.505050505,3219738.63636364,1114857.87463204,19.4496296296298,42842.8297979798,42862.2794276094,2850678.47886964,638096.670822502,3759719.52861953,205816.824882155,3965536.35350168,-2212581.80804714,1752954.54545455,15.9090909090909,170.20202020202,555.30303030303,140.656565656566,63636.3636363636,493585.858585859,1055075.75757576,140656.565656566,0,0,0,0,0,0,0,0,0,0,0,0,0,0,113.131313131313,0,26.7676767676768,5.55555555555556,23.989898989899,0,169.444444444444,23.7373737373737,0,0,0,0,0,0,0,0,50.7575757575758,0,0,0,0,0,0,0,0,93.6868686868687,0,0,0,0,0,0,0,0,0,0,0,0,0,0,0,0,1.26262626262626,15.1666666666667
4,0,0,0,0,0,0,0,0,0,0,0,36,1,274120,6,1.3,0,0,1.3,0,1.3,0,0,1.3,0,0,0,0,0,0,1,0,0,1,0,1,0,0,1,0,0,0,0,0,0,21,2,600,0,0,0,0,0,0,0,0,0,0,0,0,0,0,0,53600,0,0,0,0,0,0,72291.6666666667,38000,110291.666666667,178200,77600,0,77600,1698232,0,0,1698232,616211.666666667,74637.77,21722.7168,96360.4868,1872192.4868,-284411.666666667,2314443.66666667,173960.4868,2488404.15346667,-2156604.15346667,331800,0,158,0,0,0,331800,0,0,0,0,0,0,0,0,0,0,0,0,0,0,0,0,0,8,0,0,69,0,77,40,0,0,0,0,0,0,0,0,8,0,0,0,0,0,0,0,0,29,0,0,0,0,0,0,0,0,0,0,0,0,0,0,0,0,0,26.8666666666667
4,0,0,0,0,0,0,0,0,0,0,0,36,1,274120,6,2,0,0,2,0,2,0,0,2,0,0,0,0,0,0,1.5,0,0,1.5,0,1.5,0,0,1.5,0,0,0,0,0,0,23,2,72.6666666666667,0,0,0,0,0,0,0,0,0,0,0,0,0,0,0,7533.33333333333,0,0,10133.3333333333,0,0,8000,47668.8888888889,2208.33333333333,49877.2222222222,46200,52266.6666666667,0,52266.6666666667,914426,0,0,914426,395863.888888889,11244.8383888889,11657.1490666667,22901.9874555556,989594.654122222,523936.111111111,1310289.88888889,75168.6541222222,1385458.54301111,-465658.543011111,919800,0,438,0,0,0,919800,0,0,0,0,0,0,0,0,0,0,0,0,0,0,0,0,22,18.6666666666667,0,0,11.3333333333333,0,52,0,0,0,0,0,0,0,0,5.33333333333333,35.3333333333333,0,0,0,0,0,0,0,0,11.3333333333333,0,0,0,0,0,0,0,0,0,0,0,0,0,0,0,0,0,26.8666666666667
4,0,0,0,0,0,0,0,0,0,0,0,36,1,274120,6,2.27,0,0,2.27,0,0,0,0,0,0,2.27,0,0,2.27,0,1,0,0,1,0,0,0,0,0,0,1,0,0,1,0,23,2,130,0,0,0,0,0,0,0,0,0,0,0,0,0,0,0,44100,0,0,0,0,0,0,166100,37050,203150,77216.6666666667,0,189500,189500,1200296,0,0,1200296,788086.666666667,42429.6173333333,15430.5104,57860.1277333333,1258156.12773333,-503686.666666667,1798882.66666667,247360.127733333,2046242.7944,-1761842.7944,284400,0,158,0,0,0,284400,0,0,0,0,0,0,0,0,0,0,0,0,0,0,0,0,7,40,0,0,23,0,70,7,0,0,0,0,0,0,0,0,40,0,0,0,0,0,13,0,0,10,0,0,0,0,0,0,0,0,0,0,0,0,0,0,0,0,0,26.8666666666667
4,0,0,0,0,0,0,0,0,0,0,0,36,1,274120,6,2.4,0,0,2.4,0,0.4,0,0,0.4,0,2,0,0,2,0,1.8,0,0,1.8,0,0.4,0,0,0.4,0,1.4,0,0,1.4,0,29,2,54.4444444444444,0,0,0,0,0,0,0,0,0,0,0,0,0,0,0,0,0,0,0,0,0,4000,25654.6296296296,307.777777777778,25962.4074074074,0,7666.66666666667,105277.777777778,112944.444444444,139370,0,0,139370,409360.185185185,831.107313333333,1777.788,2608.89531333333,149645.56198,-92693.5185185185,443452.407407407,115553.339757778,559005.747165185,-242339.080498518,316666.666666667,0,158.333333333333,0,0,0,316666.666666667,0,0,0,0,0,0,0,0,0,0,0,0,0,0,0,0,7.77777777777778,0,0,0,0,0,7.77777777777778,0,0,0,0,0,0,0,0,1.11111111111111,6.66666666666667,0,0,0,0,0,0,0,0,0,0,0,0,0,0,0,0,0,0,0,0,0,0,0,0,0,0,26.8666666666667
4,0,0,0,0,0,0,0,0,0,0,0,36,1,274120,6,3.12,0,0,3.12,0,3.12,0,0,3.12,0,0,0,0,0,0,1,0,0,1,0,1,0,0,1,0,0,0,0,0,0,24.25,2,350,0,0,0,0,0,0,0,0,0,0,0,0,0,0,0,227400,0,0,76300,0,0,618700,89446.6666666667,85300,174746.666666667,303600,276600,0,276600,3023626,0,0,3023626,1674866.66666667,131640.640266667,48930.7224,180571.362666667,3480797.36266667,-473666.666666667,4698492.66666667,457171.362666667,5155664.02933333,-3954464.02933333,1201200,0,462,0,0,0,1201200,0,0,0,0,0,0,0,0,0,0,0,0,0,0,0,0,57,15,0,0,79,0,151,0,0,0,0,0,0,0,0,3,27,0,0,0,0,61,0,0,0,58,0,0,0,2,0,0,0,0,0,0,0,0,0,0,0,0,0,26.8666666666667
4,0,0,0,0,0,0,0,0,0,0,0,36,1,274120,6,8.32,0,0,8.32,0,8.32,0,0,8.32,0,0,0,0,0,0,1.62,0,0,1.62,0,1.62,0,0,1.62,0,0,0,0,0,0,30.5,2,152.469135802469,0,0,0,0,0,0,0,0,0,0,0,0,0,0,0,11049.3827160494,0,0,0,0,0,0,72582.304526749,18765.4320987654,91347.7366255144,0,215679.012345679,0,215679.012345679,234408.024691358,0,0,234408.024691358,376517.119341564,24457.4563786008,3043.67185185185,27501.1282304527,477588.16526749,144470.534979424,610925.144032922,243180.140576132,854105.284609053,-333117.630288066,520987.654320988,30.2469135802469,32.716049382716,90.7407407407407,0,160308.641975309,170123.456790123,190555.555555556,0,0,0,0,0,0,0,0,0,0,0,0,0,0,0,3.08641975308642,0.617283950617284,0,0,7.40740740740741,0,11.1111111111111,0,0,0,0,0,0,0,0,0,3.7037037037037,0,0,0,0,0,0,0,0,7.40740740740741,0,0,0,0,0,0,0,0,0,0,0,0,0,0,0,0,0,26.8666666666667
4,0,0,0,0,0,0,0,0,0,0,0,36,1,274120,6,9,0,0,9,0,9,0,0,9,0,0,0,0,0,0,1,0,0,1,0,1,0,0,1,0,0,0,0,0,0,23,2,230,0,0,0,0,0,0,0,0,0,0,0,0,0,0,0,4200,0,0,0,0,0,8100,106933.333333333,6062.5,112995.833333333,316800,157800,0,157800,232676,0,0,232676,716215.833333333,28956.0470333333,3037.7024,31993.7494333333,422469.749433333,-665815.833333333,948891.833333333,189793.749433333,1138685.58276667,-1088285.58276667,50400,0,21,0,0,0,50400,0,0,0,0,0,0,0,0,0,0,0,0,0,0,0,0,4,0,0,0,7,0,11,0,0,0,0,0,0,0,0,1,3,0,0,0,0,7,0,0,0,0,0,0,0,0,0,0,0,0,0,0,0,0,0,0,0,0,0,26.8666666666667
4,0,0,0,0,0,0,0,0,0,0,0,36,2,274120,6,2.2,0,0,2.2,0,0,0,0,0,0,2.2,0,0,2.2,0,2,0,0,2,0,0,0,0,0,0,2,0,0,2,0,38,2,90,0,0,0,0,0,0,0,0,0,0,0,0,0,0,0,35250,0,0,0,0,0,0,38425,30400,68825,0,0,94800,94800,613125.5,0,0,613125.5,472995,36687.663,8039.8562,44727.5192,657853.0192,420055,991320.5,139527.5192,1130848.0192,-237798.0192,893050,168.5,0,0,0,893050,0,0,0,0,0,0,0,0,0,0,0,0,0,0,0,0,0,19.5,4,0,0,9,0,32.5,7,0,0,0,0,0,0,0,0,21.5,0,0,0,0,0,0,0,0,4,0,0,0,0,0,0,0,0,0,0,0,0,0,0,0,0,0,12.1428571428571
4,0,0,0,0,0,0,0,0,0,0,0,36,2,274120,6,2.31,0,0,2.31,0,2.31,0,0,2.31,0,0,0,0,0,0,2.18,0,0,2.18,0,2.18,0,0,2.18,0,0,0,0,0,0,33,2,242.201834862385,0,0,0,0,0,0,0,0,0,0,0,0,0,0,0,9449.54128440367,7981.65137614679,0,6422.01834862385,0,0,1376.14678899083,58171.7316513762,6010.32110091743,64182.0527522936,0,167889.908256881,0,167889.908256881,1331629.81651376,0,0,1331629.81651376,363531.410550459,8253.09907110092,16825.0537614679,25078.1528325688,1524597.87760321,-80320.4013761468,1695161.22706422,192968.06108945,1888129.28815367,-1604918.27897936,283211.009174312,0,134.862385321101,0,0,0,283211.009174312,0,0,0,0,0,0,0,0,0,0,0,0,0,0,0,0,43.5779816513762,25.2293577981651,0,0,9.63302752293578,0,78.4403669724771,0,0,0,0,0,0,0,0,3.6697247706422,50.4587155963303,0,0,0,0,0,0,14.6788990825688,0,9.63302752293578,0,0,0,0,0,0,0,0,0,0,0,0,0,0,0,0,0,12.1428571428571
4,0,0,0,0,0,0,0,0,0,0,0,36,2,274120,6,2.83,0,0,2.83,0,0,0,0,0,0,2.83,0,0,2.83,0,2,0,0,2,0,0,0,0,0,0,2,0,0,2,0,26.5,2,99,0,0,0,0,0,0,0,0,0,0,0,0,0,0,0,1900,0,0,3550,0,0,0,74012.5,9550,83562.5,0,0,309350,309350,233344.5,0,0,233344.5,672482.5,14940.4293333333,2961.0518,17901.4811333333,251245.981133333,-338082.5,596477,327251.481133333,923728.481133333,-589328.481133333,334400,0,176,0,0,0,334400,0,0,0,0,0,0,0,0,0,0,0,0,0,0,0,0,7.5,0.5,0,0,4,0,12,0,0,0,0,0,0,0,0,1.5,6.5,0,0,0,0,0,0,0,0,4,0,0,0,0,0,0,0,0,0,0,0,0,0,0,0,0,0,12.1428571428571
4,0,0,0,0,0,0,0,0,0,0,0,36,2,274120,6,3,0,0,3,0,3,0,0,3,0,0,0,0,0,0,2.5,0,0,2.5,0,2.5,0,0,2.5,0,0,0,0,0,0,25,2,280,0,0,0,0,0,0,0,0,0,0,0,0,0,0,0,4200,0,0,0,0,0,0,109126.666666667,6650,115776.666666667,28520,23280,0,23280,92000,21502.8,0,113502.8,444119.466666667,16406.3283999999,1459.51472,17865.84312,133145.84312,-415559.466666667,536119.466666667,41145.84312,577265.309786667,-548705.309786667,28560,0,16.8,0,0,0,28560,0,0,0,0,0,0,0,0,0,0,0,0,0,0,0,0,0,0,1.2,0,4,0,5.2,0,0,0,0,0,0,0,0,0,1.2,0,0,0,0,0,0,0,0,4,0,0,0,0,0,0,0,0,0,0,0,0,0,0,0,0,0,12.1428571428571
4,0,0,0,0,0,0,0,0,0,0,0,36,2,274120,6,3.1,0,0,3.1,0,3.1,0,0,3.1,0,0,0,0,0,0,2.1,0,0,2.1,0,2.1,0,0,2.1,0,0,0,0,0,0,38,2,142.857142857143,0,0,0,0,0,0,0,0,0,0,0,0,0,0,0,18523.8095238095,0,0,0,0,0,0,109388.888888889,10857.1428571429,120246.031746032,84857.1428571429,268047.619047619,0,268047.619047619,622630.476190476,0,0,622630.476190476,497746.984126984,11655.6555555556,7950.31314285714,19605.9686984127,910284.063936508,223395.873015873,1120377.46031746,287653.587746032,1408031.04806349,-686888.190920635,721142.857142857,0,300.47619047619,0,0,0,721142.857142857,0,0,0,0,0,0,0,0,0,0,0,0,0,0,0,0,14.2857142857143,10,0,0,10,0,34.2857142857143,0,0,0,0,0,4.76190476190476,0,0,0,19.5238095238095,0,0,0,0,0,3.80952380952381,0,0,6.19047619047619,0,0,0,0,0,0,0,0,0,0,0,0,0,0,0,0,0,12.1428571428571
4,0,0,0,0,0,0,0,0,0,0,0,36,3,274120,6,4.62,0.2,0,4.42,0,4.62,0.2,0,4.42,0,0,0,0,0,0,4.12,0.2,0,3.92,0,4.12,0.2,0,3.92,0,0,0,0,0,0,29.8571428571429,2,47.0873786407767,0,0,0,0,0,0,0,0,0,0,0,0,0,0,0,5097.08737864078,0,0,0,0,0,0,52574.8381877023,27055.0161812298,79629.8543689321,0,124878.640776699,0,124878.640776699,199327.427184466,0,0,199327.427184466,358846.941747573,24758.5387540453,2534.86398058253,27293.4027346278,351499.470695793,8580.24271844665,558174.368932039,152172.043511327,710346.412443366,-342919.227977346,367427.18446602,0,204.126213592233,0,0,0,367427.18446602,0,0,0,0,0,0,0,0,0,0,0,0,0,0,0,0,2.66990291262136,7.28155339805825,0,0,2.18446601941748,0,12.1359223300971,0,0,0,0,0,0,0,0,0,9.95145631067961,0,0,0,0,0,0,0,0,2.18446601941748,0,0,0,0,0,0,0,0,0,0,0,0,0,0,0,0,0,10.9166666666667
4,0,0,0,0,0,0,0,0,0,0,0,38,1,283519,6,1.6,0,0,1.6,0,1.6,0,0,1.6,0,0,0,0,0,0,1,0,0,1,0,1,0,0,1,0,0,0,0,0,0,23,2,282,0,0,0,0,0,0,0,0,0,0,0,0,0,0,0,111300,0,14700,15200,0,0,0,308220,0,308220,0,46000,0,46000,3775431,0,0,3775431,732939,20672.784,48566.2244,69239.0084,3890670.0084,1275061,4508370,115239.0084,4623609.0084,-2615609.0084,2008000,49,580,131,172,171500,1450000,248900,137600,0,0,0,0,0,0,0,0,0,0,0,0,0,0,157,35,0,0,24,0,216,0,0,0,0,0,0,0,0,19,121,0,0,0,0,16,36,0,0,24,0,0,0,0,0,0,0,0,0,0,0,0,0,0,0,0,0,22.92
4,0,0,0,0,0,0,0,0,0,0,0,38,1,283519,6,4,0,0,4,0,4,0,0,4,0,0,0,0,0,0,1.5,0,0,1.5,0,1.5,0,0,1.5,0,0,0,0,0,0,25,2,246.666666666667,0,0,0,0,0,0,0,0,0,0,0,0,0,0,0,9533.33333333333,0,0,0,0,0,0,52811.1111111111,0,52811.1111111111,0,96800,0,96800,2593114,0,0,2593114,345863.444444444,5125.00266666667,32272.8269333333,37397.8296,2727311.8296,1734003.22222222,2938977.44444444,134197.8296,3073175.27404444,-993308.607377778,2079866.66666667,26,534,367.333333333333,110,85800,1281600,624466.666666667,88000,0,0,0,0,0,0,0,0,0,0,0,0,0,0,75.3333333333333,70.6666666666667,0,0,11.3333333333333,0,157.333333333333,0,0,0,0,0,0,0,0,0,145.333333333333,0,0,0,0,0,0,0,0,11.3333333333333,0,0,0,0,0,0,0,0,0,0,0,0,0,0,0,0,0.666666666666667,22.92
4,0,0,0,0,0,0,0,0,0,0,0,38,2,283519,6,2.1,0,0,2.1,0,2.1,0,0,2.1,0,0,0,0,0,0,2.02,0,0,2.02,0,2.02,0,0,2.02,0,0,0,0,0,0,25.5,2,195.544554455446,0,0,0,0,0,0,0,0,0,0,0,0,0,0,0,0,0,0,0,0,0,0,99653.4653465346,0,99653.4653465346,0,335544.554455446,0,335544.554455446,479429.207920792,124191.089108911,0,603620.297029703,507363.554455445,7959.14257425742,7484.89168316832,15444.0342574257,830417.796633663,-300432.861386139,986792.762376238,350988.588712871,1337781.35108911,-1130850.6580198,206930.693069307,0,94.0594059405941,0,0,0,206930.693069307,0,0,0,0,0,0,0,0,0,0,0,0,0,0,0,0,0,34.1584158415842,6.93069306930693,0,0,0,41.0891089108911,0,0,0,0,0,0,0,0,2.47524752475248,26.2376237623762,0,0,0,0,0,0,0,0,11.8811881188119,0,0,0,0,0,0,0,0,0,0,0,0,0,0,0,0,0.495049504950495,15.5789473684211
4,0,0,0,0,0,0,0,0,0,0,0,38,2,283519,6,2.24,0,0,2.24,0,2.24,0,0,2.24,0,0,0,0,0,0,2.24,0,0,2.24,0,2.24,0,0,2.24,0,0,0,0,0,0,13,2,191.964285714286,0,0,0,0,0,0,0,0,0,0,0,0,0,0,12187.5,17812.5,92187.5,0,0,0,0,19285.7142857143,114919.642857143,0,114919.642857143,0,66741.0714285714,0,66741.0714285714,1211784.82142857,0,0,1211784.82142857,539911.857142857,6374.89535714286,16780.3996428571,23155.295,1301681.18785714,688391.714285714,1751696.67857143,89896.3664285714,1841593.045,-613289.473571429,1228303.57142857,14.2857142857143,58.9285714285714,216.964285714286,833.928571428571,50892.8571428571,141428.571428571,368839.285714286,667142.857142857,0,0,0,0,0,0,0,0,0,0,0,0,0,0,36.6071428571429,23.2142857142857,0,0,10.7142857142857,0,70.5357142857143,0,0,0,0,0,0,0,11.6071428571429,1.33928571428571,46.4285714285714,0,0,0,0,0,0,0,0,10.7142857142857,0,0,0,0,0,0,0,0,0,0,0,0,0,0,0,0,0.446428571428571,15.5789473684211
4,0,0,0,0,0,0,0,0,0,0,0,38,2,283519,6,2.3,0,0,2.3,0,2.3,0,0,2.3,0,0,0,0,0,0,2.3,0,0,2.3,0,2.3,0,0,2.3,0,0,0,0,0,0,28,2,239.130434782609,0,0,0,0,0,0,0,0,0,0,0,0,0,0,0,20434.7826086957,0,3521.73913043478,2043.47826086957,0,0,0,85226.0869565217,0,85226.0869565217,0,84173.9130434783,0,84173.9130434783,854378.260869565,0,0,854378.260869565,394745.086956522,3310.25008695652,10916.6904347826,14226.9405217391,952779.114434783,26559.2608695652,1249123.34782609,98400.8535652174,1347524.2013913,-926219.853565217,421304.347826087,0,0,247.826086956522,0,0,0,421304.347826087,0,0,0,0,0,0,0,0,0,0,0,0,0,0,0,26.5217391304348,1.30434782608696,0,0,15.6521739130435,0,43.4782608695652,12.1739130434783,0,0,0,0,0,0,0,1.30434782608696,18.2608695652174,0,0,0,0,0,8.26086956521739,0,0,3.47826086956522,0,0,0,0,0,0,0,0,0,0,0,0,0,0,0,0,0,15.5789473684211
4,0,0,0,0,0,0,0,0,0,0,0,38,2,283519,6,2.33,0,0,2.33,0,2.33,0,0,2.33,0,0,0,0,0,0,2.28,0,0,2.28,0,2.28,0,0,2.28,0,0,0,0,0,0,35,2,197.368421052632,0,0,0,0,0,0,0,0,0,0,0,0,0,0,0,57105.2631578947,0,0,15350.8771929825,0,0,52719.298245614,118684.210526316,5000,123684.210526316,182368.421052632,342587.719298246,0,342587.719298246,1401227.19298246,0,0,1401227.19298246,714747.070175439,42318.9157894737,18927.3926315789,61246.3084210526,1805061.22070175,1511744.15789474,2115974.26315789,403834.027719298,2519808.29087719,-293317.062807017,2226491.22807018,34.2105263157895,333.771929824561,651.754385964912,90.7894736842105,112894.736842105,867807.01754386,1173157.89473684,72631.5789473684,0,0,0,0,0,0,0,0,0,0,0,0,0,0,35.9649122807018,29.8245614035088,0,0,14.4736842105263,0,80.2631578947368,0,0,0,0,0,0,0,0,8.33333333333333,56.5789473684211,0,0,0,0,0,0,0,0,14.4736842105263,0,0,0,0,0,0,0,0,0,0,0,0,0,0,0,0,0.87719298245614,15.5789473684211
4,0,0,0,0,0,0,0,0,0,0,0,38,2,283519,6,2.82,0,0,2.82,0,2.82,0,0,2.82,0,0,0,0,0,0,2.16,0,0,2.16,0,2.16,0,0,2.16,0,0,0,0,0,0,21,2,148.148148148148,0,0,0,0,0,0,0,0,0,0,0,0,0,0,13842.5925925926,26990.7407407407,109259.259259259,0,0,107777.777777778,0,0,67046.2962962963,0,67046.2962962963,110000,169027.777777778,0,169027.777777778,1116316.2037037,52083.3333333333,4629.62962962963,1173029.16666667,770725.373364219,16361.8918518518,17743.1542592593,34105.0461111111,1323872.283858,164644.997006152,1891464.83333333,203132.823888889,2094597.65722222,-1159227.28685185,935370.37037037,34.2592592592593,198.148148148148,180.555555555556,24.0740740740741,133611.111111111,475555.555555556,306944.444444444,19259.2592592593,0,0,0,0,0,0,0,0,0,0,0,0,0,0,29.6296296296296,30.0925925925926,0,0,8.7962962962963,2.77777777777778,71.2962962962963,0,0,0,0,0,0,0,6.48148148148148,2.77777777777778,28.7037037037037,0,0,0,0,0,19.4444444444444,0,0,13.4259259259259,0,0,0,0,0,0,0,0,0,0,0,0,0,0,0,0,0.462962962962963,15.5789473684211
4,0,0,0,0,0,0,0,0,0,0,0,38,3,283519,6,4.17,0,0,4.17,0,4.17,0,0,4.17,0,0,0,0,0,0,3.01,0,0,3.01,0,3.01,0,0,3.01,0,0,0,0,0,0,48,2,30.2325581395349,0,0,0,0,0,0,0,0,0,0,0,0,0,0,0,0,0,0,0,0,0,0,28066.4451827243,8305.64784053156,36372.0930232558,0,536046.511627907,0,536046.511627907,87766.1129568106,0,0,87766.1129568106,319891.093023256,10475.6023920266,1088.29980066445,11563.902192691,635376.526777409,-256037.272425249,407657.205980066,547610.413820598,955267.619800664,-891413.799202658,63853.8205980066,2.6578073089701,13.953488372093,11.2956810631229,9.30232558139535,8770.76411960133,30697.6744186046,16943.5215946844,7441.86046511628,0,0,0,0,0,0,0,0,0,0,0,0,0,0,0,6.31229235880399,0,0,0,0,6.31229235880399,0,0,0,0,0,0,0,0,0,6.31229235880399,0,0,0,0,0,0,0,0,0,0,0,0,0,0,0,0,0,0,0,0,0,0,0,0,0,0,18.7
4,0,0,0,0,0,0,0,0,0,0,0,99,1,263414,6,1.37,0,0,1.37,0,0.37,0,0,0.37,0,1,0,0,1,0,1.37,0,0,1.37,0,0.37,0,0,0.37,0,1,0,0,1,0,9,2,266.423357664234,0,0,0,0,0,0,0,0,0,0,0,0,0,0,21532.8467153285,39270.0729927007,0,11240.8759124088,6861.31386861314,0,0,4744.52554744526,206279.805352798,2080.29197080292,208360.097323601,46248.1751824817,318832.116788321,207445.255474453,526277.372262774,2497194.16058394,0,0,2497194.16058394,809117.163017032,7065.8805352798,32002.4630656934,39068.3436009732,2855094.62097324,878182.107055961,3098866.06812652,565345.715863747,3664211.78399027,-1976912.51391728,1687299.27007299,130.656934306569,524.087591240876,53.2846715328467,0,494744.525547445,1100583.94160584,91970.802919708,0,0,0,0,0,0,0,0,0,0,0,0,0,0,0,69.3430656934306,56.2043795620438,0,0,20.4379562043796,0,145.985401459854,8.02919708029197,0,0,0,0,0,0,7.2992700729927,15.3284671532847,91.2408759124088,0,0,0,0,0,0,0,0,24.0875912408759,0,0,0,0,0,0,0,0,0,0,0,0,0,0,0,0,0,26.25
4,0,0,0,0,0,0,0,0,0,0,0,99,3,263414,6,6.5,0,0,6.5,0,0,0,0,0,0,6.5,0,0,6.5,0,3,0,0,3,0,0,0,0,0,0,3,0,0,3,0,8,2,403.333333333333,0,0,0,0,0,0,0,0,0,0,0,0,0,0,0,19833.3333333333,0,0,0,0,0,247200,15435.5555555556,950,16385.5555555556,0,0,189500,189500,514350.666666667,154161.333333333,0,668512,890494.222222222,1087.22648888889,11600.7621333333,12687.9886222222,527038.655288889,2102539.11111111,1215344.88888889,202187.988622222,1417532.87751111,1575500.45582222,2993033.33333333,558.666666666667,218,34.6666666666667,22,2363500,555200,58933.3333333333,15400,0,0,0,0,0,0,0,0,0,0,0,0,0,0,0,36.6666666666667,0,11,0,0,47.6666666666667,0,0,0,0,0,0,0,0,4.66666666666667,42,0,0,0,0,0,0,0,0,0,0,0,0,1,0,0,0,0,0,0,0,0,0,0,0,0,0,17
4,0,0,0,0,0,0,0,0,0,0,106000,34,3,289225,6,4,0,0,4,0,0,0,0,0,0,4,0,0,4,0,4,0,0,4,0,0,0,0,0,0,4,0,0,4,0,27,2,400,26500,0,26500,0,0,0,0,0,0,0,0,0,0,26500,81300,19825,0,0,10550,0,0,0,34745.8333333333,0,34745.8333333333,0,0,284250,284250,1793109.75,467420,13000,2273529.75,1216503.90235786,1403.45783333333,29905.1389,31308.5967333333,1834730.2777088,1002846.09764214,2735675.58333333,315558.596733333,3051234.18006667,-831884.180066667,2219350,0,652.75,0,0,0,2219350,0,0,0,0,0,0,0,0,0,0,0,0,0,0,762.25,762.25,57.75,24.75,24,0,20.5,0,127,0,0,0,0,0,0,7.75,0,2.5,35,27.25,0,0,0,4,34.5,0,0,15.5,0,0,0,0.5,0,0,0,0,0,0,0,0,0,0,0,0,0,15.1666666666667
4,0,0,0,0,0,0,0,0,0,0,1402000,99,2,263414,6,2.51,0.05,0.27,2.19,0,1.13,0,0.08,1.05,0,1.38,0.05,0.19,1.14,0,2.51,0.05,0.27,2.19,0,1.13,0,0.08,1.05,0,1.38,0.05,0.19,1.14,0,8,2,310.756972111554,558565.737051793,0,558565.737051793,0,0,0,0,0,0,0,0,0,0,558565.737051793,0,76175.2988047809,0,3067.72908366534,4183.26693227092,0,0,134661.354581673,17749.0039840637,16494.0239043825,34243.0278884462,29035.8565737052,85059.7609561753,135896.414342629,220956.175298805,802705.976095618,1683321.9123506,0,2486027.88844622,2922564.59760956,18856.850438247,40457.2478087649,59314.098247012,947079.835298805,2058989.187251,3589374.15936255,280270.273545817,3869644.43290837,1111909.35195219,4981553.78486056,703.585657370518,787.649402390438,260.956175298805,44.6215139442231,2454143.42629482,2080039.84063745,413107.569721116,34262.9482071713,0,0,0,0,0,0,0,0,0,0,0,0,1518.32669322709,1518.32669322709,0,57.3705179282869,76.8924302788845,0,0,15.1394422310757,149.402390438247,0,0,0,0,0,0,0,0,11.9521912350598,90.4382470119522,3.98406374501992,0,0,0,0,0,0,0,38.2470119521912,0,0,0,4.7808764940239,0,0,0,0,0,0,0,0,0,0,0,0,0,26.25
4,0,0,0,0,0,0,0,0,0,0,1583000,38,2,283519,6,2.75,0,0,2.75,0,2.75,0,0,2.75,0,0,0,0,0,0,2.4,0,0,2.4,0,2.4,0,0,2.4,0,0,0,0,0,0,23,2,104.166666666667,659583.333333333,0,659583.333333333,0,0,0,0,0,0,0,0,0,0,659583.333333333,0,22208.3333333333,0,0,3416.66666666667,0,0,2416.66666666667,77812.5,2473.95833333333,80286.4583333333,0,376083.333333333,0,376083.333333333,2501628.33333333,0,0,2501628.33333333,1051430.45833333,8897.11625,39546.7413333333,48443.8575833333,2926155.52425,1609194.54166667,3553058.79166667,424527.190916667,3977585.98258333,-1316960.98258333,2660625,163.333333333333,521.25,349.166666666667,115,637000,1303125,628500,92000,0,0,0,0,0,0,0,0,0,0,0,0,1587.91666666667,1587.91666666667,80.8333333333333,52.5,0,0,15.4166666666667,0,148.75,0,0,0,0,0,0,0,0,0,107.5,14.1666666666667,0,0,0,0,17.0833333333333,0,0,10,0,0,0,0,0,0,0,0,0,0,0,0,0,0,0,0,0,15.5789473684211
4,0,0,0,0,0,0,0,0,0,0,24009000,99,4,263414,6,13,0,0,13,0,13,0,0,13,0,0,0,0,0,0,13,0,0,13,0,13,0,0,13,0,0,0,0,0,0,22.2857142857143,2,243.846153846154,1846846.15384615,0,1846846.15384615,0,0,0,0,0,0,0,0,0,0,1846846.15384615,280107.692307692,105007.692307692,0,0,0,0,990000,0,48365.7692307692,65384.6153846154,113750.384615385,53104.6153846154,373284.615384615,0,373284.615384615,652319,4547307.69230769,274000,5473626.69230769,8439163.5695528,66352.2445230769,107825.294061538,174177.538584615,1234155.81518566,295113.353524126,9125857.23076923,547462.153969231,9673319.38473846,-939042.461661538,8734276.92307692,330.769230769231,933.615384615385,500.538461538462,28.6153846153846,2083846.15384615,4668076.92307692,1952100,30253.8461538462,0,0,0,0,0,0,0,0,0,0,0,0,1886.69230769231,1886.69230769231,25.6923076923077,6.61538461538461,110.153846153846,132.230769230769,4.53846153846154,52.6923076923077,331.923076923077,0,0,0,0,0,0,45.8461538461538,0,24.1538461538462,86.6923076923077,51.8461538461538,0,0,0,18.5384615384615,0,0,0,43.4615384615385,0,0,0,61.3846153846154,0,0,0,0,0,0,0,0,0,0,0,0,0,12.875
4,0,0,0,0,0,0,0,0,0,0,280000,34,1,289225,6,1.48,0,0,1.48,0,1.48,0,0,1.48,0,0,0,0,0,0,1.48,0,0,1.48,0,1.48,0,0,1.48,0,0,0,0,0,0,30.5,2,304.054054054054,189189.189189189,0,189189.189189189,0,0,0,0,0,0,0,0,0,0,189189.189189189,70945.9459459459,0,23918.9189189189,0,13445.9459459459,0,0,548040.540540541,174596.565315315,11554.0540540541,186150.619369369,240810.810810811,524594.594594595,0,524594.594594595,3062697.97297297,731068.918918919,0,3793766.89189189,2292795.88963964,65192.5157995496,57527.4121621622,122719.927961712,3710012.49552928,2490041.9481982,5355493.86261261,647314.522556306,6002808.38516892,-1219970.54733108,4782837.83783784,251.351351351351,575,742.567567567568,471.621621621622,1008648.64864865,1782500,1534256.75675676,457432.432432432,0,0,0,0,0,0,0,0,0,0,0,0,514.864864864865,514.864864864865,89.1891891891892,59.4594594594595,22.972972972973,22.972972972973,27.7027027027027,0,222.297297297297,0,0,0,0,0,0,20.2702702702703,0,0,141.891891891892,7.43243243243243,0,0,0,0,0,0.675675675675676,0,27.7027027027027,0,0,0,0.675675675675676,0,0,0,0,0,0,0,0,0,0,0,0,23.6486486486486,26.2758620689655
4,0,0,0,0,0,0,0,0,0,0,303000,38,1,283519,5,2.15,0,0,2.15,0,2.15,0,0,2.15,0,0,0,0,0,0,1.43,0,0,1.43,0,1.43,0,0,1.43,0,0,0,0,0,0,17.9,2,398.601398601399,211888.111888112,0,211888.111888112,0,0,0,0,0,0,0,0,0,0,211888.111888112,0,139370.629370629,0,6013.98601398601,25104.8951048951,0,0,10069.9300699301,114923.076923077,0,114923.076923077,110769.230769231,146223.776223776,0,146223.776223776,5973213.98601399,92307.6923076923,0,6065521.67832168,993966.552447552,24433.5323076923,80078.8184615385,104512.350769231,6223950.11300699,5997711.76923077,6967180.53846154,250736.126993007,7217916.66545454,-226238.343776223,6991678.32167832,0,2589.51048951049,0,0,0,6991678.32167832,0,0,0,0,0,0,0,0,0,0,0,0,0,0,532.867132867133,532.867132867133,171.328671328671,123.776223776224,0,11.8881118881119,51.7482517482517,0,358.741258741259,14.6853146853147,0,0,0,0,0,0,0,45.4545454545454,241.258741258741,9.79020979020979,0,0,0,0,0,6.99300699300699,0,40.5594405594406,0,0,0,0,0,0,0,0,0,0,0,0,0,0,0,0,0,22.92
4,0,0,0,0,0,0,0,0,0,0,470000,38,1,283519,6,1.4,0,0.33,1.07,0,1.4,0,0.33,1.07,0,0,0,0,0,0,1.4,0,0.33,1.07,0,1.4,0,0.33,1.07,0,0,0,0,0,0,18.8333333333333,2,350,335714.285714286,0,335714.285714286,0,0,0,0,0,0,0,0,0,0,335714.285714286,0,128642.857142857,0,11500,19214.2857142857,0,0,10285.7142857143,104657.142857143,0,104657.142857143,0,120500,0,120500,5746167.85714286,1339784.28571429,0,7085952.14285714,2233317.57142857,11083.4742857143,94132.2351428571,105215.709428571,5971883.56657143,-775817.571428572,7979485.42857143,225715.709428571,8205201.138,-6747701.138,1457500,99.2857142857143,226.428571428571,210.714285714286,122.857142857143,347500,611357.142857143,400357.142857143,98285.7142857143,0,0,0,0,0,0,0,0,0,0,0,0,816.428571428571,816.428571428571,142.142857142857,90,44.2857142857143,39.2857142857143,85.7142857142857,0,401.428571428571,47.1428571428571,0,0,0,0,0,0,0,116.428571428571,164.285714285714,16.4285714285714,0,0,0,22.8571428571429,0,0,0,29.2857142857143,0,0,0,0,0,0,0,0,0,0,0,0,0,0,0,0,5,22.92
4,0,0,0,0,0,0,0,0,0,0,4749000,38,4,283519,6,7.98,0,0,7.98,0,0,0,0,0,0,7.98,0,0,7.98,0,7.77,0,0,7.77,0,0,0,0,0,0,7.77,0,0,7.77,0,28,2,61.7760617760618,611196.911196911,0,611196.911196911,0,0,0,0,0,0,0,0,0,0,611196.911196911,0,4864.86486486487,0,0,1055.34105534106,0,0,0,12818.5328185328,543.400543400543,13361.9333619334,15714.2857142857,0,36602.3166023166,36602.3166023166,778910.038610039,0,0,778910.038610039,966314.652795653,4111.8837980838,17310.7367310167,21422.6205291005,800332.659139139,-76765.1032461032,1708622.37480337,58024.9371314171,1766647.31193479,-877097.762385242,889549.54954955,62.4195624195624,177.091377091377,97.039897039897,12.4839124839125,262162.162162162,442728.442728443,174671.814671815,9987.12998712999,0,0,0,0,0,0,0,0,0,0,0,0,1471.55727155727,1471.55727155727,23.037323037323,19.4337194337194,0,0,4.76190476190476,0,47.2329472329472,0,0,0,0,0,0,0,0,0,33.4620334620335,9.00900900900901,0,0,0,0,0,0,0,4.76190476190476,0,0,0,0,0,0,0,0,0,0,0,0,0,0,0,0,0,9
4,0,0,0,0,0,0,0,0,0,0,4815000,99,4,263414,5,5,0,0,5,0,0,0,0,0,0,5,0,0,5,0,5,0,0,5,0,0,0,0,0,0,5,0,0,5,0,31,2,330,963000,0,963000,0,0,0,0,0,0,0,0,0,0,963000,251960,189200,0,0,0,0,0,3700,91952.3333333333,115000,206952.333333333,198000,0,473760,473760,3680883.2,1941081.6,101800,5723764.8,4526216.16245067,126379.054493333,88432.14752,214811.202013333,3962346.172896,5261603.83754933,7799991.13333333,688571.202013333,8488562.33534667,1299257.66465333,9787820,647.4,1324.2,636.4,90.4,3172260,4840900,1656120,118540,0,0,0,0,0,0,0,0,0,0,0,0,2013.4,2013.4,65,84.2,75.4,37.2,60.4,0,322.2,0,0,0,0,0,0,15.2,1.8,37,158.8,9.2,0,0,0,0,76,0,0,18.8,0,0,0,0.6,0,0,0,0,0,0,0,0,0,0,0,0,4.8,12.875
4,0,0,0,0,0,0,0,0,0,0,693000,36,1,274120,6,5.6,0,0,5.6,0,0,0,0,0,0,5.6,0,0,5.6,0,1.67,0,0,1.67,0,0,0,0,0,0,1.67,0,0,1.67,0,25,2,133.532934131737,414970.05988024,0,414970.05988024,0,0,0,0,0,0,0,0,0,0,414970.05988024,0,21916.1676646707,0,0,15269.4610778443,0,0,0,52612.2754491018,11601.7964071856,64214.0718562874,82994.0119760479,0,113532.934131737,113532.934131737,1909041.91616766,245186.826347305,0,2154228.74251497,1232203.53293413,23223.9132834331,32319.1669461078,55543.0802295409,1964584.99639721,-209089.760479042,3027712.51497006,169076.014361277,3196788.52933134,-2173674.75687625,1023113.77245509,0,447.305389221557,0,0,0,1023113.77245509,0,0,0,0,0,0,0,0,0,0,0,0,0,0,1141.31736526946,1141.31736526946,40.7185628742515,2.39520958083832,14.3712574850299,0,50.2994011976048,0,107.784431137725,0,0,0,0,0,0,0,0,4.79041916167665,28.7425149700599,16.7664670658683,0,0,0,34.1317365269461,0,0,0,16.1676646706587,0,0,0,0,0,0,0,0,0,0,0,0,0,0,0,0,7.18562874251497,26.8666666666667
4,0,0,0,0,0,0,0,0,0,0,701000,99,1,263414,6,1.8,0,0,1.8,0,0,0,0,0,0,1.8,0,0,1.8,0,1.8,0,0,1.8,0,0,0,0,0,0,1.8,0,0,1.8,0,15.6666666666667,2,166.111111111111,389444.444444444,0,389444.444444444,0,0,0,0,0,0,0,0,0,0,389444.444444444,0,110722.222222222,0,0,0,155166.666666667,0,382388.888888889,212001.851851852,42055.5555555555,254057.407407407,71300,0,157888.888888889,157888.888888889,675714.444444444,2588027.77777778,23333.3333333333,3287075.55555556,4390912.77311681,17505.4956296296,53627.4924444444,71132.9880740741,751678.289031333,903365.004660962,4913569.18518518,229021.876962963,5142591.06214815,151686.71562963,5294277.77777778,908.333333333333,840.555555555555,97.2222222222222,7.77777777777778,3156000,1987000,145833.333333333,5444.44444444444,0,0,0,0,0,0,0,0,0,0,0,0,1058.88888888889,1058.88888888889,3.33333333333333,19.4444444444444,121.666666666667,21.1111111111111,15,15,195.555555555556,10.5555555555556,0,0,0,0,0,0,0,5.55555555555555,107.777777777778,8.88888888888889,0,0,0,46.6666666666667,0,0,0,15,0,0,0,1.11111111111111,0,0,0,0,0,0,0,0,0,0,0,0,0,26.25
4,0,0,0,0,0,0,0,0,70000,0,0,38,3,283519,6,11.99,0,0,11.99,0,0.99,0,0,0.99,0,11,0,0,11,0,3.49,0,0,3.49,0,0.99,0,0,0.99,0,2.5,0,0,2.5,0,25,2,358.166189111748,20057.3065902579,0,20057.3065902579,0,0,0,0,0,0,0,0,20057.3065902579,0,0,0,21661.8911174785,0,0,0,133381.088825215,0,2063.03724928367,72882.5214899713,0,72882.5214899713,0,48080.229226361,239598.853868195,287679.083094556,1507621.7765043,89828.0802292264,0,1597449.85673352,862991.779369627,4128.16252148997,22005.2034383954,26133.3659598854,1581835.37169054,471506.787965616,2131014.70200573,313812.449054441,2444827.15106017,-1110328.58372493,1334498.56733524,38.10888252149,172.779369627507,248.997134670487,133.23782234957,148624.641833811,552893.982808023,473094.555873925,159885.386819484,0,0,0,0,0,0,0,0,0,0,121.776504297994,0,0,121.776504297994,53.5816618911175,20.0573065902579,0,0,11.7478510028653,4.87106017191977,90.2578796561605,0,0,0,0,0,0,0,0,2.86532951289398,67.3352435530086,3.15186246418338,0,0,0,3.15186246418338,0,0,0,11.7478510028653,0,0,0,0,0,0,0,0,0,0,0,0,0,0,0,0,2.00573065902579,18.7
4,0,0,0,0,0,0,120000,0,0,0,0,36,1,274120,5,1.22,0,0,1.22,0,1.22,0,0,1.22,0,0,0,0,0,0,1,0,0,1,0,1,0,0,1,0,0,0,0,0,0,19.8571428571429,2,407,120000,0,120000,0,0,0,0,0,0,120000,0,0,0,0,0,482700,23600,0,41900,0,0,280800,229080,232750,461830,343200,47800,0,47800,7065076,0,0,7065076,2028150,304650.2928,99374.5424,404024.8352,7516900.8352,2830050,9093226,451824.8352,9545050.8352,-4686850.8352,4858200,296,998,422,261,1264000,2710200,675200,208800,0,0,0,0,0,0,0,0,1602,0,0,0,0,1602,160,48,0,0,158,0,366,0,0,0,0,0,0,0,0,13,82,23,0,0,0,109,0,0,0,115,0,0,0,8,0,0,0,0,0,0,0,0,0,0,0,0,16,26.8666666666667
4,0,0,0,0,0,0,120000,0,0,0,396000,34,1,289225,6,1.5,0,0,1.5,0,1.5,0,0,1.5,0,0,0,0,0,0,1.5,0,0,1.5,0,1.5,0,0,1.5,0,0,0,0,0,0,22,2,133.333333333333,344000,0,344000,0,0,0,0,0,0,80000,0,0,0,264000,0,35000,0,0,0,0,0,0,292166.666666667,0,292166.666666667,132000,194200,0,194200,0,1070714.66666667,0,1070714.66666667,2163106.33333333,-4064.72,17976.4618666667,13911.7418666667,208111.741866667,-1989506.33333333,2163106.33333333,208111.741866667,2371218.0752,-2197618.0752,173600,0,56,0,0,0,173600,0,0,0,0,0,0,0,0,0,0,854.666666666667,0,0,0,508,1362.66666666667,0,0,60.6666666666667,0,0,0,60.6666666666667,0,0,0,0,0,0,0,0,0,22.6666666666667,38,0,0,0,0,0,0,0,0,0,0,0,0,0,0,0,0,0,0,0,0,0,0,0,0,0,26.2758620689655
4,0,0,0,0,0,0,132000,0,0,0,0,38,1,283519,6,2,0,0,2,0,2,0,0,2,0,0,0,0,0,0,1.8,0,0,1.8,0,1.8,0,0,1.8,0,0,0,0,0,0,27,2,166.666666666667,73333.3333333333,0,73333.3333333333,0,0,0,0,0,0,73333.3333333333,0,0,0,0,0,21000,0,0,4555.55555555556,0,0,0,73138.8888888889,3298.61111111111,76437.5,0,269611.111111111,0,269611.111111111,1096964.44444444,109505,0,1206469.44444444,568350.388888889,8744.62638888889,16186.4433333333,24931.0697222222,1391506.62527778,535316.277777778,1665314.83333333,294542.180833333,1959857.01416667,-856190.3475,1103666.66666667,37.2222222222222,162.222222222222,307.222222222222,38.3333333333333,145166.666666667,405555.555555556,522277.777777778,30666.6666666667,0,0,0,0,0,0,0,0,533.888888888889,0,0,0,0,533.888888888889,2.22222222222222,47.7777777777778,6.11111111111111,0,17.2222222222222,0,73.3333333333333,0,0,0,0,0,0,0,0,0,53.8888888888889,2.22222222222222,0,0,0,0,0,0,0,17.2222222222222,0,0,0,0,0,0,0,0,0,0,0,0,0,0,0,0,0,22.92
4,0,0,0,0,0,0,240000,0,0,0,0,36,4,274120,5,5.96,0,0,5.96,0,5.96,0,0,5.96,0,0,0,0,0,0,5.07,0,0,5.07,0,5.07,0,0,5.07,0,0,0,0,0,0,16.5384615384615,2,289.546351084813,47337.2781065089,0,47337.2781065089,0,0,0,0,0,0,47337.2781065089,0,0,0,0,0,160197.238658777,4635.10848126233,0,18481.2623274162,0,0,123550.295857988,101680.473372781,114266.929651545,215947.403024326,15621.3017751479,118441.814595661,0,118441.814595661,3400996.25246548,0,0,3400996.25246548,859889.888231427,86841.68226167,46564.4482051282,133406.130466798,3652844.19752794,3714745.22024984,4260886.14069691,251847.945062459,4512734.08575937,61901.0227218931,4574635.10848126,0,414.595660749507,1665.08875739645,0,0,1077948.71794872,3496686.39053254,0,0,0,0,0,0,0,0,0,631.755424063116,0,0,0,0,631.755424063116,57.396449704142,20.7100591715976,0,0,91.5187376725838,0,169.625246548324,0,0,0,0,0,0,0,0,11.439842209073,33.7278106508876,9.07297830374754,0,0,0,27.810650887574,0,0,0,83.4319526627219,0,0,0,2.56410256410256,0,0,0,0,0,0,0,0,0,0,0,0,1.57790927021696,10.9166666666667
4,0,0,0,0,0,0,257000,0,0,0,850000,99,2,263414,6,3.04,0,0,3.04,0,3.04,0,0,3.04,0,0,0,0,0,0,2.04,0,0,2.04,0,2.04,0,0,2.04,0,0,0,0,0,0,11.6666666666667,2,414.21568627451,542647.058823529,0,542647.058823529,0,0,0,0,0,0,125980.392156863,0,0,0,416666.666666667,0,79313.7254901961,26666.6666666667,0,8039.21568627451,0,0,43088.2352941176,31508.1699346405,39705.8823529412,71214.0522875817,0,716029.411764706,0,716029.411764706,721384.31372549,1433712.74509804,0,2155097.05882353,2468095.69934641,37062.2019607843,35400.1643137255,72462.3662745098,1509876.09176471,-150252.562091504,3189480.0130719,788491.778039216,3977971.79111111,-1660128.65385621,2317843.1372549,211.274509803922,13.7254901960784,0,160.294117647059,1626813.7254902,65882.3529411765,0,625147.058823529,0,0,0,0,0,0,0,0,942.156862745098,0,0,0,1121.07843137255,2063.23529411765,0,11.7647058823529,56.8627450980392,0,24.5098039215686,16.6666666666667,109.803921568627,0,0,0,0,0,0,0,0,3.43137254901961,26.4705882352941,15.1960784313725,0,0,0,0,0,1.96078431372549,0,62.7450980392157,0,0,0,0,0,0,0,0,0,0,0,0,0,0,0,0,0,26.25
4,0,0,0,0,0,0,441000,0,0,0,0,36,2,274120,6,2.3,0,0,2.3,0,2.3,0,0,2.3,0,0,0,0,0,0,2.2,0,0,2.2,0,2.2,0,0,2.2,0,0,0,0,0,0,23,2,206.818181818182,200454.545454545,0,200454.545454545,0,0,0,0,0,0,200454.545454545,0,0,0,0,0,12409.0909090909,0,0,0,0,0,0,114168.181818182,17272.7272727273,131440.909090909,0,57318.1818181818,0,57318.1818181818,367555.454545455,229750,0,597305.454545454,848174.545454545,19049.887030303,10046.0967272727,29095.9837575758,453969.620121212,-580538.181818182,1215730,86414.1655757576,1302144.16557576,-1034507.80193939,267636.363636364,0,167.272727272727,0,0,0,267636.363636364,0,0,0,0,0,0,0,0,0,0,728.181818181818,0,0,0,0,728.181818181818,15.9090909090909,0,10,3.63636363636364,4.54545454545454,0,34.0909090909091,3.63636363636364,0,0,0,0,0,0,0,0,7.27272727272727,11.3636363636364,0,0,0,0,0,0,0,10.9090909090909,0,0,0,0,0.909090909090909,0,0,0,0,0,0,0,0,0,0,0,0,12.1428571428571
4,0,0,0,0,0,0,725000,0,0,0,0,34,1,289225,6,1,0,0,1,0,1,0,0,1,0,0,0,0,0,0,1,0,0,1,0,1,0,0,1,0,0,0,0,0,0,6.25,2,470,725000,0,725000,0,0,0,0,0,0,725000,0,0,0,0,76400,52600,0,0,0,0,0,0,348480,84200,432680,514800,291200,0,291200,3648859,0,0,3648859,2090705,158891.4176,55835.4516,214726.8692,4154785.8692,-1348305,5739564,505926.8692,6245490.8692,-5503090.8692,742400,0,232,0,0,0,742400,0,0,0,0,0,0,0,0,0,0,8008,0,0,0,0,8008,173,40,0,0,0,0,213,0,0,0,0,0,0,18,8,0,122,46,0,0,0,0,0,0,0,19,0,0,0,0,0,0,0,0,0,0,0,0,0,0,0,0,0,26.2758620689655
4,0,0,0,0,0,0,883000,0,0,0,0,34,2,289225,6,2,0,0,2,0,0,0,0,0,0,2,0,0,2,0,2,0,0,2,0,0,0,0,0,0,2,0,0,2,0,21.3333333333333,2,175,441500,0,441500,0,0,0,0,0,0,441500,0,0,0,0,85850,39400,0,0,2950,0,0,0,67463.3333333333,0,67463.3333333333,0,0,189500,189500,1172101,394228,13000,1579329,1513388.29216191,489.919866666667,26647.9596,27137.8794666667,1208966.92063809,1014611.70783809,2505717.33333333,216637.879466667,2722355.2128,-194355.2128,2528000,0,790,0,0,0,2528000,0,0,0,0,0,0,0,0,0,0,3203,0,0,0,0,3203,16,63.5,16.5,0,0,4,100,0,0,0,0,0,0,4,0,0,74.5,5.5,0,0,0,0,0,0,0,16,0,0,0,0,0,0,0,0,0,0,0,0,0,0,0,0,0,22.95
4,0,0,0,0,0,0,958000,0,0,0,0,34,4,289225,6,26.5,0,0,26.5,0,0,0,0,0,0,26.5,0,0,26.5,0,12,0,0,12,0,0,0,0,0,0,12,0,0,12,0,26,2,250,79833.3333333333,0,79833.3333333333,0,0,0,0,0,0,79833.3333333333,0,0,0,0,0,13825,0,4983.33333333333,6633.33333333333,0,18150,184691.666666667,64545.4861111111,7125,71670.4861111111,44000,0,276358.333333333,276358.333333333,588861.833333333,596333.333333333,24583.3333333333,1209778.5,1598072.97308548,17343.9824722222,18821.9000666667,36165.8825388889,637241.895564521,305818.693581188,1922790.65277778,312524.215872222,2235314.86865,-331423.201983333,1903891.66666667,126.5,188.083333333333,282,197.333333333333,531300,583058.333333333,592200,197333.333333333,0,0,0,0,0,0,0,0,533.833333333333,0,0,0,0,533.833333333333,15.3333333333333,13.25,14.25,4.66666666666667,5.58333333333333,10.8333333333333,63.9166666666667,0,0,0,0,0,0,0,0,0,38.9166666666667,1.91666666666667,0,0,0,1.41666666666667,3.25,0,0,11.75,0,0,0,0,0,0,0,0,0,0,0,0,0,0,0,0,6.66666666666667,9.86666666666667
4,0,0,0,0,0,349000,48000,0,0,0,0,36,1,274120,6,2.9,0,0,2.9,0,2.9,0,0,2.9,0,0,0,0,0,0,1,0,0,1,0,1,0,0,1,0,0,0,0,0,0,18.25,2,333,397000,349000,48000,0,0,0,0,0,349000,48000,0,0,0,0,0,587900,11800,0,56800,0,0,547200,167993.333333333,123500,291493.333333333,39600,33500,0,33500,11434874,0,0,11434874,2205913.33333333,129048.990666667,161641.1176,290690.108266667,11759064.1082667,1383886.66666667,13640787.3333333,324190.108266667,13964977.4416,-10375177.4416,3589800,0,1219,0,0,0,3589800,0,0,0,0,0,0,0,0,409,409,641,0,0,0,0,641,218,222,0,0,215,0,655,0,0,0,0,0,0,0,7,12,76,32,0,0,0,273,0,0,0,245,0,0,0,2,0,0,0,0,0,0,0,0,0,0,0,0,8,26.8666666666667
4,0,0,0,0,0,86000,0,0,0,0,8786000,34,3,289225,6,4.6,0,0,4.6,0,4.6,0,0,4.6,0,0,0,0,0,0,4.6,0,0,4.6,0,4.6,0,0,4.6,0,0,0,0,0,0,23,2,228.260869565217,1928695.65217391,18695.652173913,1910000,0,0,0,0,0,18695.652173913,0,0,0,0,1910000,196391.304347826,227847.826086957,1369.5652173913,18565.2173913043,65108.6956521739,0,0,0,116086.956521739,6195.65217391304,122282.608695652,149217.391304348,112086.956521739,0,112086.956521739,3116470.65217391,657849.782608696,0,3774320.43478261,3656553.04347826,28473.5,77103.6690434783,105577.169043478,3334134.77773913,317251.304347827,6773023.69565217,217664.125565217,6990687.82121739,-3016883.4733913,3973804.34782609,321.739130434783,562.173913043478,361.521739130435,0,1415652.17391304,1798956.52173913,759195.652173913,0,0,0,0,0,0,0,355.869565217391,355.869565217391,0,0,0,0,3935.65217391304,3935.65217391304,47.6086956521739,40,2.39130434782609,0,74.5652173913044,18.0434782608696,182.608695652174,57.8260869565217,0,0,0,0,0,4.78260869565217,1.95652173913044,0,71.304347826087,17.8260869565217,0,0,0,0,0,11.9565217391304,0,16.9565217391304,0,0,0,0,0,0,0,0,0,0,0,0,0,0,0,0,0,15.1666666666667
4,0,0,0,0,3526000,0,0,0,0,0,0,34,3,289225,6,5,0,0,5,0,5,0,0,5,0,0,0,0,0,0,4,0,0,4,0,4,0,0,4,0,0,0,0,0,0,12.5,2,400,881500,881500,0,0,0,0,0,881500,0,0,0,0,0,0,71125,16425,0,0,0,0,0,5125,41750,2850,44600,66000,334600,0,334600,1860253,0,0,1860253,1374000,11223.0178333333,35146.9072,46369.9250333333,2241222.92503333,416100,3234253,380969.925033333,3615222.92503333,-1825122.92503333,1790100,0,526.5,0,0,0,1790100,0,0,0,0,0,0,0,950.5,0,950.5,0,0,0,0,0,0,64,17.25,0,0,23.25,0,104.5,0,0,0,0,0,0,5.5,0,1.5,30.75,19.75,0,0,0,7.5,17.75,5,0,16.75,0,0,0,0,0,0,0,0,0,0,0,0,0,0,0,0,0,15.1666666666667
4,0,0,0,0,537000,0,0,0,0,0,0,34,3,289225,6,4,0,0,4,0,0,0,0,0,0,4,0,0,4,0,4,0,0,4,0,0,0,0,0,0,4,0,0,4,0,41.5,2,400,134250,134250,0,0,0,0,0,134250,0,0,0,0,0,0,17350,7100,0,0,4575,0,0,0,10445.8333333333,39206.25,49652.0833333333,0,0,236900,236900,1577081.25,0,0,1577081.25,739052.083333333,31073.4105833333,21580.4175,52653.8280833333,1629735.07808333,608947.916666667,2079233.33333333,289553.828083333,2368787.16141667,-1020787.16141667,1348000,0,421.25,0,0,0,1348000,0,0,0,0,0,0,0,950.5,0,950.5,0,0,0,0,0,0,70.5,0,0,0,14.25,0,84.75,0,0,0,0,0,0,0,0,0,42,14.25,0,0,0,0,13.5,0,0,14.25,0,0,0,0,0,0,0,0,0,0,0,0,0,0,0,0,0.75,15.1666666666667
4,0,0,0,102000,0,0,0,0,0,0,0,38,1,283519,6,2.2,0,0,2.2,0,2.2,0,0,2.2,0,0,0,0,0,0,1.22,0,0,1.22,0,1.22,0,0,1.22,0,0,0,0,0,0,47.6666666666667,2,188.524590163934,83606.5573770492,83606.5573770492,0,0,0,0,83606.5573770492,0,0,0,0,0,0,0,42622.9508196721,42868.8524590164,0,0,9672.13114754098,0,0,29754.0983606557,150393.442622951,10901.6393442623,161295.081967213,0,1322540.98360656,0,1322540.98360656,1815393.44262295,0,0,1815393.44262295,653338.672131147,14271.9527868852,25096.5836065574,39368.5363934426,3177302.96262295,506005.590163935,2468732.1147541,1361909.52,3830641.6347541,-2671297.37245902,1159344.26229508,0,362.295081967213,0,0,0,1159344.26229508,0,0,0,0,0,0,183.606557377049,0,0,183.606557377049,0,0,0,0,0,0,21.3114754098361,73.7704918032787,0,0,17.2131147540984,0,112.295081967213,0,0,0,0,0,0,0,0,6.55737704918033,82.7868852459016,4.0983606557377,0,0,0,0,0,0,0,17.2131147540984,0,0,0,0,0,0,0,0,0,0,0,0,0,0,0,0,1.63934426229508,22.92
4,0,0,0,1021000,0,0,0,0,0,0,0,34,2,289225,6,2,0,0,2,0,2,0,0,2,0,0,0,0,0,0,2,0,0,2,0,2,0,0,2,0,0,0,0,0,0,9.5,2,425,510500,510500,0,0,0,0,510500,0,0,0,0,0,0,0,8650,43300,235950,37450,0,0,0,34900,44355,11400,55755,99000,582350,0,582350,3857778.5,0,0,3857778.5,1314730,30578.1954,58633.7534,89211.9488,4529340.4488,1161970,5172508.5,671561.9488,5844070.4488,-3367370.4488,2476700,186,341,254,105,781200,1057100,533400,105000,25,0,0,0,963.5,0,0,963.5,0,0,0,0,0,0,117.5,72.5,0,0,33.5,0,223.5,0,0,0,0,0,0,0,0,0,136.5,8,0,0,0,0,19,0,0,45.5,0,0,0,2.5,0,0,0,0,0,0,0,0,0,0,0,0,12,22.95
4,0,0,0,1119000,0,0,0,0,0,0,0,34,1,289225,6,1.5,0,0,1.5,0,1.5,0,0,1.5,0,0,0,0,0,0,1.5,0,0,1.5,0,1.5,0,0,1.5,0,0,0,0,0,0,33.6,2,118,746000,746000,0,0,0,0,746000,0,0,0,0,0,0,0,11533.3333333333,82600,0,13400,31266.6666666667,0,0,96000,220013.333333333,3166.66666666667,223180,0,485266.666666667,0,485266.666666667,2301242.66666667,489626.666666667,6000,2796869.33333333,1983884.2992514,2392.16666666667,46843.0997333333,49235.2664,2840691.9671486,2043249.03408193,4290074.33333333,534501.933066667,4824576.2664,-797442.933066667,4027133.33333333,263.333333333333,606.666666666667,451.333333333333,92.6666666666667,1106000,1880666.66666667,947800,92666.6666666667,133.333333333333,0,0,0,896.666666666667,0,0,896.666666666667,0,0,0,0,0,0,93.3333333333333,0,7.33333333333333,0,28,14.6666666666667,143.333333333333,0,0,0,0,0,0,0,3.33333333333333,0,77.3333333333333,15.3333333333333,0,0,0,0,28,0,0,14.6666666666667,0,0,0,4.66666666666667,0,0,0,0,0,0,0,0,0,0,0,0,0,26.2758620689655
4,0,0,0,114000,0,0,0,0,0,0,0,36,1,274120,6,1.32,0,0,1.32,0,1.32,0,0,1.32,0,0,0,0,0,0,1.02,0,0,1.02,0,1.02,0,0,1.02,0,0,0,0,0,0,29.5,2,66.6666666666667,111764.705882353,111764.705882353,0,0,0,0,111764.705882353,0,0,0,0,0,0,0,0,20392.1568627451,0,0,13235.2941176471,0,0,6470.58823529412,127995.710784314,9117.64705882353,137113.357843137,0,200686.274509804,0,200686.274509804,1825783.33333333,702705.882352941,0,2528489.21568627,1265801.98529412,16424.0579534314,33236.3643137255,49660.4222671569,2076130.03011029,45374.4852941175,3091585.31862745,250346.696776961,3341932.01540441,-2030755.54481618,1311176.47058824,162.745098039216,470.588235294118,0,25.4901960784314,439411.764705882,856470.588235294,0,15294.1176470588,0,0,0,0,263.725490196078,0,0,263.725490196078,0,0,0,0,0,0,47.0588235294118,33.3333333333333,39.2156862745098,0,23.5294117647059,0,143.137254901961,0,0,0,0,0,0,0,0,13.7254901960784,91.1764705882353,14.7058823529412,0,0,0,7.84313725490196,0,0,0,15.6862745098039,0,0,0,0,0,0,0,0,0,0,0,0,0,0,0,0,0,26.8666666666667
4,0,0,0,12000,0,0,0,0,0,0,0,38,1,283519,6,2.71,0,0.22,2.49,0,2.71,0,0.22,2.49,0,0,0,0,0,0,1.28,0,0.22,1.06,0,1.28,0,0.22,1.06,0,0,0,0,0,0,15.4,2,781.25,9375,9375,0,0,0,0,9375,0,0,0,0,0,0,0,0,10468.75,161328.125,0,0,0,0,5625,94882.8125,0,94882.8125,0,604375,0,604375,1864735.15625,115650,0,1980385.15625,680848.6875,10051.5078125,26873.0571875,36924.565,2506034.72125,223604.4375,2545583.84375,641299.565,3186883.40875,-2282430.28375,904453.125,15.625,117.96875,278.90625,107.8125,60937.5,283125,474140.625,86250,0,0,0,0,17.1875,0,0,17.1875,0,0,0,0,0,0,57.8125,31.25,7.03125,0,17.96875,0,114.0625,0,0,0,0,0,0,0,14.0625,0,64.0625,2.34375,0,0,0,0,0,0,0,32.8125,0,0,0,0,0,0,0,0,0,0,0,0,0,0,0,0,0.78125,22.92
4,0,0,0,122000,0,0,0,0,0,0,0,36,2,274120,6,3.55,0,0,3.55,0,3.55,0,0,3.55,0,0,0,0,0,0,2.05,0,0,2.05,0,2.05,0,0,2.05,0,0,0,0,0,0,23,2,326.829268292683,59512.1951219512,59512.1951219512,0,0,0,0,59512.1951219512,0,0,0,0,0,0,0,0,224585.365853658,5756.09756097561,0,45756.0975609756,0,0,129951.219512195,163905.691056911,46341.4634146341,210247.154471545,0,72000,0,72000,2111275.12195122,26222.9268292683,0,2137498.04878049,976151.056910569,30321.8873495935,32277.931902439,62599.8192520325,2245874.94120325,-310297.398373984,3087426.17886179,134599.819252032,3222025.99811382,-2556172.33957724,665853.658536585,0,256.09756097561,0,0,0,665853.658536585,0,0,0,0,0,0,163.90243902439,0,0,163.90243902439,0,0,0,0,0,0,72.1951219512195,0,1.46341463414634,0,39.0243902439024,0,112.682926829268,0,0,0,0,0,0,0,8.78048780487805,2.4390243902439,6.82926829268293,24.8780487804878,0,0,0,38.0487804878049,0,0,0,28.780487804878,0,0,0,0.48780487804878,0,0,0,0,0,0,0,0,0,0,0,0,2.4390243902439,12.1428571428571
4,0,0,0,122000,0,0,0,0,0,0,0,38,4,283519,6,7,0,0,7,0,0,0,0,0,0,7,0,0,7,0,7,0,0,7,0,0,0,0,0,0,7,0,0,7,0,23,2,205.714285714286,17428.5714285714,17428.5714285714,0,0,0,0,17428.5714285714,0,0,0,0,0,0,0,11142.8571428571,31200,0,6971.42857142857,1814.28571428571,0,0,0,20742.8571428571,0,20742.8571428571,47142.8571428571,0,140385.714285714,140385.714285714,398097.285714286,96000,2857.14285714286,496954.428571429,656902.696344688,7639.17942857143,7012.34348571429,14651.5229142857,415050.826569597,-47345.5534875455,916916.285714286,155037.2372,1071953.52291429,-462396.380057143,609557.142857143,5.28571428571429,65,219.714285714286,22,18500,156000,417457.142857143,17600,0,0,0,0,32,0,0,32,0,0,0,0,0,0,12.8571428571429,8.14285714285714,3.57142857142857,0,2.42857142857143,1.85714285714286,28.8571428571429,0,0,0,0,0,0,0,0,3.57142857142857,14.7142857142857,3.14285714285714,0,0,0,0,0,0,0,7.42857142857143,0,0,0,0,0,0,0,0,0,0,0,0,0,0,0,0,0,9
4,0,0,0,128000,0,0,0,0,0,0,1121000,38,1,283519,6,3.05,0,0,3.05,0,3.05,0,0,3.05,0,0,0,0,0,0,1.72,0,0,1.72,0,1.72,0,0,1.72,0,0,0,0,0,0,16.6363636363636,2,319.767441860465,726162.790697674,74418.6046511628,651744.186046512,0,0,0,74418.6046511628,0,0,0,0,0,0,651744.186046512,0,341279.069767442,97034.8837209302,173837.209302326,40406.976744186,0,0,11104.6511627907,40290.6976744186,0,40290.6976744186,402906.976744186,725523.255813953,0,725523.255813953,11504567.4418605,1045441.86046512,0,12550009.3023256,3161984.11627907,39454.4930232558,172853.952558139,212308.445581395,12442399.1432558,827550.76744186,14666551.5581395,937831.701395349,15604383.2595349,-11614848.3758139,3989534.88372093,70.9302325581395,519.186046511628,1217.44186046512,250,248255.813953488,1349883.72093023,2191395.34883721,200000,0,0,0,0,169.767441860465,0,0,169.767441860465,0,0,0,0,1772.67441860465,1772.67441860465,311.046511627907,0,32.5581395348837,32.5581395348837,267.441860465116,0,643.604651162791,129.651162790698,0,0,0,0,0,0,12.7906976744186,32.5581395348837,162.790697674419,110.46511627907,0,0,0,23.2558139534884,0,0,0,152.325581395349,0,0,0,0,0,0,0,0,0,0,0,0,0,0,0,0,2.32558139534884,22.92
4,0,0,0,130000,0,0,0,0,420000,0,0,38,1,283519,6,2,0,0,2,0,2,0,0,2,0,0,0,0,0,0,1.9,0,0,1.9,0,1.9,0,0,1.9,0,0,0,0,0,0,19,2,92.1052631578947,289473.684210526,68421.0526315789,221052.631578947,0,0,0,68421.0526315789,0,0,0,0,221052.631578947,0,0,0,28736.8421052632,0,0,6157.8947368421,0,0,3789.47368421053,137685.964912281,0,137685.964912281,0,181736.842105263,0,181736.842105263,1742141.57894737,0,0,1742141.57894737,749362.859649123,11113.3346666667,25671.7134736842,36785.0481403509,1960663.46919298,566479.245614035,2491504.43859649,218521.890245614,2710026.32884211,-1394184.22357895,1315842.10526316,23.6842105263158,199.473684210526,352.631578947368,181.578947368421,92368.4210526316,478736.842105263,599473.684210526,145263.157894737,0,0,0,0,176.842105263158,0,0,176.842105263158,0,0,1213.68421052632,0,0,1213.68421052632,22.6315789473684,42.6315789473684,0,0,32.6315789473684,0,97.8947368421053,0,0,0,0,0,0,0,0,1.57894736842105,42.1052631578947,21.0526315789474,0,0,0,0,0,0,0,32.6315789473684,0,0,0,0,0,0,0,0,0,0,0,0,0,0,0,0,0.526315789473684,22.92
4,0,0,0,1351000,0,0,0,0,0,0,0,34,1,289225,5,1.9,0,0,1.9,0,1.9,0,0,1.9,0,0,0,0,0,0,1.9,0,0,1.9,0,1.9,0,0,1.9,0,0,0,0,0,0,23,2,415.263157894737,711052.631578947,711052.631578947,0,0,0,0,711052.631578947,0,0,0,0,0,0,0,399684.210526316,27631.5789473684,0,0,0,73526.3157894737,0,58368.4210526316,140980.701754386,25000,165980.701754386,382543.859649123,1026789.47368421,0,1026789.47368421,4900623.15789474,357894.736842105,0,5258517.89473684,2465907.45614035,54663.9642105263,80956.8850526316,135620.849263158,6063033.48084211,5258145.1754386,7366530.61403509,1162410.32294737,8528940.93698246,-804888.305403509,7724052.63157895,0,1980.52631578947,0,0,0,7724052.63157895,0,0,0,0,0,0,1415.26315789474,0,0,1415.26315789474,0,0,0,0,0,0,154.210526315789,135.789473684211,8.94736842105263,8.94736842105263,22.1052631578947,4.21052631578947,334.210526315789,0,0,0,0,0,0,6.31578947368421,1.05263157894737,0,132.631578947368,18.4210526315789,0,0,0,0,167.368421052632,0,0,8.42105263157895,0,0,0,0,0,0,0,0,0,0,0,0,0,0,0,0,0,26.2758620689655
4,0,0,0,1357000,0,0,757000,0,0,0,0,34,3,289225,6,4,0,0,4,0,4,0,0,4,0,0,0,0,0,0,4,0,0,4,0,4,0,0,4,0,0,0,0,0,0,24.25,2,267.5,528500,339250,189250,0,0,0,339250,0,0,189250,0,0,0,0,45550,35450,7375,0,0,0,0,5125,63379.1666666667,1425,64804.1666666667,59400,242675,0,242675,2349379.5,125433,0,2474812.5,1160862.16666667,9274.332,38400.475,47674.807,2639729.307,1293012.83333333,3510241.66666667,290349.807,3800591.47366667,-1346716.47366667,2453875,59.25,421.25,423,104.5,260700,1305875,803700,83600,0,0,0,0,1008.5,0,0,1008.5,1201.25,0,0,0,0,1201.25,80.25,43,7,0,16,0,146.25,0,0,0,0,0,0,6.75,0,9.25,61.5,11,0,0,0,12.25,34.5,10.25,0,0,0,0,0,0.75,0,0,0,0,0,0,0,0,0,0,0,0,0,15.1666666666667
4,0,0,0,141000,0,0,0,0,0,0,140000,99,1,263414,5,1.5,0,0.3,1.2,0,1.5,0,0.3,1.2,0,0,0,0,0,0,1,0,0.1,0.9,0,1,0,0.1,0.9,0,0,0,0,0,0,22,2,220,281000,141000,140000,0,0,0,141000,0,0,0,0,0,0,140000,40800,95600,0,0,0,0,0,0,272870,33250,306120,15840,485200,0,485200,2872111,837771,0,3709882,1840545,70711.7233333333,51178.2968,121890.020133333,3479201.02013333,2873155,4712656,607090.020133333,5319746.02013333,-606046.020133333,4713700,156,706,420,33,858000,2751900,1063300,40500,0,0,0,0,180,0,0,180,0,0,0,0,381,381,37,160,25,28,0,0,250,0,0,0,0,0,0,4,0,58,114,17,0,0,0,0,0,0,0,50,0,0,0,7,0,0,0,0,0,0,0,0,0,0,0,0,0,26.25
4,0,0,0,153000,0,0,0,0,0,0,0,38,1,283519,6,2,0,0,2,0,2,0,0,2,0,0,0,0,0,0,1.34,0,0,1.34,0,1.34,0,0,1.34,0,0,0,0,0,0,29.6666666666667,2,57.4626865671642,114179.104477612,114179.104477612,0,0,0,0,114179.104477612,0,0,0,0,0,0,0,16194.0298507463,0,0,0,0,0,0,0,98014.9253731343,0,98014.9253731343,0,298432.835820896,0,298432.835820896,2664202.98507463,238650.746268657,0,2902853.73134328,750557.805970149,8108.26746268657,37612.0131343284,45720.2805970149,3008356.10149254,-93841.3880597015,3414760.79104478,344153.11641791,3758913.90746269,-3102197.48955224,656716.417910448,0,298.507462686567,0,0,0,656716.417910448,0,0,0,0,0,0,250.746268656716,0,0,250.746268656716,0,0,0,0,0,0,0,195.522388059701,0,17.1641791044776,0,0,212.686567164179,0,0,0,0,0,0,0,0,5.97014925373134,74.6268656716418,12.6865671641791,0,0,0,0,29.8507462686567,0,0,88.8059701492537,0,0,0,0,0,0,0,0,0,0,0,0,0,0,0,0,0.746268656716418,22.92
4,0,0,0,1696000,0,0,0,0,0,0,0,34,2,289225,6,5,0,0,5,0,5,0,0,5,0,0,0,0,0,0,2.64,0,0,2.64,0,2.64,0,0,2.64,0,0,0,0,0,0,23,2,303.030303030303,642424.242424242,642424.242424242,0,0,0,0,642424.242424242,0,0,0,0,0,0,0,0,14924.2424242424,0,0,10643.9393939394,0,16515.1515151515,0,20863.6363636364,18939.3939393939,39803.0303030303,128248.106060606,366742.424242424,0,366742.424242424,469162.5,1583431.06060606,31439.3939393939,2084032.95454545,2749468.04616908,27614.7976515151,34329.9025757576,61944.7002272726,905035.744967286,1422312.25686123,3225816.66666667,428687.124469697,3654503.79113636,517276.511893939,4171780.3030303,146.969696969697,448.106060606061,1012.87878787879,93.1818181818182,595681.818181818,1397272.72727273,2101287.87878788,77537.8787878788,0,0,0,0,848.863636363636,0,0,848.863636363636,0,0,0,0,0,0,26.1363636363636,0,72.7272727272727,4.16666666666667,0,10.2272727272727,113.257575757576,0,0,0,0,0,0,0,0,0,51.8939393939394,12.8787878787879,0,0,0,0,24.6212121212121,0,0,10.9848484848485,0,0,0,0.378787878787879,0,0,0,0,0,0,0,0,0,0,0,0,12.5,22.95
4,0,0,0,183000,0,0,0,0,0,0,0,38,2,283519,6,2,0,0,2,0,2,0,0,2,0,0,0,0,0,0,2,0,0,2,0,2,0,0,2,0,0,0,0,0,0,33,2,200,91500,91500,0,0,0,0,91500,0,0,0,0,0,0,0,0,74550,0,8550,12050,0,0,0,36960,0,36960,0,96800,0,96800,1758437,657912,46000,2462349,1177565.66096578,980.034,32847.5876,33827.6216,1922539.96063422,-53715.6609657793,2969478,130627.6216,3100105.6216,-1976255.6216,1123850,0,0,591.5,0,0,0,1123850,0,0,0,0,0,168.5,0,0,168.5,0,0,0,0,0,0,7,88.5,7,0,17.5,20,140,10.5,0,0,0,0,0,0,0,8.5,87,7,0,0,0,0,0,0,0,20,0,0,0,0,0,0,0,0,0,0,0,0,0,0,0,0,7,15.5789473684211
4,0,0,0,185000,0,0,0,0,0,0,0,34,1,289225,5,1,0,0.02,0.98,0,1,0,0.02,0.98,0,0,0,0,0,0,1,0,0.02,0.98,0,1,0,0.02,0.98,0,0,0,0,0,0,27,2,410,185000,185000,0,0,0,0,185000,0,0,0,0,0,0,0,0,425300,0,0,21100,209500,0,0,476550,6650,483200,825000,193700,0,193700,8591522,240000,52000,8883522,2679738.11995826,98180.534,120582.8328,218763.3668,9054572.24684174,8586461.88004174,11321847,412463.3668,11734310.3668,-468110.366799999,11266200,1092,1222,982,0,4804800,4399200,2062200,0,0,0,0,0,381,0,0,381,0,0,0,0,0,0,258,184,0,0,59,8,509,0,0,0,0,0,0,0,0,0,328,34,0,0,0,8,59,0,0,0,0,0,0,0,0,0,0,0,0,0,0,0,0,0,0,0,80,26.2758620689655
4,0,0,0,1865000,0,0,0,0,0,0,1649000,34,4,289225,6,5,0,0,5,0,0,0,0,0,0,5,0,0,5,0,5,0,0,5,0,0,0,0,0,0,5,0,0,5,0,28,2,250,702800,373000,329800,0,0,0,373000,0,0,0,0,0,0,329800,126200,89340,184060,11320,0,0,0,50120,87208,6840,94048,174240,0,142120,142120,1365273.6,2275291.8,0,3640565.4,4138764.8,19092.16096,59574.62696,78666.78792,1443940.38792,2096415.2,5361918.4,220786.78792,5582705.18792,652474.81208,6235180,460.2,1019.6,567.4,78.4,1978860,3058800,1134800,62720,344,0,0,0,448.2,0,0,448.2,0,0,0,0,762.2,762.2,33.6,2.6,93.4,43.6,31.6,0,204.8,0,0,0,0,0,0,8,0,0,137.2,16.2,0,0,0,0,0,0,0,26.6,0,0,0,7,9.6,0,0,0,0,0,0,0,0,0,0,0,0.2,9.86666666666667
4,0,0,0,1865000,1343000,0,0,0,0,0,1979000,34,3,289225,6,3.84,0,0.26,3.58,0,3.84,0,0.26,3.58,0,0,0,0,0,0,3.84,0,0.26,3.58,0,3.84,0,0.26,3.58,0,0,0,0,0,0,19.5714285714286,2,526.041666666667,1350781.25,835416.666666667,515364.583333333,0,0,0,485677.083333333,349739.583333333,0,0,0,0,0,515364.583333333,53984.375,103098.958333333,3828.125,4453.125,67421.875,9088.54166666667,0,225000,112148.980034722,86263.0208333333,198412.000868056,0,338489.583333333,0,338489.583333333,2848486.97916667,806332.291666667,50781.25,3705600.52083333,3122828.9861668,112934.039388021,68488.3839583333,181422.423346354,3407976.79221428,-1239417.52783346,6010893.77170139,519912.006679688,6530805.77838108,-4647394.32004774,1883411.45833333,90.625,184.375,409.114583333333,85.6770833333333,367031.25,571562.5,859140.625,85677.0833333333,0,0,0,0,642.1875,990.104166666667,0,1632.29166666667,0,0,0,0,297.65625,297.65625,85.6770833333333,21.875,8.59375,8.59375,45.8333333333333,22.65625,193.229166666667,0,0,0,0,0,0,2.34375,0,0,56.7708333333333,12.2395833333333,0,0,0,4.16666666666667,63.28125,5.72916666666667,0,34.1145833333333,0,0,0,0.260416666666667,0,0,0,0,0,0,0,0,0,0,0,0,14.3229166666667,15.1666666666667
4,0,0,0,19000,0,0,0,0,0,0,0,34,1,289225,5,1,0,0,1,0,1,0,0,1,0,0,0,0,0,0,1,0,0,1,0,1,0,0,1,0,0,0,0,0,0,23,2,478,19000,19000,0,0,0,0,19000,0,0,0,0,0,0,0,95400,0,0,0,0,168800,0,9400,22790,0,22790,242350,485300,0,485300,3498486,428080,0,3926566,1275045,29212.602,52317.6584,81530.2604,4065316.2604,4181055,4773531,566830.2604,5340361.2604,115738.7396,5456100,0,1399,0,0,0,5456100,0,0,0,0,0,0,336,0,0,336,0,0,0,0,0,0,118,96,0,20,3,8,245,0,0,0,0,0,0,26,0,0,191,10,0,0,0,0,10,0,0,8,0,0,0,0,0,0,0,0,0,0,0,0,0,0,0,0,0,26.2758620689655
4,0,0,0,203000,0,0,0,0,0,0,0,34,1,289225,5,1.5,0,0,1.5,0,1.5,0,0,1.5,0,0,0,0,0,0,1.5,0,0,1.5,0,1.5,0,0,1.5,0,0,0,0,0,0,21,1,333.333333333333,135333.333333333,135333.333333333,0,0,0,0,135333.333333333,0,0,0,0,0,0,0,36933.3333333333,171533.333333333,0,0,56733.3333333333,0,0,0,38733.3333333333,6333.33333333333,45066.6666666667,35200,129066.666666667,0,129066.666666667,5367216,780666.666666667,102666.666666667,6250549.33333333,1563728.42237429,9934.46666666667,82909.9050666667,92844.3717333333,5678756.94935905,2761138.24429238,7020574.33333333,221911.0384,7242485.37173333,-2917618.70506667,4324866.66666667,615.333333333333,246,395.333333333333,0,2707466.66666667,787200,830200,0,0,0,0,0,224,0,0,224,0,0,0,0,0,0,124.666666666667,106.666666666667,0,26,70.6666666666667,17.3333333333333,345.333333333333,0,0,0,0,0,0,8.66666666666667,0,0,244.666666666667,9.33333333333333,0,0,0,0,40.6666666666667,0,0,42,0,0,0,0,0,0,0,0,0,0,0,0,0,0,0,0,0,26.2758620689655
4,0,0,0,203000,0,0,0,0,0,0,0,38,1,283519,6,1.15,0,0,1.15,0,1.15,0,0,1.15,0,0,0,0,0,0,1.15,0,0,1.15,0,1.15,0,0,1.15,0,0,0,0,0,0,18.3333333333333,2,236.521739130435,176521.739130435,176521.739130435,0,0,0,0,176521.739130435,0,0,0,0,0,0,0,0,178782.608695652,0,0,19391.3043478261,0,0,6260.86956521739,143478.260869565,4956.52173913043,148434.782608696,0,841826.086956522,0,841826.086956522,3729555.65217391,0,0,3729555.65217391,812910.304347826,16568.3947826087,50970.3509565217,67538.7457391304,4638920.48486957,571263.608695652,4542465.95652174,909364.832695652,5451830.78921739,-4067656.87617391,1384173.91304348,113.04347826087,369.565217391304,73.0434782608696,0,373043.47826087,886956.52173913,124173.913043478,0,0,0,0,0,389.565217391304,0,0,389.565217391304,0,0,0,0,0,0,97.3913043478261,0,0,0,87.8260869565217,0,185.217391304348,69.5652173913044,0,0,0,0,0,0,0,0,9.56521739130435,29.5652173913044,0,0,0,0,52.1739130434783,0,0,18.2608695652174,0,0,0,3.47826086956522,0,0,0,0,0,0,0,0,0,0,0,0,2.60869565217391,22.92
4,0,0,0,203000,0,0,0,0,0,0,0,38,1,283519,6,2,0,0,2,0,2,0,0,2,0,0,0,0,0,0,1.95,0,0,1.95,0,1.95,0,0,1.95,0,0,0,0,0,0,31.3333333333333,2,146.666666666667,104102.564102564,104102.564102564,0,0,0,0,104102.564102564,0,0,0,0,0,0,0,0,176461.538461538,0,0,32564.1025641026,0,0,21435.8974358974,9476.92307692308,0,9476.92307692308,213230.769230769,496461.538461538,0,496461.538461538,3699256.41025641,0,0,3699256.41025641,840790.794871795,23796.5538461538,50019.3743589743,73815.9282051282,4269533.87692308,778850.230769231,4540047.20512821,570277.466666667,5110324.67179487,-3490683.64615385,1619641.02564103,120.51282051282,350.769230769231,137.435897435897,0,397692.307692308,947076.923076923,274871.794871795,0,0,0,0,0,229.74358974359,0,0,229.74358974359,0,0,0,0,0,0,74.8717948717949,63.0769230769231,0,0,64.6153846153846,0,202.564102564103,6.15384615384615,0,0,0,0,0,0,0,14.8717948717949,105.128205128205,2.05128205128205,0,0,0,12.8205128205128,0,0,0,58.4615384615385,0,0,0,2.05128205128205,0,0,0,0,0,0,0,0,0,0,0,0,1.02564102564103,22.92
4,0,0,0,203000,0,0,0,0,0,0,0,38,2,283519,6,2.52,0,0,2.52,0,2.52,0,0,2.52,0,0,0,0,0,0,2.14,0,0,2.14,0,2.14,0,0,2.14,0,0,0,0,0,0,43.5,2,329.439252336449,94859.8130841121,94859.8130841121,0,0,0,0,94859.8130841121,0,0,0,0,0,0,0,7523.36448598131,55794.3925233645,0,0,10981.308411215,0,0,0,36546.7289719626,0,36546.7289719626,64766.3551401869,22149.5327102804,0,22149.5327102804,1157139.71962617,46115.8878504673,0,1203255.60747664,600106.85046729,12741.2259813084,17017.9396261682,29759.1656074766,1209048.41794393,-145714.327102804,1757246.57009346,51908.698317757,1809155.26841122,-1354762.74504673,454392.523364486,0,206.542056074766,0,0,0,454392.523364486,0,0,0,0,0,0,209.345794392523,0,0,209.345794392523,0,0,0,0,0,0,39.7196261682243,0,2.80373831775701,0,19.1588785046729,0,61.6822429906542,0,0,0,0,0,0,0,0,6.54205607476635,32.7102803738318,2.80373831775701,0,0,0,0,0,0,0,19.1588785046729,0,0,0,0,0,0,0,0,0,0,0,0,0,0,0,0,0.467289719626168,15.5789473684211
4,0,0,0,203000,0,0,0,0,0,0,0,38,2,283519,6,3,0,0,3,0,3,0,0,3,0,0,0,0,0,0,2.25,0,0,2.25,0,2.25,0,0,2.25,0,0,0,0,0,0,27.25,2,164,90222.2222222222,90222.2222222222,0,0,0,0,90222.2222222222,0,0,0,0,0,0,0,34666.6666666667,118311.111111111,0,0,3111.11111111111,0,0,0,36813.3333333333,0,36813.3333333333,0,573733.333333333,0,573733.333333333,2317596.88888889,0,0,2317596.88888889,566643.444444444,3485.20186666667,31792.4592,35277.6610666667,2926607.88328889,289889.888888889,2884240.33333333,609010.9944,3493251.32773333,-2636717.9944,856533.333333333,0,389.333333333333,0,0,0,856533.333333333,0,0,0,0,0,0,199.111111111111,0,0,199.111111111111,0,0,0,0,0,0,67.1111111111111,41.3333333333333,0,0,24,0,132.444444444444,24,0,0,0,0,0,0,0,12.8888888888889,72.8888888888889,7.11111111111111,0,0,0,8.88888888888889,0,0,0,5.33333333333333,0,0,0,0,0,0,0,0,0,0,0,0,0,0,0,0,1.33333333333333,15.5789473684211
4,0,0,0,203000,0,0,158000,0,0,0,0,38,1,283519,5,1.75,0,0,1.75,0,1.75,0,0,1.75,0,0,0,0,0,0,1.2,0,0,1.2,0,1.2,0,0,1.2,0,0,0,0,0,0,14.6,2,243.333333333333,300833.333333333,169166.666666667,131666.666666667,0,0,0,169166.666666667,0,0,131666.666666667,0,0,0,0,0,69500,0,0,19583.3333333333,0,0,0,167750,0,167750,0,1329250,0,1329250,1681746.66666667,466026.666666667,0,2147773.33333333,1307212.33333333,-7911.2,31467.356,23556.156,3034552.82266667,3242037.66666667,2988959,1352806.156,4341765.156,207484.844,4549250,587.5,400,872.5,0,1938750,1040000,1570500,0,0,0,0,0,373.333333333333,0,0,373.333333333333,1335,0,0,0,0,1335,22.5,41.6666666666667,28.3333333333333,0,30,0,122.5,0,0,0,0,0,0,0,0,8.33333333333333,50.8333333333333,28.3333333333333,0,0,0,0,0,0,0,30,0,0,0,1.66666666666667,0,0,0,0,0,0,0,0,0,0,0,0,3.33333333333333,22.92
4,0,0,0,214000,0,0,0,0,0,0,1229000,99,4,263414,6,7.07,0,0,7.07,0,7.07,0,0,7.07,0,0,0,0,0,0,5.07,0,0,5.07,0,5.07,0,0,5.07,0,0,0,0,0,0,41,2,128.205128205128,284615.384615385,42209.0729783037,242406.311637081,0,0,0,42209.0729783037,0,0,0,0,0,0,242406.311637081,2228.79684418146,16587.7712031558,0,0,0,0,0,70749.5069033531,11104.2077580539,18619.3293885602,29723.5371466141,11715.9763313609,134003.944773176,0,134003.944773176,322014.003944773,272583.82642998,9270.21696252466,603868.047337278,955868.581566051,16822.3368967784,12127.8138856016,28950.15078238,489988.534370832,412573.23302961,1282903.02038133,162954.095555556,1445857.11593688,-77415.3013412228,1368441.81459566,241.617357001972,166.272189349112,43.7869822485207,2.36686390532544,862919.132149901,428362.91913215,75266.2721893491,1893.49112426036,0,0,0,0,88.3629191321499,0,0,88.3629191321499,0,0,0,0,601.38067061144,601.38067061144,4.73372781065089,17.1597633136095,4.33925049309665,3.74753451676529,0,5.32544378698225,35.3057199211045,0,0,0,0,0,0,0,0,5.12820512820513,13.4122287968442,6.31163708086785,0,0,0,0,0,0,0,10.0591715976331,0,0,0,0.394477317554241,0,0,0,0,0,0,0,0,0,0,0,0,0,12.875
4,0,0,0,2279000,0,0,0,0,0,0,0,34,3,289225,6,3.69,0,0,3.69,0,1.49,0,0,1.49,0,2.2,0,0,2.2,0,3.69,0,0,3.69,0,1.49,0,0,1.49,0,2.2,0,0,2.2,0,11.8,2,379.40379403794,617615.176151761,617615.176151761,0,0,0,0,617615.176151761,0,0,0,0,0,0,0,0,57208.6720867209,514.90514905149,21436.3143631436,1598.91598915989,170298.10298103,960487.804878049,54634.1463414634,525212.737127371,185365.853658537,710578.590785908,343414.634146341,197262.872628726,256802.16802168,454065.040650406,1675384.28184282,2184715.44715447,210298.10298103,4070397.83197832,5787553.10188898,219354.546612466,73831.9791869919,293186.525799458,2257108.55941183,-3158311.90947706,7297410.09485095,747251.566449864,8044661.66130081,-5415420.46888889,2629241.19241192,130.894308943089,478.861788617886,298.10298102981,35.7723577235772,549756.097560976,1484471.54471545,566395.663956639,28617.8861788618,94.8509485094851,0,0,0,850.406504065041,0,0,850.406504065041,0,0,0,0,0,0,50.6775067750677,43.360433604336,30.6233062330623,60.1626016260163,6.77506775067751,36.0433604336043,227.642276422764,0,0,0,0,0,0,0,0,0,152.845528455285,9.21409214092141,0,0,0,0,26.2872628726287,20.5962059620596,0,16.5311653116531,0,0,0,2.1680216802168,0,0,0,0,0,0,0,0,0,0,0,0,0,15.1666666666667
4,0,0,0,2328000,0,44000,0,0,0,0,1261000,34,4,289225,5,5,0,0,5,0,5,0,0,5,0,0,0,0,0,0,5,0,0,5,0,5,0,0,5,0,0,0,0,0,0,30.4,2,400,726600,474400,252200,0,0,0,465600,0,8800,0,0,0,0,252200,204340,45800,41880,8540,14520,69820,0,641380,153467.75,17100,170567.75,36116.6666666667,645400,0,645400,1736085.6,1051989.4,6200,2794275,3303118.18496917,36139.1128333333,56384.722,92523.8348333333,2477870.06653083,6467801.81503083,5043064.41666667,737923.834833333,5780988.2515,3989931.7485,9770920,630,1010.8,1556.4,512.4,2646000,3344080,3268440,512400,0,0,0,0,591.6,0,2.8,594.4,0,0,0,0,686,686,48.4,36.8,33.8,33.8,15.8,0.4,169,0,0,0,0,0,0,14,0,0,111.2,5.8,0,0,0,0,9,0,0,3.4,0,0,0,0.2,0,0,0,0,0,0,0,0,0,0,0,0,25.4,9.86666666666667
4,0,0,0,244000,0,0,0,0,0,0,0,38,1,283519,6,1.73,0,0,1.73,0,0.09,0,0,0.09,0,1.64,0,0,1.64,0,1.73,0,0,1.73,0,0.09,0,0,0.09,0,1.64,0,0,1.64,0,15,2,277.456647398844,141040.462427746,141040.462427746,0,0,0,0,141040.462427746,0,0,0,0,0,0,0,0,97109.8265895954,0,11618.4971098266,24104.0462427746,0,0,4161.84971098266,37387.2832369942,0,37387.2832369942,0,17861.2716763006,317052.023121387,334913.294797688,5451630.05780347,0,0,5451630.05780347,915992.988439306,-1129.67583815029,71047.8427745665,69918.1669364162,5539409.49641619,1494411.63583815,6050571.02312139,404831.461734104,6455402.48485549,-4044997.86057803,2410404.62427746,0,964.161849710983,0,0,0,2410404.62427746,0,0,0,0,0,0,258.959537572254,0,0,258.959537572254,0,0,0,0,0,0,146.820809248555,102.312138728324,0,0,61.271676300578,0,310.404624277457,31.2138728323699,0,0,0,0,0,0,2.3121387283237,37.5722543352601,189.595375722543,16.7630057803468,0,0,0,0,0,2.89017341040462,0,30.0578034682081,0,0,0,0,0,0,0,0,0,0,0,0,0,0,0,0,0,22.92
4,0,0,0,259000,0,0,0,0,0,0,0,38,2,283519,6,2,0,0,2,0,0,0,0,0,0,2,0,0,2,0,2,0,0,2,0,0,0,0,0,0,2,0,0,2,0,33,2,242.5,129500,129500,0,0,0,0,129500,0,0,0,0,0,0,0,0,18700,0,0,0,0,0,0,94650,0,94650,0,0,464300,464300,2757412,0,0,2757412,990669,9519.7776,36029.5888,45549.3664,2802961.3664,801331,3283781,509849.3664,3793630.3664,-2001630.3664,1792000,12,380,447,80,45600,912000,759900,74500,0,0,0,0,336,0,0,336,0,0,0,0,0,0,78,64.5,0,0,20.5,0,163,0,0,0,0,0,0,0,0,1.5,119,17.5,0,0,0,4,0,0,0,20.5,0,0,0,0,0,0,0,0,0,0,0,0,0,0,0,0,0.5,15.5789473684211
4,0,0,0,260000,0,0,0,0,0,0,0,34,4,289225,6,5,0,0,5,0,2,0,0,2,0,3,0,0,3,0,5,0,0,5,0,2,0,0,2,0,3,0,0,3,0,28,2,360,52000,52000,0,0,0,0,52000,0,0,0,0,0,0,0,36060,44100,0,3760,700,0,0,0,19228.3333333333,36980,56208.3333333333,0,38720,113720,152440,1373824,171579.6,0,1545403.6,767352.933333333,42003.7166,20857.09264,62860.80924,1475404.80924,-100912.933333333,2027456.93333333,215300.80924,2242757.74257333,-1576317.74257333,666440,12.6,101,135.4,55.8,60480,292900,257260,55800,0,0,0,0,134.4,0,0,134.4,0,0,0,0,0,0,24.2,43.2,6,4.8,14.8,0,93,14.8,0,0,0,0,0,17.2,0,0,51.6,4.6,0,0,0,0,0,0,0,4.8,0,0,0,0,0,0,0,0,0,0,0,0,0,0,0,0,0,9.86666666666667
4,0,0,0,271000,0,0,145000,0,0,0,0,34,1,289225,6,1.9,0,0,1.9,0,1.9,0,0,1.9,0,0,0,0,0,0,1.9,0,0,1.9,0,1.9,0,0,1.9,0,0,0,0,0,0,25,2,394.736842105263,218947.368421053,142631.578947368,76315.7894736842,0,0,0,142631.578947368,0,0,76315.7894736842,0,0,0,0,136368.421052632,257000,0,13526.3157894737,50789.4736842105,0,0,0,195877.192982456,0,195877.192982456,347368.421052632,152894.736842105,0,152894.736842105,6971207.89473684,0,0,6971207.89473684,1509102.19298246,28505.098245614,94833.2094736842,123338.307719298,7247440.93929825,2179318.85964912,8480310.0877193,276233.044561404,8756543.1322807,-5068122.07964912,3688421.05263158,0,184.210526315789,578.947368421053,762.105263157895,0,957894.736842105,1968421.05263158,762105.263157895,0,0,0,0,294.736842105263,0,0,294.736842105263,843.157894736842,0,0,0,0,843.157894736842,234.736842105263,62.6315789473684,0,0,84.2105263157895,0,381.578947368421,0,0,0,0,0,0,20,0,0,144.210526315789,24.2105263157895,0,0,0,46.3157894736842,66.8421052631579,0,0,56.3157894736842,0,0,0,0,0,0,0,0,0,0,0,0,0,0,0,0,23.6842105263158,26.2758620689655
4,0,0,0,288000,0,0,0,0,0,0,0,36,3,274120,6,3,0,0,3,0,3,0,0,3,0,0,0,0,0,0,3,0,0,3,0,3,0,0,3,0,0,0,0,0,0,33,2,165.333333333333,96000,96000,0,0,0,0,96000,0,0,0,0,0,0,0,0,12966.6666666667,0,0,0,0,0,0,72211.6666666667,19000,91211.6666666667,189600,97066.6666666667,0,97066.6666666667,559675.666666667,0,0,559675.666666667,663898.333333333,36726.0678666667,8291.16493333333,45017.2328,701759.566133333,-477698.333333333,1223574,142083.899466667,1365657.89946667,-1179457.89946667,186200,0,98,0,0,0,186200,0,0,0,0,0,0,127,0,0,127,0,0,0,0,0,0,10,3.66666666666667,0,0,14.6666666666667,0,28.3333333333333,0,0,0,0,0,0,0,0,0,7.66666666666667,6,0,0,0,0,0,10.6666666666667,0,4,0,0,0,0,0,0,0,0,0,0,0,0,0,0,0,0,0,10.9166666666667
4,0,0,0,305000,0,0,0,0,0,0,0,34,1,289225,6,3,0,2,1,0,3,0,2,1,0,0,0,0,0,0,1.6,0,0.7,0.9,0,1.6,0,0.7,0.9,0,0,0,0,0,0,24.3333333333333,2,406.25,190625,190625,0,0,0,0,190625,0,0,0,0,0,0,0,6000,16437.5,0,0,0,0,0,11937.5,294939.583333333,20781.25,315720.833333333,0,291250,0,291250,2616646.25,0,0,2616646.25,829945.833333333,34832.468,35236.4135,70068.8815,2977965.1315,2014054.16666667,3446592.08333333,361318.8815,3807910.96483333,-963910.964833333,2844000,0,790,0,0,0,2844000,0,0,0,0,0,0,420,0,0,420,0,0,0,0,0,0,91.875,43.125,0,0,18.75,0,153.75,0,0,0,0,0,0,0,10,3.125,76.875,13.125,0,0,0,0,40,0,0,8.75,0,0,0,0.625,0,0,0,0,0,0,0,0,0,0,0,0,1.25,26.2758620689655
4,0,0,0,305000,0,0,0,0,0,0,0,38,1,283519,6,2.5,0,0,2.5,0,2.5,0,0,2.5,0,0,0,0,0,0,1,0,0,1,0,1,0,0,1,0,0,0,0,0,0,38,2,290,305000,305000,0,0,0,0,305000,0,0,0,0,0,0,0,190800,94600,0,17100,0,0,0,0,304920,0,304920,0,96700,0,96700,7557192,2639647,21000,10217839,3841022.25205811,-5926.8528,134234.2036,128307.3508,7797763.09874189,255877.747941887,11413778,225007.3508,11638785.3508,-7541885.3508,4096900,36,667,886,775,126000,1667500,1683400,620000,0,0,0,0,562,0,0,562,0,0,0,0,0,0,300,13,87,65,94,8,567,94,0,0,0,0,0,28,0,94,189,22,0,0,0,50,72,10,0,8,0,0,0,0,0,0,0,0,0,0,0,0,0,0,0,0,0,22.92
4,0,0,0,3527000,0,0,0,0,0,0,0,34,3,289225,5,10,0,0,10,0,10,0,0,10,0,0,0,0,0,0,4.5,0,0,4.5,0,4.5,0,0,4.5,0,0,0,0,0,0,22,2,333.333333333333,783777.777777778,783777.777777778,0,0,0,0,783777.777777778,0,0,0,0,0,0,0,127155.555555556,304266.666666667,22933.3333333333,18977.7777777778,2600,45266.6666666667,0,126333.333333333,138813.888888889,58666.6666666667,197480.555555556,72227.7777777778,516333.333333333,0,516333.333333333,1813619.11111111,2859021.77777778,155111.111111111,4827752,4944173.16140013,84046.867037037,77612.3825777778,161659.249614815,2551815.86599246,2954204.61637765,6817996.44444444,677992.582948148,7495989.02739259,402388.750385186,7898377.77777778,812,803.111111111111,790,343.555555555556,3406177.77777778,2489644.44444444,1659000,343555.555555556,0,0,0,0,996,0,0,996,0,0,0,0,0,0,36.8888888888889,20.6666666666667,130.444444444444,6.44444444444444,38.2222222222222,20.8888888888889,253.555555555556,0,0,0,0,0,0,3.77777777777778,0,0,85.7777777777778,20.4444444444444,0,0,0,0,55.1111111111111,0,0,3.77777777777778,0,0,0,0,0,0,0,0,0,0,0,0,0,0,0,0,84.6666666666667,15.1666666666667
4,0,0,0,353000,0,0,0,0,0,0,0,36,1,274120,6,3.56,0,0,3.56,0,3.56,0,0,3.56,0,0,0,0,0,0,1.57,0,0,1.57,0,1.57,0,0,1.57,0,0,0,0,0,0,24.2,2,117.834394904459,224840.76433121,224840.76433121,0,0,0,0,224840.76433121,0,0,0,0,0,0,0,0,26114.6496815287,0,0,0,0,0,0,179214.437367304,24203.8216560509,203418.259023355,0,278025.477707006,0,278025.477707006,2487424.20382166,0,0,2487424.20382166,728493.673036093,26357.6611464968,33955.9072611465,60313.5684076433,2825763.24993631,1873162.37791932,3215917.87685775,338339.04611465,3554256.9229724,-952600.872016985,2601656.05095541,314.012738853503,522.292993630573,336.305732484076,0,1067643.31210191,1096815.2866242,437197.452229299,0,0,0,0,0,285.350318471338,0,0,285.350318471338,0,0,0,0,0,0,67.515923566879,50.9554140127388,0,0,25.4777070063694,0,143.949044585987,0,0,0,0,0,0,0,0,0,104.458598726115,11.4649681528662,0,0,0,0,0,0,0,25.4777070063694,0,0,0,0,2.54777070063694,0,0,0,0,0,0,0,0,0,0,0,0,26.8666666666667
4,0,0,0,366000,0,0,0,0,0,0,0,36,1,274120,6,9,0,0,9,0,0,0,0,0,0,9,0,0,9,0,1.97,0,0,1.97,0,0,0,0,0,0,1.97,0,0,1.97,0,24.5,2,106.598984771574,185786.802030457,185786.802030457,0,0,0,0,185786.802030457,0,0,0,0,0,0,0,7055.83756345178,16142.1319796954,0,0,17563.4517766497,0,0,0,32686.1252115059,9866.75126903553,42552.8764805415,2251.269035533,0,303045.685279188,303045.685279188,1831026.39593909,0,0,1831026.39593909,848518.054145516,10486.4489424704,25513.9252791878,36000.3742216582,1867026.77016074,749299.204737733,2376498.76480541,339046.059500846,2715544.82430626,-1117727.56542301,1597817.25888325,10.6598984771574,725.888324873097,0,0,28781.7258883249,1569035.53299492,0,0,0,0,0,0,227.41116751269,0,0,227.41116751269,0,0,0,0,0,0,44.6700507614213,28.9340101522843,0,0,27.4111675126904,0,101.015228426396,0,0,0,0,0,0,0,0,9.13705583756345,58.8832487309645,5.58375634517767,0,0,0,0,0,0,0,27.4111675126904,0,0,0,0,0,0,0,0,0,0,0,0,0,0,0,0,0,26.8666666666667
4,0,0,0,38000,0,0,0,0,0,0,0,34,2,289225,5,2.17,0,0,2.17,0,2.17,0,0,2.17,0,0,0,0,0,0,2.17,0,0,2.17,0,2.17,0,0,2.17,0,0,0,0,0,0,33,2,368.663594470046,17511.5207373272,17511.5207373272,0,0,0,0,17511.5207373272,0,0,0,0,0,0,0,0,22534.5622119816,13594.4700460829,0,124700.460829493,0,0,27419.3548387097,108004.032258065,21889.400921659,129893.433179724,52008.4485407066,505622.119815668,0,505622.119815668,2541897.69585253,569634.101382489,14285.7142857143,3125817.51152074,1249136.66491452,36336.3178571429,41311.5657142857,77647.8835714286,3136838.10037734,2789573.01250484,3802704.76190476,583270.003387097,4385974.76529186,-347265.087872503,4038709.67741936,219.354838709677,484.792626728111,574.193548387097,408.755760368664,921290.322580645,1502857.14285714,1205806.4516129,408755.760368664,0,0,0,0,20.2764976958525,0,0,20.2764976958525,0,0,0,0,0,0,68.2027649769585,50.2304147465438,10.1382488479263,10.1382488479263,27.1889400921659,10.1382488479263,176.036866359447,0,0,0,0,0,0,0,0,0,95.852534562212,16.1290322580645,0,0,0,0,15.668202764977,0,0,21.6589861751152,0,0,0,0.460829493087558,0,0,0,0,0,0,0,0,0,0,0,0,26.2672811059908,22.95
4,0,0,0,387000,0,0,0,0,0,0,0,38,2,283519,6,2.15,0,0,2.15,0,1.49,0,0,1.49,0,0.66,0,0,0.66,0,2.15,0,0,2.15,0,1.49,0,0,1.49,0,0.66,0,0,0.66,0,28,2,279.06976744186,180000,180000,0,0,0,0,180000,0,0,0,0,0,0,0,0,20697.6744186046,0,0,0,0,0,0,89647.2868217054,0,89647.2868217054,0,111116.279069767,70511.6279069767,181627.906976744,1492176.74418605,0,0,1492176.74418605,644375.589147287,6949.40217054263,20991.6427906977,27941.0449612403,1631234.06821705,31670.9224806201,2066040.70542636,209568.951937984,2275609.65736434,-1599563.14573643,676046.511627907,6.51162790697674,77.6744186046512,171.627906976744,220.46511627907,21488.3720930233,186418.604651163,291767.441860465,176372.093023256,0,0,0,0,312.558139534884,0,0,312.558139534884,0,0,0,0,0,0,28.8372093023256,18.1395348837209,0,0,31.6279069767442,0,78.6046511627907,0,0,0,0,0,0,0,0,2.7906976744186,35.3488372093023,8.37209302325581,0,0,0,0,0,5.58139534883721,0,26.046511627907,0,0,0,0,0,0,0,0,0,0,0,0,0,0,0,0,0.465116279069767,15.5789473684211
4,0,0,0,424000,0,0,0,0,0,0,0,34,1,289225,5,1,0,0,1,0,1,0,0,1,0,0,0,0,0,0,1,0,0,1,0,1,0,0,1,0,0,0,0,0,0,28,2,160,424000,424000,0,0,0,0,424000,0,0,0,0,0,0,0,0,25500,9800,0,20600,0,43600,125700,116738.333333333,48750,165488.333333333,320750,193600,0,193600,3783973,1435192,0,5219165,2859855.33333333,91270.0842666667,72767.726,164037.810266667,4141610.81026667,11026744.6666667,6643828.33333333,357637.810266667,7001466.1436,6885133.8564,13886600,560,1961,2266,1267,2311200,5772600,4758600,1044200,0,0,0,0,560,0,0,560,0,0,0,0,0,0,104,60,45,45,49,0,303,0,0,0,0,0,0,0,0,0,205,6,0,0,0,0,54,0,0,24,0,0,0,1,0,0,0,0,0,0,0,0,0,0,0,0,13,26.2758620689655
4,0,0,0,488000,0,0,0,0,0,0,0,38,2,283519,6,2.1,0,0,2.1,0,2.1,0,0,2.1,0,0,0,0,0,0,2.1,0,0,2.1,0,2.1,0,0,2.1,0,0,0,0,0,0,23,2,226.190476190476,232380.952380952,232380.952380952,0,0,0,0,232380.952380952,0,0,0,0,0,0,0,0,64761.9047619048,0,6142.85714285714,5571.42857142857,0,0,6857.14285714286,199571.428571429,0,199571.428571429,0,113047.619047619,0,113047.619047619,3814377.14285714,0,0,3814377.14285714,798804.714285714,10414.3348571429,51213.1337142857,61627.4685714286,3989052.23047619,180052.428571429,4613181.85714286,174675.087619048,4787856.9447619,-3808999.80190476,978857.142857143,11.4285714285714,290,93.3333333333333,81.9047619047619,40000,696000,177333.333333333,65523.8095238095,0,0,0,0,426.666666666667,0,0,426.666666666667,0,0,0,0,0,0,116.190476190476,90,0,0,21.4285714285714,0,227.619047619048,13.3333333333333,0,0,0,0,0,0,0,27.1428571428571,156.190476190476,22.8571428571429,0,0,0,0,0,0,0,8.09523809523809,0,0,0,0,0,0,0,0,0,0,0,0,0,0,0,0,0,15.5789473684211
4,0,0,0,488000,0,0,0,0,0,0,1979000,34,4,289225,6,6.01,0,0,6.01,0,0,0,0,0,0,6.01,0,0,6.01,0,6.01,0,0,6.01,0,0,0,0,0,0,6.01,0,0,6.01,0,23,2,236.272878535774,410482.529118136,81198.003327787,329284.525790349,0,0,0,81198.003327787,0,0,0,0,0,0,329284.525790349,162163.06156406,145374.376039933,0,7104.82529118136,32745.4242928453,0,0,0,126283.971159179,11855.2412645591,138139.212423738,82362.7287853577,0,158452.579034942,158452.579034942,2424029.28452579,269051.580698835,44925.1247920133,2738005.99001664,1699589.55077906,26241.7665002773,43348.8649584027,69590.63145868,2534056.80724645,1706733.24456204,4005603.14753189,228043.210493622,4233646.35802551,-827323.562684414,3406322.7953411,250.582362728785,350.415973377704,563.0615640599,0,1102562.39600666,1121331.11480865,1182429.28452579,0,0,0,0,0,223.793677204659,0,0,223.793677204659,0,0,0,0,951.247920133112,951.247920133112,52.2462562396007,26.6222961730449,9.31780366056572,9.31780366056572,48.91846921797,0,146.422628951747,0,0,0,0,0,0,5.82362728785358,0,0,73.2113144758736,18.9683860232945,0,0,0,1.33111480865225,22.9617304492512,0,0,24.126455906822,0,0,0,0,0,0,0,0,0,0,0,0,0,0,0,0,0,9.86666666666667
4,0,0,0,501000,0,0,0,0,0,0,0,38,2,283519,6,3,0,0,3,0,0,0,0,0,0,3,0,0,3,0,2.9,0,0,2.9,0,0,0,0,0,0,2.9,0,0,2.9,0,38,2,51.7241379310345,172758.620689655,172758.620689655,0,0,0,0,172758.620689655,0,0,0,0,0,0,0,0,9793.10344827586,0,0,2827.58620689655,0,0,0,68955.1724137931,3071.12068965517,72026.2931034483,8193.10344827586,0,114344.827586207,114344.827586207,1406908.96551724,186548.620689655,0,1593457.5862069,850011.155172414,9823.97856896552,22057.5775172414,31881.5560862069,1438790.52160345,646368.155172414,2142575.29310345,146226.383672414,2288801.67677586,-792422.366431035,1496379.31034483,81.0344827586207,287.586206896552,231.034482758621,56.8965517241379,316034.482758621,718965.517241379,415862.068965517,45517.2413793103,0,0,0,0,463.793103448276,0,0,463.793103448276,0,0,0,0,0,0,57.2413793103448,15.8620689655172,5.86206896551724,5.86206896551724,7.24137931034483,0,92.0689655172414,0,0,0,0,0,0,0,0,0,73.1034482758621,11.7241379310345,0,0,0,0,0,0,0,7.24137931034483,0,0,0,0,0,0,0,0,0,0,0,0,0,0,0,0,0,15.5789473684211
4,0,0,0,509000,0,0,0,0,0,0,0,34,1,289225,5,1,0,0,1,0,1,0,0,1,0,0,0,0,0,0,1,0,0,1,0,1,0,0,1,0,0,0,0,0,0,58,2,180,509000,509000,0,0,0,0,509000,0,0,0,0,0,0,0,0,39400,24500,0,24600,0,43600,0,212058.333333333,71.25,212129.583333333,0,193600,0,193600,3876827,1719674,0,5596501,2862128.58333333,3612.45325,77346.2524,80958.70565,4151385.70565,2982771.41666667,6738955.58333333,274558.70565,7013514.28898333,-1168614.28898333,5844900,284,902,610,710,1199700,2796200,1281000,568000,0,0,0,0,672,0,0,672,0,0,0,0,0,0,108,47,73,30,59,0,317,0,0,0,0,0,0,0,0,0,132,17,0,0,0,0,90,0,0,49,0,0,0,0,0,0,0,0,0,0,0,0,0,0,0,0,29,26.2758620689655
4,0,0,0,51000,0,0,0,0,0,0,0,36,2,274120,6,5.67,0,0,5.67,0,5.67,0,0,5.67,0,0,0,0,0,0,2.14,0,0,2.14,0,2.14,0,0,2.14,0,0,0,0,0,0,44.6666666666667,2,122.429906542056,23831.7757009346,23831.7757009346,0,0,0,0,23831.7757009346,0,0,0,0,0,0,0,0,13271.0280373832,0,0,0,0,0,0,60965.7320872274,10654.2056074766,71619.937694704,80186.9158878505,272149.53271028,0,272149.53271028,947632.710280374,0,0,947632.710280374,463029.657320872,17280.5395638629,12210.7203738318,29491.2599376947,1249273.50292835,715288.099688474,1410662.36760125,301640.792647975,1712303.16024922,-533985.403239875,1178317.75700935,0,736.448598130841,0,0,0,1178317.75700935,0,0,0,0,0,0,52.3364485981308,0,0,52.3364485981308,0,0,0,0,0,0,26.1682242990654,15.4205607476636,0,0,12.1495327102804,0,53.7383177570093,0,0,0,0,0,0,0,0,0,31.3084112149533,10.2803738317757,0,0,0,0,0,0,0,12.1495327102804,0,0,0,0,0,0,0,0,0,0,0,0,0,0,0,0,0,12.1428571428571
4,0,0,0,51000,0,0,0,0,0,0,0,38,2,283519,6,3,0,0,3,0,3,0,0,3,0,0,0,0,0,0,2.48,0,0,2.48,0,2.48,0,0,2.48,0,0,0,0,0,0,21.4,2,247.58064516129,20564.5161290323,20564.5161290323,0,0,0,0,20564.5161290323,0,0,0,0,0,0,0,0,52459.6774193548,0,0,13306.4516129032,0,0,0,10112.9032258064,0,10112.9032258064,0,182137.096774194,0,182137.096774194,1429268.5483871,965541.935483871,0,2394810.48387097,1345504.48387097,758.34,30766.15,31524.49,1642930.13516129,-1044899.64516129,2774773.03225806,213661.586774194,2988434.61903226,-2687829.78032258,300604.838709677,0.403225806451613,132.258064516129,0.806451612903226,0,1330.64516129032,297903.225806452,1370.96774193548,0,0,0,0,0,45.1612903225806,0,0,45.1612903225806,0,0,0,0,0,0,12.9032258064516,22.9838709677419,53.6290322580645,0,38.7096774193548,0,128.225806451613,0,0,0,0,0,0,0,0,24.1935483870968,54.8387096774193,1.20967741935484,0,0,0,8.06451612903226,0,0,0,38.7096774193548,0,0,0,0,0,0,0,0,0,0,0,0,0,0,0,0,1.20967741935484,15.5789473684211
4,0,0,0,521000,0,0,0,0,0,0,0,34,3,289225,6,4,0,0,4,0,0,0,0,0,0,4,0,0,4,0,4,0,0,4,0,0,0,0,0,0,4,0,0,4,0,30.25,2,300,130250,130250,0,0,0,0,130250,0,0,0,0,0,0,0,260375,89250,0,16225,1750,0,0,0,33791.6666666667,2493.75,36285.4166666667,40625,0,189500,189500,2156187.75,280335,104000,2540522.75,1345786.17401492,7419.32558333333,37675.8221,45095.1476833333,2293317.14033508,2379488.82598508,3404508.16666667,234595.147683333,3639103.31435,86171.6856500003,3725275,79,501.25,846,348.25,316000,1453625,1607400,348250,0,0,0,0,336.25,0,0,336.25,0,0,0,0,0,0,67.5,50.25,11.25,5.5,11.5,0,146,19.5,0,0,0,0,0,6,0,0,98.75,12.75,0,0,0,0,0,0,0,6,0,0,0,0,0,0,0,0,0,0,0,0,0,0,0,0,3,15.1666666666667
4,0,0,0,543000,0,0,0,0,0,0,0,34,4,289225,6,6.02,0,0,6.02,0,0,0,0,0,0,6.02,0,0,6.02,0,6.02,0,0,6.02,0,0,0,0,0,0,6.02,0,0,6.02,0,30.8,2,210.963455149502,90199.3355481728,90199.3355481728,0,0,0,0,90199.3355481728,0,0,0,0,0,0,0,63953.488372093,125598.006644518,0,0,12973.4219269103,0,0,0,131112.956810631,15780.73089701,146893.687707641,153488.372093023,0,80631.2292358804,80631.2292358804,1364757.47508306,376322.259136213,17940.1993355482,1759019.93355482,1343162.44980976,37375.7627906977,25441.6279069767,62817.3906976744,1441637.41597097,457601.66979157,2641351.24584718,143448.619933555,2784799.86578073,-984035.746179402,1800764.11960133,0,305.980066445183,281.063122923588,231.395348837209,0,979136.212624585,590232.558139535,231395.348837209,0,0,0,0,186.212624584718,0,0,186.212624584718,0,0,0,0,0,0,52.6578073089701,26.578073089701,5.98006644518272,5.98006644518272,2.15946843853821,6.81063122923588,100.166112956811,22.5913621262458,0,0,0,0,0.996677740863787,0,0,0,54.485049833887,13.2890365448505,0,0,0,0,0,0,0,7.9734219269103,0,0,0,0,0,0,0,0,0,0,0,0,0,0,0,0,0.830564784053156,9.86666666666667
4,0,0,0,61000,0,0,0,0,0,0,0,38,1,283519,6,1.49,0,0,1.49,0,1.49,0,0,1.49,0,0,0,0,0,0,1.49,0,0,1.49,0,1.49,0,0,1.49,0,0,0,0,0,0,25.3333333333333,2,389.261744966443,40939.5973154362,40939.5973154362,0,0,0,0,40939.5973154362,0,0,0,0,0,0,0,0,7516.77852348993,0,0,0,0,0,4832.21476510067,54217.0022371364,0,54217.0022371364,0,199328.859060403,0,199328.859060403,678497.986577181,0,0,678497.986577181,391024.592841163,3005.12751677852,9074.15355704698,12079.2810738255,889906.12671141,333002.252796421,1069522.57941834,211408.140134228,1280930.71955257,-556903.873914989,724026.845637584,14.0939597315436,89.2617449664429,239.597315436242,73.8255033557047,46510.067114094,196375.838926175,407315.436241611,73825.5033557047,0,0,0,0,104.697986577181,0,0,104.697986577181,0,0,0,0,0,0,20.8053691275168,0,0,0,13.4228187919463,0,34.2281879194631,0,0,0,0,0,0,0,0,0,14.0939597315436,6.04026845637584,0,0,0,0,0,0,0,13.4228187919463,0,0,0,0,0,0,0,0,0,0,0,0,0,0,0,0,0.671140939597315,22.92
4,0,0,0,627000,0,11000,0,0,0,0,0,99,4,263414,5,7,0,0,7,0,7,0,0,7,0,0,0,0,0,0,7,0,0,7,0,7,0,0,7,0,0,0,0,0,0,23.5,2,257.142857142857,91142.8571428571,91142.8571428571,0,0,0,0,89571.4285714286,0,1571.42857142857,0,0,0,0,0,226042.857142857,120471.428571429,0,0,0,12471.4285714286,0,0,106355.952380952,36500,142855.952380952,14142.8571428571,415957.142857143,0,415957.142857143,1853459.28571429,1359921.57142857,111428.571428571,3324809.42857143,2277620.17547275,51961.3438095238,46809.2312,98770.5750095238,2432458.35191773,7447694.11024154,4195350.80952381,514727.717866667,4710078.52739048,5015235.75832381,9725314.28571429,559.857142857143,1274,1460.85714285714,39.1428571428571,2355728.57142857,4036742.85714286,3293671.42857143,39171.4285714286,0,0,0,0,160.142857142857,0,1,161.142857142857,0,0,0,0,0,0,34.1428571428571,21.7142857142857,2.28571428571429,78.4285714285714,40.7142857142857,0,177.285714285714,0,0,0,0,0,0,7.14285714285714,0,13.2857142857143,116.142857142857,1.14285714285714,0,0,0,0,33.4285714285714,0,0,5.42857142857143,0,0,0,0.714285714285714,0,0,0,0,0,0,0,0,0,0,0,0,0,12.875
4,0,0,0,644000,0,0,0,0,0,0,0,99,1,263414,6,1.51,0,0,1.51,0,0,0,0,0,0,1.51,0,0,1.51,0,1.01,0,0,1.01,0,0,0,0,0,0,1.01,0,0,1.01,0,19.5,2,282.178217821782,637623.762376238,637623.762376238,0,0,0,0,637623.762376238,0,0,0,0,0,0,0,0,21881.1881188119,0,0,0,0,0,0,21612.2112211221,15206.2706270627,36818.4818481848,19990.099009901,0,94752.4752475248,94752.4752475248,599394.059405941,392982.178217822,0,992376.237623762,1467462.18481848,21287.0544224422,20483.3267326733,41770.3811551155,641164.440561056,-1422907.72937294,1972103.7689769,136522.85640264,2108626.62537954,-2064072.16993399,44554.4554455446,0,17.8217821782178,0,0,0,44554.4554455446,0,0,0,0,0,0,1331.68316831683,0,0,1331.68316831683,0,0,0,0,0,0,0,3.96039603960396,17.8217821782178,5.94059405940594,23.7623762376238,0,51.4851485148515,0,0,0,0,0,0,0,0,0,5.94059405940594,21.7821782178218,0,0,0,0,0,0,0,23.7623762376238,0,0,0,0,0,0,0,0,0,0,0,0,0,0,0,0,0,26.25
4,0,0,0,695000,0,0,0,0,0,0,0,34,3,289225,6,4,0.2,0,3.8,0,0,0,0,0,0,4,0.2,0,3.8,0,4,0.2,0,3.8,0,0,0,0,0,0,4,0.2,0,3.8,0,24.8,2,182.5,173750,173750,0,0,0,0,173750,0,0,0,0,0,0,0,48550,101075,0,8550,875,0,0,0,40647.9166666667,0,40647.9166666667,13537.5,0,154000,154000,2748583.5,224770,78000,3051353.5,1060876.80940974,2892.35683333333,41963.5034,44855.8602333333,2865542.96749026,1348773.19059026,3727563.91666667,198855.860233333,3926419.7769,-1516769.7769,2409650,142.25,358,338.25,174,554775,1038200,642675,174000,0,0,0,0,448.25,0,0,448.25,0,0,0,0,0,0,107.75,44.25,7,7,10.25,0,176.25,40,0,0,0,0,0,0,0,0,96,12.75,0,0,0,0,0,1.25,0,26.25,0,0,0,0,0,0,0,0,0,0,0,0,0,0,0,0,0,15.1666666666667
4,0,0,0,705000,0,0,0,0,0,0,3430000,99,2,263414,6,2.5,0,0,2.5,0,0,0,0,0,0,2.5,0,0,2.5,0,2.5,0,0,2.5,0,0,0,0,0,0,2.5,0,0,2.5,0,20,2,312,1654000,282000,1372000,0,0,0,282000,0,0,0,0,0,0,1372000,312200,182040,0,0,0,12960,0,0,58596.6666666667,33000,91596.6666666667,459360,0,379040,379040,3568912.8,3834616,330800,7734328.8,7360562.66157763,76125.7865333333,122704.55712,198830.343653333,3927207.14874237,1661957.33842237,10709899.4666667,577870.343653333,11287769.81032,-2265249.81032,9022520,454.8,1020.4,962,118.8,2407320,4121440,2348440,145320,0,0,0,0,358.4,0,0,358.4,0,0,0,0,3964,3964,116.4,80,78.4,140,17.6,14.8,447.2,0,0,0,0,0,0,3.2,0,15.6,274,19.2,0,0,0,0,115.6,0,0,18.4,0,0,0,1.2,0,0,0,0,0,0,0,0,0,0,0,0,0,26.25
4,0,0,0,733000,0,0,0,0,0,0,0,38,3,283519,6,4,0,0,4,0,4,0,0,4,0,0,0,0,0,0,4,0,0,4,0,4,0,0,4,0,0,0,0,0,0,28,2,235,183250,183250,0,0,0,0,183250,0,0,0,0,0,0,0,225425,82450,0,12200,16450,0,0,3600,61541.6666666667,0,61541.6666666667,34650,96800,0,96800,2543076.5,291984,0,2835060.5,1195069.66666667,9584.518,41644.6002,51229.1182,2691105.6182,1246755.33333333,3738146.16666667,148029.1182,3886175.28486667,-1444350.28486667,2441825,293.75,312.75,42,0,1615625,750600,75600,0,0,0,0,0,336.25,0,0,336.25,0,0,0,0,0,0,51.25,29.75,0,21,52.75,0,154.75,10,0,0,0,1,0,0,0,18,72.25,5.75,0,0,0,0,6,0,0,41.75,0,0,0,0,0,0,0,0,0,0,0,0,0,0,0,0,0,18.7
4,0,0,0,814000,0,0,0,0,0,0,0,38,3,283519,6,8,0,0,8,0,8,0,0,8,0,0,0,0,0,0,3,0,0,3,0,3,0,0,3,0,0,0,0,0,0,30,2,333.333333333333,271333.333333333,271333.333333333,0,0,0,0,271333.333333333,0,0,0,0,0,0,0,0,49933.3333333333,0,6700,7166.66666666667,0,0,4800,52800,0,52800,0,342633.333333333,0,342633.333333333,1559777,0,0,1559777,676252.333333333,6609.944,23556.4081333333,30166.3521333333,1932576.68546667,268681,2236029.33333333,372799.685466667,2608829.0188,-1663895.68546667,944933.333333333,5.33333333333333,27.6666666666667,491.333333333333,36.6666666666667,17600,66400,835266.666666667,25666.6666666667,0,0,0,0,448,0,0,448,0,0,0,0,0,0,12.6666666666667,41.6666666666667,0,0,33,0,87.3333333333333,22.6666666666667,0,0,0,0,0,0,2,3,36.6666666666667,6.66666666666667,0,0,0,6,0,0,0,10.3333333333333,0,0,0,0,0,0,0,0,0,0,0,0,0,0,0,0,0,18.7
4,0,0,0,848000,0,0,0,0,0,0,0,34,1,289225,6,1.8,0,0,1.8,0,1.8,0,0,1.8,0,0,0,0,0,0,1.8,0,0,1.8,0,1.8,0,0,1.8,0,0,0,0,0,0,20.6666666666667,2,222.222222222222,471111.111111111,471111.111111111,0,0,0,0,471111.111111111,0,0,0,0,0,0,0,130055.555555556,34500,0,0,0,0,22000,0,52940.7407407407,15833.3333333333,68774.0740740741,0,358611.111111111,0,358611.111111111,3445225.55555556,637281.111111111,13888.8888888889,4096395.55555556,1655114.91360065,19865.7231111111,58950.3715555556,78816.0946666667,3894373.58847342,1291551.75306602,5112061.2962963,437427.205777778,5549488.50207407,-2602821.83540741,2946666.66666667,237.222222222222,374.444444444444,338.888888888889,162.222222222222,912000,1160777.77777778,711666.666666667,162222.222222222,0,0,0,0,622.777777777778,0,0,622.777777777778,0,0,0,0,0,0,99.4444444444444,58.8888888888889,12.2222222222222,12.2222222222222,37.2222222222222,7.22222222222222,227.222222222222,0,0,0,0,0,0,0,0,0,145.555555555556,12.7777777777778,0,0,0,0,20,0,0,35,0,0,0,0.555555555555556,0,0,0,0,0,0,0,0,0,0,0,0,13.3333333333333,26.2758620689655
4,0,0,0,848000,0,0,0,0,0,0,280000,34,1,289225,6,1,0,0,1,0,1,0,0,1,0,0,0,0,0,0,1,0,0,1,0,1,0,0,1,0,0,0,0,0,0,28,2,300,1128000,848000,280000,0,0,0,848000,0,0,0,0,0,0,280000,43000,250600,11800,4300,28100,52400,0,0,647800,237500,885300,0,322700,0,322700,3443189,5595830,62000,9101019,8326937.64528485,328138.658,131678.3156,459816.9736,4249323.32831515,-721037.645284848,11793744,782516.9736,12576260.9736,-4970360.9736,7605900,376,952,999,906,1579200,3022800,2097900,906000,0,0,0,0,1121,0,0,1121,0,0,0,0,762,762,87,58,232,64,47,30,518,0,0,0,0,0,0,30,0,0,213,33,0,0,0,0,118,1,0,41,0,0,0,0,0,0,0,0,0,0,0,0,0,0,0,0,82,26.2758620689655
4,0,0,0,87000,0,0,0,0,0,0,0,38,1,283519,5,1.16,0,0,1.16,0,1.16,0,0,1.16,0,0,0,0,0,0,1.16,0,0,1.16,0,1.16,0,0,1.16,0,0,0,0,0,0,28,2,482.758620689655,75000,75000,0,0,0,0,75000,0,0,0,0,0,0,0,22413.7931034483,11293.1034482759,0,0,0,0,0,0,168560.344827586,0,168560.344827586,307241.379310345,183620.689655172,0,183620.689655172,4680463.79310345,695133.620689655,0,5375597.4137931,1563161.24137931,42570.0444827586,68005.3734482759,110575.417931034,4974659.90068965,5370631.86206897,6243625.03448276,294196.107586207,6537821.14206897,395971.96137931,6933793.10344828,289.655172413793,1406.89655172414,1082.75862068966,557.758620689655,1129655.17241379,3517241.37931034,1840689.65517241,446206.896551724,0,0,0,0,193.103448275862,0,0,193.103448275862,0,0,0,0,0,0,145.689655172414,120.689655172414,38.7931034482759,0,17.2413793103448,0,322.413793103448,0,0,0,0,0,0,0,0,0,286.206896551724,9.48275862068965,0,0,0,0,0,0,0,25.8620689655172,0,0,0,0,0,0,0,0,0,0,0,0,0,0,0,0,0.862068965517241,22.92
4,0,0,0,933000,0,0,0,0,0,0,0,34,1,289225,5,1.6,0,0,1.6,0,0,0,0,0,0,1.6,0,0,1.6,0,1.6,0,0,1.6,0,0,0,0,0,0,1.6,0,0,1.6,0,22.8571428571429,2,171.875,583125,583125,0,0,0,0,583125,0,0,0,0,0,0,0,0,115562.5,0,31875,70250,0,0,63000,80187.5,0,80187.5,660000,0,473812.5,473812.5,6546205,82240,0,6628445,2449277.5,12588.7125,92903.993,105492.7055,6651697.7055,2704722.5,8521670,579305.2055,9100975.2055,-3946975.2055,5154000,226.25,725,887.5,238.75,972875,2102500,1863750,214875,250,0,0,0,700.625,0,0,700.625,0,0,0,0,0,0,133.75,100,5,0,119.375,0,358.125,0,0,0,0,0,0,0,0,0,205,10,0,0,0,21.25,41.875,13.125,0,61.25,0,0,0,5.625,0,0,0,0,0,0,0,0,0,0,0,0,0,26.2758620689655
4,0,0,0,97000,0,0,0,0,0,0,0,38,1,283519,6,1.75,0,0.25,1.5,0,1.75,0,0.25,1.5,0,0,0,0,0,0,1.75,0,0.25,1.5,0,1.75,0,0.25,1.5,0,0,0,0,0,0,33.25,2,400,55428.5714285714,55428.5714285714,0,0,0,0,55428.5714285714,0,0,0,0,0,0,0,0,7428.57142857143,0,0,0,0,0,0,131251.428571429,0,131251.428571429,0,342514.285714286,0,342514.285714286,872678.285714286,1324361.71428571,0,2197040,1801989.28571429,6371.79314285714,28022.7245714286,34394.5177142857,1249587.08914286,-440217.857142857,2674667.57142857,376908.803428571,3051576.37485714,-1689804.94628571,1361771.42857143,62.8571428571429,224,274.857142857143,186.857142857143,207428.571428571,537600,467257.142857143,149485.714285714,0,0,0,0,115.428571428571,0,0,115.428571428571,0,0,0,0,0,0,7.42857142857143,34.2857142857143,54.2857142857143,26.8571428571429,11.4285714285714,0,134.285714285714,0,0,0,0,0,0,0,0,0,74.2857142857143,13.1428571428571,0,0,0,0,34.2857142857143,0,0,11.4285714285714,0,0,0,0,0,0,0,0,0,0,0,0,0,0,0,0,1.14285714285714,22.92
4,0,0,1200000,0,0,0,0,0,0,0,0,34,2,289225,5,2.08,0,0.1,1.98,0,0.1,0,0.1,0,0,1.98,0,0,1.98,0,2.08,0,0.1,1.98,0,0.1,0,0.1,0,0,1.98,0,0,1.98,0,22.4,2,225.961538461538,576923.076923077,576923.076923077,0,0,0,576923.076923077,0,0,0,0,0,0,0,0,150096.153846154,90721.1538461538,51490.3846153846,24615.3846153846,15288.4615384615,41971.1538461538,0,66682.6923076923,1187594.95192308,25000,1212594.95192308,326822.916666667,46682.6923076923,911057.692307692,957740.384615385,4743792.30769231,2316997.11538462,192307.692307692,7253097.11538462,6137591.88161835,241827.136426282,102558.981153846,344386.117580128,5264063.06608998,2919571.57992011,10099528.4455128,1302126.50219551,11401654.9477083,-2344491.48616987,9057163.46153846,642.788461538462,840.384615384615,1484.13461538462,723.076923076923,2612211.53846154,2605192.30769231,3116682.69230769,723076.923076923,0,0,0,48.0769230769231,0,0,0,48.0769230769231,0,0,0,0,0,0,160.576923076923,100.480769230769,44.2307692307692,70.1923076923077,23.5576923076923,40.8653846153846,439.903846153846,0,0,0,0,0,0,16.3461538461538,0,0,235.096153846154,27.4038461538462,0,0,0,0,80.7692307692308,26.4423076923077,0,14.4230769230769,0,0,0,0,0,0,0,0,0,0,0,0,0,0,0,0,39.4230769230769,22.95
4,145000,0,0,0,0,0,0,0,0,0,0,34,1,289225,5,1.37,0,0,1.37,0,1.37,0,0,1.37,0,0,0,0,0,0,1.37,0,0,1.37,0,1.37,0,0,1.37,0,0,0,0,0,0,29,2,300.729927007299,105839.416058394,105839.416058394,0,105839.416058394,0,0,0,0,0,0,0,0,0,0,265766.423357664,16788.3211678832,3576.64233576642,0,0,0,0,14160.5839416058,212852.798053528,29401.4598540146,242254.257907543,105401.459854015,424014.598540146,0,424014.598540146,4978569.34306569,0,0,4978569.34306569,1043012.10462287,69386.2259367397,66770.2890510949,136156.514987835,5538740.45659367,4467060.88807786,6021581.44768856,560171.113527981,6581752.56121654,-1071679.56851581,5510072.99270073,0,1721.89781021898,0,0,0,5510072.99270073,0,0,0,186.861313868613,0,0,0,0,0,186.861313868613,0,0,0,0,0,0,149.63503649635,137.956204379562,0,0,18.2481751824817,0,305.839416058394,0,0,0,0,0,0,11.6788321167883,0,0,239.416058394161,11.6788321167883,0,0,0,0,0,13.1386861313869,0,29.9270072992701,0,0,0,0,0,0,0,0,0,0,0,0,0,0,0,0,0,26.2758620689655
4,15000,0,0,0,0,0,0,0,0,0,0,34,1,289225,5,1.3,0,0,1.3,0,0,0,0,0,0,1.3,0,0,1.3,0,1.3,0,0,1.3,0,0,0,0,0,0,1.3,0,0,1.3,0,21.5,2,261.538461538462,11538.4615384615,11538.4615384615,0,11538.4615384615,0,0,0,0,0,0,0,0,0,0,74692.3076923077,40384.6153846154,0,0,0,0,0,0,256998.076923077,61384.6153846154,318382.692307692,180564.102564103,0,400923.076923077,400923.076923077,4018410,419006.923076923,0,4437416.92307692,1734717.17948718,110682.483461538,56594.0006153846,167276.484076923,4185686.48407692,3254667.43589744,5352204.1025641,568199.561,5920403.6635641,-931019.048179488,4989384.61538462,0,608.461538461538,0,0,0,4989384.61538462,0,0,0,24.6153846153846,0,0,0,0,0,24.6153846153846,0,0,0,0,0,0,109.230769230769,90.7692307692308,8.46153846153846,19.2307692307692,35.3846153846154,0,263.076923076923,0,0,0,0,0,0,6.15384615384615,3.84615384615385,0,212.307692307692,3.07692307692308,0,0,0,0,16.1538461538462,0,0,21.5384615384615,0,0,0,0,0,0,0,0,0,0,0,0,0,0,0,0,0,26.2758620689655
4,29000,0,0,0,0,0,0,0,0,0,0,34,1,289225,6,1.2,0,0,1.2,0,1.2,0,0,1.2,0,0,0,0,0,0,1.2,0,0,1.2,0,1.2,0,0,1.2,0,0,0,0,0,0,23,2,329.166666666667,24166.6666666667,24166.6666666667,0,24166.6666666667,0,0,0,0,0,0,0,0,0,0,0,6666.66666666667,0,0,9750,0,0,0,57800,0,57800,0,286333.333333333,0,286333.333333333,1657979.16666667,0,0,1657979.16666667,387608.333333333,3294.91766666667,21062.175,24357.0926666667,1968669.59266667,1621641.66666667,2045587.5,310690.426,2356277.926,-347027.926,2009250,0,744.166666666667,0,0,0,2009250,0,0,0,53.3333333333333,0,0,0,0,0,53.3333333333333,0,0,0,0,0,0,75.8333333333333,0,0,0,13.3333333333333,0,89.1666666666667,0,0,0,0,0,0,0,0,0,60.8333333333333,15,0,0,0,0,0,0,0,13.3333333333333,0,0,0,0,0,0,0,0,0,0,0,0,0,0,0,0,0,26.2758620689655
