"▣ 연령별","무기질비료_질소질_지출액","무기질비료_인산질_지출액","무기질비료_가리질_지출액","무기질비료_복합_지출액","무기질비료_토양개량제_지출액","무기질비료_기타_지출액","유기질비료_퇴구비_지출액","유기질비료_계분_지출액","유기질비료_우분_지출액","유기질비료_돈분_지출액","유기질비료_기타_지출액","▣ 지역별","▣ 규모별(통계표기준)","조성비","▣ 경영수준별","경지면적_합계_계","경지면적_합계_논","경지면적_합계_밭","경지면적_합계_임지","경지면적_합계_기타","경지면적_자작지_계","경지면적_자작지_논","경지면적_자작지_밭","경지면적_자작지_임지","경지면적_자작지_기타","경지면적_차용지_계","경지면적_차용지_논","경지면적_차용지_밭","경지면적_차용지_임지","경지면적_차용지_기타","재배면적_합계_계","재배면적_합계_논","재배면적_합계_밭","재배면적_합계_임지","재배면적_합계_기타","재배면적_자작지_계","재배면적_자작지_논","재배면적_자작지_밭","재배면적_자작지_임지","재배면적_자작지_기타","재배면적_차용지_계","재배면적_차용지_논","재배면적_차용지_밭","재배면적_차용지_임지","재배면적_차용지_기타","수령","▣ 전/겸업별","재배본수_ha당","비료비_ha당","무기질비료_ha당","유기질비료_ha당","무기질비료_질소질_지출액_ha당","무기질비료_인산질_지출액_ha당","무기질비료_가리질_지출액_ha당","무기질비료_복합_지출액_ha당","무기질비료_토양개량제_지출액_ha당","무기질비료_기타_지출액_ha당","유기질비료_퇴구비_지출액_ha당","유기질비료_계분_지출액_ha당","유기질비료_우분_지출액_ha당","유기질비료_돈분_지출액_ha당","유기질비료_기타_지출액_ha당","농약비_ha당","수도광열비_ha당","제재료비_ha당","소농구비_ha당","수선비_ha당","임차료_ha당","위탁영농비_ha당","기타비용_ha당","기계_감가상각비_ha당","시설물_감가상각비_ha당","감가상각비_ha당","자동차비_ha당","자가토지용역비_ha당","임차토지용역비_ha당","토지용역비_ha당","자가노동비_ha당","고용노동비_ha당","급식물비_ha당","노동비_ha당","경영비","고정자본용역비_ha당","유동자본용역비_ha당","자본용역비_ha당","내급비","소득","직접생산비","간접생산비","생산비 합계_ha당","순수익","총 평가액_ha당","특대 수량_ha당","대 수량_ha당","중 수량_ha당","소 수량_ha당","특대 평가액_ha당","대 평가액_ha당","중 평가액_ha당","소 평가액_ha당","부산물 생산량_ha당","무기질_질소질_수량_ha당","무기질_인산질_수량_ha당","무기질_가리질_수량_ha당","무기질_복합_수량_ha당","무기질_토양개량제_수량_ha당","무기질_기타_수량_ha당","무기질_합계_수량_ha당","유기질_퇴구비_수량_ha당","유기질_계분_수량_ha당","유기질_우분_수량_ha당","유기질_돈분_수량_ha당","유기질_기타_수량_ha당","유기질_합계_수량_ha당","총 노동시간_보통자가_남_ha당","총 노동시간_보통자가_여_ha당","총 노동시간_보통고용_남_ha당","총 노동시간_보통고용_여_ha당","총 노동시간_특수자가_ha당","총 노동시간_특수고용_ha당","총 노동시간_합계_ha당","간벌_시간_ha당","경운_시간_ha당","관수(살수)_시간_ha당","두둑_시간_ha당","멀칭_시간_ha당","배수로 정비 및 관리_시간_ha당","병해충방제_시간_ha당","보식작업_시간_ha당","선별 및 포장_시간_ha당","수확_시간_ha당","시비_시간_ha당","식재(조림)_시간_ha당","열매솎기(적과)_시간_ha당","인공교배 또는 수정_시간_ha당","재배지 정리_시간_ha당","전정_시간_ha당","접목 및 관리_시간_ha당","정지_시간_ha당","제초_시간_ha당","차광막 설치_시간_ha당","채종_시간_ha당","꽃눈솎기(적뢰)_시간_ha당","출하_시간_ha당","일반관리_시간_ha당","파종_시간_ha당","세척_시간_ha당","운반 및 저장_시간_ha당","기타_시간_ha당","가중치"
1,0,0,0,0,0,0,0,0,0,0,10648000,34,4,289401,2,14.14,0,0,14.14,0,14.14,0,0,14.14,0,0,0,0,0,0,14.14,0,0,14.14,0,14.14,0,0,14.14,0,0,0,0,0,0,19.2,2,268.741159830269,753041.018387553,0,753041.018387553,0,0,0,0,0,0,0,0,0,0,753041.018387553,54950.495049505,26308.3451202263,0,4950.49504950495,2121.64073550212,46676.0961810466,0,2376.23762376238,103029.231494578,1199.25742574257,104228.488920321,30886.0207449316,274540.311173975,0,274540.311173975,1185740.87694484,546393.210749646,16619.5190947666,1748753.60678925,1866575.59442714,22239.3283639793,43810.3537199434,66049.6820839227,1537707.84343236,207278.719575694,3063693.4446016,340589.993257897,3404283.4378595,-1330429.12385667,2073854.31400283,73.6916548797737,626.166902404526,73.6916548797737,36.8458274398868,250551.626591231,1664865.62942009,125275.813295615,33161.2446958982,0,0,0,0,0,0,0,0,0,0,0,0,707.213578500707,707.213578500707,28.0763790664781,21.6407355021216,13.2248939179632,11.951909476662,15.1343705799151,6.50636492220651,96.5346534653465,2.05091937765205,0,0,0,0,0,3.18246110325318,3.11173974540311,4.1018387553041,54.8090523338048,3.81895332390382,0,0,0,2.26308345120226,11.7397454031117,1.76803394625177,0,9.47666195190948,0,0,0,0.212164073550212,0,0,0,0,0,1.6875
1,0,0,0,0,0,0,0,0,0,0,2556000,34,4,289401,2,13.6,0,0,13.6,0,0,0,0,0,0,13.6,0,0,13.6,0,13.6,0,0,13.6,0,0,0,0,0,0,13.6,0,0,13.6,0,24.7142857142857,2,595.588235294118,187941.176470588,0,187941.176470588,0,0,0,0,0,0,0,0,0,0,187941.176470588,34485.2941176471,58088.2352941177,0,0,54705.8823529412,11323.5294117647,0,0,191363.112745098,5250,196613.112745098,50284.9264705882,0,52279.4117647059,52279.4117647059,1087219.19117647,11580.8823529412,1176.47058823529,1099976.54411765,946715.850476718,33547.3814460784,24012.2429852941,57559.6244313726,1145942.88669975,-305082.982829659,1982819.70098039,109839.036196078,2092658.73717647,-1451025.86952941,641632.867647059,110.147058823529,34.4852941176471,19.5588235294118,0,481764.705882353,99235.8088235294,60632.3529411765,0,0,0,0,0,0,0,0,0,0,0,0,0,176.470588235294,176.470588235294,16.1764705882353,0,0,0,34.1176470588235,0.661764705882353,50.9558823529412,0,0,0,0,0,0,8.45588235294118,0,0,1.91176470588235,6.47058823529412,0,0,0,7.79411764705883,15.5882352941177,0,0,10.7352941176471,0,0,0,0,0,0,0,0,0,1.6875
1,0,0,0,0,0,0,1852000,0,0,0,0,34,1,289401,2,1,0,0,1,0,1,0,0,1,0,0,0,0,0,0,1,0,0,1,0,1,0,0,1,0,0,0,0,0,0,8,2,300,1852000,0,1852000,0,0,0,0,0,0,1852000,0,0,0,0,115000,435000,11500,0,14000,0,0,506000,245016.666666667,209314.736842105,454331.403508772,1313000,300000,0,300000,6105077,354824,0,6459901,5345056.40350877,373077.372736842,155930.4566,529007.829336842,6934084.82933684,1038743.59649123,11450133.4035088,829007.829336842,12279141.2328456,-5895341.23284561,6383800,541,468,333,271,4111800,1350400,677700,243900,0,0,0,0,0,0,0,0,4800,0,0,0,0,4800,198,113,10,9,33,2,365,53,0,0,0,0,0,12,0,0,223,18,0,0,0,6,0,0,0,34,0,0,0,0,0,0,0,0,19,28.2903225806452
1,0,0,0,251000,0,0,0,0,0,0,1065000,34,2,289401,2,3.25,0,0,3.25,0,0,0,0,0,0,3.25,0,0,3.25,0,2.6,0,0,2.6,0,0,0,0,0,0,2.6,0,0,2.6,0,18.3333333333333,2,403.846153846154,506153.846153846,96538.4615384615,409615.384615385,0,0,0,96538.4615384615,0,0,0,0,0,0,409615.384615385,21923.0769230769,61153.8461538461,0,0,0,203076.923076923,0,43038.4615384615,342492.307692308,6590.76923076923,349083.076923077,526041.666666667,0,327307.692307692,327307.692307692,3129025,0,0,3129025,2327179.58974359,119841.730984615,65808.5611538462,185650.292138462,3314675.29213846,-252564.205128205,5128896.8974359,512957.984446154,5641854.88188205,-3567239.49726667,2074615.38461538,108.076923076923,296.538461538462,248.076923076923,308.461538461538,510692.307692308,839115.384615385,445576.923076923,279230.769230769,0,0,0,0,138.461538461538,0,0,138.461538461538,0,0,0,0,384.615384615385,384.615384615385,60,82.3076923076923,0,0,35,0,177.307692307692,0,0,0,0,0,0,8.84615384615385,0,13.4615384615385,108.076923076923,7.30769230769231,0,0,0,4.23076923076923,21.1538461538462,0,0,12.3076923076923,0,0,0,1.92307692307692,0,0,0,0,0,16.3541666666667
1,0,0,0,387000,0,0,0,0,0,0,5679000,99,4,264842,1,13.66,0,0,13.66,0,13.66,0,0,13.66,0,0,0,0,0,0,13.66,0,0,13.66,0,13.66,0,0,13.66,0,0,0,0,0,0,24.5,2,131.771595900439,444070.27818448,28330.8931185944,415739.385065886,0,0,0,28330.8931185944,0,0,0,0,0,0,415739.385065886,82869.6925329429,68594.4363103953,0,0,1464.12884333821,0,93997.0717423133,0,42993.2284040996,26732.0644216691,69725.2928257687,6009.02879453392,198400.732064422,0,198400.732064422,1364378.477306,498471.815519766,21303.074670571,1884153.36749634,1535744.13965274,25004.3013079551,42747.4729868228,67751.7742947779,1646133.66343658,5785039.16927845,2915725.29673011,266152.5063592,3181877.80308931,4138905.50584187,7320783.30893119,304.612005856515,1232.86969253294,560.102489019034,112.957540263543,1502891.65446559,4573433.38213763,1120204.97803807,124253.294289898,0,0,0,0,48.8286969253294,0,0,48.8286969253294,0,0,0,0,585.651537335286,585.651537335286,22.913616398243,22.4743777452416,5.27086383601757,25.5490483162518,26.3543191800878,0,102.562225475842,0,0,0,0,0,0.439238653001464,4.90483162518302,0,19.8389458272328,56.3689604685212,3.58711566617862,0,0,0,0,15.5197657393851,0,0,1.90336749633968,0,0,0,0,0,0,0,0,0,1.88888888888889
1,0,0,0,47000,0,0,0,0,0,0,0,38,1,292048,2,1.84,0,0,1.84,0,1.84,0,0,1.84,0,0,0,0,0,0,1.84,0,0,1.84,0,1.84,0,0,1.84,0,0,0,0,0,0,42,2,271.739130434783,25543.4782608696,25543.4782608696,0,0,0,0,25543.4782608696,0,0,0,0,0,0,0,0,60869.5652173913,0,0,75000,0,0,7065.21739130435,62796.1956521739,3880.4347826087,66676.6304347826,124882.246376812,18804.347826087,0,18804.347826087,1671952.17391304,288600,0,1960552.17391304,940685.137681159,35899.3148731884,35341.9052173913,71241.2200905797,1761997.74182971,-737532.963768116,2612637.3115942,90045.5679166667,2702682.87951087,-2499530.70559783,203152.173913043,0,96.7391304347826,0,0,0,203152.173913043,0,0,0,0,0,0,50.5434782608696,0,0,50.5434782608696,0,0,0,0,0,0,46.7391304347826,0,8.69565217391304,8.69565217391304,34.7826086956522,0,98.9130434782609,0,0,0,0,0,0,0,0,26.0869565217391,31.5217391304348,1.6304347826087,0,0,0,1.08695652173913,0,2.17391304347826,0,34.7826086956522,0,0,0,0,0,0,0,0,1.6304347826087,32.1666666666667
2,0,0,0,0,0,0,0,0,0,0,0,34,4,289401,1,6.5,0,0,6.5,0,6.5,0,0,6.5,0,0,0,0,0,0,6.5,0,0,6.5,0,6.5,0,0,6.5,0,0,0,0,0,0,24,2,392.307692307692,0,0,0,0,0,0,0,0,0,0,0,0,0,0,12461.5384615385,53846.1538461538,3184.61538461538,0,0,85230.7692307692,0,72923.0769230769,58850,24975.5465587045,83825.5465587045,80800,109230.769230769,0,109230.769230769,420672.615384615,885384.615384615,24923.0769230769,1330980.30769231,1583952.83028599,43350.6882995951,25873.1992615385,69223.8875611336,607154.83460308,5013631.78509863,2012653.00809717,178454.656791903,2191107.66488907,4406476.95049555,6597584.61538462,368.615384615385,881.384615384615,256.307692307692,144.307692307692,2323815.38461538,3349276.92307692,736861.538461538,187630.769230769,0,0,0,0,0,0,0,0,0,0,0,0,0,0,16.7692307692308,7.53846153846154,27.3846153846154,19.8461538461538,0,3.69230769230769,75.2307692307692,11.0769230769231,0,0,0,0,0,0,0,0,30.9230769230769,0,0,0,0,32.7692307692308,0,0,0,0,0,0,0,0,0,0,0,0,0.461538461538462,7.3
2,0,0,0,0,0,0,0,0,0,0,0,34,4,289401,2,13.5,0,0,13.5,0,13.5,0,0,13.5,0,0,0,0,0,0,13.5,0,0,13.5,0,13.5,0,0,13.5,0,0,0,0,0,0,16.25,2,259.259259259259,0,0,0,0,0,0,0,0,0,0,0,0,0,0,45037.037037037,8444.44444444445,18740.7407407407,0,10518.5185185185,0,95111.1111111111,3370.37037037037,34410.6481481481,12693.3333333333,47103.9814814815,10535.8024691358,449607.407407407,0,449607.407407407,949147.703703704,196370.37037037,11333.3333333333,1156851.40740741,726576.192562063,23040.6453228395,22212.0222518519,45252.6675746914,1453398.29600028,611268.251882381,1685114.41358025,494860.074982099,2179974.48856235,-842130.044117901,1337844.44444444,108,127.259259259259,92.5925925925926,57.8518518518519,708474.074074074,401377.777777778,175925.925925926,52066.6666666667,0,0,0,0,0,0,0,0,0,0,0,0,0,0,20.4444444444444,11.1111111111111,6.51851851851852,1.33333333333333,17.7037037037037,2.22222222222222,59.3333333333333,0,0,0,0,0,0,1.7037037037037,0,2.44444444444444,14.2222222222222,0,0,0,0,0,21.9259259259259,0,0,8.66666666666667,0,0,0,2.96296296296296,0,0,0,0,7.40740740740741,1.6875
2,0,0,0,0,0,0,0,0,0,0,0,99,1,264842,2,1,0,1,0,0,1,0,1,0,0,0,0,0,0,0,1,0,1,0,0,1,0,1,0,0,0,0,0,0,0,20,2,50,0,0,0,0,0,0,0,0,0,0,0,0,0,0,0,50000,0,0,0,0,0,0,4540,0,4540,306366.666666667,100000,0,100000,872274,0,0,872274,625748.666666667,51580.3610666666,15309.7484,66890.1094666667,1039164.10946667,-45644.6666666667,1498022.66666667,166890.109466667,1664912.77613333,-1084808.77613333,580104,0,168,0,0,0,580104,0,0,0,0,0,0,0,0,0,0,0,0,0,0,0,0,36,6,0,0,5,0,47,0,0,0,0,0,0,0,0,3,38,0,0,0,0,0,0,0,0,5,0,0,0,1,0,0,0,0,0,27.125
2,0,0,0,0,0,0,0,0,0,0,1278000,34,4,289401,2,5.67,0,0,5.67,0,0,0,0,0,0,5.67,0,0,5.67,0,5.67,0,0,5.67,0,0,0,0,0,0,5.67,0,0,5.67,0,22.6,2,246.913580246914,225396.825396825,0,225396.825396825,0,0,0,0,0,0,0,0,0,0,225396.825396825,17460.3174603175,14814.8148148148,0,3350.97001763668,0,23280.4232804233,0,35731.9223985891,14044.6796002352,3305.55555555556,17350.2351557907,58690.4761904762,0,139682.53968254,139682.53968254,1051748.14814815,0,0,1051748.14814815,825159.524397413,12768.5787389771,22771.6047971781,35540.1835361552,1087288.3316843,2459.52322163421,1737225.13286302,175222.723218695,1912447.85608172,-1084828.80846267,827619.047619048,18.342151675485,45.8553791887125,266.490299823633,73.5449735449735,62363.315696649,123809.523809524,575255.731922399,66190.4761904762,0,0,0,0,0,0,0,0,0,0,0,0,211.640211640212,211.640211640212,45.326278659612,0,0,0,8.994708994709,0,54.320987654321,2.11640211640212,0,0,0,0,0,1.23456790123457,0,3.7037037037037,36.1552028218695,1.58730158730159,0,0,0,0.705467372134039,2.29276895943563,0,0,5.64373897707231,0,0,0,0.881834215167549,0,0,0,0,0,7.3
2,0,0,0,0,0,0,0,0,0,0,1420000,99,4,264842,2,15.47,0,0,15.47,0,0,0,0,0,0,15.47,0,0,15.47,0,15.47,0,0,15.47,0,0,0,0,0,0,15.47,0,0,15.47,0,30,2,196.83257918552,91790.5623787977,0,91790.5623787977,0,0,0,0,0,0,0,0,0,0,91790.5623787977,15384.6153846154,14544.2792501616,0,0,0,0,35940.5300581771,0,28600.8403361344,1384.61538461538,29985.4557207498,7072.82913165266,0,73691.0148674854,73691.0148674854,243589.334195217,238429.217840983,11506.1409179056,493524.692954105,777371.98718622,8592.12941822883,10809.6656884292,19401.795106658,268805.787666183,504534.929426579,953084.964878259,93092.8099741435,1046177.7748524,235729.141760396,1281906.9166128,49.4505494505494,215.837104072398,168.19650937298,27.7310924369748,202747.252747253,712262.443438914,336393.01874596,30504.2016806723,0,0,0,0,0,0,0,0,0,0,0,0,129.282482223659,129.282482223659,4.33096315449257,4.33096315449257,9.50226244343891,1.16354234001293,4.33096315449257,0.193923723335488,23.852617970265,0,0,0,0,0,0,0,0,0,12.9928894634777,0.775694893341952,0,0,0,0,0,0,0,8.33872010342598,0,0,0,0,0,0,0,0,1.74531351001939,1.88888888888889
2,0,0,0,0,0,0,0,0,0,0,4526000,34,4,289401,2,6,0,0,6,0,0,0,0,0,0,6,0,0,6,0,6,0,0,6,0,0,0,0,0,0,6,0,0,6,0,31.3333333333333,2,383.333333333333,754333.333333333,0,754333.333333333,0,0,0,0,0,0,0,0,0,0,754333.333333333,58166.6666666667,47833.3333333333,500,0,0,44000,0,57600,38950,7818.3,46768.3,50933.3333333333,0,79666.6666666667,79666.6666666667,2074358.66666667,117166.666666667,16000,2207525.33333333,1547224.7163797,16763.326736,52621.3138666667,69384.6406026667,2158887.89088963,-344041.383046369,3557061.3,149051.307269333,3706112.60726933,-2502929.273936,1203183.33333333,43.3333333333333,95.3333333333333,347.166666666667,0,147333.333333333,257400,798450,0,0,0,0,0,0,0,0,0,0,0,0,0,1000,1000,46.6666666666667,32.8333333333333,2.83333333333333,3.83333333333333,31.6666666666667,0,117.833333333333,6.16666666666667,0,0,0,0,0,6.33333333333333,0,5.16666666666667,40.1666666666667,5.83333333333333,0,0,0,5.66666666666667,13.3333333333333,0,0,17,0,0,0,0.333333333333333,0,0,0,0,17.8333333333333,7.3
2,0,0,0,0,0,0,0,0,0,0,7986000,34,4,289401,2,16,0,0,16,0,0,0,0,0,0,16,0,0,16,0,16,0,0,16,0,0,0,0,0,0,16,0,0,16,0,18,2,71.875,499125,0,499125,0,0,0,0,0,0,0,0,0,0,499125,167250,56250,3450,0,625,98000,0,197375,11768.2291666667,14761.4802631579,26529.7094298246,82062.5,0,118750,118750,1040561.6875,1146375,57937.5,2244874.1875,2715563.59095121,28386.9931787281,54231.3565125,82618.3496912281,1150747.15566984,239130.159048785,3664942.39692982,201368.349691228,3866310.74662105,-911616.996621053,2954693.75,123.6875,634.75,348.3125,143.25,420537.5,1813100,592131.25,128925,0,0,0,0,0,0,0,0,0,0,0,0,562.5,562.5,34.625,12.1875,7.4375,49.5,9.5625,6.6875,120,11.125,0,0,0,0,0,5.125,0,0,71.6875,6.8125,0,0,0,20.4375,0,0,0,4.8125,0,0,0,0,0,0,0,0,0,1.6875
2,0,0,0,0,0,0,0,0,0,0,870000,99,4,264842,2,9.6,0,0,9.6,0,0,0,0,0,0,9.6,0,0,9.6,0,6,0,0,6,0,0,0,0,0,0,6,0,0,6,0,11.4444444444444,2,267.5,145000,0,145000,0,0,0,0,0,0,0,0,0,0,145000,62000,9500,0,0,0,0,0,16333.3333333333,86144.4444444445,154785,240929.444444444,0,0,211333.333333333,211333.333333333,1129380.66666667,0,0,1129380.66666667,949938.111111111,25031.0265666667,22612.7524,47643.7789666667,1177024.44563333,806776.055555556,1867985.44444444,258977.1123,2126962.55674444,-370248.390077778,1756714.16666667,237.833333333333,204,12.3333333333333,5.5,1094033.33333333,632400,23433.3333333333,6847.5,0,0,0,0,0,0,0,0,0,0,0,0,166.666666666667,166.666666666667,46.3333333333333,0,0,0,12,0,58.3333333333333,0,0,0,0,0,0,0,0,2.16666666666667,15,2.83333333333333,0,0,0,0,30.5,0.666666666666667,0,6.83333333333333,0,0,0,0.333333333333333,0,0,0,0,0,6.90909090909091
2,0,0,0,0,0,0,0,1675000,0,0,0,34,3,289401,2,3.6,0,0,3.6,0,3.6,0,0,3.6,0,0,0,0,0,0,3,0,0,3,0,3,0,0,3,0,0,0,0,0,0,21.3333333333333,2,233.333333333333,558333.333333333,0,558333.333333333,0,0,0,0,0,0,0,558333.333333333,0,0,0,0,10333.3333333333,0,0,0,0,0,0,65342.2222222222,15827,81169.2222222222,51866.6666666667,322700,0,322700,2367776.66666667,543833.333333333,79333.3333333333,2990943.33333333,1549754.84565889,31360.0421666667,59089.526,90449.5681666667,2845441.61139666,1892745.15434111,3982046.88888889,413149.568166667,4395196.45705556,-952696.457055556,3442500,0,625,434,0,0,2270700,1171800,0,0,0,0,0,0,0,0,0,0,8266.66666666667,0,0,0,8266.66666666667,69,61.6666666666667,27,0,8,2.33333333333333,168,0,0,0,0,0,0,0,0,0,125,32.6666666666667,0,0,0,0,0,0,0,0,0,0,0,0,0,0,0,0,10.3333333333333,16.3541666666667
2,0,0,0,0,0,0,1542000,245000,0,0,639000,34,4,289401,2,13.89,0,0,13.89,0,0,0,0,0,0,13.89,0,0,13.89,0,13.89,0,0,13.89,0,0,0,0,0,0,13.89,0,0,13.89,0,25.5833333333333,2,146.868250539957,174658.027357811,0,174658.027357811,0,0,0,0,0,0,111015.118790497,17638.588912887,0,0,46004.3196544277,328149.748020158,35277.1778257739,2203.02375809935,0,0,0,0,203959.683225342,16934.6052315815,9333.86381721041,26268.4690487919,17732.181425486,0,75737.9409647228,75737.9409647228,536605.615550756,310364.506839453,99568.0345572354,946538.156947444,1500237.5601786,14000.6921984767,28204.4815694744,42205.1737679512,641893.022162983,568070.575170574,2024187.46760891,117943.114732674,2142130.58234158,-73822.4469924089,2068308.13534917,97.5521958243341,489.63282937365,236.645068394528,26.2778977681785,331677.465802736,1310683.94528438,402296.616270698,23650.1079913607,0,0,0,0,0,0,0,0,287.976961843053,1151.90784737221,0,0,43.1965442764579,1483.08135349172,16.8466522678186,15.4067674586033,5.54355651547876,6.8394528437725,0,4.53563714902808,49.1720662347012,0,0,0,0,0,0,0.0719942404607632,0,0,31.6774658027358,11.4470842332613,0,0,0,1.9438444924406,0,0,0,3.81569474442045,0,0,0,0,0,0,0,0,0.215982721382289,1.6875
2,0,0,0,0,0,0,2571000,0,0,0,0,34,4,289401,1,6.8,0,0,6.8,0,0,0,0,0,0,6.8,0,0,6.8,0,6.8,0,0,6.8,0,0,0,0,0,0,6.8,0,0,6.8,0,26,2,434.705882352941,378088.235294118,0,378088.235294118,0,0,0,0,0,0,378088.235294118,0,0,0,0,28088.2352941176,35735.2941176471,0,0,17647.0588235294,164411.764705882,0,40911.7647058824,38355.3921568627,3150,41505.3921568627,32181.3725490196,0,340294.117647059,340294.117647059,1643506.17647059,1426129.41176471,1764.70588235294,3071400.29411765,2795213.51602685,16173.8600980392,62022.2919411765,78196.1520392157,1722647.16542413,3704904.13103198,4099370.41176471,418490.269686275,4517860.68145098,1982256.96560784,6500117.64705882,811.764705882353,1115.29411764706,386.176470588235,0,2760000,2976352.94117647,763764.705882353,0,0,0,0,0,0,0,0,0,1470.58823529412,0,0,0,0,1470.58823529412,56.7647058823529,0,46.1764705882353,33.8235294117647,25.4411764705882,1.91176470588235,164.117647058824,0,0,0,0,0,0,2.64705882352941,0,3.23529411764706,101.470588235294,3.82352941176471,0,0,0,10.7352941176471,14.1176470588235,1.47058823529412,0,14.1176470588235,0,0,0,0.735294117647059,0,0,0,0,11.7647058823529,7.3
2,0,0,0,0,0,0,322000,0,0,0,0,34,2,289401,2,2.6,0,0,2.6,0,2.6,0,0,2.6,0,0,0,0,0,0,2.6,0,0,2.6,0,2.6,0,0,2.6,0,0,0,0,0,0,23.5,2,230.769230769231,123846.153846154,0,123846.153846154,0,0,0,0,0,0,123846.153846154,0,0,0,0,7692.30769230769,33076.9230769231,0,0,0,152307.692307692,0,13961.5384615385,196139.423076923,0,196139.423076923,59993.5897435897,224000,0,224000,1925946.53846154,0,0,1925946.53846154,876418.628205128,53331.2137179487,37463.3971538461,90794.6108717949,2240741.14933333,75735.2179487179,2802365.16666667,314794.610871795,3117159.77753846,-2165005.93138462,952153.846153846,60,172.307692307692,107.692307692308,100,204000,494153.846153846,164000,90000,0,0,0,0,0,0,0,0,153.846153846154,0,0,0,0,153.846153846154,69.2307692307692,11.1538461538462,0,0,20.3846153846154,0,100.769230769231,3.46153846153846,0,0,0,0,0,0,0,5.38461538461538,49.2307692307692,4.23076923076923,0,0,0,8.46153846153846,13.8461538461538,0,0,11.5384615384615,0,0,0,1.53846153846154,0,0,0,0,3.07692307692308,16.3541666666667
2,0,0,0,0,0,1040000,0,0,0,0,0,34,4,289401,2,14,0,0,14,0,0,0,0,0,0,14,0,0,14,0,14,0,0,14,0,0,0,0,0,0,14,0,0,14,0,20,2,285.714285714286,74285.7142857143,74285.7142857143,0,0,0,0,0,0,74285.7142857143,0,0,0,0,0,47785.7142857143,48928.5714285714,4271.42857142857,0,1857.14285714286,0,0,234835.714285714,44601.1904761905,296796.992481203,341398.182957394,90364.2857142857,0,451785.714285714,451785.714285714,721644.142857143,800250,29000,1550894.14285714,2400412.39390667,366279.704407895,32993.7070571428,399273.411465038,1134668.62908719,1046201.89180762,2684021.89724311,851059.125750752,3535081.02299386,-88466.7372795735,3446614.28571429,96.7142857142857,744,353.428571428572,52.0714285714286,362321.428571429,2269200,768228.571428571,46864.2857142857,0,0,0,0,0,0,142.857142857143,142.857142857143,0,0,0,0,0,0,14.8571428571429,13.5714285714286,7.28571428571429,40,10.6428571428571,0.5,86.8571428571429,0,0,0,0,0,0,4.64285714285714,1.5,0,68.7857142857143,3.71428571428571,0,0,0,0.928571428571429,0,0,0,6.71428571428572,0,0,0,0,0,0,0,0,0.571428571428572,1.6875
2,0,0,0,1373000,0,0,0,0,0,0,0,34,3,289401,2,3.7,0,0.85,2.85,0,0,0,0,0,0,3.7,0,0.85,2.85,0,3.7,0,0.85,2.85,0,0,0,0,0,0,3.7,0,0.85,2.85,0,24,2,291.891891891892,371081.081081081,371081.081081081,0,0,0,0,371081.081081081,0,0,0,0,0,0,0,81621.6216216216,44324.3243243243,8783.78378378378,0,29189.1891891892,89189.1891891892,0,91864.8648648649,562349.662162162,37842,600191.662162162,63236.4864864865,0,149189.189189189,149189.189189189,3001610,2330030.81081081,87837.8378378378,5419478.64864865,4186490.04753707,149131.933404505,101849.842864865,250981.776269369,3302042.76927284,1946807.24976023,7088361.85135135,400170.965458559,7488532.81680991,-1355235.51951261,6133297.2972973,430.810810810811,1041.62162162162,436.486486486486,190,2512054.05405405,2708216.21621622,742027.027027027,171000,0,0,0,0,360.27027027027,0,0,360.27027027027,0,0,0,0,0,0,71.8918918918919,32.972972972973,62.972972972973,50,51.6216216216216,24.5945945945946,294.054054054054,0,0,0,0,0,0,19.7297297297297,0,0,112.162162162162,33.5135135135135,0,0,0,0,64.3243243243243,13.5135135135135,0,28.1081081081081,0,0,0,0,0,0,0,0,22.7027027027027,16.3541666666667
2,0,0,0,207000,0,0,0,0,222000,0,0,34,1,289401,1,1,0,0,1,0,0,0,0,0,0,1,0,0,1,0,1,0,0,1,0,0,0,0,0,0,1,0,0,1,0,8,2,400,429000,207000,222000,0,0,0,207000,0,0,0,0,222000,0,0,130000,380000,10400,0,0,0,0,317500,110848.333333333,63508.4210526316,174356.754385965,262600,0,190000,190000,6285754,485564,0,6771318,2668821.75438596,112091.984749123,133434.4188,245526.403549123,6531280.40354912,3039578.24561404,8764575.75438596,435526.403549123,9200102.15793509,-3491702.15793509,5708400,1208,277,73,37,4669700,808200,189800,40700,0,0,0,0,400,0,0,400,0,0,900,0,0,900,200,147,15,14,18,0,394,46,0,0,0,0,0,12,0,0,285,17,0,0,0,0,0,0,0,34,0,0,0,0,0,0,0,0,0,28.2903225806452
2,0,0,0,23788000,6934000,0,0,0,0,0,0,34,4,289401,1,15.7,0,0,15.7,0,9.7,0,0,9.7,0,6,0,0,6,0,15.7,0,0,15.7,0,9.7,0,0,9.7,0,6,0,0,6,0,15,2,422.929936305732,1956815.2866242,1956815.2866242,0,0,0,0,1515159.23566879,441656.050955414,0,0,0,0,0,0,474840.76433121,75222.9299363057,1464.96815286624,15923.5668789809,25222.9299363057,5031.84713375796,0,1140.12738853503,461070.329087049,163719.74522293,624790.074309979,128930.467091295,332267.579617834,24203.821656051,356471.401273885,1534878.91719745,2676815.2866242,255668.789808917,4467362.99363057,6462297.80300329,306005.710642251,116582.221872611,422587.932514862,2382908.48619948,8426517.48362092,8066146.95541401,779059.333788747,8845206.28920276,6043608.99742144,14888815.2866242,1426.36942675159,2958.91719745223,1061.52866242038,729.808917197452,5028777.07006369,7345528.66242038,1857681.52866242,656828.025477707,0,0,0,0,1766.43312101911,254.777070063694,0,2021.2101910828,0,0,0,0,0,0,43.7579617834395,5.79617834394904,115.350318471338,11.7834394904459,27.8980891719745,20.3184713375796,224.904458598726,7.89808917197452,0,0,0,0,0,10.1910828025478,2.61146496815287,2.54777070063694,36.1146496815287,26.1146496815287,0,0,0,0,63.2484076433121,0,0,27.7707006369427,0,0,0,0,0,0,0,0,48.4076433121019,1.6875
2,0,0,0,258000,0,0,0,0,0,0,0,34,1,289401,2,1.5,0,0,1.5,0,0,0,0,0,0,1.5,0,0,1.5,0,1.5,0,0,1.5,0,0,0,0,0,0,1.5,0,0,1.5,0,16,1,118.666666666667,172000,172000,0,0,0,0,172000,0,0,0,0,0,0,0,0,42000,0,0,0,140666.666666667,0,0,296346.666666667,54264,350610.666666667,142244.444444444,0,272000,272000,3839840,3310000,317333.333333333,7467173.33333333,4865831.4265494,136471.418311111,129842.544,266313.962311111,4276578.64687282,-3421964.75988274,8604096.11111111,538313.962311111,9142410.07342222,-7698543.40675555,1443866.66666667,0,555.333333333333,0,0,0,1443866.66666667,0,0,0,0,0,0,178,0,0,178,0,0,0,0,0,0,87.3333333333333,85.3333333333333,24.6666666666667,150.666666666667,42,17.3333333333333,407.333333333333,0,0,0,0,0,0,0,0,0,321.333333333333,26.6666666666667,0,0,0,0,24.6666666666667,0,0,34.6666666666667,0,0,0,0,0,0,0,0,0,28.2903225806452
2,0,0,0,310000,0,0,0,0,0,0,0,38,1,292048,1,1,0,0,1,0,1,0,0,1,0,0,0,0,0,0,1,0,0,1,0,1,0,0,1,0,0,0,0,0,0,19.75,2,390,310000,310000,0,0,0,0,310000,0,0,0,0,0,0,0,0,157000,0,0,83000,0,0,13000,164798.333333333,0,164798.333333333,262600,265493,0,265493,10055815,0,0,10055815,1282446.33333333,68032.1645666667,176272.329,244304.493566667,10565612.4935667,4087353.66666667,11338261.3333333,509797.493566667,11848058.8269,-6478258.8269,5369800,255,509,727,970,1045500,1730600,1526700,1067000,0,0,0,0,400,0,0,400,0,0,0,0,0,0,175,173,0,0,185,0,533,16,0,0,0,0,0,0,0,62,268,18,0,0,0,0,0,0,0,169,0,0,0,0,0,0,0,0,0,32.1666666666667
2,0,0,0,323000,0,0,0,0,0,0,0,36,1,280285,2,1.02,0,0,1.02,0,0,0,0,0,0,1.02,0,0,1.02,0,1.02,0,0,1.02,0,0,0,0,0,0,1.02,0,0,1.02,0,21.5,2,382.352941176471,316666.666666667,316666.666666667,0,0,0,0,316666.666666667,0,0,0,0,0,0,0,0,43137.2549019608,0,0,23529.4117647059,0,0,0,98429.7385620915,37380,135809.738562092,101911.764705882,0,187254.901960784,187254.901960784,954327.450980392,109317.647058824,0,1063645.09803922,1197912.38562092,87367.9149267974,24019.8419607843,111387.756887582,1065715.20786797,754599.379084967,1964984.93464052,298642.658848366,2263627.59348889,-311115.828783006,1952511.76470588,210.78431372549,315.686274509804,158.823529411765,53.921568627451,746176.470588235,874450.980392157,270952.941176471,60931.3725490196,0,0,0,0,326.470588235294,0,0,326.470588235294,0,0,0,0,0,0,5.88235294117647,33.3333333333333,5.88235294117647,0,15.6862745098039,0,60.7843137254902,0,0,0,0,0,0,0,0,1.96078431372549,31.3725490196078,11.7647058823529,0,0,0,0,0,0,0,15.6862745098039,0,0,0,0,0,0,0,0,0,36.5555555555556
2,0,0,0,449000,0,0,1447000,0,0,0,8519000,99,4,264842,1,6,0,0,6,0,0,0,0,0,0,6,0,0,6,0,6,0,0,6,0,0,0,0,0,0,6,0,0,6,0,15,2,315,1735833.33333333,74833.3333333333,1661000,0,0,0,74833.3333333333,0,0,241166.666666667,0,0,0,1419833.33333333,96333.3333333333,107166.666666667,2883.33333333333,52166.6666666667,0,0,0,162500,32418.1944444444,0,32418.1944444444,36472.2222222222,0,158166.666666667,158166.666666667,1657683,2119083.33333333,71333.3333333333,3848099.66666667,4807889.7452479,10749.4411277778,99682.7178,110432.158927778,1799424.49701321,9631610.2547521,6338715.41666667,268598.825594444,6607314.24226111,7832185.75773889,14439500,645.333333333333,2703.83333333333,1206.33333333333,556.5,2645866.66666667,8768816.66666667,2412666.66666667,612150,0,0,0,0,133.333333333333,0,0,133.333333333333,1666.66666666667,0,0,0,2000,3666.66666666667,54.6666666666667,0,2.66666666666667,127.5,27.8333333333333,0.666666666666667,213.333333333333,0,0,0,0,0,11.3333333333333,2.33333333333333,0,0,151.333333333333,17.3333333333333,0,0,0,0,5,0,0,20.6666666666667,0,0,0,0,0,0,0,0,5.33333333333333,6.90909090909091
2,0,0,0,62000,0,0,0,0,2038000,0,0,38,4,292048,2,13.86,0,0,13.86,0,1.26,0,0,1.26,0,12.6,0,0,12.6,0,5.58,0,0,5.58,0,1.08,0,0,1.08,0,4.5,0,0,4.5,0,19.2,2,224.014336917563,376344.086021505,11111.1111111111,365232.974910394,0,0,0,11111.1111111111,0,0,0,0,365232.974910394,0,0,23297.4910394265,20967.7419354839,0,0,1254.48028673835,0,0,0,46388.5902031063,0,46388.5902031063,0,30071.6845878136,94982.0788530466,125053.76344086,1656822.22222222,0,0,1656822.22222222,855282.468339307,2989.96344086022,34506.1879569892,37496.1513978495,1724390.05820789,-449171.357228196,2417122.61170848,162549.91483871,2579672.52654719,-2173561.41543608,406111.111111111,4.83870967741935,12.1863799283154,140.681003584229,45.3405017921147,19838.7096774194,41433.6917562724,281362.007168459,63476.7025089606,0,0,0,0,23.8351254480287,0,0,23.8351254480287,0,0,1344.08602150538,0,0,1344.08602150538,36.3799283154122,28.673835125448,0,0,24.5519713261649,0,89.6057347670251,0,0,0,0,0,0,0,0,0,34.4086021505376,23.4767025089606,0,0,0,0,0,0,0,31.5412186379928,0,0,0,0,0,0,0,0,0.17921146953405,4.71428571428571
2,0,0,0,859000,0,0,0,0,0,0,0,34,4,289401,2,5.6,0,0,5.6,0,2.8,0,0,2.8,0,2.8,0,0,2.8,0,5.6,0,0,5.6,0,2.8,0,0,2.8,0,2.8,0,0,2.8,0,20,2,178.571428571429,153392.857142857,153392.857142857,0,0,0,0,153392.857142857,0,0,0,0,0,0,0,3214.28571428571,63392.8571428571,2589.28571428571,0,2142.85714285714,0,0,69464.2857142857,45885.4166666667,0,45885.4166666667,0,53571.4285714286,33928.5714285714,87500,1442013.39285714,56932.8571428571,0,1498946.25,720344.273809524,700.991815476191,29766.1684642857,30467.1602797619,1526051.98170833,972870.011904762,2128429.0952381,117967.160279762,2246396.25551786,-553181.969803571,1693214.28571429,78.2142857142857,265.892857142857,178.571428571429,109.821428571429,282285.714285714,832535.714285714,413982.142857143,164410.714285714,0,0,0,0,309.464285714286,0,0,309.464285714286,0,0,0,0,0,0,26.6071428571429,28.3928571428571,1.78571428571429,1.60714285714286,23.0357142857143,0,81.4285714285714,4.10714285714286,0,0,0,0,0,0,1.25,0,39.8214285714286,6.07142857142857,0,0,0,0,0,0,0,30.1785714285714,0,0,0,0,0,0,0,0,0,7.3
2,708000,0,0,0,0,0,0,0,0,0,0,34,4,289401,2,19.5,0,0,19.5,0,12.3,0,0,12.3,0,7.2,0,0,7.2,0,19.5,0,0,19.5,0,12.3,0,0,12.3,0,7.2,0,0,7.2,0,19.6666666666667,1,409.230769230769,36307.6923076923,36307.6923076923,0,36307.6923076923,0,0,0,0,0,0,0,0,0,0,32717.9487179487,7282.05128205128,0,0,0,0,0,0,72477.6068376068,10435.3846153846,82912.9914529915,12918.8034188034,198584.615384615,89076.9230769231,287661.538461538,357795.743589744,1147564.1025641,37333.3333333333,1542693.17948718,1726641.41446586,14154.7998529915,26875.4144717949,41030.2143247863,606284.004987132,-1653933.72215817,2004233.66666667,328691.752786325,2332925.41945299,-2260217.7271453,72707.6923076923,0,0,21.3846153846154,0,0,0,72707.6923076923,0,0,68.3589743589744,0,0,0,0,0,68.3589743589744,0,0,0,0,0,0,7.64102564102564,0,28.7692307692308,33.3333333333333,9.33333333333333,0,79.0769230769231,0,0,0,0,0,0,0.256410256410256,0,0,44.1025641025641,3.43589743589744,0,0,0,0,27.5897435897436,0.41025641025641,0,3.28205128205128,0,0,0,0,0,0,0,0,0,1.6875
2,84000,0,0,389000,0,0,0,0,0,0,0,34,3,289401,2,3,0,0,3,0,3,0,0,3,0,0,0,0,0,0,3,0,0,3,0,3,0,0,3,0,0,0,0,0,0,40.6666666666667,1,330,157666.666666667,157666.666666667,0,28000,0,0,129666.666666667,0,0,0,0,0,0,0,6666.66666666667,10666.6666666667,7666.66666666667,0,0,0,0,0,28150,7235.2,35385.2,51866.6666666667,323533.333333333,0,323533.333333333,2790560,934000,86000,3810560,1514885.57066392,19800.3675626667,66287.5626666667,86087.9302293333,3264615.22623208,-768118.903997251,4369879.53333333,409621.263562667,4779500.796896,-4032734.13022933,746766.666666667,0,173.666666666667,0,0,0,746766.666666667,0,0,0,37,0,0,266.666666666667,0,0,303.666666666667,0,0,0,0,0,0,99.6666666666667,51.3333333333333,31.3333333333333,3,8.66666666666667,4.33333333333333,198.333333333333,0,0,0,0,0,0,0,0,0,107.333333333333,14.6666666666667,0,0,0,0,63.3333333333333,0,0,13,0,0,0,0,0,0,0,0,0,16.3541666666667
3,0,0,0,0,0,0,0,0,0,0,0,34,1,289401,1,1.2,0,0,1.2,0,0,0,0,0,0,1.2,0,0,1.2,0,1.2,0,0,1.2,0,0,0,0,0,0,1.2,0,0,1.2,0,27.5,2,200,0,0,0,0,0,0,0,0,0,0,0,0,0,0,35833.3333333333,50000,2000,0,10000,0,0,0,442194.444444444,8925,451119.444444444,569895.833333333,0,369166.666666667,369166.666666667,2523528.33333333,0,0,2523528.33333333,1777416.27777778,68814.1633611111,43514.6036666667,112328.767027778,2635857.10036111,6850167.05555556,3931777.94444444,481495.433694444,4413273.37813889,4214309.95519445,8627583.33333333,500,1823.33333333333,551.666666666667,495,1851500,5240666.66666667,1089916.66666667,445500,0,0,0,0,0,0,0,0,0,0,0,0,0,0,91.6666666666667,0,0,0,35.8333333333333,0,127.5,0,0,0,0,0,0,7.5,5.83333333333333,0,21.6666666666667,0,0,0,0,0,25,5.83333333333333,0,28.3333333333333,0,0,0,0,0,0,0,0,33.3333333333333,28.2903225806452
3,0,0,0,0,0,0,0,0,0,0,0,34,1,289401,2,1,0,0,0,1,0,0,0,0,0,1,0,0,0,1,1,0,0,0,1,0,0,0,0,0,1,0,0,0,1,28.25,2,300,0,0,0,0,0,0,0,0,0,0,0,0,0,0,0,30000,0,0,7000,0,0,0,465289.583333333,32130,497419.583333333,683875,0,193000,193000,922540,0,0,922540,1700695.58333333,227966.648375,15928.364,243895.012375,1166435.012375,-312295.583333333,2430235.58333333,436895.012375,2867130.59570833,-1478730.59570833,1388400,0,89,0,0,0,1388400,0,0,0,0,0,0,0,0,0,0,0,0,0,0,0,0,26,0,0,0,19,0,45,0,0,0,0,0,0,0,0,0,26,0,0,0,0,0,0,0,0,19,0,0,0,0,0,0,0,0,0,28.2903225806452
3,0,0,0,0,0,0,0,0,0,0,0,34,2,289401,2,2.6,0,0,2.6,0,2.6,0,0,2.6,0,0,0,0,0,0,2.6,0,0,2.6,0,2.6,0,0,2.6,0,0,0,0,0,0,17.6666666666667,2,211.538461538462,0,0,0,0,0,0,0,0,0,0,0,0,0,0,24615.3846153846,0,0,0,0,0,0,0,365269.230769231,0,365269.230769231,126250,315384.615384615,0,315384.615384615,367628.461538462,0,0,367628.461538462,805535.615384615,61133.9373076923,6511.24784615385,67645.1851538461,750658.262076923,1071079.76923077,1173164.07692308,383029.800538462,1556193.87746154,320421.507153846,1876615.38461538,0,305.384615384615,495.384615384615,200.384615384615,0,794000,902269.230769231,180346.153846154,0,0,0,0,0,0,0,0,0,0,0,0,0,0,11.9230769230769,10,0,0,0,0,21.9230769230769,0,0,0,0,0,0,1.92307692307692,0,0,20,0,0,0,0,0,0,0,0,0,0,0,0,0,0,0,0,0,0,16.3541666666667
3,0,0,0,0,0,0,0,0,0,0,0,34,2,289401,2,2.88,0,0,2.88,0,0,0,0,0,0,2.88,0,0,2.88,0,2.88,0,0,2.88,0,0,0,0,0,0,2.88,0,0,2.88,0,7.66666666666667,2,416.666666666667,0,0,0,0,0,0,0,0,0,0,0,0,0,0,89236.1111111111,60763.8888888889,1458.33333333333,0,27083.3333333333,75000,0,0,176629.62962963,3718.75,180348.37962963,237456.597222222,0,329166.666666667,329166.666666667,2549203.125,80208.3333333333,0,2629411.45833333,1370122.64351852,50220.0847106482,47857.021875,98077.1065856482,2647280.23158565,136266.245370371,3590159.10185185,427243.773252315,4017402.87510417,-2511013.98621528,1506388.88888889,316.666666666667,90.2777777777778,45.4861111111111,0,1171666.66666667,243750,90972.2222222222,0,0,0,0,0,0,0,0,0,0,0,0,0,0,0,48.6111111111111,46.1805555555556,0,0,42.3611111111111,3.125,140.277777777778,0,0,0,0,0,0,12.1527777777778,13.1944444444444,0,18.0555555555556,0,0,0,0,9.375,53.8194444444444,21.5277777777778,0,1.38888888888889,0,0,0,0,0,0,0,0,10.7638888888889,16.3541666666667
3,0,0,0,0,0,0,0,0,0,0,0,34,3,289401,1,3,0,0,3,0,3,0,0,3,0,0,0,0,0,0,3,0,0,3,0,3,0,0,3,0,0,0,0,0,0,7.66666666666667,2,300,0,0,0,0,0,0,0,0,0,0,0,0,0,0,54333.3333333333,17000,0,0,32000,0,356666.666666667,34333.3333333333,27813.8888888889,0,27813.8888888889,0,374333.333333333,0,374333.333333333,387251,1067599.33333333,18333.3333333333,1473183.66666667,1892600.9356016,3226.542,32660.7822,35887.3242,802351.610820625,8052732.39773174,2284731.88888889,410220.657533333,2694952.54642222,7250380.78691111,9945333.33333333,712,1718.66666666667,1052,694.666666666667,2733400,4468533.33333333,2048733.33333333,694666.666666667,0,0,0,0,0,0,0,0,0,0,0,0,0,0,0.666666666666667,25.6666666666667,25.6666666666667,15.3333333333333,0,14.6666666666667,82,0,0,0,0,0,0,0,0,0,66.6666666666667,0,0,0,0,0,0,0,0,14.6666666666667,0,0,0,0,0,0,0,0,0.666666666666667,16.3541666666667
3,0,0,0,0,0,0,0,0,0,0,0,34,4,289401,2,13.6,0,0,13.6,0,0,0,0,0,0,13.6,0,0,13.6,0,13.6,0,0,13.6,0,0,0,0,0,0,13.6,0,0,13.6,0,23,2,235.294117647059,0,0,0,0,0,0,0,0,0,0,0,0,0,0,34705.8823529412,9926.47058823529,2198.52941176471,0,7794.11764705882,0,1077867.64705882,30441.1764705882,141727.205882353,3150,144877.205882353,42239.5833333333,0,106544.117647059,106544.117647059,583157.426470588,351441.102941177,11470.5882352941,946069.117647059,2101750.16794058,36890.816129902,35009.4488235294,71900.2649534314,662214.945052065,211904.243824123,2585520.73039216,178444.38260049,2763965.11299265,-450310.701227941,2313654.41176471,252.352941176471,345.073529411765,194.558823529412,51.7647058823529,858000,974948.529411765,434117.647058824,46588.2352941177,0,0,0,0,0,0,0,0,0,0,0,0,0,0,10.5882352941176,8.89705882352941,13.8970588235294,3.75,11.1029411764706,1.91176470588235,50.1470588235294,0,0,0,0,0,0,1.69117647058824,0,1.17647058823529,15.4411764705882,0,0,0,0,0,5.73529411764706,0,0,11.1764705882353,0,0,0,0.147058823529412,0,0,0,0,14.7794117647059,1.6875
3,0,0,0,0,0,0,0,0,0,0,0,34,4,289401,2,6,0,0,6,0,0,0,0,0,0,6,0,0,6,0,6,0,0,6,0,0,0,0,0,0,6,0,0,6,0,15,2,250,0,0,0,0,0,0,0,0,0,0,0,0,0,0,261000,56666.6666666667,7283.33333333333,0,1333.33333333333,0,0,207833.333333333,447494.444444444,54614.7368421053,502109.18128655,0,0,105500,105500,2202072,1727666.66666667,110333.333333333,4040072,3207300.3590671,124976.730643275,75931.5318666667,200908.262509942,2464806.75139606,-424500.359067102,5365698.84795322,306408.262509942,5672107.11046316,-2889307.11046316,2782800,139,593.5,366.166666666667,87,472600,1602450,622483.333333333,85266.6666666667,0,0,0,0,0,0,0,0,0,0,0,0,0,0,64.5,27.6666666666667,0,69.1666666666667,26.1666666666667,20.1666666666667,207.666666666667,51.3333333333333,0,0,0,0,0,10.3333333333333,0,0,120.5,0,0,0,0,4.5,0,0,0,18.3333333333333,0,0,0,0,0,0,0,0,2.66666666666667,7.3
3,0,0,0,0,0,0,0,0,0,0,0,34,4,289401,2,6,0,0,6,0,6,0,0,6,0,0,0,0,0,0,6,0,0,6,0,6,0,0,6,0,0,0,0,0,0,20,2,333.333333333333,0,0,0,0,0,0,0,0,0,0,0,0,0,0,0,12333.3333333333,433.333333333333,0,18000,47833.3333333333,0,2983.33333333333,22111.1111111111,5355,27466.1111111111,60179.1666666667,448161.5,0,448161.5,752460.5,776583.333333333,25166.6666666667,1554210.5,1247994.7976934,22268.6247166667,27154.1776333333,49422.80235,1262429.61576771,525188.535639932,2012840.11111111,497584.30235,2510424.41346111,-737241.080127778,1773183.33333333,156.166666666667,338.666666666667,173.666666666667,73.8333333333333,530966.666666667,880533.333333333,295233.333333333,66450,0,0,0,0,0,0,0,0,0,0,0,0,0,0,19,8.5,18.3333333333333,15.3333333333333,12,10.8333333333333,84,0,0,0,0,0,0,0,0,0,49.3333333333333,0,0,0,0,0,22.1666666666667,4,0,5.83333333333333,0,0,0,0,0,0,0,0,2.66666666666667,7.3
3,0,0,0,0,0,0,0,0,0,0,0,36,2,280285,2,2.64,0,0,2.64,0,2.64,0,0,2.64,0,0,0,0,0,0,2.64,0,0,2.64,0,2.64,0,0,2.64,0,0,0,0,0,0,23,2,189.393939393939,0,0,0,0,0,0,0,0,0,0,0,0,0,0,0,3787.87878787879,0,0,0,0,0,0,135713.383838384,22533.1339712919,158246.517809676,74602.2727272727,113636.363636364,0,113636.363636364,203413.636363636,81060.6060606061,0,284474.242424242,597982.275385433,46821.7804424508,4785.15121212121,51606.931654572,368656.931654572,-161618.639021797,801395.91174907,165243.295290936,966639.207040005,-530275.570676369,436363.636363636,0,0,272.727272727273,0,0,0,436363.636363636,0,0,0,0,0,0,0,0,0,0,0,0,0,0,0,4.54545454545454,4.54545454545454,2.27272727272727,0,2.27272727272727,0,13.6363636363636,0,0,0,0,0,0,0,0,0,9.09090909090909,0,0,0,0,0,0,0,0,4.54545454545454,0,0,0,0,0,0,0,0,0,15.5454545454545
3,0,0,0,0,0,0,0,0,0,0,0,36,3,280285,2,3.6,0,0,3.6,0,3.6,0,0,3.6,0,0,0,0,0,0,3,0,0,3,0,3,0,0,3,0,0,0,0,0,0,19.4444444444444,2,380,0,0,0,0,0,0,0,0,0,0,0,0,0,0,0,40333.3333333333,1933.33333333333,0,666.666666666667,0,0,1533.33333333333,27274.4444444444,16660,43934.4444444445,0,30000,0,30000,421586.333333333,151666.666666667,12000,585253,523527.641232483,24512.5744444444,10453.3464666667,34965.9209111111,495377.390789739,-373260.974565816,953939.111111111,64965.9209111111,1018905.03202222,-868638.365355555,150266.666666667,0,107.333333333333,0,0,0,150266.666666667,0,0,0,0,0,0,0,0,0,0,0,0,0,0,0,0,9,6.33333333333333,0,0,7,8.66666666666667,31,0,0,0,0,0,0,0,0,3.33333333333333,8.66666666666667,0,0,0,0,1.33333333333333,3.33333333333333,0,0,12.3333333333333,0,0,0,0.666666666666667,0,0,0,0,1.33333333333333,15.5454545454545
3,0,0,0,0,0,0,0,0,0,0,0,36,4,280285,2,7.7,0,0.35,7.35,0,7.7,0,0.35,7.35,0,0,0,0,0,0,5.61,0,0.21,5.4,0,5.61,0,0.21,5.4,0,0,0,0,0,0,31,2,207.664884135472,0,0,0,0,0,0,0,0,0,0,0,0,0,0,0,16042.7807486631,0,0,7486.63101604278,0,0,3725.49019607843,34481.1348781937,15306.2200956938,49787.3549738875,39007.724301842,267445.632798574,0,267445.632798574,356557.575757576,0,0,356557.575757576,396334.981236514,29821.1867572787,6371.28713012478,36192.4738874034,660195.682443553,-301040.863589455,752892.55699409,303638.106685977,1056530.66368007,-961236.546033008,95294.1176470588,0,28.8770053475936,0,0,0,95294.1176470588,0,0,0,0,0,0,0,0,0,0,0,0,0,0,0,0,4.99108734402852,0,0,0,11.4081996434938,0,16.3992869875223,0,0,0,0,0,0,0,0,0.35650623885918,4.63458110516934,0,0,0,0,0,0,0,0,11.4081996434938,0,0,0,0,0,0,0,0,0,15.5454545454545
3,0,0,0,0,0,0,0,0,0,0,0,38,4,292048,2,19.17,0,0,19.17,0,5.4,0,0,5.4,0,13.77,0,0,13.77,0,13.77,0,0,13.77,0,5.4,0,0,5.4,0,8.37,0,0,8.37,0,33.5714285714286,2,133.986928104575,0,0,0,0,0,0,0,0,0,0,0,0,0,0,0,1089.32461873638,0,0,0,0,0,0,8665.57734204793,0,8665.57734204793,17481.239409344,21089.3246187364,27015.2505446623,48104.5751633987,172287.000726216,0,0,172287.000726216,346299.391914791,4138.71332607117,2878.04700072622,7016.76032679739,200393.08567175,-299603.676591624,491571.142096345,55121.3354901961,546692.477586541,-499996.762263375,46695.7153231663,0,6.89905591866376,7.04429920116195,6.5359477124183,0,23456.7901234568,14088.5984023239,9150.32679738562,0,0,0,0,0,0,0,0,0,0,0,0,0,0,3.84894698620189,0,0,0,4.35729847494553,0,8.20624546114742,0,0,0,0,0,0,0,0,0,3.7037037037037,0,0,0,0,0,0,0,0,4.35729847494553,0,0,0,0,0,0,0,0,0.145243282498184,4.71428571428571
3,0,0,0,0,0,0,0,0,0,0,0,99,1,264842,2,1,0,0,1,0,1,0,0,1,0,0,0,0,0,0,1,0,0,1,0,1,0,0,1,0,0,0,0,0,0,25,2,150,0,0,0,0,0,0,0,0,0,0,0,0,0,0,0,50000,0,0,0,0,0,0,1135,0,1135,0,300000,0,300000,1126638,0,0,1126638,315977,184.6418,19532.1908,19716.8326,1446354.8326,277629,1442615,319716.8326,1762331.8326,-1168725.8326,593606,0,14,201,66,0,51800,460692,81114,0,0,0,0,0,0,0,0,0,0,0,0,0,0,36,6,0,0,16,0,58,0,0,0,0,0,0,0,0,5,35,0,0,0,0,0,0,0,0,16,0,0,0,2,0,0,0,0,0,27.125
3,0,0,0,0,0,0,0,0,0,0,0,99,1,264842,2,1,0,0,1,0,1,0,0,1,0,0,0,0,0,0,1,0,0,1,0,1,0,0,1,0,0,0,0,0,0,55,2,30,0,0,0,0,0,0,0,0,0,0,0,0,0,0,78000,100000,0,19000,0,0,0,0,0,8568,8568,114890,300000,0,300000,4414716,892500,0,5307216,1477800,32050.75544,91369.9856,123420.74104,4838136.74104,-1305150,5892516,423420.74104,6315936.74104,-6143286.74104,172650,0,50,0,0,0,172650,0,0,0,0,0,0,0,0,0,0,0,0,0,0,0,0,144,51,51,0,43,0,289,0,0,0,0,0,0,0,0,13,204,0,0,0,0,0,0,0,0,64,0,0,0,8,0,0,0,0,0,27.125
3,0,0,0,0,0,0,0,0,0,0,0,99,1,264842,2,1,0,1,0,0,1,0,1,0,0,0,0,0,0,0,1,0,1,0,0,1,0,1,0,0,0,0,0,0,0,35,2,150,0,0,0,0,0,0,0,0,0,0,0,0,0,0,0,50000,0,13000,0,0,0,0,20470,0,20470,60179.1666666667,500000,0,500000,1114701,175000,0,1289701,583491.166666667,14763.87815,22454.8366,37218.71475,1651919.71475,-551403.166666667,1698192.16666667,537218.71475,2235410.88141667,-2203322.88141667,32088,0,0,14,0,0,0,32088,0,0,0,0,0,0,0,0,0,0,0,0,0,0,0,33,9,10,0,16,0,68,0,0,0,0,0,0,0,0,5,45,0,0,0,0,0,0,0,0,16,0,0,0,2,0,0,0,0,0,27.125
3,0,0,0,0,0,0,0,0,0,0,0,99,2,264842,2,2.98,0,0,2.98,0,2.98,0,0,2.98,0,0,0,0,0,0,2.98,0,0,2.98,0,2.98,0,0,2.98,0,0,0,0,0,0,10,1,422.48322147651,0,0,0,0,0,0,0,0,0,0,0,0,0,0,0,42953.0201342282,0,0,2684.56375838926,0,0,0,9916.10738255034,0,9916.10738255034,38554.2505592841,1342281.87919463,0,1342281.87919463,1421871.81208054,0,0,1421871.81208054,358949.941834452,8561.26431767338,24360.6559731544,32921.9202908277,2797075.611566,-289319.06935123,1780821.75391499,1375203.79948546,3156025.55340045,-3086394.68091723,69630.8724832215,8.38926174496644,0,0,0,69630.8724832215,0,0,0,0,0,0,0,0,0,0,0,0,0,0,0,0,0,43.6241610738255,1.00671140939597,0,0,25.8389261744966,0,70.4697986577181,17.7852348993289,0,0,0,0,0,0,0,0,2.01342281879195,0,0,0,0,20.8053691275168,0,0,0,25.8389261744966,0,0,0,4.02684563758389,0,0,0,0,0,14.4444444444444
3,0,0,0,0,0,0,0,0,0,0,1061000,99,2,264842,1,2.64,0,0,2.64,0,2.64,0,0,2.64,0,0,0,0,0,0,2.64,0,0,2.64,0,2.64,0,0,2.64,0,0,0,0,0,0,12,2,151.515151515152,401893.939393939,0,401893.939393939,0,0,0,0,0,0,0,0,0,0,401893.939393939,330303.03030303,181818.181818182,0,0,378.787878787879,20075.7575757576,162121.212121212,0,216416.666666667,21921.0526315789,238337.719298246,99469.696969697,175983.712121212,0,175983.712121212,2976948.48484848,890340.909090909,104166.666666667,3971456.06060606,2613562.84928374,81014.5866081871,84129.5796969697,165144.166305157,3398261.41510755,6733424.65071626,5670696.38596491,341127.878426369,6011824.26439128,3335163.23560872,9346987.5,664.772727272727,1286.74242424242,508.712121212121,6.43939393939394,3088200.37878788,4917441.66666667,1333547.34848485,7798.10606060606,0,0,0,0,0,0,0,0,0,0,0,0,515.530303030303,515.530303030303,64.7727272727273,78.4090909090909,18.9393939393939,29.5454545454545,27.2727272727273,3.40909090909091,222.348484848485,0,0,0,0,0,0,12.1212121212121,1.51515151515152,50.3787878787879,109.090909090909,8.33333333333333,0,0,0,0,15.1515151515152,0,0,25.7575757575758,0,0,0,0,0,0,0,0,0,14.4444444444444
3,0,0,0,0,0,0,0,0,0,0,1278000,38,1,292048,2,1.5,0,0,1.5,0,1.5,0,0,1.5,0,0,0,0,0,0,1.5,0,0,1.5,0,1.5,0,0,1.5,0,0,0,0,0,0,24,2,366.666666666667,852000,0,852000,0,0,0,0,0,0,0,0,0,0,852000,0,175333.333333333,0,0,99333.3333333333,0,0,13000,157477.777777778,0,157477.777777778,175066.666666667,265493.333333333,0,265493.333333333,4127252.66666667,0,0,4127252.66666667,1764259.11111111,40223.6075555556,87430.8609333333,127654.468488889,4520400.46848889,-1188459.11111111,5891511.77777778,393147.801822222,6284659.5796,-5708859.5796,575800,0,0,189.333333333333,162,0,0,397600,178200,0,0,0,0,0,0,0,0,0,0,0,0,800,800,82.6666666666667,61.3333333333333,0,0,73.3333333333333,0,217.333333333333,10,0,0,0,0,0,0,9.33333333333333,20.6666666666667,102.666666666667,11.3333333333333,0,0,0,0,0,0,0,63.3333333333333,0,0,0,0,0,0,0,0,0,32.1666666666667
3,0,0,0,0,0,0,0,0,0,0,177000,34,4,289401,2,15,0,0,15,0,0,0,0,0,0,15,0,0,15,0,15,0,0,15,0,0,0,0,0,0,15,0,0,15,0,7.5,2,163.333333333333,11800,0,11800,0,0,0,0,0,0,0,0,0,0,11800,11733.3333333333,20000,0,0,24000,31000,0,2240,282094.916666667,4284,286378.916666667,0,0,272133.333333333,272133.333333333,581986.733333333,216333.333333333,8400,806720.066666667,1167296.19666497,49816.8602972222,15064.39044,64881.2507372222,652991.704072249,593297.13666836,1483273.31666667,337014.584070556,1820287.90073722,-59694.567403889,1760593.33333333,225.733333333333,173.6,34.7333333333333,34.7333333333333,1048786.66666667,590240,76413.3333333333,45153.3333333333,0,0,0,0,0,0,0,0,0,0,0,0,200,200,13.9333333333333,11.7333333333333,5.13333333333333,3.66666666666667,6.6,2.73333333333333,43.8,0,0,0,0,0,0,2.13333333333333,0,1.4,24.9333333333333,2.26666666666667,0,0,0,2.26666666666667,5.33333333333333,0.8,0,3.6,0,0,0,0.2,0,0,0,0,0.866666666666667,1.6875
3,0,0,0,0,0,0,0,0,0,0,1774000,99,2,264842,2,3.26,0,0,3.26,0,0,0,0,0,0,3.26,0,0,3.26,0,2.72,0,0,2.72,0,0,0,0,0,0,2.72,0,0,2.72,0,20,2,283.088235294118,652205.882352941,0,652205.882352941,0,0,0,0,0,0,0,0,0,0,652205.882352941,0,59191.1764705882,3051.47058823529,0,15441.1764705882,0,0,572058.823529412,131942.095588235,656.25,132598.345588235,745264.705882353,0,325367.647058823,325367.647058823,788899.264705882,0,0,788899.264705882,2770021.22794118,-19472.6185569853,39627.0439705882,20154.4254136029,809053.690119485,-888844.757352941,3233552.84558823,345522.072472426,3579074.91806066,-1697898.44747243,1881176.47058824,163.970588235294,383.088235294118,26.4705882352941,2.94117647058824,639485.294117647,1187573.52941176,50294.1176470588,3823.52941176471,0,0,0,0,0,0,0,0,0,0,0,0,750,750,8.45588235294118,6.61764705882353,0,0,23.1617647058824,0,38.2352941176471,5.88235294117647,0,0,0,0,0,0,0,0,13.6029411764706,4.77941176470588,0,0,0,0,0,0,0,13.9705882352941,0,0,0,0,0,0,0,0,0,14.4444444444444
3,0,0,0,0,0,0,0,0,0,0,1775000,38,2,292048,2,3.4,0,0,3.4,0,1,0,0,1,0,2.4,0,0,2.4,0,2.59,0,0,2.59,0,0.19,0,0,0.19,0,2.4,0,0,2.4,0,32.5,2,424.710424710425,685328.185328185,0,685328.185328185,0,0,0,0,0,0,0,0,0,0,685328.185328185,0,76447.8764478764,0,0,15830.1158301158,0,0,0,78153.1531531532,1791.89189189189,79945.045045045,0,19305.0193050193,73359.0733590734,92664.0926640927,3495684.55598456,0,0,3495684.55598456,1222958.2960103,13114.5345328185,70936.6261776062,84051.1607104247,3599040.736,276925.873873874,4645283.77863578,176715.253374517,4821999.0320103,-3322114.86212613,1499884.16988417,63.3204633204633,315.444015444015,118.146718146718,23.1660231660232,253281.853281853,977876.447876448,236293.436293436,32432.4324324324,0,0,0,0,0,0,0,0,0,0,0,0,772.200772200772,772.200772200772,35.9073359073359,45.945945945946,0,0,93.8223938223938,0,175.675675675676,0,0,0,0,0,0,0,0,0,51.7374517374517,20.0772200772201,0,0,0,0,21.2355212355212,0,0,82.6254826254826,0,0,0,0,0,0,0,0,0,16.75
3,0,0,0,0,0,0,0,0,0,0,1775000,38,4,292048,2,6.08,0,0,6.08,0,0,0,0,0,0,6.08,0,0,6.08,0,5.6,0,0,5.6,0,0,0,0,0,0,5.6,0,0,5.6,0,40,2,89.2857142857143,316964.285714286,0,316964.285714286,0,0,0,0,0,0,0,0,0,0,316964.285714286,0,19285.7142857143,0,0,9464.28571428572,0,0,0,50637.7976190476,0,50637.7976190476,21492.5595238095,0,128928.571428571,128928.571428571,1489601.25,0,0,1489601.25,838821.214285714,6066.56386904762,30466.2378928571,36532.8017619048,1526134.0517619,-487178.357142857,2199493.89285714,165461.373190476,2364955.26604762,-2013312.40890476,351642.857142857,20.8928571428571,57.6785714285714,34.4642857142857,13.0357142857143,85660.7142857143,178803.571428571,68928.5714285714,18250,0,0,0,0,0,0,0,0,0,0,0,0,357.142857142857,357.142857142857,42.8571428571429,18.3928571428571,0,0,18.3928571428571,0,79.6428571428572,0,0,0,0,0,0,0,0,0,41.25,9.28571428571429,0,0,0,0,10.7142857142857,0,0,18.3928571428571,0,0,0,0,0,0,0,0,0,4.71428571428571
3,0,0,0,0,0,0,0,0,0,0,2358000,99,4,264842,1,6.29,0,0,6.29,0,0,0,0,0,0,6.29,0,0,6.29,0,5.66,0,0,5.66,0,0,0,0,0,0,5.66,0,0,5.66,0,13.3333333333333,2,164.134275618375,416607.77385159,0,416607.77385159,0,0,0,0,0,0,0,0,0,0,416607.77385159,0,25441.6961130742,4787.98586572438,0,15901.0600706714,0,0,120477.03180212,38932.273262662,10194.3090942905,49126.5823569525,45914.3109540636,0,56007.0671378092,56007.0671378092,868801.766784452,76700.5300353357,0,945502.296819788,1075806.03818734,16145.1961205133,25376.7162190813,41521.9123395946,910323.679124047,2873098.55545223,1888600.73783398,97528.9794774037,1986129.71731139,1962774.87632819,3948904.59363958,526.678445229682,541.696113074205,28.6219081272085,2.47349823321555,2212049.46996466,1679257.95053004,54381.6254416961,3215.54770318021,0,0,0,0,0,0,0,0,0,0,0,0,459.363957597173,459.363957597173,10.6007067137809,14.1342756183746,1.76678445229682,3.00353356890459,20.1413427561837,0,49.6466431095406,0,0,0,0,0,0,0,0,0.706713780918728,24.0282685512367,5.12367491166078,0,0,0,0,0,0,0,19.6113074204947,0,0,0,0.176678445229682,0,0,0,0,0,6.90909090909091
3,0,0,0,0,0,0,0,0,0,0,2662000,38,1,292048,2,2,0,0,2,0,2,0,0,2,0,0,0,0,0,0,1.9,0,0,1.9,0,1.9,0,0,1.9,0,0,0,0,0,0,30,2,315.789473684211,1401052.63157895,0,1401052.63157895,0,0,0,0,0,0,0,0,0,0,1401052.63157895,0,66315.7894736842,0,0,13684.2105263158,0,0,0,0,0,0,0,315789.473684211,0,315789.473684211,6534487.89473684,0,0,6534487.89473684,1773100.63157895,0,133057.972736842,133057.972736842,6983335.34115789,2134320.42105263,8307588.52631579,448847.446421053,8756435.97273684,-4849014.92010526,3907421.05263158,311.052631578947,527.894736842105,468.421052631579,64.2105263157895,1244210.52631579,1636473.68421053,936842.105263158,89894.7368421053,0,0,0,0,0,0,0,0,0,0,0,0,1578.94736842105,1578.94736842105,177.368421052632,99.4736842105263,0,0,78.9473684210526,0,355.789473684211,0,0,0,0,0,0,0,0,0,162.105263157895,36.8421052631579,0,0,0,0,77.8947368421053,0,0,78.9473684210526,0,0,0,0,0,0,0,0,0,32.1666666666667
3,0,0,0,0,0,0,0,0,0,0,2662000,38,4,292048,2,14,0,0,14,0,14,0,0,14,0,0,0,0,0,0,5.6,0,0,5.6,0,5.6,0,0,5.6,0,0,0,0,0,0,35,2,178.571428571429,475357.142857143,0,475357.142857143,0,0,0,0,0,0,0,0,0,0,475357.142857143,0,16071.4285714286,0,0,5178.57142857143,0,0,0,5786.60714285714,22057.5,27844.1071428571,64477.6785714286,107142.857142857,0,107142.857142857,489044.642857143,1459882.14285714,47678.5714285714,1996605.35714286,2376573.64805388,35956.9739464286,41387.3275,77344.3014464286,685495.796249691,-911895.076625309,2877582.28571429,184487.158589286,3062069.44430357,-1597390.872875,1464678.57142857,144.464285714286,93.9285714285714,259.821428571429,54.2857142857143,577857.142857143,291178.571428571,519642.857142857,76000,0,0,0,0,0,0,0,0,0,0,0,0,535.714285714286,535.714285714286,1.60714285714286,2.32142857142857,37.3214285714286,32.1428571428571,18.3928571428571,11.7857142857143,103.571428571429,0,0,0,0,0,0,0,0,0,70.1785714285714,3.21428571428571,0,0,0,0,0,0,0,30.1785714285714,0,0,0,0,0,0,0,0,0,4.71428571428571
3,0,0,0,0,0,0,0,0,0,0,2840000,99,3,264842,1,3,0,0,3,0,3,0,0,3,0,0,0,0,0,0,3,0,0,3,0,3,0,0,3,0,0,0,0,0,0,28,2,310,946666.666666667,0,946666.666666667,0,0,0,0,0,0,0,0,0,0,946666.666666667,185000,133333.333333333,0,0,1666.66666666667,0,0,0,68198.6111111111,169150,237348.611111111,29177.7777777778,387164.333333333,0,387164.333333333,6093572.66666667,149333.333333333,20666.6666666667,6263572.66666667,1947862.74555904,85420.2703166667,125001.972933333,210422.24325,6711331.55324652,15793670.5877743,8061607.72222222,597586.576583333,8659194.29880556,9082339.03452778,17741533.3333333,850,3719,917.666666666667,135,3485000,12272700,1835333.33333333,148500,0,0,0,0,0,0,0,0,0,0,0,0,1333.33333333333,1333.33333333333,197.333333333333,71,0,9.33333333333333,60.6666666666667,0,338.333333333333,0,0,0,0,0,0,5,0,20.6666666666667,178.333333333333,12.6666666666667,0,0,0,0,96.3333333333333,0,0,25.3333333333333,0,0,0,0,0,0,0,0,0,14.4444444444444
3,0,0,0,0,0,0,0,0,0,0,3061000,34,4,289401,2,5.52,0,0,5.52,0,0,0,0,0,0,5.52,0,0,5.52,0,5.52,0,0,5.52,0,0,0,0,0,0,5.52,0,0,5.52,0,20,2,333.333333333333,554528.985507246,0,554528.985507246,0,0,0,0,0,0,0,0,0,0,554528.985507246,51086.9565217391,64492.7536231884,0,0,19565.2173913043,51086.9565217391,0,38568.8405797102,26870.4710144928,9701.08695652174,36571.5579710145,68387.6811594203,0,229347.826086957,229347.826086957,1685843.65942029,1438807.60869565,39311.5942028986,3163962.86231884,2859947.18678593,28946.5582427536,65458.6567028986,94405.2149456522,1801458.66584089,1302389.76973581,4337652.8115942,323753.041032609,4661405.85262681,-499068.896105072,4162336.95652174,297.282608695652,792.753623188406,396.376811594203,117.934782608696,1040489.13043478,2242771.73913044,772934.782608696,106141.304347826,0,0,0,0,0,0,0,0,0,0,0,0,543.478260869565,543.478260869565,37.8623188405797,23.731884057971,36.7753623188406,28.4420289855072,27.7173913043478,13.768115942029,168.297101449275,0,0,0,0,0,0,3.44202898550725,0,0,90.036231884058,12.5,0,0,0,0,36.0507246376812,0,0,9.42028985507246,0,0,0,0,0,0,0,0,16.8478260869565,7.3
3,0,0,0,0,0,0,0,0,0,0,3265000,99,4,264842,1,5.6,0,0,5.6,0,0,0,0,0,0,5.6,0,0,5.6,0,5.6,0,0,5.6,0,0,0,0,0,0,5.6,0,0,5.6,0,21,2,243.75,583035.714285714,0,583035.714285714,0,0,0,0,0,0,0,0,0,0,583035.714285714,83035.7142857143,145178.571428571,18714.2857142857,0,24107.1428571429,0,229285.714285714,232142.857142857,50241.9642857143,12622.5,62864.4642857143,17098.2142857143,0,226071.428571429,226071.428571429,3305295.89285714,560000,38392.8571428571,3903688.75,2451938.42386995,27521.5140138095,86638.53325,114160.04726381,3452286.48053672,13109986.9332729,5563993.42857143,340231.475835238,5904224.90440667,9657700.45273619,15561925.3571429,766.964285714286,1988.92857142857,1117.14285714286,107.5,4653303.57142857,7746993.21428571,3000872.32142857,160756.25,0,0,0,0,0,0,0,0,0,0,0,0,821.428571428571,821.428571428571,64.4642857142857,71.0714285714286,0,35,46.25,0,216.785714285714,0,0,0,0,0,0,2.5,0,43.9285714285714,99.6428571428572,10.3571428571429,0,0,0,7.85714285714286,29.6428571428571,0,0,22.8571428571429,0,0,0,0,0,0,0,0,0,6.90909090909091
3,0,0,0,0,0,0,0,0,0,0,362000,99,1,264842,2,1,0,1,0,0,1,0,1,0,0,0,0,0,0,0,1,0,1,0,0,1,0,1,0,0,0,0,0,0,0,5,2,279,362000,0,362000,0,0,0,0,0,0,0,0,0,0,362000,0,34000,0,0,8000,0,0,0,7580,0,7580,0,1000000,0,1000000,1228297,0,0,1228297,676422,981.4584,27096.1302,28077.5886,2256374.5886,9978,1904719,1028077.5886,2932796.5886,-2246396.5886,686400,66,0,0,0,686400,0,0,0,0,0,0,0,0,0,0,0,0,0,0,0,400,400,35,0,0,0,25,0,60,0,0,0,0,0,0,0,0,0,26,9,0,0,0,0,0,0,0,25,0,0,0,0,0,0,0,0,0,27.125
3,0,0,0,0,0,0,0,0,0,0,4259000,34,4,289401,1,5.86,0,0,5.86,0,0,0,0,0,0,5.86,0,0,5.86,0,5.86,0,0,5.86,0,0,0,0,0,0,5.86,0,0,5.86,0,25,2,307.167235494881,726791.80887372,0,726791.80887372,0,0,0,0,0,0,0,0,0,0,726791.80887372,86860.0682593857,163822.52559727,1962.45733788396,0,57337.8839590444,56484.6416382253,0,0,37849.260523322,1583.9590443686,39433.2195676906,130702.502844141,0,53924.9146757679,53924.9146757679,3018369.28327645,192235.494880546,20307.1672354949,3230911.94539249,1800172.41264813,16759.1960773606,71781.2440955631,88540.4401729238,3126000.99567042,3123820.76141331,4783708.05346985,142465.354848692,4926173.40831854,-2180.23425710946,4923993.17406143,456.313993174061,953.924914675768,256.313993174061,204.948805460751,1623447.09897611,2624215.01706485,491877.133105802,184453.924914676,0,0,0,0,0,0,0,0,0,0,0,0,682.59385665529,682.59385665529,38.3959044368601,82.9351535836178,0,0,48.8054607508532,7.84982935153584,177.986348122867,0,0,0,0,0,0,1.70648464163823,0,0,8.87372013651877,29.6928327645051,0,0,0,17.4061433447099,103.924914675768,0,0,14.6757679180887,0,0,0,0,0,0,0,0,1.70648464163823,7.3
3,0,0,0,0,0,0,0,0,0,0,4685000,99,4,264842,1,6,0,0,6,0,0,0,0,0,0,6,0,0,6,0,6,0,0,6,0,0,0,0,0,0,6,0,0,6,0,20,2,288.333333333333,780833.333333333,0,780833.333333333,0,0,0,0,0,0,0,0,0,0,780833.333333333,167000,114833.333333333,19400,0,1666.66666666667,38500,0,0,113246.944444444,51357.8947368421,164604.839181287,45590.2777777778,0,204166.666666667,204166.666666667,1664307.83333333,1245083.33333333,126166.666666667,3035557.83333333,3100513.88221337,88036.560325731,69019.3333666667,157055.893692398,1893536.96177143,10441886.1177866,4632828.28362573,361222.560359064,4994050.8439848,8548349.1560152,13542400,1157.33333333333,2102.5,743.5,268.166666666667,4745066.66666667,6938250,1545666.66666667,313416.666666667,0,0,0,0,0,0,0,0,0,0,0,0,1100,1100,43.3333333333333,41.8333333333333,20.5,48.3333333333333,10.8333333333333,6.16666666666667,171,0,0,0,0,0,0,2.66666666666667,0.666666666666667,20.6666666666667,111.5,6,0,0,0,0,23.3333333333333,0,0,6.16666666666667,0,0,0,0,0,0,0,0,0,6.90909090909091
3,0,0,0,0,0,0,0,0,0,0,5324000,34,4,289401,2,6,0,0,6,0,0,0,0,0,0,6,0,0,6,0,6,0,0,6,0,0,0,0,0,0,6,0,0,6,0,15,2,341.666666666667,887333.333333333,0,887333.333333333,0,0,0,0,0,0,0,0,0,0,887333.333333333,86166.6666666667,36333.3333333333,0,6500,8000,67333.3333333333,0,3033.33333333333,42246.6666666667,0,42246.6666666667,16168.0555555556,0,250000,250000,2403535.83333333,280000,12500,2696035.83333333,1973819.97162203,7152.75463333333,62926.2148333333,70078.9694666667,2484810.55340019,2245630.02837797,4138551.55555556,320078.969466667,4458630.52502222,-239180.525022222,4219450,182.333333333333,842,156.166666666667,260.333333333333,875200,2688300,421650,234300,0,0,0,0,0,0,0,0,0,0,0,0,833.333333333333,833.333333333333,72.1666666666667,54.6666666666667,0,14,11.3333333333333,3,155.166666666667,3.33333333333333,0,0,0,0,0,2.66666666666667,1.5,27,85.6666666666667,3.66666666666667,2.16666666666667,0,0,4.83333333333333,9.33333333333333,4.16666666666667,0,6.5,0,0,0,1.33333333333333,0,0,0,0,3,7.3
3,0,0,0,0,0,0,0,0,0,0,9583000,34,4,289401,2,13.5,0,0,13.5,0,0,0,0,0,0,13.5,0,0,13.5,0,13.5,0,0,13.5,0,0,0,0,0,0,13.5,0,0,13.5,0,17,2,148.148148148148,709851.851851852,0,709851.851851852,0,0,0,0,0,0,0,0,0,0,709851.851851852,114814.814814815,101333.333333333,340.740740740741,27703.7037037037,7185.18518518519,86074.0740740741,0,19259.2592592593,18465.4320987654,144191.812865497,162657.244964262,74975.9259259259,0,210888.888888889,210888.888888889,1107754.2962963,1457011.40740741,136000,2700765.7037037,3338757.33389865,209158.089975309,62537.6558666667,271695.745841975,1438190.13838907,-538735.111676429,4294362.83755685,482584.634730864,4776947.47228772,-1976925.2500655,2800022.22222222,88.7407407407407,385.777777777778,212.148148148148,84.8888888888889,360407.407407407,1485244.44444444,721303.703703704,233066.666666667,118.518518518519,0,0,0,0,0,0,0,0,0,0,0,444.444444444444,444.444444444444,31.4814814814815,3.77777777777778,46.5925925925926,12,20.2222222222222,16.8888888888889,130.962962962963,0,0,0,0,0,0,6.81481481481481,4.59259259259259,12.4444444444444,59.9259259259259,1.92592592592593,0,0,0,3.85185185185185,14,6.22222222222222,0,18.2962962962963,0,0,0,2.22222222222222,0,0,0,0,0.666666666666667,1.6875
3,0,0,0,0,0,0,129000,0,0,0,0,34,1,289401,1,2,0,0,2,0,2,0,0,2,0,0,0,0,0,0,1.5,0,0,1.5,0,1.5,0,0,1.5,0,0,0,0,0,0,32,2,333.333333333333,86000,0,86000,0,0,0,0,0,0,86000,0,0,0,0,22666.6666666667,20000,0,0,0,0,0,86866.6666666667,138991.666666667,14470.4,153462.066666667,103988.888888889,291200,0,291200,3517374,0,0,3517374,762385.288888889,63932.9503115556,61966.2617333333,125899.212044889,3934473.21204489,2778614.71111111,4279759.28888889,417099.212044889,4696858.50093378,-1155858.50093378,3541000,208.666666666667,805.333333333333,288,173.333333333333,709466.666666667,2128600,546933.333333333,156000,0,0,0,0,0,0,0,0,6666.66666666667,0,0,0,0,6666.66666666667,94.6666666666667,84,0,0,22.6666666666667,0,201.333333333333,0,0,8,0,0,0,2.66666666666667,0,10,140.666666666667,6,0,0,0,4,19.3333333333333,0,0,7.33333333333333,0,0,0,3.33333333333333,0,0,0,0,0,28.2903225806452
3,0,0,0,0,0,0,154000,0,0,0,0,36,3,280285,2,3.64,0,0,3.64,0,3.64,0,0,3.64,0,0,0,0,0,0,3.29,0,0,3.29,0,3.29,0,0,3.29,0,0,0,0,0,0,27.125,2,150.759878419453,46808.5106382979,0,46808.5106382979,0,0,0,0,0,0,46808.5106382979,0,0,0,0,0,10638.2978723404,0,0,17325.2279635258,0,0,607.90273556231,60024.7593718338,2912.65397536394,62937.4133471978,43899.6960486322,226464.133738602,0,226464.133738602,966610.030395137,0,0,966610.030395137,462502.048605556,14078.4765779809,17297.0334954407,31375.5100734216,1224449.67420716,-242015.726417107,1429112.07900069,257839.643812023,1686951.72281272,-1466465.40062427,220486.32218845,0,122.492401215805,0,0,0,220486.32218845,0,0,0,0,0,0,0,0,0,0,3647.41641337386,0,0,0,0,3647.41641337386,19.1489361702128,0.911854103343465,0,0,25.8358662613982,0,45.8966565349544,0,0,0,0,0,0,0,0,4.25531914893617,15.5015197568389,3.95136778115502,0,0,0,0,0,0,0,21.8844984802432,0,0,0,0.303951367781155,0,0,0,0,0,15.5454545454545
3,0,0,0,0,0,0,257000,0,0,0,4082000,34,3,289401,2,3.5,0,0,3.5,0,0,0,0,0,0,3.5,0,0,3.5,0,3.5,0,0,3.5,0,0,0,0,0,0,3.5,0,0,3.5,0,20,2,200,1239714.28571429,0,1239714.28571429,0,0,0,0,0,0,73428.5714285714,0,0,0,1166285.71428571,115142.857142857,117142.857142857,11171.4285714286,0,2285.71428571429,0,0,326571.428571429,67457.1428571429,7140,74597.1428571429,300114.285714286,0,180857.142857143,180857.142857143,3923153.42857143,739142.857142857,98857.1428571429,4761153.42857143,3411813.43833136,47298.2851428571,109114.8212,156413.106342857,4162751.23944006,1109729.41881149,7237294.42857143,337270.2492,7574564.67777143,-3053021.82062857,4521542.85714286,327.428571428571,860,372,148.857142857143,1247228.57142857,2470800,669542.857142857,133971.428571429,0,0,0,0,0,0,0,0,1142.85714285714,0,0,0,571.428571428571,1714.28571428571,137.714285714286,56.8571428571429,0,39.7142857142857,23.1428571428571,3.71428571428571,261.142857142857,44,0,0,0,0,0,41.4285714285714,0,0,127.714285714286,25.1428571428571,0,0,0,11.1428571428571,0,0,0,9.42857142857143,0,0,0,0,0,0,0,0,2.28571428571429,16.3541666666667
3,0,0,0,0,0,0,418000,0,0,0,0,34,4,289401,2,13.6,0,0,13.6,0,0,0,0,0,0,13.6,0,0,13.6,0,13.6,0,0,13.6,0,0,0,0,0,0,13.6,0,0,13.6,0,32.5,2,224.264705882353,30735.2941176471,0,30735.2941176471,0,0,0,0,0,0,30735.2941176471,0,0,0,0,44191.1764705882,28602.9411764706,0,2279.41176470588,2205.88235294118,105808.823529412,0,21588.2352941176,75373.0085784314,4987.5,80360.5085784314,35045.9558823529,0,176176.470588235,176176.470588235,1320454.92647059,894692.5,30000,2245147.42647059,1723205.12465085,28313.8899356618,41177.2825735294,69491.1725091912,1407829.17408383,1648949.28711385,2885366.65563725,245667.643097426,3131034.29873468,241120.113030025,3372154.41176471,76.6176470588235,758.161764705882,490.147058823529,168.529411764706,367764.705882353,2047036.76470588,833250,124102.941176471,0,0,0,0,0,0,0,0,116.838235294118,0,0,0,0,116.838235294118,30.9558823529412,30.2941176470588,34.6323529411765,10.8088235294118,13.0147058823529,6.10294117647059,125.808823529412,0.808823529411765,0,0,0,0,0,2.79411764705882,0,2.27941176470588,41.3235294117647,55.1470588235294,0,0,0,5.88235294117647,7.86764705882353,0,0,7.20588235294118,0,0,0,0.735294117647059,0,0,0,0,1.76470588235294,1.6875
3,0,0,0,0,0,0,418000,0,0,0,6389000,34,4,289401,2,13.5,0,0,13.5,0,13.5,0,0,13.5,0,0,0,0,0,0,13.5,0,0,13.5,0,13.5,0,0,13.5,0,0,0,0,0,0,19.6666666666667,2,281.481481481481,504222.222222222,0,504222.222222222,0,0,0,0,0,0,30962.962962963,0,0,0,473259.259259259,41777.7777777778,17703.7037037037,0,0,0,101851.851851852,0,2474.07407407407,86974.537037037,3014.66666666667,89989.2037037037,35305.5555555556,194111.111111111,0,194111.111111111,692919.777777778,724259.259259259,42518.5185185185,1459697.55555556,1828714.0344305,18224.5438140741,35320.2712740741,53544.8150881482,961364.836213208,80642.1137176524,2542422.94444444,247655.926199259,2790078.8706437,-880722.722495555,1909356.14814815,38.5925925925926,308.592592592593,378.074074074074,11.5555555555556,185244.444444444,833200,878859.259259259,12052.4444444444,0,0,0,0,0,0,0,0,74.0740740740741,0,0,0,444.444444444444,518.518518518518,19.9259259259259,14.5185185185185,35.3333333333333,1.25925925925926,4.81481481481481,3.92592592592593,79.7777777777778,1.11111111111111,0,0,0,7.40740740740741,0,3.11111111111111,0,4.37037037037037,44.2962962962963,4.66666666666667,0,0,0,3.48148148148148,5.48148148148148,0,0,4.51851851851852,0,0,0,0.592592592592593,0,0,0,0,0.740740740740741,1.6875
3,0,0,0,0,0,0,425000,0,0,0,0,34,4,289401,2,13.6,0,0,13.6,0,13.6,0,0,13.6,0,0,0,0,0,0,13.6,0,0,13.6,0,13.6,0,0,13.6,0,0,0,0,0,0,30,2,73.5294117647059,31250,0,31250,0,0,0,0,0,0,31250,0,0,0,0,0,66764.7058823529,3117.64705882353,0,6764.70588235294,0,0,29963.2352941176,29005.5147058823,11149.3421052632,40154.8568111455,102463.235294118,66176.4705882353,0,66176.4705882353,1059857.64705882,399067.941176471,33455.8823529412,1492381.47058824,978098.698928192,23727.4558200464,27961.5868235294,51689.0426435759,1202027.67111476,450996.889307102,2062260.85681115,117865.513231811,2180126.37004296,-751030.781807663,1429095.58823529,30.6617647058824,278.75,107.279411764706,7.64705882352941,131845.588235294,986926.470588235,297323.529411765,13000,0,0,0,0,0,0,0,0,294.117647058824,0,0,0,0,294.117647058824,25.4411764705882,9.33823529411765,4.48529411764706,6.76470588235294,19.6323529411765,6.76470588235294,72.4264705882353,17.5735294117647,0,0,0,0,0,0,1.98529411764706,0,26.25,4.55882352941176,0,0,0,0,0,2.72058823529412,0,19.3382352941176,0,0,0,0,0,0,0,0,0,1.6875
3,0,0,0,0,0,0,48000,0,0,0,0,99,1,264842,2,1,0,0,1,0,1,0,0,1,0,0,0,0,0,0,1,0,0,1,0,1,0,0,1,0,0,0,0,0,0,4,2,139,48000,0,48000,0,0,0,0,0,0,48000,0,0,0,0,0,84000,0,0,4000,0,0,0,12880,8568,21448,136775,1500000,0,1500000,780384,0,0,780384,559065,40733.4369,15211.9744,55945.4113,2336329.4113,-117065,1339449,1555945.4113,2895394.4113,-2453394.4113,442000,85,0,0,0,442000,0,0,0,0,0,0,0,0,0,0,0,60,0,0,0,0,60,21,0,0,0,17,0,38,0,0,0,0,0,0,0,0,4,8,9,0,0,0,0,0,0,0,17,0,0,0,0,0,0,0,0,0,27.125
3,0,0,0,0,0,0,514000,0,0,0,6921000,99,4,264842,1,6,0,0,6,0,0,0,0,0,0,6,0,0,6,0,6,0,0,6,0,0,0,0,0,0,6,0,0,6,0,20,1,291.666666666667,1239166.66666667,0,1239166.66666667,0,0,0,0,0,0,85666.6666666667,0,0,0,1153500,251500,63666.6666666667,0,0,1833.33333333333,0,0,162500,211033.333333333,52610.5263157895,263643.859649123,127652.777777778,0,158166.666666667,158166.666666667,1858858.5,541333.333333333,29333.3333333333,2429525.16666667,3080921.07158789,61870.6703421053,68859.9844333333,130730.654775439,2012306.72061445,7031107.92841211,4804330.47076023,288897.321442105,5093227.79220234,5018801.20779766,10112029,1465.33333333333,939.666666666667,67,0,6551397.83333333,3400111.16666667,160520,0,0,0,0,0,0,0,0,0,666.666666666667,0,0,0,1336.66666666667,2003.33333333333,23.5,49.3333333333333,0,33.8333333333333,30.8333333333333,0,137.5,0,0,0,0,0,0,3,0,0,63.5,13,0,0,0,0,47,0,0,11,0,0,0,0,0,0,0,0,0,6.90909090909091
3,0,0,0,0,0,0,713000,0,0,0,426000,34,4,289401,2,13.66,0,0,13.66,0,13.66,0,0,13.66,0,0,0,0,0,0,13.66,0,0,13.66,0,13.66,0,0,13.66,0,0,0,0,0,0,12,2,308.565153733529,83382.1376281113,0,83382.1376281113,0,0,0,0,0,0,52196.1932650073,0,0,0,31185.944363104,184260.614934114,108711.566617862,0,0,53001.4641288433,25475.8418740849,0,0,198588.152757443,19876.1269939123,218464.279751355,116949.243533431,246614.20204978,0,246614.20204978,1298348.97510981,214055.636896047,12737.9209370425,1525142.5329429,1295504.62552796,47994.7101000488,32867.5710248902,80862.281124939,1636760.53905746,1947335.78442812,2604788.6814107,327476.483174719,2932265.16458542,310575.245370656,3242840.40995608,299.414348462665,625.329428989751,209.663250366032,0,1095812.59150805,1790600.29282577,356427.525622255,0,0,0,0,0,0,0,0,0,439.238653001464,0,0,0,29.2825768667643,468.521229868228,22.4011713030747,6.66178623718887,3.29428989751098,0,34.1874084919473,8.41874084919473,74.9633967789165,3.51390922401171,0,0,0,0,0,3.07467057101025,0,0,3.80673499267936,16.1054172767204,0,0,0,3.87994143484627,34.4802342606149,0,0,10.1024890190337,0,0,0,0,0,0,0,0,0,1.6875
3,0,0,0,0,0,0,80000,0,0,0,0,34,4,289401,2,7.2,0,0,7.2,0,7.2,0,0,7.2,0,0,0,0,0,0,7.2,0,0,7.2,0,7.2,0,0,7.2,0,0,0,0,0,0,22,2,434.722222222222,11111.1111111111,0,11111.1111111111,0,0,0,0,0,0,11111.1111111111,0,0,0,0,49027.7777777778,40555.5555555556,0,52083.3333333333,4166.66666666667,183333.333333333,0,4638.88888888889,131343.75,10908.3333333333,142252.083333333,30393.5185185185,537793.888888889,0,537793.888888889,2276830.13888889,286805.555555556,9583.33333333333,2573219.02777778,1094840.95505068,41403.2492824074,48441.0525277778,89844.3018101852,2912979.53194469,2226770.15606043,3380182.2962963,627638.190699074,4007820.48699537,-686209.37588426,3321611.11111111,231.527777777778,506.25,535.277777777778,318.333333333333,787194.444444444,1337944.44444444,909972.222222222,286500,0,0,0,0,0,0,0,0,138.888888888889,0,0,0,0,138.888888888889,45.1388888888889,43.8888888888889,16.3888888888889,0,34.4444444444444,0,139.861111111111,0,0,0,0,0,0,3.19444444444444,1.66666666666667,4.44444444444444,61.6666666666667,1.38888888888889,0,0,0,5.83333333333333,20.6944444444444,0,0,40.1388888888889,0,0,0,0.833333333333333,0,0,0,0,0,7.3
3,0,0,0,0,0,284000,0,0,0,0,0,34,4,289401,2,16,0,0,16,0,16,0,0,16,0,0,0,0,0,0,16,0,0,16,0,16,0,0,16,0,0,0,0,0,0,14,2,437.5,17750,17750,0,0,0,0,0,0,17750,0,0,0,0,0,39937.5,18125,3162.5,7062.5,18500,119625,722250,32062.5,11085.625,9371.25,20456.875,37611.9791666667,537793.875,0,537793.875,1023818.8125,1453375,63562.5,2540756.3125,2816612.11122437,21612.1490125,58419.2397875,80031.3888,1667914.3192423,772394.138775631,3866701.16666667,617825.2638,4484526.43046667,-895520.180466667,3589006.25,208.375,624.875,537.125,292.9375,708475,1642575,974312.5,263643.75,0,0,0,0,0,0,375,375,0,0,0,0,0,0,29.3125,8.3125,28.375,28.8125,15.6875,24.875,135.375,0,0,0,0,0,0,1.4375,0,0,60.8125,5,0,0,0,0,48.8125,0,0,10.0625,0,0,0,0.25,0,0,0,0,9,1.6875
3,0,0,0,0,0,341000,848000,0,0,0,0,34,4,289401,2,6,0,0,6,0,6,0,0,6,0,0,0,0,0,0,6,0,0,6,0,6,0,0,6,0,0,0,0,0,0,19,2,250,198166.666666667,56833.3333333333,141333.333333333,0,0,0,0,0,56833.3333333333,141333.333333333,0,0,0,0,56000,105833.333333333,8733.33333333333,0,2333.33333333333,0,0,93000,67891.1111111111,49115.6842105263,117006.795321637,182416.666666667,448161.666666667,0,448161.666666667,2455989.5,649107.333333333,40000,3145096.83333333,1710360.29246477,61766.1029522807,61123.9141,122890.017052281,3058679.35324248,1763273.04086857,4197987.9619883,571051.683718947,4769039.64570725,-1295406.31237392,3473633.33333333,52.1666666666667,536.333333333333,69.5,17.3333333333333,448633.333333333,2681083.33333333,298850,45066.6666666667,33.3333333333333,0,0,0,0,0,100,100,500,0,0,0,0,500,65.5,32.3333333333333,9.5,13.6666666666667,33.3333333333333,9.66666666666667,164,28,0,0,0,0,0,6.66666666666667,0,0,70.5,13.3333333333333,0,0,0,25.5,0,0,0,7.16666666666667,0,0,0,0,0,0,0,0,12.8333333333333,7.3
3,0,0,0,0,0,520000,0,0,0,0,0,99,2,264842,2,5.5,1.27,0.04,4.19,0,5.5,1.27,0.04,4.19,0,0,0,0,0,0,2.71,1.25,0.04,1.42,0,2.71,1.25,0.04,1.42,0,0,0,0,0,0,11.1111111111111,2,531.365313653137,191881.918819188,191881.918819188,0,0,0,0,0,0,191881.918819188,0,0,0,0,0,25092.2509225092,39483.3948339483,0,0,0,0,0,404169.741697417,105188.191881919,22894.0376772189,128082.229559138,211886.223862239,675276.752767528,0,675276.752767528,1195582.28782288,734760.885608856,0,1930343.17343173,2000198.6453033,61471.8487841005,43224.5011070111,104696.349891112,1975555.39048152,2310317.95986276,3195780.93312617,779973.102658639,3975754.03578481,334762.569381239,4310516.60516605,460.885608856089,727.675276752768,153.136531365314,15.1291512915129,1889630.99630996,2110258.30258303,290959.409594096,19667.8966789668,0,0,0,0,0,0,383.763837638376,383.763837638376,0,0,0,0,0,0,31.7343173431734,0,34.3173431734317,6.64206642066421,26.1992619926199,0,98.8929889298893,0,0,0,0,0,0,0,0,0,72.6937269372694,3.3210332103321,0,0,0,0,0,0,0,22.8782287822878,0,0,0,0,0,0,0,0,0,14.4444444444444
3,0,0,0,0,0,567000,0,0,0,0,0,34,2,289401,2,2.67,0,0,2.67,0,1.49,0,0,1.49,0,1.18,0,0,1.18,0,2.67,0,0,2.67,0,1.49,0,0,1.49,0,1.18,0,0,1.18,0,21,1,204.868913857678,212359.550561798,212359.550561798,0,0,0,0,0,0,212359.550561798,0,0,0,0,0,0,11610.4868913858,2059.92509363296,0,2996.25468164794,0,0,0,11535.5805243446,9145.61797752809,20681.1985018727,82134.8314606742,120786.516853933,112359.550561798,233146.06741573,2320046.06741573,0,0,2320046.06741573,733602.797752809,25888.7315625468,42314.5999250936,68203.3314876404,2509035.9157573,1806509.56179775,2941289.31460674,301349.398903371,3242638.71351011,-702526.353959551,2540112.35955056,117.228464419476,585.01872659176,234.082397003745,0,504082.397003745,1521048.68913858,514981.27340824,0,0,0,0,0,0,0,374.531835205993,374.531835205993,0,0,0,0,0,0,65.5430711610487,57.6779026217229,0,0,11.2359550561798,0,134.456928838951,0,0,0,0,0,0,0,0,0,115.355805243446,4.8689138576779,0,0,0,0,8.61423220973783,0,0,2.62172284644195,0,0,0,0,0,0,0,0,2.99625468164794,16.3541666666667
3,0,0,0,0,0,605000,0,0,0,0,0,34,3,289401,1,3,0,0,3,0,2,0,0,2,0,1,0,0,1,0,3,0,0,3,0,2,0,0,2,0,1,0,0,1,0,32.5,2,346.666666666667,201666.666666667,201666.666666667,0,0,0,0,0,0,201666.666666667,0,0,0,0,0,0,10666.6666666667,0,2000,4000,40666.6666666667,285333.333333333,68066.6666666667,63912.5,33915,97827.5,166083.333333333,215133.333333333,66000,281133.333333333,1121631,1905166.66666667,64666.6666666667,3091464.33333333,3177581.84107052,89840.5349166667,61484.1479333333,151324.68285,1512052.34177948,2979851.49226282,4257176.16666667,432458.016183333,4689634.18285,1467799.15048333,6157433.33333333,611.666666666667,925,581.666666666667,230.666666666667,2166000,2602500,1163333.33333333,225600,0,0,0,0,0,0,400,400,0,0,0,0,0,0,25.6666666666667,25.6666666666667,57.3333333333333,46.3333333333333,11.6666666666667,6.33333333333333,173,0,0,0,0,0,0,0,0,0,123.333333333333,5.66666666666667,0,0,0,8.66666666666667,13,0,0,6,0,0,0,0,0,0,0,0,16.3333333333333,16.3541666666667
3,0,0,0,0,0,638000,0,0,0,0,2556000,34,4,289401,2,13.9,0,0,13.9,0,5.4,0,0,5.4,0,8.5,0,0,8.5,0,13.9,0,0,13.9,0,5.4,0,0,5.4,0,8.5,0,0,8.5,0,37.7777777777778,2,212.94964028777,229784.17266187,45899.2805755396,183884.892086331,0,0,0,0,0,45899.2805755396,0,0,0,0,183884.892086331,90071.9424460432,55395.6834532374,1489.20863309353,0,1294.96402877698,0,0,315719.424460432,13151.4388489209,11638.6595986369,24790.0984475577,19179.8561151079,69208.6330935252,59424.4604316547,128633.09352518,981171.151079137,701690.647482014,174172.661870504,1857034.46043165,1860864.9665109,19352.9294595482,42347.8885899281,61700.8180494762,1213629.75574153,919163.810467514,2884160.81067777,190333.911574656,3074494.72225243,-294465.945274013,2780028.77697842,74.9640287769784,377.697841726619,374.676258992806,179.856115107914,359827.338129496,1284172.6618705,974158.273381295,161870.503597122,0,0,0,0,0,0,107.913669064748,107.913669064748,0,0,0,0,172.661870503597,172.661870503597,27.9136690647482,9.20863309352518,2.23021582733813,39.7841726618705,14.1726618705036,0.935251798561151,94.2446043165468,15.6115107913669,0,0,0,0,0,2.0863309352518,0,0,62.3021582733813,3.09352517985611,0,0,0,2.80575539568345,0,0,0,7.98561151079137,0,0,0,0,0,0,0,0,0.359712230215827,1.6875
3,0,0,0,0,0,727000,0,0,0,0,0,34,2,289401,2,2.77,0,0,2.77,0,0,0,0,0,0,2.77,0,0,2.77,0,2.77,0,0,2.77,0,0,0,0,0,0,2.77,0,0,2.77,0,20,2,433.212996389892,262454.873646209,262454.873646209,0,0,0,0,0,0,262454.873646209,0,0,0,0,0,281588.44765343,14440.4332129964,2490.97472924188,0,0,0,0,93862.8158844765,4097.47292418773,4639.71119133574,8737.18411552347,0,0,242960.288808664,242960.288808664,947044.40433213,458781.227436823,75090.2527075812,1480915.88447653,1679222.41705859,7368.83588447654,35453.506931408,42822.3428158845,1040451.82828437,2175254.11723744,2433891.61371841,285782.631624549,2719674.24534296,1134802.28895307,3854476.53429603,112.996389891697,693.862815884477,342.238267148014,112.996389891697,587436.823104693,2265848.37545126,839133.57400722,162057.761732852,0,0,0,0,0,0,505.415162454874,505.415162454874,0,0,0,0,0,0,21.6606498194946,37.1841155234657,10.8303249097473,16.6064981949458,0,0,86.2815884476534,0,0,0,0,0,0,3.6101083032491,0,0,60.6498194945848,15.5234657039711,0,0,0,0,0,0,0,6.13718411552347,0,0,0,0,0,0,0,0,0.36101083032491,16.3541666666667
3,0,0,0,0,0,832000,0,564000,0,0,0,34,2,289401,2,2.6,0,0,2.6,0,0,0,0,0,0,2.6,0,0,2.6,0,2.6,0,0,2.6,0,0,0,0,0,0,2.6,0,0,2.6,0,15,2,423.076923076923,536923.076923077,320000,216923.076923077,0,0,0,0,0,320000,0,216923.076923077,0,0,0,173846.153846154,117307.692307692,3538.46153846154,0,6153.84615384615,0,0,450000,10488.4615384615,64404.5344129555,74892.995951417,252500,0,243461.538461538,243461.538461538,5827128.84615385,338326.153846154,0,6165455,2486350.91902834,102152.151273684,123723.522230769,225875.673504453,6053004.5196583,1513418.31174089,8070018.22672065,469337.211965992,8539355.43868664,-4539586.20791741,3999769.23076923,240.769230769231,626.153846153846,322.692307692308,160.769230769231,914923.076923077,2084923.07692308,774846.153846154,225076.923076923,0,0,0,0,0,0,615.384615384615,615.384615384615,0,4615.38461538462,0,0,0,4615.38461538462,162.307692307692,122.692307692308,7.69230769230769,6.92307692307692,45.3846153846154,3.46153846153846,348.461538461538,47.6923076923077,0,0,0,0,0,4.61538461538461,0,0,133.076923076923,113.846153846154,0,0,0,10.3846153846154,0,0,0,35.7692307692308,0,0,0,0,0,0,0,0,3.07692307692308,16.3541666666667
3,0,0,0,103000,0,0,0,0,0,0,0,34,1,289401,2,1,0,0,1,0,0,0,0,0,0,1,0,0,1,0,1,0,0,1,0,0,0,0,0,0,1,0,0,1,0,7,2,300,103000,103000,0,0,0,0,103000,0,0,0,0,0,0,0,12000,40000,0,0,13000,0,0,0,2085220.83333333,89250,2174470.83333333,820625,0,95000,95000,1930852,0,0,1930852,3547496.83333333,441313.6145,34840.9432,476154.5577,2407006.5577,-643996.833333333,5383348.83333333,571154.5577,5954503.39103333,-3051003.39103333,2903500,480,103,0,0,2535000,368500,0,0,0,0,0,0,267,0,0,267,0,0,0,0,0,0,53,30,0,0,22,0,105,0,0,0,0,0,0,6,10,0,52,0,0,0,0,0,20,0,0,17,0,0,0,0,0,0,0,0,0,28.2903225806452
3,0,0,0,103000,0,0,0,0,0,0,0,34,1,289401,2,1.5,0,0,1.5,0,1.5,0,0,1.5,0,0,0,0,0,0,1.5,0,0,1.5,0,1.5,0,0,1.5,0,0,0,0,0,0,18.3333333333333,2,720,68666.6666666667,68666.6666666667,0,0,0,0,68666.6666666667,0,0,0,0,0,0,0,20000,60000,0,0,17333.3333333333,0,0,0,594469.722222222,42840,637309.722222222,182366.666666667,199500,0,199500,1748234.66666667,0,0,1748234.66666667,1275077.38888889,183238.326716667,31776.2954666667,215014.622183333,2162749.28885,-42010.7222222222,3023312.05555556,414514.622183333,3437826.67773889,-2204760.01107222,1233066.66666667,260.666666666667,80,38,0,886266.666666667,248000,98800,0,0,0,0,0,115.333333333333,0,0,115.333333333333,0,0,0,0,0,0,29.3333333333333,18,0,0,40.6666666666667,0,88,0,0,0,0,0,0,10,0,0,34.6666666666667,6,0,0,0,0,31.3333333333333,0,0,6,0,0,0,0,0,0,0,0,0,28.2903225806452
3,0,0,0,108000,0,0,0,0,0,0,0,34,1,289401,2,1,0,0,1,0,0,0,0,0,0,1,0,0,1,0,1,0,0,1,0,0,0,0,0,0,1,0,0,1,0,25,2,200,108000,108000,0,0,0,0,108000,0,0,0,0,0,0,0,9000,126000,0,30000,7000,44000,0,0,299841.666666667,0,299841.666666667,437666.666666667,0,380000,380000,1461902,290000,12000,1763902,2022895.74581531,70265.5866666667,34659.1732,104924.759866667,1576840.34738469,710904.25418469,3114811.33333333,484924.759866667,3599736.0932,-865936.0932,2733800,224,541,209,104,761600,1460700,397100,114400,200,0,0,0,200,0,0,200,0,0,0,0,0,0,8,82,0,0,5,11,106,0,0,0,0,0,0,0,0,0,82,5,0,0,0,2,9,0,0,0,0,0,0,8,0,0,0,0,0,28.2903225806452
3,0,0,0,1085000,0,0,0,0,0,0,2165000,99,4,264842,1,14.11,0,0,14.11,0,10.71,0,0,10.71,0,3.4,0,0,3.4,0,14.11,0,0,14.11,0,10.71,0,0,10.71,0,3.4,0,0,3.4,0,20,2,216.15875265769,230333.097094259,76895.8185683912,153437.278525868,0,0,0,76895.8185683912,0,0,0,0,0,0,153437.278525868,113749.114103473,49893.6924167257,2934.08929836995,0,1559.17788802268,0,27285.6130403969,46066.6194188519,21180.7228915663,9188.33227647432,30369.0551680406,192257.264351524,172865.981573352,44861.8001417434,217727.781715096,989694.401133948,805669.737774628,53933.3805811481,1849297.51948972,1834023.86764825,21761.6361609907,40563.5152941176,62325.1514551084,1254616.30779134,8200214.26133828,2808587.24226939,280052.933170204,3088640.17543959,6945597.95354694,10034238.1289865,646.633593196315,1944.93267186393,551.807228915663,95.1098511693834,2651197.73210489,6174805.102764,1103614.45783133,104620.836286322,0,0,0,0,132.317505315379,0,0,132.317505315379,0,0,0,0,126.293408929837,126.293408929837,20.0566973777463,23.5294117647059,12.2608079376329,35.5067328136074,11.8355776045358,0.354358610914245,103.543586109142,0.921332388377038,0,0,0,0,0,1.27569099929128,0,2.26789510985117,77.9588944011339,4.39404677533664,0,0,0,1.20481927710843,10.0637845499646,0,0,5.45712260807938,0,0,0,0,0,0,0,0,0,1.88888888888889
3,0,0,0,1157000,0,0,0,0,0,0,0,34,4,289401,2,7,0,0,7,0,0,0,0,0,0,7,0,0,7,0,7,0,0,7,0,0,0,0,0,0,7,0,0,7,0,21.5,2,178.571428571429,165285.714285714,165285.714285714,0,0,0,0,165285.714285714,0,0,0,0,0,0,0,90285.7142857143,118000,1642.85714285714,33285.7142857143,5714.28571428571,62857.1428571429,0,0,522050,5967,528017,109416.666666667,0,379571.428571429,379571.428571429,1161165.28571429,2657928.57142857,327714.285714286,4146808.14285714,4669481.44395889,37411.1818295238,76756.4008857143,114167.582715238,1374971.80542301,-3039667.15824461,5550714.23809524,493739.011286667,6044453.24938191,-4414638.96366762,1629814.28571429,83,432.285714285714,80.2857142857143,31,282200,1167171.42857143,152542.857142857,27900,171.428571428571,0,0,0,304.714285714286,0,0,304.714285714286,0,0,0,0,0,0,41.7142857142857,0,88.2857142857143,3.85714285714286,16.7142857142857,36.8571428571429,187.428571428571,0,0,0,0,0,0,7,0,1.57142857142857,82.2857142857143,2.42857142857143,0,0,0,20.1428571428571,30.5714285714286,3.85714285714286,0,13.1428571428571,0,0,0,3.57142857142857,0,0,0,0,22.8571428571429,7.3
3,0,0,0,1322000,0,0,0,0,0,0,0,34,4,289401,2,7,0,0,7,0,7,0,0,7,0,0,0,0,0,0,7,0,0,7,0,7,0,0,7,0,0,0,0,0,0,21,2,214.285714285714,188857.142857143,188857.142857143,0,0,0,0,188857.142857143,0,0,0,0,0,0,0,140857.142857143,127857.142857143,7228.57142857143,0,4285.71428571429,0,0,98285.7142857143,9222.97619047619,36612.6315789474,45835.6077694236,143214.285714286,537793.571428571,0,537793.571428571,2792064.85714286,2101010,432142.857142857,5325217.71428571,3332387.72245134,59123.5586418546,98637.4940571429,157761.052698997,3734206.93801708,1402612.27754866,6371040.03634085,695554.624127569,7066594.66046842,-2331594.66046842,4735000,119,563.857142857143,1116,148.857142857143,404600,1466028.57142857,2730400,133971.428571429,0,0,0,0,381,0,0,381,0,0,0,0,0,0,60.5714285714286,39.7142857142857,88,34.7142857142857,47.5714285714286,0,270.571428571429,22,0,0,0,0,0,0,1.42857142857143,97,58.8571428571429,24.8571428571429,0,0,0,24,0,0,0,18.4285714285714,0,0,0,0,0,0,0,0,24,7.3
3,0,0,0,1322000,0,0,0,0,0,0,8164000,34,4,289401,2,6,0,0,6,0,6,0,0,6,0,0,0,0,0,0,6,0,0,6,0,6,0,0,6,0,0,0,0,0,0,20,2,250,1581000,220333.333333333,1360666.66666667,0,0,0,220333.333333333,0,0,0,0,0,0,1360666.66666667,241666.666666667,93333.3333333333,8433.33333333333,0,4000,0,0,97333.3333333333,14631.9444444444,26342.8421052632,40974.7865497076,65650,250000,0,250000,2564544.5,1009000,134666.666666667,3708211.16666667,3468815.95248067,40275.6338097076,95184.0320333333,135459.665843041,3046647.33324542,653550.714186,6130003.61988304,385459.665843041,6515463.28572608,-2393096.61905942,4122366.66666667,277.833333333333,792.5,445.166666666667,164.833333333333,944633.333333333,2104783.33333333,862200,210750,0,0,0,0,444.5,0,0,444.5,0,0,0,0,666.666666666667,666.666666666667,46.8333333333333,35.1666666666667,6.16666666666667,30.8333333333333,51,18.3333333333333,188.333333333333,35.5,0,0,0,0,0,0,0,0,82.1666666666667,11.8333333333333,0,0,0,25.6666666666667,0,0,0,31,0,0,0,0,0,0,0,0,2.16666666666667,7.3
3,0,0,0,1343000,0,0,0,0,0,0,0,34,3,289401,1,4,0,0,4,0,0,0,0,0,0,4,0,0,4,0,4,0,0,4,0,0,0,0,0,0,4,0,0,4,0,24,1,275,335750,335750,0,0,0,0,335750,0,0,0,0,0,0,0,69750,125500,0,36750,21250,0,0,44000,57591.6666666667,9639,67230.6666666667,170968.75,0,379500,379500,3373139.25,313500,52000,3738639.25,1858022.33020214,36366.6414533333,72569.21155,108935.853003333,3529653.18946786,3491502.66979786,4899239.66666667,488435.853003333,5387675.51967,-38150.5196700002,5349525,578,887.75,163,28.25,2234675,2752025,334300,28525,187.5,0,0,0,510,0,0,510,0,0,0,0,0,0,66.5,46,15.75,2,63.5,0,193.75,0,0,0,0,0,0,0,0,0,93.25,13.5,0,0,0,11,16.5,0,0,47,0,0,0,4.5,0,0,0,0,8,16.3541666666667
3,0,0,0,1420000,0,0,0,0,0,0,7232000,34,4,289401,2,6.55,0,0,6.55,0,0,0,0,0,0,6.55,0,0,6.55,0,5.95,0,0,5.95,0,0,0,0,0,0,5.95,0,0,5.95,0,24.3333333333333,2,168.571428571429,1454117.64705882,238655.462184874,1215462.18487395,0,0,0,238655.462184874,0,0,0,0,0,0,1215462.18487395,46554.6218487395,19327.731092437,0,0,10084.0336134454,0,0,0,59947.8991596639,35112,95059.8991596639,36364.1456582633,0,205882.352941177,205882.352941177,2039490.58823529,1581440.33613445,72941.1764705882,3693872.10084034,3770088.80124917,54657.7914881793,86717.6718319328,141375.463320112,2221950.19428383,-1831013.17099707,5644781.17927171,347257.816261289,5992038.995533,-4052963.3652809,1939075.6302521,9.07563025210084,486.218487394958,22.3529411764706,0,63529.4117647059,1779428.57142857,96117.6470588235,0,0,0,0,0,184.873949579832,0,0,184.873949579832,0,0,0,0,1018.48739495798,1018.48739495798,47.7310924369748,40.1680672268908,39.4957983193277,20.672268907563,24.8739495798319,0,172.941176470588,0,0,0,0,0,0,0,0,0,42.3529411764706,13.2773109243697,0,0,0,26.218487394958,73.781512605042,0.672268907563025,0,16.6386554621849,0,0,0,0,0,0,0,0,0,7.3
3,0,0,0,1438000,0,0,0,0,0,0,0,34,4,289401,2,14.38,0,0,14.38,0,14.38,0,0,14.38,0,0,0,0,0,0,14.38,0,0,14.38,0,14.38,0,0,14.38,0,0,0,0,0,0,28.3333333333333,2,403.337969401947,100000,100000,0,0,0,0,100000,0,0,0,0,0,0,0,44853.9638386648,26286.5090403338,0,2155.7719054242,7093.18497913769,48956.8845618915,0,2524.33936022253,12349.327770051,943.393602225313,13292.7213722763,10847.2415391748,259860.917941586,0,259860.917941586,1004489.22114047,127955.493741307,16759.388038943,1149204.10292072,675260.761960578,3600.62657858136,22925.8409596662,26526.4675382476,1305742.3430371,2203703.07670423,1694615.71951785,286387.385479833,1981003.10499768,897960.733667131,2878963.83866481,231.780250347705,485.326842837274,211.474269819193,194.158553546593,744596.662030598,1437141.86369958,522482.614742698,174742.698191933,0,0,0,0,148.331015299026,0,0,148.331015299026,0,0,0,0,0,0,21.0013908205841,17.2461752433936,0,7.99721835883171,15.6467315716273,0,61.8915159944367,1.39082058414465,0,0,0,0,0,2.08623087621697,0,4.3115438108484,33.8664812239221,3.05980528511822,0,0,0,0,5.84144645340751,0.62586926286509,0,8.90125173852573,0,0,0,0.695410292072323,0,0,0,0,0,1.6875
3,0,0,0,1649000,0,0,0,0,0,0,0,34,4,289401,2,17,0,0,17,0,13.6,0,0,13.6,0,3.4,0,0,3.4,0,13.6,0,0,13.6,0,10.2,0,0,10.2,0,3.4,0,0,3.4,0,26.4,2,224.264705882353,121250,121250,0,0,0,0,121250,0,0,0,0,0,0,0,40147.0588235294,12426.4705882353,0,0,14558.8235294118,0,283235.294117647,24551.4705882353,42476.1029411765,7980,50456.1029411765,13762.8676470588,122742.647058824,66176.4705882353,188919.117647059,778116.911764706,274575.588235294,3602.94117647059,1056295.44117647,1191480.9083784,23196.0356933824,25770.9116764706,48966.947369853,952489.686050278,90592.6210333663,1906084.52941177,237886.065016912,2143970.59442868,-861897.065016912,1282073.52941176,98.0882352941177,231.691176470588,118.75,72.4264705882353,338110.294117647,648544.117647059,230235.294117647,65183.8235294118,0,0,0,0,117.647058823529,0,0,117.647058823529,0,0,0,0,0,0,17.7941176470588,7.94117647058824,7.5,6.76470588235294,14.4117647058824,1.91176470588235,56.3235294117647,0,0,0,0,0,0,1.69117647058824,0,0,25.5882352941177,4.55882352941177,0,0,0,0,9.9264705882353,0,0,11.3235294117647,0,0,0,0.147058823529412,0,0,0,0,3.08823529411765,1.6875
3,0,0,0,173000,0,0,0,0,0,0,4259000,99,3,264842,1,3,0,0,3,0,3,0,0,3,0,0,0,0,0,0,3,0,0,3,0,3,0,0,3,0,0,0,0,0,0,18,2,366.666666666667,1477333.33333333,57666.6666666667,1419666.66666667,0,0,0,57666.6666666667,0,0,0,0,0,0,1419666.66666667,184666.666666667,216333.333333333,46000,41666.6666666667,6333.33333333333,0,0,0,13300,43435,56735,49250,387165,0,387165,3271768,0,0,3271768,2343160.33333333,15004.1036666667,87052.0821333333,102056.1858,3760989.1858,3993439.66666667,5614928.33333333,489221.1858,6104149.51913333,232450.480866666,6336600,298,1276,397,100,1221800,4210800,794000,110000,0,0,0,0,93.3333333333333,0,0,93.3333333333333,0,0,0,0,2000,2000,104.333333333333,21.3333333333333,0,0,44.3333333333333,0,170,0,0,0,0,0,0,9.33333333333333,0,0,76.6666666666667,16,0,0,0,3,55,0,0,10,0,0,0,0,0,0,0,0,0,14.4444444444444
3,0,0,0,1835000,0,0,0,0,0,0,0,34,4,289401,2,5.6,0,0,5.6,0,5.6,0,0,5.6,0,0,0,0,0,0,5.6,0,0,5.6,0,5.6,0,0,5.6,0,0,0,0,0,0,25.25,2,196.428571428571,327678.571428571,327678.571428571,0,0,0,0,327678.571428571,0,0,0,0,0,0,0,48035.7142857143,33571.4285714286,0,2857.14285714286,0,47142.8571428571,0,24750,26892.8571428571,726.75,27619.6071428571,44940.4761904762,108857.142857143,0,108857.142857143,1822424.10714286,0,0,1822424.10714286,845996.797619048,9937.83947428571,38287.2330357143,48225.07251,1979506.32251,1442949.63095238,2668420.9047619,157082.215367143,2825503.12012905,-536556.691557619,2288946.42857143,93.0357142857143,520.892857142857,278.928571428571,139.464285714286,316321.428571429,1372928.57142857,474178.571428571,125517.857142857,0,0,0,0,476.25,0,0,476.25,0,0,0,0,0,0,51.0714285714286,42.3214285714286,0,0,11.0714285714286,0,104.464285714286,0,0,0,0,0,0,2.32142857142857,0,7.5,66.25,2.14285714285714,0,0,0,5.71428571428571,8.39285714285714,5.35714285714286,0,5.71428571428571,0,0,0,1.07142857142857,0,0,0,0,0,7.3
3,0,0,0,186000,0,0,116000,0,0,0,0,34,1,289401,2,1.5,0,0,1.5,0,1.5,0,0,1.5,0,0,0,0,0,0,1.5,0,0,1.5,0,1.5,0,0,1.5,0,0,0,0,0,0,28,2,333.333333333333,201333.333333333,124000,77333.3333333333,0,0,0,124000,0,0,77333.3333333333,0,0,0,0,62000,46666.6666666667,0,0,0,0,0,66466.6666666667,36000,0,36000,519944.444444444,291200,0,291200,1277830.66666667,229821.333333333,0,1507652,1451633.44444444,17726.9555555556,31276.3698666667,49003.3254222222,1618033.99208889,789633.222222222,2729464.11111111,340203.325422222,3069667.43653333,-828400.769866667,2241266.66666667,201.333333333333,104,368.666666666667,34.6666666666667,927200,298133.333333333,984733.333333333,31200,0,0,0,0,133.333333333333,0,0,133.333333333333,66.6666666666667,0,0,0,0,66.6666666666667,32,10,10,3.33333333333333,23.3333333333333,0,78.6666666666667,0,0,0,0,0,0,6,0,0,27.3333333333333,12,0,0,0,10,12.6666666666667,0,0,10.6666666666667,0,0,0,0,0,0,0,0,0,28.2903225806452
3,0,0,0,198000,0,0,0,0,0,0,0,34,1,289401,1,1,0,0,1,0,0,0,0,0,0,1,0,0,1,0,1,0,0,1,0,0,0,0,0,0,1,0,0,1,0,19,2,400,198000,198000,0,0,0,0,198000,0,0,0,0,0,0,0,157000,320000,6900,0,6000,0,0,883000,157055,73504.4210526316,230559.421052632,393900,0,179000,179000,9965056,318824,0,10283880,2982584.42105263,139942.250648421,196789.348,336731.598648421,10301787.5986484,6804715.57894737,12768640.4210526,515731.598648421,13284372.0197011,-3497072.01970105,9787300,365,1478,808,287,1886200,5291800,2246800,362500,0,0,0,0,400,0,0,400,0,0,0,0,0,0,354,128,10,9,66,0,567,168,0,0,0,0,0,9,0,0,301,17,0,0,0,44,0,0,0,9,0,0,0,0,0,0,0,0,19,28.2903225806452
3,0,0,0,201000,0,0,0,0,0,0,0,99,4,264842,1,5.85,0,0,5.85,0,0,0,0,0,0,5.85,0,0,5.85,0,5.85,0,0,5.85,0,0,0,0,0,0,5.85,0,0,5.85,0,9,2,223.931623931624,34358.9743589744,34358.9743589744,0,0,0,0,34358.9743589744,0,0,0,0,0,0,0,297606.837606838,112991.452991453,0,0,854.700854700855,0,0,77777.7777777778,21325.641025641,16171.7948717949,37497.4358974359,8418.80341880342,0,180341.88034188,180341.88034188,2586249.23076923,637777.777777778,43589.7435897436,3267616.75213675,1661090.57430966,10481.519977208,62934.0278290598,73415.5478062678,2694631.58888123,7398823.95560487,4101964.73504274,253757.428148148,4355722.16319088,4704192.36672365,9059914.52991453,596.581196581197,1502.5641025641,745.470085470086,149.57264957265,2445982.90598291,4958461.53846154,1490940.17094017,164529.914529915,0,0,0,0,68.3760683760684,0,0,68.3760683760684,0,0,0,0,0,0,44.1025641025641,68.5470085470085,10.4273504273504,28.3760683760684,33.5042735042735,0,184.957264957265,0,0,0,0,0,0,4.95726495726496,0,0,103.418803418803,1.53846153846154,0,0,0,0,38.2905982905983,0,0,36.7521367521368,0,0,0,0,0,0,0,0,0,6.90909090909091
3,0,0,0,2324000,0,0,0,0,0,0,0,34,4,289401,2,6,0,0,6,0,6,0,0,6,0,0,0,0,0,0,6,0,0,6,0,6,0,0,6,0,0,0,0,0,0,20,2,333.333333333333,387333.333333333,387333.333333333,0,0,0,0,387333.333333333,0,0,0,0,0,0,0,42333.3333333333,56500,69383.3333333333,10500,40000,66000,642000,101750,95962.7777777778,14875,110837.777777778,113979.166666667,448161.5,0,448161.5,1574745.66666667,711381.333333333,30666.6666666667,2316793.66666667,2650941.92095649,51121.0067888889,61961.0548666667,113082.061655556,2157113.25181018,2035524.74571018,4246811.61111111,561243.561655556,4808055.17276667,-121588.5061,4686466.66666667,272.5,976.5,555.5,261.166666666667,926500,2538900,986016.666666667,235050,0,0,0,0,444.5,0,0,444.5,0,0,0,0,0,0,28.8333333333333,15.6666666666667,18.1666666666667,14.6666666666667,35.1666666666667,9.5,122,0,0,0,0,0,0,3.83333333333333,0,10.5,41.8333333333333,9,0,0,0,0,23.8333333333333,0,0,24.3333333333333,0,0,0,0,0,0,0,0,8.66666666666667,7.3
3,0,0,0,3099000,0,0,0,0,0,0,0,34,1,289401,1,1,0,0.05,0.95,0,0,0,0,0,0,1,0,0.05,0.95,0,1,0,0.05,0.95,0,0,0,0,0,0,1,0,0.05,0.95,0,20,2,262,3099000,3099000,0,0,0,0,3099000,0,0,0,0,0,0,0,213000,168000,0,0,12000,528000,0,472600,1079588.33333333,26775,1106363.33333333,0,0,307000,307000,6527095,10656500,338000,17521595,17061476.8736661,187766.0528,365435.637,553201.6898,7208684.1494672,30789023.1263339,23409959.3333333,860201.6898,24270161.0231333,23580338.9768667,47850500,3469,10832,2329,1587,12216400,30163000,4042800,1428300,0,0,0,0,4000,0,0,4000,0,0,0,0,0,0,173,63,250,185,104,161,936,0,0,0,0,0,0,19,0,0,492,88,0,0,0,0,133,0,0,152,0,0,0,0,0,0,0,0,52,28.2903225806452
3,0,0,0,3099000,0,0,0,0,0,0,0,34,4,289401,2,5.85,0,0,5.85,0,0,0,0,0,0,5.85,0,0,5.85,0,5.85,0,0,5.85,0,0,0,0,0,0,5.85,0,0,5.85,0,21,2,123.931623931624,529743.58974359,529743.58974359,0,0,0,0,529743.58974359,0,0,0,0,0,0,0,12649.5726495727,37948.717948718,0,10769.2307692308,20512.8205128205,41367.5213675214,0,267709.401709402,134988.888888889,2898.71794871795,137887.606837607,92585.4700854701,0,307179.487179487,307179.487179487,1164106.4957265,1697210.25641026,59658.1196581197,2920974.87179487,3480351.31057528,38966.2341709402,63771.8170598291,102738.051230769,1291116.03125378,977990.569766602,4361549.8034188,409917.538410256,4771467.34182906,-313125.461487179,4458341.88034188,342.735042735043,730.25641025641,587.692307692308,342.735042735043,1165299.14529915,1918752.13675214,1065829.05982906,308461.538461538,0,0,0,0,683.760683760684,0,0,683.760683760684,0,0,0,0,0,0,23.7606837606838,10.7692307692308,63.4188034188034,0,24.4444444444444,23.9316239316239,146.324786324786,0,0,0,0,0,0,8.20512820512821,0,0,69.0598290598291,6.32478632478633,0,0,0,0,21.7094017094017,0,0,26.6666666666667,0,0,0,0,0,0,0,0,14.3589743589744,7.3
3,0,0,0,310000,0,0,0,0,0,0,0,34,2,289401,2,2.59,0,0,2.59,0,0,0,0,0,0,2.59,0,0,2.59,0,2.59,0,0,2.59,0,0,0,0,0,0,2.59,0,0,2.59,0,23,2,243.243243243243,119691.11969112,119691.11969112,0,0,0,0,119691.11969112,0,0,0,0,0,0,0,38610.0386100386,46332.0463320463,0,18146.7181467181,3088.80308880309,42471.0424710425,908880.308880309,25096.5250965251,41338.4813384813,5513.51351351351,46851.9948519949,126737.451737452,0,317374.517374517,317374.517374517,1656038.61003861,286046.718146718,0,1942085.32818533,2268728.28442728,27323.6213642214,52197.072046332,79520.6934105534,1735559.30344916,1065132.71943372,3607392.37709138,396895.210785071,4004287.58787645,-670426.584015444,3333861.003861,157.528957528958,759.459459459459,392.277992277992,115.830115830116,551003.861003861,1997220.07722008,681389.961389961,104247.104247104,89.5752895752896,0,0,0,205.791505791506,0,0,205.791505791506,0,0,0,0,0,0,7.72200772200772,39.3822393822394,11.969111969112,0,40.5405405405405,2.7027027027027,102.316602316602,0,0,0,0,0,0,1.54440154440154,0,0,47.1042471042471,6.94980694980695,0,0,0,2.7027027027027,0,0,0,39.7683397683398,0,0,0,3.86100386100386,0,0,0,0,0.386100386100386,16.3541666666667
3,0,0,0,333000,0,0,0,0,0,0,0,38,4,292048,2,17.48,0,0,17.48,0,17.48,0,0,17.48,0,0,0,0,0,0,13.52,0,0,13.52,0,13.52,0,0,13.52,0,0,0,0,0,0,21.9090909090909,2,366.642011834319,24630.1775147929,24630.1775147929,0,0,0,0,24630.1775147929,0,0,0,0,0,0,0,18565.0887573964,1553.25443786982,0,0,5325.44378698225,0,0,0,25336.5384615385,0,25336.5384615385,0,103350.517751479,0,103350.517751479,502352.73668639,0,0,502352.73668639,367458.50295858,1775.82510848126,9170.28323964497,10946.1083481262,616649.362785996,-166371.224852071,869811.23964497,114296.626099605,984107.865744576,-783020.587638067,201087.278106509,4.65976331360947,23.8905325443787,39.8668639053254,15.0147928994083,19105.0295857988,81227.8106508875,79733.7278106509,21020.7100591716,0,0,0,0,49.3343195266272,0,0,49.3343195266272,0,0,0,0,0,0,12.7218934911243,13.8313609467456,0,0,2.81065088757396,0,29.3639053254438,0,0,0,0,0,0,0,0,0,22.7810650887574,2.51479289940828,0,0,0,0,0,0,0,3.99408284023669,0,0,0,0,0,0,0,0,0.0739644970414201,4.71428571428571
3,0,0,0,341000,0,0,0,0,0,0,0,34,2,289401,2,2.6,0,0,2.6,0,0,0,0,0,0,2.6,0,0,2.6,0,2.6,0,0,2.6,0,0,0,0,0,0,2.6,0,0,2.6,0,19,1,281.153846153846,131153.846153846,131153.846153846,0,0,0,0,131153.846153846,0,0,0,0,0,0,0,0,18076.9230769231,0,0,32307.6923076923,0,0,0,26711.5384615385,39132.6923076923,65844.2307692308,0,0,93846.1538461538,93846.1538461538,2551499.61538462,0,0,2551499.61538462,630629.846153846,53640.1546153846,45368.4320769231,99008.5866923077,2650508.20207692,1273024,3088283.30769231,192854.740538462,3281138.04823077,-1377484.20207692,1903653.84615385,200.384615384615,400.769230769231,0,0,861653.846153846,1042000,0,0,0,0,0,0,153.846153846154,0,0,153.846153846154,0,0,0,0,0,0,68.4615384615385,58.8461538461538,0,0,18.4615384615385,0,145.769230769231,0,0,0,0,0,0,0,2.30769230769231,0,98.4615384615385,1.53846153846154,0,0,0,0,27.6923076923077,10.7692307692308,0,5,0,0,0,0,0,0,0,0,0,16.3541666666667
3,0,0,0,3617000,0,0,0,0,0,0,0,34,4,289401,2,22,0,0,22,0,0,0,0,0,0,22,0,0,22,0,22,0,0,22,0,0,0,0,0,0,22,0,0,22,0,24.5,2,172.727272727273,164409.090909091,164409.090909091,0,0,0,0,164409.090909091,0,0,0,0,0,0,0,208090.909090909,88045.4545454545,209.090909090909,64227.2727272727,77454.5454545455,21590.9090909091,0,47272.7272727273,225182.575757576,0,225182.575757576,105689.772727273,0,431227.272727273,431227.272727273,1044059.36363636,4038042.40909091,677181.818181818,5759283.59090909,6298905.63171686,41212.9658787879,106747.687609091,147960.653487879,1331139.23389223,-3164805.63171686,7050856.93939394,579187.926215152,7630044.86560909,-4495944.86560909,3134100,143.909090909091,696,417.590909090909,139.227272727273,489290.909090909,1809600,709904.545454545,125304.545454545,54.5454545454545,0,0,0,303.045454545455,0,0,303.045454545455,0,0,0,0,0,0,14.3181818181818,23.7272727272727,7.81818181818182,205,18.8636363636364,21.1818181818182,290.909090909091,0,0,0,0,0,0,4.22727272727273,2,0.363636363636364,222.045454545455,2.36363636363636,0,0,0,3.59090909090909,16.3181818181818,6.45454545454545,0,31.2727272727273,0,0,0,2.27272727272727,0,0,0,0,0,1.6875
3,0,0,0,387000,0,0,0,0,889000,0,0,34,3,289401,2,3.3,0,0,3.3,0,0,0,0,0,0,3.3,0,0,3.3,0,3.3,0,0,3.3,0,0,0,0,0,0,3.3,0,0,3.3,0,24,1,600.30303030303,386666.666666667,117272.727272727,269393.939393939,0,0,0,117272.727272727,0,0,0,0,269393.939393939,0,0,0,14545.4545454545,0,0,0,0,0,0,303492.929292929,3473.51351351351,306966.442806443,40416.6666666667,0,181515.151515152,181515.151515152,1471566.36363636,0,0,1471566.36363636,1219511.38220038,-11234.3247179907,31088.1228484849,19853.7981304941,1491420.16176686,-811662.897351897,2509562.59432159,201368.949645646,2710931.54396724,-2303083.05911875,407848.484848485,0,94.8484848484849,0,0,0,407848.484848485,0,0,0,0,0,0,121.212121212121,0,0,121.212121212121,0,0,545.454545454545,0,0,545.454545454545,43.030303030303,15.4545454545455,0,0,19.3939393939394,0,77.8787878787879,0,0,0,0,0,0,0,0,0,38.7878787878788,6.06060606060606,0,0,0,0,13.6363636363636,0,0,19.3939393939394,0,0,0,0,0,0,0,0,0,16.3541666666667
3,0,0,0,403000,0,0,0,0,0,0,0,34,3,289401,2,3,0,0,3,0,0.6,0,0,0.6,0,2.4,0,0,2.4,0,3,0,0,3,0,0.6,0,0,0.6,0,2.4,0,0,2.4,0,15.5,2,433.333333333333,134333.333333333,134333.333333333,0,0,0,0,134333.333333333,0,0,0,0,0,0,0,26333.3333333333,53333.3333333333,0,0,15666.6666666667,0,0,0,721463.75,9520,730983.75,227958.333333333,16625,63333.3333333333,79958.3333333333,874246,0,0,874246,1541343.08333333,131426.8231,18324.9502666667,149751.773366667,1040622.77336667,867623.583333333,2352255.75,229710.1067,2581965.8567,-172999.190033334,2408966.66666667,95.3333333333333,208.666666666667,729.333333333333,69.6666666666667,348400,584333.333333333,1413533.33333333,62700,0,0,0,0,266.666666666667,0,0,266.666666666667,0,0,0,0,0,0,11.6666666666667,8.66666666666667,0,0,23,0,43.3333333333333,0,0,0,0,0,0,3,0,0,17.3333333333333,3,0,0,0,0,0,0,0,20,0,0,0,0,0,0,0,0,0,16.3541666666667
3,0,0,0,4222000,0,0,0,0,0,0,12246000,34,4,289401,1,14.99,0,0,14.99,0,14.99,0,0,14.99,0,0,0,0,0,0,13.74,0,0,13.74,0,13.74,0,0,13.74,0,0,0,0,0,0,17,2,268.195050946143,1198544.39592431,307278.020378457,891266.375545852,0,0,0,307278.020378457,0,0,0,0,0,0,891266.375545852,70524.0174672489,21251.8195050946,305.676855895197,4585.15283842795,25181.9505094614,0,0,67532.7510917031,41728.5298398836,7049.5807860262,48778.1106259098,9922.36778262979,413362.445414847,0,413362.445414847,1037256.25909753,995414.847161572,33551.673944687,2066222.78020378,2747872.60539699,15208.1307130907,57338.8658369723,72546.9965500631,1540286.85937239,3510053.15879515,3802250.02280446,485909.44196491,4288159.46476937,1969766.29942277,6257925.76419214,701.237263464338,966.521106259098,663.318777292576,322.197962154294,2338719.06841339,2473158.66084425,1156069.86899563,289978.165938865,0,0,0,0,582.241630276565,0,0,582.241630276565,0,0,0,0,873.362445414847,873.362445414847,28.82096069869,5.45851528384279,33.7700145560408,13.4643377001456,18.4133915574964,5.09461426491994,105.021834061135,0,0,0,0,0,0,5.53129548762737,0,0,47.45269286754,15.429403202329,0,0,0,0,4.87627365356623,5.67685589519651,0,13.8282387190684,0,0,0,0.291120815138282,0,0,0,0,11.9359534206696,1.6875
3,0,0,0,462000,0,0,0,0,0,0,0,34,3,289401,2,3,0,0,3,0,0,0,0,0,0,3,0,0,3,0,3,0,0,3,0,0,0,0,0,0,3,0,0,3,0,37,2,533.333333333333,154000,154000,0,0,0,0,154000,0,0,0,0,0,0,0,91000,96666.6666666667,3600,0,5333.33333333333,0,0,130000,113936.111111111,31315.7894736842,145251.900584795,54716.6666666667,0,192000,192000,3967195.33333333,454548,0,4421743.33333333,1616517.56725146,53838.8833374269,81378.8993333333,135217.78267076,4102413.11600409,2653915.76608187,5391712.9005848,327217.78267076,5718930.68325556,-1448497.34992222,4270433.33333333,173.666666666667,545,907.666666666667,312.666666666667,555733.333333333,1453800,1910033.33333333,350866.666666667,6.66666666666667,0,0,0,311,0,0,311,0,0,0,0,0,0,83.3333333333333,42.6666666666667,13.6666666666667,12.3333333333333,77.3333333333333,1,230.333333333333,21,0,0,0,0,0,0,0,0,120,11.6666666666667,0,0,0,3,0,8,0,37.3333333333333,0,0,0,0,0,0,0,0,29.3333333333333,16.3541666666667
3,0,0,0,4627000,0,0,0,0,0,0,21296000,99,4,264842,1,14,0,0,14,0,0,0,0,0,0,14,0,0,14,0,14,0,0,14,0,0,0,0,0,0,14,0,0,14,0,22,1,350,1851642.85714286,330500,1521142.85714286,0,0,0,330500,0,0,0,0,0,0,1521142.85714286,124642.857142857,35857.1428571429,16428.5714285714,0,27071.4285714286,80142.8571428571,55000,92857.1428571429,19933.3333333333,0,19933.3333333333,58619.0476190476,0,90500,90500,1957922.07142857,2473964.28571429,96000,4527886.35714286,5245090.57196862,7275.24642857143,113071.384957143,120346.631385714,2120679.65465519,19350245.1423171,7154923.5952381,210846.631385714,7365770.22662381,17229565.4876619,24595335.7142857,1574.57142857143,4003.21428571429,1892,687.714285714286,6455742.85714286,13210607.1428571,4117142.85714286,811842.857142857,0,0,0,0,438.071428571429,0,0,438.071428571429,0,0,0,0,2857.14285714286,2857.14285714286,30.5714285714286,19.7142857142857,40.2857142857143,109.571428571429,47.6428571428571,0,247.785714285714,0,0,0,0,0,0,1.28571428571429,0,0,165.214285714286,20.3571428571429,0,0,0,20.2857142857143,28.3571428571429,0,0,12.2857142857143,0,0,0,0,0,0,0,0,0,1.88888888888889
3,0,0,0,464000,0,0,0,0,0,0,0,99,4,264842,1,5.85,0,0,5.85,0,3.25,0,0,3.25,0,2.6,0,0,2.6,0,5.85,0,0,5.85,0,3.25,0,0,3.25,0,2.6,0,0,2.6,0,20,2,307.692307692308,79316.2393162393,79316.2393162393,0,0,0,0,79316.2393162393,0,0,0,0,0,0,0,134700.854700855,222735.042735043,0,12820.5128205128,11452.9914529915,0,0,44444.4444444444,125816.239316239,74515.5195681512,200331.75888439,23383.1908831909,165454.871794872,129743.58974359,295198.461538462,4075625.12820513,740512.820512821,32478.6324786325,4848616.58119658,1869277.24841236,117233.178872395,88877.8386666667,206111.017539061,4474675.84709941,17376517.6233825,5842643.61643425,501309.479077523,6343953.09551177,12901841.7762831,19245794.8717949,1043.76068376068,3154.35897435897,894.700854700855,149.059829059829,4973452.99145299,11694034.1880342,2331880.34188034,246427.35042735,0,0,0,0,136.752136752137,0,0,136.752136752137,0,0,0,0,0,0,125.982905982906,48.034188034188,3.07692307692308,41.3675213675214,45.1282051282051,1.02564102564103,264.615384615385,0,0,0,0,0,1.02564102564103,19.8290598290598,0,27.008547008547,102.222222222222,2.22222222222222,0,0,0,5.98290598290598,76.4102564102564,0,0,12.3076923076923,0,0,0,0,0,0,0,0,16.2393162393162,6.90909090909091
3,0,0,0,464000,0,0,0,0,0,0,12139000,99,4,264842,2,14.45,0,0,14.45,0,0,0,0,0,0,14.45,0,0,14.45,0,14.45,0,0,14.45,0,0,0,0,0,0,14.45,0,0,14.45,0,17.8,2,206.228373702422,872179.930795848,32110.7266435986,840069.204152249,0,0,0,32110.7266435986,0,0,0,0,0,0,840069.204152249,127750.865051903,48996.5397923875,0,0,0,8719.723183391,31072.6643598616,89965.3979238754,41352.76816609,7983.90092879257,49336.6690948825,30288.3506343714,0,83252.5951557094,83252.5951557094,621311.141868512,1029861.5916955,63183.3910034602,1714356.12456747,2675674.77133802,17147.9715121714,48024.4846782007,65172.4561903721,710258.54541206,1768968.8272779,3237508.26540399,148425.051346081,3385933.31675008,1058710.28186584,4444643.59861592,80.5536332179931,948.373702422145,364.498269896194,57.8546712802768,331813.148788927,3252429.06574394,796761.245674741,63640.1384083045,0,0,0,0,55.363321799308,0,0,55.363321799308,0,0,0,0,1316.67820069204,1316.67820069204,19.3079584775087,0,27.0588235294118,33.1487889273356,11.3494809688581,0,90.8650519031142,0,0,0,0,0,0,8.23529411764706,0,0,53.0795847750865,15.9861591695502,0,0,0,3.04498269896194,2.07612456747405,3.66782006920415,0,4.77508650519031,0,0,0,0,0,0,0,0,0,1.88888888888889
3,0,0,0,5166000,0,0,0,0,0,0,0,34,4,289401,2,14.88,0,0,14.88,0,0,0,0,0,0,14.88,0,0,14.88,0,14.88,0,0,14.88,0,0,0,0,0,0,14.88,0,0,14.88,0,12.25,2,215.05376344086,347177.419354839,347177.419354839,0,0,0,0,347177.419354839,0,0,0,0,0,0,0,82661.2903225807,139516.129032258,7728.49462365591,42540.3225806452,21236.5591397849,77620.9677419355,0,45026.8817204301,98630.1523297491,0,98630.1523297491,147069.892473118,0,246572.580645161,246572.580645161,1394827.75537634,2725300.2688172,97715.0537634409,4217843.07795699,4335116.56739674,30496.8244287634,82690.4289650538,113187.253393817,1541095.45391823,-1997038.61040749,5516452.18727599,359759.834038979,5876212.02131496,-3538134.06432572,2338077.95698925,127.016129032258,518.682795698925,79.8387096774194,79.8387096774194,482661.290322581,1607916.66666667,175645.161290323,71854.8387096774,80.6451612903226,0,0,0,448.051075268817,0,0,448.051075268817,0,0,0,0,0,0,23.8575268817204,31.5188172043011,81.3844086021505,29.2338709677419,21.5725806451613,19.4220430107527,206.989247311828,0,0,0,0,0,0,4.70430107526882,4.16666666666667,0.537634408602151,81.3172043010753,2.28494623655914,0,0,0,24.8655913978495,31.7204301075269,35.752688172043,0,14.3817204301075,0,0,0,2.35215053763441,0,0,0,0,4.90591397849462,1.6875
3,0,0,0,537000,0,0,0,0,0,0,0,34,2,289401,1,2.61,0,0,2.61,0,2.61,0,0,2.61,0,0,0,0,0,0,2.61,0,0,2.61,0,2.61,0,0,2.61,0,0,0,0,0,0,16.6666666666667,2,421.455938697318,205747.126436782,205747.126436782,0,0,0,0,205747.126436782,0,0,0,0,0,0,0,91187.7394636015,155172.413793103,0,0,57854.4061302682,82758.6206896552,0,0,596324.393358876,9301.14942528736,605625.542784164,0,114942.528735632,0,114942.528735632,2874199.23371648,207388.505747126,0,3081587.7394636,1695135.3550447,29584.2185287356,60993.5135632184,90577.732091954,3079719.49454406,3558925.94763729,4569334.58876118,205520.260827586,4774854.84958876,479206.453093232,5254061.30268199,983.141762452107,299.233716475096,269.731800766284,419.157088122605,3480498.08429119,877816.091954023,518505.747126437,377241.379310345,0,0,0,0,408.812260536398,0,0,408.812260536398,0,0,0,0,0,0,27.2030651340996,13.7931034482759,6.51340996168582,0,93.8697318007663,3.44827586206897,144.827586206897,0,0,0,0,0,0,18.007662835249,0,0,19.9233716475096,9.96168582375479,0,0,0,50.9578544061303,0,0,0,45.9770114942529,0,0,0,0,0,0,0,0,0,16.3541666666667
3,0,0,0,615000,0,0,0,0,0,0,0,34,3,289401,1,3.8,0,0,3.8,0,3.8,0,0,3.8,0,0,0,0,0,0,3.8,0,0,3.8,0,3.8,0,0,3.8,0,0,0,0,0,0,14.5714285714286,2,426.315789473684,161842.105263158,161842.105263158,0,0,0,0,161842.105263158,0,0,0,0,0,0,0,212105.263157895,105263.157894737,0,0,60000,0,0,0,79070.1754385965,3757.89473684211,82828.0701754386,179967.105263158,208184.210526316,0,208184.210526316,1685582.63157895,57894.7368421053,4210.52631578947,1747687.89473684,1149441.25533139,36201.2064649123,37962.5137894737,74163.720254386,1972001.27194054,4519664.00782651,2839094.59649123,282347.930780702,3121442.52727193,2547662.73588597,5669105.26315789,397.105263157895,1281.31578947368,548.157894736842,61.8421052631579,1350157.89473684,3331421.05263158,931868.421052632,55657.8947368421,0,0,0,0,245.526315789474,0,0,245.526315789474,0,0,0,0,0,0,20,21.0526315789474,0,0,43.6842105263158,2.36842105263158,87.1052631578947,0,0,0,0,0,0,6.05263157894737,1.84210526315789,0,13.6842105263158,8.94736842105263,0,0,0,16.0526315789474,5,0,0,35.5263157894737,0,0,0,0,0,0,0,0,0,16.3541666666667
3,0,0,0,620000,0,0,483000,0,0,0,0,34,3,289401,2,3,0,0.6,2.4,0,3,0,0.6,2.4,0,0,0,0,0,0,3,0,0.6,2.4,0,3,0,0.6,2.4,0,0,0,0,0,0,28,1,316.666666666667,367666.666666667,206666.666666667,161000,0,0,0,206666.666666667,0,0,161000,0,0,0,0,49666.6666666667,26333.3333333333,0,0,0,0,0,0,36416.6666666667,5783.4,42200.0666666667,86444.4444444445,107533.333333333,0,107533.333333333,5597786.33333333,0,69333.3333333333,5667119.66666667,861712.177777778,13820.856552,101439.053133333,115259.909685333,5889912.90968533,1451954.48888889,6528831.84444444,222793.243018667,6751625.08746311,-4437958.42079644,2313666.66666667,0,3.66666666666667,1041.66666666667,0,0,22000,2291666.66666667,0,0,0,0,0,355.666666666667,0,0,355.666666666667,2000,0,0,0,0,2000,146.666666666667,142.333333333333,0,0,35.3333333333333,0,324.333333333333,0,0,0,0,0,0,5.33333333333333,0,0,133.333333333333,3,0,0,0,13.3333333333333,169.333333333333,0,0,0,0,0,0,0,0,0,0,0,0,16.3541666666667
3,0,0,0,672000,0,0,0,0,0,0,0,38,2,292048,2,13,0,0,13,0,0,0,0,0,0,13,0,0,13,0,2.6,0,0,2.6,0,0,0,0,0,0,2.6,0,0,2.6,0,38,2,246.153846153846,258461.538461538,258461.538461538,0,0,0,0,258461.538461538,0,0,0,0,0,0,0,0,25769.2307692308,0,0,2307.69230769231,0,0,0,0,0,0,0,0,1152692.30769231,1152692.30769231,547894.615384615,285000,0,832894.615384615,2016278.76923077,0,18582.5890769231,18582.5890769231,566477.204461538,-1966740.30769231,1411481.07692308,1171274.89676923,2582755.97369231,-2533217.51215385,49538.4615384615,0,17.6923076923077,0,0,0,49538.4615384615,0,0,0,0,0,0,512.692307692308,0,0,512.692307692308,0,0,0,0,0,0,5.76923076923077,10.7692307692308,14.2307692307692,0,12.3076923076923,1.53846153846154,44.6153846153846,9.23076923076923,0,0,0,0,0,0,0,1.92307692307692,3.07692307692308,14.2307692307692,0,0,0,0,0,0,0,12.3076923076923,0,0,0,0,0,0,0,0,0.384615384615385,16.75
3,0,0,0,682000,0,1247000,0,0,0,0,0,34,4,289401,2,6,0,0,6,0,0,0,0,0,0,6,0,0,6,0,6,0,0,6,0,0,0,0,0,0,6,0,0,6,0,20,2,150,321500,321500,0,0,0,0,113666.666666667,0,207833.333333333,0,0,0,0,0,534666.666666667,101666.666666667,0,0,1000,0,0,103833.333333333,18315.2777777778,22359.4736842105,40674.7514619883,10944.4444444444,0,84666.6666666667,84666.6666666667,2907058.5,470916.666666667,42333.3333333333,3420308.5,1965171.8000446,28294.0612397661,74417.3877666667,102711.449006433,3046201.6782016,1417011.53328873,4823995.3625731,187378.115673099,5011373.4782462,-1629190.14491286,3382183.33333333,152,373.166666666667,260.5,95.5,851633.333333333,1519866.66666667,903066.666666667,107616.666666667,0,0,0,0,177.833333333333,0,400,577.833333333333,0,0,0,0,0,0,68.1666666666667,62,12.8333333333333,11.5,32,1.83333333333333,188.333333333333,19.1666666666667,0,0,0,0,0,34.8333333333333,0,0,75.6666666666667,23,0,0,0,4.5,0,0,0,30.3333333333333,0,0,0,0,0,0,0,0,0.833333333333333,7.3
3,0,0,0,744000,0,0,0,0,0,0,0,34,4,289401,2,6,0,0,6,0,0,0,0,0,0,6,0,0,6,0,6,0,0,6,0,0,0,0,0,0,6,0,0,6,0,23.6666666666667,2,362.166666666667,124000,124000,0,0,0,0,124000,0,0,0,0,0,0,0,9500,22833.3333333333,2683.33333333333,0,0,0,0,5616.66666666667,28750,0,28750,101101.388888889,0,160000,160000,790364.666666667,185355.666666667,0,975720.333333333,929241.388888889,15549.1346944444,18929.8708666667,34479.0055611111,824843.672227778,541708.611111111,1559606.05555556,194479.005561111,1754085.06111667,-283135.061116667,1470950,68.5,232.666666666667,215.333333333333,43.3333333333333,306066.666666667,747316.666666667,378566.666666667,39000,0,0,0,0,177.833333333333,0,0,177.833333333333,0,0,0,0,0,0,12.5,4.66666666666667,8,2.66666666666667,21.1666666666667,0,49,1.5,0,0,0,0,0,2.33333333333333,0,0,21.1666666666667,2.16666666666667,0,0,0,3,3.83333333333333,0,0,15,0,0,0,0,0,0,0,0,0,7.3
3,0,0,0,7608000,0,0,0,0,0,0,0,34,4,289401,2,14.42,0,0,14.42,0,0,0,0,0,0,14.42,0,0,14.42,0,14.42,0,0,14.42,0,0,0,0,0,0,14.42,0,0,14.42,0,22.5,2,256.934812760055,527600.554785021,527600.554785021,0,0,0,0,527600.554785021,0,0,0,0,0,0,0,0,9153.95284327323,2233.00970873786,0,19140.0832177531,18307.9056865465,0,29396.6712898752,36932.5011558021,4951.45631067961,41883.9574664817,25039.8751733703,0,131761.442441054,131761.442441054,460348.196948682,800138.696255201,27947.2954230236,1288434.18862691,1911797.68440497,20679.7541030975,31444.8216782247,52124.5757813222,522679.532615369,313112.163029146,2250591.19879797,183886.018222376,2434477.21702034,-209567.369586223,2224909.84743412,191.400832177531,374.895977808599,234.743411927878,114.909847434119,669542.302357836,1020395.28432732,431553.398058252,103418.862690707,0,0,0,0,554.785020804438,0,0,554.785020804438,0,0,0,0,0,0,11.5117891816921,7.00416088765603,25.8668515950069,14.3550624133148,6.24133148404993,5.0624133148405,70.0416088765603,0,0,0,0,0,0,0,0,0,30.374479889043,6.31067961165048,0,0,0,0,13.5922330097087,0,0,4.78502080443828,0,0,0,0,0,0,0,0,14.9791955617198,1.6875
3,0,0,0,765000,0,0,0,0,0,0,0,34,4,289401,2,7,0,0.5,6.5,0,0,0,0,0,0,7,0,0.5,6.5,0,7,0,0.5,6.5,0,0,0,0,0,0,7,0,0.5,6.5,0,26.6666666666667,2,385.714285714286,109285.714285714,109285.714285714,0,0,0,0,109285.714285714,0,0,0,0,0,0,0,12714.2857142857,51000,0,0,2571.42857142857,77857.1428571429,0,29742.8571428571,28228.5714285714,0,28228.5714285714,44404.7619047619,0,362285.714285714,362285.714285714,2032218.57142857,170142.857142857,19857.1428571429,2222218.57142857,1179168.3917202,8948.84261904762,41807.6454285714,50756.488047619,2101298.14394647,120827.179708373,2867424.33333333,413042.202333333,3280466.53566667,-1980470.9642381,1299995.57142857,148.714285714286,148.857142857143,148.857142857143,74.4285714285714,578038.428571429,401914.285714286,253057.142857143,66985.7142857143,0,0,0,0,190.428571428571,0,0,190.428571428571,0,0,0,0,0,0,40,35.2857142857143,3.71428571428571,6.57142857142857,33.5714285714286,0,119.142857142857,8.42857142857143,0,0,0,0,0,0,1.28571428571429,3,59.7142857142857,8.71428571428571,0,0,0,10.7142857142857,5.14285714285714,0.857142857142857,0,17.8571428571429,0,0,0,0,0,0,0,0,3.42857142857143,7.3
3,0,0,0,794000,0,0,106000,0,0,0,2662000,34,4,289401,2,13.6,0,0,13.6,0,13.6,0,0,13.6,0,0,0,0,0,0,13.6,0,0,13.6,0,13.6,0,0,13.6,0,0,0,0,0,0,15,2,250,261911.764705882,58382.3529411765,203529.411764706,0,0,0,58382.3529411765,0,0,7794.11764705882,0,0,0,195735.294117647,18308.8235294118,47794.1176470588,1022.05882352941,0,1176.47058823529,11617.6470588235,0,27647.0588235294,90745.0980392157,54434.2105263158,145179.308565532,48272.0588235294,117647.058823529,0,117647.058823529,1056925.07352941,404545.882352941,26764.7058823529,1488235.66176471,1264284.85786017,80912.5284791022,30838.0458088235,111750.574287926,1305678.74558152,1301362.20096336,2340565.97033024,229397.633111455,2569963.60344169,-4316.54461816325,2565647.05882353,122.573529411765,471.838235294118,183.823529411765,23.0147058823529,513279.411764706,1604250,418198.529411765,29919.1176470588,0,0,0,0,117.647058823529,0,0,117.647058823529,7.35294117647059,0,0,0,88.2352941176471,95.5882352941177,32.2058823529412,15.2205882352941,12.0588235294118,10.8823529411765,10.2941176470588,0.661764705882353,81.3235294117647,21.1029411764706,0,0,0,0,0,3.38235294117647,0,0,45.5882352941176,6.32352941176471,0,0,0,1.98529411764706,0,0,0,0,0,0,0,0,0,0,0,0,2.94117647058824,1.6875
3,0,0,0,814000,0,0,263000,0,0,0,0,34,4,289401,1,6,0,0,6,0,6,0,0,6,0,0,0,0,0,0,6,0,0,6,0,6,0,0,6,0,0,0,0,0,0,20,2,400,179500,135666.666666667,43833.3333333333,0,0,0,135666.666666667,0,0,43833.3333333333,0,0,0,0,0,28666.6666666667,2033.33333333333,0,99333.3333333333,80666.6666666667,428000,163416.666666667,33152.7777777778,8925,42077.7777777778,100298.611111111,537793.833333333,0,537793.833333333,1139620.66666667,611435.666666667,26333.3333333333,1777389.66666667,2034024.82286845,31862.5126388889,45799.5051333333,77662.0177722222,1772214.75045932,6416091.84379821,3190783.72222222,615455.851105556,3806239.57332778,4643877.09333889,8450116.66666667,564.333333333333,1414.66666666667,1117.16666666667,656.666666666667,1967333.33333333,3980133.33333333,1911650,591000,0,0,0,0,155.5,0,0,155.5,166.333333333333,0,0,0,0,166.333333333333,40.8333333333333,17.1666666666667,11,7.66666666666667,5.83333333333333,12.3333333333333,94.8333333333333,0,0,0,0,0,0,0,0,2.66666666666667,41.8333333333333,10,0,0,0,0,13.5,0,0,13.8333333333333,0,0,0,0.333333333333333,0,0,0,0,12.6666666666667,7.3
3,0,0,0,878000,0,0,0,0,0,0,976000,34,4,289401,2,13.6,0,0,13.6,0,0,0,0,0,0,13.6,0,0,13.6,0,13.6,0,0,13.6,0,0,0,0,0,0,13.6,0,0,13.6,0,19,2,161.029411764706,136323.529411765,64558.8235294118,71764.7058823529,0,0,0,64558.8235294118,0,0,0,0,0,0,71764.7058823529,84338.2352941177,69264.7058823529,0,35955.8823529412,55147.0588235294,31985.2941176471,0,0,26796.3235294118,3307.5,30103.8235294118,125712.316176471,0,212573.529411765,212573.529411765,1033382.05882353,799144.117647059,53308.8235294118,1885835,1893196.87284234,17700.6799966911,38160.9051176471,55861.5851143382,1119305.087272,1006766.36245178,2744066.84558824,268435.114526103,3012501.96011434,-112538.72482022,2899963.23529412,222.941176470588,448.897058823529,242.058823529412,242.058823529412,573367.647058823,1262338.23529412,569455.882352941,494801.470588235,0,0,0,0,98.0147058823529,0,0,98.0147058823529,0,0,0,0,73.5294117647059,73.5294117647059,33.8970588235294,23.2352941176471,28.4558823529412,3.52941176470588,2.79411764705882,9.33823529411765,101.25,0,0,0,0,0,0,0,6.54411764705882,2.20588235294118,52.7205882352941,3.30882352941176,0,0,0,4.04411764705882,8.82352941176471,0,0,10.0735294117647,0,0,0,2.94117647058824,0,0,0,0,10.5882352941176,1.6875
3,0,0,0,899000,0,0,0,0,0,0,0,34,3,289401,2,3,0,0,3,0,3,0,0,3,0,0,0,0,0,0,3,0,0,3,0,3,0,0,3,0,0,0,0,0,0,29,2,350,299666.666666667,299666.666666667,0,0,0,0,299666.666666667,0,0,0,0,0,0,0,15666.6666666667,51000,0,0,0,132000,0,0,137186.111111111,0,137186.111111111,0,291200,0,291200,2173382.66666667,0,0,2173382.66666667,924920.444444444,23815.8908888889,44350.4856,68166.3764888889,2532749.04315556,2558312.88888889,3098303.11111111,359366.376488889,3457669.4876,25563.8457333338,3483233.33333333,242.666666666667,694.666666666667,295,138.666666666667,825066.666666667,2014533.33333333,518833.333333333,124800,0,0,0,0,444.333333333333,0,0,444.333333333333,0,0,0,0,0,0,74,12.6666666666667,0,0,26.3333333333333,0,113,0,0,0,0,0,0,4.66666666666667,0,8.66666666666667,68,3.66666666666667,0,0,0,2,8.33333333333333,0,0,17.6666666666667,0,0,0,0,0,0,0,0,0,16.3541666666667
3,0,0,0,940000,0,0,0,0,0,0,0,34,4,289401,2,13.68,0,0,13.68,0,6.17,0,0,6.17,0,7.51,0,0,7.51,0,13.68,0,0,13.68,0,6.17,0,0,6.17,0,7.51,0,0,7.51,0,26.5,2,193.713450292398,68713.4502923977,68713.4502923977,0,0,0,0,68713.4502923977,0,0,0,0,0,0,0,222295.321637427,15350.8771929825,73.0994152046784,0,657.894736842105,20248.5380116959,0,0,47693.7134502924,5219.29824561404,52913.0116959064,54311.0380116959,21941.3011695906,94809.9415204678,116751.242690058,313303.289473684,59692.6900584795,1754.38596491228,374750.365497076,878747.627040796,12632.8174098441,11654.6864766082,24287.5038864522,361005.716026942,2052663.19167265,1098714.59649123,141038.746576511,1239753.34306774,1691657.47564571,2931410.81871345,94.7368421052632,761.184210526316,287.865497076023,129.166666666667,322105.263157895,2003684.21052632,489371.34502924,116250,0,0,0,0,107.236842105263,0,0,107.236842105263,0,0,0,0,0,0,6.28654970760234,4.09356725146199,2.04678362573099,0,5.92105263157895,0.950292397660819,19.2982456140351,0,0,0,0,0,0,6.28654970760234,0,0,3.80116959064327,3.28947368421053,0,0,0,2.85087719298246,0,1.82748538011696,0,1.24269005847953,0,0,0,0,0,0,0,0,0,1.6875
3,0,0,0,992000,0,1765000,0,0,0,0,0,34,4,289401,2,13.5,0,0,13.5,0,9,0,0,9,0,4.5,0,0,4.5,0,13.5,0,0,13.5,0,9,0,0,9,0,4.5,0,0,4.5,0,20,2,266.666666666667,204222.222222222,204222.222222222,0,0,0,0,73481.4814814815,0,130740.740740741,0,0,0,0,0,0,10592.5925925926,2555.55555555556,0,5333.33333333333,40148.1481481481,475555.555555556,37770.3703703704,6359.25925925926,3966.66666666667,10325.9259259259,17830.8641975309,239019.481481481,46888.8888888889,285908.37037037,708793.185185185,808185.185185185,22444.4444444444,1539422.81481481,1960767.14106957,10365.234691358,38438.969837037,48804.2045283951,1007103.81654525,-572722.696625122,2633158.38271605,334712.574898765,2967870.95761481,-1579826.51317037,1388044.44444444,115.703703703704,254.592592592593,113.851851851852,44.4444444444444,409592.592592593,729459.259259259,208992.592592593,40000,0,0,0,0,79.037037037037,0,296.296296296296,375.333333333333,0,0,0,0,0,0,10.7407407407407,4.66666666666667,19.7037037037037,15.3333333333333,19.1111111111111,8,77.5555555555556,0,0,0,0,0,0,0,0,0,28.5925925925926,6.59259259259259,0,0,0,0,23.3333333333333,0,0,3.77777777777778,0,0,0,0.148148148148148,0,0,0,0,15.1111111111111,1.6875
3,100000,0,0,1395000,0,0,844000,0,0,0,0,34,4,289401,2,7,0,0,7,0,0,0,0,0,0,7,0,0,7,0,7,0,0,7,0,0,0,0,0,0,7,0,0,7,0,16.6666666666667,2,114.285714285714,334142.857142857,213571.428571429,120571.428571429,14285.7142857143,0,0,199285.714285714,0,0,120571.428571429,0,0,0,0,26571.4285714286,49428.5714285714,0,0,0,0,0,0,16782.8571428571,4855.2,21638.0571428571,179761.904761905,0,101714.285714286,101714.285714286,1785412,3543285.71428571,138000,5466697.71428571,4637706.09470843,35582.6027428571,97555.5534857143,133138.156228571,1964787.88056776,-2505177.52327986,6367641.53333333,234852.441942857,6602493.97527619,-4469965.40384762,2132528.57142857,74.8571428571429,372.714285714286,223.142857142857,163.714285714286,320242.857142857,1174028.57142857,490914.285714286,147342.857142857,0,19,0,0,342.857142857143,0,0,361.857142857143,1200,0,0,0,0,1200,46.8571428571429,0,99.8571428571429,69.8571428571429,39.7142857142857,0,256.285714285714,0,0,0,0,0,0,19.7142857142857,0,0,58.4285714285714,1.71428571428571,0,0,0,0,147.714285714286,7.85714285714286,0,20.8571428571429,0,0,0,0,0,0,0,0,0,7.3
3,119000,0,0,454000,0,0,0,0,0,0,0,34,4,289401,2,6,0,0,6,0,6,0,0,6,0,0,0,0,0,0,6,0,0,6,0,6,0,0,6,0,0,0,0,0,0,37,2,366.666666666667,95500,95500,0,19833.3333333333,0,0,75666.6666666667,0,0,0,0,0,0,0,13000,29833.3333333333,0,0,0,0,0,41433.3333333333,27359.7222222222,3391.5,30751.2222222222,64993.0555555556,242650,0,242650,2030759.16666667,0,0,2030759.16666667,564911.944444444,12451.1952,36694.7288333333,49145.9240333333,2322555.0907,1430904.72222222,2595671.11111111,291795.924033333,2887467.03514444,-891650.368477778,1995816.66666667,86.8333333333333,269,344.666666666667,173.666666666667,295233.333333333,726300,817983.333333333,156300,0,24,0,0,133.333333333333,0,0,157.333333333333,0,0,0,0,0,0,55.3333333333333,39.6666666666667,0,0,18.6666666666667,0,113.666666666667,0,0,0,0,0,0,0,0,6,41.3333333333333,7.5,0,0,0,7,31,0,0,20.8333333333333,0,0,0,0,0,0,0,0,0,7.3
3,168000,0,0,0,0,0,306000,0,0,0,0,34,3,289401,1,3.19,0,0.52,2.67,0,2.92,0,0.52,2.4,0,0.27,0,0,0.27,0,3.19,0,0.52,2.67,0,2.92,0,0.52,2.4,0,0.27,0,0,0.27,0,27,1,626.959247648903,148589.34169279,52664.5768025078,95924.7648902821,52664.5768025078,0,0,0,0,0,95924.7648902821,0,0,0,0,23197.4921630094,49216.3009404388,24514.1065830721,0,0,0,0,0,30909.0909090909,19136.9905956113,50046.0815047022,119529.780564263,661724.137931035,32915.3605015674,694639.498432602,3023597.49216301,4035252.6645768,252978.056426332,7311828.21316614,4917279.21964015,47198.9923134796,125451.934545455,172650.926858934,3966333.52226581,13426600.0907047,8016322.31661442,867290.425291536,8883612.74190596,9460266.56843887,18343879.3103448,1437.30407523511,1062.69592476489,767.398119122257,979.623824451411,10153072.1003135,4979310.34482759,2189749.21630094,1021747.64890282,0,69.9059561128527,0,0,0,0,0,69.9059561128527,1128.52664576802,0,0,0,0,1128.52664576802,109.404388714734,0,162.69592476489,57.9937304075235,42.9467084639498,0,373.040752351097,0,0,0,0,0,0,0,0,16.6144200626959,185.8934169279,2.50783699059561,0,0,0,0,33.2288401253918,43.2601880877743,0,16.3009404388715,0,0,0,0,0,0,0,0,57.6802507836991,16.3541666666667
3,183000,0,0,1332000,0,0,0,0,0,0,8075000,99,4,264842,1,6,0,0,6,0,6,0,0,6,0,0,0,0,0,0,6,0,0,6,0,6,0,0,6,0,0,0,0,0,0,23,2,300,1598333.33333333,252500,1345833.33333333,30500,0,0,222000,0,0,0,0,0,0,1345833.33333333,133333.333333333,179833.333333333,2300,0,2333.33333333333,40333.3333333333,46333.3333333333,0,257687.5,29593.4210526316,287280.921052632,36472.2222222222,322637.5,0,322637.5,1812212.5,1801799,105666.666666667,3719678.16666667,4445875.24136581,94418.3548976608,94993.1375666667,189411.492464327,2377247.06104004,9630591.42530086,6311073.30994152,512048.992464327,6823122.30240585,7253344.36426082,14076466.6666667,1118.5,2259.16666666667,894.666666666667,223.666666666667,4585850,7455250,1789333.33333333,246033.333333333,0,44.5,0,0,266.666666666667,0,0,311.166666666667,0,0,0,0,1833.96666666667,1833.96666666667,35.8333333333333,32.6666666666667,46.1666666666667,54.3333333333333,29,6.16666666666667,204.166666666667,0,0,0,0,0,0,1.66666666666667,0,0,120.333333333333,25.1666666666667,0,0,0,0,30.8333333333333,0,0,14.1666666666667,0,0,0,0,0,0,0,0,12,6.90909090909091
3,376000,0,0,2324000,0,0,0,0,0,0,0,34,4,289401,2,14.38,0,0,14.38,0,14.38,0,0,14.38,0,0,0,0,0,0,14.38,0,0,14.38,0,14.38,0,0,14.38,0,0,0,0,0,0,33,2,312.934631432545,187760.778859527,187760.778859527,0,26147.4269819193,0,0,161613.351877608,0,0,0,0,0,0,0,20792.7677329624,28581.3630041725,0,1321.27955493741,0,0,0,1265.64673157163,74854.6302735281,5896.21001390821,80750.8402874363,27118.1038479369,117913.769123783,0,117913.769123783,1094145.06258693,137343.532684284,8831.7107093185,1240320.30598053,775320.281912548,26667.4842304126,24568.6995549374,51236.18378535,1271141.75699566,1790340.35786492,1877312.08599907,169149.952909133,2046462.03890821,519198.600869263,2565660.63977747,72.461752433936,436.43949930459,410.709318497914,184.700973574409,246369.958275382,1308901.25173853,813018.080667594,197371.349095967,0,38.6648122392211,0,0,231.780250347705,0,0,270.445062586926,0,0,0,0,0,0,25.7997218358832,18.3588317107093,6.53685674547983,0,15.0208623087622,0.90403337969402,66.6203059805285,0,0,0,0,10.5702364394993,0,0.347705146036161,0,2.1557719054242,17.3852573018081,4.03337969401947,0,0,0,5.70236439499305,4.72878998609179,0.62586926286509,0,10.4311543810848,0,0,0,0.417246175243394,0,0,0,0,10.2225312934631,1.6875
3,45000,0,0,279000,0,0,0,0,0,0,0,34,3,289401,1,4,0,0,4,0,4,0,0,4,0,0,0,0,0,0,4,0,0,4,0,4,0,0,4,0,0,0,0,0,0,20,2,500,81000,81000,0,11250,0,0,69750,0,0,0,0,0,0,0,52750,36250,725,0,15000,66000,0,47400,301531.25,0,301531.25,97489.5833333333,291175,0,291175,2037619.75,0,0,2037619.75,987546.833333333,51763.3390625,38789.96285,90553.3019125,2419348.0519125,4300278.16666667,3025166.58333333,381728.3019125,3406894.88524583,1880930.11475417,5287825,664.25,520.75,390.5,221.25,2563275,1633825,891600,199125,0,16.75,0,0,100,0,0,116.75,0,0,0,0,0,0,59.75,37.75,0,0,16.25,0,113.75,2.5,0,0,0,0,0,6.5,0,7.75,64,5.5,0,0,0,7.25,9.25,0,0,8,0,0,0,1.5,0,0,0,0,0,16.3541666666667
3,497000,0,0,0,0,0,803000,0,0,0,0,34,4,289401,2,22.32,0,0,22.32,0,22.32,0,0,22.32,0,0,0,0,0,0,13.88,0,0,13.88,0,13.88,0,0,13.88,0,0,0,0,0,0,23,1,144.092219020173,93659.9423631124,35806.916426513,57853.0259365994,35806.916426513,0,0,0,0,0,57853.0259365994,0,0,0,0,0,9149.85590778098,16570.6051873199,0,0,0,0,0,18900.0960614793,15792.3631123919,34692.4591738713,14946.5658021134,185994.236311239,0,185994.236311239,599330.115273775,388561.239193084,4682.99711815562,992574.351585014,848823.602122548,15782.4159149856,18458.4489337176,34240.8648487032,822406.279056606,615096.210557567,1450994.78001921,220235.101159942,1671229.88117915,-207310.068499039,1463919.81268012,9.43804034582132,486.959654178674,0.216138328530259,0,72672.9106628242,1390778.09798271,468.804034582133,0,0,48.0547550432277,0,0,0,0,0,48.0547550432277,720.461095100865,0,0,0,0,720.461095100865,9.94236311239193,9.22190201729107,3.1700288184438,19.3083573487032,12.1037463976945,0.792507204610951,54.5389048991354,0,0,0,0,0,0,0,0,0,40.5619596541787,1.0806916426513,0,0,0,1.94524495677233,3.38616714697406,1.65706051873199,0,0,0,0,0,0,0,0,0,0,5.90778097982709,1.6875
3,71000,0,0,368000,0,0,0,0,0,0,0,34,4,289401,2,5.7,0,0,5.7,0,5.7,0,0,5.7,0,0,0,0,0,0,5.7,0,0,5.7,0,5.7,0,0,5.7,0,0,0,0,0,0,25,1,174.561403508772,77017.5438596491,77017.5438596491,0,12456.1403508772,0,0,64561.4035087719,0,0,0,0,0,0,0,211754.385964912,10877.1929824561,0,0,0,38596.4912280702,0,0,16183.3333333333,0,16183.3333333333,51081.8713450292,158526.315789474,0,158526.315789474,2093490.87719298,510087.719298246,48596.4912280702,2652175.0877193,1214520.46179323,8201.31251461989,49640.9836491228,57842.2961637427,2348935.05659274,1556286.55575063,3347086.90643275,216368.611953216,3563455.51838597,-792648.500842106,2770807.01754386,109.649122807018,502.456140350877,164.385964912281,54.9122807017544,372807.01754386,2069122.80701754,279456.140350877,49421.052631579,0,23.3333333333333,0,0,140.350877192982,0,0,163.684210526316,0,0,0,0,0,0,54.5614035087719,34.9122807017544,22.9824561403509,0,25.2631578947368,0,137.719298245614,0,0,0,0,0,0,0,0,0,53.859649122807,4.3859649122807,0,0,0,0,76.140350877193,0.87719298245614,0,2.45614035087719,0,0,0,0,0,0,0,0,0,7.3
3,82000,0,0,0,0,0,0,0,0,0,6602000,99,4,264842,1,20.4,0,0,20.4,0,0,0,0,0,0,20.4,0,0,20.4,0,20.4,0,0,20.4,0,0,0,0,0,0,20.4,0,0,20.4,0,18.2,2,230.392156862745,327647.058823529,4019.60784313726,323627.450980392,4019.60784313726,0,0,0,0,0,0,0,0,0,323627.450980392,98088.2352941177,60294.1176470588,18593.137254902,0,931.372549019608,34068.6274509804,0,101960.784313725,19315.5841503268,121500,140815.584150327,10727.1241830065,0,148872.549019608,148872.549019608,1270922.00980392,843602.941176471,112450.980392157,2226975.93137255,2095306.55310684,51814.073694036,47618.0837941177,99432.1574881536,1437942.12644014,7279536.58414806,3284943.97303922,248304.706507761,3533248.67954698,5841594.45770793,9374843.1372549,315.735294117647,1527.05882352941,654.509803921569,138.186274509804,1460916.66666667,5939176.47058824,1733936.2745098,240813.725490196,0,3.82352941176471,0,0,0,0,0,3.82352941176471,0,0,0,0,588.235294117647,588.235294117647,45.1960784313726,19.6078431372549,0,46.6666666666667,6.27450980392157,5.53921568627451,123.28431372549,0,0,0,0,0,0,2.45098039215686,0,20.8823529411765,66.8137254901961,4.2156862745098,0,0,0,9.41176470588235,15.0980392156863,0,0,4.41176470588235,0,0,0,0,0,0,0,0,0,1.88888888888889
3,98000,0,0,0,0,0,79000,0,0,0,1607000,34,3,289401,2,3,0,0,3,0,0,0,0,0,0,3,0,0,3,0,3,0,0,3,0,0,0,0,0,0,3,0,0,3,0,14.3333333333333,2,450,594666.666666667,32666.6666666667,562000,32666.6666666667,0,0,0,0,0,26333.3333333333,0,0,0,535666.666666667,111333.333333333,100333.333333333,42933.3333333333,0,0,363666.666666667,0,5966.66666666667,58722.2222222222,5355,64077.2222222222,164125,0,340000,340000,1735731.33333333,1605666.66666667,131000,3472398,3745120.28669643,47908.1164444444,77875.5468,125783.663244444,1929564.59877023,-2296920.28669643,5208901.22222222,465783.663244444,5674684.88546667,-4226484.88546667,1448200,52,86.6666666666667,399,86.6666666666667,176800,234000,959400,78000,0,59.3333333333333,0,0,0,0,0,59.3333333333333,99.3333333333333,0,0,0,144,243.333333333333,73,4.33333333333333,66.3333333333333,7.66666666666667,13.6666666666667,12.3333333333333,177.333333333333,8.66666666666667,0,0,0,0,0,3,6,10.6666666666667,83.6666666666667,6,0,0,0,18.3333333333333,33.3333333333333,0,0,6,0,0,0,1.66666666666667,0,0,0,0,0,16.3541666666667
4,0,0,0,0,0,0,0,0,0,0,0,34,1,289401,2,1,0,0,1,0,1,0,0,1,0,0,0,0,0,0,1,0,0,1,0,1,0,0,1,0,0,0,0,0,0,7.25,2,470,0,0,0,0,0,0,0,0,0,0,0,0,0,0,317000,20000,0,38000,0,0,0,0,377000,75533.6842105263,452533.684210526,528495,300000,0,300000,1705569,0,0,1705569,1645429.68421053,203800.763389474,34537.4454,238338.208789474,2243907.20878947,338370.315789474,3350998.68421053,538338.208789474,3889336.893,-1905536.893,1983800,104,182,104,0,624000,964600,395200,0,0,0,0,0,0,0,0,0,0,0,0,0,0,0,48,32,0,0,15,0,95,0,0,0,0,0,0,22,4,0,52,0,0,0,0,0,0,0,0,17,0,0,0,0,0,0,0,0,0,28.2903225806452
4,0,0,0,0,0,0,0,0,0,0,0,34,1,289401,2,1.32,0,0,1.32,0,0,0,0,0,0,1.32,0,0,1.32,0,1.32,0,0,1.32,0,0,0,0,0,0,1.32,0,0,1.32,0,5,2,454.545454545455,0,0,0,0,0,0,0,0,0,0,0,0,0,0,18939.3939393939,53787.8787878788,0,17424.2424242424,5303.0303030303,0,0,0,75946.9696969697,7572.72727272727,83519.696969697,310852.272727273,0,71969.696969697,71969.696969697,1739775.75757576,0,0,1739775.75757576,851197.212121212,70617.1633484848,30464.823030303,101081.986378788,1840857.74395455,-536045.696969697,2519003.27272727,173051.683348485,2692054.95607576,-2376903.44092424,315151.515151515,24.2424242424242,78.7878787878788,8.33333333333333,3.78787878787879,82424.2424242424,212727.272727273,15833.3333333333,4166.66666666667,53.030303030303,0,0,0,0,0,0,0,0,0,0,0,0,0,16.6666666666667,15.1515151515152,0,0,52.2727272727273,0,84.0909090909091,0,0,0,0,0,0,6.81818181818182,0,0,30.3030303030303,0,0,0,0,0,0,0,0,45.4545454545455,0,0,0,1.51515151515152,0,0,0,0,0,28.2903225806452
4,0,0,0,0,0,0,0,0,0,0,0,34,1,289401,2,1.48,0,0,1.48,0,1.48,0,0,1.48,0,0,0,0,0,0,1.48,0,0,1.48,0,1.48,0,0,1.48,0,0,0,0,0,0,31.5,2,304.054054054054,0,0,0,0,0,0,0,0,0,0,0,0,0,0,22972.972972973,22972.972972973,0,0,32432.4324324324,0,0,35405.4054054054,132259.290540541,8249.5945945946,140508.885135135,158091.216216216,524594.594594595,0,524594.594594595,896981.756756757,341216.216216216,28378.3783783784,1266576.35135135,1050821.46861409,59536.0183310811,22913.9782432432,82449.9965743243,1524584.35904132,-962799.846992464,1968361.23648649,607044.591168919,2575405.82765541,-2487384.20603378,88021.6216216216,7.43243243243243,10.8108108108108,10.8108108108108,0,29729.7297297297,34843.2432432432,23448.6486486487,0,0,0,0,0,0,0,0,0,0,0,0,0,0,0,9.45945945945946,3.37837837837838,6.75675675675676,0,29.0540540540541,8.78378378378378,57.4324324324324,0,0,0,0,0,0,12.8378378378378,0,0,6.75675675675676,0,0,0,0,0,0,0,0,37.8378378378378,0,0,0,0,0,0,0,0,0,28.2903225806452
4,0,0,0,0,0,0,0,0,0,0,0,34,2,289401,2,2.6,0,0,2.6,0,0,0,0,0,0,2.6,0,0,2.6,0,2.6,0,0,2.6,0,0,0,0,0,0,2.6,0,0,2.6,0,22.3333333333333,2,134.615384615385,0,0,0,0,0,0,0,0,0,0,0,0,0,0,37692.3076923077,3846.15384615385,0,0,0,0,0,0,58582.0512820513,0,58582.0512820513,0,0,97307.6923076923,97307.6923076923,957875.769230769,0,0,957875.769230769,486829.205128205,634.277487179487,16590.2762307692,17224.5537179487,975100.322948718,1573709.25641026,1347397.28205128,114532.246025641,1461929.52807692,598608.933461539,2060538.46153846,460.384615384615,30,30,0,1907538.46153846,93000,60000,0,0,0,0,0,0,0,0,0,0,0,0,0,0,0,0,60.3846153846154,0,0,3.46153846153846,0,63.8461538461538,0,0,0,0,0,0,4.61538461538461,0,0,10,0,0,0,0,0,0,0,0,49.2307692307692,0,0,0,0,0,0,0,0,0,16.3541666666667
4,0,0,0,0,0,0,0,0,0,0,0,34,2,289401,2,2.71,0,0,2.71,0,0,0,0,0,0,2.71,0,0,2.71,0,2.71,0,0,2.71,0,0,0,0,0,0,2.71,0,0,2.71,0,26.4,2,173.431734317343,0,0,0,0,0,0,0,0,0,0,0,0,0,0,0,41328.4132841328,10221.4022140221,9225.09225092251,23985.2398523985,160885.608856089,0,325793.357933579,690506.457564576,13700.36900369,704206.826568266,164683.271832718,0,464575.645756458,464575.645756458,2458104.42804428,3091697.41697417,129889.298892989,5679691.14391144,5358362.32925014,175861.08298893,103768.762287823,279629.845276753,2795264.51848664,854294.497318123,7409421.35670357,744205.49103321,8153626.84773678,-1940970.02116851,6212656.82656827,249.815498154982,1220.29520295203,980.442804428044,240.221402214022,849372.693726937,3172767.52767528,1974317.34317343,216199.26199262,0,0,0,0,0,0,0,0,0,0,0,0,0,0,73.4317343173432,18.8191881918819,104.79704797048,28.7822878228782,35.4243542435424,37.2693726937269,298.523985239852,0,0,0,0,0,0,0,0,0,111.808118081181,0,0,0,0,0,31.7343173431734,43.1734317343173,0,32.1033210332103,0,0,0,0,0,0,0,0,79.7047970479705,16.3541666666667
4,0,0,0,0,0,0,0,0,0,0,0,34,2,289401,2,5,0,0,5,0,5,0,0,5,0,0,0,0,0,0,2.64,0,0,2.64,0,2.64,0,0,2.64,0,0,0,0,0,0,24,2,303.030303030303,0,0,0,0,0,0,0,0,0,0,0,0,0,0,4545.45454545455,18939.3939393939,5227.27272727273,0,28787.8787878788,79924.2424242424,0,0,15801.1363636364,13522.7272727273,29323.8636363636,101034.090909091,366742.424242424,0,366742.424242424,366048.484848485,1885270.45454545,26136.3636363636,2277455.3030303,2464340.42788019,23543.9497727273,40087.0004545455,63630.9502272727,800671.446589506,544409.57211981,2834638.5,430373.374469697,3265011.8744697,-256261.874469697,3008750,339.015151515152,434.090909090909,312.121212121212,79.1666666666667,1301931.81818182,1104962.12121212,530606.060606061,71250,0,0,0,0,0,0,0,0,0,0,0,0,0,0,19.6969696969697,0,38.6363636363636,52.2727272727273,0,17.4242424242424,128.030303030303,0,0,0,0,0,0,0,0,0,110.227272727273,0,0,0,0,0,7.1969696969697,0,0,10.2272727272727,0,0,0,0,0,0,0,0,0.378787878787879,16.3541666666667
4,0,0,0,0,0,0,0,0,0,0,0,34,4,289401,2,13,0,0,13,0,13,0,0,13,0,0,0,0,0,0,5.85,0,0,5.85,0,5.85,0,0,5.85,0,0,0,0,0,0,23,2,256.410256410256,0,0,0,0,0,0,0,0,0,0,0,0,0,0,82905.9829059829,27521.3675213675,2752.13675213675,9572.64957264957,14017.094017094,100341.88034188,0,57247.8632478632,80891.0256410256,32221.5384615385,113112.564102564,36478.6324786325,397179.487179487,0,397179.487179487,708039.145299145,2806165.47008547,99829.0598290598,3614033.67521368,3619232.22143807,61463.6188410256,64879.317982906,126342.936823932,1251675.0487192,-116753.588959433,4347384.84615385,523522.424003419,4870907.27015726,-1368428.63767863,3502478.63247863,338.290598290598,534.188034188034,520.854700854701,133.504273504273,1123487.17948718,1335521.36752137,923316.239316239,120153.846153846,0,0,0,0,0,0,0,0,0,0,0,0,0,0,13.5042735042735,13.1623931623932,135.897435897436,0,11.4529914529915,22.0512820512821,196.068376068376,0,0,0,0,0,0,1.36752136752137,0,0,91.965811965812,0,0,0,0,0,45.2991452991453,0,0,11.965811965812,0,0,0,0.341880341880342,0,0,0,0,45.1282051282051,7.3
4,0,0,0,0,0,0,0,0,0,0,0,34,4,289401,2,29.5,0,0,29.5,0,29.5,0,0,29.5,0,0,0,0,0,0,15,0,0,15,0,15,0,0,15,0,0,0,0,0,0,27,2,200,0,0,0,0,0,0,0,0,0,0,0,0,0,0,0,10200,1073.33333333333,0,8000,0,0,72993.3333333333,39527.2222222222,4069.8,43597.0222222222,23108.8888888889,154420,0,154420,304809.933333333,658400,9466.66666666667,972676.6,1113244.49664773,12445.3146389333,17678.0582266667,30123.3728656,492349.053995646,573982.170018936,1421050.17777778,184543.3728656,1605593.55064338,81633.1160232888,1687226.66666667,119.466666666667,232.6,269.2,137.133333333333,421186.666666667,631840,510780,123420,0,0,0,0,0,0,0,0,0,0,0,0,0,0,8.33333333333333,6.46666666666667,18.2666666666667,5.93333333333333,2.4,9.06666666666667,50.4666666666667,0,0,0,0,0,0,0,0,1.06666666666667,25.1333333333333,0,0,0,0,0,0,0,0,11.4666666666667,0,0,0,0,0,0,0,0,12.8,1.6875
4,0,0,0,0,0,0,0,0,0,0,0,34,4,289401,2,6,0,0,6,0,2.4,0,0,2.4,0,3.6,0,0,3.6,0,6,0,0,6,0,2.4,0,0,2.4,0,3.6,0,0,3.6,0,29,2,362.166666666667,0,0,0,0,0,0,0,0,0,0,0,0,0,0,38333.3333333333,16666.6666666667,1533.33333333333,0,1000,0,0,2166.66666666667,24415.2777777778,25447.8368421053,49863.114619883,0,32266.6666666667,59666.6666666667,91933.3333333333,858366.333333333,21907.5,0,880273.833333333,480538.28128655,38379.1429348304,15603.5656333333,53982.7085681637,944615.708568164,514195.052046784,1279237.94795322,145916.041901497,1425153.98985471,-430420.65652138,994733.333333333,60.8333333333333,152.833333333333,131.833333333333,43.5,217233.333333333,458850,272566.666666667,46083.3333333333,0,0,0,0,0,0,0,0,0,0,0,0,0,0,26.5,20.3333333333333,0,1.5,2.83333333333333,0,51.1666666666667,0,0,0,0,0,0,2.33333333333333,0,0,38.5,0,0,0,0,0,0,0,0,10.3333333333333,0,0,0,0,0,0,0,0,0,7.3
4,0,0,0,0,0,0,0,0,0,0,0,34,4,289401,2,6.5,0,0,0,6.5,6.5,0,0,0,6.5,0,0,0,0,0,6.5,0,0,0,6.5,6.5,0,0,0,6.5,0,0,0,0,0,8.25,2,384.615384615385,0,0,0,0,0,0,0,0,0,0,0,0,0,0,40000,148461.538461538,2369.23076923077,0,186153.846153846,36461.5384615385,0,0,710430.769230769,162415.384615385,872846.153846154,0,300000,0,300000,2269528.46153846,470310.153846154,0,2739838.61538462,2046003.46153846,164459.307179487,52344.5271692308,216803.834348718,2786332.29588718,1006642.69230769,4315531.92307692,516803.834348718,4832335.75742564,-1779689.60357949,3052646.15384615,192.307692307692,480.769230769231,144.153846153846,144.153846153846,826923.076923077,1778846.15384615,317138.461538462,129738.461538462,0,0,0,0,0,0,0,0,0,0,0,0,0,0,40.6153846153846,23.3846153846154,24.6153846153846,0,50.7692307692308,1.38461538461538,140.769230769231,3.69230769230769,0,0,0,0,4.76923076923077,4.46153846153846,7.84615384615385,0,8,0,0,0,0,14.4615384615385,7.84615384615385,0,0,43.5384615384615,0,0,0,0,0,0,0,0,46.1538461538462,7.3
4,0,0,0,0,0,0,0,0,0,0,0,36,1,280285,2,1,0,0,1,0,1,0,0,1,0,0,0,0,0,0,1,0,0,1,0,1,0,0,1,0,0,0,0,0,0,15.3333333333333,2,380,0,0,0,0,0,0,0,0,0,0,0,0,0,0,77000,67000,0,0,0,0,0,8100,171081.666666667,42535.6105263158,213617.277192982,0,300000,0,300000,974457,0,0,974457,646002.277192982,44834.6487777544,18700.8462,63535.4949777544,1337992.49497775,919497.722807018,1620459.27719298,363535.494977754,1983994.77217074,-418494.772170737,1565500,107,162,215,55,502900,534600,473000,55000,0,0,0,0,0,0,0,0,0,0,0,0,0,0,21,21,0,0,12,0,54,0,0,0,0,0,0,12,0,4,38,0,0,0,0,0,0,0,0,0,0,0,0,0,0,0,0,0,0,36.5555555555556
4,0,0,0,0,0,0,0,0,0,0,0,36,1,280285,2,1.22,0,0,1.22,0,1.22,0,0,1.22,0,0,0,0,0,0,1,0,0,1,0,1,0,0,1,0,0,0,0,0,0,21.2857142857143,2,407,0,0,0,0,0,0,0,0,0,0,0,0,0,0,0,322000,4600,0,67000,0,0,22200,290463.333333333,132090,422553.333333333,239193.333333333,105000,0,105000,5553073,0,0,5553073,1357831.66666667,250912.474933333,99083.2918,349995.766733333,6008068.76673333,-435931.666666667,6910904.66666667,454995.766733333,7365900.4334,-6444000.4334,921900,55,269,107,0,137500,591800,192600,0,0,0,0,0,0,0,0,0,0,0,0,0,0,0,51,43,0,0,172,0,266,0,0,0,0,0,0,0,0,31,52,0,0,0,0,78,10,0,0,86,0,0,0,5,0,0,0,0,4,36.5555555555556
4,0,0,0,0,0,0,0,0,0,0,0,36,1,280285,2,2,0,0,2,0,2,0,0,2,0,0,0,0,0,0,1.5,0,0,1.5,0,1.5,0,0,1.5,0,0,0,0,0,0,24,2,76.6666666666667,0,0,0,0,0,0,0,0,0,0,0,0,0,0,0,11333.3333333333,0,0,22000,0,0,533.333333333333,72180,1659.73684210526,73839.7368421053,0,272918.666666667,0,272918.666666667,1528830.66666667,66378,0,1595208.66666667,454369.403508772,5580.76232426901,27042.6505333333,32623.4128576023,1834372.74619094,-23369.4035087719,1983200.07017544,305542.079524269,2288742.14969971,-1857742.14969971,431000,0,267.333333333333,4.66666666666667,0,0,427733.333333333,3266.66666666667,0,0,0,0,0,0,0,0,0,0,0,0,0,0,0,20.6666666666667,19.3333333333333,2,2,37.3333333333333,0,81.3333333333333,0,0,0,0,0,0,0,0,2.66666666666667,24,0,0,0,0,16.6666666666667,0,0,0,37.3333333333333,0,0,0,0.666666666666667,0,0,0,0,0,36.5555555555556
4,0,0,0,0,0,0,0,0,0,0,0,36,1,280285,2,8.32,0,0,8.32,0,8.32,0,0,8.32,0,0,0,0,0,0,1.62,0,0,1.62,0,1.62,0,0,1.62,0,0,0,0,0,0,31.5,2,152.469135802469,0,0,0,0,0,0,0,0,0,0,0,0,0,0,0,6172.83950617284,0,0,0,0,0,0,206522.633744856,17629.6296296296,224152.263374486,0,246913.580246914,0,246913.580246914,259450,0,0,259450,510610.102880658,42336.8176131687,4409.33913580247,46746.1567489712,553109.736995885,-321227.386831276,770060.102880658,293659.736995885,1063719.83987654,-874337.123827161,189382.716049383,0,72.8395061728395,0,0,0,189382.716049383,0,0,0,0,0,0,0,0,0,0,0,0,0,0,0,0,3.08641975308642,3.08641975308642,0,0,6.79012345679012,0,12.962962962963,0,0,0,0,0,0,0,0,0,6.17283950617284,0,0,0,0,0,0,0,0,6.79012345679012,0,0,0,0,0,0,0,0,0,36.5555555555556
4,0,0,0,0,0,0,0,0,0,0,0,36,2,280285,2,2.2,0,0,2.2,0,0,0,0,0,0,2.2,0,0,2.2,0,2,0,0,2,0,0,0,0,0,0,2,0,0,2,0,39,2,90,0,0,0,0,0,0,0,0,0,0,0,0,0,0,0,10000,0,0,0,0,0,0,113310,165648,278958,0,0,63000,63000,275430,0,0,275430,632243,253434.69996,4738.138,258172.83796,533602.83796,-533243,844673,321172.83796,1165845.83796,-1066845.83796,99000,30,0,0,0,99000,0,0,0,0,0,0,0,0,0,0,0,0,0,0,0,0,0,3,0,0,0,9.5,0,12.5,0,0,0,0,0,0,0,0,0,3,0,0,0,0,0,0,0,0,9.5,0,0,0,0,0,0,0,0,0,36.5555555555556
4,0,0,0,0,0,0,0,0,0,0,0,36,2,280285,2,3.88,0,0,3.88,0,3.88,0,0,3.88,0,0,0,0,0,0,2.63,0,0,2.63,0,2.63,0,0,2.63,0,0,0,0,0,0,39,2,114.068441064639,0,0,0,0,0,0,0,0,0,0,0,0,0,0,0,5703.42205323194,0,0,0,0,0,0,105367.553865653,8144.48669201521,113512.040557668,91527.2496831432,228136.882129278,0,228136.882129278,546049.049429658,0,0,546049.049429658,491027.712294043,19261.0304942966,9159.09102661597,28420.1215209125,802606.053079848,143497.002534854,1037076.7617237,256557.00365019,1293633.76537389,-659109.050544994,634524.714828897,0,0,453.231939163498,0,0,0,634524.714828897,0,0,0,0,0,0,0,0,0,0,0,0,0,0,0,14.0684410646388,14.0684410646388,0,0,3.42205323193916,0,31.5589353612167,0,0,0,0,0,0,0,0,2.28136882129278,25.8555133079848,0,0,0,0,0,0,0,0,3.42205323193916,0,0,0,0,0,0,0,0,0,15.5454545454545
4,0,0,0,0,0,0,0,0,0,0,0,36,2,280285,2,7.1,0,0,7.1,0,7.1,0,0,7.1,0,0,0,0,0,0,2.68,0,0,2.68,0,2.68,0,0,2.68,0,0,0,0,0,0,45.6666666666667,2,97.7611940298508,0,0,0,0,0,0,0,0,0,0,0,0,0,0,0,0,0,0,0,0,0,0,53232.5870646766,7992.53731343284,61225.1243781095,81654.2288557214,223880.597014925,0,223880.597014925,37151.8656716418,0,0,37151.8656716418,423164.353233831,19064.517761194,616.720970149254,19681.2387313433,280713.70141791,-384358.383084577,460316.218905473,243561.835746269,703878.054651741,-665072.084502488,38805.9701492537,0,0,24.2537313432836,0,0,0,38805.9701492537,0,0,0,0,0,0,0,0,0,0,0,0,0,0,0,1.11940298507463,1.11940298507463,0,0,0,0,2.23880597014925,0,0,0,0,0,0,0,0,0,2.23880597014925,0,0,0,0,0,0,0,0,0,0,0,0,0,0,0,0,0,0,15.5454545454545
4,0,0,0,0,0,0,0,0,0,0,0,36,3,280285,2,3,0,0,3,0,3,0,0,3,0,0,0,0,0,0,3,0,0,3,0,3,0,0,3,0,0,0,0,0,0,34,2,165.333333333333,0,0,0,0,0,0,0,0,0,0,0,0,0,0,0,10000,0,0,0,0,0,0,108787.777777778,14280,123067.777777778,131300,100000,0,100000,430232.666666667,0,0,430232.666666667,544652.777777778,39967.0803777778,7307.86226666667,47274.9426444444,577507.609311111,-467852.777777778,974885.444444444,147274.942644444,1122160.38708889,-1045360.38708889,76800,0,0,42.6666666666667,0,0,0,76800,0,0,0,0,0,0,0,0,0,0,0,0,0,0,0,4.33333333333333,6,0,0,11.3333333333333,0,21.6666666666667,0,0,0,0,0,0,0,0,0,8.66666666666667,0,0,0,0,0,0,0,0,6.33333333333333,0,0,0,0,0,0,0,0,6.66666666666667,15.5454545454545
4,0,0,0,0,0,0,0,0,0,0,0,36,4,280285,2,20.18,0,0,20.18,0,20.18,0,0,20.18,0,0,0,0,0,0,13.66,0,0,13.66,0,13.66,0,0,13.66,0,0,0,0,0,0,11.8333333333333,2,102.489019033675,0,0,0,0,0,0,0,0,0,0,0,0,0,0,0,15373.3528550512,424.597364568082,0,0,0,0,3997.07174231332,3637.50610053685,11760.6149341142,15398.1210346511,32441.4348462665,8052.70863836018,0,8052.70863836018,128105.710102489,61127.3792093704,0,189233.089311859,409046.957052221,20474.0369497316,3469.86664714495,23943.9035968765,160102.322337726,-338285.610053685,537152.66715471,31996.6122352367,569149.279389946,-498387.932391411,70761.3469985359,0,39.311859443631,0,0,0,70761.3469985359,0,0,0,0,0,0,0,0,0,0,0,0,0,0,0,0,1.97657393850659,0,3.36749633967789,0,3.95314787701318,0,9.29721815519766,0,0,0,0,0,0,0,0,3.07467057101025,0.366032210834553,0,0,0,0,4.68521229868228,0.732064421669107,0,0,0,0,0,0,0.146412884333821,0,0,0,0,0.292825768667643,15.5454545454545
4,0,0,0,0,0,0,0,0,0,0,0,36,4,280285,2,5.87,0,0,5.87,0,5.87,0,0,5.87,0,0,0,0,0,0,5.67,0,0,5.67,0,5.67,0,0,5.67,0,0,0,0,0,0,18,2,250.440917107584,0,0,0,0,0,0,0,0,0,0,0,0,0,0,0,72310.405643739,1022.92768959436,0,12874.7795414462,0,0,5396.8253968254,73065.2557319224,122269.698269698,195334.954001621,11576.7195767196,36155.2028218695,0,36155.2028218695,2178536.50793651,0,0,2178536.50793651,578801.611849945,60112.126362553,37684.3480070547,97796.4743696077,2312488.18512798,405942.656227656,2757338.11978645,133951.677191477,2891289.79697793,-1906545.52890033,984744.268077601,189.417989417989,0,378.659611992945,0,492486.772486772,0,492257.495590829,0,0,0,0,0,0,0,0,0,0,0,0,0,0,0,42.3280423280423,11.4638447971781,0,0,53.0864197530864,0,106.878306878307,0,0,0,0,0,0,0,0,21.6931216931217,17.989417989418,0,0,0,0,20.2821869488536,1.7636684303351,2.82186948853615,0,38.9770723104056,0,0,0,2.64550264550265,0,0,0,0,0.705467372134039,15.5454545454545
4,0,0,0,0,0,0,0,0,0,0,0,36,4,280285,2,8.01,0,0,8.01,0,8.01,0,0,8.01,0,0,0,0,0,0,5.6,0,0,5.6,0,5.6,0,0,5.6,0,0,0,0,0,0,17.5,2,107.142857142857,0,0,0,0,0,0,0,0,0,0,0,0,0,0,0,0,0,0,0,0,0,0,71463.6904761905,15300,86763.6904761905,0,142857.142857143,0,142857.142857143,183967.142857143,29867.1428571429,0,213834.285714286,396915.833333333,16446.8452380952,3549.64914285714,19996.4943809524,346820.780095238,-157487.261904762,580882.976190476,162853.637238095,743736.613428571,-504308.042,239428.571428571,0,0,149.642857142857,0,0,0,239428.571428571,0,0,0,0,0,0,0,0,0,0,0,0,0,0,0,4.28571428571429,7.14285714285714,1.60714285714286,0,0,0,13.0357142857143,0,0,0,0,0,0,0,0,0,13.0357142857143,0,0,0,0,0,0,0,0,0,0,0,0,0,0,0,0,0,0,15.5454545454545
4,0,0,0,0,0,0,0,0,0,0,0,38,1,292048,2,1,0,0,1,0,1,0,0,1,0,0,0,0,0,0,1,0,0,1,0,1,0,0,1,0,0,0,0,0,0,5.5,2,400,0,0,0,0,0,0,0,0,0,0,0,0,0,0,0,10000,0,0,0,0,0,0,310616.666666667,0,310616.666666667,0,265494,0,265494,1706064,0,0,1706064,612664.666666667,-8110.48333333333,28486.6624,20376.1790666667,1991934.17906667,329335.333333333,2318728.66666667,285870.179066667,2604598.84573333,-1662598.84573333,942000,44,84,140,140,180400,285600,280000,196000,0,0,0,0,0,0,0,0,0,0,0,0,0,0,65,0,0,0,22,0,87,0,0,0,0,0,0,0,14,0,32,0,0,0,0,18,0,0,0,22,0,0,0,0,0,0,0,0,1,32.1666666666667
4,0,0,0,0,0,0,0,0,0,0,0,38,2,292048,2,2.75,0,0,2.75,0,2.75,0,0,2.75,0,0,0,0,0,0,2.75,0,0,2.75,0,2.75,0,0,2.75,0,0,0,0,0,0,30,2,247.272727272727,0,0,0,0,0,0,0,0,0,0,0,0,0,0,0,29454.5454545455,0,0,5090.90909090909,0,0,0,76221.2121212121,21920.7272727273,98141.9393939394,0,300000,0,300000,1506529.09090909,388181.818181818,0,1894710.90909091,812917.212121212,35802.2487975758,32025.6556363636,67827.9044339394,1874356.99534303,363228.242424242,2319446.3030303,367827.904433939,2687274.20746424,-1511128.75291879,1176145.45454545,17.8181818181818,126.545454545455,309.090909090909,217.818181818182,62363.6363636364,379636.363636364,494545.454545455,239600,0,0,0,0,0,0,0,0,0,0,0,0,0,0,24.3636363636364,24.3636363636364,22.1818181818182,0,30.1818181818182,0,101.090909090909,0,0,0,0,0,0,0,0,0,70.9090909090909,0,0,0,0,0,0,0,0,30.1818181818182,0,0,0,0,0,0,0,0,0,16.75
4,0,0,0,0,0,0,0,0,0,0,0,38,2,292048,2,3.39,0,0,3.39,0,0,0,0,0,0,3.39,0,0,3.39,0,2.6,0,0,2.6,0,0,0,0,0,0,2.6,0,0,2.6,0,22,2,123.076923076923,0,0,0,0,0,0,0,0,0,0,0,0,0,0,0,5769.23076923077,0,0,0,0,0,0,48327.5641025641,0,48327.5641025641,84166.6666666667,0,89230.7692307692,89230.7692307692,346185.384615385,0,0,346185.384615385,519542.230769231,15481.1482948718,5842.44661538462,21323.5949102564,367508.979525641,-87849.9230769231,776496.846153846,110554.364141026,887051.210294872,-455358.902602564,431692.307692308,7.69230769230769,81.1538461538461,41.9230769230769,28.8461538461538,31538.4615384615,275923.076923077,83846.1538461538,40384.6153846154,0,0,0,0,0,0,0,0,0,0,0,0,0,0,10.7692307692308,10,0,0,0,0,20.7692307692308,0,0,0,0,0,0,0,0,0,20,0,0,0,0,0,0,0,0,0,0,0,0,0,0,0,0,0,0.769230769230769,16.75
4,0,0,0,0,0,0,0,0,0,0,0,38,3,292048,2,3,0,0,3,0,3,0,0,3,0,0,0,0,0,0,3,0,0,3,0,3,0,0,3,0,0,0,0,0,0,21.75,2,206.666666666667,0,0,0,0,0,0,0,0,0,0,0,0,0,0,0,119000,0,0,44000,0,0,6500,77308.3333333333,47600,124908.333333333,45591.6666666667,265494,0,265494,3535327.66666667,275000,24666.6666666667,3834994.33333333,908828.249345135,94726.9547222222,66474.6059333333,161201.560655556,3984909.64464375,-160487.582678468,4467042.33333333,426695.560655556,4893737.89398889,-4145397.22732222,748340.666666667,0,54.3333333333333,418.333333333333,0,0,162674,585666.666666667,0,0,0,0,0,0,0,0,0,0,0,0,0,0,0,52.3333333333333,51.6666666666667,0,0,78.3333333333333,8.66666666666667,191,0,0,0,0,0,0,0,0,10.3333333333333,85.3333333333333,0,0,0,0,8.33333333333333,0,0,0,87,0,0,0,0,0,0,0,0,0,16.75
4,0,0,0,0,0,0,0,0,0,0,0,99,1,264842,2,1,0,1,0,0,1,0,1,0,0,0,0,0,0,0,1,0,1,0,0,1,0,1,0,0,0,0,0,0,0,50,2,30,0,0,0,0,0,0,0,0,0,0,0,0,0,0,0,50000,0,0,0,0,0,0,0,1972.89473684211,1972.89473684211,0,100000,0,100000,1198450,0,0,1198450,316814.894736842,2468.3714668421,20724.27,23192.6414668421,1321642.64146684,228385.105263158,1515264.89473684,123192.641466842,1638457.53620368,-1093257.53620368,545200,0,94,94,0,0,310200,235000,0,0,0,0,0,0,0,0,0,0,0,0,0,0,0,36,22,0,0,9,0,67,0,0,0,0,0,0,0,0,11,44,0,0,0,0,0,0,0,0,9,0,0,0,3,0,0,0,0,0,27.125
4,0,0,0,0,0,0,0,0,0,0,0,99,1,264842,2,1,0.3,0.7,0,0,1,0.3,0.7,0,0,0,0,0,0,0,1,0.3,0.7,0,0,1,0.3,0.7,0,0,0,0,0,0,0,25,2,70,0,0,0,0,0,0,0,0,0,0,0,0,0,0,31000,30000,0,0,36000,0,0,0,950,1409.21052631579,2359.21052631579,0,200000,0,200000,1000989,0,0,1000989,364201.210526316,1896.52815789474,18226.6174,20123.1455578947,1221112.14555789,14968.7894736842,1365190.21052632,220123.145557895,1585313.35608421,-1206143.35608421,379170,0,66,66,0,0,227898,151272,0,0,0,0,0,0,0,0,0,0,0,0,0,0,0,28,25,0,0,5,0,58,0,0,0,0,0,0,0,0,10,38,0,0,0,0,0,0,0,0,9,0,0,0,1,0,0,0,0,0,27.125
4,0,0,0,0,0,0,0,0,0,0,11092000,34,4,289401,1,13.5,0,0,13.5,0,13.5,0,0,13.5,0,0,0,0,0,0,13.5,0,0,13.5,0,13.5,0,0,13.5,0,0,0,0,0,0,30,2,311.111111111111,821629.62962963,0,821629.62962963,0,0,0,0,0,0,0,0,0,0,821629.62962963,0,52592.5925925926,5962.96296296296,0,5629.62962962963,0,0,50962.962962963,84387.7777777778,37022.2222222222,121410,48629.6296296296,296296.296296296,0,296296.296296296,1053796.07407407,402043.185185185,66666.6666666667,1522505.92592593,1816672.19585245,47162.8192765432,40824.1094814815,87986.9287580247,1486335.3625352,3107735.21155496,2918724.33333333,384283.225054321,3303007.55838765,1621399.84901975,4924407.40740741,77.1851851851852,543.851851851852,200.592592592593,38.5925925925926,293303.703703704,3406725.92592593,1181925.92592593,42451.8518518519,0,0,0,0,0,0,0,0,0,0,0,0,370.37037037037,370.37037037037,14.8888888888889,13.2592592592593,12.962962962963,10.2962962962963,25.1851851851852,0.296296296296296,76.8888888888889,9.25925925925926,0,0,0,0,0,0,0,0,40.6666666666667,8.22222222222222,0,0,0,0.962962962962963,0,0,0,17.7777777777778,0,0,0,0,0,0,0,0,0,1.6875
4,0,0,0,0,0,0,0,0,0,0,1207000,99,4,264842,2,17,0,0,17,0,0,0,0,0,0,17,0,0,17,0,14,0,0,14,0,0,0,0,0,0,14,0,0,14,0,30,1,307.071428571429,86214.2857142857,0,86214.2857142857,0,0,0,0,0,0,0,0,0,0,86214.2857142857,17000,11642.8571428571,0,0,0,0,55000,139285.714285714,29536.9047619048,0,29536.9047619048,0,0,325285.714285714,325285.714285714,313975.285714286,226040.285714286,25785.7142857143,565801.285714286,1165641.17330412,3911.17738095238,14524.0727714286,18435.250152381,347402.83875302,1710958.82669588,1169323.04761905,343720.964438095,1513044.01205714,1363555.98794286,2876600,96.4285714285714,497.357142857143,325.714285714286,82.5,395357.142857143,1641278.57142857,737700,102264.285714286,0,0,0,0,0,0,0,0,0,0,0,0,114.285714285714,114.285714285714,4.28571428571429,8.35714285714286,2.78571428571429,10.9285714285714,4.85714285714286,0,31.2142857142857,0,0,0,0,0,0,0,0,0,25.0714285714286,1.28571428571429,0,0,0,0,0,0,0,4.85714285714286,0,0,0,0,0,0,0,0,0,1.88888888888889
4,0,0,0,0,0,0,0,0,0,0,122000,34,2,289401,2,2.66,0,0,2.66,0,2.66,0,0,2.66,0,0,0,0,0,0,2.66,0,0,2.66,0,2.66,0,0,2.66,0,0,0,0,0,0,26,2,281.954887218045,45864.6616541353,0,45864.6616541353,0,0,0,0,0,0,0,0,0,0,45864.6616541353,37593.984962406,24436.0902255639,0,0,5263.15789473684,81203.007518797,0,0,157080.200501253,0,157080.200501253,205670.426065163,108750,0,108750,1570157.89473684,93421.0526315789,3007.51879699248,1666586.46616541,940102.473691822,25192.1121553885,30891.7263157895,56083.8384711779,1737830.35976682,2230273.4661578,2513098.99498747,164833.838471178,2677932.83345865,492443.106390978,3170375.93984962,97.7443609022556,332.706766917293,841.729323308271,352.255639097744,361654.135338346,913909.77443609,1577781.95488722,317030.07518797,0,0,0,0,0,0,0,0,0,0,0,0,60.1503759398496,60.1503759398496,54.1353383458647,13.5338345864662,0,0,16.1654135338346,3.7593984962406,87.593984962406,0,0,0,0,0,0,0.37593984962406,0,0,19.5488721804511,3.38345864661654,0,0,0,10.1503759398496,22.1804511278195,0,0,16.1654135338346,0,0,0,0,0,0,0,0,15.7894736842105,16.3541666666667
4,0,0,0,0,0,0,0,0,0,0,1420000,99,2,264842,1,3.9,0,0.78,3.12,0,3.9,0,0.78,3.12,0,0,0,0,0,0,2.6,0,0.26,2.34,0,2.6,0,0.26,2.34,0,0,0,0,0,0,23,2,84.6153846153846,546153.846153846,0,546153.846153846,0,0,0,0,0,0,0,0,0,0,546153.846153846,10384.6153846154,77307.6923076923,40346.1538461539,0,384.615384615385,0,0,0,99492.3076923077,8650.38461538462,108142.692307692,75750,223364.230769231,0,223364.230769231,1637772.30769231,152889.230769231,16153.8461538462,1806815.38461538,1277580.08452993,40827.7836384615,41191.1123076923,82018.8959461538,1957930.04218545,3170339.53085468,2930127,305383.126715385,3235510.12671539,1212409.48866923,4447919.61538462,129.230769230769,838.846153846154,239.230769230769,50.7692307692308,641556.153846154,3169727.30769231,573169.230769231,63466.9230769231,0,0,0,0,0,0,0,0,0,0,0,0,769.230769230769,769.230769230769,0,91.1538461538462,2.30769230769231,6.92307692307692,13.4615384615385,0,113.846153846154,0,0,0,0,0,0,0,0,24.6153846153846,36.5384615384615,7.30769230769231,0,0,0,0,10.3846153846154,0,0,35,0,0,0,0,0,0,0,0,0,14.4444444444444
4,0,0,0,0,0,0,0,0,0,0,1451000,99,4,264842,2,12.35,0,0,12.35,0,0,0,0,0,0,12.35,0,0,12.35,0,5.7,0,0,5.7,0,0,0,0,0,0,5.7,0,0,5.7,0,21.2,2,215.78947368421,254561.403508772,0,254561.403508772,0,0,0,0,0,0,0,0,0,0,254561.403508772,0,175.438596491228,0,0,0,0,0,71368.4210526316,7776.6081871345,375.78947368421,8152.39766081871,3800,0,66842.1052631579,66842.1052631579,86831.4035087719,220128.947368421,2982.45614035088,309942.807017544,892009.507365766,1141.84294035088,10558.3979649123,11700.2409052632,99375.3066389119,-397009.507365767,912842.467836257,78542.346168421,991384.814004678,-496384.814004678,495000,50.1754385964912,78.2456140350877,5.78947368421053,0,225789.47368421,258210.526315789,11000,0,0,0,0,0,0,0,0,0,0,0,0,0,280.701754385965,280.701754385965,0,5.96491228070175,4.56140350877193,1.2280701754386,0,4.56140350877193,16.3157894736842,0,0,0,0,0,0,0,1.92982456140351,0,5.26315789473684,4.56140350877193,0,0,0,0,0,0,0,4.56140350877193,0,0,0,0,0,0,0,0,0,6.90909090909091
4,0,0,0,0,0,0,0,0,0,0,1565000,99,4,264842,2,19.09,0,0,19.09,0,19.09,0,0,19.09,0,0,0,0,0,0,13.69,0,0,13.69,0,13.69,0,0,13.69,0,0,0,0,0,0,42,2,46.7494521548576,114317.019722425,0,114317.019722425,0,0,0,0,0,0,0,0,0,0,114317.019722425,2191.38056975895,94.9598246895544,0,0,0,0,0,29510.5916727538,3940.71098125152,5182.54584598823,9123.25682723975,1582.17677136596,51132.2132943754,0,51132.2132943754,52250.7669831994,54967.1292914536,6720.23374726077,113938.130021914,480073.760017352,6103.28858854587,4316.86455807158,10420.1531466175,117078.121833788,1350.63735299167,535599.515410147,61552.3664409929,597151.88185114,-115727.484480797,481424.397370343,76.7713659605551,58.0715850986121,13.2943754565376,1.82615047479912,284054.054054054,168407.596785975,26588.7509130752,2373.99561723886,0,0,0,0,0,0,0,0,0,0,0,0,131.482834185537,131.482834185537,0,2.55661066471877,1.2417823228634,0,0.657414170927684,1.89919649379109,6.35500365230095,0,0,0,0,0,0,0,0,0,1.89919649379109,1.89919649379109,0,0,0,0,0,0,0,2.55661066471877,0,0,0,0,0,0,0,0,0,1.88888888888889
4,0,0,0,0,0,0,0,0,0,0,24137000,99,4,264842,1,22.1,0,0,22.1,0,22.1,0,0,22.1,0,0,0,0,0,0,20.4,0,0,20.4,0,20.4,0,0,20.4,0,0,0,0,0,0,21.8571428571429,2,155.392156862745,1183186.2745098,0,1183186.2745098,0,0,0,0,0,0,0,0,0,0,1183186.2745098,127647.058823529,66862.7450980392,24019.6078431373,0,931.372549019608,31078.431372549,0,0,23569.1176470588,92500,116069.117647059,22958.0065359477,246722.794117647,0,246722.794117647,743653.725490196,2565244.80392157,91372.5490196078,3400271.07843137,4473676.57287344,28988.3124199346,80244.3430392157,109232.65545915,1120144.56951381,9141284.21144028,5237865.69281046,355955.449576797,5593821.14238725,8021139.64192647,13614960.7843137,375.049019607843,1710.39215686275,463.725490196078,82.2058823529412,2512828.43137255,9086784.31372549,1901274.50980392,114073.529411765,0,0,0,0,0,0,0,0,0,0,0,0,1568.62745098039,1568.62745098039,27.3529411764706,16.1274509803922,78.8235294117647,51.7156862745098,0,16.6176470588235,190.637254901961,0,0,0,0,0,0,9.95098039215686,0,32.4019607843137,77.9901960784314,17.9901960784314,0,0,0,14.8039215686275,16.1274509803922,0,0,17.843137254902,0,0,0,0,0,0,0,0,0,1.88888888888889
4,0,0,0,0,0,0,0,0,0,0,2556000,34,3,289401,1,3,0,0,3,0,3,0,0,3,0,0,0,0,0,0,3,0,0,3,0,3,0,0,3,0,0,0,0,0,0,24,2,466.666666666667,852000,0,852000,0,0,0,0,0,0,0,0,0,0,852000,91000,50333.3333333333,11700,5333.33333333333,20000,132000,0,134166.666666667,86286.1111111111,23800,110086.111111111,65650,537794,0,537794,3008609.33333333,595000,13666.6666666667,3617276,2358926.97835656,45705.0428333333,81569.2349333333,127274.277766667,3685087.74385456,3013273.02164344,5378946.44444444,665068.277766667,6044014.72221111,-671814.72221111,5372200,144.333333333333,870,670,173.666666666667,620633.333333333,2801200,1794066.66666667,156300,0,0,0,0,0,0,0,0,0,0,0,0,800,800,64,47,34,0,49,0,194,6.66666666666667,0,0,0,0,0,9.33333333333333,0,10.3333333333333,106.333333333333,7.33333333333333,0,0,0,3.66666666666667,19.6666666666667,7.66666666666667,0,21.3333333333333,0,0,0,1.66666666666667,0,0,0,0,0,16.3541666666667
4,0,0,0,0,0,0,0,0,0,0,444000,38,2,292048,2,2.6,0,0,2.6,0,0,0,0,0,0,2.6,0,0,2.6,0,2.6,0,0,2.6,0,0,0,0,0,0,2.6,0,0,2.6,0,30,2,230.769230769231,170769.230769231,0,170769.230769231,0,0,0,0,0,0,0,0,0,0,170769.230769231,0,27692.3076923077,0,0,10000,0,0,0,100660.256410256,0,100660.256410256,5050,0,73076.9230769231,73076.9230769231,1946583.07692308,0,0,1946583.07692308,679296.717948718,12287.9052564103,35773.7406153846,48061.6458717949,1994644.72279487,383049.435897436,2552802.87179487,121138.568948718,2673941.44074359,-1611595.28689744,1062346.15384615,30.7692307692308,217.692307692308,124.230769230769,93.4615384615385,107692.307692308,653076.923076923,198769.230769231,102807.692307692,0,0,0,0,0,0,0,0,0,0,0,0,192.307692307692,192.307692307692,62.6923076923077,0,0,0,33.8461538461538,0,96.5384615384615,0,0,0,0,0,0,0,0,0,59.2307692307692,3.46153846153846,0,0,0,0,0,0,0,33.8461538461538,0,0,0,0,0,0,0,0,0,16.75
4,0,0,0,0,0,0,0,0,0,0,532000,38,1,292048,2,1.4,0,0.33,1.07,0,1.4,0,0.33,1.07,0,0,0,0,0,0,1.4,0,0.33,1.07,0,1.4,0,0.33,1.07,0,0,0,0,0,0,19.8333333333333,2,342.857142857143,380000,0,380000,0,0,0,0,0,0,0,0,0,0,380000,0,122142.857142857,0,0,17142.8571428571,0,0,23214.2857142857,113652.380952381,0,113652.380952381,0,565551.428571429,0,565551.428571429,1940717.85714286,317034.285714286,0,2257752.14285714,1265234.66666667,15860.221,46484.1855714286,62344.4065714286,2568613.69228571,13979.6190476189,3205952.52380952,627895.835142857,3833848.35895238,-2554634.0732381,1279214.28571429,98.5714285714286,185,185,0,261714.285714286,629000,388500,0,0,0,0,0,0,0,0,0,0,0,0,0,428.571428571429,428.571428571429,37.1428571428571,2.14285714285714,17.1428571428571,0,52.8571428571429,0,109.285714285714,28.5714285714286,0,0,0,0,0,0,0,0,17.8571428571429,18.5714285714286,0,0,0,0,7.85714285714286,0,0,36.4285714285714,0,0,0,0,0,0,0,0,0,32.1666666666667
4,0,0,0,0,0,0,0,0,0,0,887000,38,1,292048,2,1,0,0.8,0.2,0,1,0,0.8,0.2,0,0,0,0,0,0,1,0,0.8,0.2,0,1,0,0.8,0.2,0,0,0,0,0,0,45,2,53,887000,0,887000,0,0,0,0,0,0,0,0,0,0,887000,0,9000,0,0,0,0,0,0,92915.8333333333,0,92915.8333333333,0,500000,0,500000,3127538,0,0,3127538,1280963.83333333,14112.3876333333,66790.7308,80903.1184333333,3708441.11843333,592436.166666667,4408501.83333333,580903.118433333,4989404.95176667,-3116004.95176667,1873400,93,323,219,130,372000,969000,350400,182000,0,0,0,0,0,0,0,0,0,0,0,0,1000,1000,88,88,0,0,9,0,185,0,0,0,0,0,0,0,0,0,154,22,0,0,0,0,0,0,0,9,0,0,0,0,0,0,0,0,0,32.1666666666667
4,0,0,0,0,0,0,0,153000,0,0,188000,34,1,289401,2,1.3,0,0,1.3,0,0,0,0,0,0,1.3,0,0,1.3,0,1.3,0,0,1.3,0,0,0,0,0,0,1.3,0,0,1.3,0,22.5,1,261.538461538462,262307.692307692,0,262307.692307692,0,0,0,0,0,0,0,117692.307692308,0,0,144615.384615385,11538.4615384615,41538.4615384615,0,0,0,0,0,0,194729.807692308,43828.6153846154,238558.423076923,118538.461538462,0,253846.153846154,253846.153846154,4703583.84615385,157284.615384615,0,4860868.46153846,1373013.26923077,104028.460403077,85925.8010769231,189954.26148,4893538.10763385,715294.423076923,5822750.96153846,443800.415326154,6266551.37686461,-4178243.68455692,2088307.69230769,24.6153846153846,240.769230769231,200,400.769230769231,172307.692307692,1035307.69230769,520000,360692.307692308,0,0,0,0,0,0,0,0,0,1923.07692307692,0,0,307.692307692308,2230.76923076923,144.615384615385,115.384615384615,0,10.7692307692308,14.6153846153846,0,285.384615384615,0,0,0,0,0,0,3.84615384615385,0,0,217.692307692308,6.92307692307692,0,0,0,0,33.0769230769231,3.84615384615385,0,20,0,0,0,0,0,0,0,0,0,28.2903225806452
4,0,0,0,0,0,0,193000,0,0,0,0,34,3,289401,2,4,0,0,4,0,0,0,0,0,0,4,0,0,4,0,4,0,0,4,0,0,0,0,0,0,4,0,0,4,0,42.5,2,387.5,48250,0,48250,0,0,0,0,0,0,48250,0,0,0,0,0,7750,0,0,0,0,0,0,7920,27994.155,35914.155,0,0,150000,150000,1114491,411625,0,1526116,942940.155,29380.086435,26263.1256,55643.212035,1170134.212035,148659.845,1907431.155,205643.212035,2113074.367035,-1021474.367035,1091600,0,333.5,0,0,0,1091600,0,0,0,0,0,0,0,0,0,0,750,0,0,0,0,750,35.25,3.75,7.75,17.25,17.5,0,81.5,0,0,0,0,0,0,0,0,0,48,0,0,0,0,0,17.5,1.25,0,14.75,0,0,0,0,0,0,0,0,0,16.3541666666667
4,0,0,0,0,0,1701000,0,0,0,0,0,34,4,289401,2,5.6,0,0,5.6,0,5.6,0,0,5.6,0,0,0,0,0,0,5.6,0,0,5.6,0,5.6,0,0,5.6,0,0,0,0,0,0,20,2,285.714285714286,303750,303750,0,0,0,0,0,0,303750,0,0,0,0,0,206250,62500,2464.28571428571,0,0,0,0,139285.714285714,61231.5476190476,18158.6842105263,79390.2318295739,117232.142857143,178571.428571429,0,178571.428571429,2176392.85714286,883275,37142.8571428571,3096810.71428571,2094270.89708936,46951.4777764411,63263.6078571429,110215.085633584,2491599.70608809,1469354.10291064,4297084.08897243,288786.514205013,4585870.60317744,-1022245.60317744,3563625,223.392857142857,679.821428571429,346.785714285714,111.607142857143,774464.285714286,1939178.57142857,749535.714285714,100446.428571429,0,0,0,0,0,0,535.714285714286,535.714285714286,0,0,0,0,0,0,58.5714285714286,52.6785714285714,12.6785714285714,41.0714285714286,13.9285714285714,0,178.928571428571,26.7857142857143,0,0,0,0,0,5.89285714285714,0,0,108.75,15.3571428571429,0,0,0,0,0,0,0,20.7142857142857,0,0,0,0,0,0,0,0,1.42857142857143,7.3
4,0,0,0,0,0,208000,637000,0,0,0,0,34,3,289401,2,3,0,0,3,0,0,0,0,0,0,3,0,0,3,0,3,0,0,3,0,0,0,0,0,0,3,0,0,3,0,16.5,2,293.333333333333,281666.666666667,69333.3333333333,212333.333333333,0,0,0,0,0,69333.3333333333,212333.333333333,0,0,0,0,222666.666666667,195000,2633.33333333333,0,7333.33333333333,0,0,0,35794.4444444444,23674.7368421053,59469.1812865497,437666.666666667,0,62666.6666666667,62666.6666666667,5062932.33333333,161030.666666667,0,5223963,1719534.18128655,99195.0163040936,98492.1658,197687.182104094,5260619.51543743,313199.152046783,6719799.84795322,260353.84877076,6980153.69672398,-4947420.36339064,2032733.33333333,52,486,83.6666666666667,34.6666666666667,197600,1614266.66666667,189666.666666667,31200,0,0,0,0,0,0,133.333333333333,133.333333333333,2000,0,0,0,0,2000,141.333333333333,82.3333333333333,6.33333333333333,3,54.6666666666667,0,287.666666666667,51.3333333333333,0,0,0,0,0,0,1,0,74.3333333333333,89.6666666666667,0,0,0,0,0,27,0,31,0,0,0,0,0,0,0,0,13.3333333333333,16.3541666666667
4,0,0,0,0,0,832000,0,0,0,0,0,34,3,289401,1,3,0,0,3,0,0,0,0,0,0,3,0,0,3,0,3,0,0,3,0,0,0,0,0,0,3,0,0,3,0,25,2,266.666666666667,277333.333333333,277333.333333333,0,0,0,0,0,0,277333.333333333,0,0,0,0,0,33000,106666.666666667,0,0,5333.33333333333,0,0,0,21269.4444444444,7140,28409.4444444444,0,0,62666.6666666667,62666.6666666667,3995363.66666667,476548,0,4471911.66666667,1279358.44444444,13025.7940555556,81244.467,94270.2610555556,4089633.92772222,3236074.88888889,5212055.44444444,156936.927722222,5368992.37216667,-853559.038833333,4515433.33333333,278,850.666666666667,525.666666666667,208.666666666667,945200,2296800,1085633.33333333,187800,0,0,0,0,0,0,533.333333333333,533.333333333333,0,0,0,0,0,0,113.333333333333,64.6666666666667,13.6666666666667,12.3333333333333,41,1.33333333333333,246.333333333333,63.3333333333333,0,0,0,0,0,0,0,0,128.666666666667,23.3333333333333,0,0,0,4.33333333333333,0,0,0,26.6666666666667,0,0,0,0,0,0,0,0,0,16.3541666666667
4,0,0,0,0,1595000,0,0,0,0,0,0,34,2,289401,1,2.6,0,0,2.6,0,2.6,0,0,2.6,0,0,0,0,0,0,2.6,0,0,2.6,0,2.6,0,0,2.6,0,0,0,0,0,0,22,2,319.230769230769,613461.538461538,613461.538461538,0,0,0,0,0,613461.538461538,0,0,0,0,0,0,9615.38461538462,73076.9230769231,7538.46153846154,0,6153.84615384615,0,0,5000,93637.1794871795,99728.7449392713,193365.924426451,202000,297846.153846154,0,297846.153846154,1204824.61538462,793562.692307692,23076.9230769231,2021464.23076923,2202339.65244474,132878.861089069,45422.7523846154,178301.613473684,1694885.42391693,2854506.50140141,3421077.30904184,476147.767319838,3897225.07636167,1159621.07748448,5056846.15384615,280.769230769231,1137.69230769231,444.615384615385,120.384615384615,1034769.23076923,3023692.30769231,857961.538461539,140423.076923077,0,0,0,0,0,176.923076923077,0,176.923076923077,0,0,0,0,0,0,49.2307692307692,0,12.3076923076923,14.6153846153846,12.3076923076923,15,103.461538461538,18.8461538461539,0,0,0,0,0,0,0,0,61.9230769230769,6.92307692307692,0,0,0,1.53846153846154,0,0,0,13.4615384615385,0,0,0,0,0,0,0,0,0.769230769230769,16.3541666666667
4,0,0,0,1014000,0,0,0,0,0,0,0,34,2,289401,2,2.6,0,0,2.6,0,2.6,0,0,2.6,0,0,0,0,0,0,2.6,0,0,2.6,0,2.6,0,0,2.6,0,0,0,0,0,0,34,2,307.692307692308,390000,390000,0,0,0,0,390000,0,0,0,0,0,0,0,26538.4615384615,22692.3076923077,0,2307.69230769231,16923.0769230769,0,0,13884.6153846154,68262.8205128205,13044.2307692308,81307.0512820513,28496.7948717949,422384.615384615,0,422384.615384615,2036143.07692308,1478461.53846154,27307.6923076923,3541912.30769231,2361499.85416252,28161.4637179487,66636.6904615385,94798.1541794872,2569146.22309389,-645307.546470217,4413463.30769231,517182.769564103,4930646.07725641,-3214453.7695641,1716192.30769231,100,392.692307692308,160.384615384615,76.1538461538461,340000,1023000,284653.846153846,68538.4615384615,0,0,0,0,410,0,0,410,0,0,0,0,0,0,66.1538461538461,19.6153846153846,43.4615384615385,37.3076923076923,23.0769230769231,5.38461538461538,195,0,0,0,0,0,0,0.384615384615385,0,0,104.230769230769,23.4615384615385,0,0,0,0,26.5384615384615,0,0,28.0769230769231,0,0,0,0,0,0,0,0,12.3076923076923,16.3541666666667
4,0,0,0,1023000,0,0,0,0,0,0,5679000,99,4,264842,1,6,0,0,6,0,0,0,0,0,0,6,0,0,6,0,6,0,0,6,0,0,0,0,0,0,6,0,0,6,0,32,1,278.333333333333,1117000,170500,946500,0,0,0,170500,0,0,0,0,0,0,946500,215833.333333333,135166.666666667,766.666666666667,0,1666.66666666667,0,0,270833.333333333,48499.4444444444,109650,158149.444444444,91180.5555555556,0,263833.333333333,263833.333333333,2110843.83333333,1955022.5,82166.6666666667,4148033,4513803.34483495,55556.5544555555,97762.3744666667,153318.928922222,2306820.58408727,13780963.3218317,6403471.66666667,417152.262255555,6820623.92892222,11474142.7377444,18294766.6666667,1509.83333333333,2572.33333333333,962,101,6620966.66666667,9361100,2165600,147100,0,0,0,0,266.666666666667,0,0,266.666666666667,0,0,0,0,1333.33333333333,1333.33333333333,51.1666666666667,21.6666666666667,30.6666666666667,87.5,36.8333333333333,0,227.833333333333,0,0,0,0,0,0,17.6666666666667,0.833333333333333,44.3333333333333,95,11.1666666666667,0,0,0,0,43.8333333333333,2,0,13,0,0,0,0,0,0,0,0,0,6.90909090909091
4,0,0,0,1033000,0,0,0,0,0,0,0,34,2,289401,2,2.6,0,0,2.6,0,0,0,0,0,0,2.6,0,0,2.6,0,2.6,0,0,2.6,0,0,0,0,0,0,2.6,0,0,2.6,0,31,2,307.692307692308,397307.692307692,397307.692307692,0,0,0,0,397307.692307692,0,0,0,0,0,0,0,40769.2307692308,106923.076923077,884.615384615385,41538.4615384615,6538.46153846154,30384.6153846154,164615.384615385,40769.2307692308,40711.5384615385,6590.76923076923,47302.3076923077,338782.051282051,0,341153.846153846,341153.846153846,4357006.92307692,279530.769230769,0,4636537.69230769,2125900.74358974,36574.9519589744,90740.0564615385,127315.008420513,4484321.93149744,-488362.282051282,6141753.82051282,468468.854574359,6610222.67508718,-4972684.21354872,1637538.46153846,160.384615384615,315.769230769231,126.153846153846,63.0769230769231,545307.692307692,821000,214461.538461538,56769.2307692308,134.615384615385,0,0,0,512.692307692308,0,0,512.692307692308,0,0,0,0,0,0,86.1538461538462,62.6923076923077,3.84615384615385,10.7692307692308,79.6153846153846,1.53846153846154,244.615384615385,0,0,0,0,0,0,0,0,5,133.076923076923,0,0,0,0,1.53846153846154,36.5384615384615,12.6923076923077,0,49.6153846153846,0,0,0,5.76923076923077,0,0,0,0,0.384615384615385,16.3541666666667
4,0,0,0,1054000,0,0,0,0,0,0,0,34,4,289401,2,6,0,0,6,0,0,0,0,0,0,6,0,0,6,0,6,0,0,6,0,0,0,0,0,0,6,0,0,6,0,29,2,208.333333333333,175666.666666667,175666.666666667,0,0,0,0,175666.666666667,0,0,0,0,0,0,0,117333.333333333,62333.3333333333,49833.3333333333,38833.3333333333,1000,29000,3566666.66666667,41166.6666666667,0,0,0,0,0,316500,316500,1408511.16666667,1793867.16666667,34000,3236378.33333333,6500647.18333848,0,121482.313666667,121482.313666667,1544947.79699486,-130980.516671809,7607612.66666667,437982.313666667,8045594.98033333,-1675928.31366667,6369666.66666667,628.333333333333,1135.16666666667,561.333333333333,113.166666666667,2136333.33333333,3064950,1066533.33333333,101850,330.166666666667,0,0,0,266.666666666667,0,0,266.666666666667,0,0,0,0,0,0,0,29.5,60.5,27,42.3333333333333,11,170.333333333333,0,0,0,0,0,0,3.5,0.5,0,89,9,0,0,0,4.5,40,0,0,9.5,0,0,0,3.33333333333333,0,0,0,0,11,7.3
4,0,0,0,124000,0,0,0,0,741000,0,0,34,1,289401,2,1,0,0,1,0,0,0,0,0,0,1,0,0,1,0,1,0,0,1,0,0,0,0,0,0,1,0,0,1,0,30,2,230,865000,124000,741000,0,0,0,124000,0,0,0,0,741000,0,0,11000,140000,1000,0,60000,0,0,0,491750,0,491750,0,0,99000,99000,4368073,0,0,4368073,1957151,-13622.375,90388.2118,76765.8368,4444838.8368,-853851,6226224,175765.8368,6401989.8368,-5298689.8368,1103300,61,219,124,0,254200,627800,221300,0,0,0,0,0,200,0,0,200,0,0,750,0,0,750,107,0,0,0,103,0,210,0,0,0,0,0,0,0,0,0,26,17,0,0,0,9,39,7,0,112,0,0,0,0,0,0,0,0,0,28.2903225806452
4,0,0,0,130000,0,0,0,0,0,0,0,38,2,292048,2,2.62,0,0,2.62,0,2.62,0,0,2.62,0,0,0,0,0,0,2.62,0,0,2.62,0,2.62,0,0,2.62,0,0,0,0,0,0,22,2,181.297709923664,49618.320610687,49618.320610687,0,0,0,0,49618.320610687,0,0,0,0,0,0,0,0,112977.099236641,0,0,27862.5954198473,0,0,0,89166.6666666667,0,89166.6666666667,0,220907.251908397,0,220907.251908397,3229053.4351145,0,0,3229053.4351145,571672.681933842,10040.4867684478,56763.8900763359,66804.3768447837,3516765.06386768,316686.096692112,3800726.11704835,287711.628753181,4088437.74580153,-3200078.96717557,888358.778625954,0,104.580152671756,390.839694656489,0,0,355572.51908397,532786.259541985,0,0,0,0,0,178.24427480916,0,0,178.24427480916,0,0,0,0,0,0,72.9007633587786,55.3435114503817,0,0,46.1832061068702,0,174.427480916031,3.81679389312977,0,0,0,0,0,0,5.34351145038168,23.6641221374046,87.7862595419847,6.48854961832061,0,0,0,0,10.3053435114504,0,0,37.0229007633588,0,0,0,0,0,0,0,0,0,16.75
4,0,0,0,134000,0,0,0,0,0,0,0,38,2,292048,2,3.6,0,0,3.6,0,3.6,0,0,3.6,0,0,0,0,0,0,2.7,0,0,2.7,0,2.7,0,0,2.7,0,0,0,0,0,0,28.25,2,136.666666666667,49629.6296296296,49629.6296296296,0,0,0,0,49629.6296296296,0,0,0,0,0,0,0,0,40000,0,0,13333.3333333333,0,0,7222.22222222222,29348.4567901235,0,29348.4567901235,0,478111.111111111,0,478111.111111111,1761915.18518519,0,0,1761915.18518519,431581.641975309,3616.53901851852,31076.8661481482,34693.4051666667,2274719.70146296,-167914.975308642,2193496.82716049,512804.516277778,2706301.34343827,-2442634.67677161,263666.666666667,0,125.555555555556,0,0,0,263666.666666667,0,0,0,0,0,0,98.8888888888889,0,0,98.8888888888889,0,0,0,0,0,0,33.3333333333333,35.1851851851852,0,0,27.4074074074074,0,95.9259259259259,14.4444444444444,0,0,0,0,0,0,0,11.4814814814815,42.962962962963,9.62962962962963,0,0,0,0,0,0,0,11.8518518518519,0,0,0,0,0,0,0,0,1.11111111111111,16.75
4,0,0,0,136000,0,0,0,0,0,0,0,38,1,292048,2,1.73,0,0,1.73,0,0.09,0,0,0.09,0,1.64,0,0,1.64,0,1.73,0,0,1.73,0,0.09,0,0,0.09,0,1.64,0,0,1.64,0,16,2,277.456647398844,78612.7167630058,78612.7167630058,0,0,0,0,78612.7167630058,0,0,0,0,0,0,0,0,123699.421965318,0,0,52601.1560693642,0,0,7514.45086705202,35782.2736030828,0,35782.2736030828,0,13812.1387283237,159537.572254335,173349.710982659,5027833.52601156,0,0,5027833.52601156,749795.591522158,-1983.18504816956,87818.3371098266,85835.152061657,5127480.81680154,1130493.42581888,5618091.54527938,259184.863044316,5877276.4083237,-3996987.39098266,1880289.01734104,42.7745664739884,136.416184971098,226.011560693642,491.329479768786,175375.722543353,463815.028901734,700635.838150289,540462.427745665,0,0,0,0,123.699421965318,0,0,123.699421965318,0,0,0,0,0,0,118.49710982659,69.9421965317919,0,0,78.0346820809249,0,266.473988439306,11.5606936416185,0,0,0,0,0,0,0,70.5202312138728,106.936416184971,10.9826589595376,0,0,0,0,0,0,0,66.4739884393064,0,0,0,0,0,0,0,0,0,32.1666666666667
4,0,0,0,1441000,0,0,0,0,0,0,0,34,4,289401,2,5.6,0,0,5.6,0,0,0,0,0,0,5.6,0,0,5.6,0,5.6,0,0,5.6,0,0,0,0,0,0,5.6,0,0,5.6,0,28,2,285.714285714286,257321.428571429,257321.428571429,0,0,0,0,257321.428571429,0,0,0,0,0,0,0,26607.1428571429,13392.8571428571,0,0,0,0,0,0,18803.5714285714,0,18803.5714285714,0,0,128571.428571429,128571.428571429,1261366.60714286,435535.714285714,25000,1721902.32142857,1176049.77198166,854.247857142857,33519.11425,34373.3621071429,1314323.34012548,1302485.94230405,2327428.32142857,162944.790678571,2490373.11210714,-11837.3978214287,2478535.71428571,93.0357142857143,465,371.964285714286,46.4285714285714,400053.571428571,1329928.57142857,706767.857142857,41785.7142857143,0,0,0,0,357.142857142857,0,0,357.142857142857,0,0,0,0,0,0,49.6428571428571,20.5357142857143,10.7142857142857,8.21428571428572,1.60714285714286,5.89285714285714,96.6071428571429,0,0,0,0,0,0,4.10714285714286,0,8.39285714285714,67.6785714285714,3.21428571428571,0,0,0,1.96428571428571,6.60714285714286,0,0,3.21428571428571,0,0,0,1.42857142857143,0,0,0,0,0,7.3
4,0,0,0,1466000,0,0,0,0,0,0,0,34,3,289401,2,3.97,0,0,3.97,0,3.97,0,0,3.97,0,0,0,0,0,0,3.97,0,0,3.97,0,3.97,0,0,3.97,0,0,0,0,0,0,20,2,327.455919395466,369269.521410579,369269.521410579,0,0,0,0,369269.521410579,0,0,0,0,0,0,0,206045.340050378,167758.186397985,1158.69017632242,47103.274559194,29219.1435768262,49874.0554156171,0,31234.2569269521,42550.3778337531,5845.08816120907,48395.4659949622,158480.26868178,537793.702770781,0,537793.702770781,3745023.92947103,1062860.4534005,33249.3702770781,4841133.75314861,2468149.96661392,22355.0360201511,95330.417279597,117685.453299748,4426402.14579582,-1150568.10263407,6239072.95633921,655479.156070529,6894552.11240974,-5576970.24842989,1317581.86397985,108.816120906801,299.244332493703,49.8740554156171,49.8740554156171,369974.811083123,807959.697732997,94760.7052896725,44886.6498740554,50.3778337531486,0,0,0,570.780856423174,0,0,570.780856423174,0,0,0,0,0,0,89.9244332493703,48.8664987405542,32.9974811083123,7.05289672544081,59.4458438287154,12.0906801007557,250.377833753149,0,0,0,0,0,0,9.31989924433249,4.78589420654912,0,113.098236775819,19.647355163728,0,0,0,73.8035264483627,0,6.29722921914358,0,19.647355163728,0,0,0,3.77833753148615,0,0,0,0,0,16.3541666666667
4,0,0,0,1550000,0,0,0,0,0,0,71000,34,4,289401,1,6,0,0,6,0,6,0,0,6,0,0,0,0,0,0,6,0,0,6,0,6,0,0,6,0,0,0,0,0,0,31.4,2,333.333333333333,270166.666666667,258333.333333333,11833.3333333333,0,0,0,258333.333333333,0,0,0,0,0,0,11833.3333333333,79333.3333333333,23333.3333333333,8100,28166.6666666667,7666.66666666667,0,428000,142516.666666667,413373.958333333,10174.5,423548.458333333,19758.3333333333,537833.333333333,0,537833.333333333,1796159.83333333,1204685.66666667,32333.3333333333,3033178.83333333,2937656.96782776,90867.8662869444,66739.6719666667,157607.538253611,2510953.86209252,4699709.69883891,4753169.95833333,695440.871586944,5448610.82992028,2188755.83674639,7637366.66666667,607.5,1545,788.333333333333,105.833333333333,2065500,4100316.66666667,1376300,95250,0,0,0,0,266.666666666667,0,0,266.666666666667,0,0,0,0,1.66666666666667,1.66666666666667,25.3333333333333,33.1666666666667,45,26.1666666666667,36.6666666666667,0,166.333333333333,0,0,0,0,0,0,2,3.16666666666667,0,72.1666666666667,3,0,0,0,0,38,2,0,12.6666666666667,0,0,0,0,0,0,0,0,33.3333333333333,7.3
4,0,0,0,165000,0,0,0,0,0,0,0,38,4,292048,2,5.6,0,0,5.6,0,5.6,0,0,5.6,0,0,0,0,0,0,5.6,0,0,5.6,0,5.6,0,0,5.6,0,0,0,0,0,0,29,2,166.071428571429,29464.2857142857,29464.2857142857,0,0,0,0,29464.2857142857,0,0,0,0,0,0,0,0,24464.2857142857,0,0,11785.7142857143,0,0,2321.42857142857,44954.7619047619,0,44954.7619047619,24424.1071428571,189638.571428571,0,189638.571428571,788748.035714286,0,0,788748.035714286,429462.583333333,9070.67970238095,14222.61025,23293.289952381,1001679.89709524,-376587.583333333,1218210.61904762,212931.861380952,1431142.48042857,-1378267.48042857,52875,0,0,25.1785714285714,0,0,0,52875,0,0,0,0,0,95.1785714285714,0,0,95.1785714285714,0,0,0,0,0,0,10.8928571428571,0,0,0,25.3571428571429,0,36.25,10,0,0,0,0,0,0,0,0.178571428571429,9.10714285714286,1.60714285714286,0,0,0,0,0,0,0,15.3571428571429,0,0,0,0,0,0,0,0,0,4.71428571428571
4,0,0,0,19000,0,0,129000,0,0,0,0,34,1,289401,2,1,0,0,1,0,0,0,0,0,0,1,0,0,1,0,1,0,0,1,0,0,0,0,0,0,1,0,0,1,0,22,2,500,148000,19000,129000,0,0,0,19000,0,0,129000,0,0,0,0,31000,295000,10400,0,6000,0,0,103000,68213.3333333333,29499.4736842105,97712.8070175439,262600,0,340000,340000,5105739,637648,0,5743387,2220761.80701754,92344.144077193,105190.6642,197534.808277193,5303273.80827719,-377761.807017544,6986500.80701754,537534.808277193,7524035.61529474,-5681035.61529474,1843000,68,344,177,68,252000,1082000,427000,82000,0,0,0,0,40,0,0,40,2000,0,0,0,0,2000,151,105,20,18,33,0,327,7,0,0,0,0,0,12,7,0,242,26,0,0,0,0,0,0,0,17,0,0,0,0,0,0,0,0,16,28.2903225806452
4,0,0,0,191000,0,0,0,0,0,0,0,34,1,289401,2,1.2,0,0,1.2,0,1.2,0,0,1.2,0,0,0,0,0,0,1.2,0,0,1.2,0,1.2,0,0,1.2,0,0,0,0,0,0,24,1,329.166666666667,159166.666666667,159166.666666667,0,0,0,0,159166.666666667,0,0,0,0,0,0,0,0,25833.3333333333,0,0,0,0,0,0,43811.1111111111,0,43811.1111111111,0,286333.333333333,0,286333.333333333,1742523.33333333,2099166.66666667,241666.666666667,4083356.66666667,2749429.67493791,3036.22761111111,70854.7206666667,73890.9482777778,2212363.38445098,-2524096.34160458,4601568.77777778,360224.281611111,4961793.05938889,-4736459.72605556,225333.333333333,0,86.6666666666667,0,0,0,225333.333333333,0,0,0,0,0,0,222.5,0,0,222.5,0,0,0,0,0,0,94.1666666666667,0,85,0,0,0,179.166666666667,0,0,0,0,0,0,0,0,0,45,2.5,0,0,0,0,105,0,0,26.6666666666667,0,0,0,0,0,0,0,0,0,28.2903225806452
4,0,0,0,1976000,0,0,0,0,0,0,0,34,3,289401,2,3.97,0,0,3.97,0,3.97,0,0,3.97,0,0,0,0,0,0,3.97,0,0,3.97,0,3.97,0,0,3.97,0,0,0,0,0,0,11.6666666666667,2,302.267002518892,497732.997481108,497732.997481108,0,0,0,0,497732.997481108,0,0,0,0,0,0,0,94458.4382871537,135516.37279597,0,45591.9395465995,44332.4937027708,153652.392947103,0,31234.2569269521,84149.0344248531,0,84149.0344248531,110243.49286314,604534.005037783,0,604534.005037783,3753629.97481108,1470788.66498741,21158.6901763224,5245577.32997481,2963057.72025561,24982.4390008396,103718.397279597,128700.836280437,4502066.87001307,-1549682.40539415,6731889.74895046,733234.84131822,7465124.59026868,-6051749.27540722,1413375.31486146,121.158690176322,283.375314861461,141.813602015113,26.1964735516373,411939.546599496,736775.818639799,241083.123425693,23576.8261964736,120.906801007557,0,0,0,571.03274559194,0,0,571.03274559194,0,0,0,0,0,0,90.6801007556675,33.5012594458438,36.272040302267,37.0277078085642,69.0176322418136,7.80856423173804,274.307304785894,0,0,0,0,0,0,8.81612090680101,6.80100755667506,0.503778337531486,106.045340050378,17.632241813602,0,0,0,23.4256926952141,36.0201511335013,0,0,43.0730478589421,0,0,0,7.55667506297229,0,0,0,0,24.4332493702771,16.3541666666667
4,0,0,0,198000,0,0,0,0,0,0,0,34,1,289401,2,1,0,0,1,0,0,0,0,0,0,1,0,0,1,0,1,0,0,1,0,0,0,0,0,0,1,0,0,1,0,8,2,300,198000,198000,0,0,0,0,198000,0,0,0,0,0,0,0,74000,275000,8100,0,6000,0,0,428000,57791.6666666667,32881.5789473684,90673.2456140351,656500,0,190000,190000,5582817,0,0,5582817,2215674.24561404,112709.050578947,109093.8222,221802.872778947,5804619.87277895,-266174.245614035,7608491.24561404,411802.872778947,8020294.11839298,-6070794.11839298,1949500,125,260,52,26,610500,1118000,176800,44200,20,0,0,0,400,0,0,400,0,0,0,0,0,0,161,109,0,0,43,0,313,30,0,0,0,0,0,9,0,0,204,9,0,0,0,18,0,0,0,43,0,0,0,0,0,0,0,0,0,28.2903225806452
4,0,0,0,201000,0,0,0,0,0,0,0,38,2,292048,2,2.8,0,0,2.8,0,1.08,0,0,1.08,0,1.72,0,0,1.72,0,2.8,0,0,2.8,0,1.08,0,0,1.08,0,1.72,0,0,1.72,0,29,2,214.285714285714,71785.7142857143,71785.7142857143,0,0,0,0,71785.7142857143,0,0,0,0,0,0,0,0,21428.5714285714,0,0,0,0,0,0,60654.7619047619,0,60654.7619047619,0,48428.5714285714,36785.7142857143,85214.2857142857,1219884.28571429,0,0,1219884.28571429,482702.761904762,5709.68857142857,21797.4362857143,27507.1248571429,1295819.982,28868.6666666667,1665801.33333333,112721.410571429,1778522.74390476,-1266951.31533333,511571.428571429,7.14285714285714,58.2142857142857,68.9285714285714,96.0714285714286,28571.4285714286,203750,144750,134500,0,0,0,0,142.857142857143,0,0,142.857142857143,0,0,0,0,0,0,28.2142857142857,27.8571428571429,0,0,12.5,0,68.5714285714286,0,0,0,0,0,0,0,0,0,49.2857142857143,6.42857142857143,0,0,0,0,0,0,0,12.5,0,0,0,0,0,0,0,0,0.357142857142857,16.75
4,0,0,0,217000,0,0,0,0,0,0,0,36,1,280285,2,9,0,0,9,0,0,0,0,0,0,9,0,0,9,0,1.97,0,0,1.97,0,0,0,0,0,0,1.97,0,0,1.97,0,25.5,2,106.598984771574,110152.284263959,110152.284263959,0,0,0,0,110152.284263959,0,0,0,0,0,0,0,0,7106.59898477157,0,0,7614.21319796954,0,0,6091.37055837563,205684.856175973,4435.07881378573,210119.934989759,1832.48730964467,0,591370.558375634,591370.558375634,1102264.46700508,0,0,1102264.46700508,1214572.44768011,-11377.7040664797,20471.6003045685,9093.89623808887,1111358.36324316,-605841.483213109,1725466.35630956,600464.454613723,2325930.81092328,-1717199.84645627,608730.964467005,18.7817258883249,315.228426395939,0,0,41319.7969543147,567411.16751269,0,0,0,0,0,0,135.532994923858,0,0,135.532994923858,0,0,0,0,0,0,26.9035532994924,24.3654822335025,0,0,10.6598984771574,0,61.9289340101523,0,0,0,0,0,0,0,0,2.03045685279188,46.7005076142132,2.53807106598985,0,0,0,0,0,0,0,10.6598984771574,0,0,0,0,0,0,0,0,0,36.5555555555556
4,0,0,0,232000,0,0,0,0,0,0,790000,38,1,292048,2,1,0,0,1,0,1,0,0,1,0,0,0,0,0,0,1,0,0,1,0,1,0,0,1,0,0,0,0,0,0,38.6666666666667,2,290,1022000,232000,790000,0,0,0,232000,0,0,0,0,0,0,790000,136000,366000,0,0,62000,0,0,0,339038.333333333,0,339038.333333333,0,265494,0,265494,6923069,1859536,106000,8888605,4099065.65350998,-13035.5345666667,173878.443,160842.908433333,7432962.58825669,-2773965.65350998,11105691.3333333,426336.908433333,11532028.2417667,-10206928.2417667,1325100,0,0,0,631,0,0,0,1325100,0,0,0,0,400,0,0,400,0,0,0,0,1000,1000,139,3,24,28,186,40,420,90,0,0,0,0,0,0,14,0,23,54,0,0,0,44,0,16,0,179,0,0,0,0,0,0,0,0,0,32.1666666666667
4,0,0,0,2324000,0,0,0,0,0,0,0,34,4,289401,2,6.94,0,0,6.94,0,6.94,0,0,6.94,0,0,0,0,0,0,6.94,0,0,6.94,0,6.94,0,0,6.94,0,0,0,0,0,0,40,2,36.0230547550432,334870.317002882,334870.317002882,0,0,0,0,334870.317002882,0,0,0,0,0,0,0,69740.6340057637,420605.187319885,3314.12103746398,53170.0288184438,7636.88760806917,114121.037463977,154178.674351585,0,19651.7771373679,12860.2305475504,32512.0076849183,63064.3611911624,537793.948126801,0,537793.948126801,396873.198847262,3512824.2074928,204466.858789625,4114164.26512968,5239149.90159907,30135.7970701249,87511.8991354467,117647.696205572,1073070.26434714,-1932204.65664229,5656778.52161383,655441.644332373,6312220.16594621,-3005274.92098943,3306945.24495677,67.4351585014409,994.380403458213,210.086455331412,150.14409221902,229279.538904899,2585389.04899135,357146.974063401,135129.682997118,302.593659942363,0,0,0,576.368876080692,0,0,576.368876080692,0,0,0,0,0,0,4.32276657060519,0,114.553314121037,26.0806916426513,13.6887608069164,42.507204610951,201.152737752161,0,0,0,0,0,0,0,0,0,110.662824207493,3.89048991354467,0,0,0,0,34.0057636887608,26.0806916426513,0,22.1902017291066,0,0,0,4.32276657060519,0,0,0,0,0,7.3
4,0,0,0,236000,650000,0,680000,0,0,0,0,34,1,289401,2,1.67,0,0,1.67,0,1.67,0,0,1.67,0,0,0,0,0,0,1.67,0,0,1.67,0,1.67,0,0,1.67,0,0,0,0,0,0,10.2,2,179.640718562874,937724.550898204,530538.922155689,407185.628742515,0,0,0,141317.365269461,389221.556886228,0,407185.628742515,0,0,0,0,211976.047904192,247904.191616766,701017.964071856,143113.77245509,25748.502994012,318562.874251497,0,19760.4790419162,75271.4570858283,14964.0718562874,90235.5289421158,327604.790419162,537793.413173653,0,537793.413173653,12042395.8083832,985832.335329341,80239.5209580838,13108467.6646707,4304953.67817018,91442.2431137724,260856.98239521,352299.225508982,13006656.3277779,-2627648.28894862,16421517.3672655,890092.638682635,17311610.0059481,-15634304.6167265,1677305.38922156,141.916167664671,314.37125748503,44.311377245509,44.311377245509,525089.820359281,1005988.0239521,97485.0299401198,48742.5149700599,95.8083832335329,0,0,0,215.568862275449,239.520958083832,0,455.089820359281,3149.70059880239,0,0,0,0,3149.70059880239,303.592814371257,261.676646706587,11.377245508982,0,116.167664670659,29.940119760479,722.754491017964,0,0,0,0,0,0.598802395209581,10.1796407185629,42.5149700598802,4.79041916167665,151.497005988024,137.125748502994,0,0,0,102.395209580838,113.77245508982,22.7544910179641,0,86.8263473053892,0,0,0,5.98802395209581,0,0,0,0,44.311377245509,28.2903225806452
4,0,0,0,250000,0,0,0,0,0,0,0,34,1,289401,2,1.83,0,0,1.83,0,1.83,0,0,1.83,0,0,0,0,0,0,1.83,0,0,1.83,0,1.83,0,0,1.83,0,0,0,0,0,0,9,1,355.191256830601,136612.021857923,136612.021857923,0,0,0,0,136612.021857923,0,0,0,0,0,0,0,0,16939.8907103825,0,0,0,0,0,0,20021.8579234973,15567.5409836066,35589.3989071038,82595.6284153005,299945.355191257,0,299945.355191257,3224450.81967213,0,0,3224450.81967213,561137.93989071,33619.805473224,56074.8453551913,89694.6508284153,3614090.8256918,-313924.825136612,3785588.75956284,389640.006019672,4175228.76558251,-3928015.65082841,247213.114754098,0,0,85.2459016393443,0,0,0,247213.114754098,0,0,0,0,0,160.109289617486,0,0,160.109289617486,0,0,0,0,0,0,87.431693989071,93.4426229508197,0,0,10.3825136612022,0,191.256830601093,0,0,0,0,0,0,0,0,0,168.306010928962,3.27868852459016,0,0,0,0,19.672131147541,0,0,0,0,0,0,0,0,0,0,0,0,28.2903225806452
4,0,0,0,254000,0,0,0,0,0,0,0,34,1,289401,2,1.5,0,0,1.5,0,1.5,0,0,1.5,0,0,0,0,0,0,1.5,0,0,1.5,0,1.5,0,0,1.5,0,0,0,0,0,0,5.66666666666667,2,533.333333333333,169333.333333333,169333.333333333,0,0,0,0,169333.333333333,0,0,0,0,0,0,0,218000,139333.333333333,0,62666.6666666667,38666.6666666667,77333.3333333333,0,0,941485,107100,1048585,455916.666666667,600000,0,600000,2163996,2625416,202666.666666667,4992078.66666667,5235747.9569428,263831.480266667,94577.0392,358408.519466667,3213975.22919053,-3282014.62360947,7491314.66666667,958408.519466667,8449723.18613333,-6495989.8528,1953733.33333333,134.666666666667,349.333333333333,93.3333333333333,20,538666.666666667,1187733.33333333,205333.333333333,22000,0,0,0,0,266.666666666667,0,0,266.666666666667,0,0,0,0,0,0,10,108,46.6666666666667,76.6666666666667,17.3333333333333,26.6666666666667,285.333333333333,0,0,0,0,0,0,0.666666666666667,0,5.33333333333333,220,6,0,0,0,0,19.3333333333333,0,0,12,0,0,0,22,0,0,0,0,0,28.2903225806452
4,0,0,0,258000,0,605000,0,0,0,0,2041000,34,3,289401,2,3.64,0.14,0,3.5,0,0.14,0.14,0,0,0,3.5,0,0,3.5,0,3.64,0.14,0,3.5,0,0.14,0.14,0,0,0,3.5,0,0,3.5,0,3,2,439.56043956044,797802.197802198,237087.912087912,560714.285714286,0,0,0,70879.1208791209,0,166208.791208791,0,0,0,0,560714.285714286,25549.4505494506,39285.7142857143,1098.9010989011,3571.42857142857,64285.7142857143,226648.351648352,0,39752.7472527472,51411.4010989011,0,51411.4010989011,59519.2307692308,13736.2637362637,215109.89010989,228846.153846154,2195622.8021978,2087500,101098.901098901,4384221.7032967,3950209.4118209,22582.2934065934,92664.7890659341,115247.082472527,2376431.66515713,277482.895871411,5982547.84065934,344093.236318681,6326641.07697802,-2098948.76928572,4227692.30769231,362.087912087912,751.373626373626,379.395604395604,243.131868131868,1307252.74725275,1999368.13186813,702252.747252747,218818.681318681,0,0,0,0,7.41758241758242,0,329.67032967033,337.087912087912,0,0,0,0,549.450549450549,549.450549450549,44.7802197802198,34.3406593406593,42.8571428571429,38.1868131868132,37.3626373626374,37.0879120879121,234.615384615385,0,0,0,0,0,0,0,0,0,108.516483516484,41.2087912087912,0,0,0,0,53.021978021978,10.1648351648352,0,21.4285714285714,0,0,0,0,0,0,0,0,0.274725274725275,16.3541666666667
4,0,0,0,274000,0,0,0,0,0,0,0,34,1,289401,2,1,0,0,1,0,1,0,0,1,0,0,0,0,0,0,1,0,0,1,0,1,0,0,1,0,0,0,0,0,0,24,2,478,274000,274000,0,0,0,0,274000,0,0,0,0,0,0,0,68000,37000,0,0,0,0,0,0,17270,0,17270,159100,485300,0,485300,4152472,315000,47000,4514472,1163084.95473771,24880.3788,81231.6352,106112.014,4787570.05926229,597115.045262287,5359243,591412.014,5950655.014,-4190455.014,1760200,0,0,677,0,0,0,1760200,0,0,0,0,0,413,0,0,413,0,0,0,0,0,0,158,32,0,0,33,18,241,0,0,0,0,0,0,0,0,0,154,4,0,0,0,7,49,0,0,27,0,0,0,0,0,0,0,0,0,28.2903225806452
4,0,0,0,279000,0,0,0,0,0,0,0,34,3,289401,2,6,0,0,6,0,6,0,0,6,0,0,0,0,0,0,3,0,0,3,0,3,0,0,3,0,0,0,0,0,0,2,2,400,93000,93000,0,0,0,0,93000,0,0,0,0,0,0,0,53666.6666666667,50000,153333.333333333,0,0,14000,0,0,136436.111111111,4284,140720.111111111,0,1075588,0,1075588,244756.333333333,261091,16000,521847.333333333,1063470.44465312,12503.6034288889,14705.0657333333,27208.6691622222,1355294.66895355,-757670.444653115,1315968.44444444,1102796.66916222,2418765.11360667,-2112965.11360667,305800,0,0,139,0,0,0,305800,0,0,0,0,0,133.333333333333,0,0,133.333333333333,0,0,0,0,0,0,3,1.33333333333333,5,1,7.33333333333333,6.66666666666667,24.3333333333333,0,0,0,0,0,0,2,0,0,5.66666666666667,3,0,0,0,0,3,0,0,10.3333333333333,0,0,0,0.333333333333333,0,0,0,0,0,16.3541666666667
4,0,0,0,310000,0,0,0,460000,0,0,0,34,2,289401,2,3.9,0,0,3.9,0,0,0,0,0,0,3.9,0,0,3.9,0,2.6,0,0,2.6,0,0,0,0,0,0,2.6,0,0,2.6,0,19,1,66.9230769230769,296153.846153846,119230.769230769,176923.076923077,0,0,0,119230.769230769,0,0,0,176923.076923077,0,0,0,37307.6923076923,18076.9230769231,0,0,0,0,0,0,13515.3846153846,20349,33864.3846153846,58134.6153846154,0,65384.6153846154,65384.6153846154,1850548.46153846,100961.538461538,26538.4615384615,1978048.46153846,900657.584985245,39366.9153230769,38671.1429230769,78038.0582461538,1953752.01172245,-21811.4311390914,2710986.92307692,143422.673630769,2854409.59670769,-1975563.44286154,878846.153846154,0,40,300.384615384615,60,0,152000,660846.153846154,66000,0,0,0,0,358.846153846154,0,0,358.846153846154,0,2307.69230769231,0,0,0,2307.69230769231,42.3076923076923,43.4615384615385,5.76923076923077,0,18.8461538461538,0,110.384615384615,0,0,0,0,0,0,6.92307692307692,0,0,65,5.76923076923077,0,0,0,6.92307692307692,25.7692307692308,0,0,0,0,0,0,0,0,0,0,0,0,16.3541666666667
4,0,0,0,33000,0,0,0,25000,0,0,0,34,1,289401,2,1,0,0,1,0,0,0,0,0,0,1,0,0,1,0,1,0,0,1,0,0,0,0,0,0,1,0,0,1,0,5,2,400,58000,33000,25000,0,0,0,33000,0,0,0,25000,0,0,0,168000,190000,18400,0,4000,0,0,29000,250016.666666667,124574.210526316,374590.877192982,0,0,190000,190000,7987095,879648,0,8866743,2201039.87719298,213348.619026316,154946.7738,368295.392826316,8355390.39282632,281760.122807018,9998134.87719298,558295.392826316,10556430.2700193,-8073630.2700193,2482800,177,416,345,57,664200,1148000,615300,55300,0,0,0,0,67,0,0,67,0,400,0,0,0,400,260,159,20,18,35,9,501,76,0,0,0,0,0,23,0,0,346,9,0,0,0,27,0,0,0,17,0,0,0,0,0,0,0,0,3,28.2903225806452
4,0,0,0,356000,0,0,0,0,0,0,0,38,4,292048,2,15.2,0,0,15.2,0,15.2,0,0,15.2,0,0,0,0,0,0,5.7,0,0,5.7,0,5.7,0,0,5.7,0,0,0,0,0,0,31,1,184.210526315789,62456.1403508772,62456.1403508772,0,0,0,0,62456.1403508772,0,0,0,0,0,0,0,0,53333.3333333333,0,0,4912.28070175439,0,0,5701.75438596491,28801.1695906433,0,28801.1695906433,0,372623.333333333,0,372623.333333333,1383904.21052632,0,0,1383904.21052632,447252.678362573,4703.42070175439,25071.1081403509,29774.5288421053,1786302.07270175,-52357.9415204678,1831156.88888889,402397.862175439,2233554.75106433,-1838660.01422222,394894.736842105,4.91228070175439,48.0701754385965,91.5789473684211,17.719298245614,19649.1228070175,163438.596491228,192315.789473684,19491.2280701754,0,0,0,0,70.1754385964912,0,0,70.1754385964912,0,0,0,0,0,0,8.59649122807017,21.7543859649123,0,0,39.2982456140351,0,69.6491228070175,28.0701754385965,0,0,0,0,0,0,0,10.8771929824561,13.5087719298246,5.96491228070175,0,0,0,0,0,0,0,11.2280701754386,0,0,0,0,0,0,0,0,0,4.71428571428571
4,0,0,0,387000,0,0,0,0,0,0,0,36,2,280285,2,2.01,0,0,2.01,0,0,0,0,0,0,2.01,0,0,2.01,0,2.01,0,0,2.01,0,0,0,0,0,0,2.01,0,0,2.01,0,16.25,2,308.457711442786,192537.313432836,192537.313432836,0,0,0,0,192537.313432836,0,0,0,0,0,0,0,10945.2736318408,38308.4577114428,447.761194029851,0,0,0,0,0,218258.706467662,44727.7611940299,262986.467661692,11442.7860696517,0,122885.572139303,122885.572139303,1408144.7761194,0,0,1408144.7761194,919838.631840796,46584.371880597,27396.3674626866,73980.7393432836,1482125.51546269,1800957.3880597,2205097.8358209,196866.311482587,2401964.14730348,318831.872597015,2720796.0199005,160.199004975124,251.741293532338,133.830845771144,27.363184079602,977213.930348259,1263631.84079602,441641.791044776,38308.4577114428,0,0,0,0,199.004975124378,0,0,199.004975124378,0,0,0,0,0,0,53.2338308457712,25.3731343283582,0,0,2.48756218905473,0,81.0945273631841,0,0,0,0,0,0,0,0,5.97014925373134,44.7761194029851,8.45771144278607,0,0,0,1.99004975124378,17.4129353233831,0,0,2.48756218905473,0,0,0,0,0,0,0,0,0,36.5555555555556
4,0,0,0,433000,0,0,0,0,0,0,0,34,4,289401,2,5.51,0,0,5.51,0,5.51,0,0,5.51,0,0,0,0,0,0,5.51,0,0,5.51,0,5.51,0,0,5.51,0,0,0,0,0,0,24,2,190.562613430127,78584.3920145191,78584.3920145191,0,0,0,0,78584.3920145191,0,0,0,0,0,0,0,29764.0653357532,90744.1016333938,0,0,67513.611615245,32304.9001814882,0,0,113421.052631579,5831.21597096189,119252.268602541,124115.245009074,96068.9655172414,0,96068.9655172414,513467.513611615,96551.724137931,3085.29945553539,613104.537205082,928719.639001314,34809.6095099818,15139.459092559,49949.0686025408,662082.516715565,2364656.04157945,1444784.1215971,146018.034119782,1590802.15571688,1702573.52486388,3293375.68058076,430.308529945554,519.963702359347,68.6025408348457,113.611615245009,1511288.56624319,1556079.85480944,123756.805807623,102250.453720508,0,0,0,0,145.19056261343,0,0,145.19056261343,0,0,0,0,0,0,6.35208711433757,7.25952813067151,0,0,12.5226860254083,3.62976406533575,29.7640653357532,0,0,0,0,0,0,4.17422867513612,0,0,9.43738656987296,3.26678765880218,0,0,0,0,1.63339382940109,0,0,11.2522686025408,0,0,0,0,0,0,0,0,0,7.3
4,0,0,0,462000,0,0,0,0,0,0,0,34,3,289401,2,4,0.2,0,3.8,0,0,0,0,0,0,4,0.2,0,3.8,0,4,0.2,0,3.8,0,0,0,0,0,0,4,0.2,0,3.8,0,25.8,2,182.5,115500,115500,0,0,0,0,115500,0,0,0,0,0,0,0,36750,53750,3450,0,2000,0,0,32500,46553.75,0,46553.75,9847.5,0,97500,97500,2152213.25,362650,0,2514863.25,1049902.25,6397.828825,45796.29995,52194.128775,2204407.378775,1036497.75,3104615.5,149694.128775,3254309.628775,-1167909.628775,2086400,92.75,239.75,273.25,182,398850,722525,707625,257400,0,0,0,0,233.25,0,0,233.25,0,0,0,0,0,0,69,43.5,9.5,8.5,10,2.25,142.75,5.75,0,0,0,0,0,3,1.75,0,95,8.5,0,0,0,6.75,0,0,0,12,0,0,0,0,0,0,0,0,10,16.3541666666667
4,0,0,0,462000,542000,0,0,123000,0,0,2556000,34,4,289401,2,5.6,0,0,5.6,0,0,0,0,0,0,5.6,0,0,5.6,0,5.6,0,0,5.6,0,0,0,0,0,0,5.6,0,0,5.6,0,31.25,2,214.285714285714,657678.571428571,179285.714285714,478392.857142857,0,0,0,82500,96785.7142857143,0,0,21964.2857142857,0,0,456428.571428571,205892.857142857,54464.2857142857,2303.57142857143,0,2142.85714285714,62142.8571428571,0,110357.142857143,33572.0238095238,2677.5,36249.5238095238,29312.5,0,85714.2857142857,85714.2857142857,3413754.10714286,151097.857142857,8392.85714285714,3573244.82142857,1687113.04455637,8966.02915238095,77492.5676071429,86458.5967595238,3508249.82601268,1854958.38401506,5023189.98809524,172172.88247381,5195362.87056905,-1653291.44199762,3542071.42857143,316.25,617.321428571429,223.214285714286,74.6428571428572,1170125,1806232.14285714,491071.428571429,74642.8571428571,0,0,0,0,166.607142857143,28.5714285714286,0,195.178571428571,0,714.285714285714,0,0,428.571428571429,1142.85714285714,103.392857142857,73.3928571428572,3.57142857142857,3.21428571428571,18.9285714285714,1.25,203.75,32.1428571428571,0,0,0,0,0,5.35714285714286,0,0,61.7857142857143,68.5714285714286,0,0,0,0.714285714285714,0,22.1428571428571,0,4.64285714285714,0,0,0,0,0,0,0,0,2.32142857142857,7.3
4,0,0,0,509000,0,0,0,0,0,0,0,34,1,289401,2,1.6,0,0,1.6,0,0,0,0,0,0,1.6,0,0,1.6,0,1.6,0,0,1.6,0,0,0,0,0,0,1.6,0,0,1.6,0,23.8571428571429,2,171.875,318125,318125,0,0,0,0,318125,0,0,0,0,0,0,0,6875,119375,2875,71250,13125,0,0,53125,111328.125,0,111328.125,273541.666666667,0,394375,394375,6156046.25,232300,0,6388346.25,1885695.79166667,41892.90125,115753.39775,157646.299,6313692.549,1241241.70833333,7647367.04166667,552021.299,8199388.34066667,-5072450.84066667,3126937.5,301.875,578.75,260.625,47.5,1026375,1562625,495187.5,42750,234.375,0,0,0,458.125,0,0,458.125,0,0,0,0,0,0,170,101.25,12.5,0,66.25,0,350,10,0,0,0,0,0,0,8.75,2.5,205,6.875,0,0,0,0,60,15,0,32.5,0,0,0,9.375,0,0,0,0,0,28.2903225806452
4,0,0,0,550000,0,0,0,0,0,0,0,34,1,289401,1,1,0,0,1,0,1,0,0,1,0,0,0,0,0,0,1,0,0,1,0,1,0,0,1,0,0,0,0,0,0,29,2,160,550000,550000,0,0,0,0,550000,0,0,0,0,0,0,0,0,42000,0,0,34000,53000,0,93600,86986.6666666667,34807.5,121794.166666667,210575,193600,0,193600,3144832,1997114,20000,5161946,3399252.09732949,83413.2058166667,98513.4636,181926.669416667,3532590.73875384,8371347.90267051,6556316.16666667,375526.669416667,6931842.83608333,4838757.16391667,11770600,573,1823,1823,1093,1869900,5052600,3489600,1358500,0,0,0,0,533,0,0,533,0,0,0,0,0,0,97,51,51,46,26,18,289,0,0,0,0,0,0,0,0,0,225,9,0,0,0,0,20,0,0,35,0,0,0,0,0,0,0,0,0,28.2903225806452
4,0,0,0,582000,0,0,0,0,0,0,0,34,2,289401,2,2.6,0,0,2.6,0,0,0,0,0,0,2.6,0,0,2.6,0,2.6,0,0,2.6,0,0,0,0,0,0,2.6,0,0,2.6,0,22.5,2,250,223846.153846154,223846.153846154,0,0,0,0,223846.153846154,0,0,0,0,0,0,0,51153.8461538461,76923.0769230769,28307.6923076923,36538.4615384615,41538.4615384615,50769.2307692308,123461.538461538,37692.3076923077,258076.923076923,38446.1538461538,296523.076923077,0,0,340769.230769231,340769.230769231,4030570.76923077,716615.384615385,46153.8461538461,4793340,2320506.65328977,-18220.2621538462,90695.2747692308,72475.0126153846,4142232.43624869,-1322506.65328977,6049494.84615385,413244.243384615,6462739.08953846,-5464739.08953846,998000,46.9230769230769,250,76.9230769230769,19.2307692307692,159538.461538462,675000,146153.846153846,17307.6923076923,184.615384615385,0,0,0,256.538461538462,0,0,256.538461538462,0,0,0,0,0,0,119.615384615385,59.2307692307692,3.84615384615385,12.3076923076923,41.1538461538462,19.6153846153846,255.769230769231,0,0,0,0,0,0,0,8.07692307692308,0,134.615384615385,10,0,0,0,16.5384615384615,18.0769230769231,21.5384615384615,0,46.5384615384615,0,0,0,0,0,0,0,0,0.384615384615385,16.3541666666667
4,0,0,0,62000,0,0,0,0,0,0,0,38,1,292048,1,1.16,0,0,1.16,0,1.16,0,0,1.16,0,0,0,0,0,0,1.16,0,0,1.16,0,1.16,0,0,1.16,0,0,0,0,0,0,29,2,482.758620689655,53448.275862069,53448.275862069,0,0,0,0,53448.275862069,0,0,0,0,0,0,0,23275.8620689655,39655.1724137931,3017.24137931034,0,0,0,0,0,139107.75862069,0,139107.75862069,311271.551724138,183620.689655172,0,183620.689655172,3332387.93103448,0,0,3332387.93103448,861823.862068965,51131.8280172414,57299.6224137931,108431.450431034,3624440.07112069,4106193.37931034,4194211.79310345,292052.140086207,4486263.93318965,481753.308189655,4968017.24137931,233.620689655172,743.965517241379,484.48275862069,365.51724137931,957844.827586207,2529482.75862069,968965.517241379,511724.137931034,0,0,0,0,114.655172413793,0,0,114.655172413793,0,0,0,0,0,0,81.0344827586207,66.3793103448276,0,0,37.0689655172414,0,184.48275862069,0,0,0,0,0,0,0,0,0,132.758620689655,3.44827586206897,0,0,0,0,0,0,0,47.4137931034483,0,0,0,0,0,0,0,0,0.862068965517241,32.1666666666667
4,0,0,0,646000,0,0,0,0,0,0,0,36,2,280285,2,2.69,0,0,2.69,0,2.69,0,0,2.69,0,0,0,0,0,0,2.69,0,0,2.69,0,2.69,0,0,2.69,0,0,0,0,0,0,20.25,2,420.074349442379,240148.698884758,240148.698884758,0,0,0,0,240148.698884758,0,0,0,0,0,0,0,0,3717.47211895911,0,0,0,0,0,8475.83643122677,77925.6505576208,15101.4282919194,93027.0788495402,77286.2453531599,334572.49070632,0,334572.49070632,435509.665427509,204460.966542751,0,639970.63197026,907401.298180395,23217.4235994261,14812.3898141264,38029.8134135525,808111.969547381,-260412.450596752,1342910.9636079,372602.304119872,1715513.26772778,-1068524.42014413,646988.847583643,39.7769516728625,79.9256505576208,79.9256505576208,20.4460966542751,186951.672862454,263754.646840149,175836.431226766,20446.0966542751,0,0,0,0,247.955390334572,0,0,247.955390334572,0,0,0,0,0,0,17.4721189591078,7.80669144981413,0,0,0,8.17843866171004,33.457249070632,0,0,0,0,0,0,0,0,1.48698884758364,14.1263940520446,9.66542750929368,0,0,0,0,0,0,0,8.17843866171004,0,0,0,0,0,0,0,0,0,15.5454545454545
4,0,0,0,651000,0,0,0,0,0,0,0,34,4,289401,2,6.02,0,0,6.02,0,0,0,0,0,0,6.02,0,0,6.02,0,6.02,0,0,6.02,0,0,0,0,0,0,6.02,0,0,6.02,0,31.8,2,210.963455149502,108139.534883721,108139.534883721,0,0,0,0,108139.534883721,0,0,0,0,0,0,0,83554.8172757475,59800.6644518272,0,0,32890.365448505,0,0,0,145332.225913621,14232.5581395349,159564.784053156,127228.682170543,0,53820.5980066445,53820.5980066445,1289669.43521595,27657.8073089701,1328.90365448505,1318656.1461794,942086.154457778,46956.3193521595,26610.4893687708,73566.8087209302,1364537.2467327,339475.307336242,2179235.9944629,127387.406727575,2306623.40119048,-1025061.93939646,1281561.46179402,25.9136212624585,253.654485049834,268.272425249169,86.5448504983389,88106.3122923588,659501.661129568,456063.122923588,77890.365448505,0,0,0,0,199.335548172757,0,0,199.335548172757,0,0,0,0,0,0,29.5681063122924,6.31229235880399,0,0,28.2392026578073,0.830564784053156,64.9501661129568,9.30232558139535,0,0,0,0,0,9.80066445182724,0,0,8.63787375415282,14.6179401993355,0,0,0,0,0,0,0,22.5913621262458,0,0,0,0,0,0,0,0,0,7.3
4,0,0,0,67000,0,0,0,0,0,0,0,38,1,292048,2,2,0,0,2,0,2,0,0,2,0,0,0,0,0,0,1.34,0,0,1.34,0,1.34,0,0,1.34,0,0,0,0,0,0,27.6666666666667,2,57.4626865671642,50000,50000,0,0,0,0,50000,0,0,0,0,0,0,0,0,0,0,0,0,0,0,4850.74626865672,93769.9004975124,0,93769.9004975124,0,298432.835820896,0,298432.835820896,1631933.58208955,0,0,1631933.58208955,440668.646766169,9858.9237562189,28000.6198507463,37859.5436069652,1968225.96151741,-109997.004975124,2072602.22885572,336292.379427861,2408894.60828358,-2078222.96649254,330671.641791045,0,157.462686567164,0,0,0,330671.641791045,0,0,0,0,0,0,99.2537313432836,0,0,99.2537313432836,0,0,0,0,0,0,0,112.686567164179,0,0,0,0,112.686567164179,0,0,0,0,0,0,0,0,7.46268656716418,38.0597014925373,16.4179104477612,0,0,0,14.9253731343284,12.6865671641791,0,0,22.3880597014925,0,0,0,0,0,0,0,0,0.746268656716418,32.1666666666667
4,0,0,0,67000,0,0,0,0,0,0,0,38,2,292048,2,3.28,0,0,3.28,0,3.28,0,0,3.28,0,0,0,0,0,0,2.78,0,0,2.78,0,2.78,0,0,2.78,0,0,0,0,0,0,44.5,2,253.597122302158,24100.7194244604,24100.7194244604,0,0,0,0,24100.7194244604,0,0,0,0,0,0,0,0,18345.3237410072,0,0,2158.27338129496,0,0,1870.5035971223,26913.3693045564,0,26913.3693045564,41327.9376498801,17050.3597122302,0,17050.3597122302,295975.539568345,247341.007194245,0,543316.54676259,654105.134292566,11271.9331804556,9790.53669064748,21062.4698711031,334088.369151679,-587630.314148681,950080.673860911,38112.8295833333,988193.503444245,-921718.68330036,66474.8201438849,0,31.6546762589928,0,0,0,66474.8201438849,0,0,0,0,0,0,47.841726618705,0,0,47.841726618705,0,0,0,0,0,0,2.51798561151079,0,13.3093525179856,0,10.7913669064748,0,26.6187050359712,0,0,0,0,0,0,0,0,3.9568345323741,9.35251798561151,1.07913669064748,0,0,0,0,0,0,0,10.7913669064748,0,0,0,0,0,0,0,0,1.43884892086331,16.75
4,0,0,0,67000,0,0,0,0,0,0,302000,38,2,292048,2,2.8,0,0,2.8,0,2.8,0,0,2.8,0,0,0,0,0,0,2.73,0,0,2.73,0,2.73,0,0,2.73,0,0,0,0,0,0,29.3333333333333,2,104.395604395604,135164.835164835,24542.1245421245,110622.710622711,0,0,0,24542.1245421245,0,0,0,0,0,0,110622.710622711,0,56043.956043956,0,0,10622.7106227106,0,0,4761.90476190476,6478.63247863248,3661.53846153846,10140.1709401709,126254.578754579,354615.384615385,0,354615.384615385,2568161.17216117,0,0,2568161.17216117,635036.156288156,24319.8188522588,46060.926007326,70380.7448595849,2993157.30163614,194707.433455433,3203197.32844933,424996.129474969,3628193.4579243,-2798449.86818071,829743.58974359,0,296.336996336996,0,0,0,829743.58974359,0,0,0,0,0,0,48.7179487179487,0,0,48.7179487179487,0,0,0,0,146.520146520147,146.520146520147,68.4981684981685,58.6080586080586,0,0,19.047619047619,0,146.153846153846,7.32600732600733,0,0,0,0,0,0,0,22.7106227106227,84.2490842490842,6.22710622710623,0,0,0,0,0,0,0,17.2161172161172,0,0,0,0,0,0,0,0,0.732600732600733,16.75
4,0,0,0,698000,0,0,0,0,0,0,0,34,1,289401,2,1.8,0,0,1.8,0,1.8,0,0,1.8,0,0,0,0,0,0,1.8,0,0,1.8,0,1.8,0,0,1.8,0,0,0,0,0,0,21.6666666666667,2,222.222222222222,387777.777777778,387777.777777778,0,0,0,0,387777.777777778,0,0,0,0,0,0,0,6666.66666666667,33333.3333333333,155888.888888889,0,40000,36666.6666666667,0,0,40100,11305,51405,0,358611.111111111,0,358611.111111111,2421000.55555556,987285.555555556,11111.1111111111,3419397.22222222,1991643.46830052,18476.298,67723.5272222222,86199.8252222222,2873704.02358837,2482856.53169948,4420536.55555556,444810.936333333,4865347.49188889,-390847.491888888,4474500,349.444444444444,957.777777777778,303.888888888889,136.666666666667,1188111.11111111,2586000,577388.888888889,123000,0,0,0,0,444.444444444444,0,0,444.444444444444,0,0,0,0,0,0,56.1111111111111,33.8888888888889,28.3333333333333,25.5555555555556,38.3333333333333,5,187.222222222222,0,0,0,0,0,0,0,0,0,110.555555555556,9.44444444444444,0,0,0,0,5,0,0,38.3333333333333,0,0,0,0,0,0,0,0,23.8888888888889,28.2903225806452
4,0,0,0,7439000,0,0,0,0,0,0,0,34,4,289401,2,20,0,0,20,0,0,0,0,0,0,20,0,0,20,0,20,0,0,20,0,0,0,0,0,0,20,0,0,20,0,16.1666666666667,2,250,371950,371950,0,0,0,0,371950,0,0,0,0,0,0,0,103200,57600,0,31750,21700,31250,0,47150,187164,4998,192162,113250,0,340050,340050,516987.3,1558341.2,32050,2107378.5,3181870.19025648,42081.6435266667,46014.8431,88096.4866266667,613067.796370184,-2212265.19025648,3366791.5,428146.486626667,3794937.98662667,-2825332.98662667,969605,36.95,255.2,72.9,18.25,125630,689040,138510,16425,300,0,0,0,1133.3,0,0,1133.3,0,0,0,0,0,0,9.7,9.7,15.95,63.35,8.45,10,117.15,0,0,0,0,0,0,5.55,0,1,71.65,4.5,0,0,0,4.7,15.05,0,0,13.2,0,0,0,1.5,0,0,0,0,0,1.6875
4,0,0,0,758000,0,0,71000,0,0,0,0,34,1,289401,1,1.37,0,0,1.37,0,1.37,0,0,1.37,0,0,0,0,0,0,1.37,0,0,1.37,0,1.37,0,0,1.37,0,0,0,0,0,0,30,2,300.729927007299,605109.489051095,553284.671532847,51824.8175182482,0,0,0,553284.671532847,0,0,51824.8175182482,0,0,0,0,298540.145985401,27007.299270073,0,0,3649.63503649635,0,0,0,160826.642335766,20996.8116788321,181823.454014599,69197.0802919708,424014.598540146,0,424014.598540146,5673200.72992701,3057299.27007299,306569.343065693,9037069.34306569,4639383.67963655,70363.9963166131,165524.840145985,235888.836462599,6532317.20208152,17418937.4882467,10511797.4467153,659903.435002744,11171700.8817181,10886620.2861651,22058321.1678832,837.956204379562,1410.21897810219,725.547445255474,380.29197080292,7803941.60583942,10142773.7226277,3122846.71532847,988759.124087591,0,0,0,0,875.912408759124,0,0,875.912408759124,481.751824817518,0,0,0,0,481.751824817518,108.759124087591,145.255474452555,173.722627737226,0,67.1532846715328,0,494.890510948905,5.83941605839416,0,0,0,0,0,13.1386861313869,0,0,167.883211678832,31.3868613138686,0,0,0,18.2481751824817,244.525547445255,6.56934306569343,0,4.37956204379562,0,0,0,0,0,0,0,0,0,28.2903225806452
4,0,0,0,76000,0,0,0,0,0,0,0,36,1,280285,2,1.32,0,0,1.32,0,1.32,0,0,1.32,0,0,0,0,0,0,1.02,0,0,1.02,0,1.02,0,0,1.02,0,0,0,0,0,0,30.5,2,65.6862745098039,74509.8039215686,74509.8039215686,0,0,0,0,74509.8039215686,0,0,0,0,0,0,0,0,0,0,0,0,0,0,5000,177672.181372549,5388.15789473684,183060.339267286,0,264891.176470588,0,264891.176470588,1078528.43137255,654603.921568627,0,1733132.35294118,1197459.06475748,17843.5478479747,30089.8598039216,47933.4076518963,1391353.01549503,-189419.849071207,2275987.49613003,312824.584122485,2588812.08025252,-1580772.86456624,1008039.21568627,27.4509803921569,526.470588235294,0,0,60392.1568627451,947647.058823529,0,0,0,0,0,0,91.1764705882353,0,0,91.1764705882353,0,0,0,0,0,0,34.3137254901961,30.3921568627451,35.2941176470588,0,0,0,100,0,0,0,0,0,0,0,0,12.7450980392157,75.4901960784314,11.7647058823529,0,0,0,0,0,0,0,0,0,0,0,0,0,0,0,0,0,36.5555555555556
4,0,0,0,78000,0,0,0,0,0,0,319000,38,2,292048,2,4.3,0,0,4.3,0,4.3,0,0,4.3,0,0,0,0,0,0,2.86,0,0,2.86,0,2.86,0,0,2.86,0,0,0,0,0,0,17.4545454545455,2,206.293706293706,138811.188811189,27272.7272727273,111538.461538462,0,0,0,27272.7272727273,0,0,0,0,0,0,111538.461538462,0,144405.594405594,0,0,16083.9160839161,0,0,6818.18181818182,61597.3193473193,0,61597.3193473193,172159.090909091,399168.531468531,0,399168.531468531,3514558.39160839,0,0,3514558.39160839,831923.291375291,24541.8443589744,63423.2427272727,87965.0870862471,4001692.01016317,1782272.51282051,4346481.68298368,487133.618554779,4833615.30153846,-2219419.49734266,2614195.8041958,0,768.881118881119,0,0,0,2614195.8041958,0,0,0,0,0,0,37.4125874125874,0,0,37.4125874125874,0,0,0,0,139.86013986014,139.86013986014,83.2167832167832,67.8321678321678,0,0,42.3076923076923,0,193.356643356643,4.89510489510489,0,0,0,0,0,0,1.3986013986014,28.6713286713287,107.692307692308,2.7972027972028,0,0,0,0,2.44755244755245,2.44755244755245,0,36.013986013986,0,0,0,6.99300699300699,0,0,0,0,0,16.75
4,0,0,0,830000,0,0,0,0,0,0,0,34,2,289401,2,2.6,0,0,2.6,0,0,0,0,0,0,2.6,0,0,2.6,0,2.6,0,0,2.6,0,0,0,0,0,0,2.6,0,0,2.6,0,10.5,2,326.923076923077,319230.769230769,319230.769230769,0,0,0,0,319230.769230769,0,0,0,0,0,0,0,177307.692307692,45384.6153846154,0,17692.3076923077,1538.46153846154,30384.6153846154,0,15000,29434.6153846154,4119.23076923077,33553.8461538462,63125,0,291923.076923077,291923.076923077,1262230.76923077,376827.692307692,40769.2307692308,1679827.69230769,1670742.12584624,20644.8549615385,37953.6781538462,58598.5331153846,1352225.48419222,-588203.664307781,2672446,350521.610038462,3022967.61003846,-1940429.1485,1082538.46153846,83.8461538461538,211.923076923077,56.1538461538462,9.61538461538461,310230.769230769,656961.538461538,106692.307692308,8653.84615384615,118.076923076923,0,0,0,476.923076923077,0,0,476.923076923077,0,0,0,0,0,0,37.3076923076923,19.6153846153846,1.15384615384615,0,12.3076923076923,15,85.3846153846154,0,0,0,0,0,0,2.30769230769231,0,0,39.2307692307692,8.46153846153846,0,0,0,5,11.1538461538462,0,0,16.9230769230769,0,0,0,1.92307692307692,0,0,0,0,0.384615384615385,16.3541666666667
4,0,0,0,915000,0,0,0,0,0,0,0,34,2,289401,1,2.66,0,0,2.66,0,2.66,0,0,2.66,0,0,0,0,0,0,2.66,0,0,2.66,0,2.66,0,0,2.66,0,0,0,0,0,0,24,1,296.616541353383,343984.962406015,343984.962406015,0,0,0,0,343984.962406015,0,0,0,0,0,0,0,0,13157.8947368421,27669.1729323308,0,0,49624.0601503759,0,0,76283.2080200501,12750,89033.2080200501,179385.964912281,733421.052631579,0,733421.052631579,3229372.18045113,372368.421052632,81578.9473684211,3683319.54887218,1373058.77960597,32817.0933333333,68354.7436090226,101171.836942356,4137109.92199804,3856114.15272486,4675575.81203008,834592.889573935,5510168.70160401,-280995.769273182,5229172.93233083,587.218045112782,411.278195488722,195.864661654135,0,3523308.27067669,1274962.40601504,430902.255639098,0,0,0,0,0,551.503759398496,0,0,551.503759398496,0,0,0,0,0,0,117.669172932331,48.1203007518797,11.6541353383459,10.5263157894737,15.4135338345865,0,203.383458646617,0,0,0,0,0,0,0,0,0,118.421052631579,2.25563909774436,0,0,0,0,73.3082706766917,0,0,6.39097744360902,0,0,0,0,0,0,0,0,3.00751879699248,16.3541666666667
4,0,0,0,93000,0,0,51000,0,0,0,0,34,1,289401,2,1,0,0,1,0,1,0,0,1,0,0,0,0,0,0,1,0,0,1,0,1,0,0,1,0,0,0,0,0,0,21,2,400,144000,93000,51000,0,0,0,93000,0,0,51000,0,0,0,0,20000,44000,0,0,0,264000,0,33600,130950,50872.5,181822.5,233975,334600,0,334600,4959492,0,0,4959492,1210798.5,128150.4728,90720.5272,218871,5512963,2093901.5,6170290.5,553471,6723761.5,-3419061.5,3304700,156,365,728,104,530400,985500,1695200,93600,0,0,0,0,133,0,0,133,200,0,0,0,0,200,154,93,0,0,32,0,279,0,0,0,0,0,0,0,9,26,152,17,0,0,0,35,6,0,0,21,0,0,0,3,0,0,0,0,10,28.2903225806452
4,0,0,0,930000,0,0,0,0,0,0,0,34,3,289401,2,3.84,0,3.84,0,0,3.84,0,3.84,0,0,0,0,0,0,0,3.84,0,3.84,0,0,3.84,0,3.84,0,0,0,0,0,0,0,22,2,526.041666666667,242187.5,242187.5,0,0,0,0,242187.5,0,0,0,0,0,0,0,64583.3333333333,32031.25,4140.625,1562.5,34375,0,0,92291.6666666667,86712.2395833333,61591.796875,148304.036458333,0,338489.583333333,0,338489.583333333,3052913.80208333,826211.979166667,27864.5833333333,3906990.36458333,1741023.74652881,108094.904101562,72677.4931770833,180772.397278646,3594105.51012483,1320929.37847119,4815867.27604167,519261.980611979,5335129.25665365,-2273176.13165365,3061953.125,272.135416666667,579.6875,292.96875,97.65625,925260.416666667,1539921.875,505651.041666667,91119.7916666667,0,0,0,0,277.864583333333,0,0,277.864583333333,0,0,0,0,0,0,67.96875,28.90625,18.4895833333333,11.9791666666667,59.6354166666667,13.8020833333333,200.78125,0,0,0,0,0,0,0,0,0,65.3645833333333,4.42708333333333,0,0,0,0,78.3854166666667,12.7604166666667,0,29.4270833333333,0,0,0,0,0,0,0,0,10.4166666666667,16.3541666666667
4,0,0,0,930000,0,0,0,0,0,0,0,99,2,264842,1,2.64,0,0,2.64,0,2.64,0,0,2.64,0,0,0,0,0,0,2.64,0,0,2.64,0,2.64,0,0,2.64,0,0,0,0,0,0,50,2,378.787878787879,352272.727272727,352272.727272727,0,0,0,0,352272.727272727,0,0,0,0,0,0,0,120833.333333333,49242.4242424242,0,14393.9393939394,0,0,0,0,21708.3333333333,0,21708.3333333333,0,303030.303030303,0,303030.303030303,2891182.57575758,1320485.98484849,0,4211668.56060606,2143778.74242424,3406.27598484849,78823.6223484849,82229.8983333333,3276442.77712121,5105695.5,5034961.31818182,385260.201363636,5420221.51954546,1829252.72287879,7249474.24242424,436.363636363636,1092.80303030303,403.030303030303,90.530303030303,2441018.18181818,3773448.86363636,923745.454545455,111261.742424242,0,0,0,0,757.575757575758,0,0,757.575757575758,0,0,0,0,0,0,116.666666666667,21.969696969697,70.4545454545455,2.65151515151515,17.4242424242424,0,229.166666666667,0,0,0,0,0,0,38.2575757575758,0,7.95454545454546,81.0606060606061,16.2878787878788,0,0,0,0,66.6666666666667,0,0,15.9090909090909,0,0,0,3.03030303030303,0,0,0,0,0,14.4444444444444
4,0,0,0,989000,0,0,0,0,0,0,0,34,4,289401,2,5.6,0,0,5.6,0,5.6,0,0,5.6,0,0,0,0,0,0,5.6,0,0,5.6,0,5.6,0,0,5.6,0,0,0,0,0,0,25.25,2,191.071428571429,176607.142857143,176607.142857143,0,0,0,0,176607.142857143,0,0,0,0,0,0,0,17857.1428571429,18214.2857142857,3285.71428571429,26785.7142857143,0,47142.8571428571,0,36357.1428571429,34318.4523809524,726.75,35045.2023809524,27854.1666666667,173339.285714286,0,173339.285714286,1284534.10714286,226785.714285714,11428.5714285714,1522748.39285714,907051.032543914,5299.24673380952,30693.3733214286,35992.6200552381,1503579.63513037,1683770.39602751,2201298.76190476,209331.905769524,2410630.66767429,180190.760897143,2590821.42857143,158.035714285714,465,334.821428571429,204.642857142857,537321.428571429,1255500,613821.428571429,184178.571428571,0,0,0,0,261.964285714286,0,0,261.964285714286,0,0,0,0,0,0,29.8214285714286,30.7142857142857,10.7142857142857,0,12.1428571428571,1.60714285714286,85,1.78571428571429,0,0,0,0,0,6.25,0,2.85714285714286,45.7142857142857,3.21428571428571,0,0,0,13.5714285714286,8.57142857142857,0,0,1.60714285714286,0,0,0,1.42857142857143,0,0,0,0,0,7.3
4,0,0,0,992000,0,0,962000,0,0,0,0,34,4,289401,2,5.6,0,0,5.6,0,0,0,0,0,0,5.6,0,0,5.6,0,5.6,0,0,5.6,0,0,0,0,0,0,5.6,0,0,5.6,0,10,2,178.571428571429,348928.571428571,177142.857142857,171785.714285714,0,0,0,177142.857142857,0,0,171785.714285714,0,0,0,0,133750,52678.5714285714,7607.14285714286,0,0,0,0,0,59017.8571428571,21661.5789473684,80679.4360902256,0,0,243214.285714286,243214.285714286,2125743.57142857,153035.714285714,0,2278779.28571429,1309294.72180451,27897.8503630326,46840.9432857143,74738.7936487469,2200482.36507732,472383.84962406,3191824.0075188,317953.079363033,3509777.08688183,-1728098.51545326,1781678.57142857,83.75,394.107142857143,103.214285714286,46.4285714285714,309821.428571429,1181214.28571429,226571.428571429,64071.4285714286,0,0,0,0,380.892857142857,0,0,380.892857142857,607.142857142857,0,0,0,0,607.142857142857,73.2142857142857,31.4285714285714,0,8.21428571428572,13.3928571428571,0.714285714285714,126.964285714286,35.5357142857143,0,0,0,0,0,4.10714285714286,0,0,63.2142857142857,15.7142857142857,0,0,0,2.32142857142857,0,0,0,5.89285714285714,0,0,0,0,0,0,0,0,0.178571428571429,7.3
4,20000,0,0,245000,0,0,0,0,0,0,0,38,1,292048,2,2.2,0,0,2.2,0,2.2,0,0,2.2,0,0,0,0,0,0,1.22,0,0,1.22,0,1.22,0,0,1.22,0,0,0,0,0,0,48.6666666666667,2,188.524590163934,217213.114754098,217213.114754098,0,16393.4426229508,0,0,200819.672131148,0,0,0,0,0,0,0,0,86885.2459016393,0,0,10655.737704918,0,0,5327.86885245902,143855.191256831,11704.9180327869,155560.109289618,0,1322540.98360656,0,1322540.98360656,4879791.80327869,0,0,4879791.80327869,767690.076502732,18504.3284153005,86317.9045901639,104822.233005464,6307155.01989071,-211706.469945355,5647481.87978142,1427363.21661202,7074845.09639344,-6518861.48983607,555983.606557377,0,264.754098360656,0,0,0,555983.606557377,0,0,0,27.0491803278689,0,0,350,0,0,377.049180327869,0,0,0,0,0,0,114.754098360656,105.737704918033,0,0,52.4590163934426,0,272.950819672131,0,0,0,0,0,0,0,0,33.6065573770492,126.229508196721,52.4590163934426,0,0,0,7.37704918032787,0,0,0,52.4590163934426,0,0,0,0,0,0,0,0,0.819672131147541,32.1666666666667
4,45000,0,0,0,0,0,0,0,0,0,0,34,1,289401,2,1.7,0,0.7,1,0,1.7,0,0.7,1,0,0,0,0,0,0,1.6,0,0.7,0.9,0,1.6,0,0.7,0.9,0,0,0,0,0,0,25.3333333333333,2,406.25,28125,28125,0,28125,0,0,0,0,0,0,0,0,0,0,96875,41250,1812.5,10000,0,0,0,22437.5,160786.458333333,8925,169711.458333333,0,785445.625,0,785445.625,2784479.375,0,0,2784479.375,659612.458333333,21000.3608541667,49550.657625,70551.0184791667,3640476.01847917,2448512.54166667,3444091.83333333,855996.643479167,4300088.4768125,-1191963.4768125,3108125,133.75,690,363.125,196.25,454750,1815187.5,648062.5,190125,0,41.875,0,0,0,0,0,41.875,0,0,0,0,0,0,84.375,54.375,0,0,18.125,0,156.875,12.5,0,0,0,0,0,1.25,5.625,9.375,102.5,6.875,0,0,0,10,0,0,0,5.625,0,0,0,3.125,0,0,0,0,0,28.2903225806452
4,61000,0,0,0,0,0,0,0,0,0,2130000,99,2,264842,1,2.75,0,0,2.75,0,0,0,0,0,0,2.75,0,0,2.75,0,2.75,0,0,2.75,0,0,0,0,0,0,2.75,0,0,2.75,0,20,2,298.181818181818,796727.272727273,22181.8181818182,774545.454545455,22181.8181818182,0,0,0,0,0,0,0,0,0,774545.454545455,218181.818181818,176000,95345.4545454545,0,1818.18181818182,0,0,236363.636363636,43884.8484848485,57490.9090909091,101375.757575758,126545.454545455,0,230181.818181818,230181.818181818,3805506.18181818,953272.727272727,62545.4545454545,4821324.36363636,3213183.14959778,39717.3370666667,105339.628072727,145056.965139394,4000579.57311737,12576853.2140386,6838523.93939394,375238.783321212,7213762.72271515,8576273.64092121,15790036.3636364,781.090909090909,1953.09090909091,976,196,4433454.54545455,9188981.81818182,1952000,215600,0,32.3636363636364,0,0,0,0,0,32.3636363636364,0,0,0,0,1090.90909090909,1090.90909090909,127.636363636364,79.6363636363636,9.81818181818182,33.4545454545455,11.6363636363636,8.72727272727273,270.909090909091,0,0,0,0,0,0,5.09090909090909,0,89.4545454545455,105.454545454545,13.4545454545455,0,0,0,0,44.3636363636364,0,0,13.0909090909091,0,0,0,0,0,0,0,0,0,14.4444444444444
4,90000,0,0,0,0,0,0,0,0,0,0,34,4,289401,2,7,0,0,7,0,7,0,0,7,0,0,0,0,0,0,5.6,0,0,5.6,0,5.6,0,0,5.6,0,0,0,0,0,0,13.5,2,285.714285714286,16071.4285714286,16071.4285714286,0,16071.4285714286,0,0,0,0,0,0,0,0,0,0,53571.4285714286,23928.5714285714,642.857142857143,5535.71428571429,5357.14285714286,0,0,3250,22157.7380952381,1453.5,23611.2380952381,30949.4047619048,239000,0,239000,1885554.28571429,0,0,1885554.28571429,452318.785714286,7545.88302666667,33098.9297142857,40644.8127409524,2165199.09845524,2086627.64285714,2337873.07142857,279644.812740952,2617517.88416952,-78571.4555980954,2538946.42857143,152.5,351.428571428571,415.892857142857,169.285714285714,542285.714285714,1032107.14285714,788339.285714286,176214.285714286,0,23.75,0,0,0,0,0,23.75,0,0,0,0,0,0,52.8571428571429,32.3214285714286,0,0,18.5714285714286,0,103.75,3.57142857142857,0,0,0,0,0,5,0,9.10714285714286,60.5357142857143,1.60714285714286,0,0,0,3.75,8.75,0,0,9.64285714285714,0,0,0,1.78571428571429,0,0,0,0,0,7.3
4,92000,0,0,0,0,0,0,0,0,0,0,34,3,289401,2,14,0,0,14,0,14,0,0,14,0,0,0,0,0,0,3,0,0,3,0,3,0,0,3,0,0,0,0,0,0,32,2,533.333333333333,30666.6666666667,30666.6666666667,0,30666.6666666667,0,0,0,0,0,0,0,0,0,0,23000,19333.3333333333,0,5333.33333333333,6000,0,0,52333.3333333333,58969.4444444444,48492.5,107461.944444444,0,291200,0,291200,1792916,634333.333333333,33000,2460249.33333333,1176487.10996075,56821.0161111111,43108.8056,99929.8217111111,2208421.65619481,2196346.22337259,2993778.94444444,391129.821711111,3384908.76615556,-12075.4328222223,3372833.33333333,156.333333333333,521,555.666666666667,243.333333333333,559400,1545633.33333333,1048800,219000,0,37,0,0,0,0,0,37,0,0,0,0,0,0,66,29.6666666666667,22,0,5.66666666666667,6,129.333333333333,0,0,0,0,0,0,1.66666666666667,0,9.66666666666667,72.6666666666667,5.33333333333333,0,0,0,7.33333333333333,17.6666666666667,0,0,11.6666666666667,0,0,0,3.33333333333333,0,0,0,0,0,16.3541666666667
