"▣ 연령별","무기질비료_질소질_지출액","무기질비료_인산질_지출액","무기질비료_가리질_지출액","무기질비료_복합_지출액","무기질비료_토양개량제_지출액","무기질비료_기타_지출액","유기질비료_퇴구비_지출액","유기질비료_계분_지출액","유기질비료_우분_지출액","유기질비료_돈분_지출액","유기질비료_기타_지출액","▣ 지역별","▣ 규모별(통계표기준)","조성비","▣ 경영수준별","경지면적_합계_계","경지면적_합계_논","경지면적_합계_밭","경지면적_합계_임지","경지면적_합계_기타","경지면적_자작지_계","경지면적_자작지_논","경지면적_자작지_밭","경지면적_자작지_임지","경지면적_자작지_기타","경지면적_차용지_계","경지면적_차용지_논","경지면적_차용지_밭","경지면적_차용지_임지","경지면적_차용지_기타","재배면적_합계_계","재배면적_합계_논","재배면적_합계_밭","재배면적_합계_임지","재배면적_합계_기타","재배면적_자작지_계","재배면적_자작지_논","재배면적_자작지_밭","재배면적_자작지_임지","재배면적_자작지_기타","재배면적_차용지_계","재배면적_차용지_논","재배면적_차용지_밭","재배면적_차용지_임지","재배면적_차용지_기타","수령","▣ 전/겸업별","재배본수_ha당","비료비_ha당","무기질비료_ha당","유기질비료_ha당","무기질비료_질소질_지출액_ha당","무기질비료_인산질_지출액_ha당","무기질비료_가리질_지출액_ha당","무기질비료_복합_지출액_ha당","무기질비료_토양개량제_지출액_ha당","무기질비료_기타_지출액_ha당","유기질비료_퇴구비_지출액_ha당","유기질비료_계분_지출액_ha당","유기질비료_우분_지출액_ha당","유기질비료_돈분_지출액_ha당","유기질비료_기타_지출액_ha당","농약비_ha당","수도광열비_ha당","기타재료비_ha당","소농구비_ha당","수선비_ha당","임차료_ha당","위탁영농비_ha당","기타비용_ha당","기계_감가상각비_ha당","시설물_감가상각비_ha당","감가상각비_ha당","자동차비_ha당","자가토지용역비_ha당","임차토지용역비_ha당","토지용역비_ha당","자가노동비_ha당","고용노동비_ha당","급식물비_ha당","노동비_ha당","경영비","고정자본용역비_ha당","유동자본용역비_ha당","자본용역비_ha당","내급비","소득","직접생산비","간접생산비","생산비 합계_ha당","순수익","총 평가액_ha당","특대 수량_ha당","대 수량_ha당","중 수량_ha당","소 수량_ha당","특대 평가액_ha당","대 평가액_ha당","중 평가액_ha당","소 평가액_ha당","부산물 생산량_ha당","무기질_질소질_수량_ha당","무기질_인산질_수량_ha당","무기질_가리질_수량_ha당","무기질_복합_수량_ha당","무기질_토양개량제_수량_ha당","무기질_기타_수량_ha당","무기질_합계_수량_ha당","유기질_퇴구비_수량_ha당","유기질_계분_수량_ha당","유기질_우분_수량_ha당","유기질_돈분_수량_ha당","유기질_기타_수량_ha당","유기질_합계_수량_ha당","총 노동시간_보통자가_남_ha당","총 노동시간_보통자가_여_ha당","총 노동시간_보통고용_남_ha당","총 노동시간_보통고용_여_ha당","총 노동시간_특수자가_ha당","총 노동시간_특수고용_ha당","총 노동시간_합계_ha당","간벌_시간_ha당","경운_시간_ha당","관수(살수)_시간_ha당","두둑_시간_ha당","멀칭_시간_ha당","배수로 정비 및 관리_시간_ha당","병해충방제_시간_ha당","보식작업_시간_ha당","선별 및 포장_시간_ha당","수확_시간_ha당","시비_시간_ha당","식재(조림)_시간_ha당","열매솎기(적과)_시간_ha당","인공교배 또는 수정_시간_ha당","재배지 정리_시간_ha당","전정_시간_ha당","접목 및 관리_시간_ha당","정지_시간_ha당","제초_시간_ha당","종묘 이식_시간_ha당","차광막 설치_시간_ha당","채종_시간_ha당","꽃눈솎기(적뢰)_시간_ha당","출하_시간_ha당","일반관리_시간_ha당","파종_시간_ha당","세척_시간_ha당","운반 및 저장_시간_ha당","기타_시간_ha당","가중치"
1,0,0,0,0,0,0,0,0,0,0,0,34,2,300789,2,3.25,0,0,3.25,0,0,0,0,0,0,3.25,0,0,3.25,0,2.6,0,0,2.6,0,0,0,0,0,0,2.6,0,0,2.6,0,19.3333333333333,2,346.153846153846,0,0,0,0,0,0,0,0,0,0,0,0,0,0,7307.69230769231,5615.38461538462,0,0,0,0,0,152692.307692308,344397.435897436,6162.69230769231,350560.128205128,470884.615384615,0,300000,300000,1793918.46153846,0,0,1793918.46153846,1587849.12820513,130911.469891667,39484.607,170396.076891667,1964314.53843013,1404743.17948718,3081767.58974359,470396.076891667,3552163.66663526,-559571.358942949,2992592.30769231,0,703.076923076923,168.846153846154,202.307692307692,0,2341246.15384615,388346.153846154,263000,0,0,0,0,0,0,0,0,0,0,0,0,0,0,39.2307692307692,51.9230769230769,0,0,10.7692307692308,0,101.923076923077,0,0,0,0,0,0,0,10,6.92307692307692,66.1538461538461,0,0,0,0,2.69230769230769,4.23076923076923,0,0,10.7692307692308,0,0,0,0,1.15384615384615,0,0,0,0,0,16.3541666666667
1,0,0,0,0,0,0,0,0,0,0,0,34,4,300789,1,14.14,0,0,14.14,0,14.14,0,0,14.14,0,0,0,0,0,0,14.14,0,0,14.14,0,14.14,0,0,14.14,0,0,0,0,0,0,20.2,2,268.741159830269,0,0,0,0,0,0,0,0,0,0,0,0,0,0,19448.3734087695,14038.189533239,0,0,7072.13578500707,0,0,4384.72418670438,185648.721122112,1259.19377652051,186907.914898633,33615.6294200849,277581.329561528,0,277581.329561528,1072505.51626591,350087.057991513,14144.2715700141,1436736.84582744,919823.801456713,40706.0952955563,29855.8574151344,70561.9527106907,1431312.29387538,2567256.11367766,2002992.81305988,348143.282272218,2351136.0953321,1135943.81980227,3487079.91513437,0,1047.171145686,0,0,0,3487079.91513437,0,0,0,0,0,0,0,0,0,0,0,0,0,0,0,0,22.4893917963225,14.0735502121641,8.76944837340877,9.68882602545969,17.7510608203678,1.6973125884017,74.4695898161245,7.63790664780764,0,0,0,0,0,1.76803394625177,0,3.18246110325318,25.7425742574257,0,0,0,0,6.08203677510608,20.2263083451202,0,0,9.47666195190948,0,0,0,0,0.353606789250354,0,0,0,0,0,1.6875
1,0,0,0,455000,0,0,0,0,0,0,4663000,99,4,270258,2,13.66,0,0,13.66,0,13.66,0,0,13.66,0,0,0,0,0,0,13.66,0,0,13.66,0,13.66,0,0,13.66,0,0,0,0,0,0,30.8571428571429,2,168.374816983895,374670.571010249,33308.9311859444,341361.639824305,0,0,0,33308.9311859444,0,0,0,0,0,0,341361.639824305,59516.8374816984,73821.3762811127,11054.1727672035,0,805.270863836018,0,0,0,101467.026598341,23180.7989960259,124647.825594367,5273.91410444119,232650.073206442,0,232650.073206442,1221288.94582723,867945.754026354,46120.0585651537,2135354.75841874,1807153.70880279,35638.9399805654,53502.7431844802,89141.6831650457,1570040.77409034,1134888.38490145,3055402.72652165,321791.756371488,3377194.48289314,-435152.38918889,2942042.09370425,272.98682284041,363.98243045388,200.95168374817,73.2796486090776,1184762.81112738,1275030.45387994,403912.884333821,78335.9443631039,0,0,0,0,31.4787701317716,0,0,31.4787701317716,0,0,0,0,658.857979502196,658.857979502196,29.4289897510981,8.05270863836018,14.2752562225476,38.1405563689605,22.0351390922401,0,111.932650073206,0,0,0,0,0,0,1.17130307467057,0,0,75.3294289897511,4.97803806734993,0,0,0,0,24.2313323572474,0,0,6.22254758418741,0,0,0,0,0,0,0,0,0,0,2.42857142857143
1,0,0,0,83000,0,0,15000,0,0,0,0,38,1,296914,2,1.84,0,0,1.84,0,1.84,0,0,1.84,0,0,0,0,0,0,1.84,0,0,1.84,0,1.84,0,0,1.84,0,0,0,0,0,0,43,2,27.1739130434783,53260.8695652174,45108.6956521739,8152.17391304348,0,0,0,45108.6956521739,0,0,8152.17391304348,0,0,0,0,0,25706.5217391304,0,0,11413.0434782609,0,0,0,62437.5,3225.27173913043,65662.7717391304,109592.391304348,19021.7391304348,0,19021.7391304348,2192816.84782609,241847.826086957,8152.17391304348,2442816.84782609,805207.221483887,38004.1098213315,51043.9252445652,89048.0350658968,2308228.99836462,-318946.351918669,3005366.44565217,108069.774196332,3113436.21984851,-2627175.35028329,486260.869565217,0,253.260869565217,0,0,0,486260.869565217,0,0,0,0,0,0,48.9130434782609,0,0,48.9130434782609,65.2173913043478,0,0,0,0,65.2173913043478,46.7391304347826,42.3913043478261,0,0,27.1739130434783,9.23913043478261,125.54347826087,0,0,0,0,0,0,0,0,9.78260869565217,75,2.71739130434783,0,0,0,0,1.6304347826087,0,0,36.4130434782609,0,0,0,0,0,0,0,0,0,0,32.1666666666667
1,115000,0,0,758000,0,0,0,0,0,0,2238000,99,3,270258,1,4,0,0,4,0,0,0,0,0,0,4,0,0,4,0,4,0,0,4,0,0,0,0,0,0,4,0,0,4,0,24,2,337.5,777750,218250,559500,28750,0,0,189500,0,0,0,0,0,0,559500,252750,130425,51000,18500,0,0,0,173750,45436.4583333333,96143.8486842105,141580.307017544,24005.2083333333,0,162750,162750,1905926,1390737.75,133500,3430163.75,3449824.86612568,168947.561048657,97411.9258125,266359.486861157,2249466.88608636,10798979.3838743,5270182.26535088,429109.486861157,5699291.75221203,8549512.49778797,14248804.25,530.25,1850.75,655.5,134,3075450,8883600,2102188.5,187565.75,0,25,0,0,180,0,0,205,0,0,0,0,900,900,47,38.75,12.5,71,17.5,0,186.75,0,0,0,0,0,0,1.25,0,36,109.5,17.5,0,0,0,0,0,0,0,22.5,0,0,0,0,0,0,0,0,0,0,14.4444444444444
2,0,0,0,0,0,0,0,0,0,0,0,34,2,300789,2,2.6,0,0,2.6,0,2.6,0,0,2.6,0,0,0,0,0,0,2.6,0,0,2.6,0,2.6,0,0,2.6,0,0,0,0,0,0,14.5,2,230.769230769231,0,0,0,0,0,0,0,0,0,0,0,0,0,0,8461.53846153846,5269.23076923077,43461.5384615385,0,0,0,0,21923.0769230769,197758.814102564,0,197758.814102564,53544.8717948718,226153.846153846,0,226153.846153846,1845826.15384615,0,0,1845826.15384615,631208.07051282,62092.96609375,38787.572,100880.53809375,2172860.53809375,539415.006410257,2477034.22435897,327034.384247596,2804068.60860657,-1633445.53168349,1170623.07692308,0,351.538461538462,0,0,0,1170623.07692308,0,0,0,0,0,0,0,0,0,0,0,0,0,0,0,0,66.1538461538461,21.1538461538462,0,0,11.1538461538462,0,98.4615384615385,9.23076923076923,0,0,0,0,0,0,1.53846153846154,10.3846153846154,44.2307692307692,0,0,0,0,8.46153846153846,16.9230769230769,0,0,6.92307692307692,0,0,0,0,0.769230769230769,0,0,0,0,0,16.3541666666667
2,0,0,0,0,0,0,0,0,0,0,0,34,4,300789,2,13.5,0,0,13.5,0,13.5,0,0,13.5,0,0,0,0,0,0,13.5,0,0,13.5,0,13.5,0,0,13.5,0,0,0,0,0,0,16.25,2,259.259259259259,0,0,0,0,0,0,0,0,0,0,0,0,0,0,122888.888888889,6348.14814814815,0,8814.81481481482,1481.48148148148,0,0,36666.6666666667,34202.4691358024,10550.4483430799,44752.9174788824,9250.61728395062,454518.518518519,0,454518.518518519,698426,493730.666666667,3333.33333333333,1195490,1026103.69858638,23360.1410682911,27639.5535,50999.6945682911,1205897.04926326,132335.56067288,1726482.53476283,505518.21308681,2232000.74784964,-1073561.48859038,1158439.25925926,98.7407407407407,116.37037037037,81.2592592592593,60.8888888888889,623132.592592593,356580.740740741,130014.814814815,48711.1111111111,0,0,0,0,0,0,0,0,0,0,0,0,0,0,12.2962962962963,9.11111111111111,12.6666666666667,6.74074074074074,13.3333333333333,5.40740740740741,59.5555555555556,0,0,0,0,0,0,2.07407407407407,0,0,23.7037037037037,0,0,0,0,0,13.037037037037,0,0,11.1851851851852,0,0,0,0,0.962962962962963,0,0,0,0,8.59259259259259,1.6875
2,0,0,0,0,0,0,0,0,0,0,0,34,4,300789,2,5.67,0,0,5.67,0,0,0,0,0,0,5.67,0,0,5.67,0,5.67,0,0,5.67,0,0,0,0,0,0,5.67,0,0,5.67,0,23.6,2,129.982363315697,0,0,0,0,0,0,0,0,0,0,0,0,0,0,3350.97001763668,4021.16402116402,16049.3827160494,0,0,0,0,80423.2804232804,15823.0452674897,3373.94411955815,19196.9893870479,173764.55026455,0,300000,300000,482864.197530864,0,0,482864.197530864,897595.336829729,15281.4677162041,11822.1862433862,27103.6539595903,509967.851490455,-414246.130480522,1080459.53436059,327103.65395959,1407563.18832018,-924213.981970977,483349.206349206,0,145.149911816578,0,0,0,483349.206349206,0,0,0,0,0,0,0,0,0,0,0,0,0,0,0,0,16.0493827160494,0,0,0,7.2310405643739,0,23.2804232804233,0,0,0,0,0,0,0,1.23456790123457,1.58730158730159,8.11287477954145,0,0,0,0,2.64550264550265,5.82010582010582,0,0,3.35097001763668,0,0,0,0,0.529100529100529,0,0,0,0,0,7.68421052631579
2,0,0,0,0,0,0,0,0,0,0,0,38,1,296914,2,1,0,0,1,0,1,0,0,1,0,0,0,0,0,0,1,0,0,1,0,1,0,0,1,0,0,0,0,0,0,20.75,2,390,0,0,0,0,0,0,0,0,0,0,0,0,0,0,0,118000,264000,0,48000,0,0,0,163861.666666667,0,163861.666666667,230450,276000,0,276000,4927962,906447,0,5834409,2027672.66666667,73143.8955,126227.84135,199371.73685,5403333.73685,1457147.33333333,6955634.66666667,475371.73685,7431006.40351667,-3946186.40351667,3484820,101,786,395,421,367640,2145780,592500,378900,0,0,0,0,0,0,0,0,0,0,0,0,0,0,124,21,48,0,92,0,285,86,0,0,0,0,0,0,42,0,103,0,0,0,0,0,0,0,0,54,0,0,0,0,0,0,0,0,0,0,32.1666666666667
2,0,0,0,0,0,0,0,0,0,0,5316000,34,4,300789,2,13.6,0,0,13.6,0,0,0,0,0,0,13.6,0,0,13.6,0,13.6,0,0,13.6,0,0,0,0,0,0,13.6,0,0,13.6,0,25.7142857142857,2,595.588235294118,390882.352941177,0,390882.352941177,0,0,0,0,0,0,0,0,0,0,390882.352941177,22647.0588235294,209661.764705882,8308.82352941177,0,180205.882352941,0,0,0,190246.691176471,4363.60294117647,194610.294117647,44129.9019607843,0,44558.8235294118,44558.8235294118,2646877.64705882,225403.529411765,0,2872281.17647059,1621197.43137255,35420.5577359069,74232.3392352941,109652.896971201,2756530.54403003,-1289610.66666667,4223516.25490196,154211.720500613,4377727.97540257,-4046141.21069669,331586.764705882,17.1323529411765,19.4117647058824,77.0588235294118,35.8823529411765,70927.9411764706,70658.8235294118,154117.647058824,35882.3529411765,0,0,0,0,0,0,0,0,0,0,0,0,330.882352941177,330.882352941177,76.3235294117647,0,11.0294117647059,1.02941176470588,48.75,0,137.132352941176,0,0,0,0,0,0,15.8088235294118,0,0,16.4705882352941,32.2058823529412,0,0,0,0,45.4411764705882,0,0,22.8676470588235,0,0,0,0,0,0,0,0,0,4.33823529411765,1.6875
2,0,0,0,0,0,0,115000,0,0,0,0,34,1,300789,2,1,0,0,1,0,1,0,0,1,0,0,0,0,0,0,1,0,0,1,0,1,0,0,1,0,0,0,0,0,0,20,2,300,115000,0,115000,0,0,0,0,0,0,115000,0,0,0,0,76000,414500,4000,6000,8000,0,0,513000,185191.666666667,129001.578947368,314193.245614035,950166.666666667,303000,0,303000,3089187,0,0,3089187,2701648.9122807,312417.047497807,92200.09305,404617.140547807,3796804.14054781,-950048.912280702,5790835.9122807,707617.140547807,6498453.05282851,-4746853.05282851,1751600,302,0,0,0,1751600,0,0,0,0,0,0,0,0,0,0,0,1000,0,0,0,0,1000,77,46,0,0,38,0,161,19,0,0,0,0,0,0,4,0,92,11,0,0,0,0,0,7,0,28,0,0,0,0,0,0,0,0,0,0,28.2903225806452
2,0,0,0,0,0,0,473000,0,0,0,0,34,1,300789,2,1,0,0,1,0,1,0,0,1,0,0,0,0,0,0,1,0,0,1,0,1,0,0,1,0,0,0,0,0,0,9,2,300,473000,0,473000,0,0,0,0,0,0,473000,0,0,0,0,163000,537600,0,32000,8000,0,0,467000,172066.666666667,173976.052631579,346042.719298246,600166.666666667,304000,0,304000,6821477,713682,0,7535159,3641280.38596491,314496.881890351,185697.54385,500194.425740351,7625671.42574035,-41700.3859649118,10462757.3859649,804194.425740351,11266951.8117053,-7667371.81170526,3599580,183,622,351,421,739320,1884660,596700,378900,0,0,0,0,0,0,0,0,1200,0,0,0,0,1200,175,126,9,36,65,0,411,67,0,0,0,0,0,14,0,0,292,11,0,0,0,0,0,0,0,18,0,0,0,0,0,0,0,0,0,9,28.2903225806452
2,0,0,0,0,0,0,789000,0,0,0,1943000,34,3,300789,1,3.7,0,0.85,2.85,0,0,0,0,0,0,3.7,0,0.85,2.85,0,3.7,0,0.85,2.85,0,0,0,0,0,0,3.7,0,0.85,2.85,0,25,2,291.891891891892,738378.378378378,0,738378.378378378,0,0,0,0,0,0,213243.243243243,0,0,0,525135.135135135,145945.945945946,135162.162162162,6216.21621621622,34054.0540540541,10810.8108108108,0,0,55945.9459459459,559036.599099099,160391.891891892,719428.490990991,55493.2432432432,0,127027.027027027,127027.027027027,3431351.08108108,2241621.62162162,105945.945945946,5778918.64864865,4612736.43701284,398304.200205518,139144.458067568,537448.658273086,4032882.14468367,7438777.07650067,7981142.8963964,664475.685300113,8645618.58169651,3405894.931817,12051513.5135135,1235.13513513513,1235.13513513513,1422.97297297297,1137.2972972973,4989945.94594595,3618945.94594595,2419054.05405405,1023567.56756757,0,0,0,0,0,0,0,0,2162.16216216216,0,0,0,486.486486486486,2648.64864864865,61.0810810810811,58.9189189189189,48.9189189189189,15.6756756756757,56.4864864864865,40.5405405405405,281.621621621622,0,0,0,0,0,0,30.2702702702703,0,0,86.7567567567568,23.7837837837838,0,0,0,0,59.4594594594595,14.5945945945946,0,30.5405405405405,0,0,0,0,1.62162162162162,0,0,0,0,34.5945945945946,16.3541666666667
2,0,0,0,0,0,0,888000,0,0,0,7352000,99,4,270258,1,6,0,0,6,0,0,0,0,0,0,6,0,0,6,0,6,0,0,6,0,0,0,0,0,0,6,0,0,6,0,16,2,291.666666666667,1373333.33333333,0,1373333.33333333,0,0,0,0,0,0,148000,0,0,0,1225333.33333333,182666.666666667,140700,0,6166.66666666667,0,0,0,193000,55823.75,0,55823.75,25605.5555555556,0,135666.666666667,135666.666666667,1969370.66666667,1942977.33333333,526166.666666667,4438514.66666667,4587506.50277444,17044.0549319444,127637.783866667,144681.838798611,2378910.64157973,4375457.16389223,6686068.63888889,280348.505465278,6966417.14435417,1996546.5223125,8962963.66666667,566.666666666667,1416.66666666667,680,163,2459333.33333333,4962583.33333333,1366800,174247,0,0,0,0,0,0,0,0,1000,0,0,0,2340,3340,68,0,7.66666666666667,109,27.6666666666667,0,212.333333333333,0,0,0,0,0,0,5.16666666666667,0,0,137.833333333333,38.3333333333333,0,0,0,0,11,0,0,20,0,0,0,0,0,0,0,0,0,0,6.90909090909091
2,0,0,0,1109000,0,0,0,0,0,0,0,34,4,300789,2,6.5,0,0,6.5,0,6.5,0,0,6.5,0,0,0,0,0,0,6.5,0,0,6.5,0,6.5,0,0,6.5,0,0,0,0,0,0,25,2,1015.38461538462,170615.384615385,170615.384615385,0,0,0,0,170615.384615385,0,0,0,0,0,0,0,10769.2307692308,135953.846153846,0,52000,769.230769230769,0,0,62923.0769230769,71560.2564102564,20759.4736842105,92319.7300944669,73866.6666666667,110461.538461538,0,110461.538461538,1412474.76923077,985615.384615385,225538.461538462,2623628.61538462,1978317.88946605,42611.0237587719,61591.6866,104202.710358772,1759981.14073078,744543.648995485,3523634.78137652,214664.24882031,3738299.03019683,-1015437.49173529,2722861.53846154,168.769230769231,483.692307692308,270,129.384615384615,681827.692307692,1465587.69230769,459000,116446.153846154,0,0,0,0,266.153846153846,0,0,266.153846153846,0,0,0,0,0,0,45.0769230769231,24.4615384615385,39.2307692307692,14,7.84615384615385,5.38461538461539,136,17.6923076923077,0,0,0,0,0,0,0,0,59.8461538461538,10.1538461538462,0,0,0,48.1538461538462,0,0,0,0,0,0,0,0,0,0,0,0,0,0.153846153846154,7.68421052631579
2,0,0,0,1192000,0,0,0,0,0,0,0,34,4,300789,2,14,0,0,14,0,0,0,0,0,0,14,0,0,14,0,14,0,0,14,0,0,0,0,0,0,14,0,0,14,0,21,2,285.714285714286,85142.8571428572,85142.8571428572,0,0,0,0,85142.8571428572,0,0,0,0,0,0,0,29357.1428571429,86878.5714285714,500,6928.57142857143,714.285714285714,0,0,169000,44818.8095238095,210831.390977444,255650.200501253,88588.0952380953,0,387000,387000,940422.142857143,857928.571428572,74071.4285714286,1872422.14285714,2303814.11541148,319672.491088753,45932.22725,365604.718338753,1344761.4700952,451486.598874236,2895970.86716792,752604.718338753,3648575.58550667,-893274.871220958,2755300.71428571,97.9285714285714,592.785714285714,275.785714285714,105.214285714286,395631.428571429,1796140.71428571,468835.714285714,94692.8571428572,0,0,0,0,102.857142857143,0,0,102.857142857143,0,0,0,0,0,0,18.0714285714286,22,11,39.1428571428571,10.9285714285714,0.714285714285714,101.857142857143,3.42857142857143,0,0,0,0,0,2,5.21428571428572,0,65.2142857142857,4.71428571428572,0,0,0,0,0,9.57142857142857,0,8.57142857142857,0,0,0,0,0,0,0,0,0,3.14285714285714,1.6875
2,0,0,0,2167000,0,0,0,0,0,0,3109000,34,4,300789,2,16,0,0,16,0,0,0,0,0,0,16,0,0,16,0,16,0,0,16,0,0,0,0,0,0,16,0,0,16,0,19,2,71.875,329750,135437.5,194312.5,0,0,0,135437.5,0,0,0,0,0,0,194312.5,127750,83693.75,250,5125,0,0,0,176812.5,15651.9791666667,12380.5164473684,28032.4956140351,106270.833333333,0,101562.5,101562.5,1546616.1875,1070312.5,90687.5,2707616.1875,2367439.37370513,30033.1536109156,69764.285865625,99797.4394765406,1700010.33221878,-183792.498705125,3866089.76644737,201359.939476541,4067449.70592391,-1883802.83092391,2183646.875,114.25,371.3125,246.75,197.25,461570,1125076.875,419475,177525,0,0,0,0,270.625,0,0,270.625,0,0,0,0,11.25,11.25,23.625,38.0625,26.6875,34.25,21.75,1.875,146.25,0,0,0,0,0,0,8.625,0,0,58.5,26.125,0,0,0,14.6875,22.0625,4.25,0,7.125,0,0,0,0,1.9375,0,0,0,0,2.9375,1.6875
2,0,0,0,292000,0,0,828000,0,0,0,0,36,1,284173,2,1.02,0,0,1.02,0,0,0,0,0,0,1.02,0,0,1.02,0,1.02,0,0,1.02,0,0,0,0,0,0,1.02,0,0,1.02,0,22.5,2,382.352941176471,1098039.21568627,286274.509803922,811764.705882353,0,0,0,286274.509803922,0,0,811764.705882353,0,0,0,0,0,21274.5098039216,0,0,19607.8431372549,0,0,0,97893.7908496732,31068.4095860566,128962.20043573,89436.2745098039,0,159803.921568627,159803.921568627,2687922.54901961,294603.921568627,0,2982526.47058824,2095900.88671024,90990.4052282135,83047.1779901961,174037.58321841,2861960.13223802,-517469.51416122,4624019.51416122,333841.504787037,4957861.01894826,-3379429.64639924,1578431.37254902,116.666666666667,140.196078431373,43.1372549019608,0,793333.333333333,672941.176470588,112156.862745098,0,0,0,0,0,421.56862745098,0,0,421.56862745098,5882.35294117647,0,0,0,0,5882.35294117647,41.1764705882353,97.0588235294118,15.6862745098039,0,18.6274509803922,0,172.549019607843,0,0,0,0,0,0,0,0,8.82352941176471,72.5490196078431,57.843137254902,0,0,0,0,14.7058823529412,0,0,18.6274509803922,0,0,0,0,0,0,0,0,0,0,36.5555555555556
2,0,0,0,361000,0,0,0,0,0,0,0,34,1,300789,2,1.5,0,0,1.5,0,0,0,0,0,0,1.5,0,0,1.5,0,1.5,0,0,1.5,0,0,0,0,0,0,1.5,0,0,1.5,0,17,1,118.666666666667,240666.666666667,240666.666666667,0,0,0,0,240666.666666667,0,0,0,0,0,0,0,21333.3333333333,24800,0,0,0,0,0,0,297386.666666667,45101.3333333333,342488,124844.444444444,0,233333.333333333,233333.333333333,2310560,253977.333333333,0,2564537.33333333,1542232.11111111,140409.255075556,57454.4472666667,197863.702342222,2508423.70234222,2028461.22222222,3619458.77777778,431197.035675556,4050655.81345333,-479962.48012,3570693.33333333,0,1218.66666666667,0,0,0,3570693.33333333,0,0,0,0,0,0,193.333333333333,0,0,193.333333333333,0,0,0,0,0,0,101.333333333333,26.6666666666667,6,9.33333333333333,0,0,143.333333333333,0,0,0,0,0,0,0,0,29.3333333333333,42.6666666666667,10.6666666666667,0,0,0,0,58.6666666666667,0,0,0,0,0,0,0,0,0,0,0,0,2,28.2903225806452
2,0,0,0,390000,0,0,0,0,0,0,0,99,4,270258,2,15.47,0,0,15.47,0,0,0,0,0,0,15.47,0,0,15.47,0,15.47,0,0,15.47,0,0,0,0,0,0,15.47,0,0,15.47,0,30.25,2,196.83257918552,25210.0840336134,25210.0840336134,0,0,0,0,25210.0840336134,0,0,0,0,0,0,0,12411.1182934712,4621.8487394958,0,0,0,0,0,67356.1732385262,25509.6961861668,805.559146735617,26315.2553329024,6207.71385477268,0,63089.8513251454,63089.8513251454,131898.319327731,72333.548804137,0,204231.868131868,547803.593622064,8147.17425770308,6323.69651260504,14470.8707703081,146369.190098039,-31968.4287868994,616612.06162465,77560.7220954536,694172.783720103,-178337.618884938,515835.164835165,15.8371040723982,110.859728506787,27.3432449903038,3.55526826115061,68733.0316742081,388341.628959276,54959.9224305107,3800.58177117001,0,0,0,0,27.7957336780866,0,0,27.7957336780866,0,0,0,0,0,0,2.06851971557854,2.77957336780866,4.13703943115708,0,2.06851971557854,0,11.0536522301228,0,0,0,0,0,0,0,0,0,8.27407886231416,1.42210730446025,0,0,0,0,0,0,0,1.35746606334842,0,0,0,0,0,0,0,0,0,0,2.42857142857143
2,0,0,0,555000,0,2256000,0,0,0,0,0,34,4,300789,2,15.49,0,0,15.49,0,0,0,0,0,0,15.49,0,0,15.49,0,13.89,0,0,13.89,0,0,0,0,0,0,13.89,0,0,13.89,0,26.4615384615385,2,161.267098632109,202375.809935205,202375.809935205,0,0,0,0,39956.8034557235,0,162419.006479482,0,0,0,0,0,141900.647948164,60993.5205183585,0,3023.75809935205,215.982721382289,0,0,182865.370770338,9518.35853131749,7758.13724375734,17276.4957750748,8641.70866330693,0,76313.8948884089,76313.8948884089,808588.912886969,667278.617710583,53347.7321814255,1529215.26277898,1685794.72311343,13475.5902550743,42729.8956083513,56205.4858634257,894022.214848564,981662.440313495,2447297.55721016,132519.380751835,2579816.93796199,87640.2254649312,2667457.16342693,131.605471562275,526.4218862491,277.969762419006,75.7379409647228,531686.105111591,1595058.31533477,472548.596112311,68164.1468682505,0,0,0,0,62.6349892008639,0,285.097192224622,347.732181425486,0,0,0,0,0,0,12.9589632829374,20.8783297336213,28.7976961843053,9.86321094312455,10.1511879049676,0,82.6493880489561,5.471562275018,0,0,0,0,0,0,1.43988480921526,0,49.3160547156227,8.71130309575234,0,0,0,0,0,0,0,17.5665946724262,0,0,0,0,0,0,0,0,0,0.143988480921526,1.6875
2,0,0,0,642000,0,0,0,0,0,0,0,34,4,300789,2,5.6,0,0,5.6,0,5.6,0,0,5.6,0,0,0,0,0,0,5.6,0,0,5.6,0,5.6,0,0,5.6,0,0,0,0,0,0,21,2,178.571428571429,114642.857142857,114642.857142857,0,0,0,0,114642.857142857,0,0,0,0,0,0,0,0,70785.7142857143,0,357.142857142857,5892.85714285714,0,0,64821.4285714286,45965.7738095238,69719.219924812,115684.993734336,107172.619047619,108214.285714286,0,108214.285714286,928066.428571429,0,0,928066.428571429,780146.612781955,118936.358196272,23869.0135357143,142805.371731986,1179086.0860177,-458884.112781955,1708213.04135338,251019.657446272,1959232.69879966,-1637970.19879966,321262.5,16.25,55.5357142857143,31.4285714285714,37.6785714285714,65650,168273.214285714,53428.5714285714,33910.7142857143,0,0,0,0,180.357142857143,0,0,180.357142857143,0,0,0,0,0,0,20.1785714285714,16.25,0,0,12.1428571428571,0,48.5714285714286,5.17857142857143,0,0,0,0,0,0,0,0,32.5,3.92857142857143,0,0,0,0,0,0,0,0,0,0,0,0,0,0,0,0,0,6.96428571428571,7.68421052631579
2,0,0,0,910000,0,0,0,0,0,0,0,34,3,300789,2,3,0,0,3,0,3,0,0,3,0,0,0,0,0,0,3,0,0,3,0,3,0,0,3,0,0,0,0,0,0,41.6666666666667,1,330,303333.333333333,303333.333333333,0,0,0,0,303333.333333333,0,0,0,0,0,0,0,14666.6666666667,7366.66666666667,0,0,0,0,0,0,27966.6666666667,6013.33333333333,33980,45508.3333333333,327333.333333333,0,327333.333333333,3802756.33333333,451008.333333333,0,4253764.66666667,1156652.33333333,19900.3706055556,92269.4963666667,112169.866972222,4242259.53363889,837409,4959408.66666667,439503.200305556,5398911.86697222,-3404850.53363889,1994061.33333333,152.333333333333,304.666666666667,37.6666666666667,0,731200,1169920,92941.3333333333,0,0,0,0,0,480,0,0,480,0,0,0,0,0,0,100.333333333333,54.6666666666667,19.6666666666667,1.66666666666667,44,0,220.333333333333,0,0,0,0,0,0,0,0,18,99.3333333333333,5.33333333333333,0,0,0,0,94.3333333333333,0,0,0,0,0,0,0,0,0,0,0,0,3.33333333333333,16.3541666666667
2,0,0,0,94000,0,0,164000,0,0,0,0,34,4,300789,2,6,0,0,6,0,0,0,0,0,0,6,0,0,6,0,6,0,0,6,0,0,0,0,0,0,6,0,0,6,0,32.3333333333333,2,383.333333333333,43000,15666.6666666667,27333.3333333333,0,0,0,15666.6666666667,0,0,27333.3333333333,0,0,0,0,0,13133.3333333333,0,0,0,0,0,92500,44168.3333333333,6839.98245614035,51008.3157894737,45612.5,0,300000,300000,1627614.16666667,0,0,1627614.16666667,846043.149122807,23004.6447024561,35791.387125,58796.0318274561,1686410.19849412,528863.51754386,2173657.31578947,358796.031827456,2532453.34761693,-1157546.68095026,1374906.66666667,0,304.666666666667,219.333333333333,87.6666666666667,0,923140,372866.666666667,78900,0,0,0,0,23.3333333333333,0,0,23.3333333333333,166.666666666667,0,0,0,0,166.666666666667,41,39.3333333333333,0,0,10.8333333333333,0,91.1666666666667,9.16666666666667,0,0,0,0,0,3,0,4.5,30.3333333333333,2.66666666666667,0,0,0,5,33,0,0,3.16666666666667,0,0,0,0,0.333333333333333,0,0,0,0,0,7.68421052631579
3,0,0,0,0,0,0,0,0,0,0,0,34,1,300789,2,1,0,0,1,0,0,0,0,0,0,1,0,0,1,0,1,0,0,1,0,0,0,0,0,0,1,0,0,1,0,26,2,200,0,0,0,0,0,0,0,0,0,0,0,0,0,0,108000,45600,0,5000,0,0,0,0,342733.333333333,0,342733.333333333,480133.333333333,0,325000,325000,1902847,179000,60000,2141847,1791414.54721841,88621.81575,46354.00705,134975.8228,2092663.94224826,1358415.45278159,3424102.66666667,459975.8228,3884078.48946667,-734248.489466667,3149830,146,603,246,295,589840,1827090,467400,265500,220,0,0,0,0,0,0,0,0,0,0,0,0,0,1,94,0,0,19,8,122,0,0,0,0,0,0,2,0,3,91,0,0,0,0,0,0,0,0,19,0,0,0,0,6,0,0,0,0,1,28.2903225806452
3,0,0,0,0,0,0,0,0,0,0,0,34,3,300789,2,3,0,0,3,0,0.6,0,0,0.6,0,2.4,0,0,2.4,0,3,0,0,3,0,0.6,0,0,0.6,0,2.4,0,0,2.4,0,16.5,2,433.333333333333,0,0,0,0,0,0,0,0,0,0,0,0,0,0,0,0,0,0,0,0,0,0,717268.472222222,7912.66666666667,725181.138888889,200055.555555556,17000,54333.3333333333,71333.3333333333,170045,0,0,170045,1280359.02777778,141515.91988625,3426.40675,144942.32663625,331987.32663625,644090.972222222,1396070.69444444,216275.659969583,1612346.35441403,312103.645585972,1924450,87,190.666666666667,639.666666666667,73.3333333333333,303696.666666667,514220,1047866.66666667,58666.6666666667,0,0,0,0,0,0,0,0,0,0,0,0,0,0,5,5,0,0,0,0,10,0,0,0,0,0,0,0,0,0,10,0,0,0,0,0,0,0,0,0,0,0,0,0,0,0,0,0,0,0,16.3541666666667
3,0,0,0,0,0,0,0,0,0,0,0,34,3,300789,2,3,0,0,3,0,2,0,0,2,0,1,0,0,1,0,3,0,0,3,0,2,0,0,2,0,1,0,0,1,0,33.5,2,346.666666666667,0,0,0,0,0,0,0,0,0,0,0,0,0,0,19333.3333333333,68533.3333333333,0,43333.3333333333,10000,0,126333.333333333,33333.3333333333,63566.6666666667,28188.3333333333,91755,145763.888888889,217333.333333333,58333.3333333333,275666.666666667,1668990.33333333,1545632.33333333,69333.3333333333,3283956,2476476.58946961,92480.0929722222,72234.1767333333,164714.269705556,2087034.90245817,-2424863.25613628,4123130.55555556,440380.936372222,4563511.49192778,-4511898.15859444,51613.3333333333,0,0,0,52.6666666666667,0,0,0,51613.3333333333,0,0,0,0,0,0,0,0,0,0,0,0,0,0,33,24.6666666666667,43,18.6666666666667,27.3333333333333,16.3333333333333,163,0,0,0,0,0,0,9.33333333333333,0,0,87,0,0,0,0,0,29.3333333333333,0,0,15.6666666666667,0,0,0,0,1.66666666666667,0,0,0,0,20,16.3541666666667
3,0,0,0,0,0,0,0,0,0,0,0,34,4,300789,1,14.38,0,0,14.38,0,14.38,0,0,14.38,0,0,0,0,0,0,14.38,0,0,14.38,0,14.38,0,0,14.38,0,0,0,0,0,0,29.3333333333333,2,399.860917941586,0,0,0,0,0,0,0,0,0,0,0,0,0,0,12100.1390820584,8261.47426981919,1599.44367176634,0,3477.05146036161,0,0,4102.9207232267,16594.8076031525,825.38247566064,17420.1900788132,18697.2647195179,262586.926286509,0,262586.926286509,814552.155771905,211995.827538248,10292.0723226704,1036840.05563282,580568.761522381,6310.31337783959,21487.5788595271,27797.8922373667,1113103.59663988,2613746.95475022,1403287.53963839,290384.818523876,1693672.35816226,1500643.35811034,3194315.7162726,317.802503477051,508.484005563282,122.044506258693,0,1220361.61335188,1693251.73852573,280702.364394993,0,0,0,0,0,0,0,0,0,0,0,0,0,0,0,16.759388038943,10.778859527121,6.32823365785814,6.32823365785814,13.6300417246175,0,53.8247566063978,3.33796940194715,0,0,0,0,0,1.80806675938804,0,1.25173852573018,25.3824756606398,0,0,0,0,5.21557719054242,9.94436717663421,0,0,6.60639777468707,0,0,0,0,0.278164116828929,0,0,0,0,0,1.6875
3,0,0,0,0,0,0,0,0,0,0,0,34,4,300789,1,19.5,0,0,19.5,0,12.3,0,0,12.3,0,7.2,0,0,7.2,0,19.5,0,0,19.5,0,12.3,0,0,12.3,0,7.2,0,0,7.2,0,20.6666666666667,1,409.230769230769,0,0,0,0,0,0,0,0,0,0,0,0,0,0,0,1446.15384615385,0,0,0,0,0,0,72046.2393162393,8673.33333333333,80719.5726495726,11337.6068376068,192923.076923077,76358.9743589744,269282.051282051,1161117.02564103,1706610.15384615,182358.974358974,3050086.15384615,2285784.92203781,12280.6084944444,61488.376,73768.9844944444,1501644.60091817,6728603.5907827,3444378.48717949,343051.035776496,3787429.52295598,5226958.98986453,9014388.51282051,1031.17948717949,515.589743589744,440.923076923077,21.5897435897436,5174646.15384615,2237659.48717949,1580493.12820513,21589.7435897436,0,0,0,0,0,0,0,0,0,0,0,0,0,0,42.0512820512821,13.0769230769231,65.7435897435897,34.8205128205128,6.76923076923077,0,162.461538461538,0,0,0,0,0,0,0,0,52.2051282051282,65.1282051282051,0,0,0,0,0,35.6923076923077,3.84615384615385,0,0,0,0,0,0,0,0,0,0,0,5.58974358974359,1.6875
3,0,0,0,0,0,0,0,0,0,0,0,34,4,300789,1,5.5,0,0,5.5,0,0,0,0,0,0,5.5,0,0,5.5,0,5.5,0,0,5.5,0,0,0,0,0,0,5.5,0,0,5.5,0,15,2,298.181818181818,0,0,0,0,0,0,0,0,0,0,0,0,0,0,198181.818181818,46854.5454545455,0,30181.8181818182,7272.72727272727,0,0,2909.09090909091,154511.742424242,0,154511.742424242,65472.7272727273,0,393818.181818182,393818.181818182,2509390.72727273,2462818.18181818,121272.727272727,5093481.63636364,3722878.2421928,50934.9074393939,108384.464972727,159319.372412121,2729914.41809811,6102612.66689811,5899655.10606061,553137.554230303,6452792.66029091,3372698.2488,9825490.90909091,997.090909090909,1163.27272727273,797.636363636364,1147.63636363636,4028247.27272727,3408389.09090909,1355981.81818182,1032872.72727273,0,0,0,0,0,0,0,0,0,0,0,0,0,0,49.8181818181818,36.1818181818182,79.4545454545455,16.5454545454545,41.4545454545455,45.6363636363636,269.090909090909,0,0,0,0,0,0,0,0,0,116.181818181818,0,0,0,0,0,59.2727272727273,0,0,34.1818181818182,0,0,0,0,2.18181818181818,0,0,0,0,57.2727272727273,16.3541666666667
3,0,0,0,0,0,0,0,0,0,0,0,34,4,300789,1,7.2,0,0,7.2,0,7.2,0,0,7.2,0,0,0,0,0,0,7.2,0,0,7.2,0,7.2,0,0,7.2,0,0,0,0,0,0,23,2,409.722222222222,0,0,0,0,0,0,0,0,0,0,0,0,0,0,36111.1111111111,12652.7777777778,10833.3333333333,0,6944.44444444444,0,0,6944.44444444444,138632.638888889,9890.97222222222,148523.611111111,142696.759259259,559166.666666667,0,559166.666666667,1175852.22222222,647638.888888889,76111.1111111111,1899602.22222222,1340166.31756866,60657.4722361111,39757.7299166667,100415.202152778,1884513.25495449,2506446.18243134,2565097.7037037,659581.868819444,3224679.57252315,621932.927476852,3846612.5,0,1155.13888888889,0,0,0,3846612.5,0,0,0,0,0,0,0,0,0,0,0,0,0,0,0,0,24.5833333333333,30.1388888888889,15.6944444444444,9.30555555555556,10.5555555555556,3.33333333333333,93.6111111111111,0,0,0,0,0,0,3.61111111111111,0,5,31.8055555555556,0,0,0,0,2.08333333333333,3.05555555555556,37.2222222222222,0,10.8333333333333,0,0,0,0,0,0,0,0,0,0,7.68421052631579
3,0,0,0,0,0,0,0,0,0,0,0,34,4,300789,2,13.5,0,0,13.5,0,13.5,0,0,13.5,0,0,0,0,0,0,13.5,0,0,13.5,0,13.5,0,0,13.5,0,0,0,0,0,0,20.6666666666667,2,1348.14814814815,0,0,0,0,0,0,0,0,0,0,0,0,0,0,10148.1481481481,11644.4444444444,2518.51851851852,0,0,0,0,29481.4814814815,87646.9135802469,2637.55555555556,90284.4691358025,31651.2345679012,196222.222222222,0,196222.222222222,653889.62962963,604888.888888889,13777.7777777778,1272556.2962963,1088026.90882223,19455.4837308642,26725.9301111111,46181.4138419753,903450.319834562,1889318.27636296,1749073.59259259,242403.636064198,1991477.22865679,985867.956528395,2977345.18518519,67.7037037037037,677.037037037037,260,233.777777777778,273522.962962963,2051422.22222222,442000,210400,0,0,0,0,0,0,0,0,0,0,0,0,0,0,14,10.962962962963,16.8888888888889,16.8888888888889,9.11111111111111,1.62962962962963,69.4814814814815,3.40740740740741,0,0,0,0,0.296296296296296,1.33333333333333,0,2.66666666666667,43.9259259259259,0,0,0,0,2.81481481481481,9.77777777777778,0,0,4.96296296296296,0,0,0,0,0.296296296296296,0,0,0,0,0,1.6875
3,0,0,0,0,0,0,0,0,0,0,0,34,4,300789,2,13.6,0,0,13.6,0,0,0,0,0,0,13.6,0,0,13.6,0,13.6,0,0,13.6,0,0,0,0,0,0,13.6,0,0,13.6,0,33.5,2,220.588235294118,0,0,0,0,0,0,0,0,0,0,0,0,0,0,4044.11764705882,9875,2500,0,0,0,0,3750,77098.9583333333,4363.60294117647,81462.5612745098,31737.1323529412,0,151029.411764706,151029.411764706,891983.602941177,409448.529411765,23088.2352941176,1324520.36764706,1001899.63026134,31968.0737745098,27095.4931286765,59063.5669031863,966871.527328119,2202413.60503278,1758678.17892157,210092.978667892,1968771.15758946,1235542.07770466,3204313.23529412,67.2058823529412,672.058823529412,322.573529411765,386.764705882353,271511.764705882,2036338.23529412,548375,348088.235294118,0,0,0,0,0,0,0,0,0,0,0,0,0,0,25.0735294117647,11.25,11.9852941176471,6.69117647058824,10.1470588235294,3.89705882352941,69.0441176470588,7.57352941176471,0,0,0,0,0,1.32352941176471,0,3.30882352941176,30.2205882352941,0,0,0,0,7.05882352941176,12.1323529411765,0,0,7.13235294117647,0,0,0,0,0.294117647058824,0,0,0,0,0,1.6875
3,0,0,0,0,0,0,0,0,0,0,0,34,4,300789,2,13.68,0,0,13.68,0,6.17,0,0,6.17,0,7.51,0,0,7.51,0,13.68,0,0,13.68,0,6.17,0,0,6.17,0,7.51,0,0,7.51,0,27.5,2,193.713450292398,0,0,0,0,0,0,0,0,0,0,0,0,0,0,83333.3333333333,55270.4678362573,2777.77777777778,0,8187.13450292398,30116.9590643275,0,29678.3625730994,52460.9222709552,4338.08479532164,56799.0070662768,47665.6920077973,22295.3216374269,81213.4502923977,103508.771929825,894723.099415205,137551.461988304,30921.0526315789,1063195.61403509,837502.902966019,11272.2311651742,25642.0769298246,36914.3080949988,980733.525255685,1202307.03855445,1677813.34819688,140423.080024823,1818236.4282217,221573.513298764,2039809.94152047,0,295.321637426901,374.707602339181,215.423976608187,0,1074970.76023392,749415.204678363,215423.976608187,0,0,0,0,0,0,0,0,0,0,0,0,0,0,13.5964912280702,11.1842105263158,5.62865497076023,2.33918128654971,19.0789473684211,0,51.827485380117,0,0,0,0,0,0,2.55847953216374,4.53216374269006,0,20.9795321637427,0,0,0,0,0,1.90058479532164,0,0,20.687134502924,0,0,0,0,0,0,0,0,0,1.16959064327485,1.6875
3,0,0,0,0,0,0,0,0,0,0,0,34,4,300789,2,14.42,0,0,14.42,0,0,0,0,0,0,14.42,0,0,14.42,0,14.42,0,0,14.42,0,0,0,0,0,0,14.42,0,0,14.42,0,23.5,2,256.934812760055,0,0,0,0,0,0,0,0,0,0,0,0,0,0,71567.2676837725,7267.68377253814,288002.773925104,9015.25658807212,5686.54646324549,0,0,35436.8932038835,36715.9038372631,4115.46463245492,40831.368469718,21974.6879334258,0,112690.707350902,112690.707350902,868477.600554785,1042475.72815534,56449.3758668516,1967402.70457698,1966532.54538059,22398.6962159038,48045.2393932039,70443.9356091077,964576.280196155,671872.447684597,2747974.18261674,183134.642960009,2931108.82557674,-292703.832511558,2638404.99306519,101.386962552011,608.460471567268,243.411927877947,58.3217753120666,389325.936199723,1782789.18169209,413800.27739251,52489.5977808599,0,0,0,0,0,0,0,0,0,0,0,0,0,0,9.98613037447989,7.90568654646324,13.1761442441054,19.0707350901526,22.746185852982,20.873786407767,93.7586685159501,0,0,0,0,0,0,8.66851595006935,0,0,35.7142857142857,0,0,0,0,0,10.4022191400832,0,0,25.7975034674064,0,0,0,0,0.832177531206657,0,0,0,0,12.3439667128987,1.6875
3,0,0,0,0,0,0,0,0,0,0,0,34,4,300789,2,16.1,0,0,16.1,0,13.5,0,0,13.5,0,2.6,0,0,2.6,0,13.6,0,0,13.6,0,11,0,0,11,0,2.6,0,0,2.6,0,26.8,2,224.264705882353,0,0,0,0,0,0,0,0,0,0,0,0,0,0,15882.3529411765,12602.9411764706,0,6029.41176470588,1470.58823529412,0,0,24191.1764705882,45427.3897058823,6632.64705882353,52060.0367647059,12079.0441176471,124117.647058824,56470.5882352941,180588.235294118,864190.147058823,315517.352941176,3308.82352941176,1183016.32352941,797977.450351701,25421.0470933824,25050.3348014706,50471.3818948529,1041203.04183727,139224.020236534,1608120.875,231059.617188971,1839180.49218897,-901979.021600735,937201.470588235,70.5882352941176,134.411764705882,70.9558823529412,77.3529411764706,285176.470588235,447591.176470588,134816.176470588,69617.6470588235,0,0,0,0,0,0,0,0,0,0,0,0,0,0,16.6911764705882,9.55882352941176,5.66176470588235,2.64705882352941,16.3970588235294,6.02941176470588,56.9852941176471,0,0,0,0,0,0,4.63235294117647,0,0,17.5,0,0,0,0,0,20.0735294117647,0,0,4.85294117647059,0,0,0,0,0.661764705882353,0,0,0,0,9.26470588235294,1.6875
3,0,0,0,0,0,0,0,0,0,0,0,34,4,300789,2,6,0,0,6,0,0,0,0,0,0,6,0,0,6,0,6,0,0,6,0,0,0,0,0,0,6,0,0,6,0,24,2,191.666666666667,0,0,0,0,0,0,0,0,0,0,0,0,0,0,5333.33333333333,6366.66666666667,0,0,0,0,0,66166.6666666667,33469.4444444444,0,33469.4444444444,100829.166666667,0,136666.666666667,136666.666666667,798681,0,0,798681,649620.944444444,17689.8753055556,17662.4354833333,35352.3107888889,834033.310788889,908819.055555556,1311635.27777778,172018.977455556,1483654.25523333,74785.7447666668,1558440,0,304.666666666667,219.333333333333,87.6666666666667,0,1014540,482533.333333333,61366.6666666667,0,0,0,0,0,0,0,0,0,0,0,0,0,0,25.8333333333333,4.83333333333333,0,0,9.5,0,40.1666666666667,0,0,0,0,0,0,0,0,3,23.8333333333333,0,0,0,0,3.16666666666667,3.66666666666667,0,0,5.83333333333333,0,0,0,0,0.666666666666667,0,0,0,0,0,7.68421052631579
3,0,0,0,0,0,0,0,0,0,0,0,34,4,300789,2,6.8,0,0,6.8,0,0,0,0,0,0,6.8,0,0,6.8,0,6.8,0,0,6.8,0,0,0,0,0,0,6.8,0,0,6.8,0,30.5,2,382.352941176471,0,0,0,0,0,0,0,0,0,0,0,0,0,0,34705.8823529412,14602.9411764706,32794.1176470588,0,0,523088.235294118,0,81617.6470588235,33607.8431372549,2836.02941176471,36443.8725490196,28382.3529411765,0,299705.882352941,299705.882352941,1478383.23529412,173235.294117647,9852.94117647059,1661471.47058824,1526398.68275181,16633.592879902,47317.8479264706,63951.4408063725,1551154.16001535,2342643.96430702,2713895.51960784,363657.323159314,3077552.84276716,791489.804291667,3869042.64705882,0,1276.91176470588,0,0,0,3869042.64705882,0,0,0,0,0,0,0,0,0,0,0,0,0,0,0,0,44.2647058823529,11.4705882352941,0,6.76470588235294,18.9705882352941,3.82352941176471,85.2941176470588,5.29411764705882,0,0,0,0,0,3.52941176470588,1.02941176470588,3.97058823529412,37.0588235294118,0,0,0,0,1.61764705882353,14.5588235294118,0,0,16.7647058823529,0,0,0,0,0.588235294117647,0,0,0,0,0,7.68421052631579
3,0,0,0,0,0,0,0,0,0,0,0,36,2,284173,2,2.64,0,0,2.64,0,2.64,0,0,2.64,0,0,0,0,0,0,2.64,0,0,2.64,0,2.64,0,0,2.64,0,0,0,0,0,0,37,2,189.393939393939,0,0,0,0,0,0,0,0,0,0,0,0,0,0,0,0,0,0,0,0,0,0,134917.929292929,18729.5255183413,153647.454811271,65473.4848484848,114772.727272727,0,114772.727272727,244761.742424242,0,0,244761.742424242,503293.939659755,46964.6471277911,4931.94910984849,51896.5962376396,411431.065934609,126812.120946305,748055.682083998,166669.323510367,914725.005594365,-284618.944988304,630106.060606061,0,346.212121212121,0,0,0,630106.060606061,0,0,0,0,0,0,0,0,0,0,0,0,0,0,0,0,7.1969696969697,7.1969696969697,0,0,0,0,14.3939393939394,0,0,0,0,0,0,0,0,0,14.3939393939394,0,0,0,0,0,0,0,0,0,0,0,0,0,0,0,0,0,0,0,15.5454545454545
3,0,0,0,0,0,0,0,0,0,0,0,36,3,284173,2,3.6,0,0,3.6,0,3.6,0,0,3.6,0,0,0,0,0,0,3,0,0,3,0,3,0,0,3,0,0,0,0,0,0,19.4444444444444,2,375,0,0,0,0,0,0,0,0,0,0,0,0,0,0,0,73233.3333333333,0,0,6000,0,861000,2000,29208.8888888889,14836.6666666667,44045.5555555556,0,30000,0,30000,1047385.33333333,0,0,1047385.33333333,1270451.88888889,26907.6607222222,40090.8161333333,66998.4768555556,1144383.81018889,-459751.888888889,2317837.22222222,96998.4768555556,2414835.69907778,-1604135.69907778,810700,0,335,0,0,0,810700,0,0,0,0,0,0,0,0,0,0,0,0,0,0,0,0,45.6666666666667,7.33333333333333,0,0,3,0,56,0,0,0,0,0,0,0,0,14.6666666666667,10.6666666666667,0,0,0,0,25,0,0,0,3,0,0,0,0,2,0,0,0,0,0.666666666666667,15.5454545454545
3,0,0,0,0,0,0,0,0,0,0,0,36,4,284173,2,7.7,0,0.35,7.35,0,7.7,0,0.35,7.35,0,0,0,0,0,0,5.61,0,0.21,5.4,0,5.61,0,0.21,5.4,0,0,0,0,0,0,32.6666666666667,2,207.664884135472,0,0,0,0,0,0,0,0,0,0,0,0,0,0,0,3636.36363636364,178.25311942959,0,4456.32798573975,0,6060.60606060606,1247.77183600713,196674.390968509,13000.1688713763,209674.559839885,37655.9714795009,228163.992869875,0,228163.992869875,635921.033868093,0,0,635921.033868093,547082.853957532,37120.3270446415,13127.7321836007,50248.0592282422,914333.08596621,-328045.420802452,1183003.88782562,278412.052098117,1461415.93992374,-1242378.50676866,219037.43315508,0,50.445632798574,0,0,0,219037.43315508,0,0,0,0,0,0,0,0,0,0,0,0,0,0,0,0,11.9429590017825,10.873440285205,0,0,9.98217468805704,0,32.7985739750446,0,0,0,0,0,0,0,0,1.42602495543672,21.3903743315508,0,0,0,0,0,0,0,0,9.98217468805704,0,0,0,0,0,0,0,0,0,0,15.5454545454545
3,0,0,0,0,0,0,0,0,0,0,0,38,1,296914,2,1.5,0,0,1.5,0,1.5,0,0,1.5,0,0,0,0,0,0,1.5,0,0,1.5,0,1.5,0,0,1.5,0,0,0,0,0,0,25,2,366.666666666667,0,0,0,0,0,0,0,0,0,0,0,0,0,0,0,68000,0,0,38000,0,0,0,156567.777777778,0,156567.777777778,153633.333333333,274666.666666667,0,274666.666666667,2715636,0,0,2715636,713115.111111111,42811.1691222222,56855.9654,99667.1345222222,3089969.80118889,958324.888888889,3428751.11111111,374333.801188889,3803084.9123,-2131644.9123,1671440,0,194.666666666667,760,0,0,531440,1140000,0,0,0,0,0,0,0,0,0,0,0,0,0,0,0,34,34,0,0,63.3333333333333,0,131.333333333333,12,0,0,0,0,0,0,0,0,68,0,0,0,0,0,0,0,0,51.3333333333333,0,0,0,0,0,0,0,0,0,0,32.1666666666667
3,0,0,0,0,0,0,0,0,0,0,0,99,1,270258,2,1,0,0,1,0,1,0,0,1,0,0,0,0,0,0,1,0,0,1,0,1,0,0,1,0,0,0,0,0,0,26,2,150,0,0,0,0,0,0,0,0,0,0,0,0,0,0,0,0,0,7000,0,0,0,0,1130,0,1130,0,303000,0,303000,1722641,558743,0,2281384,837131,222.002625,46110.9376,46332.940225,2071973.940225,-394071,2559772,349332.940225,2909104.940225,-2466044.940225,443060,0,36,26,0,0,306648,136412,0,0,0,0,0,0,0,0,0,0,0,0,0,0,0,35,15,11,24,34,0,119,0,0,0,0,0,0,0,0,4,19,0,0,0,0,89,0,0,0,7,0,0,0,0,0,0,0,0,0,0,24.1111111111111
3,0,0,0,0,0,0,0,0,0,0,0,99,1,270258,2,1,0,0,1,0,1,0,0,1,0,0,0,0,0,0,1,0,0,1,0,1,0,0,1,0,0,0,0,0,0,56,2,30,0,0,0,0,0,0,0,0,0,0,0,0,0,0,0,0,0,0,0,0,0,0,0,7121,7121,100820,303000,0,303000,494892,0,0,494892,378199,33228.76453,9972.0738,43200.83833,841092.83833,-19395,873091,346200.83833,1219291.83833,-860487.83833,358804,0,36,17,0,0,306648,52156,0,0,0,0,0,0,0,0,0,0,0,0,0,0,0,26,0,0,0,0,0,26,0,0,0,0,0,0,0,0,4,22,0,0,0,0,0,0,0,0,0,0,0,0,0,0,0,0,0,0,0,24.1111111111111
3,0,0,0,0,0,0,0,0,0,0,0,99,1,270258,2,1,0,1,0,0,1,0,1,0,0,0,0,0,0,0,1,0,1,0,0,1,0,1,0,0,0,0,0,0,0,36,2,150,0,0,0,0,0,0,0,0,0,0,0,0,0,0,0,36400,0,0,0,0,0,0,20340,0,20340,52812.5,505000,0,505000,984456,0,0,984456,379810.5,16055.91544375,20570.2484,36626.16384375,1526082.16384375,709589.5,1364266.5,541626.16384375,1905892.66384375,-816492.66384375,1089400,0,82,43,0,0,787200,302200,0,0,0,0,0,0,0,0,0,0,0,0,0,0,0,47,6,0,0,0,0,53,0,0,0,0,0,0,0,0,5,30,0,0,0,0,0,0,0,0,18,0,0,0,0,0,0,0,0,0,0,24.1111111111111
3,0,0,0,0,0,0,0,0,0,0,0,99,2,270258,2,2.98,0,0,2.98,0,2.98,0,0,2.98,0,0,0,0,0,0,2.98,0,0,2.98,0,2.98,0,0,2.98,0,0,0,0,0,0,11,2,422.48322147651,0,0,0,0,0,0,0,0,0,0,0,0,0,0,0,12214.7651006711,0,0,2348.9932885906,0,0,0,7332.21476510067,0,7332.21476510067,33833.8926174497,1357046.97986577,0,1357046.97986577,921675.503355705,0,0,921675.503355705,325987.865771812,8824.84463926175,18865.2211241611,27690.0657634228,2306412.5489849,-258840.214765101,1247663.36912752,1384737.04562919,2632400.41475671,-2565252.76375,67147.6510067114,0,7.71812080536913,0,0,0,67147.6510067114,0,0,0,0,0,0,0,0,0,0,0,0,0,0,0,0,3.35570469798658,1.00671140939597,0,0,34.2281879194631,0,38.5906040268456,0,0,0,0,0,0,0,0,0,2.01342281879195,0,0,0,0,0,20.8053691275168,0,0,15.7718120805369,0,0,0,0,0,0,0,0,0,0,14.4444444444444
3,0,0,0,0,0,0,0,0,0,0,0,99,2,270258,2,3.26,0,0,3.26,0,0,0,0,0,0,3.26,0,0,3.26,0,2.72,0,0,2.72,0,0,0,0,0,0,2.72,0,0,2.72,0,21,2,283.088235294118,0,0,0,0,0,0,0,0,0,0,0,0,0,0,0,147867.647058824,13970.5882352941,735.294117647059,64338.2352941176,0,0,459558.823529412,131142.463235294,389.968487394958,131532.431722689,821610.294117647,0,279044.117647059,279044.117647059,1111268.75,342412.5,59558.8235294118,1513240.07352941,2545356.92581047,-47905.5241051733,51221.0999816176,3315.57587644433,1160114.15531808,2087691.23595424,3423111.38760504,282359.693523503,3705471.08112855,927577.08063616,4633048.16176471,570.955882352941,578.308823529412,175.735294117647,27.5735294117647,2206049.26470588,2044076.83823529,355539.705882353,27382.3529411765,0,0,0,0,0,0,0,0,0,0,0,0,0,0,18.75,17.6470588235294,7.72058823529412,9.92647058823529,19.8529411764706,0,73.8970588235294,0,0,0,0,0,0,0,0,0,46.3235294117647,0,0,0,0,0,0,0,0,27.5735294117647,0,0,0,0,0,0,0,0,0,0,14.4444444444444
3,0,0,0,0,0,0,0,0,0,0,0,99,4,270258,1,14,0,0,14,0,0,0,0,0,0,14,0,0,14,0,14,0,0,14,0,0,0,0,0,0,14,0,0,14,0,23,1,350,0,0,0,0,0,0,0,0,0,0,0,0,0,0,229214.285714286,94171.4285714286,0,0,2142.85714285714,61714.2857142857,0,103428.571428571,15508.3333333333,0,15508.3333333333,44583.3333333333,0,77500,77500,1146553.28571429,1848220.14285714,165142.857142857,3159916.28571429,2848658.91644395,5664.62077380952,73559.3424428571,79223.9632166667,1289002.4277251,4192407.29784177,3980937.38095238,156723.963216667,4137661.34416905,2903404.87011667,7041066.21428571,443.928571428571,1109.85714285714,559.071428571429,96.2142857142857,1926650,3887829.57142857,1123733.57142857,102853.071428571,0,0,0,0,0,0,0,0,0,0,0,0,0,0,27,13.7142857142857,28.8571428571429,81.5714285714286,17.4285714285714,0,168.571428571429,0,0,0,0,0,0,1.57142857142857,0,0,127.928571428571,0,0,0,0,0,26.7857142857143,0,0,11.7142857142857,0,0,0,0,0,0,0,0,0,0,2.42857142857143
3,0,0,0,0,0,0,0,0,0,0,0,99,4,270258,2,5.85,0,0,0,5.85,0,0,0,0,0,5.85,0,0,0,5.85,5.85,0,0,0,5.85,0,0,0,0,0,5.85,0,0,0,5.85,10,2,223.931623931624,0,0,0,0,0,0,0,0,0,0,0,0,0,0,140341.88034188,118170.94017094,20683.7606837607,16581.1965811966,0,0,0,69230.7692307692,19908.8319088319,12681.1965811966,32590.0284900285,7388.88888888889,0,158632.478632479,158632.478632479,1840402.73504274,474188.034188034,45641.0256410256,2360231.79487179,1317416.41120899,8949.64546296296,54913.5928888889,63863.2383518519,1940556.5650346,1450785.64007306,3035477.25925926,222495.716984331,3257972.97624359,-489770.924961539,2768202.05128205,175.042735042735,437.435897435897,210.08547008547,50.4273504273504,759685.47008547,1532337.94871795,422271.794871795,53906.8376068376,0,0,0,0,0,0,0,0,0,0,0,0,0,0,39.6581196581197,48.7179487179487,9.4017094017094,18.8034188034188,14.7008547008547,0,131.282051282051,0,0,0,0,0,0,5.47008547008547,0,0,75.042735042735,0,0,0,0,0,26.8376068376068,0,0,23.9316239316239,0,0,0,0,0,0,0,0,0,0,6.90909090909091
3,0,0,0,0,0,0,0,0,0,0,1010000,99,1,270258,2,1.36,0,0,1.36,0,1.36,0,0,1.36,0,0,0,0,0,0,1.36,0,0,1.36,0,1.36,0,0,1.36,0,0,0,0,0,0,20,2,514.705882352941,742647.05882353,0,742647.05882353,0,0,0,0,0,0,0,0,0,0,742647.05882353,678676.470588235,198308.823529412,0,0,0,0,1013235.29411765,0,50022.0588235294,211956.932773109,261978.991596639,158860.294117647,233088.235294118,0,233088.235294118,1907092.64705882,1895220.58823529,425000,4227313.23529412,5431022.02688157,214927.214957983,138232.644779412,353159.859737395,2706504.23621717,370985.326059607,7551278.16806723,586248.095031513,8137526.26309874,-2335518.91015756,5802007.35294118,793.382352941177,269.117647058824,154.411764705882,0,4204926.47058824,1167970.58823529,429110.294117647,0,0,0,0,0,0,0,0,0,0,0,0,0,1323.52941176471,1323.52941176471,0,113.235294117647,38.2352941176471,66.9117647058824,8.82352941176471,4.41176470588235,231.617647058824,0,0,0,0,0,0,0,0,36.7647058823529,117.647058823529,24.2647058823529,0,0,0,33.0882352941177,0,0,0,19.8529411764706,0,0,0,0,0,0,0,0,0,0,24.1111111111111
3,0,0,0,0,0,0,0,0,0,0,1321000,38,2,296914,2,2.79,0,0,2.79,0,2.79,0,0,2.79,0,0,0,0,0,0,2.59,0,0,2.59,0,2.59,0,0,2.59,0,0,0,0,0,0,30,2,69.4980694980695,510038.61003861,0,510038.61003861,0,0,0,0,0,0,0,0,0,0,510038.61003861,0,56988.416988417,0,0,8494.20849420849,0,0,0,68825.6113256113,0,68825.6113256113,0,113513.513513514,0,113513.513513514,4287223.93822394,638996.138996139,114285.714285714,5040505.79150579,1595081.36011499,10018.1222812098,113162.944594595,123181.066875804,4623379.85862696,-115424.989458623,5981766.63835264,236694.580389318,6218461.21874196,-4738804.84808559,1479656.37065637,52.8957528957529,391.891891891892,210.03861003861,85.3281853281853,181432.432432432,948378.378378378,273050.193050193,76795.3667953668,0,0,0,0,0,0,0,0,0,0,0,0,347.490347490348,347.490347490348,73.3590733590734,56.3706563706564,33.976833976834,0,83.7837837837838,0,247.490347490348,0,0,0,0,0,0,0,0,0,70.2702702702703,42.4710424710425,0,0,0,0,84.9420849420849,0,0,49.8069498069498,0,0,0,0,0,0,0,0,0,0,16.75
3,0,0,0,0,0,0,0,0,0,0,1791000,36,3,284173,2,3.64,0,0,3.61,0.03,3.64,0,0,3.61,0.03,0,0,0,0,0,3.29,0,0,3.26,0.03,3.29,0,0,3.26,0.03,0,0,0,0,0,31.1111111111111,2,151.671732522796,544376.899696049,0,544376.899696049,0,0,0,0,0,0,0,0,0,0,544376.899696049,0,29969.6048632219,0,0,28571.4285714286,0,0,607.90273556231,63869.9341438703,1319.06894896817,65189.0030928385,4027.3556231003,244376.899696049,0,244376.899696049,1458211.55015198,0,0,1458211.55015198,956915.1945822,6228.34665300219,41544.0083282675,47772.3549812697,1750360.80482929,-219984.191542686,2415126.74473418,292149.254677318,2707275.99941149,-1970344.99637198,736931.003039514,56.2310030395137,273.252279635258,0,3.03951367781155,163463.525835866,571643.768996961,0,1823.70820668693,0,0,0,0,0,0,0,0,0,0,0,0,656.534954407295,656.534954407295,18.2370820668693,2.7355623100304,0,0,43.4650455927052,0,64.4376899696049,0,0,0,0,0,0,0,0,7.29483282674772,13.677811550152,0,0,0,0,0,0,0,0,43.4650455927052,0,0,0,0,0,0,0,0,0,0,15.5454545454545
3,0,0,0,0,0,0,0,0,0,0,1943000,34,1,300789,1,1,0,0.05,0.95,0,0,0,0,0,0,1,0,0.05,0.95,0,1,0,0.05,0.95,0,0,0,0,0,0,1,0,0.05,0.95,0,21,2,4024,1943000,0,1943000,0,0,0,0,0,0,0,0,0,0,1943000,594000,473700,16000,187000,52000,0,0,479000,1073273.33333333,22255,1095528.33333333,0,0,3144000,3144000,16337644,16937500,393000,33668144,25422559.6682365,210943.132941667,753868.8066,964811.939541667,17495413.6046385,37377920.3317635,38809161.3333333,4108811.93954167,42917973.272875,19882506.727125,62800480,2194,4387,10529,4734,10531200,16846080,27375400,8047800,0,0,0,0,0,0,0,0,0,0,0,0,1800,1800,332,243,553,137,259,192,1716,0,0,0,0,0,0,56,0,0,868,22,0,0,0,0,194,101,0,321,0,0,0,0,15,0,0,0,0,139,28.2903225806452
3,0,0,0,0,0,0,0,0,0,0,2378000,38,4,296914,2,6.08,0,0,6.08,0,0,0,0,0,0,6.08,0,0,6.08,0,5.6,0,0,5.6,0,0,0,0,0,0,5.6,0,0,5.6,0,41,2,89.2857142857143,424642.857142857,0,424642.857142857,0,0,0,0,0,0,0,0,0,0,424642.857142857,0,13178.5714285714,0,0,1785.71428571429,0,0,0,50342.8571428571,0,50342.8571428571,18861.6071428571,0,110178.571428571,110178.571428571,1712841.96428571,0,0,1712841.96428571,915904.178571429,6153.31764434524,43371.8495089286,49525.1671532738,1762367.13143899,-432464.892857143,2518567.57142857,159703.738581845,2678271.31001042,-2194832.02429613,483439.285714286,45.7142857142857,106.071428571429,36.0714285714286,22.6785714285714,152228.571428571,256692.857142857,54107.1428571429,20410.7142857143,0,0,0,0,0,0,0,0,0,0,0,0,289.285714285714,289.285714285714,33.75,23.2142857142857,0,0,29.6428571428571,0,86.6071428571429,0,0,0,0,0,0,0,0,0,30.7142857142857,14.6428571428571,0,0,0,0,30,0,0,11.25,0,0,0,0,0,0,0,0,0,0,4.71428571428571
3,0,0,0,0,0,0,0,0,0,0,2526000,34,4,300789,2,6,0,0,6,0,6,0,0,6,0,0,0,0,0,0,6,0,0,6,0,6,0,0,6,0,0,0,0,0,0,21,2,333.333333333333,421000,0,421000,0,0,0,0,0,0,0,0,0,0,421000,120333.333333333,23700,0,36166.6666666667,6666.66666666667,508166.666666667,0,78000,95393.3333333333,12363.3333333333,107756.666666667,100027.777777778,559333.333333333,0,559333.333333333,1919807.5,1087842.83333333,61666.6666666667,3069317,2812753.94637423,53915.8710638889,85906.5092166667,139822.380280556,2658325.54501744,896909.386959107,4771923.77777778,699155.713613889,5471079.49139167,-1761416.15805833,3709663.33333333,45.6666666666667,914,438.666666666667,122.833333333333,175360,2678020,745733.333333333,110550,0,0,0,0,0,0,0,0,0,0,0,0,390,390,27.6666666666667,24.5,8.5,17.1666666666667,41.6666666666667,25.8333333333333,145.333333333333,0,0,0,0,0,0,4.66666666666667,0,0,47.5,7.33333333333333,0,0,0,0,29.3333333333333,0,0,29.8333333333333,0,0,0,0,2,0,0,0,0,24.6666666666667,7.68421052631579
3,0,0,0,0,0,0,0,0,0,0,2537000,99,4,270258,2,6.29,0,0,6.29,0,0,0,0,0,0,6.29,0,0,6.29,0,5.66,0,0,5.66,0,0,0,0,0,0,5.66,0,0,5.66,0,14.3333333333333,2,158.833922261484,448233.215547703,0,448233.215547703,0,0,0,0,0,0,0,0,0,0,448233.215547703,0,25971.7314487633,26501.7667844523,0,2296.81978798587,0,22791.519434629,114310.954063604,37854.5347467609,8473.20996838386,46327.7447151448,756371.466431095,0,48056.5371024735,48056.5371024735,877559.893992933,56448.7632508834,20494.6996466431,954503.356890459,1818807.15852931,16857.7005859874,46560.345114841,63418.0457008284,960233.999377831,4609.44924454391,2667566.57510384,111474.582803302,2779041.15790714,-955624.550133288,1823416.60777385,281.978798586572,282.155477031802,27.3851590106007,1.06007067137809,983745.583038869,774013.780918728,64139.222614841,1518.02120141343,0,0,0,0,0,0,0,0,0,0,0,0,365.724381625442,365.724381625442,19.434628975265,12.1908127208481,1.59010600706714,1.59010600706714,13.2508833922261,0,48.0565371024735,0,0,0,0,0,0,0,0,2.12014134275618,26.678445229682,5.8303886925795,0,0,0,0,0,0,0,13.0742049469965,0,0,0,0,0.353356890459364,0,0,0,0,0,6.90909090909091
3,0,0,0,0,0,0,0,0,0,0,2642000,38,1,296914,1,2,0,0,2,0,2,0,0,2,0,0,0,0,0,0,1.9,0,0,1.9,0,1.9,0,0,1.9,0,0,0,0,0,0,30,2,115.789473684211,1390526.31578947,0,1390526.31578947,0,0,0,0,0,0,0,0,0,0,1390526.31578947,0,94947.3684210526,0,0,23157.8947368421,0,0,0,94414.9122807018,0,94414.9122807018,136456.140350877,362105.263157895,0,362105.263157895,7436737.89473684,805819.473684211,0,8242557.36842105,2842236.10526316,43972.3640131579,196486.457289474,240458.821302632,8039301.97919737,3607874.42105263,10278974,602564.084460526,10881538.0844605,-4431427.55814474,6450110.52631579,890,1010,369.473684210526,0,3239600,2656300,554210.52631579,0,0,0,0,0,0,0,0,0,0,0,0,0,947.368421052632,947.368421052632,147.894736842105,57.8947368421053,12.1052631578947,38.421052631579,153.157894736842,0,409.473684210526,0,0,0,0,0,0,0,0,0,192.631578947368,17.3684210526316,0,0,0,0,69.4736842105263,0,0,130,0,0,0,0,0,0,0,0,0,0,32.1666666666667
3,0,0,0,0,0,0,0,0,0,0,2705000,34,4,300789,2,13.5,0,0,13.5,0,9,0,0,9,0,4.5,0,0,4.5,0,13.5,0,0,13.5,0,9,0,0,9,0,4.5,0,0,4.5,0,20.5,2,266.666666666667,200370.37037037,0,200370.37037037,0,0,0,0,0,0,0,0,0,0,200370.37037037,0,9518.51851851852,0,9629.62962962963,888.888888888889,0,0,15629.6296296296,6317.28395061728,3297.03703703704,9614.32098765432,15648.1481481481,372814.814814815,25481.4814814815,398296.296296296,596411.407407407,576039.259259259,14222.2222222222,1186672.88888889,1170596.79750895,10617.0772901235,28667.6050074074,39284.6822975309,1015745.5761466,94687.6469354937,1748761.39506173,437580.978593827,2186342.37365556,-921057.929211111,1265284.44444444,33.8518518518519,194.962962962963,182,155.851851851852,129991.111111111,649226.666666667,345800,140266.666666667,0,0,0,0,0,0,0,0,0,0,0,0,160,160,14.5925925925926,8.74074074074074,12.1481481481481,8.07407407407407,7.62962962962963,6.44444444444444,57.6296296296296,0,0,0,0,0,0,0,0,0,31.8518518518519,3.25925925925926,0,0,0,0,7.77777777777778,0,0,6.2962962962963,0,0,0,0,0.37037037037037,0,0,0,0,8.07407407407407,1.6875
3,0,0,0,0,0,0,0,0,0,0,3031000,99,4,270258,1,6,0,0,6,0,0,0,0,0,0,6,0,0,6,0,6,0,0,6,0,0,0,0,0,0,6,0,0,6,0,21,2,288.333333333333,505166.666666667,0,505166.666666667,0,0,0,0,0,0,0,0,0,0,505166.666666667,198000,127900,66166.6666666667,0,2000,0,0,0,317650.833333333,42687.5877192983,360338.421052632,40013.8888888889,0,124833.333333333,124833.333333333,960703.5,1308232.83333333,197666.666666667,2466603,3116881.28617461,133658.718963231,67821.6021166667,201480.321079898,1245879.01151348,6850752.88049206,4036446.64327485,326313.654413231,4362760.29768808,5604873.86897858,9967634.16666667,449.666666666667,1270.5,505.333333333333,7.16666666666667,2481260.66666667,5917021,1561333,8019.5,0,0,0,0,0,0,0,0,0,0,0,0,900,900,23.1666666666667,21.3333333333333,9.66666666666667,70,8.16666666666667,0,132.333333333333,0,0,0,0,0,0,3.5,1.66666666666667,15,96.8333333333333,7.33333333333333,0,0,0,0,3.33333333333333,0,0,4.66666666666667,0,0,0,0,0,0,0,0,0,0,6.90909090909091
3,0,0,0,0,0,0,0,0,0,0,3886000,34,4,300789,2,13.6,0,0,13.6,0,0,0,0,0,0,13.6,0,0,13.6,0,13.6,0,0,13.6,0,0,0,0,0,0,13.6,0,0,13.6,0,24,2,235.294117647059,285735.294117647,0,285735.294117647,0,0,0,0,0,0,0,0,0,0,285735.294117647,30147.0588235294,3286.76470588235,882.352941176471,15955.8823529412,6617.64705882353,0,0,12132.3529411765,142115.410539216,2618.01470588235,144733.425245098,37068.0147058824,0,91250,91250,736205.588235294,422610.294117647,0,1158815.88235294,1351208.0870098,41738.9171178003,30498.5006911765,72237.4178089767,808443.006044271,863008.089460784,1996163.6752451,163487.417808977,2159651.09305407,54565.0834165136,2214216.17647059,48.3823529411765,268.823529411765,451.617647058824,145.367647058824,217720.588235294,978517.647058824,858073.529411765,159904.411764706,0,0,0,0,0,0,0,0,0,0,0,0,264.705882352941,264.705882352941,14.4852941176471,10.5882352941176,10.8823529411765,5.07352941176471,12.2794117647059,5.66176470588235,58.9705882352941,0,0,0,0,0,0,2.57352941176471,0,0,31.3970588235294,1.61764705882353,0,0,0,0,6.47058823529412,1.02941176470588,0,13.1617647058824,0,0,0,0,0,0,0,0,0,2.72058823529412,1.6875
3,0,0,0,0,0,0,0,0,0,0,4508000,34,4,300789,2,5.52,0,0,5.52,0,0,0,0,0,0,5.52,0,0,5.52,0,5.52,0,0,5.52,0,0,0,0,0,0,5.52,0,0,5.52,0,21,2,333.333333333333,816666.666666667,0,816666.666666667,0,0,0,0,0,0,0,0,0,0,816666.666666667,27355.0724637681,23351.4492753623,0,16847.8260869565,3623.1884057971,368297.101449275,0,92753.6231884058,26708.9371980676,8063.04347826087,34771.9806763285,60013.5869565217,0,196376.811594203,196376.811594203,1137066.84782609,470993.65942029,0,1608060.50724638,2411839.96618357,29760.4078016304,59582.6520108696,89343.0598125,1226409.90763859,2298496.99033816,3352530.00241546,285719.871406703,3638249.87382216,1072087.08269958,4710336.95652174,124.275362318841,993.478260869565,437.13768115942,491.666666666667,477217.391304348,2910891.30434783,830561.594202899,491666.666666667,0,0,0,0,0,0,0,0,0,0,0,0,652.173913043478,652.173913043478,22.2826086956522,19.5652173913043,12.8623188405797,15.3985507246377,17.0289855072464,0,87.1376811594203,0,0,0,0,0,0,5.07246376811594,0,0,53.2608695652174,0,0,0,0,0,0,0,0,17.0289855072464,0,0,0,0,0,0,0,0,0,11.7753623188406,7.68421052631579
3,0,0,0,0,0,0,0,0,0,0,6491000,99,4,270258,1,5.6,0,0,5.6,0,0,0,0,0,0,5.6,0,0,5.6,0,5.6,0,0,5.6,0,0,0,0,0,0,5.6,0,0,5.6,0,25,2,250,1159107.14285714,0,1159107.14285714,0,0,0,0,0,0,0,0,0,0,1159107.14285714,157321.428571429,88785.7142857143,235178.571428571,0,2142.85714285714,0,184464.285714286,206785.714285714,86876.4880952381,38754.0816326531,125630.569727891,150029.761904762,0,193750,193750,3130224.82142857,174525.892857143,10535.7142857143,3315286.42857143,2948536.33624738,58078.2012427721,107783.803678571,165862.004921344,3306066.14316376,11149160.092324,5894990.4744898,359612.004921344,6254602.47941114,7843093.94916029,14097696.4285714,819.285714285714,806.25,423.035714285714,0,6887142.85714286,5569250,1641303.57142857,0,0,0,0,0,0,0,0,0,0,0,0,0,2025,2025,89.4642857142857,22.1428571428571,1.60714285714286,7.32142857142857,45,1.07142857142857,166.607142857143,0,0,0,0,0,5.71428571428571,5.53571428571429,0,5,61.25,14.6428571428571,0,0,0,0,45,0,0,29.4642857142857,0,0,0,0,0,0,0,0,0,0,6.90909090909091
3,0,0,0,0,0,0,0,0,0,0,8316000,99,4,270258,2,14.11,0,0,14.11,0,10.71,0,0,10.71,0,3.4,0,0,3.4,0,14.11,0,0,14.11,0,10.71,0,0,10.71,0,3.4,0,0,3.4,0,21,2,216.15875265769,589369.241672573,0,589369.241672573,0,0,0,0,0,0,0,0,0,0,589369.241672573,82352.9411764706,86435.1523742027,0,2622.25372076541,354.358610914245,0,0,41034.7271438696,33324.8287266714,9740.75870043642,43065.5874271078,57849.0432317505,176612.33167966,38412.4734231042,215024.805102764,808303.118355776,478313.253012048,47838.4124734231,1334454.78384125,1707851.46792956,27211.4103251396,43052.9626895819,70264.3730147214,1085233.79938682,1666766.10825754,2507796.0891989,285289.178117485,2793085.26731639,581532.308870716,3374617.5761871,207.299787384833,570.021261516655,218.851878100638,35.7902197023388,899681.077250177,1996784.47909284,439892.274982282,38259.7448618001,0,0,0,0,0,0,0,0,0,0,0,0,1084.33734939759,1084.33734939759,20.4110559886605,9.70942593905032,9.99291282778172,18.1431608788094,11.1977321048902,0,69.4542877391921,0,0,0,0,0,0,1.91353649893692,0,0,42.0978029766123,13.8199858256556,0,0,0,5.31537916371368,2.33876683203402,0,0,3.96881644223955,0,0,0,0,0,0,0,0,0,0,2.42857142857143
3,0,0,0,0,0,0,0,0,0,0,933000,99,2,270258,2,2.64,0,0,2.64,0,2.64,0,0,2.64,0,0,0,0,0,0,2.64,0,0,2.64,0,2.64,0,0,2.64,0,0,0,0,0,0,20,2,151.515151515152,353409.090909091,0,353409.090909091,0,0,0,0,0,0,0,0,0,0,353409.090909091,297727.272727273,141628.787878788,8712.12121212121,0,1893.93939393939,0,521969.696969697,0,151483.585858586,40080.5194805195,191564.105339105,87291.6666666667,232954.545454545,0,232954.545454545,2417465.90909091,355871.212121212,68560.6060606061,2841897.72727273,2239123.50595525,76227.4420766594,83969.8585227273,160197.300599387,2870380.74846809,1216588.61525687,4716352.40836941,393151.846053932,5109504.25442334,-1653792.13321122,3455712.12121212,443.181818181818,187.121212121212,106.060606060606,0,2348863.63636364,812106.060606061,294742.424242424,0,0,0,0,0,0,0,0,0,0,0,0,0,681.818181818182,681.818181818182,50,68.5606060606061,10.2272727272727,8.71212121212121,18.5606060606061,0,156.060606060606,0,0,0,0,0,0,0,0,10.6060606060606,37.1212121212121,20.8333333333333,0,0,0,0,50.3787878787879,0,0,37.1212121212121,0,0,0,0,0,0,0,0,0,0,14.4444444444444
3,0,0,0,0,0,0,0,2026000,0,0,1865000,34,3,300789,2,3.5,0,0,3.5,0,0,0,0,0,0,3.5,0,0,3.5,0,3.5,0,0,3.5,0,0,0,0,0,0,3.5,0,0,3.5,0,21,2,200,1111714.28571429,0,1111714.28571429,0,0,0,0,0,0,0,578857.142857143,0,0,532857.142857143,171142.857142857,249885.714285714,1142.85714285714,6285.71428571429,2857.14285714286,0,0,295428.571428571,68061.9047619048,5934.28571428571,73996.1904761905,342952.380952381,0,155142.857142857,155142.857142857,4499309.71428571,203909.142857143,0,4703218.85714286,2915246.71428571,55253.4205476191,131814.7714,187068.191947619,4686377.90623333,-337426.714285714,7259413.57142857,342211.049090476,7601624.62051905,-5023804.62051905,2577820,261.142857142857,282,250.571428571429,240.285714285714,1081131.42857143,854460,425971.428571429,216257.142857143,0,0,0,0,0,0,0,0,0,8571.42857142857,0,0,514.285714285714,9085.71428571429,80.8571428571429,86.5714285714286,2.57142857142857,10.2857142857143,68,0,248.285714285714,54.5714285714286,0,0,0,0,0,17.7142857142857,0,0,83.4285714285714,50.2857142857143,0,0,0,0,0,15.4285714285714,0,26.8571428571429,0,0,0,0,0,0,0,0,0,0,16.3541666666667
3,0,0,0,0,0,0,0,85000,0,0,0,99,1,270258,2,1,0,1,0,0,1,0,1,0,0,0,0,0,0,0,1,0,1,0,0,1,0,1,0,0,0,0,0,0,0,21,2,50,85000,0,85000,0,0,0,0,0,0,0,85000,0,0,0,0,0,0,0,0,0,0,0,4520,0,4520,268850,101000,0,101000,322540,0,0,322540,628628,53945.9427,8211.931,62157.8737,485697.8737,238572,951168,163157.8737,1114325.8737,-247125.8737,867200,0,73,26,0,0,700800,166400,0,0,0,0,0,0,0,0,0,0,840,0,0,0,840,17,0,0,0,0,0,17,0,0,0,0,0,0,0,0,2,11,4,0,0,0,0,0,0,0,0,0,0,0,0,0,0,0,0,0,0,24.1111111111111
3,0,0,0,0,0,0,1479000,3343000,0,0,0,99,4,270258,2,6,0,0,6,0,0,0,0,0,0,6,0,0,6,0,6,0,0,6,0,0,0,0,0,0,6,0,0,6,0,21,1,291.666666666667,803666.666666667,0,803666.666666667,0,0,0,0,0,0,246500,557166.666666667,0,0,0,321000,118583.333333333,0,0,0,0,0,144833.333333333,170773.611111111,9813.24561403509,180586.856725146,94020.8333333333,0,135500,135500,1336977.33333333,426250,42000,1805227.33333333,2504852.28024166,2136.02652668129,64345.2099333333,66481.2364600146,1435305.3129435,2470277.71975834,3738176.35672515,201981.236460015,3940157.59318516,1034972.40681484,4975130,461.833333333333,756.833333333333,29.3333333333333,0,2004356.66666667,2906240,64533.3333333333,0,0,0,0,0,0,0,0,0,1666.66666666667,6000,0,0,0,7666.66666666667,29.5,33.5,0,25.8333333333333,11.3333333333333,0,100.166666666667,0,0,0,0,0,0,13.3333333333333,0,0,51.8333333333333,25.6666666666667,0,0,0,0,0,0,0,9.33333333333333,0,0,0,0,0,0,0,0,0,0,6.90909090909091
3,0,0,0,0,0,0,158000,0,0,0,0,34,4,300789,2,15,0,0,15,0,0,0,0,0,0,15,0,0,15,0,15,0,0,15,0,0,0,0,0,0,15,0,0,15,0,8.5,2,163.333333333333,10533.3333333333,0,10533.3333333333,0,0,0,0,0,0,10533.3333333333,0,0,0,0,5400,6680,30200,0,0,8800,0,19933.3333333333,432772.611111111,0,432772.611111111,0,0,299733.333333333,299733.333333333,361611.6,165933.333333333,36066.6666666667,563611.6,1292119.30933941,83507.9656088889,12999.9390733333,96507.9046822222,482841.806453926,677246.023993926,1378719.87777778,396241.238015556,1774961.11579333,194404.21754,1969365.33333333,487.466666666667,0,0,0,1969365.33333333,0,0,0,0,0,0,0,0,0,0,0,133.333333333333,0,0,0,0,133.333333333333,11.1333333333333,3.26666666666667,5.06666666666667,3.06666666666667,4.13333333333333,1.73333333333333,28.4,0,0,0,0,0,0,1.33333333333333,0,1.8,12.2,2.2,0,0,0,0.733333333333333,3.8,0,0,5,0,0,0,0,0.133333333333333,0,0,0,0,1.2,1.6875
3,0,0,0,0,0,0,230000,0,0,0,0,34,4,300789,2,6,0,0,6,0,0,0,0,0,0,6,0,0,6,0,6,0,0,6,0,0,0,0,0,0,6,0,0,6,0,16,2,250,38333.3333333333,0,38333.3333333333,0,0,0,0,0,0,38333.3333333333,0,0,0,0,198500,132083.333333333,0,6166.66666666667,1666.66666666667,0,0,104833.333333333,396484.722222222,45394.5175438596,441879.239766082,50166.6666666667,0,90333.3333333333,90333.3333333333,1611803,1313732,296500,3222035,2811628.97658972,125674.216240863,75638.76775,201312.983990863,1976470.58050056,1738657.69007695,4496453.23976608,291646.317324196,4788099.55709028,-237812.890423612,4550286.66666667,243.666666666667,472.166666666667,292.5,175.333333333333,1413266.66666667,2049203.33333333,789750,298066.666666667,0,0,0,0,0,0,0,0,666.666666666667,0,0,0,0,666.666666666667,35.8333333333333,21.8333333333333,2.33333333333333,63.1666666666667,24.5,7.66666666666667,155.333333333333,0,0,0,0,0,0,7,0,0,106.666666666667,5.5,0,0,0,0,0,0,0,0,0,0,0,0,0,0,0,0,0,36.1666666666667,7.68421052631579
3,0,0,0,0,0,0,342000,0,0,0,12420000,34,4,300789,2,13.66,0,0,13.66,0,13.66,0,0,13.66,0,0,0,0,0,0,13.66,0,0,13.66,0,13.66,0,0,13.66,0,0,0,0,0,0,13,2,308.565153733529,934260.614934114,0,934260.614934114,0,0,0,0,0,0,25036.6032210835,0,0,0,909224.011713031,50658.8579795022,157401.171303075,0,0,67935.5783308931,0,0,0,211211.017569546,16520.7058642213,227731.723433767,211045.876037091,249341.142020498,0,249341.142020498,2822161.12737921,733746.046852123,103001.464128843,3658908.63836018,2704822.77495456,50937.0603169903,100298.309575403,151235.369892393,3304485.19733695,-767938.441133185,5608731.46037862,400576.511912891,6009307.97229151,-4072423.63847013,1936884.33382138,48.1698389458272,327.452415812591,173.060029282577,199.414348462665,199423.133235725,1191926.79355783,346120.058565154,199414.348462665,0,0,0,0,0,0,0,0,190.336749633968,0,0,0,685.212298682284,875.549048316252,43.7774524158126,41.3616398243045,32.7232796486091,0,55.5636896046852,7.39385065885798,180.819912152269,0,0,0,0,0,0,17.2767203513909,7.61346998535871,0,32.7232796486091,64.2020497803807,0,0,0,0,32.7232796486091,0,0,26.2811127379209,0,0,0,0,0,0,0,0,0,0,1.6875
3,0,0,0,0,0,0,355000,0,0,0,0,34,4,300789,2,6,0,0,6,0,0,0,0,0,0,6,0,0,6,0,6,0,0,6,0,0,0,0,0,0,6,0,0,6,0,16,2,341.666666666667,59166.6666666667,0,59166.6666666667,0,0,0,0,0,0,59166.6666666667,0,0,0,0,17166.6666666667,19966.6666666667,0,0,8333.33333333333,23666.6666666667,0,76000,31074.4444444444,5934.16666666667,37008.6111111111,112019.444444444,0,213333.333333333,213333.333333333,2251643.33333333,0,0,2251643.33333333,867450.388888889,31786.9697888889,49487.2581666667,81274.2279555556,2332917.56128889,2074604.61111111,2905760.38888889,294607.561288889,3200367.95017778,-258312.950177778,2942055,0,883.5,0,0,0,2942055,0,0,0,0,0,0,0,0,0,0,600,0,0,0,0,600,56.6666666666667,53.1666666666667,0,0,15.8333333333333,0,125.666666666667,12,0,0,0,0,0,4.33333333333333,10.3333333333333,6,37.1666666666667,9,0,0,0,3,29.3333333333333,0,0,13.8333333333333,0,0,0,0,0.666666666666667,0,0,0,0,0,7.68421052631579
3,0,0,0,0,0,0,651000,0,0,0,0,34,4,300789,2,13.6,0,0,13.6,0,13.6,0,0,13.6,0,0,0,0,0,0,13.6,0,0,13.6,0,13.6,0,0,13.6,0,0,0,0,0,0,31,2,73.5294117647059,47867.6470588235,0,47867.6470588235,0,0,0,0,0,0,47867.6470588235,0,0,0,0,0,85750,0,3014.70588235294,27941.1764705882,0,0,25000,29469.362745098,9398.13080495356,38867.4935500516,44129.9019607843,66838.2352941177,0,66838.2352941177,1416187.79411765,239375,81764.7058823529,1737327.5,824557.144254982,24841.4708446465,38827.0557426471,63668.5265872936,1616637.04254903,-249035.085431452,2310687.4249226,130506.761881411,2441194.18680401,-1865672.12798048,575522.058823529,53.75,84.7058823529412,51.6176470588235,15.5147058823529,217150,256658.823529412,87750,13963.2352941176,0,0,0,0,0,0,0,0,441.176470588235,0,0,0,0,441.176470588235,24.8529411764706,32.5,1.69117647058824,5.07352941176471,18.8970588235294,4.04411764705882,87.0588235294118,21.0294117647059,0,0,0,0,0,0,7.64705882352941,0,26.9117647058824,16.1764705882353,0,0,0,0,0,0,0,0,0,0,0,0,0,0,0,0,0,15.2941176470588,1.6875
3,0,0,0,0,0,0,79000,0,0,0,0,34,1,300789,2,2,0,0,2,0,2,0,0,2,0,0,0,0,0,0,1.5,0,0,1.5,0,1.5,0,0,1.5,0,0,0,0,0,0,33,2,300,52666.6666666667,0,52666.6666666667,0,0,0,0,0,0,52666.6666666667,0,0,0,0,0,0,0,0,0,0,0,11333.3333333333,117194.444444444,15825.3333333333,133019.777777778,288083.333333333,559333.333333333,0,559333.333333333,1722440.66666667,0,0,1722440.66666667,785892.111111111,103788.945982222,35996.7794333333,139785.725415556,2421559.72541556,2273974.55555556,2508332.77777778,699119.058748889,3207451.83652667,-147585.16986,3059866.66666667,190.666666666667,736,252.666666666667,182.666666666667,615853.333333333,1893813.33333333,404066.666666667,146133.333333333,0,0,0,0,0,0,0,0,666.666666666667,0,0,0,0,666.666666666667,50.6666666666667,44,0,0,4,0,98.6666666666667,6.66666666666667,0,0,0,0,0,0,0,0,80.6666666666667,5.33333333333333,0,0,0,0,6,0,0,0,0,0,0,0,0,0,0,0,0,0,28.2903225806452
3,0,0,0,0,0,209000,0,0,0,0,0,34,1,300789,2,1.5,0,0,1.5,0,1.5,0,0,1.5,0,0,0,0,0,0,1.5,0,0,1.5,0,1.5,0,0,1.5,0,0,0,0,0,0,29,1,333.333333333333,139333.333333333,139333.333333333,0,0,0,0,0,0,139333.333333333,0,0,0,0,0,7333.33333333333,16666.6666666667,0,0,0,0,0,11333.3333333333,41011.1111111111,0,41011.1111111111,576166.666666667,294666.666666667,0,294666.666666667,2296268,0,0,2296268,1092633.44444444,11240.7894444444,49789.3335333333,61030.1229777778,2651964.78964444,2280393.22222222,3388901.44444444,355696.789644444,3744598.23408889,-371571.567422222,3373026.66666667,430,365.333333333333,0,0,2193000,1180026.66666667,0,0,0,0,0,0,0,0,353.333333333333,353.333333333333,0,0,0,0,0,0,107.333333333333,7.33333333333333,0,0,6,0,120.666666666667,0,0,0,0,0,0,0,0,6,76,5.33333333333333,0,0,0,10,16,0,0,6,0,0,0,0,1.33333333333333,0,0,0,0,0,28.2903225806452
3,0,0,0,0,0,2192000,0,0,0,0,0,99,2,270258,1,5.5,1.27,0.04,4.19,0,5.5,1.27,0.04,4.19,0,0,0,0,0,0,2.71,1.25,0.04,1.42,0,2.71,1.25,0.04,1.42,0,0,0,0,0,0,10.9,2,540.590405904059,808856.088560886,808856.088560886,0,0,0,0,0,0,808856.088560886,0,0,0,0,0,35055.3505535055,55830.258302583,0,0,67158.6715867159,0,0,251660.516605166,110373.308733087,19031.3750242766,129404.683757364,335116.851168512,686346.863468635,0,686346.863468635,2319350.92250923,790224.723247233,0,3109575.64575646,2743565.14378196,62617.2166116074,90446.360701107,153063.577312714,3158761.36329057,2640120.46507412,5062916.06629119,839410.440781349,5902326.50707254,-518640.89821645,5383685.60885609,623.616236162362,782.656826568266,70.479704797048,11.8081180811808,2479403.6900369,2753463.83763838,136633.210332103,14184.8708487085,0,0,0,0,0,0,1158.67158671587,1158.67158671587,0,0,0,0,0,0,84.8708487084871,1.4760147601476,32.4723247232472,11.4391143911439,27.6752767527675,0,157.933579335793,0,0,0,0,0,0,2.5830258302583,0,0,121.771217712177,16.2361623616236,0,0,0,0,0,0,0,16.9741697416974,0,0,0,0,0.3690036900369,0,0,0,0,0,14.4444444444444
3,0,0,0,0,0,5329000,0,0,0,0,0,34,4,300789,2,6.55,0,0,6.55,0,0,0,0,0,0,6.55,0,0,6.55,0,5.95,0,0,5.95,0,0,0,0,0,0,5.95,0,0,5.95,0,25.3333333333333,1,168.571428571429,895630.25210084,895630.25210084,0,0,0,0,0,0,895630.25210084,0,0,0,0,0,2352.94117647059,16907.5630252101,22857.1428571429,0,0,0,0,0,59570.0280112045,29184.0336134454,88754.0616246499,31909.8039215686,0,176470.588235294,176470.588235294,1896602.68907563,985646.554621849,0,2882249.24369748,2521317.90756303,53763.9026330532,76972.9424285714,130736.845061625,2027339.53413726,51315.7058823527,4241450.00840336,307207.433296919,4548657.44170028,-1976023.8282549,2572633.61344538,276.470588235294,267.226890756303,274.285714285714,52.9411764705882,1150063.86554622,908636.974789916,466285.714285714,47647.0588235294,0,0,0,0,0,0,638.655462184874,638.655462184874,0,0,0,0,0,0,72.9411764705882,33.9495798319328,38.655462184874,14.7899159663866,0,0,160.336134453782,0,0,0,0,0,0,0,0,7.39495798319328,136.806722689076,9.74789915966387,0,0,0,0,0,1.34453781512605,0,0,0,0,0,0,0,0,0,0,0,5.04201680672269,7.68421052631579
3,0,0,0,0,0,780000,926000,0,0,0,0,34,4,300789,2,6,0,0,6,0,6,0,0,6,0,0,0,0,0,0,6,0,0,6,0,6,0,0,6,0,0,0,0,0,0,20,2,250,284333.333333333,130000,154333.333333333,0,0,0,0,0,130000,154333.333333333,0,0,0,0,61500,145766.666666667,0,14166.6666666667,2500,0,0,89333.3333333333,69730,40823.2631578947,110553.263157895,100027.777777778,559333.333333333,0,559333.333333333,852766.666666667,547909,89000,1489675.66666667,1691693.59662511,60155.3729099708,42058.6046833333,102213.977593304,1568499.42190387,505273.070041561,2598645.70760234,661547.310926637,3260193.01852898,-1063226.35186231,2196966.66666667,152.333333333333,213.333333333333,0,0,1172966.66666667,1024000,0,0,0,0,0,0,0,0,220,220,533.333333333333,0,0,0,0,533.333333333333,16.6666666666667,1.16666666666667,8.83333333333333,13,21.1666666666667,7,67.8333333333333,30.3333333333333,0,0,0,0,0,7,0,0,16.8333333333333,7.33333333333333,0,0,0,0,0,0,0,4.66666666666667,0,0,0,0,0,0,0,0,0,1.66666666666667,7.68421052631579
3,0,0,0,1083000,0,0,0,0,0,0,0,38,2,296914,2,13,0,0,13,0,0,0,0,0,0,13,0,0,13,0,2.6,0,0,2.6,0,0,0,0,0,0,2.6,0,0,2.6,0,39,2,246.153846153846,416538.461538462,416538.461538462,0,0,0,0,416538.461538462,0,0,0,0,0,0,0,0,11692.3076923077,0,0,1923.07692307692,0,0,0,15708.3333333333,0,15708.3333333333,99715.3846153846,0,987307.692307692,987307.692307692,537131.153846154,217944.230769231,0,755075.384615385,2047743.48717949,13090.2640833333,23882.369,36972.6330833333,574103.786929487,-1865616.56410256,1597566.94871795,1024280.32539103,2621847.27410897,-2439720.35103205,182126.923076923,14.2307692307692,38.8461538461538,0,0,68307.6923076923,113819.230769231,0,0,0,0,0,0,553.846153846154,0,0,553.846153846154,0,0,0,0,0,0,0,11.9230769230769,4.23076923076923,5.76923076923077,14.6153846153846,0,36.5384615384615,0,0,0,0,0,0,0,0,1.53846153846154,11.9230769230769,8.46153846153846,0,0,0,0,0,0,0,14.6153846153846,0,0,0,0,0,0,0,0,0,0,16.75
3,0,0,0,110000,0,0,0,0,0,0,0,34,1,300789,2,1,0,0,1,0,0,0,0,0,0,1,0,0,1,0,1,0,0,1,0,0,0,0,0,0,1,0,0,1,0,8,2,300,110000,110000,0,0,0,0,110000,0,0,0,0,0,0,0,27000,118400,0,0,7000,0,0,0,2073074.16666667,74180,2147254.16666667,720166.666666667,0,82000,82000,5899173,0,0,5899173,3512609.83333333,461293.896266667,124155.69595,585449.592216667,6484622.59221667,-1314209.83333333,9329782.83333333,667449.592216667,9997232.42555,-7798832.42555,2198400,229,0,0,0,2198400,0,0,0,0,0,0,0,210,0,0,210,0,0,0,0,0,0,128,129,0,0,62,0,319,10,0,0,0,0,0,28,0,0,230,0,0,0,0,0,9,0,0,38,0,0,0,0,0,0,0,0,0,4,28.2903225806452
3,0,0,0,1213000,0,0,0,0,0,0,0,38,4,296914,2,14,0,0,14,0,14,0,0,14,0,0,0,0,0,0,5.6,0,0,5.6,0,5.6,0,0,5.6,0,0,0,0,0,0,36,2,178.571428571429,216607.142857143,216607.142857143,0,0,0,0,216607.142857143,0,0,0,0,0,0,0,4821.42857142857,17571.4285714286,0,0,6428.57142857143,0,0,0,5747.32142857143,14565.376984127,20312.6984126984,56584.8214285714,108392.857142857,0,108392.857142857,647724.642857143,935200.357142857,0,1582925,1554440.4484127,36755.129640873,36841.3244642857,73596.4541051587,829713.954105159,795845.265873016,2202165.09126984,181989.311248016,2384154.40251786,-33868.6882321429,2350285.71428571,489.642857142857,0,0,0,2350285.71428571,0,0,0,0,0,0,0,308.928571428571,0,0,308.928571428571,0,0,0,0,0,0,1.96428571428571,16.4285714285714,30,16.25,14.8214285714286,8.75,88.2142857142857,0,0,0,0,0,0,0,0,0,55.3571428571429,5.89285714285714,0,0,0,0,0,0,0,26.9642857142857,0,0,0,0,0,0,0,0,0,0,4.71428571428571
3,0,0,0,12710000,0,0,0,0,0,0,0,34,4,300789,2,22,0,0,22,0,0,0,0,0,0,22,0,0,22,0,22,0,0,22,0,0,0,0,0,0,22,0,0,22,0,20.6,2,186.363636363636,577727.272727273,577727.272727273,0,0,0,0,577727.272727273,0,0,0,0,0,0,0,123363.636363636,108059.090909091,51500,13500,10000,145545.454545455,0,39500,223871.666666667,0,223871.666666667,92753.0303030303,0,379272.727272727,379272.727272727,1650493.77272727,3257219.72727273,786863.636363636,5694577.13636364,5845338.23601816,42051.9814393939,136290.017706818,178341.999146212,2093462.77827957,2357234.94580002,7381186.28787879,557614.726418939,7938801.01429773,263772.167520454,8202573.18181818,423.772727272727,1998.31818181818,271.181818181818,162.590909090909,1669664.54545455,5855072.27272727,515245.454545455,162590.909090909,181.818181818182,0,0,0,721.818181818182,0,0,721.818181818182,0,0,0,0,0,0,15.5909090909091,25.8636363636364,70.3181818181818,84.5454545454545,39.4090909090909,25,260.727272727273,0,0,0,0,0,0,6.27272727272727,2.81818181818182,0.409090909090909,174.681818181818,7,0,0,0,4.09090909090909,26.0454545454545,0,0,38.5454545454545,0,0,0,0,0.818181818181818,0,0,0,0,0.0454545454545455,1.6875
3,0,0,0,1376000,0,0,0,0,0,0,0,34,4,300789,2,6,0,0,6,0,0,0,0,0,0,6,0,0,6,0,6,0,0,6,0,0,0,0,0,0,6,0,0,6,0,21,2,150,229333.333333333,229333.333333333,0,0,0,0,229333.333333333,0,0,0,0,0,0,0,297500,144250,0,5666.66666666667,500,0,0,95166.6666666667,18779.1666666667,18584.6052631579,37363.7719298246,100027.777777778,0,72000,72000,2296049.33333333,542750,12333.3333333333,2851132.66666667,1827705.22618076,44546.8427225877,73014.5190666667,117561.361789254,2423586.01864943,873436.440485904,4061729.88304094,189561.361789254,4251291.24483019,-1550149.57816352,2701141.66666667,152.333333333333,472.166666666667,292.5,175.333333333333,615426.666666667,1430665,497250,157800,0,0,0,0,361.666666666667,0,0,361.666666666667,0,0,0,0,0,0,50,59,11.5,11.5,19,6.33333333333333,157.333333333333,48,0,0,0,0,0,7,0,0,68.6666666666667,14.6666666666667,0,0,0,0,0,0,0,18.6666666666667,0,0,0,0,0,0,0,0,0,0.333333333333333,7.68421052631579
3,0,0,0,141000,0,0,51000,0,0,0,342000,99,1,270258,2,1,0,1,0,0,1,0,1,0,0,0,0,0,0,0,1,0,1,0,0,1,0,1,0,0,0,0,0,0,0,5,2,279,534000,141000,393000,0,0,0,141000,0,0,51000,0,0,0,342000,0,215300,0,0,4000,0,0,0,7540,0,7540,188280,1011000,0,1011000,2746104,221000,0,2967104,1440378,39093.0956,74966.1406,114059.2362,3871163.2362,-433378,4186482,1125059.2362,5311541.2362,-4304541.2362,1007000,27,64,50,0,259200,492800,255000,0,0,0,0,0,220,0,0,220,2000,0,0,0,180,2180,74,4,4,0,52,8,142,0,0,0,0,0,0,0,0,8,29,22,0,0,0,0,18,0,0,61,0,0,0,0,0,0,0,0,0,4,24.1111111111111
3,0,0,0,144000,0,0,0,0,0,0,597000,34,4,300789,1,5.86,0,0,5.86,0,0,0,0,0,0,5.86,0,0,5.86,0,5.86,0,0,5.86,0,0,0,0,0,0,5.86,0,0,5.86,0,26,2,273.037542662116,126450.511945392,24573.3788395904,101877.133105802,0,0,0,24573.3788395904,0,0,0,0,0,0,101877.133105802,59897.6109215017,66843.0034129693,853.242320819113,0,23890.7849829352,461604.09556314,0,101535.836177474,39560.0113765643,1316.55290102389,40876.5642775882,114695.676905575,0,46245.7337883959,46245.7337883959,2080914.50511945,726962.457337884,193515.358361775,3001392.32081911,2120745.85837197,16360.3982110353,77425.7182337884,93786.1164448237,2318114.63918775,2795725.13138912,4298828.64732651,140031.85023322,4438860.49755973,477610.492201366,4916470.98976109,379.351535836178,856.655290102389,485.494880546075,0,1532580.20477816,2510000,873890.784982935,0,0,0,0,0,25.5972696245734,0,0,25.5972696245734,0,0,0,0,92.1501706484642,92.1501706484642,72.0136518771331,26.7918088737201,7.84982935153584,19.4539249146758,12.7986348122867,7.67918088737201,146.587030716724,0,0,0,0,0,0,0.511945392491468,7.16723549488055,0,58.703071672355,15.0170648464164,0,0,0,0,45.221843003413,0,0,19.2832764505119,0,0,0,0,0,0,0,0,0,0.68259385665529,7.68421052631579
3,0,0,0,1625000,0,0,0,0,0,0,0,34,4,300789,1,14.38,0,0,14.38,0,14.38,0,0,14.38,0,0,0,0,0,0,14.38,0,0,14.38,0,14.38,0,0,14.38,0,0,0,0,0,0,34,2,312.934631432545,113004.172461752,113004.172461752,0,0,0,0,113004.172461752,0,0,0,0,0,0,0,3407.51043115438,9346.31432545202,1182.19749652295,0,0,0,0,31084.8400556328,83310.0370885489,5158.55354659249,88468.5906351414,30050.4172461752,119193.324061196,0,119193.324061196,788143.602225313,230493.741307371,22531.2934631433,1041168.63699583,812925.08725604,32237.1414464534,24163.7524860918,56400.8939325452,981170.81038536,3135135.41343937,1618501.67964766,175594.217993741,1794095.8976414,2153964.60305401,3948060.50069541,0,1302.99026425591,0,0,0,3948060.50069541,0,0,0,0,0,0,180.806675938804,0,0,180.806675938804,0,0,0,0,0,0,18.9151599443672,20.0278164116829,7.44089012517385,6.05006954102921,5.35465924895689,0,57.78859527121,3.33796940194715,0,0,0,0,0,0.417246175243394,2.08623087621697,3.12934631432545,27.538247566064,3.05980528511822,0,0,0,3.12934631432545,6.11961057023644,1.11265646731572,0,5.35465924895689,0,0,0,0,0.278164116828929,0,0,0,0,2.22531293463143,1.6875
3,0,0,0,169000,0,0,0,0,0,0,0,34,1,300789,2,1.5,0,0,1.5,0,1.5,0,0,1.5,0,0,0,0,0,0,1.5,0,0,1.5,0,1.5,0,0,1.5,0,0,0,0,0,0,19.3333333333333,2,720,112666.666666667,112666.666666667,0,0,0,0,112666.666666667,0,0,0,0,0,0,0,34666.6666666667,91066.6666666667,0,0,5333.33333333333,0,0,10666.6666666667,591027.5,35606,626633.5,327377.777777778,201333.333333333,0,201333.333333333,2101615.33333333,0,0,2101615.33333333,1509200.27777778,196790.457817778,50845.4756333333,247635.933451111,2550584.60011778,-109013.611111111,3610815.61111111,448969.266784444,4059784.87789556,-2659598.21122889,1400186.66666667,0,384.666666666667,0,0,0,1400186.66666667,0,0,0,0,0,0,120,0,0,120,0,0,0,0,0,0,47.3333333333333,37.3333333333333,0,0,26,0,110.666666666667,0,0,0,0,0,0,8,6.66666666666667,0,66.6666666666667,7.33333333333333,0,0,0,0,0,0,0,22,0,0,0,0,0,0,0,0,0,0,28.2903225806452
3,0,0,0,181000,0,0,0,0,0,0,987000,34,1,300789,1,1.16,0,0.16,0,1,1.16,0,0.16,0,1,0,0,0,0,0,1.16,0,0.16,0,1,1.16,0,0.16,0,1,0,0,0,0,0,16.6666666666667,2,301.724137931034,1006896.55172414,156034.482758621,850862.068965517,0,0,0,156034.482758621,0,0,0,0,0,0,850862.068965517,77586.2068965517,73879.3103448276,0,80172.4137931034,31034.4827586207,0,0,356896.551724138,120632.183908046,19185.3448275862,139817.528735632,413864.942528736,400862.068965517,0,400862.068965517,6395040.51724138,703905.172413793,38793.1034482759,7137738.79310345,3188688.74143515,109530.391451149,176598.716853448,286129.108304598,7116978.21744416,2903035.39649588,9618675.78160919,686991.177270115,10305666.9588793,-4213942.82094827,6091724.13793103,236.206896551724,393.965517241379,370.689655172414,0,1818793.10344828,2678965.51724138,1593965.51724138,0,0,0,0,0,120.689655172414,0,0,120.689655172414,0,0,0,0,775.862068965517,775.862068965517,115.51724137931,62.0689655172414,26.7241379310345,15.5172413793103,132.758620689655,0,352.586206896552,0,0,0,0,0,0,0,0,0,134.48275862069,37.9310344827586,0,0,0,0,53.448275862069,0,0,81.0344827586207,0,0,0,0,10.3448275862069,0,0,0,0,35.3448275862069,28.2903225806452
3,0,0,0,1849000,0,0,0,0,0,0,3979000,34,4,300789,2,6,0,0,6,0,6,0,0,6,0,0,0,0,0,0,6,0,0,6,0,6,0,0,6,0,0,0,0,0,0,21,2,250,971333.333333333,308166.666666667,663166.666666667,0,0,0,308166.666666667,0,0,0,0,0,0,663166.666666667,228166.666666667,168533.333333333,27666.6666666667,0,3333.33333333333,0,0,77833.3333333333,14551.3888888889,2393.73684210526,16945.1257309942,393683.333333333,252500,0,252500,3003940.16666667,1019564.83333333,212333.333333333,4235838.33333333,3261654.68308135,13993.3513186696,121834.389083333,135827.740402003,3550795.51638498,271728.650251983,6424122.45906433,388327.740402003,6812450.19946633,-3279066.866133,3533383.33333333,182.833333333333,560.666666666667,468,350.666666666667,793496.666666667,1698820,795600,245466.666666667,0,0,0,0,481.666666666667,0,0,481.666666666667,0,0,0,0,600,600,49.6666666666667,65.3333333333333,9.33333333333333,51.6666666666667,44.5,0,220.5,63.8333333333333,0,0,0,0,0,0,0,0,94.3333333333333,36.6666666666667,0,0,0,0,0,0,0,18.6666666666667,0,0,0,0,0,0,0,0,0,7,7.68421052631579
3,0,0,0,1993000,0,0,0,0,0,0,0,34,4,300789,2,13.6,0,0,13.6,0,0,0,0,0,0,13.6,0,0,13.6,0,13.6,0,0,13.6,0,0,0,0,0,0,13.6,0,0,13.6,0,15.8888888888889,2,197.794117647059,146544.117647059,146544.117647059,0,0,0,0,146544.117647059,0,0,0,0,0,0,0,95514.7058823529,95294.1176470588,155441.176470588,15000,50661.7647058823,67279.4117647059,569779.411764706,27647.0588235294,36875.1225490196,2749.04411764706,39624.1666666667,110324.754901961,0,227132.352941176,227132.352941176,715463.823529412,2214301.91176471,494558.823529412,3424324.55882353,4489118.97250238,19043.4097574755,93646.8494191176,112690.259176593,948927.884713434,-609852.796031787,5098224.24509804,339822.61211777,5438046.85721581,-1558780.68074522,3879266.17647059,290.294117647059,777.205882352941,148.382352941176,77.3529411764706,1172788.23529412,2354933.82352941,281926.470588235,69617.6470588235,220.588235294118,0,0,0,244.117647058824,0,0,244.117647058824,0,0,0,0,0,0,18.8235294117647,10,64.8529411764706,56.1764705882353,8.45588235294118,5.66176470588235,163.970588235294,0,0,0,0,0,0.588235294117647,0,6.17647058823529,0.367647058823529,130.808823529412,3.23529411764706,0,0,0,0,1.91176470588235,0,0,13.8235294117647,0,0,0,0,1.25,0,0,0,0,5.80882352941176,1.6875
3,0,0,0,2022000,0,0,0,0,0,0,0,34,4,300789,2,7,0,0,7,0,7,0,0,7,0,0,0,0,0,0,7,0,0,7,0,7,0,0,7,0,0,0,0,0,0,22,2,214.285714285714,288857.142857143,288857.142857143,0,0,0,0,288857.142857143,0,0,0,0,0,0,0,87142.8571428571,145757.142857143,0,2714.28571428571,714.285714285714,0,0,180857.142857143,116651.666666667,28142.4436090226,144794.110275689,128738.095238095,216428.571428571,0,216428.571428571,3579457.42857143,1193056.28571429,254000,5026513.71428571,2536916.50882497,82969.8410707393,116377.464914286,199347.305985025,4185737.14553098,2458880.63403217,6306877.77694236,415775.877413596,6722653.65435595,-1726856.51149881,4995797.14285714,248.142857142857,835.714285714286,501.428571428571,676.285714285714,1002497.14285714,2532214.28571429,852428.571428571,608657.142857143,0,0,0,0,825.714285714286,0,0,825.714285714286,0,0,0,0,0,0,75.4285714285714,90.4285714285714,14.5714285714286,57.5714285714286,33,0,271,54.5714285714286,0,0,0,0,0,12,8.85714285714286,0,107.428571428571,31.4285714285714,0,0,0,42.5714285714286,0,0,0,8,0,0,0,0,0,0,0,0,0,6.14285714285714,7.68421052631579
3,0,0,0,213000,0,0,0,0,9601000,0,0,38,4,296914,2,13.86,0,0,13.86,0,1.26,0,0,1.26,0,12.6,0,0,12.6,0,5.58,0,0,5.58,0,1.08,0,0,1.08,0,4.5,0,0,4.5,0,26.8,2,224.014336917563,1758781.36200717,38172.0430107527,1720609.31899642,0,0,0,38172.0430107527,0,0,0,0,1720609.31899642,0,0,18279.5698924731,8888.88888888889,0,0,0,0,0,0,46108.7216248507,0,46108.7216248507,0,30286.7383512545,81003.5842293907,111290.322580645,1850809.49820789,0,0,1850809.49820789,2209976.12664277,3200.79800925926,73280.7002777778,76481.498287037,1957577.73484618,-1737628.45639188,3979782.04062127,187771.820867682,4167553.86148895,-3695206.19123805,472347.670250896,22.5806451612903,121.146953405018,52.3297491039427,28.3154121863799,75193.5483870968,293175.627240143,78494.623655914,25483.8709677419,0,0,0,0,55.5555555555556,0,0,55.5555555555556,0,0,3198.9247311828,0,0,3198.9247311828,64.6953405017921,12.3655913978495,0,0,17.741935483871,0,94.8028673835125,0,0,0,0,0,0,6.45161290322581,0,0,24.7311827956989,43.1899641577061,0,0,0,0,0,0,0,20.2508960573477,0,0,0,0,0,0,0,0,0,0.17921146953405,4.71428571428571
3,0,0,0,2167000,0,0,11834000,0,0,0,0,34,4,300789,2,15.7,0,0,15.7,0,9.7,0,0,9.7,0,6,0,0,6,0,15.7,0,0,15.7,0,9.7,0,0,9.7,0,6,0,0,6,0,16,2,1569.42675159236,891783.439490446,138025.477707006,753757.96178344,0,0,0,138025.477707006,0,0,753757.96178344,0,0,0,0,208471.337579618,24687.898089172,50063.6942675159,19044.5859872611,3821.65605095541,24267.5159235669,0,167006.369426752,458394.506369427,136077.707006369,594472.213375796,113147.558386412,345541.401273885,20764.3312101911,366305.732484076,1033890.06369427,1597070.06369427,94394.9044585987,2725355.03184713,4072690.1426898,308012.520850584,82907.2058025478,390919.726653132,1807445.61687203,1820123.23310637,5122910.30042463,757225.459137208,5880135.75956184,12677.6162343425,5892813.37579618,698.59872611465,727.707006369427,279.426751592357,201.019108280255,3031918.47133758,2204952.22929936,475025.477707006,180917.197452229,0,0,0,0,110.191082802548,0,0,110.191082802548,7643.31210191083,0,0,0,0,7643.31210191083,17.8343949044586,11.0191082802548,44.0127388535032,19.5541401273885,21.5286624203822,19.9363057324841,133.885350318471,0,0,0,0,0,0,8.9171974522293,0,0,43.6942675159236,11.1464968152866,0,0,0,0,16.8789808917197,3.43949044585987,0,22.8025477707006,0,0,0,0,1.59235668789809,0,0,0,0,25.4140127388535,1.6875
3,0,0,0,238000,0,0,0,0,0,0,0,34,2,300789,2,2.6,0,0,2.6,0,2.6,0,0,2.6,0,0,0,0,0,0,2.6,0,0,2.6,0,2.6,0,0,2.6,0,0,0,0,0,0,18.6666666666667,2,211.538461538462,91538.4615384615,91538.4615384615,0,0,0,0,91538.4615384615,0,0,0,0,0,0,0,36923.0769230769,45538.4615384615,0,0,9615.38461538462,0,0,0,363139.423076923,0,363139.423076923,1107923.07692308,318846.153846154,0,318846.153846154,1520871.15384615,307440,0,1828311.15384615,2262906.88461538,189467.2725,40540.31975,230007.59225,2069724.89994231,-1939506.88461538,3783778.03846154,548853.746096154,4332631.78455769,-4009231.78455769,323400,0,88.8461538461538,0,0,0,323400,0,0,0,0,0,0,165.384615384615,0,0,165.384615384615,0,0,0,0,0,0,26.1538461538462,17.6923076923077,16.1538461538462,0,30.7692307692308,0,90.7692307692308,0,0,0,0,0,0,2.69230769230769,0,0,35.3846153846154,8.46153846153846,0,0,0,0,13.4615384615385,0,0,30.7692307692308,0,0,0,0,0,0,0,0,0,0,16.3541666666667
3,0,0,0,275000,0,0,0,0,823000,0,0,34,1,300789,1,1,0,0,1,0,1,0,0,1,0,0,0,0,0,0,1,0,0,1,0,1,0,0,1,0,0,0,0,0,0,9,2,400,1098000,275000,823000,0,0,0,275000,0,0,0,0,823000,0,0,247000,482900,0,17000,0,0,0,294000,110245,52786.3157894737,163031.315789474,240066.666666667,304000,0,304000,6609076,713682,0,7322758,3556468.98245614,115214.841351316,190652.4087,305867.250051316,7218943.25005131,2673101.01754386,10165544.9824561,609867.250051316,10775412.2325075,-4545842.23250746,6229570,1097,329,0,0,5265600,963970,0,0,0,0,0,0,430,0,0,430,0,0,1530,0,0,1530,216,126,9,36,25,0,412,29,0,0,0,0,0,21,31,0,292,11,0,0,0,0,0,0,0,27,0,0,0,0,0,0,0,0,0,1,28.2903225806452
3,0,0,0,364000,0,0,0,0,0,0,2798000,99,3,270258,2,3,0,0,3,0,3,0,0,3,0,0,0,0,0,0,3,0,0,3,0,3,0,0,3,0,0,0,0,0,0,18,1,353.333333333333,1054000,121333.333333333,932666.666666667,0,0,0,121333.333333333,0,0,0,0,0,0,932666.666666667,177666.666666667,202500,151000,0,666.666666666667,0,0,0,12097.2222222222,22536.6666666667,34633.8888888889,43225,232333.333333333,0,232333.333333333,3050991,510352.333333333,0,3561343.33333333,2444302.55555556,6011.36517222222,103715.609833333,109726.975005556,3393051.30833889,1694215.77777778,5495293.55555556,342060.308338889,5837353.86389444,-1698835.53056111,4138518.33333333,230,744.333333333333,257.333333333333,14.6666666666667,998200,2607399.66666667,517240,15678.6666666667,0,0,0,0,143.333333333333,0,0,143.333333333333,0,0,0,0,1800,1800,96,36.6666666666667,7.66666666666667,24.3333333333333,27.6666666666667,0,192.333333333333,0,0,0,0,0,0,7,0,0,124.333333333333,14.6666666666667,0,0,0,0,29.3333333333333,0,0,15.6666666666667,0,0,0,0,0,0,0,0,0,1.33333333333333,14.4444444444444
3,0,0,0,416000,0,0,0,0,0,0,0,34,2,300789,2,2.59,0,0,2.59,0,0,0,0,0,0,2.59,0,0,2.59,0,2.59,0,0,2.59,0,0,0,0,0,0,2.59,0,0,2.59,0,24,2,243.243243243243,160617.760617761,160617.760617761,0,0,0,0,160617.760617761,0,0,0,0,0,0,0,144401.544401544,71544.4015444016,0,4633.20463320463,14285.7142857143,0,0,22393.8223938224,46885.4568854569,4583.01158301158,51468.4684684685,139034.749034749,0,272200.772200772,272200.772200772,1840262.54826255,169249.806949807,0,2009512.35521236,1350619.24453024,32638.3968790219,48911.8843822394,81550.2812612613,1921812.82952381,-155526.58043758,2918681.02059202,353751.053462033,3272432.07405405,-2077339.40996139,1195092.66409266,36.2934362934363,309.266409266409,55.984555984556,5.01930501930502,146625.482625483,937077.22007722,106370.656370656,5019.30501930502,165.250965250965,0,0,0,200.772200772201,0,0,200.772200772201,0,0,0,0,0,0,4.24710424710425,55.5984555984556,8.88030888030888,0,37.4517374517375,0,106.177606177606,0,0,0,0,0,0,1.15830115830116,0,0.772200772200772,52.8957528957529,10.4247104247104,0,0,0,0,0,0,0,36.2934362934363,0,0,0,0,4.24710424710425,0,0,0,0,0.386100386100386,16.3541666666667
3,0,0,0,4333000,0,0,0,0,0,0,0,34,4,300789,2,5.85,0,0,5.85,0,0,0,0,0,0,5.85,0,0,5.85,0,5.85,0,0,5.85,0,0,0,0,0,0,5.85,0,0,5.85,0,22,2,123.931623931624,740683.760683761,740683.760683761,0,0,0,0,740683.760683761,0,0,0,0,0,0,0,7350.42735042735,29897.4358974359,0,44786.3247863248,3418.80341880342,434358.974358974,0,147179.487179487,148362.393162393,2409.40170940171,150771.794871795,81246.4387464388,0,263247.863247863,263247.863247863,847138.11965812,2464358.29059829,101367.521367521,3412863.93162393,4743524.55538245,44409.228537037,97133.8637777778,141543.092314815,1014612.77909761,-2243104.04256193,5353346.37891738,404790.955562678,5758137.33448006,-3257716.82165954,2500420.51282051,160.854700854701,506.153846153846,127.521367521368,435.213675213675,535646.153846154,1381800,191282.051282051,391692.307692308,0,0,0,0,740.17094017094,0,0,740.17094017094,0,0,0,0,0,0,0,19.1452991452991,79.6581196581197,7.86324786324786,22.7350427350427,20.5128205128205,149.91452991453,0,0,0,0,0,0,0,0,0,40,11.2820512820513,0,0,0,0,0,0,0,70.7692307692308,0,0,0,0,2.22222222222222,0,0,0,0,25.6410256410256,7.68421052631579
3,0,0,0,45000,0,0,0,0,0,0,0,34,3,300789,2,3,0,0,3,0,0,0,0,0,0,3,0,0,3,0,3,0,0,3,0,0,0,0,0,0,3,0,0,3,0,15.3333333333333,2,450,15000,15000,0,0,0,0,15000,0,0,0,0,0,0,0,9000,20666.6666666667,0,0,256666.666666667,508333.333333333,0,93666.6666666667,54116.6666666667,4945,59061.6666666667,152041.666666667,0,299000,299000,1833310,0,0,1833310,1714225.66666667,51604.04925,55143.3631666667,106747.412416667,1940057.41241667,1516764.33333333,3248535.66666667,405747.412416667,3654283.07908333,-423293.079083333,3230990,0,1066.33333333333,0,0,0,3230990,0,0,0,0,0,0,23.3333333333333,0,0,23.3333333333333,0,0,0,0,0,0,65,23,0,0,10.3333333333333,0,98.3333333333333,0,0,0,0,0,0,1,0,4.33333333333333,57.3333333333333,4.66666666666667,0,0,0,3.66666666666667,14.6666666666667,0,0,10.3333333333333,0,0,0,0,0.666666666666667,0,0,0,0,0.333333333333333,16.3541666666667
3,0,0,0,4514000,0,0,605000,0,0,0,7772000,34,4,300789,2,14.99,0,0,14.99,0,14.99,0,0,14.99,0,0,0,0,0,0,13.74,0,0,13.74,0,13.74,0,0,13.74,0,0,0,0,0,0,18,2,268.195050946143,938209.6069869,328529.839883552,609679.767103348,0,0,0,328529.839883552,0,0,44032.0232896652,0,0,0,565647.743813683,34934.4978165939,10349.3449781659,0,19068.4133915575,4366.81222707424,499344.978165939,0,90829.6943231441,41470.1601164483,5859.38864628821,47329.5487627365,8706.93837942746,417903.930131004,0,417903.930131004,804108.588064047,1007205.24017467,45269.2867540029,1856583.11499272,2986306.66657429,15053.7943779719,69591.7822270742,84645.5766050461,1326754.79018602,1992419.67985948,3810511.95002426,502549.50673605,4313061.45676031,665664.889673459,4978726.34643377,266.08442503639,665.211062590975,319.286754002911,352.183406113537,1277205.24017467,2554410.48034935,830145.560407569,316965.065502183,0,0,0,0,262.7365356623,0,0,262.7365356623,291.120815138282,0,0,0,524.017467248908,815.138282387191,19.0684133915575,7.71470160116448,31.6593886462882,6.62299854439592,13.2459970887918,9.02474526928675,87.3362445414847,0,0,0,0,0,0,3.05676855895197,0,0,39.9563318777293,8.00582241630276,0,0,0,0,19.2139737991266,0,0,8.22416302765648,0,0,0,0,0,0,0,0,0,8.87918486171761,1.6875
3,0,0,0,4614000,0,0,0,0,0,0,0,34,4,300789,2,22.32,0,0,22.32,0,22.32,0,0,22.32,0,0,0,0,0,0,13.88,0,0,13.88,0,13.88,0,0,13.88,0,0,0,0,0,0,24,1,79.2507204610951,332420.749279539,332420.749279539,0,0,0,0,332420.749279539,0,0,0,0,0,0,0,24135.446685879,8868.87608069164,0,0,0,128170.028818444,0,0,18488.9529298751,13126.2134081602,31615.1663380353,13115.3938520653,187968.299711816,0,187968.299711816,781646.109510086,856559.365994236,0,1638205.47550432,1695674.02704889,15211.7116255877,42955.7816138329,58167.4932394206,1027781.90246132,1023393.69629405,2477320.13655898,246135.792951236,2723455.92951021,-4388.20616727322,2719067.72334294,223.919308357349,318.011527377522,197.262247838617,60.5907780979827,1074812.68011527,1221164.26512968,368559.077809798,54531.7002881844,0,0,0,0,935.878962536023,0,0,935.878962536023,0,0,0,0,0,0,28.3861671469741,3.09798270893372,17.6512968299712,32.9250720461095,7.9971181556196,0.432276657060519,90.4899135446686,0,0,0,0,0,1.00864553314121,0,0,3.1700288184438,72.1181556195965,1.94524495677233,0,0,0,0,7.13256484149856,3.81844380403458,0,0,0,0,0,0,0,0,0,0,0,1.29682997118156,1.6875
3,0,0,0,47000,0,0,118000,0,0,0,311000,99,1,270258,2,1,0,0,1,0,1,0,0,1,0,0,0,0,0,0,1,0,0,1,0,1,0,0,1,0,0,0,0,0,0,5,2,139,476000,47000,429000,0,0,0,47000,0,0,118000,0,0,0,311000,0,155900,0,0,0,0,0,0,16580,7121,23701,120033.333333333,1516000,0,1516000,1500690,0,0,1500690,1045892.33333333,43154.96081,42971.6885,86126.64931,3102816.64931,-575092.333333333,2546582.33333333,1602126.64931,4148708.98264333,-3677908.98264333,470800,0,37,17,0,0,355200,115600,0,0,0,0,0,70,0,0,70,1000,0,0,0,180,1180,40,2,0,0,29,0,71,0,0,0,0,0,0,0,0,4,11,19,0,0,0,0,9,0,0,20,0,0,0,0,0,0,0,0,0,8,24.1111111111111
3,0,0,0,470000,0,0,0,0,0,0,0,34,3,300789,1,3.8,0,0,3.8,0,3.8,0,0,3.8,0,0,0,0,0,0,3.8,0,0,3.8,0,3.8,0,0,3.8,0,0,0,0,0,0,15.5714285714286,2,428.947368421053,123684.210526316,123684.210526316,0,0,0,0,123684.210526316,0,0,0,0,0,0,0,209210.526315789,57526.3157894737,6842.1052631579,0,1052.63157894737,722105.263157895,0,0,78622.8070175439,3123.42105263158,81746.2280701754,157938.596491228,210789.473684211,0,210789.473684211,3188368.94736842,98421.0526315789,0,3286790,1759315.92982456,36515.2863035088,88805.3027105263,125320.589014035,3524479.01006667,3251641.96491228,4947684.87719298,336110.062698246,5283794.93989123,-272837.045154386,5010957.89473684,368.947368421053,835.263157894737,221.578947368421,0,1527442.10526316,3040357.89473684,443157.894736842,0,0,0,0,0,189.473684210526,0,0,189.473684210526,0,0,0,0,0,0,75,48.1578947368421,0,0,42.3684210526316,3.15789473684211,168.684210526316,0,0,0,0,0,0,11.0526315789474,0,0,96.3157894736842,5.78947368421053,0,0,0,31.5789473684211,9.21052631578947,0,0,14.7368421052632,0,0,0,0,0,0,0,0,0,0,16.3541666666667
3,0,0,0,5055000,0,129000,0,0,0,0,0,34,4,300789,2,14.88,0,0,14.88,0,0,0,0,0,0,14.88,0,0,14.88,0,14.88,0,0,14.88,0,0,0,0,0,0,14.88,0,0,14.88,0,9.33333333333333,1,275.537634408602,348387.096774194,348387.096774194,0,0,0,0,339717.741935484,0,8669.35483870968,0,0,0,0,0,92338.7096774194,91733.8709677419,60887.0967741936,5913.97849462366,13104.8387096774,788911.290322581,0,36962.3655913979,98051.747311828,0,98051.747311828,129068.100358423,0,271034.946236559,271034.946236559,1399731.4516129,2478919.75806452,579704.301075269,4458355.51075269,5086602.84377929,29913.3809722222,118816.384375,148729.765347222,1757665.47353926,-1877404.59109112,6424503.60573477,419764.711583781,6844268.31731855,-3635070.06463038,3209198.25268817,135.147849462366,620.362903225806,300.739247311828,212.096774193548,545997.311827957,1879699.59677419,571404.569892473,212096.774193548,134.408602150538,0,0,0,485.215053763441,0,8.73655913978495,493.951612903226,0,0,0,0,0,0,22.7150537634409,12.2983870967742,69.2876344086022,11.0215053763441,31.8548387096774,40.5913978494624,187.768817204301,0,0,0,0,0,1.34408602150538,5.64516129032258,4.16666666666667,0,97.3118279569892,2.95698924731183,0,0,0,13.9784946236559,19.0188172043011,0,0,37.9704301075269,0,0,0,0,1.34408602150538,0,0,0,0,4.03225806451613,1.6875
3,0,0,0,506000,0,0,0,0,0,0,3420000,38,4,296914,2,17.48,0,0,17.48,0,17.48,0,0,17.48,0,0,0,0,0,0,13.52,0,0,13.52,0,13.52,0,0,13.52,0,0,0,0,0,0,22,2,366.642011834319,290384.615384615,37426.0355029586,252958.579881657,0,0,0,37426.0355029586,0,0,0,0,0,0,252958.579881657,25961.5384615385,4578.4023668639,78180.4733727811,0,0,0,0,0,25188.4861932939,0,25188.4861932939,0,162204.142011834,0,162204.142011834,934296.74556213,191646.227810651,14792.899408284,1140735.87278106,915371.636091428,1844.37729166667,31027.7941826923,32872.171474359,1141648.06595492,-626648.263310363,1861943.38856016,195076.313486193,2057019.70204635,-1768296.32926529,288723.372781065,9.68934911242603,64.8668639053254,39.4970414201183,31.1390532544379,32265.5325443787,177086.538461538,51346.1538461538,28025.1479289941,0,0,0,0,53.2544378698225,0,0,53.2544378698225,0,0,0,0,133.136094674556,133.136094674556,26.5532544378698,22.8550295857988,1.70118343195266,5.39940828402367,3.77218934911243,2.51479289940828,62.7958579881657,0,0,0,0,0,0,0,4.58579881656805,0,27.0710059171598,11.3905325443787,0,0,0,0,6.50887573964497,0,0,13.2396449704142,0,0,0,0,0,0,0,0,0,0,4.71428571428571
3,0,0,0,542000,0,0,158000,0,0,0,0,34,3,300789,2,3.3,0,0,3.3,0,0,0,0,0,0,3.3,0,0,3.3,0,3.3,0,0,3.3,0,0,0,0,0,0,3.3,0,0,3.3,0,25,1,600.30303030303,212121.212121212,164242.424242424,47878.7878787879,0,0,0,164242.424242424,0,0,47878.7878787879,0,0,0,0,0,8848.48484848485,0,0,0,0,0,0,301719.696969697,2886.97788697789,304606.674856675,35469.696969697,0,155454.545454545,155454.545454545,1403197.27272727,0,0,1403197.27272727,1017289.61425061,-20735.218793407,32726.9644393939,11991.7456459869,1415189.01837326,-604250.22031122,2265032.34152334,167446.291100532,2432478.63262387,-2019439.23868448,413039.393939394,27.5757575757576,55.4545454545455,53.3333333333333,31.8181818181818,105890.909090909,184663.636363636,90666.6666666667,31818.1818181818,0,0,0,0,130.30303030303,0,0,130.30303030303,363.636363636364,0,0,0,0,363.636363636364,61.2121212121212,16.0606060606061,0,0,0,0,77.2727272727273,0,0,0,0,0,0,0,0,4.24242424242424,34.8484848484849,13.3333333333333,0,0,0,0,15.7575757575758,0,0,0,0,0,0,0,0,0,0,0,0,9.09090909090909,16.3541666666667
3,0,0,0,550000,0,0,0,0,0,0,0,34,4,300789,2,13.6,0,0,13.6,0,13.6,0,0,13.6,0,0,0,0,0,0,13.6,0,0,13.6,0,13.6,0,0,13.6,0,0,0,0,0,0,16,2,250,40441.1764705882,40441.1764705882,0,0,0,0,40441.1764705882,0,0,0,0,0,0,0,25220.5882352941,73360.2941176471,0,808.823529411765,1838.23529411765,0,0,26691.1764705882,215533.333333333,49607.7012383901,265141.034571723,44129.9019607843,118823.529411765,0,118823.529411765,1133907.27941176,249926.470588235,65367.6470588235,1449201.39705882,1040152.38622047,118697.617736713,32593.8680772059,151291.485813919,1457584.25671419,1590509.37848541,2227621.62770898,270115.015225684,2497736.64293466,132925.12177122,2630661.76470588,161.323529411765,462.352941176471,258.088235294118,154.705882352941,651747.058823529,1400929.41176471,438750,139235.294117647,0,0,0,0,63.9705882352941,0,0,63.9705882352941,0,0,0,0,0,0,14.3382352941176,15.4411764705882,0,15.1470588235294,25.5882352941176,0,70.5147058823529,17.5735294117647,0,0,0,0,0,5.14705882352941,0,0,31.9117647058824,4.85294117647059,0,0,0,0,0,0,0,11.0294117647059,0,0,0,0,0,0,0,0,0,0,1.6875
3,0,0,0,607000,0,0,0,0,0,0,0,34,4,300789,2,5.7,0,0,5.7,0,5.7,0,0,5.7,0,0,0,0,0,0,5.7,0,0,5.7,0,5.7,0,0,5.7,0,0,0,0,0,0,26,1,174.561403508772,106491.228070175,106491.228070175,0,0,0,0,106491.228070175,0,0,0,0,0,0,0,72807.0175438597,11298.2456140351,0,0,0,200526.315789474,0,0,16306.1403508772,0,16306.1403508772,44836.2573099415,160175.438596491,0,160175.438596491,807734.561403509,967894.736842105,0,1775629.29824561,1720948.94152047,8427.41993128655,43660.0549210526,52087.4748523392,1019997.47485234,1319840.53216374,2528683.50292398,212262.91344883,2740946.41637281,299843.057311403,3040789.47368421,160.350877192982,432.982456140351,307.894736842105,202.982456140351,615747.368421053,1441831.57894737,800526.315789474,182684.210526316,0,0,0,0,152.631578947368,0,0,152.631578947368,0,0,0,0,0,0,30,15.9649122807018,38.7719298245614,0,0,0,84.7368421052632,0,0,0,0,0,0,0,0,0,31.9298245614035,12.9824561403509,0,0,0,0,38.7719298245614,0,0,0,0,0,0,0,0,0,0,0,0,1.05263157894737,7.68421052631579
3,0,0,0,636000,0,0,0,0,0,0,0,34,2,300789,1,2.61,0,0,2.61,0,2.61,0,0,2.61,0,0,0,0,0,0,2.61,0,0,2.61,0,2.61,0,0,2.61,0,0,0,0,0,0,17.6666666666667,2,421.455938697318,243678.16091954,243678.16091954,0,0,0,0,243678.16091954,0,0,0,0,0,0,0,54789.2720306513,233831.417624521,0,0,51724.1379310345,0,0,0,592829.821200511,7731.03448275862,600560.85568327,0,116091.954022989,0,116091.954022989,4684201.53256705,0,0,4684201.53256705,1485372.84418902,25656.073967433,106154.724099617,131810.79806705,4932104.28465709,2498052.44316731,6169574.37675607,247902.752090038,6417477.12884611,-2434051.84148978,3983425.28735632,488.505747126437,331.800766283525,175.095785440613,403.065134099617,2022413.79310345,1207754.78927203,350191.570881226,403065.134099617,0,0,0,0,444.444444444444,0,0,444.444444444444,0,0,0,0,0,0,82.3754789272031,72.4137931034483,0,0,82.3754789272031,0,237.164750957854,25.6704980842912,0,0,0,0,0,5.3639846743295,0,0,139.463601532567,12.6436781609195,0,0,0,0,0,0,0,54.0229885057471,0,0,0,0,0,0,0,0,0,0,16.3541666666667
3,0,0,0,641000,0,0,0,0,0,0,0,34,2,300789,2,2.88,0,0,2.88,0,0,0,0,0,0,2.88,0,0,2.88,0,2.88,0,0,2.88,0,0,0,0,0,0,2.88,0,0,2.88,0,8.66666666666667,2,416.666666666667,222569.444444444,222569.444444444,0,0,0,0,222569.444444444,0,0,0,0,0,0,0,54166.6666666667,12638.8888888889,0,0,8680.55555555556,317708.333333333,0,0,175587.384259259,3090.97222222222,178678.356481481,208391.203703704,0,282291.666666667,282291.666666667,3402461.80555556,62152.7777777778,0,3464614.58333333,1648066.89351852,51709.9321359954,82219.6262152778,133929.558351273,3536391.36390683,-142608.560185185,4768237.03240741,416221.22501794,5184458.25742535,-3678999.92409201,1505458.33333333,226.736111111111,125,61.1111111111111,0,916013.888888889,455000,134444.444444444,0,0,0,0,0,302.083333333333,0,0,302.083333333333,0,0,0,0,0,0,105.902777777778,59.7222222222222,0,0,20.1388888888889,2.08333333333333,187.847222222222,0,0,0,0,0,0,7.29166666666667,3.47222222222222,0,111.111111111111,11.4583333333333,0,0,0,5.20833333333333,21.5277777777778,0,0,19.4444444444444,0,0,0,0,0,0,0,0,0,8.33333333333333,16.3541666666667
3,0,0,0,734000,0,0,454000,0,0,0,0,34,2,300789,2,2.6,0,0,2.6,0,0,0,0,0,0,2.6,0,0,2.6,0,2.6,0,0,2.6,0,0,0,0,0,0,2.6,0,0,2.6,0,16,2,423.076923076923,456923.076923077,282307.692307692,174615.384615385,0,0,0,282307.692307692,0,0,174615.384615385,0,0,0,0,209615.384615385,182192.307692308,0,8461.53846153846,12692.3076923077,0,0,330769.230769231,11734.6153846154,53531.0931174089,65265.7085020243,230833.333333333,0,208846.153846154,208846.153846154,4740358.07692308,274493.076923077,0,5014851.15384615,2280881.11875843,103246.258847368,125242.42575,228488.684597368,4968846.76152045,58984.26585695,6812393.04183536,437334.838443522,7249727.88027888,-4909862.4956635,2339865.38461538,140.769230769231,379.615384615385,270,161.923076923077,568707.692307692,1150234.61538462,459000,161923.076923077,0,0,0,0,446.153846153846,0,0,446.153846153846,1153.84615384615,0,0,0,0,1153.84615384615,76.9230769230769,117.307692307692,3.46153846153846,13.8461538461538,62.3076923076923,0,273.846153846154,73.8461538461538,0,0,0,0,0,5.38461538461538,0,0,112.307692307692,42.3076923076923,0,0,0,0,0,0,0,28.4615384615385,0,0,0,0,0,0,0,0,0,11.5384615384615,16.3541666666667
3,0,0,0,751000,0,0,0,0,0,0,0,34,3,300789,2,4,0,0,4,0,4,0,0,4,0,0,0,0,0,0,4,0,0,4,0,4,0,0,4,0,0,0,0,0,0,21,2,450,187750,187750,0,0,0,0,187750,0,0,0,0,0,0,0,2750,11275,47250,0,0,889250,0,14750,187683.333333333,0,187683.333333333,90020.8333333333,559250,0,559250,1110564,0,0,1110564,1731518.16666667,35838.7375260417,45611.31835,81450.0558760417,1751264.05587604,-277905.666666667,2842082.16666667,640700.055876042,3482782.22254271,-2029169.72254271,1453612.5,0,411.25,21.75,26.25,0,1369462.5,50025,34125,0,0,0,0,145,0,0,145,0,0,0,0,0,0,31.25,13.75,0,0,12.75,0,57.75,6,0,0,0,0,0,0,2.5,3.25,20,6.75,0,0,0,0,11,0,0,7,0,0,0,0,0.5,0,0,0,0,0,16.3541666666667
3,0,0,0,794000,0,0,174000,0,0,0,0,34,3,300789,1,3.6,0,0,3.6,0,3.6,0,0,3.6,0,0,0,0,0,0,3,0,0,3,0,3,0,0,3,0,0,0,0,0,0,22.3333333333333,1,233.333333333333,322666.666666667,264666.666666667,58000,0,0,0,264666.666666667,0,0,58000,0,0,0,0,0,52166.6666666667,75666.6666666667,0,0,0,0,0,64914.4444444444,13155.3333333333,78069.7777777778,45508.3333333333,327000,0,327000,3453345,2739515.33333333,0,6192860.33333333,3614382.44444444,30489.50099,133863.710716667,164353.211706667,3944698.21170667,5702577.55555556,7067727.44444444,491353.211706667,7559080.65615111,1757879.34384889,9316960,761.666666666667,630.666666666667,456.333333333333,0,6434560,2100909.33333333,781490.666666667,0,0,0,0,0,2406.66666666667,0,0,2406.66666666667,800,0,0,0,0,800,125,72,97.6666666666667,48.3333333333333,0,0,343,0,0,0,0,0,0,0,0,67.3333333333333,175,45.6666666666667,0,0,0,6.33333333333333,36,0,0,0,0,0,0,0,12.6666666666667,0,0,0,0,0,16.3541666666667
3,0,0,0,809000,0,0,0,0,0,0,0,34,2,300789,2,2.7,0,0,2.7,0,0,0,0,0,0,2.7,0,0,2.7,0,2.7,0,0,2.7,0,0,0,0,0,0,2.7,0,0,2.7,0,21,2,444.444444444444,299629.62962963,299629.62962963,0,0,0,0,299629.62962963,0,0,0,0,0,0,0,308148.148148148,20259.2592592593,0,2592.59259259259,0,0,0,64444.4444444444,4888.88888888889,3956.66666666667,8845.55555555555,0,0,60000,60000,1535790.74074074,547455.555555556,38518.5185185185,2121764.81481481,1622286.45300931,7512.56256111111,56759.3036111111,64271.8661722222,1628458.85760735,2429906.13958328,3126473.44444444,124271.866172222,3250745.31061667,801447.281975926,4052192.59259259,270.740740740741,568.888888888889,520,389.62962962963,1093792.59259259,1723733.33333333,884000,350666.666666667,0,0,0,0,429.62962962963,0,0,429.62962962963,0,0,0,0,0,0,5.18518518518519,90.3703703703704,17.037037037037,13.3333333333333,3.33333333333333,2.22222222222222,131.481481481481,10.7407407407407,0,0,0,0,0,18.1481481481481,0,0,65.9259259259259,20.3703703703704,0,0,0,0,0,0,0,10.3703703703704,0,0,0,0,0,0,0,0,0,5.92592592592593,16.3541666666667
3,0,0,0,8666000,0,7306000,0,0,0,0,0,34,4,300789,2,13.5,0,0,13.5,0,0,0,0,0,0,13.5,0,0,13.5,0,13.5,0,0,13.5,0,0,0,0,0,0,13.5,0,0,13.5,0,11.2,2,222.222222222222,1183111.11111111,1183111.11111111,0,0,0,0,641925.925925926,0,541185.185185185,0,0,0,0,0,87185.1851851852,78103.7037037037,279629.62962963,8518.51851851852,11703.7037037037,26370.3703703704,0,15037.037037037,21475.4320987654,119847.261208577,141322.693307342,65801.2345679012,0,210740.740740741,210740.740740741,1985037.92592593,1945092.2962963,287629.62962963,4217759.85185185,4495758.31303759,208867.274445915,119034.495088889,327901.769534804,2458216.23622431,-2507056.09081537,6415332.03898635,538642.510275544,6953974.5492619,-4965272.32703968,1988702.22222222,142.148148148148,311.407407407407,204.740740740741,81.8518518518518,574278.518518519,943564.444444444,389007.407407407,81851.8518518519,148.148148148148,0,0,0,428.148148148148,0,684.444444444444,1112.59259259259,0,0,0,0,0,0,27.2592592592593,20.5185185185185,36.1481481481481,28.8148148148148,47.037037037037,34.2222222222222,194,0,0,0,0,0,0,2.07407407407407,10.8148148148148,1.03703703703704,72.7407407407407,8.14814814814815,0,0,0,14.3703703703704,45.7777777777778,0,0,29.3333333333333,0,0,0,0,1.48148148148148,0,0,0,0,8.22222222222222,1.6875
3,0,0,0,867000,0,0,0,0,0,0,0,34,3,300789,1,3,0,0.6,2.4,0,3,0,0.6,2.4,0,0,0,0,0,0,3,0,0.6,2.4,0,3,0,0.6,2.4,0,0,0,0,0,0,29,1,316.666666666667,289000,289000,0,0,0,0,289000,0,0,0,0,0,0,0,137000,39366.6666666667,0,0,0,0,0,0,35155.5555555556,4807.66666666667,39963.2222222222,75847.2222222222,92333.3333333333,0,92333.3333333333,4993778.33333333,732028.666666667,0,5725807,1613994.77777778,13216.923005,124752.149383333,137969.072388333,5224080.739055,4444263.55555556,6607773.11111111,230302.405721667,6838075.51683278,-779817.183499444,6058258.33333333,30.3333333333333,1036,790,0,123183.666666667,3978240,1956834.66666667,0,0,0,0,0,386.666666666667,0,0,386.666666666667,0,0,0,0,0,0,174.666666666667,113.333333333333,16.6666666666667,27.6666666666667,0,0,332.333333333333,0,0,0,0,0,0,0,0,26.6666666666667,146,6.66666666666667,0,0,0,0,146.666666666667,0,0,6.33333333333333,0,0,0,0,0,0,0,0,0,0,16.3541666666667
3,0,0,0,867000,0,0,296000,0,0,0,1865000,99,4,270258,1,5.85,0,0,5.85,0,3.25,0,0,3.25,0,2.6,0,0,2.6,0,5.85,0,0,5.85,0,3.25,0,0,3.25,0,2.6,0,0,2.6,0,21.8333333333333,2,264.957264957265,517606.837606838,148205.128205128,369401.709401709,0,0,0,148205.128205128,0,0,50598.2905982906,0,0,0,318803.418803419,181025.641025641,68290.5982905983,144615.384615385,0,2051.28205128205,0,0,39658.1196581197,88529.9145299145,53818.9473684211,142348.861898336,20519.943019943,129401.709401709,37264.9572649573,166666.666666667,3638641.88034188,497835.384615385,15213.6752136752,4151690.94017094,1923306.0139095,99230.927279922,102864.516888889,202095.444168811,3983521.70526306,5274179.96899648,5538065.60833708,368762.110835478,5906827.71917256,1290658.26373342,7197485.98290598,587.521367521368,862.393162393162,124.273504273504,16.5811965811966,3113863.24786325,3742786.32478632,323111.111111111,17725.2991452991,0,0,0,0,198.290598290598,0,0,198.290598290598,341.880341880342,0,0,0,615.384615384615,957.264957264957,52.1367521367521,44.957264957265,10.7692307692308,17.7777777777778,80.3418803418803,0,205.982905982906,0,0,0,0,0,0,14.8717948717949,0,15.042735042735,95.2136752136752,24.4444444444444,0,0,0,0,34.5299145299145,2.39316239316239,0,11.2820512820513,0,0,0,0,0,0,0,0,0,8.20512820512821,6.90909090909091
3,0,0,0,90000,0,0,355000,0,0,0,0,34,4,300789,1,7,0,0,7,0,0,0,0,0,0,7,0,0,7,0,7,0,0,7,0,0,0,0,0,0,7,0,0,7,0,27.6666666666667,2,385.714285714286,63571.4285714286,12857.1428571429,50714.2857142857,0,0,0,12857.1428571429,0,0,50714.2857142857,0,0,0,0,14428.5714285714,12871.4285714286,0,0,0,18857.1428571429,0,36000,28854.7619047619,2543.57142857143,31398.3333333333,27433.3333333333,0,299714.285714286,299714.285714286,1803445,0,0,1803445,805063.523809524,14592.2174047619,39275.8474642857,53868.0648690476,1857313.06486905,3281576.47619048,2308794.23809524,353582.350583333,2662376.58867857,1424263.41132143,4086640,0,1175.14285714286,50.1428571428571,90.1428571428571,0,3913225.71428571,110314.285714286,63100,0,0,0,0,205.714285714286,0,0,205.714285714286,571.428571428571,0,0,0,0,571.428571428571,46.7142857142857,37,0,0,14.8571428571429,0,98.5714285714286,4.85714285714286,0,0,0,0,0,1.14285714285714,4.57142857142857,6.42857142857143,32.5714285714286,17.2857142857143,0,0,0,8.42857142857143,6.57142857142857,0,0,13,0,0,0,0,0.571428571428571,0,0,0,0,2.57142857142857,7.68421052631579
3,0,0,0,903000,0,0,0,0,0,0,0,34,3,300789,1,3,0,0,3,0,3,0,0,3,0,0,0,0,0,0,3,0,0,3,0,3,0,0,3,0,0,0,0,0,0,8.66666666666667,2,300,301000,301000,0,0,0,0,301000,0,0,0,0,0,0,0,9333.33333333333,14266.6666666667,0,31000,6666.66666666667,0,0,29000,27644.4444444444,0,27644.4444444444,0,378333.333333333,0,378333.333333333,679178.666666667,1250210,32333.3333333333,1961722,1990861.54374107,3752.52330555556,47412.7216333333,51165.2449388889,1120059.14564227,3479468.45625893,2681422.11111111,429498.578272222,3110920.68938333,2359409.31061667,5470330,0,1087.66666666667,1667.33333333333,0,0,2969330,2501000,0,0,0,0,0,240,0,0,240,0,0,0,0,0,0,0.333333333333333,27.3333333333333,44.6666666666667,15.3333333333333,10.6666666666667,7.33333333333333,105.666666666667,0,0,0,0,0,0,0,0,0,59.6666666666667,11,0,0,0,0,17.6666666666667,0,0,6.33333333333333,0,0,0,0,0,0,0,0,0,11,16.3541666666667
3,0,0,0,917000,0,0,0,0,0,0,0,34,3,300789,2,3,0,0,3,0,0,0,0,0,0,3,0,0,3,0,3,0,0,3,0,0,0,0,0,0,3,0,0,3,0,38,2,533.333333333333,305666.666666667,305666.666666667,0,0,0,0,305666.666666667,0,0,0,0,0,0,0,127666.666666667,98766.6666666667,0,3666.66666666667,6000,0,0,96666.6666666667,119137.777777778,26028.9473684211,145166.725146199,48016.6666666667,0,164000,164000,3232502.66666667,500500,296333.333333333,4029336,1836636.43165163,56784.1519783625,94055.5520666667,150839.704045029,3639944.9975396,2091893.56834837,5161741.7251462,314839.704045029,5476581.42919123,-1548051.42919123,3928530,304.666666666667,633.666666666667,292.333333333333,210.333333333333,1322253.33333333,1920010,496966.666666667,189300,0,0,0,0,480,0,0,480,0,0,0,0,0,0,61.3333333333333,37.3333333333333,0,30.3333333333333,61.3333333333333,0,190.333333333333,32,0,0,0,0,0,32.3333333333333,0,0,80.6666666666667,11,0,0,0,0,0,2.33333333333333,0,18.6666666666667,0,0,0,0,0,0,0,0,0,13.3333333333333,16.3541666666667
3,0,0,0,917000,0,0,0,0,0,0,0,34,4,300789,2,13.9,0,0,13.9,0,3.9,0,0,3.9,0,10,0,0,10,0,13.9,0,0,13.9,0,3.9,0,0,3.9,0,10,0,0,10,0,38.7777777777778,2,212.94964028777,65971.2230215827,65971.2230215827,0,0,0,0,65971.2230215827,0,0,0,0,0,0,0,59712.2302158273,62258.9928057554,4892.08633093525,2446.04316546763,1079.13669064748,0,0,138561.151079137,14917.6258992806,9887.25482771677,24804.8807269973,1726.61870503597,51366.9064748201,60935.2517985611,112302.158273381,892864.964028777,340086.834532374,26690.6474820144,1259642.44604317,1070625.56803299,16808.5496428689,32130.4506834532,48939.0003263221,1012499.39935126,1544627.66937708,1921883.80878455,161241.158599703,2083124.96738425,532128.270025817,2615253.23741007,65.7553956834532,334.028776978417,315.611510791367,181.654676258993,348503.597122302,1282670.50359712,820589.928057554,163489.208633094,0,0,0,0,103.597122302158,0,0,103.597122302158,0,0,0,0,0,0,13.2374100719424,8.20143884892086,3.38129496402878,16.7625899280576,21.0071942446043,0,62.589928057554,20.6474820143885,0,0,0,0,0,1.00719424460432,0,0,34.8201438848921,3.16546762589928,0,0,0,0,0,0,0,1.36690647482014,0,0,0,0,0,0,0,0,0,1.58273381294964,1.6875
3,0,0,0,939000,0,0,0,0,0,0,0,34,4,300789,2,5.6,0,0,5.6,0,5.6,0,0,5.6,0,0,0,0,0,0,5.6,0,0,5.6,0,5.6,0,0,5.6,0,0,0,0,0,0,26.25,2,196.428571428571,167678.571428571,167678.571428571,0,0,0,0,167678.571428571,0,0,0,0,0,0,0,8750,14017.8571428571,0,0,0,0,0,6071.42857142857,27747.0238095238,635.892857142857,28382.9166666667,40294.6428571429,110000,0,110000,1358415.53571429,0,0,1358415.53571429,565984.416666667,10284.8302258929,31331.9078660714,41616.7380919643,1510032.27380625,1879781.6547619,1924399.95238095,151616.738091964,2076016.69047292,369749.380955654,2445766.07142857,0,734.464285714286,0,0,0,2445766.07142857,0,0,0,0,0,0,257.142857142857,0,0,257.142857142857,0,0,0,0,0,0,42.5,14.8214285714286,0,0,13.5714285714286,0,70.8928571428572,4.28571428571429,0,0,0,0,0,0,0,3.21428571428571,24.4642857142857,9.64285714285714,0,0,0,1.96428571428571,18.75,0,0,8.39285714285714,0,0,0,0,0.178571428571429,0,0,0,0,0,7.68421052631579
3,0,0,0,94000,0,0,0,0,0,0,0,34,3,300789,1,3,0,0,3,0,3,0,0,3,0,0,0,0,0,0,3,0,0,3,0,3,0,0,3,0,0,0,0,0,0,30,2,350,31333.3333333333,31333.3333333333,0,0,0,0,31333.3333333333,0,0,0,0,0,0,0,13666.6666666667,15333.3333333333,0,0,0,0,0,2666.66666666667,139154.166666667,0,139154.166666667,34570,294000,0,294000,2042010.66666667,0,0,2042010.66666667,537513.166666667,35059.3208333333,42415.9649333333,77475.2857666667,2413485.95243333,3824786.83333333,2579523.83333333,371475.285766667,2950999.1191,1411300.8809,4362300,0,1310,0,0,0,4362300,0,0,0,0,0,0,46.6666666666667,0,0,46.6666666666667,0,0,0,0,0,0,55,36.3333333333333,0,0,18.3333333333333,0,109.666666666667,0,0,0,0,0,0,1.66666666666667,0,9,60.6666666666667,4.66666666666667,0,0,0,3,11,0,0,18.3333333333333,0,0,0,0,1.33333333333333,0,0,0,0,0,16.3541666666667
3,13000,0,0,1099000,0,0,0,0,0,0,0,34,4,300789,2,6,0,0,6,0,6,0,0,6,0,0,0,0,0,0,6,0,0,6,0,6,0,0,6,0,0,0,0,0,0,21,2,400,185333.333333333,185333.333333333,0,2166.66666666667,0,0,183166.666666667,0,0,0,0,0,0,0,34333.3333333333,14283.3333333333,0,9833.33333333333,3666.66666666667,0,0,20000,32950,7418.33333333333,40368.3333333333,88020.8333333333,559333.333333333,0,559333.333333333,1193589,723750,19666.6666666667,1937005.66666667,1427801.86690956,32354.1833333333,44419.7816833333,76773.9650166667,1841939.26477378,-1215420.20024289,2633633.83333333,636107.29835,3269741.13168333,-3057359.46501667,212381.666666667,15.1666666666667,27.5,29.3333333333333,26.3333333333333,58240,80575,49866.6666666667,23700,0,0.166666666666667,0,0,13.3333333333333,0,0,13.5,0,0,0,0,0,0,20.3333333333333,16,20.6666666666667,9.16666666666667,23,11.1666666666667,100.333333333333,0,0,0,0,0,0,7,0,0,46,5.5,0,0,0,0,0,0,0,23.5,0,0,0,0,1,0,0,0,0,17.3333333333333,7.68421052631579
3,194000,0,0,622000,0,0,0,0,0,0,8487000,99,4,270258,2,10,0,0,10,0,10,0,0,10,0,0,0,0,0,0,10,0,0,10,0,10,0,0,10,0,0,0,0,0,0,39,1,240,930300,81600,848700,19400,0,0,62200,0,0,0,0,0,0,848700,211400,60950,111700,0,1200,0,0,0,77065,54261.8571428571,131326.857142857,226621.666666667,232400,0,232400,755530.9,1624100,167400,2547030.9,3682107.15822514,52770.5970380952,77831.005135,130601.602173095,1171681.86775748,333845.241774861,4490787.42380952,363001.602173095,4853789.02598262,-837836.625982619,4015952.4,255.9,599.6,176.9,23.6,1228320,2302464,459940,25228.4,0,33,0,0,59,0,0,92,0,0,0,0,1512,1512,25.7,0,49.4,22.8,10.9,6.5,115.3,0,0,0,0,0,4,1.3,0,2.1,46.1,27.4,0,0,0,0,20.3,0,0,14.1,0,0,0,0,0,0,0,0,0,0,6.90909090909091
3,195000,0,0,3466000,0,0,0,0,0,0,8953000,99,4,270258,1,20.4,0,0,20.4,0,0,0,0,0,0,20.4,0,0,20.4,0,20.4,0,0,20.4,0,0,0,0,0,0,20.4,0,0,20.4,0,18.8,2,216.666666666667,618333.333333333,179460.784313726,438872.549019608,9558.82352941177,0,0,169901.960784314,0,0,0,0,0,0,438872.549019608,115882.352941176,57387.2549019608,38529.4117647059,0,1764.70588235294,0,0,136225.490196078,28725.0612745098,72934.3137254902,101659.375,9413.80718954248,0,108333.333333333,108333.333333333,1022784.06862745,1596183.03921569,135833.333333333,2754800.44117647,3136756.50538097,56661.5656574754,75016.898252451,131678.463909926,1207509.46424791,2519938.24952099,4104254.17238562,240011.79724326,4344265.96962888,1312428.78527308,5656694.75490196,208.43137254902,704.21568627451,305.833333333333,51.0294117647059,1208901.96078431,3380235.29411765,980807.5,86750,0,8.82352941176471,0,0,169.607843137255,0,0,178.43137254902,0,0,0,0,705.882352941176,705.882352941176,26.1274509803922,21.9117647058824,17.2549019607843,74.0686274509804,8.2843137254902,0,147.647058823529,0,0,0,0,0,0,0.490196078431373,0,22.4509803921569,79.7549019607843,7.25490196078431,0,0,0,21.9607843137255,6.91176470588235,0,0,8.23529411764706,0,0,0,0,0,0,0,0,0,0.588235294117647,2.42857142857143
3,212000,0,0,520000,0,0,0,0,0,0,0,34,2,300789,2,2.67,0,0,2.67,0,1.49,0,0,1.49,0,1.18,0,0,1.18,0,2.67,0,0,2.67,0,1.49,0,0,1.49,0,1.18,0,0,1.18,0,22,1,204.868913857678,274157.303370787,274157.303370787,0,79400.7490636704,0,0,194756.554307116,0,0,0,0,0,0,0,0,10000,6741.57303370787,0,0,0,0,0,11460.6741573034,7602.24719101124,19062.9213483146,72084.8938826467,122097.378277154,95880.1498127341,217977.528089888,3248945.6928839,0,0,3248945.6928839,778715.84144819,26096.8994357054,71327.8680711611,97424.7675068664,3468467.83866792,231100.637952559,3931781.38451935,315402.295596754,4247183.6801161,-3237367.20071536,1009816.47940075,34.0823970037453,171.161048689139,150.936329588015,39.3258426966292,130876.404494382,569966.292134831,273580.524344569,35393.2584269663,0,119.850187265918,0,0,217.228464419476,0,0,337.078651685393,0,0,0,0,0,0,87.6404494382023,63.2958801498127,0,0,25.8426966292135,0,176.779026217228,0,0,0,0,0,0,0,0,23.9700374531835,131.835205992509,10.1123595505618,0,0,0,0,9.73782771535581,0,0,0,0,0,0,0,0,0,0,0,0,1.12359550561798,16.3541666666667
3,310000,0,0,1083000,0,0,0,0,0,0,0,34,4,300789,2,7,0,0,7,0,0,0,0,0,0,7,0,0,7,0,7,0,0,7,0,0,0,0,0,0,7,0,0,7,0,17.6666666666667,1,114.285714285714,199000,199000,0,44285.7142857143,0,0,154714.285714286,0,0,0,0,0,0,0,24714.2857142857,21285.7142857143,0,0,0,0,0,0,16660.9523809524,4035.71428571429,20696.6666666667,157750,0,87142.8571428571,87142.8571428571,1580950.57142857,1600714.28571429,0,3181664.85714286,2412092.80952381,34070.1439,69047.2968714286,103117.440771429,1684068.0122,2197101.47619048,3905900.52380952,190260.297914286,4096160.82172381,513033.463990476,4609194.28571429,339.428571428571,600.571428571429,614.285714285714,105.285714285714,1403657.14285714,2066494.28571429,1044285.71428571,94757.1428571429,0,80,0,0,205.714285714286,0,0,285.714285714286,0,0,0,0,0,0,83.4285714285714,0,65.2857142857143,22.8571428571429,0,0,171.571428571429,0,0,0,0,0,0,0,0,3.14285714285714,114.285714285714,1.57142857142857,0,0,0,0,27.7142857142857,16.2857142857143,0,0,0,0,0,0,0,0,0,0,0,8.57142857142857,7.68421052631579
3,401000,0,0,0,0,0,225000,0,0,0,0,34,3,300789,1,3.19,0,0.52,2.67,0,3.19,0,0.52,2.67,0,0,0,0,0,0,3.19,0,0.52,2.67,0,3.19,0,0.52,2.67,0,0,0,0,0,0,28,1,626.959247648903,196238.244514107,125705.329153605,70532.9153605016,125705.329153605,0,0,0,0,0,70532.9153605016,0,0,0,0,87774.2946708464,26833.855799373,56739.8119122257,0,0,0,0,10031.3479623824,30684.4305120167,15906.5830721003,46591.013584117,104890.282131661,721003.134796238,0,721003.134796238,2699753.60501567,684169.278996865,92789.9686520376,3476712.85266458,1532817.61795349,47227.2499582027,77664.7577115988,124892.007669801,3619678.22775184,11072467.6485042,4306600.70323929,845895.14246604,5152495.84570533,7452789.42075235,12605285.2664577,429.780564263323,1380.87774294671,1295.61128526646,164.890282131661,2475536.05015674,6501122.25705329,3146865.20376176,481761.755485893,0,200.626959247649,0,0,0,0,0,200.626959247649,564.263322884012,0,0,0,0,564.263322884012,131.974921630094,0,27.8996865203762,7.21003134796238,7.83699059561129,1.88087774294671,176.802507836991,0,0,0,0,0,4.38871473354232,0,0,31.0344827586207,92.4764890282132,5.95611285266458,0,0,0,0,13.7931034482759,0,0,10.9717868338558,0,0,0,0,0,0,0,0,0,18.1818181818182,16.3541666666667
3,744000,0,0,1387000,0,0,0,0,0,0,10694000,99,4,270258,2,6,0,0,6,0,6,0,0,6,0,0,0,0,0,0,6,0,0,6,0,6,0,0,6,0,0,0,0,0,0,24,2,291.666666666667,2137500,355166.666666667,1782333.33333333,124000,0,0,231166.666666667,0,0,0,0,0,0,1782333.33333333,147833.333333333,114366.666666667,34166.6666666667,0,1000,0,0,0,248597.777777778,62878.9285714286,311476.706349206,28006.9444444444,232666.666666667,0,232666.666666667,1643303.83333333,1320916.66666667,149333.333333333,3113553.83333333,4432070.94077525,84482.7833003968,111800.673075,196283.456375397,2155041.33306047,658084.225891422,6158162.15079365,428950.123042063,6587112.27383571,-1496957.10716905,5090155.16666667,323,810.333333333333,394.833333333333,52.5,1401820,2838597.66666667,793615,56122.5,0,160,0,0,288.333333333333,0,0,448.333333333333,0,0,0,0,3240.38333333333,3240.38333333333,51.5,30.1666666666667,42.8333333333333,22.8333333333333,8.83333333333333,5,161.166666666667,0,0,0,0,0,0,2.83333333333333,0,0,76.1666666666667,47.6666666666667,0,0,0,0,23.5,0,0,11,0,0,0,0,0,0,0,0,0,0,6.90909090909091
4,0,0,0,0,0,0,0,0,0,0,0,34,1,300789,1,1.6,0,0,1.6,0,0,0,0,0,0,1.6,0,0,1.6,0,1.6,0,0,1.6,0,0,0,0,0,0,1.6,0,0,1.6,0,21.875,2,178.125,0,0,0,0,0,0,0,0,0,0,0,0,0,0,6875,198312.5,0,5000,13125,0,0,43125,117625,0,117625,240041.666666667,0,325000,325000,4398660,961023.75,0,5359683.75,2210916.91666667,44593.6543541667,113366.3431875,157959.997541667,4556619.99754167,3565045.58333333,6284576.91666667,482959.997541667,6767536.91420833,-991574.414208334,5775962.5,341.25,1143.75,532.5,34.375,1378650,3351187.5,1011750,34375,310.625,0,0,0,0,0,0,0,0,0,0,0,0,0,114.375,68.75,14.375,45.625,48.125,0,291.25,0,0,0,0,0,0,0,0,1.875,228.75,0,0,0,0,0,11.25,0,0,41.25,0,0,0,0,7.5,0,0,0,0,0.625,28.2903225806452
4,0,0,0,0,0,0,0,0,0,0,0,34,1,300789,2,1,0,0,0,1,0,0,0,0,0,1,0,0,0,1,1,0,0,0,1,0,0,0,0,0,1,0,0,0,1,29.25,2,300,0,0,0,0,0,0,0,0,0,0,0,0,0,0,0,54600,0,0,20000,0,0,0,462514.583333333,26706,489220.583333333,600166.666666667,0,163000,163000,2026117,0,0,2026117,1627776.25,238570.835555,42329.44755,280900.283105,2307017.283105,-1186176.25,3490893.25,443900.283105,3934793.533105,-3493193.533105,441600,40,12,0,0,384000,57600,0,0,0,0,0,0,0,0,0,0,0,0,0,0,0,0,32,32,0,0,38,0,102,0,0,0,0,0,0,0,0,0,64,0,0,0,0,0,0,0,0,38,0,0,0,0,0,0,0,0,0,0,28.2903225806452
4,0,0,0,0,0,0,0,0,0,0,0,34,1,300789,2,1,0,0,1,0,1,0,0,1,0,0,0,0,0,0,1,0,0,1,0,1,0,0,1,0,0,0,0,0,0,21,2,400,0,0,0,0,0,0,0,0,0,0,0,0,0,0,11000,15900,0,0,0,0,0,21000,135076.666666667,44508,179584.666666667,259275,338000,0,338000,2329204,0,0,2329204,787548.666666667,144324.039166667,47898.6456,192222.684766667,2859426.68476667,734261.333333333,3116752.66666667,530222.684766667,3646975.35143333,-2125165.35143333,1521810,0,457,0,0,0,1521810,0,0,0,0,0,0,0,0,0,0,0,0,0,0,0,0,65,43,0,0,18,0,126,4,0,0,0,0,0,0,0,11,63,0,0,0,0,19,9,0,0,18,0,0,0,0,2,0,0,0,0,0,28.2903225806452
4,0,0,0,0,0,0,0,0,0,0,0,34,1,300789,2,1.2,0,0,1.2,0,0,0,0,0,0,1.2,0,0,1.2,0,1.2,0,0,1.2,0,0,0,0,0,0,1.2,0,0,1.2,0,28.5,2,200,0,0,0,0,0,0,0,0,0,0,0,0,0,0,0,121500,0,0,16666.6666666667,0,0,0,439601.388888889,7418.33333333333,447019.722222222,500138.888888889,0,316666.666666667,316666.666666667,4113192.5,0,0,4113192.5,1702780.94444444,60243.8828513889,85664.8872083333,145908.770059722,4259101.27005972,1177885.72222222,5499306.77777778,462575.436726389,5961882.21450417,-3081215.5478375,2880666.66666667,0,641.666666666667,126.666666666667,291.666666666667,0,2335666.66666667,253333.333333333,291666.666666667,0,0,0,0,0,0,0,0,0,0,0,0,0,0,123.333333333333,15,0,0,62.5,0,200.833333333333,0,0,0,0,0,0,0,0,0,101.666666666667,0,0,0,0,0,36.6666666666667,0,0,62.5,0,0,0,0,0,0,0,0,0,0,28.2903225806452
4,0,0,0,0,0,0,0,0,0,0,0,34,3,300789,1,14,0,0,14,0,14,0,0,14,0,0,0,0,0,0,3,0,0,3,0,3,0,0,3,0,0,0,0,0,0,33,2,333.333333333333,0,0,0,0,0,0,0,0,0,0,0,0,0,0,7333.33333333333,13200,0,0,8333.33333333333,0,0,3666.66666666667,57238.8888888889,42426.7543859649,99665.6432748538,0,294666.666666667,0,294666.666666667,1764641.66666667,42666.6666666667,13000,1820308.33333333,475961.545343768,60220.713621345,37334.7595833333,97555.4732046784,2169556.9044691,2567658.45465623,2253296.30994152,392222.139871345,2645518.44981287,398101.550187135,3043620,0,914,0,0,0,3043620,0,0,0,0,0,0,0,0,0,0,0,0,0,0,0,0,58.6666666666667,9,0,0,21,2.66666666666667,91.3333333333333,6,0,0,0,0,0,0,0,4.33333333333333,38,0,0,0,0,9.66666666666667,17,0,0,15.6666666666667,0,0,0,0,0.666666666666667,0,0,0,0,0,16.3541666666667
4,0,0,0,0,0,0,0,0,0,0,0,34,3,300789,2,12,0,0,12,0,12,0,0,12,0,0,0,0,0,0,3,0,0,3,0,3,0,0,3,0,0,0,0,0,0,3,2,400,0,0,0,0,0,0,0,0,0,0,0,0,0,0,10000,0,0,0,0,0,0,2333.33333333333,88881.1111111111,4154,93035.1111111111,0,559333.333333333,0,559333.333333333,229937.333333333,125035.333333333,32000,386972.666666667,542464.43625289,14944.5963188889,8046.0159,22990.6122188889,832989.620410443,-343564.43625289,793130.111111111,582323.945552222,1375454.05666333,-1176554.05666333,198900,0,0,117,0,0,0,198900,0,0,0,0,0,0,0,0,0,0,0,0,0,0,0,0.666666666666667,3,1,0.666666666666667,7,4.66666666666667,17,0,0,0,0,0,0,0,0,0,3,0,0,0,0,2.33333333333333,11.6666666666667,0,0,0,0,0,0,0,0,0,0,0,0,0,16.3541666666667
4,0,0,0,0,0,0,0,0,0,0,0,34,4,300789,2,5.6,0,0,5.6,0,0,0,0,0,0,5.6,0,0,5.6,0,5.6,0,0,5.6,0,0,0,0,0,0,5.6,0,0,5.6,0,26.25,2,191.071428571429,0,0,0,0,0,0,0,0,0,0,0,0,0,0,10357.1428571429,7964.28571428571,0,0,8928.57142857143,0,0,3035.71428571429,38312.5,741.785714285714,39054.2857142857,25720.2380952381,0,93392.8571428571,93392.8571428571,1077900.35714286,270178.571428571,35892.8571428571,1383971.78571429,766614.222371616,5119.17010892857,28497.288625,33616.4587339286,1140216.11731469,1440308.9919141,1779821.02380952,127009.315876786,1906830.33968631,300092.874599405,2206923.21428571,144.464285714286,425,293.75,215.178571428571,466619.642857143,1117750,450410.714285714,172142.857142857,0,0,0,0,0,0,0,0,0,0,0,0,0,0,14.1071428571429,18.0357142857143,8.39285714285714,0,21.9642857142857,4.82142857142857,67.3214285714286,5.53571428571429,0,0,0,0,0,8.21428571428572,0,0,26.0714285714286,0,0,0,0,5.89285714285714,10.7142857142857,0,0,10.8928571428571,0,0,0,0,0,0,0,0,0,0,7.68421052631579
4,0,0,0,0,0,0,0,0,0,0,0,34,4,300789,2,6,0,0,6,0,0,0,0,0,0,6,0,0,6,0,6,0,0,6,0,0,0,0,0,0,6,0,0,6,0,30,2,208.333333333333,0,0,0,0,0,0,0,0,0,0,0,0,0,0,108166.666666667,85150,755000,9166.66666666667,8166.66666666667,0,487833.333333333,33833.3333333333,75321.1111111111,6231.16666666667,81552.2777777778,140038.888888889,0,271000,271000,1743349.66666667,1576638,0,3319987.66666667,3857334.83333333,26310.6821575,96867.1823166667,123177.864474167,1866527.53114083,2104058.5,5329684.5,394177.864474167,5723862.36447417,237530.968859165,5961393.33333333,648.666666666667,1004.33333333333,146,22.5,2620613.33333333,3043130,277400,20250,426.833333333333,0,0,0,0,0,0,0,0,0,0,0,0,0,0.5,18.6666666666667,50.5,38,59,1.33333333333333,168,0,0,0,0,0,3.33333333333333,2.33333333333333,0,0.333333333333333,103.666666666667,0,0,0,0,0,14.6666666666667,0,0,40.8333333333333,0,0,0,0,2.66666666666667,0,0,0,0,0.166666666666667,7.68421052631579
4,0,0,0,0,0,0,0,0,0,0,0,36,1,284173,2,1.22,0,0,1.22,0,1.22,0,0,1.22,0,0,0,0,0,0,1,0,0,1,0,1,0,0,1,0,0,0,0,0,0,21,2,400,0,0,0,0,0,0,0,0,0,0,0,0,0,0,0,195900,0,0,41000,0,0,20000,245930,109792.5,355722.5,288066.666666667,106000,0,106000,3987326,0,0,3987326,1184862.16666667,268780.504091667,85521.1539,354301.657991667,4447627.65799167,1458287.83333333,5172188.16666667,460301.657991667,5632489.82465833,-2989339.82465833,2643150,0,1005,0,0,0,2643150,0,0,0,0,0,0,0,0,0,0,0,0,0,0,0,0,56,37,0,0,96,0,189,0,0,0,0,0,0,0,0,44,36,0,0,0,0,30,0,0,0,66,0,0,0,0,12,0,0,0,0,1,36.5555555555556
4,0,0,0,0,0,0,0,0,0,0,0,36,1,284173,2,1.32,0,0,1.32,0,1.32,0,0,1.32,0,0,0,0,0,0,1.02,0,0,1.02,0,1.02,0,0,1.02,0,0,0,0,0,0,31.5,2,61.7647058823529,0,0,0,0,0,0,0,0,0,0,0,0,0,0,0,7745.09803921569,0,0,21568.6274509804,0,0,4901.96078431373,176956.699346405,4937.28070175439,181893.98004816,0,228431.37254902,0,228431.37254902,1937016.66666667,0,0,1937016.66666667,500282.666322669,19180.5019417139,39720.3319117647,58900.8338534787,2224348.87306916,559266.353285174,2437299.33298934,287332.206402498,2724631.53939183,-1665082.51978399,1059549.01960784,139.21568627451,332.352941176471,0,22.5490196078431,407901.960784314,638117.647058823,0,13529.4117647059,0,0,0,0,0,0,0,0,0,0,0,0,0,0,66.6666666666667,7.84313725490196,0,0,22.5490196078431,0,97.0588235294118,0,0,0,0,0,0,0,0,9.80392156862745,47.0588235294118,0,0,0,0,0,0,17.6470588235294,0,22.5490196078431,0,0,0,0,0,0,0,0,0,0,36.5555555555556
4,0,0,0,0,0,0,0,0,0,0,0,36,1,284173,2,2,0,0,2,0,2,0,0,2,0,0,0,0,0,0,1.5,0,0,1.5,0,1.5,0,0,1.5,0,0,0,0,0,0,25,2,76.6666666666667,0,0,0,0,0,0,0,0,0,0,0,0,0,0,0,13600,0,0,23333.3333333333,0,0,4000,72457.7777777778,1509.61403508772,73967.3918128655,0,228000,0,228000,1296996.66666667,0,0,1296996.66666667,399073.725146199,5484.25354502924,26959.2895,32443.5430450292,1557440.2097117,28446.2748538012,1696070.39181287,260443.543045029,1956513.93485789,-1528993.93485789,427520,0,222.666666666667,0,0,0,427520,0,0,0,0,0,0,0,0,0,0,0,0,0,0,0,0,13.3333333333333,12.6666666666667,0,0,34.6666666666667,0,60.6666666666667,0,0,0,0,0,0,0,0,5.33333333333333,20.6666666666667,0,0,0,0,0,0,0,0,34.6666666666667,0,0,0,0,0,0,0,0,0,0,36.5555555555556
4,0,0,0,0,0,0,0,0,0,0,0,36,1,284173,2,8.32,0,0,8.32,0,8.32,0,0,8.32,0,0,0,0,0,0,1.62,0,0,1.62,0,1.62,0,0,1.62,0,0,0,0,0,0,32.5,2,152.469135802469,0,0,0,0,0,0,0,0,0,0,0,0,0,0,0,5617.28395061728,0,0,0,0,0,0,205344.650205761,14654.3209876543,219998.971193416,0,249382.716049383,0,249382.716049383,691187.037037037,276543.209876543,9259.25925925926,976989.506172839,788978.435098293,43350.8323096708,19799.5268209877,63150.3591306584,1010333.40139862,-700678.435098293,1486778.76131687,312533.075180041,1799311.83649691,-1711011.83649691,88300,16.6666666666667,0,0,0,88300,0,0,0,0,0,0,0,0,0,0,0,0,0,0,0,0,0,4.93827160493827,5.55555555555556,0,0,20.9876543209877,12.3456790123457,43.8271604938272,0,0,0,0,0,0,0,9.87654320987654,0,0.617283950617284,0,0,0,0,30.8641975308642,0,0,0,0,0,0,0,0,0,0,0,0,0,2.46913580246914,36.5555555555556
4,0,0,0,0,0,0,0,0,0,0,0,36,2,284173,2,2.2,0,0,2.2,0,0,0,0,0,0,2.2,0,0,2.2,0,2,0,0,2,0,0,0,0,0,0,2,0,0,2,0,40,2,90,0,0,0,0,0,0,0,0,0,0,0,0,0,0,0,3650,0,0,1000,0,0,0,112659.166666667,137680,250339.166666667,0,0,54000,54000,144542,0,0,144542,593162.166666667,256402.797354167,3006.2188,259409.016154167,403951.016154167,-396676.166666667,683704.166666667,313409.016154167,997113.182820833,-800627.182820833,196486,18.5,7,0,0,177600,18886,0,0,0,0,0,0,0,0,0,0,0,0,0,0,0,0,6.5,1.5,0,0,0,0,8,0,0,0,0,0,0,0,0,0,1.5,0,0,0,0,0,6.5,0,0,0,0,0,0,0,0,0,0,0,0,0,36.5555555555556
4,0,0,0,0,0,0,0,0,0,0,0,36,2,284173,2,2.69,0,0,2.69,0,2.69,0,0,2.69,0,0,0,0,0,0,2.69,0,0,2.69,0,2.69,0,0,2.69,0,0,0,0,0,0,21.25,2,420.074349442379,0,0,0,0,0,0,0,0,0,0,0,0,0,0,0,10780.6691449814,0,0,7434.94423791822,0,0,32342.0074349442,77479.5539033457,12552.5533163764,90032.1072197222,67825.2788104089,338289.962825279,0,338289.962825279,635217.100371747,0,0,635217.100371747,492588.006847975,20925.8507087002,13818.3606319703,34744.2113406705,1008251.2745377,162096.008021914,1127805.10721972,373034.174165949,1500839.28138567,-846155.266515783,654684.014869889,33.8289962825279,68.0297397769517,26.0223048327138,0,260483.271375465,326542.750929368,67657.9925650558,0,0,0,0,0,0,0,0,0,0,0,0,0,0,0,10.0371747211896,10.0371747211896,0,0,11.8959107806691,0,31.9702602230483,0,0,0,0,0,0,0,0,2.97397769516729,17.1003717472119,0,0,0,0,0,0,0,0,11.8959107806691,0,0,0,0,0,0,0,0,0,0,15.5454545454545
4,0,0,0,0,0,0,0,0,0,0,0,36,2,284173,2,3.88,0,0,3.88,0,3.88,0,0,3.88,0,0,0,0,0,0,2.63,0,0,2.63,0,2.63,0,0,2.63,0,0,0,0,0,0,40,2,114.068441064639,0,0,0,0,0,0,0,0,0,0,0,0,0,0,0,0,0,0,0,0,0,0,104756.020278834,6769.96197718631,111525.98225602,80323.1939163498,230418.25095057,0,230418.25095057,181036.501901141,0,0,181036.501901141,476022.17617237,17321.579743346,3647.88551330799,20969.465256654,432424.218108365,-114741.948035488,657058.678073511,251387.716207224,908446.394280735,-547166.166143853,361280.228136882,0,191.254752851711,0,0,0,361280.228136882,0,0,0,0,0,0,0,0,0,0,0,0,0,0,0,0,5.32319391634981,5.32319391634981,0,0,0,0,10.6463878326996,0,0,0,0,0,0,0,0,0,10.6463878326996,0,0,0,0,0,0,0,0,0,0,0,0,0,0,0,0,0,0,0,15.5454545454545
4,0,0,0,0,0,0,0,0,0,0,0,36,2,284173,2,7.1,0,0,7.1,0,7.1,0,0,7.1,0,0,0,0,0,0,2.68,0,0,2.68,0,2.68,0,0,2.68,0,0,0,0,0,0,46.3333333333333,2,97.7611940298508,0,0,0,0,0,0,0,0,0,0,0,0,0,0,0,0,0,0,0,0,0,0,52919.1542288557,6643.65671641791,59562.8109452736,71654.2288557214,226492.537313433,0,226492.537313433,76139.552238806,0,0,76139.552238806,415390.039800995,17538.6176430348,1534.21197761194,19072.8296206468,321704.919172886,-124654.965174129,491529.592039801,245565.36693408,737094.958973881,-446359.884347015,290735.074626866,51.1194029850746,68.2835820895522,16.4179104477612,0,149779.850746269,131104.47761194,9850.74626865672,0,0,0,0,0,0,0,0,0,0,0,0,0,0,0,2.23880597014925,2.23880597014925,0,0,0,0,4.47761194029851,0,0,0,0,0,0,0,0,0,4.47761194029851,0,0,0,0,0,0,0,0,0,0,0,0,0,0,0,0,0,0,0,15.5454545454545
4,0,0,0,0,0,0,0,0,0,0,0,36,3,284173,2,3,0,0,3,0,3,0,0,3,0,0,0,0,0,0,3,0,0,3,0,3,0,0,3,0,0,0,0,0,0,35,2,165.333333333333,0,0,0,0,0,0,0,0,0,0,0,0,0,0,0,3033.33333333333,0,0,0,0,0,0,108157.777777778,11869,120026.777777778,115220,101000,0,101000,1014908.66666667,0,0,1014908.66666667,522453.111111111,40394.7302994445,20511.5313,60906.2615994445,1176814.92826611,-192751.111111111,1537361.77777778,161906.261599444,1699268.03937722,-1369566.03937722,329702,45.6666666666667,60.6666666666667,0,0,152070,177632,0,0,0,0,0,0,0,0,0,0,0,0,0,0,0,0,30,30,0,0,0,0,60,0,0,0,0,0,0,0,0,0,38,0,0,0,0,0,22,0,0,0,0,0,0,0,0,0,0,0,0,0,15.5454545454545
4,0,0,0,0,0,0,0,0,0,0,0,36,4,284173,2,20.18,0,0,20.18,0,20.18,0,0,20.18,0,0,0,0,0,0,13.66,0,0,13.66,0,13.66,0,0,13.66,0,0,0,0,0,0,11.8333333333333,2,102.489019033675,0,0,0,0,0,0,0,0,0,0,0,0,0,0,0,23609.0775988287,0,0,1098.09663250366,0,0,3587.11566617862,3614.8121034651,9774.98169838946,13389.7938018546,28469.9853587116,8418.74084919473,0,8418.74084919473,285888.726207906,31112.737920937,15739.3850658858,332740.849194729,386984.580167799,20625.3916285383,7274.85805270864,27900.2496812469,336402.328615449,33946.6057765646,687067.918252806,36318.9905304417,723386.908783248,-302455.722838885,420931.185944363,0,173.93850658858,0,0,0,420931.185944363,0,0,0,0,0,0,0,0,0,0,0,0,0,0,0,0,9.88286969253294,0,1.83016105417277,0,4.02635431918009,0,15.7393850658858,0,0,0,0,0,0,0,0,2.63543191800878,2.63543191800878,0,0,0,0,8.199121522694,0,0,0,1.31771595900439,0,0,0,0,0.878477306002928,0,0,0,0,0.0732064421669107,15.5454545454545
4,0,0,0,0,0,0,0,0,0,0,0,36,4,284173,2,8.01,0,0,8.01,0,8.01,0,0,8.01,0,0,0,0,0,0,5.6,0,0,5.6,0,5.6,0,0,5.6,0,0,0,0,0,0,18.5,2,107.142857142857,0,0,0,0,0,0,0,0,0,0,0,0,0,0,0,0,0,0,0,0,0,0,71062.2023809524,12716.369047619,83778.5714285714,0,144285.714285714,0,144285.714285714,161120.892857143,0,0,161120.892857143,367951.571428571,15679.8844196429,3246.58599107143,18926.4704107143,324333.077553571,-187910.857142857,529072.464285714,163212.184696429,692284.648982143,-512243.934696429,180040.714285714,8.21428571428572,48.3928571428571,39.6428571428571,0,43519.2857142857,92914.2857142857,43607.1428571429,0,0,0,0,0,0,0,0,0,0,0,0,0,0,0,6.42857142857143,2.67857142857143,0,0,0,0,9.10714285714286,0,0,0,0,0,0,0,0,0,3.75,0,0,0,0,0,3.21428571428571,0,0,0,0,0,0,0,0,0,0,0,0,2.14285714285714,15.5454545454545
4,0,0,0,0,0,0,0,0,0,0,0,38,1,296914,1,1.16,0,0,1.16,0,1.16,0,0,1.16,0,0,0,0,0,0,1.16,0,0,1.16,0,1.16,0,0,1.16,0,0,0,0,0,0,30,2,482.758620689655,0,0,0,0,0,0,0,0,0,0,0,0,0,0,42241.3793103448,2672.41379310345,0,0,0,0,0,0,138277.298850575,0,138277.298850575,273168.103448276,185344.827586207,0,185344.827586207,2965535.34482759,0,0,2965535.34482759,753273.195402299,52809.8350933908,60660.5501293103,113470.385222701,3264350.55763649,5277321.63218391,3718808.54022988,298815.212808908,4017623.75303879,2012971.07454741,6030594.82758621,540.51724137931,1237.93103448276,403.448275862069,362.931034482759,1799922.4137931,3379551.72413793,524482.75862069,326637.931034483,0,0,0,0,0,0,0,0,0,0,0,0,0,0,89.6551724137931,74.1379310344827,0,0,6.03448275862069,0,169.827586206897,0,0,0,0,0,0,0,0,0,148.275862068965,0,0,0,0,0,0,0,0,20.6896551724138,0,0,0,0,0,0,0,0,0,0.862068965517241,32.1666666666667
4,0,0,0,0,0,0,0,0,0,0,0,38,1,296914,2,1,0,0,1,0,1,0,0,1,0,0,0,0,0,0,1,0,0,1,0,1,0,0,1,0,0,0,0,0,0,6.5,2,400,0,0,0,0,0,0,0,0,0,0,0,0,0,0,0,7700,0,0,0,0,0,0,308825,0,308825,0,276000,0,276000,2586330,0,0,2586330,613439,-14066.866125,52269.7045,38202.838375,2900532.838375,1168261,3199769,314202.838375,3513971.838375,-1732271.838375,1781700,261,209,117,211,869130,570570,152100,189900,0,0,0,0,0,0,0,0,0,0,0,0,0,0,118,0,0,0,14,0,132,0,0,0,0,0,0,0,0,0,86,0,0,0,0,0,18,0,0,28,0,0,0,0,0,0,0,0,0,0,32.1666666666667
4,0,0,0,0,0,0,0,0,0,0,0,38,2,296914,2,2.75,0,0,2.75,0,2.75,0,0,2.75,0,0,0,0,0,0,2.75,0,0,2.75,0,2.75,0,0,2.75,0,0,0,0,0,0,31,2,247.272727272727,0,0,0,0,0,0,0,0,0,0,0,0,0,0,0,14909.0909090909,0,0,0,0,0,0,75793.9393939394,18219.6363636364,94013.5757575758,0,302909.090909091,0,302909.090909091,1950670.90909091,0,0,1950670.90909091,405836.666666667,37282.0067612121,39606.437,76888.4437612121,2330468.44376121,467930.606060606,2356507.57575758,379797.534670303,2736305.11042788,-1862537.83770061,873767.272727273,46.5454545454545,265.818181818182,31.6363636363636,38.1818181818182,154996.363636364,643280,41127.2727272727,34363.6363636364,0,0,0,0,0,0,0,0,0,0,0,0,0,0,49.0909090909091,41.0909090909091,0,0,16.7272727272727,0,106.909090909091,0,0,0,0,0,0,0,0,0,50.1818181818182,0,0,0,0,0,48,0,0,8.72727272727273,0,0,0,0,0,0,0,0,0,0,16.75
4,0,0,0,0,0,0,0,0,0,0,0,38,2,296914,2,2.8,0,0,2.8,0,1.08,0,0,1.08,0,1.72,0,0,1.72,0,2.8,0,0,2.8,0,1.08,0,0,1.08,0,1.72,0,0,1.72,0,30,2,214.285714285714,0,0,0,0,0,0,0,0,0,0,0,0,0,0,0,4428.57142857143,0,0,0,0,0,0,60300.5952380952,0,60300.5952380952,0,49285.7142857143,32142.8571428571,81428.5714285714,1055913.21428571,0,0,1055913.21428571,393786.023809524,6440.79157738095,21365.8869821429,27806.6785595238,1133005.60713095,117296.119047619,1417556.38095238,109235.249988095,1526791.63094048,-1015709.48808333,511082.142857143,9.64285714285714,130.714285714286,86.7857142857143,36.0714285714286,32110.7142857143,316328.571428571,130178.571428571,32464.2857142857,0,0,0,0,0,0,0,0,0,0,0,0,0,0,25,24.6428571428571,0,0,8.57142857142857,0,58.2142857142857,0,0,0,0,0,0,0,0,0,49.2857142857143,0,0,0,0,0,0,0,0,8.57142857142857,0,0,0,0,0,0,0,0,0,0.357142857142857,16.75
4,0,0,0,0,0,0,0,0,0,0,0,38,2,296914,2,3.28,0,0,3.28,0,3.28,0,0,3.28,0,0,0,0,0,0,2.78,0,0,2.78,0,2.78,0,0,2.78,0,0,0,0,0,0,45.5,2,253.597122302158,0,0,0,0,0,0,0,0,0,0,0,0,0,0,0,16402.8776978417,0,0,8273.38129496403,0,0,0,26759.2925659472,0,26759.2925659472,36267.9856115108,17266.1870503597,0,17266.1870503597,519121.223021583,54768.345323741,0,573889.568345324,439385.882494005,12392.9494514388,12061.1014208633,24454.0508723022,560841.460944245,-363414.659472422,958507.105515587,41720.2379226619,1000227.34343825,-924256.120416667,75971.2230215827,0,39.568345323741,0,0,0,75971.2230215827,0,0,0,0,0,0,0,0,0,0,0,0,0,0,0,0,8.27338129496403,1.07913669064748,2.87769784172662,0,14.0287769784173,0,26.2589928057554,0,0,0,0,0,0,0,0,2.15827338129496,8.63309352517986,0,0,0,0,0,0,0,0,10.0719424460432,0,0,0,0,0,0,0,0,0,5.39568345323741,16.75
4,0,0,0,0,0,0,0,0,0,0,0,38,2,296914,2,3.39,0,0,3.39,0,0,0,0,0,0,3.39,0,0,3.39,0,2.6,0,0,2.6,0,0,0,0,0,0,2.6,0,0,2.6,0,22.75,2,123.076923076923,0,0,0,0,0,0,0,0,0,0,0,0,0,0,25000,9500,0,0,0,0,0,0,48053.2051282051,0,48053.2051282051,73858.9743589744,0,71923.0769230769,71923.0769230769,1056245.76923077,0,0,1056245.76923077,525249.256410256,16471.19125,21978.52725,38449.7185,1094695.48773077,458608.435897436,1509571.94871795,110372.795423077,1619944.74414103,-636087.051833333,983857.692307692,90.3846153846154,168.846153846154,121.923076923077,101.538461538462,300980.769230769,408607.692307692,182884.615384615,91384.6153846154,0,0,0,0,0,0,0,0,0,0,0,0,0,0,22.3076923076923,23.8461538461538,0,0,11.1538461538462,0,57.3076923076923,0,0,0,0,0,0,0,0,0,43.8461538461538,0,0,0,0,0,0,0,0,13.0769230769231,0,0,0,0,0,0,0,0,0,0.384615384615385,16.75
4,0,0,0,0,0,0,0,0,0,0,0,38,3,296914,2,3,0,0,3,0,3,0,0,3,0,0,0,0,0,0,3,0,0,3,0,3,0,0,3,0,0,0,0,0,0,22.75,2,206.666666666667,0,0,0,0,0,0,0,0,0,0,0,0,0,0,0,88333.3333333333,0,0,51666.6666666667,0,0,0,76865,39563.3333333333,116428.333333333,40011.1111111111,275000,0,275000,2694574.33333333,1414712,0,4109286.33333333,2008065.44444444,97053.7646,85623.1196166667,182676.884216667,3152251.21755,718321.222222222,4702639.77777778,457676.884216667,5160316.66199444,-2433929.99532778,2726386.66666667,182.666666666667,219.333333333333,0,0,2283333.33333333,443053.333333333,0,0,0,0,0,0,0,0,0,0,0,0,0,0,0,0,24.3333333333333,15.3333333333333,74.3333333333333,0,81.3333333333333,0,195.333333333333,9.66666666666667,0,0,0,0,0,0,0,0,46,0,0,0,0,0,9,0,0,130.666666666667,0,0,0,0,0,0,0,0,0,0,16.75
4,0,0,0,0,0,0,0,0,0,0,0,38,4,296914,2,18.9,0,0,18.9,0,5.13,0,0,5.13,0,13.77,0,0,13.77,0,13.5,0,0,13.5,0,5.13,0,0,5.13,0,8.37,0,0,8.37,0,33.8333333333333,2,136.740740740741,0,0,0,0,0,0,0,0,0,0,0,0,0,0,0,918.518518518518,0,0,0,0,0,0,8787.03703703704,0,8787.03703703704,15648.1481481481,21703.7037037037,23629.6296296296,45333.3333333333,178264.296296296,0,0,178264.296296296,345897.333333333,4470.14565432099,3610.53371851852,8080.67937283951,208048.679372839,-190833.62962963,500532,53414.0127061728,553946.012706173,-398882.309002469,155063.703703704,3.40740740740741,41.4074074074074,20.5185185185185,14.1481481481481,11346.6666666667,100205.925925926,30777.7777777778,12733.3333333333,0,0,0,0,0,0,0,0,0,0,0,0,0,0,4.14814814814815,4.07407407407407,0,0,1.55555555555556,0,9.77777777777778,0,0,0,0,0,0,0,0,0,8.14814814814815,0,0,0,0,0,0,0,0,1.55555555555556,0,0,0,0,0,0,0,0,0,0.0740740740740741,4.71428571428571
4,0,0,0,0,0,0,0,0,0,0,0,38,4,296914,2,5.6,0,0,5.6,0,5.6,0,0,5.6,0,0,0,0,0,0,5.6,0,0,5.6,0,5.6,0,0,5.6,0,0,0,0,0,0,30,2,166.071428571429,0,0,0,0,0,0,0,0,0,0,0,0,0,0,0,17821.4285714286,0,0,6785.71428571429,0,0,0,44692.2619047619,0,44692.2619047619,21434.5238095238,275000,0,275000,897059.642857143,0,0,897059.642857143,387647.928571429,9865.92096130952,18571.5857321429,28437.5066934524,1200497.1495506,275209.214285714,1284707.57142857,303437.506693452,1588145.07812202,-925287.935264881,662857.142857143,0,114.285714285714,0,0,0,662857.142857143,0,0,0,0,0,0,0,0,0,0,0,0,0,0,0,0,19.6428571428571,12.3214285714286,0,0,13.75,0,45.7142857142857,5.35714285714286,0,0,0,0,0,0,0,0,24.6428571428571,0,0,0,0,3.39285714285714,3.92857142857143,0,0,8.39285714285714,0,0,0,0,0,0,0,0,0,0,4.71428571428571
4,0,0,0,0,0,0,0,0,0,0,0,99,1,270258,2,1,0.3,0.7,0,0,1,0.3,0.7,0,0,0,0,0,0,0,1,0.3,0.7,0,0,1,0.3,0.7,0,0,0,0,0,0,0,26,2,70,0,0,0,0,0,0,0,0,0,0,0,0,0,0,11000,27300,0,0,0,0,0,0,945,1171.05263157895,2116.05263157895,0,202000,0,202000,526729,0,0,526729,310674.052631579,1941.48007368421,11385.33435,13326.8144236842,742055.814423684,-51474.0526315789,837403.052631579,215326.814423684,1052729.86705526,-793529.867055263,259200,0,27,0,0,0,259200,0,0,0,0,0,0,0,0,0,0,0,0,0,0,0,0,23,6,0,0,0,0,29,0,0,0,0,0,0,0,0,2,12,0,0,0,0,0,0,0,0,15,0,0,0,0,0,0,0,0,0,0,24.1111111111111
4,0,0,0,0,0,0,0,0,0,0,1057000,34,3,300789,1,3,0,0,3,0,3,0,0,3,0,0,0,0,0,0,3,0,0,3,0,3,0,0,3,0,0,0,0,0,0,25,2,733.333333333333,352333.333333333,0,352333.333333333,0,0,0,0,0,0,0,0,0,0,352333.333333333,14333.3333333333,44466.6666666667,1333.33333333333,0,0,0,0,19000,89713.8888888889,207708.333333333,297422.222222222,59211.1111111111,931666.666666667,0,931666.666666667,3203465.33333333,260666.666666667,0,3464132,1349555.66666667,378929.851083333,78496.3131333333,457426.164216667,4592558.16421667,4509971,4553021,1389092.83088333,5942113.83088333,-82587.1642166665,5859526.66666667,0,1218.66666666667,585,350.666666666667,0,4058160,1345500,455866.666666667,0,0,0,0,0,0,0,0,0,0,0,0,480,480,79,36.3333333333333,15.3333333333333,0,47.3333333333333,0,178,20,0,0,0,0,0,0,0,9,68.6666666666667,13.6666666666667,0,0,0,0,33,8.33333333333333,0,24.3333333333333,0,0,0,0,1,0,0,0,0,0,16.3541666666667
4,0,0,0,0,0,0,0,0,0,0,1149000,99,4,270258,2,12.35,0,0,12.35,0,0,0,0,0,0,12.35,0,0,12.35,0,5.7,0,0,5.7,0,0,0,0,0,0,5.7,0,0,5.7,0,6.83333333333333,2,213.157894736842,201578.947368421,0,201578.947368421,0,0,0,0,0,0,0,0,0,0,201578.947368421,0,5754.38596491228,3157.8947368421,0,0,0,0,154210.526315789,7575.14619883041,312.368421052632,7887.51461988304,3336.84210526316,0,59824.5614035088,59824.5614035088,274136.315789474,181228.070175439,11929.8245614035,467294.210526316,891984.630644039,1132.97690752924,16764.7186929825,17897.6956005117,299215.947997408,259989.93075947,1113478.32163743,77722.2570040205,1191200.57864145,-39226.0172379384,1151974.56140351,147.894736842105,152.280701754386,11.7543859649123,29.4736842105263,563880.175438597,533091.754385965,24132.8070175439,30869.8245614035,0,0,0,0,0,0,0,0,0,0,0,0,221.052631578947,221.052631578947,0.87719298245614,4.21052631578947,2.10526315789474,1.75438596491228,7.89473684210526,5.26315789473684,22.1052631578947,0,0,0,0,0,0,0,0,1.05263157894737,4.56140350877193,2.80701754385965,0,0,0,0,0,0,0,13.1578947368421,0,0,0,0,0.526315789473684,0,0,0,0,0,6.90909090909091
4,0,0,0,0,0,0,0,0,0,0,13500000,34,4,300789,2,6.5,0,0,0,6.5,6.5,0,0,0,6.5,0,0,0,0,0,6.5,0,0,0,6.5,6.5,0,0,0,6.5,0,0,0,0,0,16.5,2,387.692307692308,2076923.07692308,0,2076923.07692308,0,0,0,0,0,0,0,0,0,0,2076923.07692308,75846.1538461538,95323.0769230769,70769.2307692308,0,144153.846153846,0,0,0,714766.923076923,125865.604395604,840632.527472527,0,303538.461538462,0,303538.461538462,4043119.23076923,1255918.15384615,256461.538461538,5555498.92307692,4921138.69106045,153269.511947619,161573.0633,314842.575247619,4857178.18089047,-24717.1525989128,9159935.83516484,618381.036786081,9778316.87195092,-4881895.33348938,4896421.53846154,140.615384615385,562.461538461538,674.923076923077,372.153846153846,646830.769230769,2159852.30769231,1754800,334938.461538462,0,0,0,0,0,0,0,0,0,0,0,0,1503.07692307692,1503.07692307692,129.538461538462,37.3846153846154,30.6153846153846,28.7692307692308,41.3846153846154,0,267.692307692308,14.7692307692308,0,0,0,0,6.61538461538461,4.30769230769231,0,0,71.6923076923077,40.4615384615385,0,0,0,62.1538461538462,18.3076923076923,0,0,8.76923076923077,0,0,0,0,0,0,0,0,0,40.6153846153846,7.68421052631579
4,0,0,0,0,0,0,0,0,0,0,15505000,99,4,270258,1,22.1,0,0,22.1,0,22.1,0,0,22.1,0,0,0,0,0,0,20.4,0,0,20.4,0,20.4,0,0,20.4,0,0,0,0,0,0,22.8571428571429,2,155.392156862745,760049.019607843,0,760049.019607843,0,0,0,0,0,0,0,0,0,0,760049.019607843,111372.549019608,67137.2549019608,77598.0392156863,0,980.392156862745,0,0,0,22916.0130718954,76884.5238095238,99800.5368814192,181125.081699346,232745.098039216,0,232745.098039216,891124.264705882,2049512.59803922,241960.784313726,3182597.64705882,3786470.98061564,47716.0727198296,84624.6582745098,132340.730994339,1329533.36895947,4897373.28409025,4750918.52054155,365085.829033555,5116004.34957511,3567839.91513078,8683844.26470588,317.205882352941,655.294117647059,211.960784313725,60.4901960784314,2857877.45098039,4747818.62745098,977764.705882353,100383.480392157,0,0,0,0,0,0,0,0,0,0,0,0,1411.76470588235,1411.76470588235,20.0490196078431,7.5,60.2941176470588,40.343137254902,16.1274509803922,10.2450980392157,154.558823529412,0,0,0,0,0,3.13725490196078,8.13725490196079,0,18.9705882352941,51.5196078431373,13.4803921568627,0,0,0,0,44.5098039215686,0,0,14.8039215686275,0,0,0,0,0,0,0,0,0,0,2.42857142857143
4,0,0,0,0,0,0,0,0,0,0,1943000,34,3,300789,2,3,0,0,3,0,0,0,0,0,0,3,0,0,3,0,3,0,0,3,0,0,0,0,0,0,3,0,0,3,0,17.5,2,293.333333333333,647666.666666667,0,647666.666666667,0,0,0,0,0,0,0,0,0,0,647666.666666667,191666.666666667,324900,1333.33333333333,3666.66666666667,5000,0,0,171000,17802.7777777778,12441.5789473684,30244.3567251462,266722.222222222,0,53333.3333333333,53333.3333333333,4648251.66666667,949511,0,5597762.66666667,2945833.24561404,63070.5664181287,141244.702733333,204315.269151462,4852566.93581813,597916.754385965,7540751.57894737,257648.602484795,7798400.18143216,-4254650.18143216,3543750,170.666666666667,548.333333333333,450.666666666667,140.333333333333,989866.666666667,1661450,766133.333333333,126300,0,0,0,0,0,0,0,0,0,0,0,0,300,300,98.3333333333333,93.3333333333333,10,48.3333333333333,57,2,309,79.6666666666667,0,0,0,0,0,2.33333333333333,20.6666666666667,0,97.6666666666667,14.6666666666667,0,0,0,0,0,22.6666666666667,0,50.3333333333333,0,0,0,0,0,0,0,0,0,21,16.3541666666667
4,0,0,0,0,0,0,0,0,0,0,2052000,99,3,270258,2,3,0,0,3,0,3,0,0,3,0,0,0,0,0,0,3,0,0,3,0,3,0,0,3,0,0,0,0,0,0,28,2,316.666666666667,684000,0,684000,0,0,0,0,0,0,0,0,0,0,684000,126666.666666667,205600,31333.3333333333,0,4000,0,0,0,80241.6666666667,129714.857142857,209956.523809524,2561.11111111111,232333.333333333,0,232333.333333333,4783856.66666667,1717780.33333333,51666.6666666667,6553303.66666667,3265806.6817418,62655.7287375397,153238.808883333,215894.537620873,5270100.49079971,898241.3182582,8087679.3015873,448227.870954206,8535907.17254151,-4371859.17254151,4164048,336.333333333333,527.333333333333,281,43.6666666666667,1664646.66666667,1887911.66666667,564810,46679.6666666667,0,0,0,0,0,0,0,0,0,0,0,0,1320,1320,143.666666666667,41.3333333333333,56.6666666666667,29,58.6666666666667,0,329.333333333333,0,0,0,0,0,0,3.33333333333333,0,0,187.333333333333,22,0,0,0,0,102.666666666667,0,0,14,0,0,0,0,0,0,0,0,0,0,14.4444444444444
4,0,0,0,0,0,0,0,0,0,0,793000,99,4,270258,2,19.09,0,0,19.09,0,19.09,0,0,19.09,0,0,0,0,0,0,13.69,0,0,13.69,0,13.69,0,0,13.69,0,0,0,0,0,0,43,2,46.2381300219138,57925.4930606282,0,57925.4930606282,0,0,0,0,0,0,0,0,0,0,57925.4930606282,0,3060.62819576333,1314.82834185537,0,0,0,0,30094.9598246896,3914.5361577794,4307.55065164738,8222.08680942678,1389.33528122717,51716.5814463112,0,51716.5814463112,331537.545653762,73773.1190650109,8692.47626004383,414003.140978817,447620.622334548,6069.59502291338,10203.9408655953,16273.5358885087,406637.967492679,88318.8225157076,786268.472492407,67990.1173348199,854258.589827227,-318319.144976971,535939.444850256,56.5376186997809,82.7611395178963,18.5536888239591,3.14097881665449,223137.107377648,270808.108108108,37941.8553688824,4052.37399561724,0,0,0,0,0,0,0,0,0,0,0,0,65.7414170927684,65.7414170927684,5.98977355734112,10.445580715851,1.4609203798393,0.657414170927684,2.48356464572681,1.68005843681519,22.7173119065011,0,0,0,0,0,0,0,0,0.803506208911614,13.0021913805698,1.16873630387144,0,0,0,0,0,0,0,7.59678597516435,0,0,0,0,0.14609203798393,0,0,0,0,0,2.42857142857143
4,0,0,0,0,0,0,0,0,0,0,870000,34,2,300789,2,2.6,0,0,2.6,0,2.6,0,0,2.6,0,0,0,0,0,0,2.6,0,0,2.6,0,2.6,0,0,2.6,0,0,0,0,0,0,25.6666666666667,2,307.692307692308,334615.384615385,0,334615.384615385,0,0,0,0,0,0,0,0,0,0,334615.384615385,12307.6923076923,16461.5384615385,0,14230.7692307692,6923.07692307692,0,0,32692.3076923077,67892.6282051282,10842.3076923077,78734.9358974359,25009.6153846154,427307.692307692,0,427307.692307692,1236411.15384615,1070385,22307.6923076923,2329103.84615385,1902500.39518015,28597.3223958333,55338.6425,83935.9648958333,1759611.42869004,-955342.702872457,3150868.16666667,511243.657203526,3662111.82387019,-2714954.1315625,947157.692307692,70.3846153846154,70.3846153846154,209.230769230769,88.8461538461538,284353.846153846,206226.923076923,376615.384615385,79961.5384615385,0,0,0,0,0,0,0,0,0,0,0,0,276.923076923077,276.923076923077,31.9230769230769,19.2307692307692,40.3846153846154,9.61538461538461,13.8461538461538,7.30769230769231,122.307692307692,0,0,0,0,0,0,0,0,0,75.3846153846154,12.6923076923077,0,0,0,0,13.8461538461538,0,0,14.2307692307692,0,0,0,0,0,0,0,0,0,6.15384615384615,16.3541666666667
4,0,0,0,0,0,0,0,0,0,0,9715000,34,4,300789,2,13.5,0,0,13.5,0,13.5,0,0,13.5,0,0,0,0,0,0,13.5,0,0,13.5,0,13.5,0,0,13.5,0,0,0,0,0,0,31,2,333.333333333333,719629.62962963,0,719629.62962963,0,0,0,0,0,0,0,0,0,0,719629.62962963,0,66140.7407407407,296.296296296296,814.814814814815,27407.4074074074,0,0,46592.5925925926,97102.8395061729,40003.1851851852,137106.024691358,46234.5679012346,299481.481481481,0,299481.481481481,1330168.22222222,447634.962962963,54888.8888888889,1832692.07407407,1806466.56900008,58945.0979962963,54275.5071444444,113220.605140741,1783938.66577029,-1097871.75418527,3177703.14814815,412702.086622222,3590405.23477037,-2881810.41995556,708594.814814815,67.7037037037037,70.4444444444444,52,15.6296296296296,392681.481481481,213446.666666667,88400,14066.6666666667,0,0,0,0,0,0,0,0,0,0,0,0,333.333333333333,333.333333333333,24.7407407407407,26.1481481481481,23.1851851851852,2.37037037037037,19.3333333333333,0,95.7777777777778,31.7777777777778,0,0,0,0,0,0,0,0,31.1851851851852,14.6666666666667,0,0,0,0,0,5.03703703703704,0,0,0,0,0,0,0,0,0,0,0,13.1111111111111,1.6875
4,0,0,0,0,0,0,0,0,0,0,9715000,34,4,300789,2,29.5,0,0,29.5,0,0,0,0,0,0,29.5,0,0,29.5,0,15,0,0,15,0,0,0,0,0,0,15,0,0,15,0,28,2,200,647666.666666667,0,647666.666666667,0,0,0,0,0,0,0,0,0,0,647666.666666667,22000,23553.3333333333,0,14466.6666666667,2000,0,0,51133.3333333333,39287.2222222222,3382.6,42669.8222222222,20280,0,83600,83600,732632.666666667,767566.666666667,14800,1514999.33333333,1983297.80705639,12598.1849254444,45857.7595666667,58455.9444921111,798316.292991281,-306510.473723052,2639558.15555556,142055.944492111,2781614.10004767,-1104826.76671433,1676787.33333333,45.7333333333333,184.6,356.8,175.333333333333,175616,540878,784960,175333.333333333,0,0,0,0,0,0,0,0,0,0,0,0,600,600,12.1333333333333,11.3333333333333,22.9333333333333,6.06666666666667,13.4666666666667,11.6,77.5333333333333,0,0,0,0,0,0,1.86666666666667,0,0,41.2,7.33333333333333,0,0,0,0,0,0,0,15.0666666666667,0,0,0,0,0.8,0,0,0,0,11.2666666666667,1.6875
4,0,0,0,0,0,0,1381000,0,0,0,0,36,2,284173,2,2.01,0,0,2.01,0,0,0,0,0,0,2.01,0,0,2.01,0,2.01,0,0,2.01,0,0,0,0,0,0,2.01,0,0,2.01,0,17.25,2,308.457711442786,687064.676616916,0,687064.676616916,0,0,0,0,0,0,687064.676616916,0,0,0,0,4477.61194029851,14029.8507462687,0,0,9950.24875621891,0,0,0,216985.074626866,34014.1791044776,250999.253731343,214975.124378109,0,104477.611940299,104477.611940299,2410172.63681592,0,0,2410172.63681592,1570147.37810945,80713.549092869,62982.7547512438,143696.303844113,2553868.94066003,2055922.27363184,3875842.40298507,248173.915784411,4124016.31876949,-497946.667028192,3626069.65174129,322.885572139304,240.796019900498,100.497512437811,4.97512437810945,2195621.89054726,1155820.89552239,271641.791044776,2985.07462686567,0,0,0,0,0,0,0,0,4975.12437810945,0,0,0,0,4975.12437810945,73.134328358209,52.7363184079602,0,0,9.45273631840796,0,135.323383084577,0,0,0,0,0,0,0,0,18.9054726368159,72.636815920398,13.9303482587065,0,0,0,1.99004975124378,16.4179104477612,0,0,11.4427860696517,0,0,0,0,0,0,0,0,0,0,36.5555555555556
4,0,0,0,0,0,0,23000,0,0,0,0,99,1,270258,2,1,0,1,0,0,1,0,1,0,0,0,0,0,0,0,1,0,1,0,0,1,0,1,0,0,0,0,0,0,0,51,2,30,23000,0,23000,0,0,0,0,0,0,23000,0,0,0,0,0,18200,0,0,0,0,0,0,0,1639.73684210526,1639.73684210526,0,101000,0,101000,272311,0,0,272311,313097.736842105,2489.28613973684,6317.24665,8806.53278973684,382117.532789737,-31497.7368421053,585408.736842105,109806.532789737,695215.269631842,-413615.269631842,281600,0,18,17,0,0,172800,108800,0,0,0,0,0,0,0,0,0,100,0,0,0,0,100,12,3,0,0,0,0,15,0,0,0,0,0,0,0,0,2,7,4,0,0,0,0,0,0,0,2,0,0,0,0,0,0,0,0,0,0,24.1111111111111
4,0,0,0,0,0,0,394000,0,0,0,0,36,4,284173,2,5.87,0,0,5.87,0,5.87,0,0,5.87,0,0,0,0,0,0,5.67,0,0,5.67,0,5.67,0,0,5.67,0,0,0,0,0,0,16,2,197.530864197531,69488.5361552028,0,69488.5361552028,0,0,0,0,0,0,69488.5361552028,0,0,0,0,0,113403.880070547,2645.50264550265,0,12345.6790123457,0,0,7231.0405643739,72628.4538506761,79202.4514310228,151830.905281699,10158.7301587302,43386.2433862434,0,43386.2433862434,3410068.4303351,73845.5026455026,0,3483913.9329806,725122.776533903,57998.1865007842,74333.9257142857,132332.11221507,3585786.78593641,670538.599127472,4135191.206869,175718.355601313,4310909.56247031,-2915248.18680894,1395661.37566138,0,0,634.391534391534,0,0,0,1395661.37566138,0,0,0,0,0,0,0,0,0,881.834215167548,0,0,0,0,881.834215167548,94.8853615520282,6.87830687830688,3.88007054673721,0,61.5520282186949,0,167.195767195767,0,0,0,0,0,0,0,1.23456790123457,0,30.1587301587302,36.1552028218695,0,0,0,32.9805996472663,0,0,0,53.2627865961199,0,0,0,0,13.4038800705467,0,0,0,0,0,15.5454545454545
4,0,0,0,0,0,0,66000,0,0,0,0,34,3,300789,1,4,0,0,4,0,0,0,0,0,0,4,0,0,4,0,4,0,0,4,0,0,0,0,0,0,4,0,0,4,0,43.5,1,387.5,16500,0,16500,0,0,0,0,0,0,16500,0,0,0,0,0,14150,0,0,0,0,0,0,7895,23267.3026315789,31162.3026315789,0,0,128000,128000,1962576.75,42750,0,2005326.75,533351.302631579,29293.4452174342,41024.9315125,70318.3767299342,2032895.12672993,3666312.19736842,2367928.05263158,198318.376729934,2566246.42936151,1633417.07063849,4199663.5,342.75,502.75,456.5,131.5,1535520,1764257.5,776050,123836,0,0,0,0,0,0,0,0,250,0,0,0,0,250,103.75,0,2.25,0,0,0,106,0,0,0,0,0,0,0,0,9,36.75,5.25,0,0,0,0,44.25,6.25,0,0,0,0,0,0,0,0,0,0,0,4.5,16.3541666666667
4,0,0,0,0,0,0,710000,0,0,0,0,99,2,270258,1,2.64,0,0,2.64,0,2.64,0,0,2.64,0,0,0,0,0,0,2.64,0,0,2.64,0,2.64,0,0,2.64,0,0,0,0,0,0,51,2,378.787878787879,268939.393939394,0,268939.393939394,0,0,0,0,0,0,268939.393939394,0,0,0,0,0,10340.9090909091,0,0,0,0,0,0,22438.7626262626,0,22438.7626262626,0,306060.606060606,0,306060.606060606,872510.606060606,778787.878787879,0,1651298.48484849,1350764.94444444,4208.77273358586,38901.1625757576,43109.9353093434,1221681.14743056,3487075.96464647,2223275.55050505,349170.54136995,2572446.091875,2265394.81721591,4837840.90909091,0,450,166.287878787879,0,0,4122803.03030303,715037.878787879,0,0,0,0,0,0,0,0,0,1363.63636363636,0,0,0,0,1363.63636363636,45.8333333333333,0,34.469696969697,0,0,0,80.3030303030303,0,0,0,0,0,0,0,0,8.71212121212121,67.0454545454545,0,0,0,0,0,0,0,0,3.03030303030303,0,0,0,0,1.51515151515152,0,0,0,0,0,14.4444444444444
4,0,0,0,0,0,0,79000,0,0,0,0,34,1,300789,2,1.7,0,0,1.7,0,1.7,0,0,1.7,0,0,0,0,0,0,1.6,0,0,1.6,0,1.6,0,0,1.6,0,0,0,0,0,0,26.3333333333333,2,406.25,49375,0,49375,0,0,0,0,0,0,49375,0,0,0,0,11875,31562.5,56875,0,0,0,0,31250,163337.5,8160,171497.5,0,560000,0,560000,2717886.25,0,0,2717886.25,653224,22197.5405708333,58411.2985625,80608.8391333333,3358495.08913333,1629907.25,3371110.25,640608.839133333,4011719.08913333,-1728587.83913333,2283131.25,0,685.625,0,0,0,2283131.25,0,0,0,0,0,0,0,0,0,0,375,0,0,0,0,375,70,73.125,0,0,11.875,0,155,0,0,0,0,0,0,1.875,5,8.125,93.125,8.75,0,0,0,18.125,6.875,0,0,11.875,0,0,0,0,1.25,0,0,0,0,0,28.2903225806452
4,0,0,0,0,0,626000,0,0,0,0,0,34,4,300789,2,7,0,0,7,0,7,0,0,7,0,0,0,0,0,0,5.6,0,0,5.6,0,5.6,0,0,5.6,0,0,0,0,0,0,14.5,1,285.714285714286,111785.714285714,111785.714285714,0,0,0,0,0,0,111785.714285714,0,0,0,0,0,36250,12107.1428571429,0,0,0,0,0,7321.42857142857,18059.5238095238,1271.78571428571,19331.3095238095,30866.0714285714,241785.714285714,0,241785.714285714,1153624.64285714,0,0,1153624.64285714,518450.666666667,9924.590325,26619.9419107143,36544.5322357143,1431954.88937857,2240010.04761905,1672075.30952381,278330.246521429,1950405.55604524,808055.158240476,2758460.71428571,0,538.571428571429,313.392857142857,187.857142857143,0,1793442.85714286,720803.571428571,244214.285714286,0,0,0,0,0,0,282.142857142857,282.142857142857,0,0,0,0,0,0,31.25,20,0,0,10.5357142857143,0,61.7857142857143,2.14285714285714,0,0,0,0,0,0.892857142857143,0,3.21428571428571,34.6428571428571,2.5,0,0,0,3.03571428571429,6.25,0,0,8.39285714285714,0,0,0,0,0.714285714285714,0,0,0,0,0,7.68421052631579
4,0,0,0,1040000,0,0,0,0,0,0,0,34,4,300789,2,5.51,0,0,5.51,0,5.51,0,0,5.51,0,0,0,0,0,0,5.51,0,0,5.51,0,5.51,0,0,5.51,0,0,0,0,0,0,25,2,190.562613430127,188747.731397459,188747.731397459,0,0,0,0,188747.731397459,0,0,0,0,0,0,0,51905.6261343013,100036.297640653,0,0,35390.1996370236,0,0,0,112766.182698125,4846.82395644283,117613.006654567,108923.16999395,97640.6533575318,0,97640.6533575318,2437578.76588022,35753.1760435572,7078.03992740472,2480409.98185118,939260.523896364,35400.8480958863,57558.2702087114,92959.1183045977,2635154.2610749,2203425.50151198,3383815.01330914,190599.771662129,3574414.78497126,-431728.759562916,3142686.02540835,308.529945553539,436.479128856624,138.294010889292,0,1277313.97459165,1588784.02903811,276588.021778584,0,0,0,0,0,313.974591651543,0,0,313.974591651543,0,0,0,0,0,0,49.546279491833,38.475499092559,0,0,37.2050816696915,1.4519056261343,126.678765880218,0,0,0,0,0,0,2.54083484573503,0,0,74.4101633393829,3.99274047186933,0,0,0,0,7.98548094373866,3.62976406533575,0,34.1197822141561,0,0,0,0,0,0,0,0,0,0,7.68421052631579
4,0,0,0,108000,0,0,0,0,0,0,0,34,1,300789,2,1,0.25,0.25,0.5,0,1,0.25,0.25,0.5,0,0,0,0,0,0,1,0.25,0.25,0.5,0,1,0.25,0.25,0.5,0,0,0,0,0,0,3.33333333333333,2,250,108000,108000,0,0,0,0,108000,0,0,0,0,0,0,0,70000,51500,0,0,30000,0,0,0,194591.25,10149,204740.25,205325,610000,0,610000,3174677,0,0,3174677,970354.25,94238.6737554167,69198.66655,163437.340305417,3948114.34030542,-855350.25,4145031.25,773437.340305417,4918468.59030542,-4803464.59030542,115004,0,0,36,43,0,0,72864,42140,0,0,0,0,90,0,0,90,0,0,0,0,0,0,73,18,0,0,62,0,153,0,0,0,0,0,0,14,0,0,22,11,0,0,0,0,88,0,0,18,0,0,0,0,0,0,0,0,0,0,28.2903225806452
4,0,0,0,108000,0,0,0,0,0,0,0,38,2,296914,2,2.8,0,0,2.8,0,2.8,0,0,2.8,0,0,0,0,0,0,2.73,0,0,2.73,0,2.73,0,0,2.73,0,0,0,0,0,0,30.3333333333333,2,104.395604395604,39560.4395604396,39560.4395604396,0,0,0,0,39560.4395604396,0,0,0,0,0,0,0,0,24945.0549450549,0,0,10989.010989011,0,0,0,6444.44444444445,3043.22344322344,9487.66788766789,110796.703296703,359340.659340659,0,359340.659340659,1727221.61172161,0,0,1727221.61172161,492692.876678877,24950.0810873016,36324.7297619048,61274.8108492063,2147837.08191148,392816.280830281,2219914.48840049,420615.470189866,2640529.95859035,-1755020.8010812,885509.157509158,100.3663003663,170.695970695971,31.8681318681319,0,365333.333333333,466000,54175.8241758241,0,0,0,0,0,51.2820512820513,0,0,51.2820512820513,0,0,0,0,0,0,39.1941391941392,16.4835164835165,0,0,30.03663003663,0,85.7142857142857,0,0,0,0,0,0,0,0,8.05860805860806,24.9084249084249,4.02930402930403,0,0,0,16.4835164835165,2.1978021978022,0,0,30.03663003663,0,0,0,0,0,0,0,0,0,0,16.75
4,0,0,0,108000,0,0,0,0,0,0,0,38,2,296914,2,3.6,0,0,3.6,0,3.6,0,0,3.6,0,0,0,0,0,0,2.7,0,0,2.7,0,2.7,0,0,2.7,0,0,0,0,0,0,29.25,2,136.666666666667,40000,40000,0,0,0,0,40000,0,0,0,0,0,0,0,0,14333.3333333333,0,0,1851.85185185185,0,0,0,29181.1728395062,0,29181.1728395062,0,483333.333333333,0,483333.333333333,580561.851851852,0,0,580561.851851852,382280.358024691,4240.55661651235,12830.4527962963,17071.0094128086,1080966.19459799,-115613.691358025,962842.209876543,500404.342746142,1463246.55262269,-1196579.88595602,266666.666666667,0,138.888888888889,0,0,0,266666.666666667,0,0,0,0,0,0,51.8518518518519,0,0,51.8518518518519,0,0,0,0,0,0,9.62962962962963,9.62962962962963,0,0,10.3703703703704,0,29.6296296296296,0,0,0,0,0,0,0,0,6.66666666666667,4.44444444444444,8.14814814814815,0,0,0,0,0,0,0,10.3703703703704,0,0,0,0,0,0,0,0,0,0,16.75
4,0,0,0,1083000,0,0,0,0,0,0,0,34,3,300789,1,3.64,0.14,0,3.5,0,0.14,0.14,0,0,0,3.5,0,0,3.5,0,3.64,0.14,0,3.5,0,0.14,0.14,0,0,0,3.5,0,0,3.5,0,2.66666666666667,2,439.56043956044,297527.472527473,297527.472527473,0,0,0,0,297527.472527473,0,0,0,0,0,0,0,23626.3736263736,19780.2197802198,3296.7032967033,40934.0659340659,5769.23076923077,0,0,180769.230769231,51114.4688644688,0,51114.4688644688,52229.8534798535,14010.989010989,184065.934065934,198076.923076923,2716017.30769231,263623.076923077,0,2979640.38461538,1423525.63003663,25295.7425892857,71559.5751785714,96855.3177678571,2826883.61447115,6685163.93040293,3955477.003663,294932.24084478,4250409.24450778,3858280.31593178,8108689.56043956,1129.94505494505,650.274725274725,525.549450549451,448.076923076923,4338989.01098901,2165414.83516484,1156208.79120879,448076.923076923,0,0,0,0,239.010989010989,0,0,239.010989010989,0,0,0,0,0,0,62.9120879120879,39.010989010989,14.010989010989,0,37.9120879120879,0,153.846153846154,0,0,0,0,0,0,5.76923076923077,0,0,63.1868131868132,6.04395604395604,0,0,0,0,29.1208791208791,7.41758241758242,0,25.8241758241758,0,0,0,0,3.2967032967033,0,0,0,0,13.1868131868132,16.3541666666667
4,0,0,0,1083000,0,0,0,0,0,0,902000,34,2,300789,2,2.71,0,0,2.71,0,0,0,0,0,0,2.71,0,0,2.71,0,2.71,0,0,2.71,0,0,0,0,0,0,2.71,0,0,2.71,0,27.4,2,173.431734317343,732472.324723247,399630.996309963,332841.328413284,0,0,0,399630.996309963,0,0,0,0,0,0,332841.328413284,139483.394833948,32214.0221402214,8487.08487084871,42804.4280442804,12915.1291512915,0,0,335793.357933579,686373.001230012,11389.8815303943,697762.882760406,144526.445264453,0,398523.985239852,398523.985239852,2383595.94095941,1541957.93357934,46494.4649446494,3972048.3394834,4405993.01877369,196515.378096475,106315.794335793,302831.172432268,2714658.5481041,1610888.9000455,6419296.40920567,701355.157672121,7120651.56687779,-1103769.6480586,6016881.91881919,240.221402214022,1069.0036900369,705.90405904059,621.033210332103,922450.184501845,3132180.81180812,1341217.71217712,621033.210332103,0,0,0,0,321.033210332103,0,0,321.033210332103,0,0,0,0,265.682656826568,265.682656826568,43.1734317343173,19.1881918819188,35.0553505535055,8.48708487084871,52.0295202952029,26.1992619926199,184.132841328413,0,0,0,0,0,0,5.16605166051661,0,0,30.2583025830258,24.3542435424354,0,0,0,0,48.7084870848708,9.59409594095941,0,39.8523985239852,0,0,0,0,4.4280442804428,0,0,0,0,21.7712177121771,16.3541666666667
4,0,0,0,1127000,0,0,0,0,0,0,0,34,3,300789,1,4,0,0,4,0,0,0,0,0,0,4,0,0,4,0,4,0,0,4,0,0,0,0,0,0,4,0,0,4,0,25,1,275,281750,281750,0,0,0,0,281750,0,0,0,0,0,0,0,56250,56550,0,11000,18000,266750,585500,39000,59516.6666666667,8012.25,67528.9166666667,150041.666666667,0,325000,325000,3004141.25,1142692,185500,4332333.25,3351967.54416923,34392.18170375,113789.7349875,148181.91669125,3286707.20585535,3323194.95583077,6165492.83333333,473181.91669125,6638674.75002458,36487.7499754158,6675162.5,730.25,981.25,163.5,35.75,3359150,2973187.5,310650,32175,317.5,0,0,0,470,0,0,470,0,0,0,0,0,0,57.25,50.5,21.5,29,47.25,17.25,222.75,0,0,0,0,0,1,0,0,19,106.5,11,0,0,0,0,44,0,0,28.25,0,0,0,0,4.75,0,0,0,0,8.25,16.3541666666667
4,0,0,0,1300000,0,0,0,0,0,0,0,34,2,300789,2,2.6,0,0,2.6,0,0,0,0,0,0,2.6,0,0,2.6,0,2.6,0,0,2.6,0,0,0,0,0,0,2.6,0,0,2.6,0,32,2,307.692307692308,500000,500000,0,0,0,0,500000,0,0,0,0,0,0,0,66153.8461538462,89884.6153846154,0,10769.2307692308,18076.9230769231,0,132307.692307692,33461.5384615385,40452.5641025641,5478.46153846154,45931.0256410256,297298.076923077,0,293076.923076923,293076.923076923,4114281.15384615,1284686.92307692,56923.0769230769,5455891.15384615,3085980.66705894,33689.5202166667,127076.88175,160766.401966667,4318425.76054876,-254230.667058936,6950563.1025641,453843.32504359,7404406.42760769,-4572656.42760769,2831750,246.153846153846,551.923076923077,67.6923076923077,40.3846153846154,994461.538461539,1672326.92307692,128615.384615385,36346.1538461539,153.846153846154,0,0,0,553.846153846154,0,0,553.846153846154,0,0,0,0,0,0,103.846153846154,45.7692307692308,26.5384615384615,25.7692307692308,59.2307692307692,15.3846153846154,276.538461538462,0,0,0,0,0,0,1.92307692307692,0,3.46153846153846,156.153846153846,16.9230769230769,0,0,0,25,31.9230769230769,0,0,36.1538461538462,0,0,0,0,4.61538461538462,0,0,0,0,0.384615384615385,16.3541666666667
4,0,0,0,1358000,0,0,0,0,0,0,0,34,2,300789,2,2.6,0,0,2.6,0,0,0,0,0,0,2.6,0,0,2.6,0,2.6,0,0,2.6,0,0,0,0,0,0,2.6,0,0,2.6,0,11.5,2,326.923076923077,522307.692307692,522307.692307692,0,0,0,0,522307.692307692,0,0,0,0,0,0,0,16538.4615384615,108461.538461538,0,8846.15384615385,20769.2307692308,0,0,13461.5384615385,32880.7692307692,3423.46153846154,36304.2307692308,69250,0,250000,250000,2757740.38461538,377578.461538462,0,3135318.84615385,1724306.30769231,24886.628725,77087.92475,101974.553475,2859714.93809038,54420.6153846154,4232046.69230769,351974.553475,4584021.24578269,-2805294.32270577,1778726.92307692,144.230769230769,312.692307692308,107.692307692308,48.8461538461538,582692.307692308,947457.692307692,204615.384615385,43961.5384615385,300,0,0,0,446.153846153846,0,0,446.153846153846,0,0,0,0,0,0,74.2307692307692,42.3076923076923,4.61538461538461,19.2307692307692,28.8461538461538,0,169.230769230769,0,0,0,0,0,0,0,0,0,123.076923076923,12.6923076923077,0,0,0,0,0,0,0,28.8461538461538,0,0,0,0,4.23076923076923,0,0,0,0,0.384615384615385,16.3541666666667
4,0,0,0,139000,0,0,0,0,0,0,0,34,1,300789,2,1,0,0,1,0,0,0,0,0,0,1,0,0,1,0,1,0,0,1,0,0,0,0,0,0,1,0,0,1,0,21,2,500,139000,139000,0,0,0,0,139000,0,0,0,0,0,0,0,60000,318800,0,17000,0,0,0,687000,67823.3333333333,24519.1052631579,92342.4385964912,240066.666666667,0,163000,163000,4384403,0,0,4384403,2017998.10526316,96764.2045397369,112964.99045,209729.194989737,4594132.19498974,-331038.105263158,6239401.10526316,372729.194989737,6612130.30025289,-4925170.30025289,1686960,91,274,176,211,367640,830220,299200,189900,0,0,0,0,220,0,0,220,0,0,0,0,0,0,112,91,0,0,36,0,239,10,0,0,0,0,0,0,0,0,182,11,0,0,0,0,0,0,0,24,0,0,0,0,0,0,0,0,0,12,28.2903225806452
4,0,0,0,144000,0,0,0,0,0,0,0,38,1,296914,2,1.73,0,0,1.73,0,1.73,0,0,1.73,0,0,0,0,0,0,1.73,0,0,1.73,0,1.73,0,0,1.73,0,0,0,0,0,0,17,2,277.456647398844,83236.9942196532,83236.9942196532,0,0,0,0,83236.9942196532,0,0,0,0,0,0,0,0,45895.9537572254,0,0,21387.2832369942,0,0,0,35593.4489402698,0,35593.4489402698,0,275722.543352601,0,275722.543352601,2707667.05202312,1122879.19075145,38150.289017341,3868696.53179191,1617090.17556861,-3041.54737957611,80987.2177745665,77945.6703949904,3088302.25012504,50603.4660498916,4351724.21194605,353668.213747591,4705392.42569364,-3037698.78407514,1667693.6416185,0,634.104046242775,0,0,0,1667693.6416185,0,0,0,0,0,0,80.9248554913295,0,0,80.9248554913295,0,0,0,0,0,0,21.9653179190751,80.9248554913295,17.3410404624277,42.1965317919075,43.9306358381503,6.35838150289017,212.71676300578,17.9190751445087,0,0,0,0,0,0,0,0,105.780346820809,9.2485549132948,0,0,0,34.6820809248555,12.7167630057803,0,0,32.3699421965318,0,0,0,0,0,0,0,0,0,0,32.1666666666667
4,0,0,0,1444000,0,0,0,0,0,0,0,34,3,300789,2,3.84,0,3.84,0,0,3.84,0,3.84,0,0,0,0,0,0,0,3.84,0,3.84,0,0,3.84,0,3.84,0,0,0,0,0,0,0,23,2,526.041666666667,376041.666666667,376041.666666667,0,0,0,0,376041.666666667,0,0,0,0,0,0,0,0,26354.1666666667,3125,29947.9166666667,7812.5,0,0,90885.4166666667,89147.1354166667,51193.5307017544,140340.666118421,0,341927.083333333,0,341927.083333333,2780010.67708333,1203148.17708333,0,3983158.85416667,2178444.50986842,112323.307574356,91024.1092447917,203347.416819148,3325285.17723581,1860628.40679825,4958455.18695175,545274.500152481,5503729.68710424,-1464656.77043757,4039072.91666667,357.03125,714.0625,125.78125,13.8020833333333,1371000,2377828.125,276718.75,13526.0416666667,0,0,0,0,302.083333333333,0,0,302.083333333333,0,0,0,0,0,0,71.6145833333333,24.4791666666667,19.2708333333333,17.96875,42.7083333333333,22.65625,198.697916666667,0,0,0,0,0,0,0,0,0,64.5833333333333,5.72916666666667,0,0,0,7.8125,34.375,7.03125,0,58.8541666666667,0,0,0,0,0,0,0,0,0,20.3125,16.3541666666667
4,0,0,0,1462000,0,0,0,0,0,0,0,34,3,300789,2,3.97,0,0,3.97,0,3.97,0,0,3.97,0,0,0,0,0,0,3.97,0,0,3.97,0,3.97,0,0,3.97,0,0,0,0,0,0,14.3333333333333,2,345.088161209068,368261.964735516,368261.964735516,0,0,0,0,368261.964735516,0,0,0,0,0,0,0,84382.8715365239,218816.120906801,22921.9143576826,13350.1259445844,14861.4609571788,460957.17884131,0,38035.2644836272,42274.5591939547,4857.68261964735,47132.241813602,151175.482787573,606549.118387909,0,606549.118387909,3743420.65491184,1312342.56926952,111838.79093199,5167602.01511335,3062056.59118996,22102.8226154492,128742.156675063,150844.979290512,4583623.14796621,-803907.976580393,6888285.64147775,757394.097678421,7645679.73915617,-5387531.1245466,2258148.61460957,138.035264483627,425.944584382872,176.826196473552,82.1158690176322,557662.468513854,1290612.0906801,335969.773299748,73904.282115869,125.944584382872,0,0,0,546.599496221662,0,0,546.599496221662,0,0,0,0,0,0,51.6372795969773,43.3249370277078,0,0,85.8942065491184,56.4231738035264,237.27959697733,0,0,0,0,0,1.00755667506297,16.3727959697733,5.2896725440806,0.503778337531486,64.735516372796,16.624685138539,0,0,0,15.1133501259446,62.2166246851385,0,0,52.1410579345088,0,0,0,0,3.02267002518892,0,0,0,0,0.251889168765743,16.3541666666667
4,0,0,0,1479000,0,774000,657000,0,0,0,0,34,4,300789,1,5.6,0,0,5.6,0,5.6,0,0,5.6,0,0,0,0,0,0,5.6,0,0,5.6,0,5.6,0,0,5.6,0,0,0,0,0,0,21,2,285.714285714286,519642.857142857,402321.428571429,117321.428571429,0,0,0,264107.142857143,0,138214.285714286,117321.428571429,0,0,0,0,96964.2857142857,125267.857142857,0,3928.57142857143,1785.71428571429,0,0,115357.142857143,55480.3571428571,15093.3834586466,70573.7406015038,107172.619047619,180714.285714286,0,180714.285714286,4664139.82142857,915324.107142857,92678.5714285714,5672142.5,2272010.03176973,47361.7842261278,131682.041910714,179043.826136842,5101372.36830195,3939525.68251599,7013624.28822055,359758.111851128,7373382.40007168,-1161846.68578597,6211535.71428571,391.785714285714,1142.5,626.785714285714,112.678571428571,1582814.28571429,3461775,1065535.71428571,101410.714285714,0,0,0,0,412.5,0,141.071428571429,553.571428571429,892.857142857143,0,0,0,0,892.857142857143,61.6071428571429,116.071428571429,7.5,49.4642857142857,72.1428571428572,0,306.785714285714,102.5,0,0,0,0,0,25,18.5714285714286,0,79.8214285714286,47.1428571428571,0,0,0,0,0,0,0,33.5714285714286,0,0,0,0,0,0,0,0,0,0.178571428571429,7.68421052631579
4,0,0,0,162000,0,0,0,0,0,0,0,38,1,296914,2,2,0,0,2,0,2,0,0,2,0,0,0,0,0,0,1.34,0,0,1.34,0,1.34,0,0,1.34,0,0,0,0,0,0,28.6666666666667,2,57.4626865671642,120895.52238806,120895.52238806,0,0,0,0,120895.52238806,0,0,0,0,0,0,0,0,4328.35820895522,0,0,6716.41791044776,0,0,0,93237.5621890547,0,93237.5621890547,0,302238.805970149,0,302238.805970149,2338437.31343284,0,0,2338437.31343284,522091.860696517,11264.9477238806,49778.108880597,61043.0566044776,2701719.17600746,-285673.950248756,2860529.17412935,363281.862574627,3223811.03670398,-2987393.12625622,236417.910447761,0,123.134328358209,0,0,0,236417.910447761,0,0,0,0,0,0,164.179104477612,0,0,164.179104477612,0,0,0,0,0,0,0,133.582089552239,0,0,14.1791044776119,0,147.761194029851,0,0,0,0,0,0,0,0,6.71641791044776,34.3283582089552,11.9402985074627,0,0,0,54.4776119402985,0,0,0,40.2985074626866,0,0,0,0,0,0,0,0,0,0,32.1666666666667
4,0,0,0,166000,0,0,0,0,0,0,342000,38,2,296914,2,4.3,0,0,4.3,0,4.3,0,0,4.3,0,0,0,0,0,0,2.86,0,0,2.86,0,2.86,0,0,2.86,0,0,0,0,0,0,18.4545454545455,2,206.293706293706,177622.377622378,58041.958041958,119580.41958042,0,0,0,58041.958041958,0,0,0,0,0,0,119580.41958042,0,74020.979020979,26573.4265734266,0,18181.8181818182,0,0,0,61248.8344988345,0,61248.8344988345,151083.916083916,313286.713286713,0,313286.713286713,3245388.11188811,0,0,3245388.11188811,805645.351981352,25819.8189772727,71367.0022727273,97186.82125,3655861.64642482,842854.648018648,4051033.46386946,410473.534536713,4461506.99840618,-2813006.99840618,1648500,0,603.846153846154,0,0,0,1648500,0,0,0,0,0,0,48.9510489510489,0,0,48.9510489510489,0,0,0,0,125.874125874126,125.874125874126,61.5384615384615,47.9020979020979,0,0,55.2447552447552,0,164.685314685315,10.1398601398601,0,0,0,0,0,0,3.4965034965035,0,95.8041958041958,7.69230769230769,0,0,0,0,0,2.44755244755245,0,45.1048951048951,0,0,0,0,0,0,0,0,0,0,16.75
4,0,0,0,173000,0,0,0,0,0,0,0,34,1,300789,2,1,0,0,1,0,0,0,0,0,0,1,0,0,1,0,1,0,0,1,0,0,0,0,0,0,1,0,0,1,0,31,2,230,173000,173000,0,0,0,0,173000,0,0,0,0,0,0,0,0,109300,0,0,49000,0,0,0,488858.333333333,0,488858.333333333,0,0,87000,87000,5905825,0,0,5905825,1207947.33333333,-21867.28375,125678.06875,103810.785,6009635.785,-548307.333333333,7026772.33333333,190810.785,7217583.11833333,-6557943.11833333,659640,0,101,146,0,0,367640,292000,0,0,0,0,0,220,0,0,220,0,0,0,0,0,0,164,0,0,0,113,0,277,0,0,0,0,0,0,0,0,0,92,22,0,0,0,15,35,0,0,113,0,0,0,0,0,0,0,0,0,0,28.2903225806452
4,0,0,0,173000,0,0,0,0,0,0,520000,34,1,300789,2,1,0,0,1,0,1,0,0,1,0,0,0,0,0,0,1,0,0,1,0,1,0,0,1,0,0,0,0,0,0,30,2,160,693000,173000,520000,0,0,0,173000,0,0,0,0,0,0,520000,43000,41600,0,2000,30000,0,0,63000,86348.3333333333,28930.5263157895,115278.859649123,184800,196000,0,196000,4055042,1339636,0,5394678,2813103.85964912,85451.8485052632,126285.6517,211737.500205263,4462779.50020526,258646.140350877,6868145.85964912,407737.500205263,7275883.35985439,-4204133.35985439,3071750,91,457,702,211,349440,1339010,1193400,189900,0,0,0,0,230,0,0,230,0,0,0,0,400,400,135,0,52,6,61,11,265,0,0,0,0,0,0,0,0,0,115,33,0,0,0,0,70,0,0,46,0,0,0,0,0,0,0,0,0,1,28.2903225806452
4,0,0,0,1733000,0,0,0,0,0,0,2798000,99,4,270258,1,6,0,0,6,0,0,0,0,0,0,6,0,0,6,0,6,0,0,6,0,0,0,0,0,0,6,0,0,6,0,33,1,270,755166.666666667,288833.333333333,466333.333333333,0,0,0,288833.333333333,0,0,0,0,0,0,466333.333333333,118500,137400,46833.3333333333,0,3666.66666666667,0,0,241333.333333333,52890,91142.1428571429,144032.142857143,64013.8888888889,0,226000,226000,2471604,1954705.66666667,155666.666666667,4581976.33333333,4030653.76251104,52760.5165208333,118580.258116667,171340.7746375,2729867.37720582,9709518.40415563,6363180.36507937,397340.7746375,6760521.13971687,6979651.0269498,13740172.1666667,560.666666666667,1968.16666666667,497.333333333333,7.16666666666667,3093758.66666667,9146394,1492000,8019.5,0,0,0,0,385,0,0,385,0,0,0,0,900,900,87.1666666666667,35.1666666666667,37.3333333333333,79.3333333333333,12,0,251,0,0,0,0,0,0,5.33333333333333,0,38.3333333333333,131,12.3333333333333,0,0,0,0,44.1666666666667,1.16666666666667,0,18.6666666666667,0,0,0,0,0,0,0,0,0,0,6.90909090909091
4,0,0,0,1878000,0,0,0,0,0,0,0,34,4,300789,2,5.6,0,0,5.6,0,0,0,0,0,0,5.6,0,0,5.6,0,5.6,0,0,5.6,0,0,0,0,0,0,5.6,0,0,5.6,0,29,2,285.714285714286,335357.142857143,335357.142857143,0,0,0,0,335357.142857143,0,0,0,0,0,0,0,7678.57142857143,8125,0,0,0,0,0,61964.2857142857,23404.7619047619,0,23404.7619047619,0,0,110000,110000,1644817.67857143,0,0,1644817.67857143,847318.761904762,1036.96337797619,41467.5449732143,42504.5083511904,1687322.18692262,1489627.66666667,2382136.44047619,152504.50835119,2534640.94882738,-197694.520255953,2336946.42857143,0,701.785714285714,0,0,0,2336946.42857143,0,0,0,0,0,0,516.071428571429,0,0,516.071428571429,0,0,0,0,0,0,51.9642857142857,23.2142857142857,0,0,12.6785714285714,0,87.8571428571429,4.28571428571429,0,0,0,0,0,0,0,8.03571428571429,36.7857142857143,4.82142857142857,0,0,0,8.57142857142857,14.1071428571429,0,0,10.5357142857143,0,0,0,0,0.714285714285714,0,0,0,0,0,7.68421052631579
4,0,0,0,19000,0,0,28000,0,0,0,0,36,1,284173,1,1,0,0,1,0,1,0,0,1,0,0,0,0,0,0,1,0,0,1,0,1,0,0,1,0,0,0,0,0,0,16.3333333333333,2,380,47000,19000,28000,0,0,0,19000,0,0,28000,0,0,0,0,0,21700,0,0,0,0,0,0,170161.666666667,35351.6842105263,205513.350877193,0,304000,0,304000,2659138,0,0,2659138,558386.350877193,40521.9045616667,54965.9357,95487.8402616667,3058625.84026167,4919213.64912281,3217524.35087719,399487.840261667,3617012.19113886,1860587.80886114,5477600,283,566,246,0,1924400,2716800,836400,0,0,0,0,0,30,0,0,30,200,0,0,0,0,200,87,36,0,0,19,0,142,0,0,0,0,0,0,0,0,27,67,3,0,0,0,4,22,0,0,19,0,0,0,0,0,0,0,0,0,0,36.5555555555556
4,0,0,0,195000,0,0,0,0,0,0,0,34,1,300789,2,1.32,0,0,1.32,0,0,0,0,0,0,1.32,0,0,1.32,0,1.32,0,0,1.32,0,0,0,0,0,0,1.32,0,0,1.32,0,6,2,454.545454545455,147727.272727273,147727.272727273,0,0,0,0,147727.272727273,0,0,0,0,0,0,0,57575.7575757576,101969.696969697,0,4545.45454545455,8333.33333333333,0,0,0,75472.2222222222,6293.93939393939,81766.1616161616,272803.03030303,0,62121.2121212121,62121.2121212121,3543640.15151515,0,0,3543640.15151515,1037630.91919192,72787.5193434343,77855.4020833333,150642.921426768,3694283.07294192,-274646.070707071,4519149.85858586,212764.13354798,4731913.99213384,-3968929.14364899,762984.848484848,62.1212121212121,145.454545454545,27.2727272727273,47.7272727272727,244757.575757576,426181.818181818,49090.9090909091,42954.5454545455,60.6060606060606,0,0,0,219.69696969697,0,0,219.69696969697,0,0,0,0,0,0,39.3939393939394,46.969696969697,0,0,84.8484848484848,0,171.212121212121,0,0,0,0,0,0,21.2121212121212,0,1.51515151515152,65.1515151515151,8.33333333333333,0,0,0,0,0,0,0,71.2121212121212,0,0,0,0,3.03030303030303,0,0,0,0,0.757575757575758,28.2903225806452
4,0,0,0,195000,0,0,0,0,0,0,0,36,1,284173,1,9,0,0,9,0,0,0,0,0,0,9,0,0,9,0,1.97,0,0,1.97,0,0,0,0,0,0,1.97,0,0,1.97,0,26.5,2,104.568527918782,98984.7715736041,98984.7715736041,0,0,0,0,98984.7715736041,0,0,0,0,0,0,0,0,6294.41624365482,11675.1269035533,0,7106.59898477157,0,0,7106.59898477157,193493.654822335,3805.1963665509,197298.851188886,1753.80710659898,0,122335.025380711,122335.025380711,1254561.4213198,0,0,1254561.4213198,736728.196366551,-20925.3978267767,27922.4380203046,6997.04019352792,1261558.46151332,2593923.5802832,1868954.59230564,129332.065574239,1998286.65787988,1332365.11876987,3330651.77664975,0,1406.09137055838,0,0,0,3330651.77664975,0,0,0,0,0,0,111.675126903553,0,0,111.675126903553,0,0,0,0,0,0,24.3654822335025,24.3654822335025,0,0,17.258883248731,0,65.989847715736,0,0,0,0,0,0,0,0,5.0761421319797,43.6548223350254,7.10659898477157,0,0,0,0,0,0,0,10.1522842639594,0,0,0,0,0,0,0,0,0,0,36.5555555555556
4,0,0,0,1950000,0,0,0,0,0,0,0,34,1,300789,1,1.37,0,0,1.37,0,1.37,0,0,1.37,0,0,0,0,0,0,1.37,0,0,1.37,0,1.37,0,0,1.37,0,0,0,0,0,0,31,1,300.729927007299,1423357.66423358,1423357.66423358,0,0,0,0,1423357.66423358,0,0,0,0,0,0,0,54014.598540146,67372.2627737226,0,0,0,0,0,0,159875.304136253,17448.1751824818,177323.479318735,60717.7615571776,428467.153284671,0,428467.153284671,7645127.73722628,1252596.35036496,0,8897724.08759124,3336171.11678832,75678.6713686131,210415.742554745,286094.413923358,8359689.30443431,11941764.649635,10981298.8540146,714561.567208029,11695860.4212226,3582075.34520073,15277935.7664234,667.153284671533,1601.4598540146,1280.29197080292,269.343065693431,4105868.61313869,7640598.54014598,3264744.52554744,266724.087591241,0,0,0,0,1897.8102189781,0,0,1897.8102189781,0,0,0,0,0,0,238.686131386861,195.620437956204,16.7883211678832,53.2846715328467,7.2992700729927,4.37956204379562,516.058394160584,0,0,0,0,0,0,0,0,32.1167883211679,334.306569343066,10.2189781021898,0,0,0,0,86.1313868613139,27.7372262773723,0,6.56934306569343,0,0,0,0,0,0,0,0,0,7.2992700729927,28.2903225806452
4,0,0,0,1986000,0,0,0,0,0,0,0,34,4,300789,2,6,0,0,6,0,6,0,0,6,0,0,0,0,0,0,6,0,0,6,0,6,0,0,6,0,0,0,0,0,0,32.4,2,333.333333333333,331000,331000,0,0,0,0,331000,0,0,0,0,0,0,0,86000,31800,18833.3333333333,15500,6666.66666666667,508166.666666667,0,150666.666666667,410955.416666667,8456.5,419411.916666667,17341.6666666667,543333.333333333,0,543333.333333333,1515455.66666667,701247.5,0,2216703.16666667,2587423.41666667,98594.92526,67811.530475,166406.455735,2225195.455735,-1550445.08333333,4102879.08333333,709739.789068333,4812618.87240167,-3775640.53906833,1036978.33333333,121.833333333333,121.833333333333,87.6666666666667,33.3333333333333,492206.666666667,356971.666666667,157800,30000,0,0,0,0,280,0,0,280,0,0,0,0,0,0,24.6666666666667,19.5,14.8333333333333,23,30.6666666666667,0.833333333333333,113.5,0,0,0,0,0,0,9.33333333333333,0,0,55,3.66666666666667,0,0,0,0,13.1666666666667,0,0,15.6666666666667,0,0,0,0,2,0,0,0,0,14.6666666666667,7.68421052631579
4,0,0,0,217000,0,0,0,0,0,0,0,34,1,300789,2,1.83,0,0,1.83,0,1.83,0,0,1.83,0,0,0,0,0,0,1.83,0,0,1.83,0,1.83,0,0,1.83,0,0,0,0,0,0,10,1,355.191256830601,118579.234972678,118579.234972678,0,0,0,0,118579.234972678,0,0,0,0,0,0,0,0,18743.1693989071,0,0,0,0,0,0,19863.3879781421,12940.4371584699,32803.825136612,72445.3551912568,303278.68852459,0,303278.68852459,2159520.21857924,520683.606557377,0,2680203.82513661,1064044.19125683,33886.4686120219,56773.1535245902,90659.622136612,2553458.52924044,-424191.732240437,3223564.40983607,393938.310661202,3617502.72049727,-2977650.26148087,639852.459016393,49.7267759562842,100,47.5409836065574,45.9016393442623,190950.819672131,303000,104590.163934426,41311.4754098361,0,0,0,0,158.469945355191,0,0,158.469945355191,0,0,0,0,0,0,75.9562841530055,48.6338797814208,19.1256830601093,10.3825136612022,0,0,154.098360655738,0,0,0,0,0,0,0,0,7.65027322404372,62.2950819672131,6.01092896174863,0,0,0,0,76.5027322404372,0,0,0,0,0,0,0,0,0,0,0,0,1.63934426229508,28.2903225806452
4,0,0,0,217000,0,0,0,0,0,0,0,38,4,296914,2,15.2,0,0,15.2,0,15.2,0,0,15.2,0,0,0,0,0,0,5.7,0,0,5.7,0,5.7,0,0,5.7,0,0,0,0,0,0,32,2,184.210526315789,38070.1754385965,38070.1754385965,0,0,0,0,38070.1754385965,0,0,0,0,0,0,0,14210.5263157895,1614.0350877193,0,0,0,0,0,0,28637.4269005848,0,28637.4269005848,0,275087.719298246,0,275087.719298246,517170.701754386,62456.1403508772,19473.6842105263,599100.526315789,444000.638859748,5452.14811403509,13157.8545526316,18610.0026666667,828243.773163643,48971.2909648129,978546.69005848,293697.721964912,1272244.41202339,-779272.48219883,492971.929824561,20.5263157894737,176.315789473684,107.719298245614,0,49673.6842105263,303263.157894737,140035.087719298,0,0,0,0,0,50.8771929824561,0,0,50.8771929824561,0,0,0,0,0,0,1.40350877192982,24.7368421052632,0,0,4.91228070175439,3.33333333333333,34.3859649122807,0,0,0,0,0,0,0,0,0,18.0701754385965,8.07017543859649,0,0,0,0,0,0,0,8.24561403508772,0,0,0,0,0,0,0,0,0,0,4.71428571428571
4,0,0,0,2257000,0,0,0,0,0,0,971000,34,4,300789,2,13,0,0,13,0,13,0,0,13,0,0,0,0,0,0,5.85,0,0,5.85,0,5.85,0,0,5.85,0,0,0,0,0,0,24,2,256.410256410256,551794.871794872,385811.965811966,165982.905982906,0,0,0,385811.965811966,0,0,0,0,0,0,165982.905982906,110940.170940171,55418.8034188034,1367.52136752137,19145.2991452991,8547.00854700855,25982.905982906,0,2564.10256410256,80405.9829059829,26780.9896536212,107186.972559604,32008.547008547,401367.521367521,0,401367.521367521,1614160.85470085,2560622.39316239,74529.9145299145,4249313.16239316,3822080.86033635,64385.8887376218,101255.238,165641.126737622,2209986.15349079,1515119.13966365,5465058.365722,567008.648105143,6032067.01382714,-694867.013827141,5337200,312.478632478633,781.196581196581,600,359.65811965812,1356157.26495726,2601384.61538462,1020000,359658.11965812,0,0,0,0,309.401709401709,0,0,309.401709401709,0,0,0,0,153.846153846154,153.846153846154,26.4957264957265,15.7264957264957,91.4529914529915,7.86324786324786,35.5555555555556,26.3247863247863,203.418803418803,0,0,0,0,0,0,7.17948717948718,0,0,70.7692307692308,15.042735042735,0,0,0,0,45.1282051282051,4.44444444444444,0,32.1367521367521,0,0,0,0,1.02564102564103,0,0,0,0,27.6923076923077,7.68421052631579
4,0,0,0,227000,0,0,0,0,0,0,1372000,99,2,270258,1,3.9,0,0.78,3.12,0,3.9,0,0.78,3.12,0,0,0,0,0,0,2.6,0,0.26,2.34,0,2.6,0,0.26,2.34,0,0,0,0,0,0,24,2,84.6153846153846,615000,87307.6923076923,527692.307692308,0,0,0,87307.6923076923,0,0,0,0,0,0,527692.307692308,56538.4615384615,64807.6923076923,29230.7692307692,2692.30769230769,0,0,0,0,66483.9743589744,7191.15384615385,73675.1282051282,55400,233846.153846154,0,233846.153846154,1226211.92307692,426185.384615385,0,1652397.30769231,1593787.74358974,35133.5061583333,48776.43075,83909.9369083334,1543968.01383141,3797772.64102564,2819999.66666667,317756.090754487,3137755.75742115,2253804.62719423,5391560.38461538,119.615384615385,538.076923076923,80.7692307692308,20.3846153846154,1148307.69230769,3874153.84615385,347307.692307692,21791.1538461538,0,0,0,0,84.6153846153846,0,0,84.6153846153846,0,0,0,0,865.384615384615,865.384615384615,26.1538461538462,40,4.23076923076923,23.0769230769231,5.38461538461539,0,98.8461538461539,0,0,0,0,0,0,0,0,0,44.2307692307692,36.5384615384615,0,0,0,0,0,0,0,18.0769230769231,0,0,0,0,0,0,0,0,0,0,14.4444444444444
4,0,0,0,249000,0,0,0,0,0,0,0,38,1,296914,2,1.4,0,0.15,1.25,0,1.4,0,0.15,1.25,0,0,0,0,0,0,1.4,0,0.15,1.25,0,1.4,0,0.15,1.25,0,0,0,0,0,0,20.8333333333333,2,342.857142857143,177857.142857143,177857.142857143,0,0,0,0,177857.142857143,0,0,0,0,0,0,0,0,75214.2857142857,0,0,25714.2857142857,0,0,0,113004.761904762,0,113004.761904762,0,300000,0,300000,3050172.14285714,0,0,3050172.14285714,688704.476190476,18495.8385238095,67078.5008214286,85574.3393452381,3435746.48220238,1289452.66666667,3738876.61904762,385574.339345238,4124450.95839286,-2146293.81553571,1978157.14285714,326.428571428571,326.428571428571,0,0,1188200,789957.142857143,0,0,0,0,0,0,157.142857142857,0,0,157.142857142857,0,0,0,0,0,0,75.7142857142857,40.7142857142857,0,0,40.7142857142857,0,157.142857142857,37.8571428571429,0,0,0,0,0,0,0,0,81.4285714285714,7.85714285714286,0,0,0,0,6.42857142857143,0,0,23.5714285714286,0,0,0,0,0,0,0,0,0,0,32.1666666666667
4,0,0,0,260000,0,0,118000,0,0,0,0,34,2,300789,1,3.9,0,0,3.9,0,0,0,0,0,0,3.9,0,0,3.9,0,2.6,0,0,2.6,0,0,0,0,0,0,2.6,0,0,2.6,0,20,1,66.9230769230769,145384.615384615,100000,45384.6153846154,0,0,0,100000,0,0,45384.6153846154,0,0,0,0,7692.30769230769,30500,0,0,0,0,0,0,13382.0512820513,16915.3846153846,30297.4358974359,51019.2307692308,0,56153.8461538461,56153.8461538461,2531722.69230769,0,0,2531722.69230769,621836.435897436,39570.6449166666,54713.28725,94283.9321666667,2626006.62447436,4042309.71794872,3097405.28205128,150437.778320513,3247843.06037179,1416303.09347436,4664146.15384615,193.461538461538,527.307692307692,219.615384615385,0,1250215.38461538,2524046.15384615,889884.615384615,0,0,0,0,0,111.538461538462,0,0,111.538461538462,692.307692307692,0,0,0,0,692.307692307692,77.6923076923077,70.7692307692308,0,0,0,0,148.461538461538,0,0,0,0,0,0,0,0,27.6923076923077,77.6923076923077,16.1538461538462,0,0,0,0,25.3846153846154,0,0,1.53846153846154,0,0,0,0,0,0,0,0,0,0,16.3541666666667
4,0,0,0,264000,0,0,0,0,0,0,0,34,1,300789,2,1.5,0,0,1.5,0,1.5,0,0,1.5,0,0,0,0,0,0,1.5,0,0,1.5,0,1.5,0,0,1.5,0,0,0,0,0,0,6.66666666666667,2,533.333333333333,176000,176000,0,0,0,0,176000,0,0,0,0,0,0,0,189333.333333333,90066.6666666667,0,14000,14000,0,0,0,940176.666666667,89016,1029192.66666667,400111.111111111,606666.666666667,0,606666.666666667,4394268,1641792,142666.666666667,6178726.66666667,3894089.72537605,272821.245161111,134241.852333333,407063.097494445,5511859.48322951,2478390.27462395,8392219.44444445,1013729.76416111,9405949.20860556,-3033469.20860556,6372480,448.666666666667,1373.33333333333,336.666666666667,59.3333333333333,1722880,4023866.66666667,572333.333333333,53400,0,0,0,0,286.666666666667,0,0,286.666666666667,0,0,0,0,0,0,111.333333333333,91.3333333333333,64,0,36.6666666666667,21.3333333333333,324.666666666667,0,0,0,0,0,0,0,0,2.66666666666667,246.666666666667,16.6666666666667,0,0,0,0,24.6666666666667,0,0,25.3333333333333,0,0,0,0,8,0,0,0,0,0.666666666666667,28.2903225806452
4,0,0,0,267000,0,0,0,0,0,0,0,34,1,300789,2,1.2,0,0,1.2,0,1.2,0,0,1.2,0,0,0,0,0,0,1.2,0,0,1.2,0,1.2,0,0,1.2,0,0,0,0,0,0,25,1,329.166666666667,222500,222500,0,0,0,0,222500,0,0,0,0,0,0,0,0,3500,0,0,0,0,0,0,43559.7222222222,0,43559.7222222222,0,289166.666666667,0,289166.666666667,910676.666666667,206180,0,1116856.66666667,776528.722222222,3294.79926388889,27058.5618333333,30353.3610972222,1230196.69443056,798179.611111111,1687205.38888889,319520.027763889,2006725.41665278,-432017.083319444,1574708.33333333,38.3333333333333,380.833333333333,183.333333333333,0,147200,1115841.66666667,311666.666666667,0,0,0,0,0,241.666666666667,0,0,241.666666666667,0,0,0,0,0,0,48.3333333333333,0,10.8333333333333,0,0,0,59.1666666666667,0,0,0,0,0,0,0,0,0,19.1666666666667,18.3333333333333,0,0,0,0,18.3333333333333,0,0,0,0,0,0,0,0,0,0,0,0,3.33333333333333,28.2903225806452
4,0,0,0,2860000,0,0,0,0,0,0,0,34,3,300789,1,3.97,0,0,3.97,0,3.97,0,0,3.97,0,0,0,0,0,0,3.97,0,0,3.97,0,3.97,0,0,3.97,0,0,0,0,0,0,12,2,302.267002518892,720403.022670025,720403.022670025,0,0,0,0,720403.022670025,0,0,0,0,0,0,0,86397.9848866499,132720.40302267,0,14609.5717884131,21158.6901763224,0,0,29219.1435768262,109239.294710327,0,109239.294710327,181410.579345088,712846.347607053,0,712846.347607053,4299159.44584383,2857196.97732997,417632.241813602,7573988.66498741,4619885.6049869,36684.2339210747,172856.724244332,209540.958165407,5472438.05594928,3053106.83833803,9169936.35516373,922387.30577246,10092323.6609362,-2419331.21761125,7672992.44332494,518.136020151133,1445.84382871537,665.239294710327,145.843828715365,2041455.91939547,4236322.41813602,1263954.65994962,131259.445843829,272.040302267003,0,0,0,654.911838790932,0,0,654.911838790932,0,0,0,0,0,0,69.5214105793451,63.727959697733,40.0503778337532,27.7078085642317,82.6196473551637,52.3929471032746,336.020151133501,0,0,0,0,0,0,47.103274559194,0,1.00755667506297,119.899244332494,38.7909319899244,0,0,0,0,48.8664987405542,0,0,56.9269521410579,0,0,0,0,3.02267002518892,0,0,0,0,20.4030226700252,16.3541666666667
4,0,0,0,303000,0,0,0,0,0,0,0,38,2,296914,2,2.6,0,0,2.6,0,0,0,0,0,0,2.6,0,0,2.6,0,2.6,0,0,2.6,0,0,0,0,0,0,2.6,0,0,2.6,0,31,2,230.769230769231,116538.461538462,116538.461538462,0,0,0,0,116538.461538462,0,0,0,0,0,0,0,0,18923.0769230769,0,0,3846.15384615385,0,0,0,100060.897435897,0,100060.897435897,446.153846153846,0,62692.3076923077,62692.3076923077,1642351.92307692,262689.230769231,0,1905041.15384615,862110.282051282,12988.4432916667,41193.6292499999,54182.0725416667,1696533.99561859,505985.871794872,2441769.8974359,116874.380233974,2558644.27766987,-1190548.12382372,1368096.15384615,52.6923076923077,341.153846153846,226.153846153846,81.1538461538461,175465.384615385,825592.307692308,294000,73038.4615384615,0,0,0,0,165.384615384615,0,0,165.384615384615,0,0,0,0,0,0,43.8461538461538,10.3846153846154,6.53846153846154,9.23076923076923,26.5384615384615,0,96.5384615384615,0,0,0,0,0,0,0,0,0,65.7692307692308,4.23076923076923,0,0,0,0,0,0,0,26.5384615384615,0,0,0,0,0,0,0,0,0,0,16.75
4,0,0,0,325000,0,0,33000,0,0,0,1061000,34,2,300789,2,2.66,0,0,2.66,0,2.66,0,0,2.66,0,0,0,0,0,0,2.66,0,0,2.66,0,2.66,0,0,2.66,0,0,0,0,0,0,27,2,281.954887218045,533458.646616541,122180.45112782,411278.195488722,0,0,0,122180.45112782,0,0,12406.015037594,0,0,0,398872.180451128,152255.639097744,76390.977443609,0,0,46992.4812030075,0,0,0,156168.546365915,0,156168.546365915,0,109398.496240601,0,109398.496240601,2347468.79699248,0,0,2347468.79699248,1266055.29072682,10296.8772556391,63604.8158082707,73901.6930639098,2530768.98629699,592245.461152882,3613524.0877193,183300.189304511,3796824.27702381,-1938523.52514411,1858300.7518797,0,162.406015037594,395.864661654135,396.240601503759,0,591157.894736842,870902.255639098,396240.601503759,0,0,0,0,270.676691729323,0,0,270.676691729323,97.7443609022556,0,0,0,406.015037593985,503.759398496241,99.6240601503759,0,0,0,18.4210526315789,0,118.045112781955,0,0,0,0,0,0,4.51127819548872,1.8796992481203,0,40.2255639097744,24.812030075188,0,0,0,11.2781954887218,3.38345864661654,0,0,24.4360902255639,0,0,0,0,0,0,0,0,0,7.5187969924812,16.3541666666667
4,0,0,0,342000,0,0,0,0,0,0,0,34,4,300789,2,6,0,0,6,0,4.8,0,0,4.8,0,1.2,0,0,1.2,0,6,0,0,6,0,4.8,0,0,4.8,0,1.2,0,0,1.2,0,30,2,333.333333333333,57000,57000,0,0,0,0,57000,0,0,0,0,0,0,0,19833.3333333333,13666.6666666667,0,5666.66666666667,833.333333333333,0,0,2000,24276.3888888889,22051.4385964912,46327.8274853801,0,80500,25666.6666666667,106166.666666667,857669.666666667,108904.333333333,0,966574,580687.82748538,40476.2502412135,21471.3161,61947.5663412135,1000117.23300788,-154519.494152047,1412690.82748538,168114.23300788,1580805.06049326,-1154636.72715993,426168.333333333,24.3333333333333,73.1666666666667,43.8333333333333,35.1666666666667,98306.6666666667,221695,74516.6666666667,31650,0,0,0,0,131.666666666667,0,0,131.666666666667,0,0,0,0,0,0,25.6666666666667,20.1666666666667,1.5,5.33333333333333,2.66666666666667,0,55.3333333333333,1.66666666666667,0,0,0,0,0,0,0,0,41,3.66666666666667,0,0,0,0,0,0,0,6.33333333333333,0,0,0,0,0,0,0,0,0,2.66666666666667,7.68421052631579
4,0,0,0,3611000,0,0,0,0,0,0,0,34,4,300789,2,16,0,0,16,0,16,0,0,16,0,0,0,0,0,0,16,0,0,16,0,16,0,0,16,0,0,0,0,0,0,15,2,437.5,225687.5,225687.5,0,0,0,0,225687.5,0,0,0,0,0,0,0,131250,22437.5,0,10000,8125,254125,0,27312.5,11018.8541666667,7789.0625,18807.9166666667,33007.8125,559250,0,559250,939302.5,1428776.1875,96250,2464328.6875,2518390.68798636,21641.2612,63336.813678125,84978.074878125,1621708.30355844,1159084.93701364,3495870.91666667,644228.074878125,4140098.99154479,-462623.366544791,3677475.625,80,639.8125,614.25,276.1875,323200,1938631.875,1167075,248568.75,0,0,0,0,180.625,0,0,180.625,0,0,0,0,0,0,12,9.625,29,23,23,19.5,116.125,0,0,0,0,0,0,14.3125,0,0,44.375,2.75,0,0,0,0,33.125,0,0,12.375,0,0,0,0,0.75,0,0,0,0,8.4375,1.6875
4,0,0,0,370000,0,0,0,0,0,0,0,34,1,300789,2,1,0,0,1,0,0,0,0,0,0,1,0,0,1,0,1,0,0,1,0,0,0,0,0,0,1,0,0,1,0,20,2,400,370000,370000,0,0,0,0,370000,0,0,0,0,0,0,0,126000,587600,0,11000,5000,0,0,803000,161565,84522.9473684211,246087.947368421,360100,0,154000,154000,8609762,171378,0,8781140,3134954.94736842,175513.154696579,215277.361,390790.515696579,9000552.51569658,352515.052631579,11590716.9473684,544790.515696579,12135507.463065,-8648037.463065,3487470,183,585,351,421,739320,1772550,596700,378900,0,0,0,0,580,0,0,580,0,0,0,0,0,0,239,114,9,0,96,0,458,113,0,0,0,0,0,21,0,0,237,11,0,0,0,75,0,0,0,0,0,0,0,0,0,0,0,0,0,1,28.2903225806452
4,0,0,0,40000,0,0,0,0,0,0,0,38,1,296914,2,1,0,0.8,0.2,0,1,0,0.8,0.2,0,0,0,0,0,0,1,0,0.8,0.2,0,1,0,0.8,0.2,0,0,0,0,0,0,46,2,53,40000,40000,0,0,0,0,40000,0,0,0,0,0,0,0,0,24600,0,0,0,0,0,0,92373.3333333333,0,92373.3333333333,0,505000,0,505000,3144116,0,0,3144116,453887.333333333,16596.1780833333,64655.6274,81251.8054833333,3730367.80548333,2234252.66666667,3598003.33333333,586251.805483333,4184255.13881667,-1496115.13881667,2688140,256,448,360,315,852480,1084160,468000,283500,0,0,0,0,60,0,0,60,0,0,0,0,0,0,80,69,0,0,24,0,173,0,0,0,0,0,0,0,0,0,138,11,0,0,0,0,0,0,0,24,0,0,0,0,0,0,0,0,0,0,32.1666666666667
4,0,0,0,412000,0,0,0,0,0,0,0,34,1,300789,2,1,0,0,1,0,1,0,0,1,0,0,0,0,0,0,1,0,0,1,0,1,0,0,1,0,0,0,0,0,0,25,1,478,412000,412000,0,0,0,0,412000,0,0,0,0,0,0,0,0,56500,0,0,0,0,0,0,17160,0,17160,139625,490000,0,490000,3970140,795723,0,4765863,1721797,25609.551825,105472.41445,131081.966275,4591221.966275,1139733,5691937,621081.966275,6313018.966275,-3451488.966275,2861530,183,457,263,211,702720,1521810,447100,189900,0,0,0,0,510,0,0,510,0,0,0,0,0,0,150,75,31,14,0,0,270,0,0,0,0,0,0,0,0,54,102,30,0,0,0,60,18,0,0,0,0,0,0,0,0,0,0,0,0,6,28.2903225806452
4,0,0,0,415000,0,0,0,0,0,0,0,38,1,296914,2,1,0,0,1,0,1,0,0,1,0,0,0,0,0,0,1,0,0,1,0,1,0,0,1,0,0,0,0,0,0,39.6666666666667,2,290,415000,415000,0,0,0,0,415000,0,0,0,0,0,0,0,0,113400,0,0,0,0,0,0,337081.666666667,0,337081.666666667,0,276000,0,276000,4304198,1455906,0,5760104,2618301.66666667,-19458.2840833333,126713.3556,107255.071516667,4687453.07151667,-1211781.66666667,6922499.66666667,383255.071516667,7305754.73818333,-5899234.73818333,1406520,0,274,439,0,0,748020,658500,0,0,0,0,0,360,0,0,360,0,0,0,0,0,0,119,46,45,0,55,19,284,12,0,0,0,0,0,0,0,0,103,34,0,0,0,71,17,0,0,47,0,0,0,0,0,0,0,0,0,0,32.1666666666667
4,0,0,0,451000,0,0,0,0,0,0,0,34,4,300789,2,6,0,0,6,0,6,0,0,6,0,0,0,0,0,0,6,0,0,6,0,6,0,0,6,0,0,0,0,0,0,38,2,366.666666666667,75166.6666666667,75166.6666666667,0,0,0,0,75166.6666666667,0,0,0,0,0,0,0,9000,10933.3333333333,0,0,0,0,0,176833.333333333,32284.1666666667,2967.5,35251.6666666667,72020.8333333333,245166.666666667,0,245166.666666667,1336519.66666667,0,0,1336519.66666667,679994.833333333,14073.5889486111,32410.32795,46483.9168986111,1628170.25023194,1194716.83333333,2016514.5,291650.583565278,2308165.08356528,-433453.416898611,1874711.66666667,0,639.833333333333,0,0,0,1874711.66666667,0,0,0,0,0,0,120,0,0,120,0,0,0,0,0,0,21.3333333333333,27.1666666666667,0,0,21.1666666666667,0,69.6666666666667,0,0,0,0,0,0,0,0,5.16666666666667,37.1666666666667,2.66666666666667,0,0,0,3.16666666666667,5.5,0,0,15.6666666666667,0,0,0,0,0.333333333333333,0,0,0,0,0,7.68421052631579
4,0,0,0,477000,0,0,0,0,0,0,0,34,2,300789,2,2.6,0,0,2.6,0,0,0,0,0,0,2.6,0,0,2.6,0,2.6,0,0,2.6,0,0,0,0,0,0,2.6,0,0,2.6,0,20,1,281.153846153846,183461.538461538,183461.538461538,0,0,0,0,183461.538461538,0,0,0,0,0,0,0,0,14923.0769230769,0,0,0,0,0,0,26519.2307692308,32525,59044.2307692308,0,0,80000,80000,967617.692307692,0,0,967617.692307692,638217.846153846,53075.855625,23494.9465,76570.802125,1044188.49443269,1119726.38461538,1525835.53846154,156570.802125,1682406.34058654,75537.8901826923,1757944.23076923,70,281.538461538462,135.384615384615,80.7692307692308,310135,1031556.92307692,307052.307692308,109200,0,0,0,0,165.384615384615,0,0,165.384615384615,0,0,0,0,0,0,29.6153846153846,27.3076923076923,0,0,0,0,56.9230769230769,0,0,0,0,0,0,0,0,5.38461538461538,16.1538461538462,10.7692307692308,0,0,0,0,6.92307692307692,15.3846153846154,0,0,0,0,0,0,0,0,0,0,0,2.30769230769231,16.3541666666667
4,0,0,0,487000,0,0,0,0,0,0,0,38,2,296914,2,2.62,0,0,2.62,0,2.62,0,0,2.62,0,0,0,0,0,0,2.62,0,0,2.62,0,2.62,0,0,2.62,0,0,0,0,0,0,25.3333333333333,2,181.297709923664,185877.86259542,185877.86259542,0,0,0,0,185877.86259542,0,0,0,0,0,0,0,0,42824.427480916,0,0,17938.9312977099,0,0,0,88657.7608142494,0,88657.7608142494,0,274809.160305344,0,274809.160305344,2162307.2519084,0,0,2162307.2519084,632212.982188295,11403.5848664122,48540.3117366412,59943.8966030534,2497060.30881679,430523.659033079,2794520.23409669,334753.056908397,3129273.29100509,-2066536.64978372,1062736.64122137,27.8625954198473,101.145038167939,167.557251908397,482.06106870229,101419.847328244,276125.954198473,251335.877862595,433854.961832061,0,0,0,0,248.091603053435,0,0,248.091603053435,0,0,0,0,0,0,50.381679389313,38.9312977099237,0,0,25.1908396946565,0,114.503816793893,3.81679389312977,0,0,0,0,0,0,0,0,52.6717557251908,25.1908396946565,0,0,0,11.4503816793893,0,0,0,21.3740458015267,0,0,0,0,0,0,0,0,0,0,16.75
4,0,0,0,488000,0,0,0,0,0,0,0,38,1,296914,2,2.2,0,0,2.2,0,2.2,0,0,2.2,0,0,0,0,0,0,1.22,0,0,1.22,0,1.22,0,0,1.22,0,0,0,0,0,0,49.6666666666667,2,221.311475409836,400000,400000,0,0,0,0,400000,0,0,0,0,0,0,0,0,79098.3606557377,0,0,36885.2459016393,0,0,0,143013.661202186,9729.50819672131,152743.169398907,0,1336885.24590164,0,1336885.24590164,4952430.32786885,296820.491803279,0,5249250.81967213,1262461.26775956,16310.7368169399,116169.473688525,132480.210505464,6421795.78427596,-744690.775956284,6214891.59562842,1469365.4564071,7684257.05203552,-7166486.56023224,517770.491803279,0,269.672131147541,0,0,0,517770.491803279,0,0,0,0,0,0,532.786885245902,0,0,532.786885245902,0,0,0,0,0,0,69.672131147541,52.4590163934426,15.5737704918033,0,115.573770491803,0,253.27868852459,0,0,0,0,0,0,0,0,11.4754098360656,75.4098360655738,36.0655737704918,0,0,0,0,14.7540983606557,0,0,115.573770491803,0,0,0,0,0,0,0,0,0,0,32.1666666666667
4,0,0,0,534000,0,0,115000,0,0,0,0,34,2,300789,2,2.6,0,0,2.6,0,0,0,0,0,0,2.6,0,0,2.6,0,2.6,0,0,2.6,0,0,0,0,0,0,2.6,0,0,2.6,0,23.3333333333333,2,134.615384615385,249615.384615385,205384.615384615,44230.7692307692,0,0,0,205384.615384615,0,0,44230.7692307692,0,0,0,0,16153.8461538462,17500,0,0,769.230769230769,0,0,0,58238.4615384615,0,58238.4615384615,0,0,83076.9230769231,83076.9230769231,1672904.61538462,184206.923076923,0,1857111.53846154,910349.769230769,-187.4105,43144.1725,42956.762,1715861.37738462,209650.230769231,2500177.46153846,126033.685076923,2626211.14661538,-1506211.14661538,1120000,0,307.692307692308,0,0,0,1120000,0,0,0,0,0,0,234.615384615385,0,0,234.615384615385,538.461538461538,0,0,0,0,538.461538461538,61.9230769230769,18.4615384615385,4.23076923076923,6.92307692307692,8.84615384615385,0,100.384615384615,0,0,0,0,0,0,5.38461538461538,0,0,38.8461538461538,38.0769230769231,0,0,0,0,0,0,0,18.0769230769231,0,0,0,0,0,0,0,0,0,0,16.3541666666667
4,0,0,0,55000,0,0,0,0,0,0,0,34,4,300789,2,5.6,0,0,5.6,0,0,0,0,0,0,5.6,0,0,5.6,0,5.6,0,0,5.6,0,0,0,0,0,0,5.6,0,0,5.6,0,11,2,178.571428571429,9821.42857142857,9821.42857142857,0,0,0,0,9821.42857142857,0,0,0,0,0,0,0,53214.2857142857,56125,0,5000,535.714285714286,0,0,0,58663.6904761905,18004.8684210526,76668.5588972431,0,0,46428.5714285714,46428.5714285714,1593387.5,225357.142857143,18571.4285714286,1837316.07142857,776240.851670109,27774.2005344925,39534.551875,67308.7524094925,1676966.5310652,1130760.93404418,2339470.05889724,113737.323838064,2453207.38273531,-546205.597021021,1907001.78571429,130.535714285714,267.678571428571,235,187.857142857143,527364.285714286,811066.071428571,399500,169071.428571429,0,0,0,0,155.357142857143,0,0,155.357142857143,0,0,0,0,0,0,33.9285714285714,35.3571428571429,4.82142857142857,8.21428571428572,16.9642857142857,0,99.2857142857143,8.57142857142857,0,0,0,0,0,5,0,0,57.1428571428571,1.96428571428571,0,0,0,0,0,9.64285714285714,0,16.7857142857143,0,0,0,0,0,0,0,0,0,0.178571428571429,7.68421052631579
4,0,0,0,56000,0,0,0,0,0,0,0,34,1,300789,2,1,0,0,1,0,1,0,0,1,0,0,0,0,0,0,1,0,0,1,0,1,0,0,1,0,0,0,0,0,0,8.25,2,470,56000,56000,0,0,0,0,56000,0,0,0,0,0,0,0,211000,127400,0,0,210000,0,0,16000,374793.333333333,62784.0526315789,437577.385964912,463810,303000,0,303000,2157411,0,0,2157411,1822576.38596491,207758.948069035,55972.89165,263731.839719035,2724142.83971904,-413476.385964912,3979987.38596491,566731.839719035,4546719.22568395,-3137619.22568395,1409100,161,204,0,0,666540,742560,0,0,0,0,0,0,90,0,0,90,0,0,0,0,0,0,45,44,0,0,26,0,115,0,0,0,0,0,0,16,0,0,62,10,0,0,0,0,0,0,0,27,0,0,0,0,0,0,0,0,0,0,28.2903225806452
4,0,0,0,6066000,0,0,0,0,0,0,0,34,4,300789,2,6.94,0,0,6.94,0,6.94,0,0,6.94,0,0,0,0,0,0,6.94,0,0,6.94,0,6.94,0,0,6.94,0,0,0,0,0,0,21,2,92.2190201729107,874063.400576369,874063.400576369,0,0,0,0,874063.400576369,0,0,0,0,0,0,0,155619.596541787,97708.9337175793,217579.250720461,9654.17867435159,12103.7463976945,0,0,37608.0691642651,20537.944284342,10688.7608069164,31226.7050912584,69183.4774255524,597118.155619597,0,597118.155619597,1654643.65994236,2999711.81556196,577377.521613833,5231732.99711816,5177365.46975471,33688.9514649376,133716.81398415,167405.765449087,2624427.80674145,1447460.17866028,7037269.35542747,764523.921068684,7801793.27649616,-1176967.62808117,6624825.64841499,125.07204610951,1777.95389048991,360.374639769452,318.299711815562,480276.657060519,5209404.89913545,648674.351585014,286469.740634006,280.979827089337,0,0,0,1247.8386167147,0,0,1247.8386167147,0,0,0,0,0,0,40.9221902017291,0,62.1037463976945,62.536023054755,35.5907780979827,36.5994236311239,237.752161383285,0,0,0,0,0,0,11.9596541786744,13.5446685878963,0.576368876080692,125.07204610951,7.92507204610951,0,0,0,0,15.850144092219,0,0,57.0605187319885,0,0,0,0,2.01729106628242,0,0,0,0,3.7463976945245,7.68421052631579
4,0,0,0,647000,0,0,0,0,0,0,0,34,4,300789,2,5.6,0,0,5.6,0,0,0,0,0,0,5.6,0,0,5.6,0,5.6,0,0,5.6,0,0,0,0,0,0,5.6,0,0,5.6,0,32.25,2,214.285714285714,115535.714285714,115535.714285714,0,0,0,0,115535.714285714,0,0,0,0,0,0,0,181607.142857143,131767.857142857,0,2678.57142857143,15178.5714285714,0,0,98214.2857142857,33380.3571428571,2225.35714285714,35605.7142857143,25723.2142857143,0,72857.1428571429,72857.1428571429,2388905.89285714,216542.142857143,0,2605448.03571429,1196499.35714286,9376.83488392857,63481.1680982143,72858.0029821429,2461763.89583929,1167754.21428571,3512548.10714286,145715.145839286,3658263.25298214,-1294009.68155357,2364253.57142857,163.214285714286,470,125.357142857143,75.1785714285714,659385.714285714,1424100,213107.142857143,67660.7142857143,0,0,0,0,180.357142857143,0,0,180.357142857143,0,0,0,0,0,0,26.9642857142857,55.7142857142857,3.21428571428571,8.03571428571429,42.6785714285714,1.07142857142857,137.678571428571,68.2142857142857,0,0,0,0,0,0,0,0,55.3571428571429,3.92857142857143,0,0,0,0,0,0,0,0,0,0,0,0,0,0,0,0,0,10.1785714285714,7.68421052631579
4,0,0,0,650000,0,0,0,0,0,0,0,34,2,300789,2,2.6,0,0,2.6,0,0,0,0,0,0,2.6,0,0,2.6,0,2.6,0,0,2.6,0,0,0,0,0,0,2.6,0,0,2.6,0,19,2,288.461538461538,250000,250000,0,0,0,0,250000,0,0,0,0,0,0,0,96923.0769230769,34269.2307692308,145384.615384615,9230.76923076923,15000,0,530000,31153.8461538462,184812.820512821,31955,216767.820512821,0,0,291538.461538462,291538.461538462,4189380.76923077,1156014.61538462,33846.1538461538,5379241.53846154,3084391.12802598,18004.4300666667,130797.742,148802.172066667,4364709.40301505,713897.333512485,7008759.8974359,440340.633605128,7449100.53104103,-3650812.06950256,3798288.46153846,281.153846153846,791.153846153846,101.153846153846,81.1538461538461,1135861.53846154,2397196.15384615,192192.307692308,73038.4615384615,346.153846153846,0,0,0,276.923076923077,0,0,276.923076923077,0,0,0,0,0,0,106.923076923077,51.5384615384615,8.84615384615385,28.0769230769231,56.5384615384615,22.6923076923077,274.615384615385,0,0,0,0,0,0,1.92307692307692,0,0.769230769230769,140.769230769231,16.9230769230769,0,0,0,28.8461538461538,33.8461538461538,0,0,43.4615384615385,0,0,0,0,0,0,0,0,0,8.07692307692308,16.3541666666667
4,0,0,0,739000,0,62000,0,0,0,0,0,34,3,300789,2,4,0.2,0,3.8,0,0,0,0,0,0,4,0.2,0,3.8,0,4,0.2,0,3.8,0,0,0,0,0,0,4,0.2,0,3.8,0,26.8,2,182.5,200250,200250,0,0,0,0,184750,0,15500,0,0,0,0,0,66000,86550,0,1000,2000,0,0,29000,47312.0833333333,0,47312.0833333333,8642.5,0,83500,83500,2477574,178420.5,0,2655994.5,1003464.08333333,7212.37849583333,61272.009175,68484.3876708333,2546058.38767083,1004685.91666667,3397538.08333333,151984.387670833,3549522.47100417,-1541372.47100417,2008150,137,329,175.5,131.5,594580,996870,298350,118350,0,0,0,0,290,0,265,555,0,0,0,0,0,0,74.5,48.25,2.25,9,13.75,0,147.75,9.5,0,0,0,0,0,10.5,0.25,0,73,22,0,0,0,0,0,0,0,30.5,0,0,0,0,0,0,0,0,0,2,16.3541666666667
4,0,0,0,809000,0,0,0,0,0,0,0,34,2,300789,1,2.66,0,0,2.66,0,2.66,0,0,2.66,0,0,0,0,0,0,2.66,0,0,2.66,0,2.66,0,0,2.66,0,0,0,0,0,0,25,1,296.616541353383,304135.338345865,304135.338345865,0,0,0,0,304135.338345865,0,0,0,0,0,0,0,81203.007518797,30902.2556390977,0,0,0,516917.293233083,0,0,75828.320802005,10597.7443609023,86426.0651629073,157412.280701754,741729.323308271,0,741729.323308271,4618471.05263158,146992.481203008,27819.5488721805,4793283.08270677,1625635.82605515,30305.1379135338,115387.785695489,145692.923609023,5532854.74417041,3724484.47469673,6271068.32330827,887422.246917293,7158490.57022556,-1808370.26947368,5350120.30075188,377.81954887218,343.609022556391,877.443609022556,47.7443609022556,1526390.97744361,1006774.43609023,2773984.96240602,42969.9248120301,0,0,0,0,436.09022556391,0,0,436.09022556391,0,0,0,0,0,0,198.872180451128,57.1428571428571,8.64661654135338,0,0,0,264.661654135338,0,0,0,0,0,0,0,0,48.8721804511278,74.0601503759398,4.13533834586466,0,0,0,28.1954887218045,109.398496240602,0,0,0,0,0,0,0,0,0,0,0,0,0,16.3541666666667
4,0,0,0,831000,0,0,0,0,0,0,0,34,3,300789,2,3,0,0,3,0,0,0,0,0,0,3,0,0,3,0,3,0,0,3,0,0,0,0,0,0,3,0,0,3,0,26,2,266.666666666667,277000,277000,0,0,0,0,277000,0,0,0,0,0,0,0,12666.6666666667,82033.3333333333,0,3666.66666666667,1666.66666666667,0,0,0,21147.2222222222,5935,27082.2222222222,0,0,53333.3333333333,53333.3333333333,2969055.33333333,0,0,2969055.33333333,758237.888888889,13131.6385777778,67423.6866333333,80555.3252111111,3049610.65854444,1885745.44444444,3673959.88888889,133888.658544444,3807848.54743333,-1163865.2141,2643983.33333333,146.333333333333,451,292.333333333333,210.333333333333,591186.666666667,1366530,496966.666666667,189300,0,0,0,0,433.333333333333,0,0,433.333333333333,0,0,0,0,0,0,69,62.3333333333333,0,0,29.3333333333333,0,160.666666666667,32,0,0,0,0,0,0,0,0,91.3333333333333,14.6666666666667,0,0,0,0,0,0,0,18.6666666666667,0,0,0,0,0,0,0,0,0,4,16.3541666666667
4,0,0,0,849000,0,195000,0,0,0,0,0,34,1,300789,1,1.3,0,0,1.3,0,0,0,0,0,0,1.3,0,0,1.3,0,1.3,0,0,1.3,0,0,0,0,0,0,1.3,0,0,1.3,0,23.5,1,261.538461538462,803076.923076923,803076.923076923,0,0,0,0,653076.923076923,0,150000,0,0,0,0,0,124615.384615385,28230.7692307692,0,0,0,0,0,0,193556.730769231,36429.2307692308,229985.961538462,104025.641025641,0,216923.076923077,216923.076923077,5391359.23076923,573624.615384615,0,5964983.84615385,2381271.37179487,108802.021504167,139456.2745,248258.296004167,5639617.5267734,8293310.93589744,7555707.52564103,465181.372927244,8020888.89856827,2653693.40912404,10674582.3076923,703.076923076923,1406.15384615385,675.384615384615,647.692307692308,3114982.30769231,5152147.69230769,1531772.30769231,875680,0,0,0,0,1392.30769230769,0,607.692307692308,2000,0,0,0,0,0,0,183.846153846154,126.153846153846,10.7692307692308,24.6153846153846,0,0,345.384615384615,0,0,0,0,0,0,0,0,33.8461538461538,267.692307692308,12.3076923076923,0,0,0,0,21.5384615384615,7.69230769230769,0,1.53846153846154,0,0,0,0,0,0,0,0,0,0.769230769230769,28.2903225806452
4,0,0,0,855000,0,0,0,0,0,0,0,34,4,300789,2,6.02,0,0,6.02,0,0,0,0,0,0,6.02,0,0,6.02,0,6.02,0,0,6.02,0,0,0,0,0,0,6.02,0,0,6.02,0,32.8,2,210.963455149502,142026.57807309,142026.57807309,0,0,0,0,142026.57807309,0,0,0,0,0,0,0,51993.3554817276,25730.8970099668,0,0,0,0,0,0,144475.359911406,11829.7342192691,156305.094130676,111647.286821705,0,46345.5149501661,46345.5149501661,794652.657807309,188693.023255814,3654.48504983389,987000.166112957,1024232.00447595,47628.0479028239,24316.0325830564,71944.0804858804,869549.968590218,-895959.579226781,1775492.37763012,118289.595436047,1893781.97306617,-1765509.547817,128272.425249169,0,0,58.3056478405316,0,0,0,128272.425249169,0,0,0,0,0,192.691029900332,0,0,192.691029900332,0,0,0,0,0,0,41.6943521594684,0,8.80398671096346,0,0,0,50.4983388704319,0,0,0,0,0,0,1.16279069767442,0,0,7.64119601328904,18.2724252491694,0,0,0,0,0,0,0,23.421926910299,0,0,0,0,0,0,0,0,0,0,7.68421052631579
4,0,0,0,8666000,0,0,0,0,0,0,0,34,4,300789,2,20,0,0,20,0,0,0,0,0,0,20,0,0,20,0,20,0,0,20,0,0,0,0,0,0,20,0,0,20,0,17.1666666666667,1,250,433300,433300,0,0,0,0,433300,0,0,0,0,0,0,0,49450,63205,0,11700,5400,0,0,39100,198370,4154.15,202524.15,99382.5,0,487600,487600,972637.7,1786368.9,243100,3002106.6,3636219.05734079,41970.9312609167,72625.87124,114596.802500917,1172934.99516012,-97994.0573407942,4206957.25,602196.802500917,4809154.05250092,-1270929.05250092,3538225,246.8,711.1,236.95,115.75,947712,2083523,402815,104175,200,0,0,0,433,0,0,433,0,0,0,0,0,0,12.35,7.2,48.6,33.4,25.6,17.8,144.95,0,0,0,0,0,0,2.8,0,0.9,89.1,6.6,0,0,0,8.95,15.9,0,0,14.15,0,0,0,0,0.6,0,0,0,0,5.95,1.6875
4,0,0,0,903000,0,0,0,0,0,0,1127000,34,1,300789,2,1.8,0,0,1.8,0,1.8,0,0,1.8,0,0,0,0,0,0,1.8,0,0,1.8,0,1.8,0,0,1.8,0,0,0,0,0,0,22.6666666666667,2,222.222222222222,1127777.77777778,501666.666666667,626111.111111111,0,0,0,501666.666666667,0,0,0,0,0,0,626111.111111111,107777.777777778,15222.2222222222,0,1111.11111111111,11111.1111111111,0,0,38333.3333333333,44348.1481481482,9397.22222222222,53745.3703703704,0,362222.222222222,0,362222.222222222,1975865.55555556,720511.111111111,0,2696376.66666667,2376378.81481481,17024.9346342593,80553.8565,97578.7911342593,2435666.56891204,-1959639.92592593,4352244.37037037,459801.013356481,4812045.38372685,-4395306.49483796,416738.888888889,0,50.5555555555556,146.111111111111,0,0,168350,248388.888888889,0,0,0,0,0,400,0,0,400,0,0,0,0,500,500,53.3333333333333,25,5,8.88888888888889,23.8888888888889,17.7777777777778,133.888888888889,0,0,0,0,0,0,11.6666666666667,0,0,54.4444444444444,24.4444444444444,0,0,0,0,20,0,0,10,0,0,0,0,0,0,0,0,0,13.3333333333333,28.2903225806452
4,0,0,0,92000,0,0,0,0,0,0,0,34,2,300789,2,2.6,0,0,2.6,0,2.6,0,0,2.6,0,0,0,0,0,0,2.6,0,0,2.6,0,2.6,0,0,2.6,0,0,0,0,0,0,23,2,319.230769230769,35384.6153846154,35384.6153846154,0,0,0,0,35384.6153846154,0,0,0,0,0,0,0,10000,87615.3846153846,0,6538.46153846154,13461.5384615385,0,0,4615.38461538462,95023.0769230769,82892.7125506073,177915.789473684,184666.666666667,301538.461538462,0,301538.461538462,1389502.69230769,1358624.61538462,187692.307692308,2935819.61538462,2272403.15055543,133068.400495614,62332.71525,195401.115745614,1981342.882869,1473385.31098303,3756806.45614035,496939.577284076,4253746.03342443,-507957.571885965,3745788.46153846,182.692307692308,717.307692307692,276.538461538462,404.615384615385,738076.923076923,2173442.30769231,470115.384615385,364153.846153846,0,0,0,0,553.846153846154,0,0,553.846153846154,0,0,0,0,0,0,13.4615384615385,28.0769230769231,23.8461538461539,31.5384615384615,28.8461538461539,18.0769230769231,143.846153846154,14.6153846153846,0,0,0,0,0,0,0,0,79.6153846153846,16.9230769230769,0,0,0,0,0,0,0,32.3076923076923,0,0,0,0,0,0,0,0,0,0.384615384615385,16.3541666666667
4,0,0,0,92000,0,0,0,122000,0,0,0,34,1,300789,2,1,0,0,1,0,0,0,0,0,0,1,0,0,1,0,1,0,0,1,0,0,0,0,0,0,1,0,0,1,0,6,2,400,214000,92000,122000,0,0,0,92000,0,0,0,122000,0,0,0,67000,223200,0,1000,5000,0,0,0,278658.333333333,126966.315789474,405624.649122807,0,0,163000,163000,4732974,0,0,4732974,1379613.64912281,256608.541138597,105649.9561,362258.497238597,5095232.4972386,-476933.649122807,5949587.64912281,525258.497238597,6474846.1463614,-5572166.1463614,902680,91,91,87,43,376740,322140,147900,55900,0,0,0,0,1440,0,0,1440,0,3600,0,0,0,3600,167,91,0,0,8,0,266,48,0,0,0,0,0,7,10,0,182,11,0,0,0,0,0,0,0,0,0,0,0,0,0,0,0,0,0,8,28.2903225806452
